date,expiration,strike,type,bid,ask,mark,last,volume,open_interest,implied_volatility,delta,dte,spot
2025-06-30,2025-06-30,345.0,call,271.44,273.47,272.46,270.18,2,0,0.01488,1.0,0,617.85
2025-06-30,2025-06-30,350.0,call,266.44,268.49,267.47,263.21,0,5,0.01488,1.0,0,617.85
2025-06-30,2025-06-30,355.0,call,261.46,263.43,262.44,0.0,0,0,0.01488,1.0,0,617.85
2025-06-30,2025-06-30,360.0,call,256.46,258.49,257.48,255.91,100,0,0.01488,1.0,0,617.85
2025-06-30,2025-06-30,365.0,call,251.44,253.49,252.47,250.93,100,0,0.01488,1.0,0,617.85
2025-06-30,2025-06-30,370.0,call,246.44,248.49,247.47,162.79,0,0,0.01488,1.0,0,617.85
2025-06-30,2025-06-30,375.0,call,241.44,243.49,242.47,235.73,0,0,0.01488,1.0,0,617.85
2025-06-30,2025-06-30,380.0,call,236.46,238.47,237.47,200.19,0,0,0.01488,1.0,0,617.85
2025-06-30,2025-06-30,385.0,call,231.44,233.49,232.47,220.98,0,1,0.01488,1.0,0,617.85
2025-06-30,2025-06-30,390.0,call,226.11,228.49,227.3,210.9,0,0,0.01488,1.0,0,617.85
2025-06-30,2025-06-30,395.0,call,221.44,223.49,222.47,205.9,0,1,0.01488,1.0,0,617.85
2025-06-30,2025-06-30,400.0,call,216.44,218.49,217.47,211.3,0,15,0.01488,1.0,0,617.85
2025-06-30,2025-06-30,405.0,call,211.44,213.49,212.47,197.79,0,5,0.01488,1.0,0,617.85
2025-06-30,2025-06-30,410.0,call,206.44,208.49,207.47,206.4,1,1,0.01488,1.0,0,617.85
2025-06-30,2025-06-30,415.0,call,201.44,203.43,202.44,187.04,0,0,0.01488,1.0,0,617.85
2025-06-30,2025-06-30,420.0,call,196.44,198.43,197.44,171.5,0,0,0.01488,1.0,0,617.85
2025-06-30,2025-06-30,425.0,call,191.44,193.43,192.44,189.46,0,1,0.01488,1.0,0,617.85
2025-06-30,2025-06-30,430.0,call,186.44,188.43,187.44,172.31,0,2,0.01488,1.0,0,617.85
2025-06-30,2025-06-30,435.0,call,181.46,183.43,182.44,166.2,0,0,0.01488,1.0,0,617.85
2025-06-30,2025-06-30,440.0,call,176.44,178.49,177.47,171.16,0,3,0.01488,1.0,0,617.85
2025-06-30,2025-06-30,445.0,call,171.44,173.49,172.47,154.5,0,0,0.01488,1.0,0,617.85
2025-06-30,2025-06-30,450.0,call,166.44,168.43,167.44,161.03,0,0,0.01488,1.0,0,617.85
2025-06-30,2025-06-30,455.0,call,161.44,163.49,162.47,161.97,1,4,0.01488,1.0,0,617.85
2025-06-30,2025-06-30,460.0,call,156.44,158.43,157.44,158.8,1,4,0.01488,1.0,0,617.85
2025-06-30,2025-06-30,465.0,call,151.46,153.49,152.48,136.94,0,0,0.01488,1.0,0,617.85
2025-06-30,2025-06-30,470.0,call,146.46,148.49,147.48,140.48,0,1,0.01488,1.0,0,617.85
2025-06-30,2025-06-30,475.0,call,141.44,143.49,142.47,131.76,0,1,0.01488,1.0,0,617.85
2025-06-30,2025-06-30,480.0,call,136.46,138.49,137.48,121.0,0,0,0.01488,1.0,0,617.85
2025-06-30,2025-06-30,485.0,call,131.46,133.52,132.49,125.5,0,3,0.01488,1.0,0,617.85
2025-06-30,2025-06-30,490.0,call,126.46,128.52,127.49,126.55,50,1,0.01488,1.0,0,617.85
2025-06-30,2025-06-30,491.0,call,125.44,127.25,126.34,125.57,50,0,0.01488,1.0,0,617.85
2025-06-30,2025-06-30,492.0,call,124.46,126.52,125.49,105.72,0,0,0.01488,1.0,0,617.85
2025-06-30,2025-06-30,493.0,call,123.44,125.52,124.48,109.13,0,0,0.01488,1.0,0,617.85
2025-06-30,2025-06-30,494.0,call,122.44,124.47,123.45,108.11,0,0,0.01488,1.0,0,617.85
2025-06-30,2025-06-30,495.0,call,121.44,123.57,122.5,112.05,0,1,0.01488,1.0,0,617.85
2025-06-30,2025-06-30,496.0,call,120.44,122.58,121.51,106.14,0,0,0.01488,1.0,0,617.85
2025-06-30,2025-06-30,497.0,call,119.44,121.57,120.5,105.14,0,0,0.01488,1.0,0,617.85
2025-06-30,2025-06-30,498.0,call,118.44,120.57,119.5,104.13,0,0,0.01488,1.0,0,617.85
2025-06-30,2025-06-30,499.0,call,117.44,119.57,118.5,102.3,0,0,0.01488,1.0,0,617.85
2025-06-30,2025-06-30,500.0,call,116.44,118.57,117.5,116.62,17,17,0.01488,1.0,0,617.85
2025-06-30,2025-06-30,501.0,call,115.44,117.52,116.48,115.64,19,4,0.01488,1.0,0,617.85
2025-06-30,2025-06-30,502.0,call,114.46,116.57,115.51,99.7,0,0,0.01488,1.0,0,617.85
2025-06-30,2025-06-30,503.0,call,113.46,115.58,114.52,113.64,1,0,0.01488,1.0,0,617.85
2025-06-30,2025-06-30,504.0,call,112.44,114.58,113.51,112.66,1,0,0.01488,1.0,0,617.85
2025-06-30,2025-06-30,505.0,call,111.44,113.58,112.51,111.66,5,1,0.01488,1.0,0,617.85
2025-06-30,2025-06-30,506.0,call,110.39,112.58,111.48,110.68,5,0,0.01488,1.0,0,617.85
2025-06-30,2025-06-30,507.0,call,109.39,111.58,110.48,105.1,0,2,0.01488,1.0,0,617.85
2025-06-30,2025-06-30,508.0,call,108.44,110.57,109.5,104.16,0,2,0.01488,1.0,0,617.85
2025-06-30,2025-06-30,509.0,call,107.44,109.57,108.5,91.7,0,0,0.01488,1.0,0,617.85
2025-06-30,2025-06-30,510.0,call,106.44,108.57,107.5,106.01,26,17,0.01488,1.0,0,617.85
2025-06-30,2025-06-30,511.0,call,105.44,107.57,106.5,105.03,26,0,0.01488,1.0,0,617.85
2025-06-30,2025-06-30,512.0,call,104.36,106.45,105.41,86.24,0,0,0.01488,1.0,0,617.85
2025-06-30,2025-06-30,513.0,call,103.46,105.58,104.52,91.27,0,0,0.01488,1.0,0,617.85
2025-06-30,2025-06-30,514.0,call,102.46,104.55,103.5,83.65,0,0,0.01488,1.0,0,617.85
2025-06-30,2025-06-30,515.0,call,101.44,103.55,102.5,80.0,0,26,0.01488,1.0,0,617.85
2025-06-30,2025-06-30,516.0,call,100.44,102.55,101.5,85.4,0,0,0.01488,1.0,0,617.85
2025-06-30,2025-06-30,517.0,call,99.44,101.55,100.5,56.04,0,0,0.01488,1.0,0,617.85
2025-06-30,2025-06-30,518.0,call,98.46,100.55,99.5,98.05,0,2,0.01488,1.0,0,617.85
2025-06-30,2025-06-30,519.0,call,97.44,99.55,98.5,79.49,0,0,0.01488,1.0,0,617.85
2025-06-30,2025-06-30,520.0,call,96.34,98.6,97.47,96.73,84,158,0.01488,1.0,0,617.85
2025-06-30,2025-06-30,521.0,call,95.44,97.55,96.5,95.75,66,6,0.01488,1.0,0,617.85
2025-06-30,2025-06-30,522.0,call,94.44,96.55,95.5,76.34,0,1,0.01488,1.0,0,617.85
2025-06-30,2025-06-30,523.0,call,93.44,95.25,94.34,73.86,0,0,0.01488,1.0,0,617.85
2025-06-30,2025-06-30,524.0,call,92.46,94.55,93.5,85.0,0,2,0.01488,1.0,0,617.85
2025-06-30,2025-06-30,525.0,call,91.46,93.52,92.49,90.8,61,21,0.01488,1.0,0,617.85
2025-06-30,2025-06-30,526.0,call,90.46,92.55,91.5,90.53,60,1,0.01488,1.0,0,617.85
2025-06-30,2025-06-30,527.0,call,89.46,91.55,90.5,70.5,0,0,0.01488,1.0,0,617.85
2025-06-30,2025-06-30,528.0,call,88.44,90.45,89.44,82.75,0,7,0.01488,1.0,0,617.85
2025-06-30,2025-06-30,529.0,call,87.46,89.52,88.49,69.07,0,0,0.01488,1.0,0,617.85
2025-06-30,2025-06-30,530.0,call,86.44,88.55,87.5,81.51,0,3,0.01488,1.0,0,617.85
2025-06-30,2025-06-30,531.0,call,85.46,87.55,86.5,67.37,0,0,0.01488,1.0,0,617.85
2025-06-30,2025-06-30,532.0,call,84.44,86.55,85.5,66.08,0,18,0.01488,1.0,0,617.85
2025-06-30,2025-06-30,533.0,call,83.44,85.55,84.5,83.14,25,5,0.01488,1.0,0,617.85
2025-06-30,2025-06-30,534.0,call,82.46,84.55,83.5,82.16,25,0,0.01488,1.0,0,617.85
2025-06-30,2025-06-30,535.0,call,81.46,83.55,82.5,59.68,0,17,0.01488,1.0,0,617.85
2025-06-30,2025-06-30,536.0,call,80.44,82.55,81.5,81.02,60,5,0.01488,1.0,0,617.85
2025-06-30,2025-06-30,537.0,call,79.44,81.55,80.5,80.04,60,1,0.01488,1.0,0,617.85
2025-06-30,2025-06-30,538.0,call,78.44,80.45,79.44,77.79,29,1,0.01488,1.0,0,617.85
2025-06-30,2025-06-30,539.0,call,77.46,79.52,78.49,76.81,28,0,0.01488,1.0,0,617.85
2025-06-30,2025-06-30,540.0,call,76.23,78.52,77.38,77.57,46,118,0.01488,1.0,0,617.85
2025-06-30,2025-06-30,541.0,call,75.46,77.55,76.5,75.06,17,0,0.01488,1.0,0,617.85
2025-06-30,2025-06-30,542.0,call,74.44,76.52,75.48,66.53,0,4,0.01488,1.0,0,617.85
2025-06-30,2025-06-30,543.0,call,73.46,75.43,74.44,74.49,8,1,0.01488,1.0,0,617.85
2025-06-30,2025-06-30,544.0,call,72.46,74.55,73.5,73.04,7,1,0.01488,1.0,0,617.85
2025-06-30,2025-06-30,545.0,call,71.44,73.55,72.5,62.07,0,18,0.01488,1.0,0,617.85
2025-06-30,2025-06-30,546.0,call,70.44,72.45,71.44,70.0,0,27,0.01488,1.0,0,617.85
2025-06-30,2025-06-30,547.0,call,69.44,71.43,70.44,70.0,1,2,0.01488,1.0,0,617.85
2025-06-30,2025-06-30,548.0,call,68.46,70.45,69.45,69.53,24,3,0.01488,1.0,0,617.85
2025-06-30,2025-06-30,549.0,call,67.44,69.45,68.44,68.13,24,16,0.01488,1.0,0,617.85
2025-06-30,2025-06-30,550.0,call,66.46,68.52,67.49,67.91,38,74,0.01488,1.0,0,617.85
2025-06-30,2025-06-30,551.0,call,65.46,67.52,66.49,65.11,8,0,0.01488,1.0,0,617.85
2025-06-30,2025-06-30,552.0,call,64.46,66.55,65.5,63.62,1,1,0.01488,1.0,0,617.85
2025-06-30,2025-06-30,553.0,call,63.44,65.55,64.5,62.64,1,2,0.01488,1.0,0,617.85
2025-06-30,2025-06-30,554.0,call,62.39,64.3,63.34,42.22,0,4,0.01488,1.0,0,617.85
2025-06-30,2025-06-30,555.0,call,61.47,63.6,62.53,64.43,4,44,0.01488,1.0,0,617.85
2025-06-30,2025-06-30,556.0,call,60.5,62.37,61.44,60.49,1,5,0.01488,1.0,0,617.85
2025-06-30,2025-06-30,557.0,call,59.41,61.36,60.38,60.95,11,4,0.01488,1.0,0,617.85
2025-06-30,2025-06-30,558.0,call,58.59,60.36,59.48,52.73,0,4,0.01488,1.0,0,617.85
2025-06-30,2025-06-30,559.0,call,57.37,59.37,58.37,58.63,9,9,0.01488,1.0,0,617.85
2025-06-30,2025-06-30,560.0,call,56.26,58.6,57.43,57.47,8,100,0.01488,1.0,0,617.85
2025-06-30,2025-06-30,561.0,call,55.37,57.55,56.46,44.68,0,0,0.01488,1.0,0,617.85
2025-06-30,2025-06-30,562.0,call,54.31,56.57,55.44,55.03,1,117,0.01488,1.0,0,617.85
2025-06-30,2025-06-30,563.0,call,53.5,55.37,54.44,36.62,0,282,0.01488,1.0,0,617.85
2025-06-30,2025-06-30,564.0,call,52.52,54.36,53.44,52.7,1,984,0.01488,1.0,0,617.85
2025-06-30,2025-06-30,565.0,call,51.56,53.3,52.43,52.85,16,879,0.01488,1.0,0,617.85
2025-06-30,2025-06-30,566.0,call,50.31,52.31,51.31,51.67,100,684,0.01488,1.0,0,617.85
2025-06-30,2025-06-30,567.0,call,49.26,51.52,50.39,50.9,22,908,0.01488,1.0,0,617.85
2025-06-30,2025-06-30,568.0,call,48.13,50.37,49.25,49.63,1,1224,0.01488,1.0,0,617.85
2025-06-30,2025-06-30,569.0,call,47.11,49.52,48.31,46.75,10,1151,0.01488,1.0,0,617.85
2025-06-30,2025-06-30,570.0,call,46.41,48.51,47.46,47.84,45,4065,0.01488,1.0,0,617.85
2025-06-30,2025-06-30,571.0,call,45.37,47.52,46.45,46.79,18,498,0.01488,1.0,0,617.85
2025-06-30,2025-06-30,572.0,call,44.37,46.45,45.41,46.65,135,1106,0.01488,1.0,0,617.85
2025-06-30,2025-06-30,573.0,call,43.37,45.47,44.42,42.97,25,663,0.01488,1.0,0,617.85
2025-06-30,2025-06-30,574.0,call,42.36,44.52,43.44,42.6,56,658,0.01488,1.0,0,617.85
2025-06-30,2025-06-30,575.0,call,41.6,43.52,42.56,43.66,153,1535,0.01488,1.0,0,617.85
2025-06-30,2025-06-30,576.0,call,40.35,42.5,41.42,42.0,18,1430,0.01488,1.0,0,617.85
2025-06-30,2025-06-30,577.0,call,39.55,41.19,40.37,41.66,7,934,0.01488,1.0,0,617.85
2025-06-30,2025-06-30,578.0,call,38.26,40.59,39.42,37.96,1,1083,0.01488,1.0,0,617.85
2025-06-30,2025-06-30,579.0,call,37.22,39.36,38.29,38.92,50,748,0.01488,1.0,0,617.85
2025-06-30,2025-06-30,580.0,call,36.35,38.52,37.44,38.81,214,5286,0.01488,1.0,0,617.85
2025-06-30,2025-06-30,581.0,call,35.37,37.52,36.45,37.0,96,804,0.01488,1.0,0,617.85
2025-06-30,2025-06-30,582.0,call,34.5,36.52,35.51,35.39,55,720,0.01488,1.0,0,617.85
2025-06-30,2025-06-30,583.0,call,33.44,35.36,34.4,35.13,23,334,0.01488,1.0,0,617.85
2025-06-30,2025-06-30,584.0,call,32.41,34.52,33.47,33.8,8,747,0.01488,1.0,0,617.85
2025-06-30,2025-06-30,585.0,call,31.23,33.3,32.27,33.13,104,6037,0.01488,1.0,0,617.85
2025-06-30,2025-06-30,586.0,call,30.6,32.52,31.56,32.1,91,922,0.01488,1.0,0,617.85
2025-06-30,2025-06-30,587.0,call,29.4,31.52,30.46,30.61,18597,18952,0.01488,1.0,0,617.85
2025-06-30,2025-06-30,588.0,call,28.35,30.36,29.36,30.39,122,2563,0.01488,1.0,0,617.85
2025-06-30,2025-06-30,589.0,call,27.44,29.3,28.37,28.0,180,2576,0.01488,1.0,0,617.85
2025-06-30,2025-06-30,590.0,call,26.39,28.38,27.38,28.15,673,22071,0.01488,1.0,0,617.85
2025-06-30,2025-06-30,591.0,call,25.47,27.36,26.41,26.67,117,828,0.01488,1.0,0,617.85
2025-06-30,2025-06-30,592.0,call,24.46,26.43,25.45,26.11,83,1610,0.01488,1.0,0,617.85
2025-06-30,2025-06-30,593.0,call,23.51,25.43,24.47,24.73,73,1942,0.01488,1.0,0,617.85
2025-06-30,2025-06-30,594.0,call,22.46,24.52,23.49,23.84,179,980,0.01488,1.0,0,617.85
2025-06-30,2025-06-30,595.0,call,21.46,23.43,22.45,22.83,470,6203,0.01488,1.0,0,617.85
2025-06-30,2025-06-30,596.0,call,20.46,22.52,21.49,21.88,211,2580,0.01488,1.0,0,617.85
2025-06-30,2025-06-30,597.0,call,20.11,21.43,20.77,21.49,224,2806,0.01488,1.0,0,617.85
2025-06-30,2025-06-30,598.0,call,18.28,20.55,19.41,20.57,183,3482,0.01488,1.0,0,617.85
2025-06-30,2025-06-30,599.0,call,17.28,19.52,18.4,18.56,841,2937,0.01488,1.0,0,617.85
2025-06-30,2025-06-30,600.0,call,16.64,18.57,17.61,17.84,2206,19649,0.01488,1.0,0,617.85
2025-06-30,2025-06-30,601.0,call,15.46,17.52,16.49,17.79,464,4596,0.01488,1.0,0,617.85
2025-06-30,2025-06-30,602.0,call,14.52,16.6,15.56,15.91,330,2070,0.01488,1.0,0,617.85
2025-06-30,2025-06-30,603.0,call,13.5,15.6,14.55,14.8,501,2598,0.01488,1.0,0,617.85
2025-06-30,2025-06-30,604.0,call,12.79,14.47,13.63,13.79,432,3181,0.01488,1.0,0,617.85
2025-06-30,2025-06-30,605.0,call,12.0,13.29,12.64,12.71,2373,24690,0.01488,1.0,0,617.85
2025-06-30,2025-06-30,606.0,call,10.71,12.47,11.59,11.91,713,3259,0.01488,1.0,0,617.85
2025-06-30,2025-06-30,607.0,call,9.75,11.52,10.63,10.9,1525,5692,0.01488,1.0,0,617.85
2025-06-30,2025-06-30,608.0,call,8.46,10.49,9.48,9.33,2041,4644,0.01488,1.0,0,617.85
2025-06-30,2025-06-30,609.0,call,7.44,9.55,8.5,8.73,4377,4059,0.01488,1.0,0,617.85
2025-06-30,2025-06-30,610.0,call,6.46,8.29,7.38,7.63,13418,12098,0.01488,1.0,0,617.85
2025-06-30,2025-06-30,611.0,call,5.51,7.24,6.38,6.66,7539,7229,0.01488,1.0,0,617.85
2025-06-30,2025-06-30,612.0,call,4.82,6.21,5.52,5.21,9811,8963,0.01488,1.0,0,617.85
2025-06-30,2025-06-30,613.0,call,3.96,5.25,4.61,4.45,17245,9784,0.01488,1.0,0,617.85
2025-06-30,2025-06-30,614.0,call,2.49,4.25,3.37,3.26,32689,13130,0.01488,1.0,0,617.85
2025-06-30,2025-06-30,615.0,call,1.31,3.35,2.33,2.3,86845,23631,0.01488,1.0,0,617.85
2025-06-30,2025-06-30,616.0,call,0.79,1.5,1.15,1.29,354399,15839,0.01488,0.99997,0,617.85
2025-06-30,2025-06-30,616.0,put,0.01,0.02,0.01,0.02,526767,3605,0.03439,-0.04157,0,617.85
2025-06-30,2025-06-30,617.0,call,0.4,0.45,0.43,0.41,585368,8805,0.01488,0.97261,0,617.85
2025-06-30,2025-06-30,617.0,put,0.07,0.08,0.08,0.07,351534,921,0.02463,-0.12295,0,617.85
2025-06-30,2025-06-30,618.0,call,0.02,0.03,0.03,0.02,436700,9762,0.01488,0.43684,0,617.85
2025-06-30,2025-06-30,618.0,put,0.62,0.72,0.67,0.72,98719,511,0.04415,-0.52096,0,617.85
2025-06-30,2025-06-30,619.0,call,0.01,0.02,0.01,0.02,274085,9593,0.01488,0.0127,0,617.85
2025-06-30,2025-06-30,619.0,put,1.6,1.71,1.66,1.73,33697,288,0.08317,-0.65459,0,617.85
2025-06-30,2025-06-30,620.0,put,1.77,2.77,2.27,2.83,13740,376,0.06366,-0.84262,0,617.85
2025-06-30,2025-06-30,621.0,put,2.76,4.38,3.57,3.31,5542,35,0.12219,-0.78035,0,617.85
2025-06-30,2025-06-30,622.0,put,3.76,5.38,4.57,4.22,2630,15,0.1417,-0.81134,0,617.85
2025-06-30,2025-06-30,623.0,put,4.43,6.39,5.41,4.57,1160,11,0.1417,-0.86421,0,617.85
2025-06-30,2025-06-30,624.0,put,5.61,7.41,6.51,6.29,1865,35,0.18073,-0.84844,0,617.85
2025-06-30,2025-06-30,625.0,put,6.48,8.39,7.44,7.23,203,7,0.19048,-0.87226,0,617.85
2025-06-30,2025-06-30,626.0,put,7.4,9.72,8.56,8.81,174,4,0.21975,-0.86933,0,617.85
2025-06-30,2025-06-30,627.0,put,8.43,10.41,9.42,10.6,35,1,0.21975,-0.89653,0,617.85
2025-06-30,2025-06-30,628.0,put,9.38,11.41,10.39,11.74,25,1,0.22951,-0.90996,0,617.85
2025-06-30,2025-06-30,629.0,put,10.37,12.41,11.39,11.65,61,2,0.24902,-0.91254,0,617.85
2025-06-30,2025-06-30,630.0,put,11.37,13.64,12.5,14.24,17,32,0.28804,-0.89907,0,617.85
2025-06-30,2025-06-30,631.0,put,12.37,14.41,13.39,14.59,7,1,0.27829,-0.9237,0,617.85
2025-06-30,2025-06-30,632.0,put,13.37,15.41,14.39,14.35,20,0,0.2978,-0.92468,0,617.85
2025-06-30,2025-06-30,633.0,put,14.39,16.41,15.4,16.66,4,6,0.31731,-0.9255,0,617.85
2025-06-30,2025-06-30,634.0,put,15.37,17.68,16.52,16.3,16,0,0.35633,-0.91431,0,617.85
2025-06-30,2025-06-30,635.0,put,16.37,18.69,17.53,18.88,20,0,0.37584,-0.91557,0,617.85
2025-06-30,2025-06-30,636.0,put,17.37,19.41,18.39,0.0,0,0,0.35633,-0.93781,0,617.85
2025-06-30,2025-06-30,637.0,put,18.37,20.41,19.39,20.66,3,1,0.37584,-0.9377,0,617.85
2025-06-30,2025-06-30,638.0,put,19.37,21.41,20.39,21.4,2,0,0.3856,-0.94227,0,617.85
2025-06-30,2025-06-30,639.0,put,20.37,22.72,21.55,22.65,2,0,0.44414,-0.9238,0,617.85
2025-06-30,2025-06-30,640.0,put,21.37,23.66,22.52,0.0,0,0,0.45389,-0.92863,0,617.85
2025-06-30,2025-06-30,641.0,put,22.37,24.41,23.39,0.0,0,0,0.43438,-0.94534,0,617.85
2025-06-30,2025-06-30,642.0,put,23.37,25.66,24.52,25.58,1,0,0.48316,-0.93304,0,617.85
2025-06-30,2025-06-30,643.0,put,24.37,26.77,25.57,26.38,17,0,0.51243,-0.92918,0,617.85
2025-06-30,2025-06-30,644.0,put,25.3,27.74,26.52,0.0,0,0,0.51243,-0.9367,0,617.85
2025-06-30,2025-06-30,645.0,put,26.3,28.45,27.38,0.0,0,0,0.48316,-0.95383,0,617.85
2025-06-30,2025-06-30,646.0,put,27.3,29.74,28.52,0.0,0,0,0.54169,-0.93979,0,617.85
2025-06-30,2025-06-30,647.0,put,28.3,30.8,29.55,0.0,0,0,0.56121,-0.93951,0,617.85
2025-06-30,2025-06-30,648.0,put,29.3,31.41,30.36,0.0,0,0,0.52218,-0.95775,0,617.85
2025-06-30,2025-06-30,649.0,put,30.8,32.59,31.7,0.0,0,0,0.6295,-0.92959,0,617.85
2025-06-30,2025-06-30,650.0,put,31.3,33.41,32.35,0.0,0,0,0.54169,-0.9617,0,617.85
2025-06-30,2025-06-30,651.0,put,32.3,34.54,33.42,0.0,0,0,0.58072,-0.95547,0,617.85
2025-06-30,2025-06-30,652.0,put,33.3,35.6,34.45,0.0,0,0,0.60999,-0.95208,0,617.85
2025-06-30,2025-06-30,653.0,put,34.3,36.61,35.45,0.0,0,0,0.61974,-0.95409,0,617.85
2025-06-30,2025-06-30,654.0,put,35.3,37.54,36.42,0.0,0,0,0.61974,-0.95845,0,617.85
2025-06-30,2025-06-30,655.0,put,36.3,38.45,37.38,0.0,0,0,0.61974,-0.96247,0,617.85
2025-06-30,2025-06-30,656.0,put,37.3,39.54,38.42,0.0,0,0,0.64901,-0.95936,0,617.85
2025-06-30,2025-06-30,657.0,put,38.3,40.6,39.45,0.0,0,0,0.67828,-0.95631,0,617.85
2025-06-30,2025-06-30,658.0,put,39.3,41.61,40.45,0.0,0,0,0.68803,-0.95791,0,617.85
2025-06-30,2025-06-30,659.0,put,40.3,42.74,41.52,0.0,0,0,0.72706,-0.95275,0,617.85
2025-06-30,2025-06-30,660.0,put,41.3,43.41,42.35,0.0,0,0,0.67828,-0.96695,0,617.85
2025-06-30,2025-06-30,661.0,put,42.3,44.45,43.38,0.0,0,0,0.69779,-0.96614,0,617.85
2025-06-30,2025-06-30,662.0,put,43.3,45.6,44.45,0.0,0,0,0.74657,-0.95939,0,617.85
2025-06-30,2025-06-30,663.0,put,44.3,46.6,45.45,0.0,0,0,0.75632,-0.96069,0,617.85
2025-06-30,2025-06-30,664.0,put,45.3,47.59,46.45,0.0,0,0,0.76608,-0.96193,0,617.85
2025-06-30,2025-06-30,665.0,put,46.3,48.54,47.42,0.0,0,0,0.76608,-0.96493,0,617.85
2025-06-30,2025-06-30,666.0,put,47.3,49.54,48.42,0.0,0,0,0.78559,-0.96419,0,617.85
2025-06-30,2025-06-30,667.0,put,48.3,50.78,49.54,0.0,0,0,0.84413,-0.95615,0,617.85
2025-06-30,2025-06-30,668.0,put,49.3,51.54,50.42,0.0,0,0,0.8051,-0.96623,0,617.85
2025-06-30,2025-06-30,669.0,put,50.3,52.74,51.52,0.0,0,0,0.86364,-0.95857,0,617.85
2025-06-30,2025-06-30,670.0,put,51.3,53.45,52.38,0.0,0,0,0.81486,-0.96966,0,617.85
2025-06-30,2025-06-30,671.0,put,52.3,54.41,53.35,0.0,0,0,0.81486,-0.97198,0,617.85
2025-06-30,2025-06-30,672.0,put,53.3,55.59,54.45,0.0,0,0,0.87339,-0.96503,0,617.85
2025-06-30,2025-06-30,673.0,put,54.3,56.6,55.45,0.0,0,0,0.88315,-0.96592,0,617.85
2025-06-30,2025-06-30,674.0,put,55.3,57.45,56.38,0.0,0,0,0.86364,-0.97122,0,617.85
2025-06-30,2025-06-30,675.0,put,56.3,58.74,57.52,0.0,0,0,0.94168,-0.96145,0,617.85
2025-06-30,2025-06-30,676.0,put,57.3,59.41,58.35,0.0,0,0,0.87339,-0.97394,0,617.85
2025-06-30,2025-06-30,677.0,put,58.3,60.41,59.35,0.0,0,0,0.88315,-0.97454,0,617.85
2025-06-30,2025-06-30,678.0,put,59.3,61.45,60.38,0.0,0,0,0.91242,-0.9725,0,617.85
2025-06-30,2025-06-30,679.0,put,60.3,62.45,61.38,0.0,0,0,0.92217,-0.97311,0,617.85
2025-06-30,2025-06-30,680.0,put,61.3,63.45,62.38,0.0,0,0,0.94168,-0.97241,0,617.85
2025-06-30,2025-06-30,681.0,put,62.3,64.41,63.35,0.0,0,0,0.93193,-0.97548,0,617.85
2025-06-30,2025-06-30,682.0,put,63.3,65.54,64.42,0.0,0,0,0.98071,-0.97105,0,617.85
2025-06-30,2025-06-30,683.0,put,64.3,66.54,65.42,0.0,0,0,0.99046,-0.97164,0,617.85
2025-06-30,2025-06-30,684.0,put,65.3,67.54,66.42,0.0,0,0,1.00998,-0.97098,0,617.85
2025-06-30,2025-06-30,685.0,put,66.3,68.6,67.45,0.0,0,0,1.02949,-0.97032,0,617.85
2025-06-30,2025-06-30,686.0,put,67.3,69.41,68.35,0.0,0,0,0.99046,-0.97671,0,617.85
2025-06-30,2025-06-30,687.0,put,68.3,70.79,69.55,0.0,0,0,1.09778,-0.96528,0,617.85
2025-06-30,2025-06-30,688.0,put,69.3,71.54,70.42,0.0,0,0,1.05875,-0.97198,0,617.85
2025-06-30,2025-06-30,689.0,put,70.3,72.74,71.52,0.0,0,0,1.10753,-0.96778,0,617.85
2025-06-30,2025-06-30,690.0,put,71.3,73.74,72.52,0.0,0,0,1.12705,-0.96717,0,617.85
2025-06-30,2025-06-30,695.0,put,76.3,78.6,77.45,0.0,0,0,1.14656,-0.97311,0,617.85
2025-06-30,2025-06-30,700.0,put,81.3,83.74,82.52,0.0,0,0,1.24412,-0.97012,0,617.85
2025-06-30,2025-06-30,705.0,put,86.3,88.72,87.51,0.0,0,0,1.2929,-0.97221,0,617.85
2025-06-30,2025-06-30,710.0,put,91.3,93.74,92.52,0.0,0,0,1.36119,-0.97218,0,617.85
2025-06-30,2025-06-30,715.0,put,96.3,98.74,97.52,0.0,0,0,1.41972,-0.97298,0,617.85
2025-06-30,2025-06-30,720.0,put,101.3,103.41,102.35,0.0,0,0,1.37094,-0.9819,0,617.85
2025-06-30,2025-06-30,725.0,put,106.3,108.54,107.42,0.0,0,0,1.4685,-0.97936,0,617.85
2025-06-30,2025-06-30,730.0,put,111.3,113.61,112.45,0.0,0,0,1.54655,-0.97823,0,617.85
2025-06-30,2025-06-30,735.0,put,116.3,118.74,117.52,118.24,12,0,1.63435,-0.97645,0,617.85
2025-06-30,2025-07-01,450.0,call,166.03,168.28,167.16,165.93,0,1,0.01488,1.0,1,617.85
2025-06-30,2025-07-01,455.0,call,161.03,163.28,162.16,142.94,0,1,0.01488,1.0,1,617.85
2025-06-30,2025-07-01,460.0,call,156.03,158.3,157.17,0.0,0,0,0.01488,1.0,1,617.85
2025-06-30,2025-07-01,465.0,call,151.03,153.3,152.17,0.0,0,0,0.01488,1.0,1,617.85
2025-06-30,2025-07-01,470.0,call,146.03,148.3,147.17,0.0,0,0,0.01488,1.0,1,617.85
2025-06-30,2025-07-01,475.0,call,141.03,143.3,142.17,0.0,0,0,0.01488,1.0,1,617.85
2025-06-30,2025-07-01,480.0,call,136.03,138.3,137.17,118.02,0,1,0.01488,1.0,1,617.85
2025-06-30,2025-07-01,485.0,call,131.03,133.3,132.17,0.0,0,0,0.01488,1.0,1,617.85
2025-06-30,2025-07-01,490.0,call,126.03,128.3,127.17,0.0,0,0,0.01488,1.0,1,617.85
2025-06-30,2025-07-01,495.0,call,121.03,123.3,122.16,0.0,0,0,0.01488,1.0,1,617.85
2025-06-30,2025-07-01,500.0,call,116.03,118.29,117.16,116.54,2,21,0.01488,1.0,1,617.85
2025-06-30,2025-07-01,505.0,call,111.03,113.29,112.16,0.0,0,0,0.01488,1.0,1,617.85
2025-06-30,2025-07-01,510.0,call,106.03,108.29,107.16,0.0,0,0,0.01488,1.0,1,617.85
2025-06-30,2025-07-01,515.0,call,101.03,103.31,102.17,83.12,0,0,0.01488,1.0,1,617.85
2025-06-30,2025-07-01,520.0,call,96.03,98.31,97.17,0.0,0,0,0.01488,1.0,1,617.85
2025-06-30,2025-07-01,525.0,call,91.03,93.31,92.17,73.27,0,0,0.01488,1.0,1,617.85
2025-06-30,2025-07-01,530.0,call,86.03,88.31,87.17,85.98,0,1,0.01488,1.0,1,617.85
2025-06-30,2025-07-01,535.0,call,81.03,83.31,82.17,0.0,0,0,0.01488,1.0,1,617.85
2025-06-30,2025-07-01,540.0,call,76.03,78.3,77.16,67.7,0,1,0.01488,1.0,1,617.85
2025-06-30,2025-07-01,545.0,call,71.03,73.3,72.16,53.44,0,2,0.01488,1.0,1,617.85
2025-06-30,2025-07-01,550.0,call,66.03,68.32,67.17,68.9,10,50,0.01488,1.0,1,617.85
2025-06-30,2025-07-01,550.0,put,0.01,0.02,0.01,0.01,8256,752,0.74657,-0.00135,1,617.85
2025-06-30,2025-07-01,555.0,call,62.27,62.53,62.4,40.31,0,138,0.01488,1.0,1,617.85
2025-06-30,2025-07-01,560.0,call,56.04,58.32,57.18,56.89,5,49,0.01488,1.0,1,617.85
2025-06-30,2025-07-01,560.0,put,0.01,0.02,0.01,0.02,407,415,0.63925,-0.00155,1,617.85
2025-06-30,2025-07-01,565.0,call,51.04,53.32,52.18,30.34,0,3,0.01488,1.0,1,617.85
2025-06-30,2025-07-01,565.0,put,0.01,0.02,0.01,0.02,3,770,0.59047,-0.00179,1,617.85
2025-06-30,2025-07-01,570.0,call,46.04,48.32,47.18,47.76,302,13,0.01488,1.0,1,617.85
2025-06-30,2025-07-01,570.0,put,0.01,0.02,0.01,0.02,32,817,0.54169,-0.00211,1,617.85
2025-06-30,2025-07-01,571.0,call,45.04,47.32,46.18,27.99,0,2,0.01488,1.0,1,617.85
2025-06-30,2025-07-01,571.0,put,0.01,0.02,0.01,0.02,12,435,0.52218,-0.00185,1,617.85
2025-06-30,2025-07-01,572.0,call,44.04,46.32,45.18,37.84,0,36,0.01488,1.0,1,617.85
2025-06-30,2025-07-01,572.0,put,0.01,0.02,0.01,0.01,883,402,0.51243,-0.00191,1,617.85
2025-06-30,2025-07-01,573.0,call,43.04,45.31,44.17,0.0,0,0,0.01488,1.0,1,617.85
2025-06-30,2025-07-01,573.0,put,0.01,0.02,0.01,0.01,1142,163,0.50267,-0.00198,1,617.85
2025-06-30,2025-07-01,574.0,call,42.04,44.33,43.19,39.85,0,1,0.01488,1.0,1,617.85
2025-06-30,2025-07-01,574.0,put,0.01,0.02,0.01,0.01,349,499,0.49292,-0.00205,1,617.85
2025-06-30,2025-07-01,575.0,call,41.04,43.33,42.19,21.01,0,4,0.01488,1.0,1,617.85
2025-06-30,2025-07-01,575.0,put,0.01,0.02,0.01,0.01,1421,1194,0.48316,-0.00212,1,617.85
2025-06-30,2025-07-01,576.0,call,40.04,42.31,41.17,42.28,2,5,0.01488,1.0,1,617.85
2025-06-30,2025-07-01,576.0,put,0.01,0.02,0.01,0.01,1405,352,0.4734,-0.0022,1,617.85
2025-06-30,2025-07-01,577.0,call,39.04,41.33,40.19,0.0,0,0,0.01488,1.0,1,617.85
2025-06-30,2025-07-01,577.0,put,0.01,0.02,0.01,0.02,511,581,0.46365,-0.00229,1,617.85
2025-06-30,2025-07-01,578.0,call,38.04,40.33,39.19,37.48,0,4,0.01488,1.0,1,617.85
2025-06-30,2025-07-01,578.0,put,0.01,0.02,0.01,0.02,39,940,0.45389,-0.00238,1,617.85
2025-06-30,2025-07-01,579.0,call,37.04,39.31,38.17,37.28,0,3,0.01488,1.0,1,617.85
2025-06-30,2025-07-01,579.0,put,0.01,0.02,0.01,0.03,351,3582,0.44414,-0.00247,1,617.85
2025-06-30,2025-07-01,580.0,call,36.04,38.31,37.17,36.33,12,19,0.01488,1.0,1,617.85
2025-06-30,2025-07-01,580.0,put,0.01,0.02,0.01,0.02,249,1631,0.43438,-0.00258,1,617.85
2025-06-30,2025-07-01,581.0,call,35.04,37.32,36.18,37.01,8,1,0.01488,1.0,1,617.85
2025-06-30,2025-07-01,581.0,put,0.01,0.02,0.01,0.01,115,1705,0.42462,-0.00269,1,617.85
2025-06-30,2025-07-01,582.0,call,34.04,36.33,35.19,34.51,4,35,0.01488,1.0,1,617.85
2025-06-30,2025-07-01,582.0,put,0.01,0.02,0.01,0.01,211,1554,0.40511,-0.00229,1,617.85
2025-06-30,2025-07-01,583.0,call,33.04,35.33,34.19,34.28,1,26,0.01488,1.0,1,617.85
2025-06-30,2025-07-01,583.0,put,0.01,0.02,0.01,0.02,392,3524,0.39536,-0.00239,1,617.85
2025-06-30,2025-07-01,584.0,call,32.04,34.33,33.19,32.46,3,5,0.01488,1.0,1,617.85
2025-06-30,2025-07-01,584.0,put,0.01,0.02,0.01,0.02,150,1105,0.3856,-0.0025,1,617.85
2025-06-30,2025-07-01,585.0,call,31.04,33.33,32.19,31.48,5,27,0.01488,1.0,1,617.85
2025-06-30,2025-07-01,585.0,put,0.01,0.02,0.01,0.02,3125,1144,0.37584,-0.00261,1,617.85
2025-06-30,2025-07-01,586.0,call,30.04,32.33,31.18,30.68,7,7,0.01488,1.0,1,617.85
2025-06-30,2025-07-01,586.0,put,0.01,0.02,0.01,0.01,413,686,0.36609,-0.00274,1,617.85
2025-06-30,2025-07-01,587.0,call,29.06,31.33,30.2,29.36,3,10,0.01488,1.0,1,617.85
2025-06-30,2025-07-01,587.0,put,0.01,0.02,0.01,0.01,564,1057,0.35633,-0.00287,1,617.85
2025-06-30,2025-07-01,588.0,call,28.06,30.33,29.2,28.77,1,18,0.01488,1.0,1,617.85
2025-06-30,2025-07-01,588.0,put,0.01,0.02,0.01,0.02,202,949,0.34658,-0.00302,1,617.85
2025-06-30,2025-07-01,589.0,call,27.06,29.33,28.2,28.93,6,27,0.01488,1.0,1,617.85
2025-06-30,2025-07-01,589.0,put,0.02,0.03,0.03,0.02,100,1417,0.37584,-0.00721,1,617.85
2025-06-30,2025-07-01,590.0,call,27.31,27.54,27.42,27.48,27,254,0.01488,1.0,1,617.85
2025-06-30,2025-07-01,590.0,put,0.02,0.03,0.03,0.02,2258,2588,0.36609,-0.0077,1,617.85
2025-06-30,2025-07-01,591.0,call,26.29,26.54,26.41,26.86,7,256,0.01488,1.0,1,617.85
2025-06-30,2025-07-01,591.0,put,0.02,0.03,0.03,0.01,44,1848,0.35633,-0.00825,1,617.85
2025-06-30,2025-07-01,592.0,call,24.4,25.54,24.97,25.94,3,580,0.01488,1.0,1,617.85
2025-06-30,2025-07-01,592.0,put,0.02,0.03,0.03,0.02,627,1192,0.34658,-0.00886,1,617.85
2025-06-30,2025-07-01,593.0,call,23.6,24.54,24.07,22.96,2,1214,0.01488,1.0,1,617.85
2025-06-30,2025-07-01,593.0,put,0.02,0.03,0.03,0.02,723,871,0.32707,-0.0079,1,617.85
2025-06-30,2025-07-01,594.0,call,22.7,23.53,23.12,24.23,13,1079,0.01488,1.0,1,617.85
2025-06-30,2025-07-01,594.0,put,0.02,0.03,0.03,0.02,221,997,0.31731,-0.00852,1,617.85
2025-06-30,2025-07-01,595.0,call,22.29,22.53,22.41,23.7,63,1875,0.01488,1.0,1,617.85
2025-06-30,2025-07-01,595.0,put,0.02,0.03,0.03,0.03,3244,3562,0.30755,-0.00923,1,617.85
2025-06-30,2025-07-01,596.0,call,21.28,21.55,21.41,21.73,116,766,0.01488,1.0,1,617.85
2025-06-30,2025-07-01,596.0,put,0.02,0.03,0.03,0.03,2525,6084,0.2978,-0.01003,1,617.85
2025-06-30,2025-07-01,597.0,call,20.31,20.54,20.42,21.17,24,686,0.01488,1.0,1,617.85
2025-06-30,2025-07-01,597.0,put,0.02,0.03,0.03,0.02,1588,2067,0.27829,-0.00884,1,617.85
2025-06-30,2025-07-01,598.0,call,18.59,19.53,19.06,19.46,18,1220,0.01488,1.0,1,617.85
2025-06-30,2025-07-01,598.0,put,0.02,0.03,0.03,0.02,859,5737,0.26853,-0.00967,1,617.85
2025-06-30,2025-07-01,599.0,call,18.32,18.55,18.44,18.62,73,857,0.01488,1.0,1,617.85
2025-06-30,2025-07-01,599.0,put,0.02,0.03,0.03,0.03,888,1091,0.25877,-0.01064,1,617.85
2025-06-30,2025-07-01,600.0,call,16.41,17.55,16.98,17.88,403,1273,0.01488,1.0,1,617.85
2025-06-30,2025-07-01,600.0,put,0.02,0.03,0.03,0.03,5021,5794,0.24902,-0.01176,1,617.85
2025-06-30,2025-07-01,601.0,call,16.32,16.56,16.44,17.14,54,274,0.01488,1.0,1,617.85
2025-06-30,2025-07-01,601.0,put,0.03,0.04,0.04,0.03,2678,1130,0.23926,-0.01309,1,617.85
2025-06-30,2025-07-01,602.0,call,15.32,15.56,15.44,15.98,83,353,0.01488,1.0,1,617.85
2025-06-30,2025-07-01,602.0,put,0.03,0.04,0.04,0.04,1874,2567,0.22951,-0.01466,1,617.85
2025-06-30,2025-07-01,603.0,call,13.72,14.56,14.14,14.64,94,790,0.01488,1.0,1,617.85
2025-06-30,2025-07-01,603.0,put,0.04,0.05,0.04,0.05,2698,2004,0.21975,-0.01654,1,617.85
2025-06-30,2025-07-01,604.0,call,13.33,13.57,13.45,14.38,56,341,0.01488,1.0,1,617.85
2025-06-30,2025-07-01,604.0,put,0.04,0.05,0.04,0.04,1988,5987,0.21,-0.01881,1,617.85
2025-06-30,2025-07-01,605.0,call,12.4,12.54,12.47,12.49,212,932,0.01488,1.0,1,617.85
2025-06-30,2025-07-01,605.0,put,0.05,0.06,0.06,0.05,3654,5428,0.20024,-0.0216,1,617.85
2025-06-30,2025-07-01,606.0,call,11.41,11.55,11.48,11.84,342,901,0.01488,1.0,1,617.85
2025-06-30,2025-07-01,606.0,put,0.06,0.07,0.07,0.07,3584,2263,0.20024,-0.03114,1,617.85
2025-06-30,2025-07-01,607.0,call,10.42,10.56,10.49,10.9,422,1594,0.01488,1.0,1,617.85
2025-06-30,2025-07-01,607.0,put,0.07,0.08,0.08,0.08,8765,3044,0.19048,-0.03642,1,617.85
2025-06-30,2025-07-01,608.0,call,9.44,9.58,9.51,9.77,355,1761,0.01488,1.0,1,617.85
2025-06-30,2025-07-01,608.0,put,0.09,0.1,0.1,0.09,19839,4409,0.18073,-0.04307,1,617.85
2025-06-30,2025-07-01,609.0,call,8.46,8.6,8.53,8.92,627,1292,0.01488,1.0,1,617.85
2025-06-30,2025-07-01,609.0,put,0.12,0.13,0.12,0.12,14904,3767,0.17097,-0.05156,1,617.85
2025-06-30,2025-07-01,610.0,call,7.5,7.63,7.56,7.59,3016,2717,0.01488,1.0,1,617.85
2025-06-30,2025-07-01,610.0,put,0.15,0.16,0.15,0.15,27008,4543,0.16122,-0.06257,1,617.85
2025-06-30,2025-07-01,611.0,call,6.55,6.68,6.62,7.46,3851,2332,0.01488,1.0,1,617.85
2025-06-30,2025-07-01,611.0,put,0.2,0.21,0.21,0.21,16325,4044,0.16122,-0.09021,1,617.85
2025-06-30,2025-07-01,612.0,call,5.62,5.72,5.67,6.15,6470,3065,0.01488,1.0,1,617.85
2025-06-30,2025-07-01,612.0,put,0.26,0.27,0.27,0.27,28388,2912,0.15146,-0.11143,1,617.85
2025-06-30,2025-07-01,613.0,call,4.72,4.81,4.76,4.8,5114,1829,0.01488,1.0,1,617.85
2025-06-30,2025-07-01,613.0,put,0.35,0.36,0.35,0.36,31431,1924,0.1417,-0.13958,1,617.85
2025-06-30,2025-07-01,614.0,call,3.86,3.93,3.9,3.85,12356,4217,0.01488,1.0,1,617.85
2025-06-30,2025-07-01,614.0,put,0.48,0.49,0.48,0.5,42001,2058,0.1417,-0.19422,1,617.85
2025-06-30,2025-07-01,615.0,call,3.05,3.1,3.08,3.05,22847,9487,0.08317,0.86247,1,617.85
2025-06-30,2025-07-01,615.0,put,0.66,0.68,0.67,0.66,90906,3505,0.13195,-0.24508,1,617.85
2025-06-30,2025-07-01,616.0,call,2.32,2.36,2.34,2.31,95003,2218,0.08317,0.76371,1,617.85
2025-06-30,2025-07-01,616.0,put,0.92,0.93,0.93,0.93,100204,2227,0.13195,-0.32462,1,617.85
2025-06-30,2025-07-01,617.0,call,1.69,1.7,1.69,1.68,126605,4580,0.09292,0.62167,1,617.85
2025-06-30,2025-07-01,617.0,put,1.28,1.3,1.29,1.3,64863,1681,0.13195,-0.41295,1,617.85
2025-06-30,2025-07-01,618.0,call,1.16,1.18,1.17,1.78,87258,1745,0.09292,0.49079,1,617.85
2025-06-30,2025-07-01,618.0,put,1.74,1.77,1.75,1.78,46855,173,0.13195,-0.50579,1,617.85
2025-06-30,2025-07-01,619.0,call,0.75,0.76,0.76,0.73,68505,2908,0.09292,0.36111,1,617.85
2025-06-30,2025-07-01,619.0,put,2.31,2.37,2.34,2.35,14950,72,0.13195,-0.59817,1,617.85
2025-06-30,2025-07-01,620.0,call,0.45,0.46,0.46,0.44,66222,2769,0.09292,0.24592,1,617.85
2025-06-30,2025-07-01,620.0,put,3.0,3.08,3.04,3.06,8180,244,0.1417,-0.67315,1,617.85
2025-06-30,2025-07-01,621.0,call,0.25,0.26,0.26,0.25,25053,6589,0.09292,0.15417,1,617.85
2025-06-30,2025-07-01,621.0,put,3.79,3.89,3.84,3.82,2571,14,0.15146,-0.7332,1,617.85
2025-06-30,2025-07-01,622.0,call,0.13,0.14,0.14,0.14,21496,2116,0.09292,0.08859,1,617.85
2025-06-30,2025-07-01,622.0,put,4.66,4.79,4.72,4.64,1183,28,0.16122,-0.78084,1,617.85
2025-06-30,2025-07-01,623.0,call,0.07,0.08,0.08,0.08,21482,1969,0.10268,0.06429,1,617.85
2025-06-30,2025-07-01,623.0,put,5.59,5.73,5.66,5.5,640,54,0.17097,-0.81854,1,617.85
2025-06-30,2025-07-01,624.0,call,0.04,0.05,0.04,0.05,11587,1386,0.10268,0.03452,1,617.85
2025-06-30,2025-07-01,624.0,put,5.77,7.46,6.62,6.09,214,4,0.19048,-0.8356,1,617.85
2025-06-30,2025-07-01,625.0,call,0.02,0.03,0.03,0.03,15000,1952,0.11244,0.02668,1,617.85
2025-06-30,2025-07-01,625.0,put,6.77,8.7,7.73,7.05,175,6,0.22951,-0.82688,1,617.85
2025-06-30,2025-07-01,626.0,call,0.01,0.02,0.01,0.02,8466,1795,0.10268,0.0079,1,617.85
2025-06-30,2025-07-01,626.0,put,7.77,9.73,8.75,8.3,66,7,0.24902,-0.83886,1,617.85
2025-06-30,2025-07-01,627.0,call,0.01,0.02,0.01,0.02,1730,909,0.11244,0.00666,1,617.85
2025-06-30,2025-07-01,627.0,put,8.76,10.97,9.87,9.32,35,0,0.28804,-0.83139,1,617.85
2025-06-30,2025-07-01,628.0,call,0.01,0.02,0.01,0.01,1193,1148,0.12219,0.00577,1,617.85
2025-06-30,2025-07-01,628.0,put,9.76,11.97,10.87,10.41,18,0,0.30755,-0.84056,1,617.85
2025-06-30,2025-07-01,629.0,call,0.01,0.02,0.01,0.01,859,473,0.1417,0.00839,1,617.85
2025-06-30,2025-07-01,629.0,put,10.76,12.7,11.73,11.0,1,0,0.30755,-0.86338,1,617.85
2025-06-30,2025-07-01,630.0,put,11.76,13.0,12.38,12.5,20,0,0.25877,-0.92252,1,617.85
2025-06-30,2025-07-01,631.0,put,12.76,14.98,13.87,14.86,8,0,0.35633,-0.86725,1,617.85
2025-06-30,2025-07-01,632.0,put,13.76,15.69,14.72,0.0,0,0,0.35633,-0.88461,1,617.85
2025-06-30,2025-07-01,633.0,put,14.76,16.97,15.86,0.0,0,0,0.39536,-0.87586,1,617.85
2025-06-30,2025-07-01,634.0,put,15.76,17.97,16.86,17.04,2,0,0.41487,-0.87939,1,617.85
2025-06-30,2025-07-01,635.0,put,16.76,18.97,17.87,0.0,0,0,0.43438,-0.88251,1,617.85
2025-06-30,2025-07-01,636.0,put,17.77,19.97,18.87,0.0,0,0,0.45389,-0.88528,1,617.85
2025-06-30,2025-07-01,637.0,put,18.77,20.69,19.73,0.0,0,0,0.44414,-0.90256,1,617.85
2025-06-30,2025-07-01,638.0,put,19.76,21.69,20.73,0.0,0,0,0.46365,-0.90412,1,617.85
2025-06-30,2025-07-01,639.0,put,20.77,22.69,21.73,0.0,0,0,0.4734,-0.91007,1,617.85
2025-06-30,2025-07-01,640.0,put,21.77,23.97,22.87,22.14,9,0,0.52218,-0.89808,1,617.85
2025-06-30,2025-07-01,641.0,put,22.77,24.97,23.87,0.0,0,0,0.53194,-0.9037,1,617.85
2025-06-30,2025-07-01,642.0,put,23.77,25.69,24.73,0.0,0,0,0.52218,-0.91695,1,617.85
2025-06-30,2025-07-01,643.0,put,24.77,26.97,25.87,0.0,0,0,0.57096,-0.90594,1,617.85
2025-06-30,2025-07-01,644.0,put,25.77,27.69,26.73,0.0,0,0,0.56121,-0.91811,1,617.85
2025-06-30,2025-07-01,645.0,put,26.77,28.7,27.73,28.93,20,0,0.57096,-0.92221,1,617.85
2025-06-30,2025-07-01,646.0,put,27.77,29.97,28.87,0.0,0,0,0.61974,-0.91207,1,617.85
2025-06-30,2025-07-01,647.0,put,28.77,30.97,29.87,0.0,0,0,0.63925,-0.91269,1,617.85
2025-06-30,2025-07-01,648.0,put,29.76,31.97,30.87,0.0,0,0,0.64901,-0.91652,1,617.85
2025-06-30,2025-07-01,649.0,put,30.77,32.69,31.73,0.0,0,0,0.63925,-0.92644,1,617.85
2025-06-30,2025-07-01,650.0,put,31.77,33.97,32.87,0.0,0,0,0.67828,-0.92039,1,617.85
2025-06-30,2025-07-01,651.0,put,32.76,34.69,33.72,0.0,0,0,0.66852,-0.92959,1,617.85
2025-06-30,2025-07-01,652.0,put,33.77,35.69,34.73,0.0,0,0,0.67828,-0.93245,1,617.85
2025-06-30,2025-07-01,653.0,put,34.77,36.69,35.73,0.0,0,0,0.69779,-0.93234,1,617.85
2025-06-30,2025-07-01,654.0,put,35.77,37.97,36.87,0.0,0,0,0.74657,-0.92401,1,617.85
2025-06-30,2025-07-01,655.0,put,36.76,38.7,37.73,0.0,0,0,0.72706,-0.93475,1,617.85
2025-06-30,2025-07-01,656.0,put,37.77,39.69,38.73,0.0,0,0,0.73681,-0.93714,1,617.85
2025-06-30,2025-07-01,657.0,put,38.76,40.69,39.72,0.0,0,0,0.75632,-0.93689,1,617.85
2025-06-30,2025-07-01,658.0,put,39.77,41.69,40.73,0.0,0,0,0.76608,-0.93908,1,617.85
2025-06-30,2025-07-01,659.0,put,40.77,42.97,41.87,0.0,0,0,0.81486,-0.93157,1,617.85
2025-06-30,2025-07-01,660.0,put,41.77,43.69,42.73,0.0,0,0,0.79535,-0.94081,1,617.85
2025-06-30,2025-07-01,661.0,put,42.76,44.69,43.72,0.0,0,0,0.81486,-0.94046,1,617.85
2025-06-30,2025-07-01,662.0,put,43.76,45.69,44.72,0.0,0,0,0.82461,-0.94234,1,617.85
2025-06-30,2025-07-01,663.0,put,44.76,46.69,45.72,0.0,0,0,0.83437,-0.94413,1,617.85
2025-06-30,2025-07-01,664.0,put,45.76,47.69,46.72,0.0,0,0,0.85388,-0.94372,1,617.85
2025-06-30,2025-07-01,665.0,put,46.76,48.7,47.73,0.0,0,0,0.87339,-0.94331,1,617.85
2025-06-30,2025-07-01,666.0,put,47.76,49.69,48.72,0.0,0,0,0.88315,-0.94495,1,617.85
2025-06-30,2025-07-01,667.0,put,48.76,50.69,49.72,0.0,0,0,0.89291,-0.9465,1,617.85
2025-06-30,2025-07-01,668.0,put,49.76,51.69,50.72,0.0,0,0,0.91242,-0.94606,1,617.85
2025-06-30,2025-07-01,669.0,put,50.76,52.69,51.72,0.0,0,0,0.92217,-0.94752,1,617.85
2025-06-30,2025-07-01,670.0,put,51.76,53.7,52.73,0.0,0,0,0.94168,-0.94705,1,617.85
2025-06-30,2025-07-01,671.0,put,52.76,54.69,53.72,0.0,0,0,0.95144,-0.94843,1,617.85
2025-06-30,2025-07-01,672.0,put,53.76,55.69,54.72,0.0,0,0,0.9612,-0.94974,1,617.85
2025-06-30,2025-07-01,673.0,put,54.76,56.69,55.72,0.0,0,0,0.98071,-0.94925,1,617.85
2025-06-30,2025-07-01,674.0,put,55.76,57.69,56.72,0.0,0,0,0.99046,-0.95049,1,617.85
2025-06-30,2025-07-01,675.0,put,56.76,58.7,57.73,0.0,0,0,1.00998,-0.94999,1,617.85
2025-06-30,2025-07-01,680.0,put,61.76,63.7,62.73,0.0,0,0,1.07827,-0.95233,1,617.85
2025-06-30,2025-07-01,685.0,put,66.76,68.7,67.73,0.0,0,0,1.1368,-0.95564,1,617.85
2025-06-30,2025-07-01,690.0,put,71.76,73.7,72.73,0.0,0,0,1.20509,-0.95706,1,617.85
2025-06-30,2025-07-01,695.0,put,76.76,78.97,77.87,0.0,0,0,1.31241,-0.95321,1,617.85
2025-06-30,2025-07-01,700.0,put,81.76,83.7,82.73,0.0,0,0,1.33192,-0.96029,1,617.85
2025-06-30,2025-07-02,450.0,call,166.68,168.48,167.58,162.45,0,21,0.01488,1.0,2,617.85
2025-06-30,2025-07-02,455.0,call,161.68,163.58,162.63,0.0,0,0,0.01488,1.0,2,617.85
2025-06-30,2025-07-02,460.0,call,156.22,158.45,157.33,0.0,0,0,0.01488,1.0,2,617.85
2025-06-30,2025-07-02,465.0,call,151.69,153.48,152.58,0.0,0,0,0.01488,1.0,2,617.85
2025-06-30,2025-07-02,470.0,call,146.74,148.56,147.65,0.0,0,0,0.01488,1.0,2,617.85
2025-06-30,2025-07-02,475.0,call,141.68,143.54,142.61,0.0,0,0,0.01488,1.0,2,617.85
2025-06-30,2025-07-02,480.0,call,136.47,138.61,137.54,116.82,0,0,0.01488,1.0,2,617.85
2025-06-30,2025-07-02,485.0,call,131.74,133.52,132.63,0.0,0,0,0.01488,1.0,2,617.85
2025-06-30,2025-07-02,490.0,call,126.7,128.51,127.6,0.0,0,0,0.01488,1.0,2,617.85
2025-06-30,2025-07-02,495.0,call,121.7,123.49,122.59,0.0,0,0,0.01488,1.0,2,617.85
2025-06-30,2025-07-02,500.0,call,116.7,118.59,117.65,116.58,2,0,0.01488,1.0,2,617.85
2025-06-30,2025-07-02,505.0,call,111.69,113.54,112.62,0.0,0,0,0.01488,1.0,2,617.85
2025-06-30,2025-07-02,510.0,call,106.7,108.51,107.61,102.49,0,21,0.01488,1.0,2,617.85
2025-06-30,2025-07-02,515.0,call,101.69,103.53,102.61,82.18,0,0,0.01488,1.0,2,617.85
2025-06-30,2025-07-02,520.0,call,96.71,98.52,97.61,84.81,0,1,0.01488,1.0,2,617.85
2025-06-30,2025-07-02,525.0,call,91.71,93.58,92.64,0.0,0,0,0.01488,1.0,2,617.85
2025-06-30,2025-07-02,530.0,call,86.7,88.6,87.65,0.0,0,0,0.01488,1.0,2,617.85
2025-06-30,2025-07-02,535.0,call,81.7,83.56,82.63,63.06,0,0,0.01488,1.0,2,617.85
2025-06-30,2025-07-02,540.0,call,76.71,78.45,77.58,57.26,0,1,0.01488,1.0,2,617.85
2025-06-30,2025-07-02,545.0,call,71.72,73.64,72.68,53.12,0,0,0.01488,1.0,2,617.85
2025-06-30,2025-07-02,550.0,call,66.77,68.49,67.63,59.23,0,19,0.01488,1.0,2,617.85
2025-06-30,2025-07-02,555.0,call,61.72,63.57,62.64,56.86,0,2,0.01488,1.0,2,617.85
2025-06-30,2025-07-02,555.0,put,0.01,0.02,0.01,0.01,2,632,0.49292,-0.00151,2,617.85
2025-06-30,2025-07-02,560.0,call,56.71,58.48,57.59,51.99,0,2,0.01488,1.0,2,617.85
2025-06-30,2025-07-02,560.0,put,0.01,0.02,0.01,0.01,974,286,0.45389,-0.00159,2,617.85
2025-06-30,2025-07-02,565.0,call,51.72,53.52,52.62,0.0,0,0,0.01488,1.0,2,617.85
2025-06-30,2025-07-02,565.0,put,0.01,0.02,0.01,0.02,26,949,0.41487,-0.00167,2,617.85
2025-06-30,2025-07-02,570.0,call,46.73,48.54,47.63,46.59,2,24,0.01488,1.0,2,617.85
2025-06-30,2025-07-02,570.0,put,0.01,0.02,0.01,0.02,34,308,0.37584,-0.00175,2,617.85
2025-06-30,2025-07-02,571.0,call,45.73,47.52,46.62,0.0,0,0,0.01488,1.0,2,617.85
2025-06-30,2025-07-02,571.0,put,0.01,0.02,0.01,0.02,400,523,0.37584,-0.00214,2,617.85
2025-06-30,2025-07-02,572.0,call,44.73,46.55,45.64,0.0,0,0,0.01488,1.0,2,617.85
2025-06-30,2025-07-02,572.0,put,0.01,0.02,0.01,0.03,402,75,0.36609,-0.00207,2,617.85
2025-06-30,2025-07-02,573.0,call,43.73,45.52,44.62,34.5,0,0,0.01488,1.0,2,617.85
2025-06-30,2025-07-02,573.0,put,0.01,0.02,0.01,0.01,6,68,0.35633,-0.00199,2,617.85
2025-06-30,2025-07-02,574.0,call,42.73,44.58,43.66,0.0,0,0,0.01488,1.0,2,617.85
2025-06-30,2025-07-02,574.0,put,0.01,0.02,0.01,0.0,0,82,0.34658,-0.00192,2,617.85
2025-06-30,2025-07-02,575.0,call,41.73,43.55,42.64,37.52,0,4,0.01488,1.0,2,617.85
2025-06-30,2025-07-02,575.0,put,0.01,0.02,0.01,0.03,2085,189,0.34658,-0.00237,2,617.85
2025-06-30,2025-07-02,576.0,call,40.73,42.52,41.62,0.0,0,0,0.01488,1.0,2,617.85
2025-06-30,2025-07-02,576.0,put,0.01,0.02,0.01,0.02,2005,437,0.33682,-0.00229,2,617.85
2025-06-30,2025-07-02,577.0,call,39.73,41.62,40.67,39.03,1,47,0.01488,1.0,2,617.85
2025-06-30,2025-07-02,577.0,put,0.01,0.02,0.01,0.03,15813,333,0.32707,-0.0022,2,617.85
2025-06-30,2025-07-02,578.0,call,38.73,40.48,39.6,36.62,0,13,0.01488,1.0,2,617.85
2025-06-30,2025-07-02,578.0,put,0.01,0.02,0.01,0.02,15899,175,0.31731,-0.00212,2,617.85
2025-06-30,2025-07-02,579.0,call,37.73,39.5,38.61,27.9,0,18,0.01488,1.0,2,617.85
2025-06-30,2025-07-02,579.0,put,0.01,0.02,0.01,0.03,9,586,0.31731,-0.00266,2,617.85
2025-06-30,2025-07-02,580.0,call,36.78,38.63,37.7,36.43,2,9,0.01488,1.0,2,617.85
2025-06-30,2025-07-02,580.0,put,0.01,0.02,0.01,0.02,61,1178,0.30755,-0.00257,2,617.85
2025-06-30,2025-07-02,581.0,call,35.73,37.52,36.62,0.0,0,0,0.01488,1.0,2,617.85
2025-06-30,2025-07-02,581.0,put,0.02,0.03,0.03,0.02,498,255,0.33682,-0.00642,2,617.85
2025-06-30,2025-07-02,582.0,call,34.78,36.56,35.67,35.28,1,31,0.01488,1.0,2,617.85
2025-06-30,2025-07-02,582.0,put,0.02,0.03,0.03,0.02,470,2867,0.32707,-0.00637,2,617.85
2025-06-30,2025-07-02,583.0,call,33.73,35.53,34.63,0.0,0,0,0.01488,1.0,2,617.85
2025-06-30,2025-07-02,583.0,put,0.02,0.03,0.03,0.02,111,269,0.31731,-0.00632,2,617.85
2025-06-30,2025-07-02,584.0,call,32.73,34.56,33.64,23.16,0,1,0.01488,1.0,2,617.85
2025-06-30,2025-07-02,584.0,put,0.02,0.03,0.03,0.01,83,361,0.30755,-0.00627,2,617.85
2025-06-30,2025-07-02,585.0,call,31.73,33.55,32.64,32.3,3,84,0.01488,1.0,2,617.85
2025-06-30,2025-07-02,585.0,put,0.02,0.03,0.03,0.02,47,878,0.2978,-0.00621,2,617.85
2025-06-30,2025-07-02,586.0,call,30.74,32.61,31.67,24.97,0,6,0.01488,1.0,2,617.85
2025-06-30,2025-07-02,586.0,put,0.02,0.03,0.03,0.02,1,255,0.28804,-0.00614,2,617.85
2025-06-30,2025-07-02,587.0,call,29.74,31.56,30.65,29.0,2,1,0.01488,1.0,2,617.85
2025-06-30,2025-07-02,587.0,put,0.02,0.03,0.03,0.02,47,576,0.28804,-0.00767,2,617.85
2025-06-30,2025-07-02,588.0,call,28.79,30.59,29.69,27.53,0,5,0.01488,1.0,2,617.85
2025-06-30,2025-07-02,588.0,put,0.02,0.03,0.03,0.02,101,588,0.27829,-0.00764,2,617.85
2025-06-30,2025-07-02,589.0,call,27.74,29.63,28.68,23.49,0,57,0.01488,1.0,2,617.85
2025-06-30,2025-07-02,589.0,put,0.02,0.03,0.03,0.03,53,2235,0.26853,-0.0076,2,617.85
2025-06-30,2025-07-02,590.0,call,26.85,28.64,27.75,27.86,3,1728,0.01488,1.0,2,617.85
2025-06-30,2025-07-02,590.0,put,0.02,0.03,0.03,0.02,724,2977,0.25877,-0.00755,2,617.85
2025-06-30,2025-07-02,591.0,call,25.74,27.64,26.69,25.58,1,27,0.01488,1.0,2,617.85
2025-06-30,2025-07-02,591.0,put,0.02,0.03,0.03,0.03,385,1136,0.24902,-0.0075,2,617.85
2025-06-30,2025-07-02,592.0,call,24.74,26.64,25.69,24.13,1,27,0.01488,1.0,2,617.85
2025-06-30,2025-07-02,592.0,put,0.03,0.04,0.04,0.04,83,1347,0.24902,-0.00962,2,617.85
2025-06-30,2025-07-02,593.0,call,24.36,24.57,24.46,22.56,0,126,0.01488,1.0,2,617.85
2025-06-30,2025-07-02,593.0,put,0.03,0.04,0.04,0.05,56,1880,0.23926,-0.00964,2,617.85
2025-06-30,2025-07-02,594.0,call,23.33,23.63,23.48,19.09,0,137,0.01488,1.0,2,617.85
2025-06-30,2025-07-02,594.0,put,0.03,0.04,0.04,0.03,217,2696,0.22951,-0.00965,2,617.85
2025-06-30,2025-07-02,595.0,call,22.09,22.61,22.35,22.79,18,298,0.01488,1.0,2,617.85
2025-06-30,2025-07-02,595.0,put,0.03,0.04,0.04,0.03,740,2930,0.22951,-0.01252,2,617.85
2025-06-30,2025-07-02,596.0,call,21.33,21.62,21.48,22.0,8,247,0.01488,1.0,2,617.85
2025-06-30,2025-07-02,596.0,put,0.03,0.04,0.04,0.04,285,4155,0.21975,-0.01267,2,617.85
2025-06-30,2025-07-02,597.0,call,19.66,21.18,20.42,21.25,109,269,0.01488,1.0,2,617.85
2025-06-30,2025-07-02,597.0,put,0.04,0.05,0.04,0.03,306,2537,0.21,-0.01283,2,617.85
2025-06-30,2025-07-02,598.0,call,19.39,19.59,19.49,20.01,37,651,0.01488,1.0,2,617.85
2025-06-30,2025-07-02,598.0,put,0.04,0.05,0.04,0.04,207,1103,0.20024,-0.01299,2,617.85
2025-06-30,2025-07-02,599.0,call,17.83,18.63,18.23,20.25,14,234,0.01488,1.0,2,617.85
2025-06-30,2025-07-02,599.0,put,0.04,0.05,0.04,0.04,96,1439,0.19048,-0.01317,2,617.85
2025-06-30,2025-07-02,600.0,call,17.45,17.6,17.52,19.2,218,1851,0.01488,1.0,2,617.85
2025-06-30,2025-07-02,600.0,put,0.05,0.06,0.06,0.06,2471,4180,0.19048,-0.01773,2,617.85
2025-06-30,2025-07-02,601.0,call,16.46,16.61,16.54,18.26,62,436,0.01488,1.0,2,617.85
2025-06-30,2025-07-02,601.0,put,0.06,0.07,0.07,0.06,508,2303,0.19048,-0.02358,2,617.85
2025-06-30,2025-07-02,602.0,call,15.47,15.62,15.54,16.22,10,954,0.01488,1.0,2,617.85
2025-06-30,2025-07-02,602.0,put,0.07,0.08,0.08,0.07,1549,3066,0.18073,-0.02459,2,617.85
2025-06-30,2025-07-02,603.0,call,14.48,14.62,14.55,15.7,8,420,0.01488,1.0,2,617.85
2025-06-30,2025-07-02,603.0,put,0.08,0.09,0.08,0.08,738,1062,0.17097,-0.02574,2,617.85
2025-06-30,2025-07-02,604.0,call,13.5,13.64,13.57,14.26,11,495,0.01488,1.0,2,617.85
2025-06-30,2025-07-02,604.0,put,0.1,0.11,0.11,0.1,1816,957,0.17097,-0.03465,2,617.85
2025-06-30,2025-07-02,605.0,call,12.53,12.67,12.6,12.87,122,635,0.01488,1.0,2,617.85
2025-06-30,2025-07-02,605.0,put,0.12,0.13,0.12,0.13,5081,4938,0.16122,-0.03697,2,617.85
2025-06-30,2025-07-02,606.0,call,11.55,11.69,11.62,12.45,119,402,0.01488,1.0,2,617.85
2025-06-30,2025-07-02,606.0,put,0.15,0.16,0.15,0.16,2191,1210,0.16122,-0.04961,2,617.85
2025-06-30,2025-07-02,607.0,call,10.59,10.73,10.66,10.91,126,1252,0.01488,1.0,2,617.85
2025-06-30,2025-07-02,607.0,put,0.18,0.19,0.18,0.18,1679,2890,0.15146,-0.05403,2,617.85
2025-06-30,2025-07-02,608.0,call,9.64,9.77,9.71,10.6,220,595,0.01488,1.0,2,617.85
2025-06-30,2025-07-02,608.0,put,0.23,0.24,0.23,0.24,4722,2671,0.15146,-0.07212,2,617.85
2025-06-30,2025-07-02,609.0,call,8.7,8.83,8.77,9.12,134,388,0.01488,1.0,2,617.85
2025-06-30,2025-07-02,609.0,put,0.29,0.3,0.29,0.3,2436,1588,0.15146,-0.09449,2,617.85
2025-06-30,2025-07-02,610.0,call,7.78,7.9,7.84,8.21,395,870,0.01488,1.0,2,617.85
2025-06-30,2025-07-02,610.0,put,0.36,0.37,0.36,0.38,8978,5551,0.1417,-0.10622,2,617.85
2025-06-30,2025-07-02,611.0,call,6.88,6.99,6.94,7.73,185,618,0.01488,1.0,2,617.85
2025-06-30,2025-07-02,611.0,put,0.45,0.47,0.46,0.46,3198,744,0.1417,-0.1377,2,617.85
2025-06-30,2025-07-02,612.0,call,6.0,6.1,6.05,6.04,436,1069,0.07341,0.96383,2,617.85
2025-06-30,2025-07-02,612.0,put,0.57,0.59,0.58,0.6,6006,1739,0.1417,-0.17494,2,617.85
2025-06-30,2025-07-02,613.0,call,5.16,5.25,5.21,5.15,934,964,0.09292,0.88172,2,617.85
2025-06-30,2025-07-02,613.0,put,0.73,0.74,0.73,0.74,4898,1557,0.13195,-0.20157,2,617.85
2025-06-30,2025-07-02,614.0,call,4.36,4.44,4.4,4.75,1363,1291,0.09292,0.82809,2,617.85
2025-06-30,2025-07-02,614.0,put,0.92,0.93,0.93,0.94,4926,1228,0.13195,-0.2517,2,617.85
2025-06-30,2025-07-02,615.0,call,3.62,3.68,3.65,3.65,4165,2370,0.09292,0.76117,2,617.85
2025-06-30,2025-07-02,615.0,put,1.17,1.19,1.18,1.19,11058,1195,0.13195,-0.30764,2,617.85
2025-06-30,2025-07-02,616.0,call,2.94,2.98,2.96,2.95,12271,1505,0.10268,0.66624,2,617.85
2025-06-30,2025-07-02,616.0,put,1.48,1.5,1.49,1.5,14218,1181,0.13195,-0.36836,2,617.85
2025-06-30,2025-07-02,617.0,call,2.33,2.36,2.34,2.33,14836,1101,0.10268,0.58556,2,617.85
2025-06-30,2025-07-02,617.0,put,1.87,1.88,1.88,1.9,10260,312,0.13195,-0.43246,2,617.85
2025-06-30,2025-07-02,618.0,call,1.79,1.81,1.8,1.77,16920,1225,0.10268,0.50123,2,617.85
2025-06-30,2025-07-02,618.0,put,2.32,2.34,2.33,2.36,7237,80,0.13195,-0.49828,2,617.85
2025-06-30,2025-07-02,619.0,call,1.33,1.36,1.35,1.33,6507,2474,0.10268,0.41697,2,617.85
2025-06-30,2025-07-02,619.0,put,2.85,2.89,2.87,2.95,1648,43,0.13195,-0.56404,2,617.85
2025-06-30,2025-07-02,620.0,call,0.96,0.97,0.96,0.96,17965,1428,0.09292,0.32022,2,617.85
2025-06-30,2025-07-02,620.0,put,3.47,3.53,3.5,3.5,1770,29,0.13195,-0.62797,2,617.85
2025-06-30,2025-07-02,621.0,call,0.67,0.68,0.68,0.67,12123,8112,0.10268,0.26303,2,617.85
2025-06-30,2025-07-02,621.0,put,4.17,4.25,4.21,3.93,168,64,0.13195,-0.68846,2,617.85
2025-06-30,2025-07-02,622.0,call,0.45,0.46,0.46,0.45,5785,2512,0.10268,0.19885,2,617.85
2025-06-30,2025-07-02,622.0,put,4.95,5.05,5.0,5.01,245,18,0.1417,-0.72918,2,617.85
2025-06-30,2025-07-02,623.0,call,0.29,0.3,0.29,0.3,5475,988,0.09292,0.12124,2,617.85
2025-06-30,2025-07-02,623.0,put,5.78,5.9,5.84,5.55,266,4,0.1417,-0.77741,2,617.85
2025-06-30,2025-07-02,624.0,call,0.18,0.19,0.18,0.19,4916,2474,0.09292,0.08046,2,617.85
2025-06-30,2025-07-02,624.0,put,6.67,6.81,6.74,6.5,233,11,0.15146,-0.80418,2,617.85
2025-06-30,2025-07-02,625.0,call,0.11,0.12,0.11,0.12,5515,1373,0.09292,0.05105,2,617.85
2025-06-30,2025-07-02,625.0,put,7.6,7.74,7.67,7.31,651,16,0.16122,-0.82596,2,617.85
2025-06-30,2025-07-02,626.0,call,0.06,0.07,0.07,0.07,1418,4496,0.10268,0.0456,2,617.85
2025-06-30,2025-07-02,626.0,put,7.34,9.84,8.59,9.44,15,2,0.17097,-0.84384,2,617.85
2025-06-30,2025-07-02,627.0,call,0.04,0.05,0.04,0.05,1900,888,0.10268,0.02877,2,617.85
2025-06-30,2025-07-02,627.0,put,8.34,10.42,9.38,8.41,44,0,0.16122,-0.8861,2,617.85
2025-06-30,2025-07-02,628.0,call,0.03,0.04,0.04,0.03,570,70,0.10268,0.01748,2,617.85
2025-06-30,2025-07-02,628.0,put,9.34,11.8,10.57,0.0,0,0,0.19048,-0.87113,2,617.85
2025-06-30,2025-07-02,629.0,call,0.01,0.02,0.01,0.02,448,37,0.09292,0.0052,2,617.85
2025-06-30,2025-07-02,629.0,put,10.34,12.8,11.57,9.92,5,0,0.20024,-0.88164,2,617.85
2025-06-30,2025-07-02,630.0,call,0.01,0.02,0.01,0.02,762,833,0.10268,0.00575,2,617.85
2025-06-30,2025-07-02,630.0,put,11.34,13.8,12.57,11.51,42,1,0.21975,-0.87989,2,617.85
2025-06-30,2025-07-02,631.0,call,0.01,0.02,0.01,0.02,51,189,0.11244,0.00625,2,617.85
2025-06-30,2025-07-02,631.0,put,12.81,14.8,13.8,14.66,2,0,0.25877,-0.85937,2,617.85
2025-06-30,2025-07-02,632.0,call,0.01,0.02,0.01,0.02,201,269,0.12219,0.00671,2,617.85
2025-06-30,2025-07-02,632.0,put,13.34,15.41,14.38,0.0,0,0,0.21975,-0.91455,2,617.85
2025-06-30,2025-07-02,633.0,call,0.01,0.02,0.01,0.01,214,47,0.12219,0.00405,2,617.85
2025-06-30,2025-07-02,633.0,put,14.35,16.8,15.57,0.0,0,0,0.25877,-0.89301,2,617.85
2025-06-30,2025-07-02,634.0,put,15.35,17.41,16.38,0.0,0,0,0.23926,-0.92431,2,617.85
2025-06-30,2025-07-02,635.0,put,16.35,18.41,17.38,0.0,0,0,0.24902,-0.9283,2,617.85
2025-06-30,2025-07-02,636.0,put,17.28,19.41,18.34,0.0,0,0,0.25877,-0.93182,2,617.85
2025-06-30,2025-07-02,637.0,put,18.28,20.41,19.34,0.0,0,0,0.26853,-0.93495,2,617.85
2025-06-30,2025-07-02,638.0,put,19.3,21.41,20.36,0.0,0,0,0.27829,-0.93774,2,617.85
2025-06-30,2025-07-02,639.0,put,20.3,22.41,21.36,0.0,0,0,0.28804,-0.94024,2,617.85
2025-06-30,2025-07-02,640.0,put,21.3,23.41,22.36,21.7,4,0,0.30755,-0.93641,2,617.85
2025-06-30,2025-07-02,641.0,put,22.28,24.39,23.34,0.0,0,0,0.30755,-0.94452,2,617.85
2025-06-30,2025-07-02,642.0,put,23.28,25.81,24.55,0.0,0,0,0.35633,-0.92385,2,617.85
2025-06-30,2025-07-02,643.0,put,24.28,26.41,25.34,0.0,0,0,0.32707,-0.94804,2,617.85
2025-06-30,2025-07-02,644.0,put,25.28,27.41,26.34,0.0,0,0,0.33682,-0.94956,2,617.85
2025-06-30,2025-07-02,645.0,put,26.3,28.41,27.36,27.59,1,0,0.35633,-0.9461,2,617.85
2025-06-30,2025-07-02,646.0,put,27.3,29.41,28.36,0.0,0,0,0.36609,-0.94758,2,617.85
2025-06-30,2025-07-02,647.0,put,28.3,30.41,29.36,0.0,0,0,0.37584,-0.94893,2,617.85
2025-06-30,2025-07-02,648.0,put,29.81,31.41,30.61,0.0,0,0,0.43438,-0.92762,2,617.85
2025-06-30,2025-07-02,649.0,put,30.28,32.41,31.34,0.0,0,0,0.39536,-0.95134,2,617.85
2025-06-30,2025-07-02,650.0,put,31.28,33.39,32.34,0.0,0,0,0.40511,-0.95241,2,617.85
2025-06-30,2025-07-02,651.0,put,32.28,34.81,33.55,0.0,0,0,0.45389,-0.9372,2,617.85
2025-06-30,2025-07-02,652.0,put,33.28,35.41,34.34,0.0,0,0,0.42462,-0.95433,2,617.85
2025-06-30,2025-07-02,653.0,put,34.28,36.41,35.34,0.0,0,0,0.43438,-0.95519,2,617.85
2025-06-30,2025-07-02,654.0,put,35.28,37.41,36.34,0.0,0,0,0.44414,-0.95599,2,617.85
2025-06-30,2025-07-02,655.0,put,36.81,38.41,37.61,0.0,0,0,0.50267,-0.93873,2,617.85
2025-06-30,2025-07-02,656.0,put,37.28,39.41,38.34,0.0,0,0,0.46365,-0.95744,2,617.85
2025-06-30,2025-07-02,657.0,put,38.28,40.81,39.55,0.0,0,0,0.51243,-0.94459,2,617.85
2025-06-30,2025-07-02,658.0,put,39.3,41.41,40.35,0.0,0,0,0.48316,-0.9587,2,617.85
2025-06-30,2025-07-02,659.0,put,40.3,42.41,41.35,0.0,0,0,0.49292,-0.95928,2,617.85
2025-06-30,2025-07-02,660.0,put,41.3,43.41,42.35,0.0,0,0,0.50267,-0.95982,2,617.85
2025-06-30,2025-07-02,661.0,put,42.3,44.41,43.35,0.0,0,0,0.51243,-0.96033,2,617.85
2025-06-30,2025-07-02,662.0,put,43.3,45.41,44.35,0.0,0,0,0.52218,-0.96081,2,617.85
2025-06-30,2025-07-02,663.0,put,44.3,46.41,45.35,0.0,0,0,0.53194,-0.96126,2,617.85
2025-06-30,2025-07-02,664.0,put,45.28,47.41,46.34,0.0,0,0,0.53194,-0.96436,2,617.85
2025-06-30,2025-07-02,665.0,put,46.28,48.41,47.34,0.0,0,0,0.54169,-0.9647,2,617.85
2025-06-30,2025-07-02,666.0,put,47.28,49.41,48.34,0.0,0,0,0.55145,-0.96502,2,617.85
2025-06-30,2025-07-02,667.0,put,48.81,50.41,49.61,0.0,0,0,0.6295,-0.94677,2,617.85
2025-06-30,2025-07-02,668.0,put,49.28,51.41,50.34,0.0,0,0,0.57096,-0.9656,2,617.85
2025-06-30,2025-07-02,669.0,put,50.28,52.41,51.34,0.0,0,0,0.58072,-0.96587,2,617.85
2025-06-30,2025-07-02,670.0,put,51.28,53.41,52.34,0.0,0,0,0.59047,-0.96612,2,617.85
2025-06-30,2025-07-02,671.0,put,52.28,54.41,53.34,0.0,0,0,0.60023,-0.96636,2,617.85
2025-06-30,2025-07-02,672.0,put,53.28,55.41,54.34,0.0,0,0,0.60999,-0.96658,2,617.85
2025-06-30,2025-07-02,673.0,put,54.28,56.41,55.34,0.0,0,0,0.61974,-0.96679,2,617.85
2025-06-30,2025-07-02,674.0,put,55.3,57.85,56.58,0.0,0,0,0.68803,-0.95331,2,617.85
2025-06-30,2025-07-02,675.0,put,56.3,58.41,57.35,0.0,0,0,0.63925,-0.96718,2,617.85
2025-06-30,2025-07-02,680.0,put,61.3,63.81,62.55,0.0,0,0,0.73681,-0.9578,2,617.85
2025-06-30,2025-07-02,685.0,put,66.28,68.81,67.55,0.0,0,0,0.78559,-0.95916,2,617.85
2025-06-30,2025-07-02,690.0,put,71.28,73.61,72.44,0.0,0,0,0.79535,-0.9673,2,617.85
2025-06-30,2025-07-02,695.0,put,76.28,78.81,77.55,0.0,0,0,0.87339,-0.96279,2,617.85
2025-06-30,2025-07-02,700.0,put,81.28,83.41,82.34,0.0,0,0,0.84413,-0.97516,2,617.85
2025-06-30,2025-07-03,375.0,call,241.84,243.68,242.76,241.94,2,13,0.01488,1.0,3,617.85
2025-06-30,2025-07-03,380.0,call,236.84,238.74,237.79,0.0,0,0,0.01488,1.0,3,617.85
2025-06-30,2025-07-03,385.0,call,231.84,233.7,232.77,217.51,0,0,0.01488,1.0,3,617.85
2025-06-30,2025-07-03,390.0,call,226.64,228.77,227.7,0.0,0,0,0.01488,1.0,3,617.85
2025-06-30,2025-07-03,395.0,call,221.8,223.73,222.76,207.34,0,0,0.01488,1.0,3,617.85
2025-06-30,2025-07-03,400.0,call,216.8,218.68,217.74,196.61,0,1,0.01488,1.0,3,617.85
2025-06-30,2025-07-03,405.0,call,211.86,213.68,212.77,196.41,0,0,0.01488,1.0,3,617.85
2025-06-30,2025-07-03,410.0,call,206.44,208.68,207.56,189.95,0,0,0.01488,1.0,3,617.85
2025-06-30,2025-07-03,415.0,call,201.87,203.72,202.8,185.63,0,0,0.01488,1.0,3,617.85
2025-06-30,2025-07-03,420.0,call,196.86,198.68,197.77,182.48,0,0,0.01488,1.0,3,617.85
2025-06-30,2025-07-03,425.0,call,191.87,193.72,192.8,177.43,0,0,0.01488,1.0,3,617.85
2025-06-30,2025-07-03,430.0,call,186.8,188.72,187.76,0.0,0,0,0.01488,1.0,3,617.85
2025-06-30,2025-07-03,435.0,call,181.8,183.8,182.8,180.11,0,3,0.01488,1.0,3,617.85
2025-06-30,2025-07-03,440.0,call,176.44,178.71,177.57,161.2,0,0,0.01488,1.0,3,617.85
2025-06-30,2025-07-03,445.0,call,171.89,173.74,172.81,155.66,0,0,0.01488,1.0,3,617.85
2025-06-30,2025-07-03,450.0,call,166.88,168.74,167.81,147.36,0,1,0.01488,1.0,3,617.85
2025-06-30,2025-07-03,455.0,call,161.9,163.7,162.8,0.0,0,0,0.01488,1.0,3,617.85
2025-06-30,2025-07-03,460.0,call,156.8,158.82,157.81,140.62,0,0,0.01488,1.0,3,617.85
2025-06-30,2025-07-03,465.0,call,151.48,153.73,152.6,133.16,0,1,0.01488,1.0,3,617.85
2025-06-30,2025-07-03,470.0,call,146.95,148.76,147.85,131.16,0,0,0.01488,1.0,3,617.85
2025-06-30,2025-07-03,475.0,call,141.8,143.77,142.79,128.33,0,0,0.01488,1.0,3,617.85
2025-06-30,2025-07-03,480.0,call,136.94,138.74,137.84,118.52,0,0,0.01488,1.0,3,617.85
2025-06-30,2025-07-03,485.0,call,131.92,133.89,132.9,113.13,0,1,0.01488,1.0,3,617.85
2025-06-30,2025-07-03,490.0,call,126.93,128.75,127.84,106.4,0,0,0.01488,1.0,3,617.85
2025-06-30,2025-07-03,495.0,call,121.93,123.72,122.83,105.82,0,0,0.01488,1.0,3,617.85
2025-06-30,2025-07-03,500.0,call,116.98,118.78,117.88,118.68,2,9,0.01488,1.0,3,617.85
2025-06-30,2025-07-03,505.0,call,111.94,113.86,112.9,90.22,0,2,0.01488,1.0,3,617.85
2025-06-30,2025-07-03,510.0,call,106.8,108.79,107.8,104.37,0,3,0.01488,1.0,3,617.85
2025-06-30,2025-07-03,515.0,call,101.95,103.82,102.88,82.74,0,0,0.01488,1.0,3,617.85
2025-06-30,2025-07-03,520.0,call,96.8,98.78,97.79,92.21,0,9,0.01488,1.0,3,617.85
2025-06-30,2025-07-03,520.0,put,0.01,0.02,0.01,0.01,142,2634,0.61974,-0.00096,3,617.85
2025-06-30,2025-07-03,525.0,call,91.96,93.76,92.86,81.15,0,3,0.01488,1.0,3,617.85
2025-06-30,2025-07-03,525.0,put,0.01,0.02,0.01,0.01,30,1967,0.59047,-0.00105,3,617.85
2025-06-30,2025-07-03,530.0,call,87.41,87.87,87.64,82.5,0,1129,0.01488,1.0,3,617.85
2025-06-30,2025-07-03,530.0,put,0.01,0.02,0.01,0.01,152,3777,0.56121,-0.00116,3,617.85
2025-06-30,2025-07-03,535.0,call,82.55,82.86,82.7,82.0,2,1966,0.01488,1.0,3,617.85
2025-06-30,2025-07-03,535.0,put,0.01,0.02,0.01,0.01,106,5841,0.53194,-0.00128,3,617.85
2025-06-30,2025-07-03,540.0,call,77.54,77.88,77.71,76.81,1,1078,0.01488,1.0,3,617.85
2025-06-30,2025-07-03,540.0,put,0.01,0.02,0.01,0.01,28,5131,0.49292,-0.00117,3,617.85
2025-06-30,2025-07-03,545.0,call,72.56,72.9,72.73,71.83,1,818,0.01488,1.0,3,617.85
2025-06-30,2025-07-03,545.0,put,0.01,0.02,0.01,0.01,292,2743,0.46365,-0.00129,3,617.85
2025-06-30,2025-07-03,550.0,call,67.24,67.87,67.56,68.3,3,769,0.01488,1.0,3,617.85
2025-06-30,2025-07-03,550.0,put,0.01,0.02,0.01,0.01,3025,8918,0.43438,-0.00143,3,617.85
2025-06-30,2025-07-03,555.0,call,61.98,63.81,62.89,57.51,0,81,0.01488,1.0,3,617.85
2025-06-30,2025-07-03,555.0,put,0.01,0.02,0.01,0.02,1984,2507,0.40511,-0.00159,3,617.85
2025-06-30,2025-07-03,558.0,call,59.08,60.81,59.95,58.43,0,165,0.01488,1.0,3,617.85
2025-06-30,2025-07-03,558.0,put,0.01,0.02,0.01,0.02,342,1564,0.3856,-0.00163,3,617.85
2025-06-30,2025-07-03,559.0,call,58.58,58.88,58.73,58.5,1,141,0.01488,1.0,3,617.85
2025-06-30,2025-07-03,559.0,put,0.01,0.02,0.01,0.03,1,532,0.37584,-0.00151,3,617.85
2025-06-30,2025-07-03,560.0,call,57.56,57.9,57.73,57.16,41,209,0.01488,1.0,3,617.85
2025-06-30,2025-07-03,560.0,put,0.01,0.02,0.01,0.01,171,6368,0.37584,-0.00179,3,617.85
2025-06-30,2025-07-03,561.0,call,55.98,57.84,56.91,50.25,0,68,0.01488,1.0,3,617.85
2025-06-30,2025-07-03,561.0,put,0.01,0.02,0.01,0.02,1,4417,0.36609,-0.00166,3,617.85
2025-06-30,2025-07-03,562.0,call,54.8,56.91,55.85,55.32,6,84,0.01488,1.0,3,617.85
2025-06-30,2025-07-03,562.0,put,0.01,0.02,0.01,0.02,515,572,0.35633,-0.00154,3,617.85
2025-06-30,2025-07-03,563.0,call,54.04,55.91,54.97,54.5,1,55,0.01488,1.0,3,617.85
2025-06-30,2025-07-03,563.0,put,0.01,0.02,0.01,0.02,116,1804,0.35633,-0.00184,3,617.85
2025-06-30,2025-07-03,564.0,call,52.99,54.82,53.91,48.0,0,40,0.01488,1.0,3,617.85
2025-06-30,2025-07-03,564.0,put,0.01,0.02,0.01,0.02,5,1541,0.34658,-0.0017,3,617.85
2025-06-30,2025-07-03,565.0,call,52.0,53.84,52.92,52.28,4,49,0.01488,1.0,3,617.85
2025-06-30,2025-07-03,565.0,put,0.02,0.03,0.03,0.03,446,4008,0.3856,-0.00486,3,617.85
2025-06-30,2025-07-03,566.0,call,51.0,52.84,51.92,32.49,0,21,0.01488,1.0,3,617.85
2025-06-30,2025-07-03,566.0,put,0.02,0.03,0.03,0.02,203,793,0.37584,-0.00466,3,617.85
2025-06-30,2025-07-03,567.0,call,49.53,51.82,50.67,51.1,1,10,0.01488,1.0,3,617.85
2025-06-30,2025-07-03,567.0,put,0.02,0.03,0.03,0.02,1,1661,0.36609,-0.00446,3,617.85
2025-06-30,2025-07-03,568.0,call,49.0,50.82,49.91,29.01,0,25,0.01488,1.0,3,617.85
2025-06-30,2025-07-03,568.0,put,0.02,0.03,0.03,0.02,9,2681,0.35633,-0.00425,3,617.85
2025-06-30,2025-07-03,569.0,call,47.5,49.87,48.69,43.49,0,14,0.01488,1.0,3,617.85
2025-06-30,2025-07-03,569.0,put,0.02,0.03,0.03,0.02,195,1476,0.35633,-0.00499,3,617.85
2025-06-30,2025-07-03,570.0,call,47.23,47.9,47.56,46.08,29,166,0.01488,1.0,3,617.85
2025-06-30,2025-07-03,570.0,put,0.02,0.03,0.03,0.03,742,12489,0.34658,-0.00476,3,617.85
2025-06-30,2025-07-03,571.0,call,45.55,47.92,46.73,44.19,0,17,0.01488,1.0,3,617.85
2025-06-30,2025-07-03,571.0,put,0.02,0.03,0.03,0.03,14,1564,0.33682,-0.00454,3,617.85
2025-06-30,2025-07-03,572.0,call,45.0,46.92,45.96,43.85,0,97,0.01488,1.0,3,617.85
2025-06-30,2025-07-03,572.0,put,0.02,0.03,0.03,0.02,26,1473,0.33682,-0.00536,3,617.85
2025-06-30,2025-07-03,572.5,call,44.09,46.36,45.23,24.37,0,59,0.01488,1.0,3,617.85
2025-06-30,2025-07-03,572.5,put,0.02,0.03,0.03,0.02,399,2423,0.32707,-0.00469,3,617.85
2025-06-30,2025-07-03,573.0,call,43.91,45.82,44.86,43.86,1,15,0.01488,1.0,3,617.85
2025-06-30,2025-07-03,573.0,put,0.02,0.03,0.03,0.03,10,1727,0.32707,-0.00511,3,617.85
2025-06-30,2025-07-03,574.0,call,43.01,44.92,43.97,34.12,0,42,0.01488,1.0,3,617.85
2025-06-30,2025-07-03,574.0,put,0.02,0.03,0.03,0.03,10,1062,0.31731,-0.00486,3,617.85
2025-06-30,2025-07-03,575.0,call,42.6,42.93,42.77,41.5,0,2548,0.01488,1.0,3,617.85
2025-06-30,2025-07-03,575.0,put,0.02,0.03,0.03,0.03,604,6168,0.31731,-0.00578,3,617.85
2025-06-30,2025-07-03,576.0,call,40.55,42.83,41.69,37.64,0,20,0.01488,1.0,3,617.85
2025-06-30,2025-07-03,576.0,put,0.02,0.03,0.03,0.02,25,1077,0.30755,-0.00551,3,617.85
2025-06-30,2025-07-03,577.0,call,39.8,41.83,40.81,35.11,0,22,0.01488,1.0,3,617.85
2025-06-30,2025-07-03,577.0,put,0.02,0.03,0.03,0.04,42,2558,0.2978,-0.00523,3,617.85
2025-06-30,2025-07-03,577.5,call,39.49,41.39,40.44,38.91,0,46,0.01488,1.0,3,617.85
2025-06-30,2025-07-03,577.5,put,0.02,0.03,0.03,0.03,4,1415,0.2978,-0.00573,3,617.85
2025-06-30,2025-07-03,578.0,call,38.74,40.86,39.8,39.38,8,58,0.01488,1.0,3,617.85
2025-06-30,2025-07-03,578.0,put,0.02,0.03,0.03,0.03,78,1210,0.2978,-0.00628,3,617.85
2025-06-30,2025-07-03,579.0,call,38.01,39.8,38.91,37.57,2,69,0.01488,1.0,3,617.85
2025-06-30,2025-07-03,579.0,put,0.02,0.03,0.03,0.02,176,1005,0.28804,-0.00598,3,617.85
2025-06-30,2025-07-03,580.0,call,37.09,38.84,37.97,38.06,32,10307,0.01488,1.0,3,617.85
2025-06-30,2025-07-03,580.0,put,0.02,0.03,0.03,0.02,655,15264,0.27829,-0.00566,3,617.85
2025-06-30,2025-07-03,581.0,call,35.97,37.84,36.91,36.1,2,85,0.01488,1.0,3,617.85
2025-06-30,2025-07-03,581.0,put,0.02,0.03,0.03,0.03,575,735,0.26853,-0.00534,3,617.85
2025-06-30,2025-07-03,582.0,call,35.59,35.93,35.76,35.8,3,205,0.01488,1.0,3,617.85
2025-06-30,2025-07-03,582.0,put,0.02,0.03,0.03,0.03,267,880,0.26853,-0.00653,3,617.85
2025-06-30,2025-07-03,582.5,call,34.1,36.32,35.21,30.88,0,32,0.01488,1.0,3,617.85
2025-06-30,2025-07-03,582.5,put,0.03,0.04,0.04,0.02,48,1041,0.26853,-0.00721,3,617.85
2025-06-30,2025-07-03,583.0,call,34.02,35.86,34.94,34.07,2,66,0.01488,1.0,3,617.85
2025-06-30,2025-07-03,583.0,put,0.03,0.04,0.04,0.04,726,4726,0.26853,-0.00794,3,617.85
2025-06-30,2025-07-03,584.0,call,33.12,34.9,34.01,34.55,6,106,0.01488,1.0,3,617.85
2025-06-30,2025-07-03,584.0,put,0.03,0.04,0.04,0.02,321,2118,0.25877,-0.00758,3,617.85
2025-06-30,2025-07-03,585.0,call,32.58,32.93,32.75,31.8,22,909,0.01488,1.0,3,617.85
2025-06-30,2025-07-03,585.0,put,0.03,0.04,0.04,0.04,769,10139,0.25877,-0.00924,3,617.85
2025-06-30,2025-07-03,586.0,call,31.61,31.92,31.77,32.55,1,159,0.01488,1.0,3,617.85
2025-06-30,2025-07-03,586.0,put,0.03,0.04,0.04,0.04,278,1421,0.24902,-0.00886,3,617.85
2025-06-30,2025-07-03,587.0,call,30.59,30.94,30.77,29.64,1,154,0.01488,1.0,3,617.85
2025-06-30,2025-07-03,587.0,put,0.03,0.04,0.04,0.04,625,837,0.23926,-0.00846,3,617.85
2025-06-30,2025-07-03,587.5,call,29.67,30.43,30.05,29.09,0,248,0.01488,1.0,3,617.85
2025-06-30,2025-07-03,587.5,put,0.03,0.04,0.04,0.04,28,618,0.23926,-0.0094,3,617.85
2025-06-30,2025-07-03,588.0,call,29.59,29.93,29.76,28.66,51,199,0.01488,1.0,3,617.85
2025-06-30,2025-07-03,588.0,put,0.03,0.04,0.04,0.03,159,1124,0.22951,-0.00803,3,617.85
2025-06-30,2025-07-03,589.0,call,28.18,28.93,28.55,27.83,3,303,0.01488,1.0,3,617.85
2025-06-30,2025-07-03,589.0,put,0.04,0.05,0.04,0.05,106,995,0.22951,-0.01002,3,617.85
2025-06-30,2025-07-03,590.0,call,27.59,27.94,27.77,29.22,65,962,0.01488,1.0,3,617.85
2025-06-30,2025-07-03,590.0,put,0.04,0.05,0.04,0.05,2054,16420,0.21975,-0.00957,3,617.85
2025-06-30,2025-07-03,591.0,call,26.64,26.94,26.79,28.54,3,444,0.01488,1.0,3,617.85
2025-06-30,2025-07-03,591.0,put,0.04,0.05,0.04,0.05,151,1347,0.21,-0.00909,3,617.85
2025-06-30,2025-07-03,592.0,call,25.65,25.94,25.8,27.22,12,941,0.01488,1.0,3,617.85
2025-06-30,2025-07-03,592.0,put,0.05,0.06,0.06,0.05,538,3423,0.21975,-0.01489,3,617.85
2025-06-30,2025-07-03,592.5,call,25.15,25.45,25.3,24.34,1,768,0.01488,1.0,3,617.85
2025-06-30,2025-07-03,592.5,put,0.05,0.06,0.06,0.05,88,6185,0.21,-0.01291,3,617.85
2025-06-30,2025-07-03,593.0,call,24.65,24.95,24.8,24.8,15,1311,0.01488,1.0,3,617.85
2025-06-30,2025-07-03,593.0,put,0.05,0.06,0.06,0.06,411,3250,0.21,-0.01446,3,617.85
2025-06-30,2025-07-03,594.0,call,23.62,23.95,23.79,24.02,11,1531,0.01488,1.0,3,617.85
2025-06-30,2025-07-03,594.0,put,0.05,0.06,0.06,0.06,461,3436,0.20024,-0.014,3,617.85
2025-06-30,2025-07-03,595.0,call,22.75,22.91,22.83,23.15,112,2043,0.01488,1.0,3,617.85
2025-06-30,2025-07-03,595.0,put,0.06,0.07,0.07,0.07,1764,5830,0.20024,-0.01767,3,617.85
2025-06-30,2025-07-03,596.0,call,21.76,21.91,21.84,23.52,24,1119,0.01488,1.0,3,617.85
2025-06-30,2025-07-03,596.0,put,0.07,0.08,0.08,0.07,583,1681,0.20024,-0.02211,3,617.85
2025-06-30,2025-07-03,597.0,call,20.77,20.92,20.84,21.47,17,1064,0.01488,1.0,3,617.85
2025-06-30,2025-07-03,597.0,put,0.08,0.09,0.08,0.07,888,2378,0.19048,-0.02184,3,617.85
2025-06-30,2025-07-03,597.5,call,20.28,20.43,20.36,19.05,6,1023,0.01488,1.0,3,617.85
2025-06-30,2025-07-03,597.5,put,0.08,0.09,0.08,0.09,55,3085,0.18073,-0.01904,3,617.85
2025-06-30,2025-07-03,598.0,call,19.78,19.93,19.86,20.65,70,1704,0.01488,1.0,3,617.85
2025-06-30,2025-07-03,598.0,put,0.09,0.1,0.1,0.1,931,2871,0.19048,-0.02742,3,617.85
2025-06-30,2025-07-03,599.0,call,18.8,18.95,18.88,20.03,33,1346,0.01488,1.0,3,617.85
2025-06-30,2025-07-03,599.0,put,0.1,0.11,0.11,0.1,825,2726,0.18073,-0.02737,3,617.85
2025-06-30,2025-07-03,600.0,call,17.82,17.97,17.89,17.8,234,4924,0.01488,1.0,3,617.85
2025-06-30,2025-07-03,600.0,put,0.12,0.13,0.12,0.12,9666,11640,0.18073,-0.03444,3,617.85
2025-06-30,2025-07-03,601.0,call,16.84,16.99,16.91,17.23,72,788,0.01488,1.0,3,617.85
2025-06-30,2025-07-03,601.0,put,0.14,0.15,0.15,0.14,1938,3215,0.17097,-0.03479,3,617.85
2025-06-30,2025-07-03,602.0,call,15.87,16.02,15.95,17.0,57,5949,0.01488,1.0,3,617.85
2025-06-30,2025-07-03,602.0,put,0.17,0.18,0.17,0.18,2416,2815,0.17097,-0.04388,3,617.85
2025-06-30,2025-07-03,603.0,call,14.91,15.05,14.98,16.09,96,2634,0.01488,1.0,3,617.85
2025-06-30,2025-07-03,603.0,put,0.2,0.21,0.21,0.21,2005,2230,0.17097,-0.05477,3,617.85
2025-06-30,2025-07-03,604.0,call,13.95,14.09,14.02,15.36,126,2412,0.01488,1.0,3,617.85
2025-06-30,2025-07-03,604.0,put,0.24,0.26,0.25,0.26,1388,2738,0.16122,-0.05673,3,617.85
2025-06-30,2025-07-03,605.0,call,13.0,13.14,13.07,14.54,662,12023,0.08317,0.99773,3,617.85
2025-06-30,2025-07-03,605.0,put,0.29,0.31,0.3,0.3,7754,9229,0.16122,-0.07083,3,617.85
2025-06-30,2025-07-03,606.0,call,12.07,12.2,12.13,12.03,332,2365,0.11244,0.9738,3,617.85
2025-06-30,2025-07-03,606.0,put,0.36,0.37,0.36,0.36,1584,2752,0.16122,-0.08745,3,617.85
2025-06-30,2025-07-03,607.0,call,11.14,11.25,11.2,11.62,326,4971,0.12219,0.94918,3,617.85
2025-06-30,2025-07-03,607.0,put,0.43,0.44,0.43,0.43,3669,2479,0.16122,-0.10678,3,617.85
2025-06-30,2025-07-03,607.5,call,10.69,10.81,10.75,10.6,107,558,0.12219,0.94093,3,617.85
2025-06-30,2025-07-03,607.5,put,0.47,0.48,0.47,0.44,1278,769,0.15146,-0.10328,3,617.85
2025-06-30,2025-07-03,608.0,call,10.23,10.34,10.29,10.78,672,1991,0.12219,0.93167,3,617.85
2025-06-30,2025-07-03,608.0,put,0.52,0.53,0.53,0.54,12523,3438,0.16122,-0.12898,3,617.85
2025-06-30,2025-07-03,609.0,call,9.34,9.44,9.39,9.6,392,2091,0.12219,0.90988,3,617.85
2025-06-30,2025-07-03,609.0,put,0.62,0.64,0.63,0.63,7405,4791,0.15146,-0.1393,3,617.85
2025-06-30,2025-07-03,610.0,call,8.47,8.58,8.53,8.51,2988,6581,0.13195,0.86534,3,617.85
2025-06-30,2025-07-03,610.0,put,0.74,0.76,0.75,0.77,24765,8587,0.15146,-0.16752,3,617.85
2025-06-30,2025-07-03,611.0,call,7.62,7.72,7.67,8.08,1025,3347,0.13195,0.83341,3,617.85
2025-06-30,2025-07-03,611.0,put,0.89,0.91,0.9,0.91,4755,4004,0.15146,-0.19914,3,617.85
2025-06-30,2025-07-03,612.0,call,6.8,6.89,6.84,6.88,1810,3173,0.13195,0.79702,3,617.85
2025-06-30,2025-07-03,612.0,put,1.07,1.09,1.08,1.11,7405,5237,0.1417,-0.21927,3,617.85
2025-06-30,2025-07-03,613.0,call,6.02,6.09,6.05,5.88,2154,3790,0.12219,0.77309,3,617.85
2025-06-30,2025-07-03,613.0,put,1.27,1.29,1.28,1.29,8838,1417,0.1417,-0.25863,3,617.85
2025-06-30,2025-07-03,614.0,call,5.27,5.33,5.3,5.28,5999,4619,0.12219,0.72639,3,617.85
2025-06-30,2025-07-03,614.0,put,1.52,1.54,1.53,1.52,8653,2413,0.1417,-0.30129,3,617.85
2025-06-30,2025-07-03,615.0,call,4.56,4.61,4.58,4.55,10030,7080,0.12219,0.67545,3,617.85
2025-06-30,2025-07-03,615.0,put,1.8,1.83,1.81,1.81,18881,3920,0.1417,-0.34678,3,617.85
2025-06-30,2025-07-03,616.0,call,3.9,3.93,3.92,3.92,20587,4667,0.12219,0.6211,3,617.85
2025-06-30,2025-07-03,616.0,put,2.14,2.16,2.15,2.17,25989,1420,0.1417,-0.39452,3,617.85
2025-06-30,2025-07-03,617.0,call,3.28,3.31,3.29,3.31,26830,5077,0.12219,0.56432,3,617.85
2025-06-30,2025-07-03,617.0,put,2.52,2.55,2.54,2.57,17879,548,0.13195,-0.44006,3,617.85
2025-06-30,2025-07-03,618.0,call,2.72,2.75,2.74,2.71,30979,6443,0.12219,0.50628,3,617.85
2025-06-30,2025-07-03,618.0,put,2.96,2.99,2.98,2.99,8207,246,0.13195,-0.49384,3,617.85
2025-06-30,2025-07-03,619.0,call,2.21,2.24,2.23,2.18,8035,1640,0.12219,0.44821,3,617.85
2025-06-30,2025-07-03,619.0,put,3.47,3.5,3.49,3.58,3816,98,0.13195,-0.54765,3,617.85
2025-06-30,2025-07-03,620.0,call,1.77,1.79,1.78,1.76,31965,16396,0.12219,0.39131,3,617.85
2025-06-30,2025-07-03,620.0,put,4.03,4.07,4.05,4.09,3860,421,0.13195,-0.60051,3,617.85
2025-06-30,2025-07-03,621.0,call,1.38,1.4,1.39,1.38,6924,3030,0.11244,0.32316,3,617.85
2025-06-30,2025-07-03,621.0,put,4.65,4.72,4.69,4.69,716,86,0.13195,-0.6515,3,617.85
2025-06-30,2025-07-03,622.0,call,1.06,1.08,1.07,1.07,6811,4502,0.11244,0.26871,3,617.85
2025-06-30,2025-07-03,622.0,put,5.34,5.43,5.38,5.42,1000,33,0.13195,-0.69982,3,617.85
2025-06-30,2025-07-03,623.0,call,0.79,0.81,0.8,0.8,11791,4380,0.11244,0.21937,3,617.85
2025-06-30,2025-07-03,623.0,put,6.09,6.19,6.14,6.0,395,39,0.13195,-0.74479,3,617.85
2025-06-30,2025-07-03,624.0,call,0.58,0.6,0.59,0.59,4200,3726,0.11244,0.17576,3,617.85
2025-06-30,2025-07-03,624.0,put,6.9,7.01,6.96,6.15,399,16,0.1417,-0.76939,3,617.85
2025-06-30,2025-07-03,625.0,call,0.41,0.43,0.42,0.42,7024,5531,0.11244,0.13813,3,617.85
2025-06-30,2025-07-03,625.0,put,7.76,7.88,7.82,7.5,469,105,0.1417,-0.80552,3,617.85
2025-06-30,2025-07-03,626.0,call,0.29,0.3,0.29,0.29,3828,3248,0.11244,0.10646,3,617.85
2025-06-30,2025-07-03,626.0,put,8.66,8.79,8.72,8.8,534,205,0.15146,-0.82163,3,617.85
2025-06-30,2025-07-03,627.0,call,0.19,0.2,0.2,0.19,2368,1497,0.11244,0.08043,3,617.85
2025-06-30,2025-07-03,627.0,put,9.59,9.74,9.66,10.85,31,0,0.16122,-0.83501,3,617.85
2025-06-30,2025-07-03,628.0,call,0.13,0.14,0.14,0.13,6387,2789,0.11244,0.05956,3,617.85
2025-06-30,2025-07-03,628.0,put,9.51,11.77,10.64,11.95,5,0,0.17097,-0.84626,3,617.85
2025-06-30,2025-07-03,629.0,call,0.08,0.09,0.08,0.09,1582,844,0.10268,0.03016,3,617.85
2025-06-30,2025-07-03,629.0,put,10.41,12.77,11.59,0.0,0,0,0.17097,-0.86932,3,617.85
2025-06-30,2025-07-03,630.0,call,0.05,0.06,0.06,0.06,7557,6006,0.11244,0.03071,3,617.85
2025-06-30,2025-07-03,630.0,put,11.35,13.41,12.38,0.0,0,7,0.16122,-0.90333,3,617.85
2025-06-30,2025-07-03,631.0,call,0.04,0.05,0.04,0.05,2625,235,0.11244,0.02138,3,617.85
2025-06-30,2025-07-03,631.0,put,12.35,14.5,13.43,0.0,0,0,0.18073,-0.89534,3,617.85
2025-06-30,2025-07-03,632.0,call,0.02,0.03,0.03,0.04,511,586,0.11244,0.01458,3,617.85
2025-06-30,2025-07-03,632.0,put,13.56,15.86,14.71,14.2,10,1,0.21975,-0.86623,3,617.85
2025-06-30,2025-07-03,633.0,call,0.02,0.03,0.03,0.03,1183,856,0.12219,0.01581,3,617.85
2025-06-30,2025-07-03,633.0,put,14.78,16.43,15.61,0.0,0,0,0.21975,-0.88261,3,617.85
2025-06-30,2025-07-03,634.0,call,0.01,0.02,0.01,0.02,531,215,0.11244,0.00636,3,617.85
2025-06-30,2025-07-03,634.0,put,15.35,17.69,16.52,0.0,0,1,0.21975,-0.89749,3,617.85
2025-06-30,2025-07-03,635.0,call,0.01,0.02,0.01,0.01,1195,3625,0.11244,0.00407,3,617.85
2025-06-30,2025-07-03,635.0,put,16.34,18.77,17.55,18.91,104,0,0.22951,-0.90119,3,617.85
2025-06-30,2025-07-03,636.0,call,0.01,0.02,0.01,0.02,239,112,0.12219,0.005,3,617.85
2025-06-30,2025-07-03,636.0,put,17.34,19.54,18.44,0.0,0,0,0.22951,-0.91371,3,617.85
2025-06-30,2025-07-03,637.0,call,0.01,0.02,0.01,0.01,83,118,0.13195,0.00594,3,617.85
2025-06-30,2025-07-03,637.0,put,18.28,20.89,19.59,0.0,0,0,0.25877,-0.8987,3,617.85
2025-06-30,2025-07-03,638.0,call,0.01,0.02,0.01,0.01,20,24,0.13195,0.00406,3,617.85
2025-06-30,2025-07-03,638.0,put,19.28,21.84,20.56,0.0,0,0,0.25877,-0.91005,3,617.85
2025-06-30,2025-07-03,639.0,call,0.01,0.02,0.01,0.02,137,302,0.1417,0.00486,3,617.85
2025-06-30,2025-07-03,639.0,put,20.81,22.39,21.6,0.0,0,0,0.27829,-0.90446,3,617.85
2025-06-30,2025-07-03,640.0,call,0.01,0.02,0.01,0.01,370,1085,0.1417,0.00339,3,617.85
2025-06-30,2025-07-03,640.0,put,21.46,23.39,22.43,22.7,4,1,0.26853,-0.9222,3,617.85
2025-06-30,2025-07-03,641.0,call,0.01,0.02,0.01,0.01,0,25,0.15146,0.00407,3,617.85
2025-06-30,2025-07-03,641.0,put,22.46,24.41,23.44,0.0,0,0,0.27829,-0.92382,3,617.85
2025-06-30,2025-07-03,642.0,call,0.01,0.02,0.01,0.02,1,220,0.15146,0.00289,3,617.85
2025-06-30,2025-07-03,642.0,put,23.28,25.43,24.36,0.0,0,0,0.27829,-0.93229,3,617.85
2025-06-30,2025-07-03,643.0,call,0.01,0.02,0.01,0.01,0,564,0.16122,0.00349,3,617.85
2025-06-30,2025-07-03,643.0,put,24.28,26.43,25.36,0.0,0,0,0.28804,-0.93335,3,617.85
2025-06-30,2025-07-03,644.0,call,0.01,0.02,0.01,0.01,27,188,0.17097,0.0041,3,617.85
2025-06-30,2025-07-03,644.0,put,25.28,27.4,26.34,27.5,3,5,0.28804,-0.9407,3,617.85
2025-06-30,2025-07-03,645.0,put,26.48,28.83,27.66,0.0,0,0,0.33682,-0.91642,3,617.85
2025-06-30,2025-07-03,646.0,put,27.3,29.41,28.36,0.0,0,0,0.30755,-0.94193,3,617.85
2025-06-30,2025-07-03,647.0,put,28.3,30.41,29.36,0.0,0,0,0.31731,-0.94246,3,617.85
2025-06-30,2025-07-03,648.0,put,29.3,31.89,30.59,0.0,0,0,0.35633,-0.92615,3,617.85
2025-06-30,2025-07-03,649.0,put,30.28,32.84,31.56,0.0,0,0,0.36609,-0.92712,3,617.85
2025-06-30,2025-07-03,650.0,put,31.46,33.65,32.55,0.0,0,0,0.37584,-0.92803,3,617.85
2025-06-30,2025-07-03,651.0,put,32.46,34.41,33.44,0.0,0,0,0.36609,-0.93912,3,617.85
2025-06-30,2025-07-03,652.0,put,33.28,35.89,34.59,0.0,0,0,0.39536,-0.92964,3,617.85
2025-06-30,2025-07-03,653.0,put,34.48,36.81,35.64,0.0,0,0,0.40511,-0.93036,3,617.85
2025-06-30,2025-07-03,654.0,put,35.48,37.91,36.69,0.0,0,0,0.42462,-0.92627,3,617.85
2025-06-30,2025-07-03,655.0,put,36.48,38.41,37.44,0.0,0,0,0.39536,-0.94533,3,617.85
2025-06-30,2025-07-03,656.0,put,37.3,39.84,38.57,0.0,0,0,0.42462,-0.93673,3,617.85
2025-06-30,2025-07-03,657.0,put,38.48,40.83,39.66,0.0,0,0,0.44414,-0.93279,3,617.85
2025-06-30,2025-07-03,658.0,put,39.3,41.81,40.55,0.0,0,0,0.44414,-0.93756,3,617.85
2025-06-30,2025-07-03,659.0,put,40.3,42.77,41.53,0.0,0,0,0.44414,-0.94207,3,617.85
2025-06-30,2025-07-03,660.0,put,41.46,43.81,42.64,0.0,0,0,0.4734,-0.93421,3,617.85
2025-06-30,2025-07-03,661.0,put,42.48,44.81,43.64,0.0,0,0,0.4734,-0.93861,3,617.85
2025-06-30,2025-07-03,662.0,put,43.38,45.81,44.59,0.0,0,0,0.48316,-0.93891,3,617.85
2025-06-30,2025-07-03,663.0,put,44.48,46.41,45.44,0.0,0,0,0.46365,-0.95037,3,617.85
2025-06-30,2025-07-03,664.0,put,45.3,47.81,46.55,0.0,0,0,0.49292,-0.94314,3,617.85
2025-06-30,2025-07-03,665.0,put,46.37,48.41,47.39,0.0,0,0,0.4734,-0.95389,3,617.85
2025-06-30,2025-07-03,666.0,put,47.3,49.41,48.35,0.0,0,0,0.4734,-0.95717,3,617.85
2025-06-30,2025-07-03,667.0,put,48.48,50.41,49.44,0.0,0,0,0.49292,-0.95377,3,617.85
2025-06-30,2025-07-03,668.0,put,49.48,51.41,50.44,0.0,0,0,0.50267,-0.95371,3,617.85
2025-06-30,2025-07-03,669.0,put,50.48,52.41,51.44,0.0,0,0,0.51243,-0.95364,3,617.85
2025-06-30,2025-07-03,670.0,put,51.3,53.41,52.35,0.0,0,0,0.50267,-0.95973,3,617.85
2025-06-30,2025-07-03,671.0,put,52.3,54.41,53.35,0.0,0,0,0.51243,-0.95955,3,617.85
2025-06-30,2025-07-03,672.0,put,53.81,55.41,54.61,0.0,0,0,0.56121,-0.94725,3,617.85
2025-06-30,2025-07-03,673.0,put,54.36,56.41,55.38,0.0,0,0,0.53194,-0.9592,3,617.85
2025-06-30,2025-07-03,674.0,put,55.46,57.41,56.44,0.0,0,0,0.55145,-0.95616,3,617.85
2025-06-30,2025-07-03,675.0,put,56.46,58.81,57.64,0.0,0,0,0.59047,-0.9473,3,617.85
2025-06-30,2025-07-03,680.0,put,61.46,63.39,62.42,0.0,0,0,0.59047,-0.96054,3,617.85
2025-06-30,2025-07-03,685.0,put,66.48,68.41,67.44,0.0,0,0,0.6295,-0.96189,3,617.85
2025-06-30,2025-07-03,690.0,put,71.3,73.41,72.35,0.0,0,0,0.64901,-0.96723,3,617.85
2025-06-30,2025-07-03,695.0,put,76.28,78.41,77.34,79.3,2,0,0.67828,-0.96974,3,617.85
2025-06-30,2025-07-03,700.0,put,81.28,83.41,82.34,82.2,2,0,0.7173,-0.97006,3,617.85
2025-06-30,2025-07-07,450.0,call,166.88,168.82,167.85,168.32,10,0,0.01488,1.0,7,617.85
2025-06-30,2025-07-07,455.0,call,161.89,163.87,162.88,0.0,0,0,0.01488,1.0,7,617.85
2025-06-30,2025-07-07,460.0,call,156.97,158.83,157.9,0.0,0,0,0.01488,1.0,7,617.85
2025-06-30,2025-07-07,465.0,call,151.8,153.82,152.81,0.0,0,0,0.01488,1.0,7,617.85
2025-06-30,2025-07-07,470.0,call,146.98,148.81,147.89,0.0,0,0,0.01488,1.0,7,617.85
2025-06-30,2025-07-07,475.0,call,141.84,143.8,142.82,0.0,0,0,0.01488,1.0,7,617.85
2025-06-30,2025-07-07,480.0,call,136.99,138.92,137.95,0.0,0,0,0.01488,1.0,7,617.85
2025-06-30,2025-07-07,485.0,call,131.84,133.81,132.82,129.3,0,1,0.01488,1.0,7,617.85
2025-06-30,2025-07-07,490.0,call,127.0,128.85,127.92,0.0,0,0,0.01488,1.0,7,617.85
2025-06-30,2025-07-07,495.0,call,121.83,123.82,122.82,0.0,0,0,0.01488,1.0,7,617.85
2025-06-30,2025-07-07,495.0,put,0.01,0.02,0.01,0.01,1,12,0.51243,-0.00076,7,617.85
2025-06-30,2025-07-07,500.0,call,117.01,118.81,117.91,0.0,0,0,0.01488,1.0,7,617.85
2025-06-30,2025-07-07,500.0,put,0.01,0.02,0.01,0.01,32,479,0.49292,-0.00083,7,617.85
2025-06-30,2025-07-07,505.0,call,111.58,113.84,112.71,0.0,0,0,0.01488,1.0,7,617.85
2025-06-30,2025-07-07,505.0,put,0.01,0.02,0.01,0.01,1,503,0.4734,-0.0009,7,617.85
2025-06-30,2025-07-07,510.0,call,107.02,108.87,107.94,0.0,0,0,0.01488,1.0,7,617.85
2025-06-30,2025-07-07,510.0,put,0.01,0.02,0.01,0.01,2,130,0.45389,-0.00098,7,617.85
2025-06-30,2025-07-07,515.0,call,101.88,103.9,102.89,0.0,0,0,0.01488,1.0,7,617.85
2025-06-30,2025-07-07,515.0,put,0.01,0.02,0.01,0.01,9,108,0.43438,-0.00107,7,617.85
2025-06-30,2025-07-07,520.0,call,97.03,98.86,97.94,0.0,0,0,0.01488,1.0,7,617.85
2025-06-30,2025-07-07,520.0,put,0.01,0.02,0.01,0.01,169,59,0.40511,-0.00092,7,617.85
2025-06-30,2025-07-07,525.0,call,92.01,93.72,92.87,71.88,0,0,0.01488,1.0,7,617.85
2025-06-30,2025-07-07,525.0,put,0.01,0.02,0.01,0.02,291,436,0.3856,-0.00099,7,617.85
2025-06-30,2025-07-07,530.0,call,87.04,88.85,87.94,0.0,0,0,0.01488,1.0,7,617.85
2025-06-30,2025-07-07,530.0,put,0.01,0.02,0.01,0.01,3,76,0.36609,-0.00108,7,617.85
2025-06-30,2025-07-07,535.0,call,82.0,83.97,82.98,0.0,0,0,0.01488,1.0,7,617.85
2025-06-30,2025-07-07,535.0,put,0.01,0.02,0.01,0.01,723,344,0.34658,-0.00118,7,617.85
2025-06-30,2025-07-07,540.0,call,77.05,78.9,77.97,0.0,0,0,0.01488,1.0,7,617.85
2025-06-30,2025-07-07,540.0,put,0.02,0.03,0.03,0.02,732,175,0.36609,-0.00349,7,617.85
2025-06-30,2025-07-07,545.0,call,72.06,73.84,72.95,0.0,0,0,0.01488,1.0,7,617.85
2025-06-30,2025-07-07,545.0,put,0.02,0.03,0.03,0.02,3,78,0.33682,-0.00316,7,617.85
2025-06-30,2025-07-07,550.0,call,67.0,68.93,67.97,0.0,0,0,0.01488,1.0,7,617.85
2025-06-30,2025-07-07,550.0,put,0.02,0.03,0.03,0.02,22,295,0.31731,-0.00359,7,617.85
2025-06-30,2025-07-07,555.0,call,62.0,63.93,62.97,0.0,0,0,0.01488,1.0,7,617.85
2025-06-30,2025-07-07,555.0,put,0.02,0.03,0.03,0.02,1041,233,0.2978,-0.00412,7,617.85
2025-06-30,2025-07-07,560.0,call,57.08,58.0,57.54,37.54,0,0,0.01488,1.0,7,617.85
2025-06-30,2025-07-07,560.0,put,0.03,0.04,0.04,0.05,47,621,0.27829,-0.00477,7,617.85
2025-06-30,2025-07-07,565.0,call,52.09,54.01,53.05,51.76,0,7,0.01488,1.0,7,617.85
2025-06-30,2025-07-07,565.0,put,0.03,0.04,0.04,0.04,1551,1344,0.25877,-0.0056,7,617.85
2025-06-30,2025-07-07,570.0,call,47.1,48.91,48.0,46.77,12,5,0.01488,1.0,7,617.85
2025-06-30,2025-07-07,570.0,put,0.03,0.04,0.04,0.04,39,1294,0.23926,-0.00667,7,617.85
2025-06-30,2025-07-07,571.0,call,46.1,47.9,47.0,0.0,0,0,0.01488,1.0,7,617.85
2025-06-30,2025-07-07,571.0,put,0.04,0.05,0.04,0.0,0,975,0.22951,-0.00582,7,617.85
2025-06-30,2025-07-07,572.0,call,45.0,46.96,45.98,42.65,0,2,0.01488,1.0,7,617.85
2025-06-30,2025-07-07,572.0,put,0.04,0.05,0.04,0.07,16,68,0.22951,-0.00679,7,617.85
2025-06-30,2025-07-07,573.0,call,44.0,46.01,45.0,0.0,0,0,0.01488,1.0,7,617.85
2025-06-30,2025-07-07,573.0,put,0.04,0.05,0.04,0.04,71,31,0.21975,-0.00589,7,617.85
2025-06-30,2025-07-07,574.0,call,43.1,44.94,44.02,42.38,0,0,0.01488,1.0,7,617.85
2025-06-30,2025-07-07,574.0,put,0.04,0.05,0.04,0.08,2,749,0.21975,-0.00692,7,617.85
2025-06-30,2025-07-07,575.0,call,42.11,44.02,43.06,38.36,0,22,0.01488,1.0,7,617.85
2025-06-30,2025-07-07,575.0,put,0.04,0.05,0.04,0.05,178,653,0.21,-0.00596,7,617.85
2025-06-30,2025-07-07,576.0,call,41.12,42.97,42.05,40.48,0,1,0.01488,1.0,7,617.85
2025-06-30,2025-07-07,576.0,put,0.04,0.05,0.04,0.06,225,53,0.21,-0.00705,7,617.85
2025-06-30,2025-07-07,577.0,call,40.0,41.86,40.93,0.0,0,0,0.01488,1.0,7,617.85
2025-06-30,2025-07-07,577.0,put,0.04,0.05,0.04,0.06,102,660,0.20024,-0.00603,7,617.85
2025-06-30,2025-07-07,578.0,call,39.11,40.92,40.02,0.0,0,0,0.01488,1.0,7,617.85
2025-06-30,2025-07-07,578.0,put,0.05,0.06,0.06,0.0,0,327,0.21,-0.00975,7,617.85
2025-06-30,2025-07-07,579.0,call,38.17,39.9,39.03,38.3,9,1,0.01488,1.0,7,617.85
2025-06-30,2025-07-07,579.0,put,0.05,0.06,0.06,0.04,36,69,0.21,-0.01141,7,617.85
2025-06-30,2025-07-07,580.0,call,37.12,38.98,38.05,37.47,8,8,0.01488,1.0,7,617.85
2025-06-30,2025-07-07,580.0,put,0.05,0.06,0.06,0.06,273,1582,0.20024,-0.01007,7,617.85
2025-06-30,2025-07-07,581.0,call,36.06,37.98,37.02,27.69,0,2,0.01488,1.0,7,617.85
2025-06-30,2025-07-07,581.0,put,0.05,0.06,0.06,0.06,29,53,0.20024,-0.01187,7,617.85
2025-06-30,2025-07-07,582.0,call,35.13,37.04,36.09,34.49,0,1,0.01488,1.0,7,617.85
2025-06-30,2025-07-07,582.0,put,0.06,0.07,0.07,0.05,147,457,0.19048,-0.01043,7,617.85
2025-06-30,2025-07-07,583.0,call,34.13,35.99,35.06,34.52,1,2,0.01488,1.0,7,617.85
2025-06-30,2025-07-07,583.0,put,0.06,0.07,0.07,0.06,15,204,0.19048,-0.01236,7,617.85
2025-06-30,2025-07-07,584.0,call,33.14,34.95,34.05,27.57,0,1,0.01488,1.0,7,617.85
2025-06-30,2025-07-07,584.0,put,0.06,0.07,0.07,0.07,49,855,0.18073,-0.01081,7,617.85
2025-06-30,2025-07-07,585.0,call,32.26,34.05,33.16,32.22,1,106,0.01488,1.0,7,617.85
2025-06-30,2025-07-07,585.0,put,0.07,0.08,0.08,0.07,440,1845,0.18073,-0.01292,7,617.85
2025-06-30,2025-07-07,586.0,call,31.84,32.0,31.92,30.67,10,10,0.01488,1.0,7,617.85
2025-06-30,2025-07-07,586.0,put,0.07,0.08,0.08,0.07,165,1262,0.18073,-0.01537,7,617.85
2025-06-30,2025-07-07,587.0,call,30.85,31.0,30.93,28.88,0,2,0.01488,1.0,7,617.85
2025-06-30,2025-07-07,587.0,put,0.08,0.09,0.08,0.07,10,685,0.17097,-0.01354,7,617.85
2025-06-30,2025-07-07,588.0,call,29.86,30.01,29.94,20.65,0,1,0.01488,1.0,7,617.85
2025-06-30,2025-07-07,588.0,put,0.08,0.09,0.08,0.08,151,504,0.17097,-0.01624,7,617.85
2025-06-30,2025-07-07,589.0,call,28.86,29.02,28.94,27.67,1,2,0.01488,1.0,7,617.85
2025-06-30,2025-07-07,589.0,put,0.09,0.1,0.1,0.09,217,557,0.17097,-0.01939,7,617.85
2025-06-30,2025-07-07,590.0,call,27.87,28.03,27.95,29.35,29,224,0.01488,1.0,7,617.85
2025-06-30,2025-07-07,590.0,put,0.1,0.11,0.11,0.1,902,4560,0.17097,-0.02303,7,617.85
2025-06-30,2025-07-07,591.0,call,26.88,27.04,26.96,26.04,1,16,0.01488,1.0,7,617.85
2025-06-30,2025-07-07,591.0,put,0.11,0.12,0.11,0.11,85,794,0.16122,-0.02075,7,617.85
2025-06-30,2025-07-07,592.0,call,25.9,26.05,25.98,24.34,1,1,0.01488,1.0,7,617.85
2025-06-30,2025-07-07,592.0,put,0.12,0.13,0.12,0.11,1560,164,0.16122,-0.02484,7,617.85
2025-06-30,2025-07-07,593.0,call,24.91,25.07,24.99,23.03,0,6,0.01488,1.0,7,617.85
2025-06-30,2025-07-07,593.0,put,0.14,0.15,0.15,0.13,513,398,0.16122,-0.02957,7,617.85
2025-06-30,2025-07-07,594.0,call,23.93,24.08,24.0,19.86,0,2,0.01488,1.0,7,617.85
2025-06-30,2025-07-07,594.0,put,0.15,0.16,0.15,0.15,667,148,0.15146,-0.027,7,617.85
2025-06-30,2025-07-07,595.0,call,22.95,23.1,23.02,22.98,5,273,0.01488,1.0,7,617.85
2025-06-30,2025-07-07,595.0,put,0.17,0.18,0.17,0.17,1330,3521,0.15146,-0.03239,7,617.85
2025-06-30,2025-07-07,596.0,call,21.97,22.12,22.05,21.51,8,8,0.01488,1.0,7,617.85
2025-06-30,2025-07-07,596.0,put,0.19,0.2,0.2,0.2,156,555,0.15146,-0.03864,7,617.85
2025-06-30,2025-07-07,597.0,call,21.0,21.15,21.07,19.99,24,11,0.01488,1.0,7,617.85
2025-06-30,2025-07-07,597.0,put,0.22,0.23,0.23,0.22,265,263,0.15146,-0.04583,7,617.85
2025-06-30,2025-07-07,598.0,call,20.03,20.18,20.11,19.97,7,14,0.01488,1.0,7,617.85
2025-06-30,2025-07-07,598.0,put,0.25,0.26,0.26,0.25,669,225,0.15146,-0.05403,7,617.85
2025-06-30,2025-07-07,599.0,call,19.07,19.21,19.14,18.51,7,12,0.01488,1.0,7,617.85
2025-06-30,2025-07-07,599.0,put,0.28,0.29,0.29,0.3,515,138,0.1417,-0.05144,7,617.85
2025-06-30,2025-07-07,600.0,call,18.11,18.25,18.18,18.6,83,890,0.01488,1.0,7,617.85
2025-06-30,2025-07-07,600.0,put,0.32,0.34,0.33,0.34,4111,4820,0.1417,-0.06105,7,617.85
2025-06-30,2025-07-07,601.0,call,17.16,17.3,17.23,16.65,13,37,0.01488,1.0,7,617.85
2025-06-30,2025-07-07,601.0,put,0.37,0.38,0.38,0.37,653,233,0.1417,-0.07199,7,617.85
2025-06-30,2025-07-07,602.0,call,16.22,16.35,16.29,15.73,30,72,0.01488,1.0,7,617.85
2025-06-30,2025-07-07,602.0,put,0.43,0.44,0.43,0.4,1172,2378,0.1417,-0.08434,7,617.85
2025-06-30,2025-07-07,603.0,call,15.29,15.42,15.36,16.16,13,45,0.07341,0.99343,7,617.85
2025-06-30,2025-07-07,603.0,put,0.49,0.5,0.49,0.5,592,653,0.13195,-0.08288,7,617.85
2025-06-30,2025-07-07,604.0,call,14.36,14.49,14.43,14.38,20,96,0.09292,0.96658,7,617.85
2025-06-30,2025-07-07,604.0,put,0.56,0.58,0.57,0.58,572,598,0.13195,-0.09761,7,617.85
2025-06-30,2025-07-07,605.0,call,13.45,13.58,13.52,14.21,279,2421,0.09292,0.95583,7,617.85
2025-06-30,2025-07-07,605.0,put,0.65,0.66,0.66,0.67,2243,4873,0.13195,-0.11415,7,617.85
2025-06-30,2025-07-07,606.0,call,12.55,12.68,12.62,12.5,74,300,0.10268,0.92327,7,617.85
2025-06-30,2025-07-07,606.0,put,0.75,0.76,0.76,0.76,2821,1670,0.13195,-0.13256,7,617.85
2025-06-30,2025-07-07,607.0,call,11.67,11.78,11.72,12.11,188,293,0.10268,0.90515,7,617.85
2025-06-30,2025-07-07,607.0,put,0.86,0.87,0.86,0.87,6934,1191,0.13195,-0.15288,7,617.85
2025-06-30,2025-07-07,608.0,call,10.8,10.91,10.86,11.24,39,850,0.10268,0.88409,7,617.85
2025-06-30,2025-07-07,608.0,put,0.98,1.0,0.99,1.0,1710,961,0.13195,-0.17513,7,617.85
2025-06-30,2025-07-07,609.0,call,9.95,10.05,10.0,10.37,275,837,0.10268,0.85995,7,617.85
2025-06-30,2025-07-07,609.0,put,1.13,1.15,1.14,1.16,1158,495,0.12219,-0.18138,7,617.85
2025-06-30,2025-07-07,610.0,call,9.12,9.2,9.16,9.0,526,1336,0.10268,0.83266,7,617.85
2025-06-30,2025-07-07,610.0,put,1.3,1.32,1.31,1.33,7544,2470,0.12219,-0.20806,7,617.85
2025-06-30,2025-07-07,611.0,call,8.32,8.4,8.36,8.65,715,653,0.10268,0.80221,7,617.85
2025-06-30,2025-07-07,611.0,put,1.49,1.51,1.5,1.5,2007,700,0.12219,-0.23688,7,617.85
2025-06-30,2025-07-07,612.0,call,7.54,7.62,7.58,7.6,1785,1940,0.10268,0.76869,7,617.85
2025-06-30,2025-07-07,612.0,put,1.71,1.73,1.72,1.66,1637,666,0.12219,-0.26772,7,617.85
2025-06-30,2025-07-07,613.0,call,6.79,6.86,6.83,7.1,971,983,0.10268,0.73228,7,617.85
2025-06-30,2025-07-07,613.0,put,1.96,1.98,1.97,1.97,1894,855,0.12219,-0.3004,7,617.85
2025-06-30,2025-07-07,614.0,call,6.08,6.14,6.11,7.1,1306,704,0.10268,0.69325,7,617.85
2025-06-30,2025-07-07,614.0,put,2.24,2.26,2.25,2.07,4674,1508,0.12219,-0.33472,7,617.85
2025-06-30,2025-07-07,615.0,call,5.4,5.45,5.43,5.42,16321,8559,0.10268,0.65197,7,617.85
2025-06-30,2025-07-07,615.0,put,2.55,2.58,2.56,2.58,5887,1238,0.12219,-0.37041,7,617.85
2025-06-30,2025-07-07,616.0,call,4.76,4.8,4.78,4.75,4954,959,0.10268,0.60888,7,617.85
2025-06-30,2025-07-07,616.0,put,2.9,2.93,2.92,2.95,5061,485,0.11244,-0.39986,7,617.85
2025-06-30,2025-07-07,617.0,call,4.16,4.19,4.18,4.15,13028,613,0.10268,0.56447,7,617.85
2025-06-30,2025-07-07,617.0,put,3.29,3.32,3.3,3.32,5868,267,0.11244,-0.44057,7,617.85
2025-06-30,2025-07-07,618.0,call,3.59,3.62,3.6,3.54,10429,932,0.10268,0.51932,7,617.85
2025-06-30,2025-07-07,618.0,put,3.73,3.76,3.75,3.77,3238,128,0.11244,-0.48184,7,617.85
2025-06-30,2025-07-07,619.0,call,3.07,3.1,3.08,3.05,4672,523,0.10268,0.47398,7,617.85
2025-06-30,2025-07-07,619.0,put,4.21,4.24,4.22,4.25,862,70,0.11244,-0.52325,7,617.85
2025-06-30,2025-07-07,620.0,call,2.59,2.62,2.6,2.6,7589,1485,0.10268,0.42905,7,617.85
2025-06-30,2025-07-07,620.0,put,4.74,4.77,4.75,4.8,4115,2381,0.11244,-0.56434,7,617.85
2025-06-30,2025-07-07,621.0,call,2.16,2.19,2.17,2.31,2630,343,0.09292,0.37289,7,617.85
2025-06-30,2025-07-07,621.0,put,5.31,5.36,5.33,5.0,168,5,0.11244,-0.60468,7,617.85
2025-06-30,2025-07-07,622.0,call,1.78,1.81,1.79,1.77,2248,535,0.09292,0.32663,7,617.85
2025-06-30,2025-07-07,622.0,put,5.93,6.0,5.96,5.66,37,89,0.11244,-0.64387,7,617.85
2025-06-30,2025-07-07,623.0,call,1.45,1.47,1.46,1.58,867,380,0.09292,0.28296,7,617.85
2025-06-30,2025-07-07,623.0,put,6.61,6.69,6.65,6.3,44,252,0.11244,-0.68153,7,617.85
2025-06-30,2025-07-07,624.0,call,1.16,1.18,1.17,1.14,2037,551,0.09292,0.24237,7,617.85
2025-06-30,2025-07-07,624.0,put,7.34,7.43,7.38,7.03,4,4,0.11244,-0.71735,7,617.85
2025-06-30,2025-07-07,625.0,call,0.92,0.94,0.93,0.92,3436,763,0.09292,0.20521,7,617.85
2025-06-30,2025-07-07,625.0,put,8.11,8.21,8.16,8.3,530,4,0.11244,-0.75106,7,617.85
2025-06-30,2025-07-07,626.0,call,0.71,0.73,0.72,0.69,1219,536,0.09292,0.17172,7,617.85
2025-06-30,2025-07-07,626.0,put,8.93,9.04,8.98,9.0,432,200,0.12219,-0.76328,7,617.85
2025-06-30,2025-07-07,627.0,call,0.55,0.56,0.56,0.56,773,351,0.09292,0.14199,7,617.85
2025-06-30,2025-07-07,627.0,put,9.79,9.92,9.86,9.58,15,0,0.12219,-0.79138,7,617.85
2025-06-30,2025-07-07,628.0,call,0.41,0.42,0.41,0.47,524,292,0.09292,0.116,7,617.85
2025-06-30,2025-07-07,628.0,put,10.69,10.82,10.75,10.46,28,8,0.12219,-0.81737,7,617.85
2025-06-30,2025-07-07,629.0,call,0.3,0.31,0.3,0.34,1019,1294,0.09292,0.0936,7,617.85
2025-06-30,2025-07-07,629.0,put,11.61,11.75,11.68,11.2,7,4,0.13195,-0.82231,7,617.85
2025-06-30,2025-07-07,630.0,call,0.22,0.23,0.23,0.22,4996,3262,0.09292,0.0746,7,617.85
2025-06-30,2025-07-07,630.0,put,12.58,12.72,12.65,11.89,4,1,0.1417,-0.82645,7,617.85
2025-06-30,2025-07-07,635.0,call,0.04,0.05,0.04,0.05,2683,1295,0.09292,0.01986,7,617.85
2025-06-30,2025-07-07,635.0,put,16.56,18.41,17.48,0.0,0,0,0.16122,-0.8806,7,617.85
2025-06-30,2025-07-07,640.0,call,0.01,0.02,0.01,0.02,695,805,0.09292,0.00384,7,617.85
2025-06-30,2025-07-07,640.0,put,21.51,23.41,22.46,0.0,0,0,0.20024,-0.88997,7,617.85
2025-06-30,2025-07-07,645.0,call,0.01,0.02,0.01,0.01,339,543,0.11244,0.00346,7,617.85
2025-06-30,2025-07-07,645.0,put,26.57,28.41,27.49,0.0,0,0,0.22951,-0.90508,7,617.85
2025-06-30,2025-07-07,650.0,call,0.01,0.02,0.01,0.01,1094,303,0.13195,0.00325,7,617.85
2025-06-30,2025-07-07,650.0,put,31.57,33.41,32.49,0.0,0,0,0.25877,-0.91534,7,617.85
2025-06-30,2025-07-07,655.0,put,36.56,38.41,37.48,0.0,0,0,0.28804,-0.92263,7,617.85
2025-06-30,2025-07-07,660.0,put,41.55,43.41,42.48,0.0,0,0,0.31731,-0.92799,7,617.85
2025-06-30,2025-07-07,665.0,put,46.49,48.41,47.45,0.0,0,0,0.34658,-0.93201,7,617.85
2025-06-30,2025-07-07,670.0,put,51.56,53.41,52.48,51.0,3,0,0.37584,-0.9351,7,617.85
2025-06-30,2025-07-07,675.0,put,56.48,58.41,57.44,0.0,0,0,0.39536,-0.94217,7,617.85
2025-06-30,2025-07-07,680.0,put,61.55,63.41,62.48,0.0,0,0,0.42462,-0.94368,7,617.85
2025-06-30,2025-07-07,685.0,put,66.49,68.41,67.45,0.0,0,0,0.45389,-0.94484,7,617.85
2025-06-30,2025-07-07,690.0,put,71.49,73.41,72.45,0.0,0,0,0.4734,-0.94942,7,617.85
2025-06-30,2025-07-07,695.0,put,76.55,78.41,77.48,0.0,0,0,0.50267,-0.94987,7,617.85
2025-06-30,2025-07-07,700.0,put,81.49,83.41,82.45,0.0,0,0,0.53194,-0.95017,7,617.85
2025-06-30,2025-07-08,450.0,call,167.03,168.89,167.96,0.0,0,0,0.01488,1.0,8,617.85
2025-06-30,2025-07-08,455.0,call,162.04,163.87,162.95,0.0,0,0,0.01488,1.0,8,617.85
2025-06-30,2025-07-08,460.0,call,157.05,158.93,157.99,0.0,0,0,0.01488,1.0,8,617.85
2025-06-30,2025-07-08,465.0,call,152.05,153.86,152.96,0.0,0,0,0.01488,1.0,8,617.85
2025-06-30,2025-07-08,470.0,call,146.93,148.91,147.92,0.0,0,0,0.01488,1.0,8,617.85
2025-06-30,2025-07-08,475.0,call,142.06,143.98,143.02,0.0,0,0,0.01488,1.0,8,617.85
2025-06-30,2025-07-08,480.0,call,137.07,138.89,137.98,0.0,0,0,0.01488,1.0,8,617.85
2025-06-30,2025-07-08,480.0,put,0.01,0.02,0.01,0.0,0,0,0.54169,-0.00069,8,617.85
2025-06-30,2025-07-08,485.0,call,132.0,133.95,132.97,0.0,0,0,0.01488,1.0,8,617.85
2025-06-30,2025-07-08,485.0,put,0.01,0.02,0.01,0.0,0,302,0.52218,-0.00073,8,617.85
2025-06-30,2025-07-08,490.0,call,127.08,128.94,128.01,0.0,0,0,0.01488,1.0,8,617.85
2025-06-30,2025-07-08,490.0,put,0.01,0.02,0.01,0.02,1,6,0.50267,-0.00077,8,617.85
2025-06-30,2025-07-08,495.0,call,122.09,123.99,123.04,0.0,0,0,0.01488,1.0,8,617.85
2025-06-30,2025-07-08,495.0,put,0.01,0.02,0.01,0.02,20,0,0.48316,-0.00082,8,617.85
2025-06-30,2025-07-08,500.0,call,117.0,119.01,118.0,0.0,0,0,0.01488,1.0,8,617.85
2025-06-30,2025-07-08,500.0,put,0.01,0.02,0.01,0.0,0,32,0.46365,-0.00087,8,617.85
2025-06-30,2025-07-08,505.0,call,112.1,114.0,113.05,0.0,0,0,0.01488,1.0,8,617.85
2025-06-30,2025-07-08,505.0,put,0.01,0.02,0.01,0.02,154,14,0.44414,-0.00092,8,617.85
2025-06-30,2025-07-08,510.0,call,107.1,108.88,107.99,0.0,0,0,0.01488,1.0,8,617.85
2025-06-30,2025-07-08,510.0,put,0.01,0.02,0.01,0.01,2,340,0.42462,-0.00097,8,617.85
2025-06-30,2025-07-08,515.0,call,102.11,103.97,103.04,0.0,0,0,0.01488,1.0,8,617.85
2025-06-30,2025-07-08,515.0,put,0.01,0.02,0.01,0.02,986,32,0.40511,-0.00103,8,617.85
2025-06-30,2025-07-08,520.0,call,97.12,98.97,98.05,0.0,0,0,0.01488,1.0,8,617.85
2025-06-30,2025-07-08,520.0,put,0.01,0.02,0.01,0.02,1010,23,0.3856,-0.00109,8,617.85
2025-06-30,2025-07-08,525.0,call,92.0,94.04,93.02,0.0,0,0,0.01488,1.0,8,617.85
2025-06-30,2025-07-08,525.0,put,0.02,0.03,0.03,0.02,201,352,0.40511,-0.00288,8,617.85
2025-06-30,2025-07-08,530.0,call,87.13,88.96,88.04,0.0,0,0,0.01488,1.0,8,617.85
2025-06-30,2025-07-08,530.0,put,0.02,0.03,0.03,0.03,3,5,0.37584,-0.00255,8,617.85
2025-06-30,2025-07-08,535.0,call,82.13,83.99,83.06,70.09,0,1,0.01488,1.0,8,617.85
2025-06-30,2025-07-08,535.0,put,0.02,0.03,0.03,0.03,127,6,0.35633,-0.00277,8,617.85
2025-06-30,2025-07-08,540.0,call,77.0,79.05,78.03,65.29,0,0,0.01488,1.0,8,617.85
2025-06-30,2025-07-08,540.0,put,0.02,0.03,0.03,0.04,38,370,0.33682,-0.00303,8,617.85
2025-06-30,2025-07-08,545.0,call,72.15,73.93,73.04,0.0,0,0,0.01488,1.0,8,617.85
2025-06-30,2025-07-08,545.0,put,0.02,0.03,0.03,0.05,125,315,0.31731,-0.00332,8,617.85
2025-06-30,2025-07-08,550.0,call,67.16,69.02,68.09,55.2,0,0,0.01488,1.0,8,617.85
2025-06-30,2025-07-08,550.0,put,0.03,0.04,0.04,0.03,4,43,0.30755,-0.00468,8,617.85
2025-06-30,2025-07-08,555.0,call,62.17,64.0,63.09,0.0,0,0,0.01488,1.0,8,617.85
2025-06-30,2025-07-08,555.0,put,0.03,0.04,0.04,0.03,4,20,0.28804,-0.00524,8,617.85
2025-06-30,2025-07-08,560.0,call,57.16,59.01,58.08,56.6,122,0,0.01488,1.0,8,617.85
2025-06-30,2025-07-08,560.0,put,0.04,0.05,0.04,0.04,160,64,0.25877,-0.00453,8,617.85
2025-06-30,2025-07-08,565.0,call,52.19,54.02,53.11,40.57,0,0,0.01488,1.0,8,617.85
2025-06-30,2025-07-08,565.0,put,0.04,0.05,0.04,0.05,31,363,0.23926,-0.0051,8,617.85
2025-06-30,2025-07-08,570.0,call,47.02,49.06,48.04,47.34,120,3,0.01488,1.0,8,617.85
2025-06-30,2025-07-08,570.0,put,0.05,0.06,0.06,0.06,22,486,0.22951,-0.00782,8,617.85
2025-06-30,2025-07-08,575.0,call,42.22,44.12,43.17,42.51,2,4,0.01488,1.0,8,617.85
2025-06-30,2025-07-08,575.0,put,0.06,0.07,0.07,0.11,35,505,0.21,-0.00919,8,617.85
2025-06-30,2025-07-08,577.0,call,40.13,42.13,41.13,0.0,0,0,0.01488,1.0,8,617.85
2025-06-30,2025-07-08,577.0,put,0.07,0.08,0.08,0.12,71,337,0.21,-0.01234,8,617.85
2025-06-30,2025-07-08,578.0,call,39.23,41.09,40.16,0.0,0,0,0.01488,1.0,8,617.85
2025-06-30,2025-07-08,578.0,put,0.07,0.08,0.08,0.08,91,255,0.20024,-0.01084,8,617.85
2025-06-30,2025-07-08,579.0,call,38.23,40.09,39.16,0.0,0,0,0.01488,1.0,8,617.85
2025-06-30,2025-07-08,579.0,put,0.07,0.08,0.08,0.1,11,61,0.20024,-0.01263,8,617.85
2025-06-30,2025-07-08,580.0,call,37.92,38.07,38.0,30.14,0,1,0.01488,1.0,8,617.85
2025-06-30,2025-07-08,580.0,put,0.08,0.09,0.08,0.08,151,844,0.19048,-0.01103,8,617.85
2025-06-30,2025-07-08,581.0,call,36.24,38.1,37.17,0.0,0,0,0.01488,1.0,8,617.85
2025-06-30,2025-07-08,581.0,put,0.08,0.09,0.08,0.07,21,126,0.19048,-0.01293,8,617.85
2025-06-30,2025-07-08,582.0,call,35.93,36.08,36.0,0.0,0,0,0.01488,1.0,8,617.85
2025-06-30,2025-07-08,582.0,put,0.09,0.1,0.1,0.12,6,51,0.19048,-0.0151,8,617.85
2025-06-30,2025-07-08,583.0,call,34.93,35.09,35.01,32.66,0,1,0.01488,1.0,8,617.85
2025-06-30,2025-07-08,583.0,put,0.09,0.1,0.1,0.1,84,266,0.19048,-0.01758,8,617.85
2025-06-30,2025-07-08,584.0,call,33.94,34.1,34.02,0.0,0,0,0.01488,1.0,8,617.85
2025-06-30,2025-07-08,584.0,put,0.1,0.11,0.11,0.16,25,439,0.18073,-0.01559,8,617.85
2025-06-30,2025-07-08,585.0,call,32.95,33.1,33.03,31.95,1,0,0.01488,1.0,8,617.85
2025-06-30,2025-07-08,585.0,put,0.11,0.12,0.11,0.1,131,511,0.18073,-0.01827,8,617.85
2025-06-30,2025-07-08,586.0,call,31.96,32.11,32.03,29.95,0,1,0.01488,1.0,8,617.85
2025-06-30,2025-07-08,586.0,put,0.11,0.12,0.11,0.17,31,286,0.17097,-0.01613,8,617.85
2025-06-30,2025-07-08,587.0,call,30.97,31.12,31.05,0.0,0,0,0.01488,1.0,8,617.85
2025-06-30,2025-07-08,587.0,put,0.12,0.13,0.12,0.19,15,421,0.17097,-0.01905,8,617.85
2025-06-30,2025-07-08,588.0,call,29.98,30.13,30.05,27.11,0,1,0.01488,1.0,8,617.85
2025-06-30,2025-07-08,588.0,put,0.13,0.14,0.14,0.13,11,119,0.17097,-0.0224,8,617.85
2025-06-30,2025-07-08,589.0,call,28.99,29.15,29.07,0.0,0,0,0.01488,1.0,8,617.85
2025-06-30,2025-07-08,589.0,put,0.14,0.15,0.15,0.14,47,177,0.17097,-0.02623,8,617.85
2025-06-30,2025-07-08,590.0,call,28.01,28.16,28.09,25.28,0,3,0.01488,1.0,8,617.85
2025-06-30,2025-07-08,590.0,put,0.16,0.17,0.17,0.16,302,586,0.17097,-0.03058,8,617.85
2025-06-30,2025-07-08,591.0,call,27.02,27.18,27.1,0.0,0,0,0.01488,1.0,8,617.85
2025-06-30,2025-07-08,591.0,put,0.17,0.18,0.17,0.16,24,83,0.16122,-0.02786,8,617.85
2025-06-30,2025-07-08,592.0,call,26.04,26.19,26.12,25.14,0,1,0.01488,1.0,8,617.85
2025-06-30,2025-07-08,592.0,put,0.19,0.2,0.2,0.19,783,313,0.16122,-0.03271,8,617.85
2025-06-30,2025-07-08,593.0,call,25.06,25.21,25.13,24.43,2,2,0.01488,1.0,8,617.85
2025-06-30,2025-07-08,593.0,put,0.21,0.22,0.21,0.21,112,456,0.16122,-0.03822,8,617.85
2025-06-30,2025-07-08,594.0,call,24.09,24.24,24.16,23.16,0,51,0.01488,1.0,8,617.85
2025-06-30,2025-07-08,594.0,put,0.23,0.24,0.23,0.2,69,73,0.15146,-0.03521,8,617.85
2025-06-30,2025-07-08,595.0,call,23.12,23.27,23.2,23.76,8,101,0.01488,1.0,8,617.85
2025-06-30,2025-07-08,595.0,put,0.26,0.27,0.27,0.25,496,932,0.15146,-0.04145,8,617.85
2025-06-30,2025-07-08,596.0,call,22.15,22.3,22.23,21.1,0,18,0.01488,1.0,8,617.85
2025-06-30,2025-07-08,596.0,put,0.29,0.3,0.29,0.29,30,333,0.15146,-0.04853,8,617.85
2025-06-30,2025-07-08,597.0,call,21.18,21.33,21.25,16.0,0,7,0.01488,1.0,8,617.85
2025-06-30,2025-07-08,597.0,put,0.32,0.34,0.33,0.35,226,197,0.15146,-0.05654,8,617.85
2025-06-30,2025-07-08,598.0,call,20.23,20.37,20.3,20.6,14,9,0.01488,1.0,8,617.85
2025-06-30,2025-07-08,598.0,put,0.36,0.38,0.37,0.34,71,200,0.15146,-0.06554,8,617.85
2025-06-30,2025-07-08,599.0,call,19.27,19.41,19.34,18.81,3,5,0.01488,1.0,8,617.85
2025-06-30,2025-07-08,599.0,put,0.41,0.42,0.41,0.43,190,278,0.1417,-0.06268,8,617.85
2025-06-30,2025-07-08,600.0,call,18.33,18.47,18.4,17.2,4,84,0.01488,1.0,8,617.85
2025-06-30,2025-07-08,600.0,put,0.46,0.47,0.46,0.45,446,2070,0.1417,-0.07309,8,617.85
2025-06-30,2025-07-08,601.0,call,17.39,17.53,17.46,15.26,0,21,0.09292,0.9815,8,617.85
2025-06-30,2025-07-08,601.0,put,0.52,0.54,0.53,0.48,147,167,0.1417,-0.08476,8,617.85
2025-06-30,2025-07-08,602.0,call,16.46,16.6,16.53,12.83,0,95,0.10268,0.96243,8,617.85
2025-06-30,2025-07-08,602.0,put,0.59,0.6,0.59,0.6,135,397,0.1417,-0.09774,8,617.85
2025-06-30,2025-07-08,603.0,call,15.54,15.67,15.61,14.7,2,13,0.10268,0.95258,8,617.85
2025-06-30,2025-07-08,603.0,put,0.67,0.68,0.68,0.64,199,164,0.1417,-0.11211,8,617.85
2025-06-30,2025-07-08,604.0,call,14.64,14.76,14.7,13.76,1,29,0.10268,0.94079,8,617.85
2025-06-30,2025-07-08,604.0,put,0.76,0.77,0.77,0.76,694,180,0.1417,-0.12789,8,617.85
2025-06-30,2025-07-08,605.0,call,13.74,13.87,13.8,15.38,8,341,0.11244,0.9079,8,617.85
2025-06-30,2025-07-08,605.0,put,0.86,0.88,0.87,0.88,494,790,0.13195,-0.12834,8,617.85
2025-06-30,2025-07-08,606.0,call,12.86,12.98,12.92,14.5,32,95,0.11244,0.89041,8,617.85
2025-06-30,2025-07-08,606.0,put,0.98,0.99,0.98,1.0,326,146,0.13195,-0.14693,8,617.85
2025-06-30,2025-07-08,607.0,call,11.99,12.1,12.04,12.86,11,114,0.11244,0.87069,8,617.85
2025-06-30,2025-07-08,607.0,put,1.11,1.12,1.12,1.15,102,347,0.13195,-0.1672,8,617.85
2025-06-30,2025-07-08,608.0,call,11.14,11.25,11.2,12.05,10,125,0.11244,0.84868,8,617.85
2025-06-30,2025-07-08,608.0,put,1.25,1.27,1.26,1.07,266,311,0.13195,-0.18915,8,617.85
2025-06-30,2025-07-08,609.0,call,10.31,10.41,10.36,11.51,12,204,0.11244,0.82435,8,617.85
2025-06-30,2025-07-08,609.0,put,1.42,1.43,1.42,1.43,779,1496,0.13195,-0.21275,8,617.85
2025-06-30,2025-07-08,610.0,call,9.5,9.59,9.54,10.2,41,479,0.11244,0.79772,8,617.85
2025-06-30,2025-07-08,610.0,put,1.6,1.62,1.61,1.64,1288,743,0.13195,-0.23795,8,617.85
2025-06-30,2025-07-08,611.0,call,8.72,8.8,8.76,9.09,107,98,0.11244,0.76886,8,617.85
2025-06-30,2025-07-08,611.0,put,1.81,1.83,1.82,1.73,235,304,0.13195,-0.26465,8,617.85
2025-06-30,2025-07-08,612.0,call,7.96,8.03,7.99,8.89,200,287,0.11244,0.73789,8,617.85
2025-06-30,2025-07-08,612.0,put,2.05,2.07,2.06,2.05,1083,443,0.12219,-0.27847,8,617.85
2025-06-30,2025-07-08,613.0,call,7.22,7.29,7.25,8.1,212,441,0.11244,0.70498,8,617.85
2025-06-30,2025-07-08,613.0,put,2.31,2.33,2.32,2.33,516,290,0.12219,-0.30954,8,617.85
2025-06-30,2025-07-08,614.0,call,6.52,6.57,6.54,6.88,133,507,0.11244,0.67034,8,617.85
2025-06-30,2025-07-08,614.0,put,2.6,2.62,2.61,2.44,718,196,0.12219,-0.34199,8,617.85
2025-06-30,2025-07-08,615.0,call,5.85,5.9,5.88,6.11,711,760,0.11244,0.63423,8,617.85
2025-06-30,2025-07-08,615.0,put,2.93,2.95,2.94,2.94,380,572,0.12219,-0.37559,8,617.85
2025-06-30,2025-07-08,616.0,call,5.21,5.25,5.23,5.39,1439,424,0.10268,0.60538,8,617.85
2025-06-30,2025-07-08,616.0,put,3.28,3.31,3.29,3.02,1695,113,0.12219,-0.41011,8,617.85
2025-06-30,2025-07-08,617.0,call,4.61,4.64,4.62,4.65,1582,286,0.10268,0.56379,8,617.85
2025-06-30,2025-07-08,617.0,put,3.68,3.71,3.7,3.73,1693,17,0.12219,-0.44528,8,617.85
2025-06-30,2025-07-08,618.0,call,4.04,4.07,4.05,4.07,1019,346,0.10268,0.52156,8,617.85
2025-06-30,2025-07-08,618.0,put,4.11,4.14,4.12,4.14,748,37,0.12219,-0.48082,8,617.85
2025-06-30,2025-07-08,619.0,call,3.51,3.55,3.53,3.53,656,774,0.10268,0.47915,8,617.85
2025-06-30,2025-07-08,619.0,put,4.58,4.62,4.6,4.63,434,4,0.12219,-0.51647,8,617.85
2025-06-30,2025-07-08,620.0,call,3.03,3.06,3.04,3.0,3951,1136,0.10268,0.43704,8,617.85
2025-06-30,2025-07-08,620.0,put,5.1,5.14,5.12,5.23,637,7,0.12219,-0.55192,8,617.85
2025-06-30,2025-07-08,621.0,call,2.58,2.61,2.59,2.69,506,772,0.10268,0.3957,8,617.85
2025-06-30,2025-07-08,621.0,put,5.66,5.71,5.69,5.7,34,1,0.11244,-0.5949,8,617.85
2025-06-30,2025-07-08,622.0,call,2.18,2.21,2.2,2.41,651,152,0.10268,0.35556,8,617.85
2025-06-30,2025-07-08,622.0,put,6.26,6.32,6.29,0.0,0,3,0.11244,-0.63188,8,617.85
2025-06-30,2025-07-08,623.0,call,1.83,1.85,1.84,2.0,276,89,0.10268,0.31703,8,617.85
2025-06-30,2025-07-08,623.0,put,6.91,6.98,6.95,0.0,0,0,0.11244,-0.66761,8,617.85
2025-06-30,2025-07-08,624.0,call,1.51,1.53,1.52,1.5,369,57,0.10268,0.28044,8,617.85
2025-06-30,2025-07-08,624.0,put,7.6,7.69,7.64,7.7,9,9,0.12219,-0.68652,8,617.85
2025-06-30,2025-07-08,625.0,call,1.23,1.26,1.25,1.62,344,231,0.10268,0.24608,8,617.85
2025-06-30,2025-07-08,625.0,put,8.34,8.44,8.39,9.1,1,19,0.12219,-0.71719,8,617.85
2025-06-30,2025-07-08,626.0,call,1.0,1.02,1.01,0.98,172,270,0.10268,0.21417,8,617.85
2025-06-30,2025-07-08,626.0,put,9.12,9.23,9.18,0.0,0,6,0.12219,-0.7463,8,617.85
2025-06-30,2025-07-08,627.0,call,0.79,0.81,0.8,0.78,371,163,0.09292,0.16042,8,617.85
2025-06-30,2025-07-08,627.0,put,9.95,10.06,10.0,11.68,2,0,0.12219,-0.77371,8,617.85
2025-06-30,2025-07-08,628.0,call,0.63,0.64,0.64,0.9,305,55,0.09292,0.13381,8,617.85
2025-06-30,2025-07-08,628.0,put,10.81,10.93,10.87,11.14,16,0,0.12219,-0.79933,8,617.85
2025-06-30,2025-07-08,629.0,call,0.49,0.5,0.49,0.53,814,155,0.09292,0.11043,8,617.85
2025-06-30,2025-07-08,629.0,put,11.7,11.83,11.77,0.0,0,0,0.13195,-0.80434,8,617.85
2025-06-30,2025-07-08,630.0,call,0.37,0.38,0.38,0.4,3426,1483,0.09292,0.09017,8,617.85
2025-06-30,2025-07-08,630.0,put,12.62,12.76,12.69,0.0,0,1,0.13195,-0.82602,8,617.85
2025-06-30,2025-07-08,635.0,call,0.08,0.09,0.08,0.09,1441,10488,0.09292,0.02779,8,617.85
2025-06-30,2025-07-08,635.0,put,16.74,18.41,17.57,18.99,1,0,0.16122,-0.86334,8,617.85
2025-06-30,2025-07-08,640.0,call,0.02,0.03,0.03,0.03,185,10111,0.10268,0.01232,8,617.85
2025-06-30,2025-07-08,640.0,put,21.31,23.41,22.36,0.0,0,5,0.18073,-0.89753,8,617.85
2025-06-30,2025-07-08,645.0,call,0.01,0.02,0.01,0.02,330,111,0.10268,0.0029,8,617.85
2025-06-30,2025-07-08,645.0,put,26.55,28.41,27.48,0.0,0,0,0.21975,-0.8991,8,617.85
2025-06-30,2025-07-08,650.0,call,0.01,0.02,0.01,0.02,306,550,0.12219,0.00305,8,617.85
2025-06-30,2025-07-08,650.0,put,31.55,33.41,32.48,0.0,0,0,0.24902,-0.90853,8,617.85
2025-06-30,2025-07-08,655.0,call,0.01,0.02,0.01,0.02,41,306,0.1417,0.00319,8,617.85
2025-06-30,2025-07-08,655.0,put,36.49,38.37,37.43,0.0,0,0,0.26853,-0.92292,8,617.85
2025-06-30,2025-07-08,660.0,put,41.54,43.41,42.47,0.0,0,0,0.30755,-0.92011,8,617.85
2025-06-30,2025-07-08,665.0,put,46.55,48.4,47.47,0.0,0,0,0.32707,-0.92989,8,617.85
2025-06-30,2025-07-08,670.0,put,51.54,53.41,52.47,0.0,0,0,0.35633,-0.93211,8,617.85
2025-06-30,2025-07-08,675.0,put,56.51,58.41,57.46,0.0,0,0,0.3856,-0.93378,8,617.85
2025-06-30,2025-07-08,680.0,put,61.56,63.41,62.48,0.0,0,0,0.40511,-0.9397,8,617.85
2025-06-30,2025-07-08,685.0,put,66.56,68.41,67.48,0.0,0,0,0.43438,-0.94032,8,617.85
2025-06-30,2025-07-08,690.0,put,71.49,73.41,72.45,0.0,0,0,0.45389,-0.94474,8,617.85
2025-06-30,2025-07-08,695.0,put,76.56,78.81,77.69,0.0,0,0,0.50267,-0.93714,8,617.85
2025-06-30,2025-07-08,700.0,put,81.48,83.41,82.44,0.0,0,0,0.50267,-0.94818,8,617.85
2025-06-30,2025-07-09,450.0,call,167.1,168.92,168.01,168.47,10,0,0.01488,1.0,9,617.85
2025-06-30,2025-07-09,455.0,call,162.1,163.92,163.01,0.0,0,0,0.01488,1.0,9,617.85
2025-06-30,2025-07-09,460.0,call,157.11,158.96,158.04,0.0,0,0,0.01488,1.0,9,617.85
2025-06-30,2025-07-09,460.0,put,0.01,0.02,0.01,0.01,1,10,0.59047,-0.0006,9,617.85
2025-06-30,2025-07-09,465.0,call,152.11,153.94,153.03,0.0,0,0,0.01488,1.0,9,617.85
2025-06-30,2025-07-09,465.0,put,0.01,0.02,0.01,0.0,0,40,0.57096,-0.00063,9,617.85
2025-06-30,2025-07-09,470.0,call,147.12,148.95,148.03,0.0,0,0,0.01488,1.0,9,617.85
2025-06-30,2025-07-09,470.0,put,0.01,0.02,0.01,0.01,1,1,0.55145,-0.00065,9,617.85
2025-06-30,2025-07-09,475.0,call,142.13,143.99,143.06,0.0,0,0,0.01488,1.0,9,617.85
2025-06-30,2025-07-09,475.0,put,0.01,0.02,0.01,0.0,0,100,0.53194,-0.00068,9,617.85
2025-06-30,2025-07-09,480.0,call,137.14,138.97,138.06,0.0,0,0,0.01488,1.0,9,617.85
2025-06-30,2025-07-09,480.0,put,0.01,0.02,0.01,0.0,0,2,0.51243,-0.00071,9,617.85
2025-06-30,2025-07-09,485.0,call,132.14,133.81,132.97,0.0,0,0,0.01488,1.0,9,617.85
2025-06-30,2025-07-09,485.0,put,0.01,0.02,0.01,0.01,2,139,0.49292,-0.00074,9,617.85
2025-06-30,2025-07-09,490.0,call,127.15,129.0,128.07,0.0,0,0,0.01488,1.0,9,617.85
2025-06-30,2025-07-09,490.0,put,0.01,0.02,0.01,0.0,0,1,0.4734,-0.00076,9,617.85
2025-06-30,2025-07-09,495.0,call,122.0,123.99,123.0,0.0,0,0,0.01488,1.0,9,617.85
2025-06-30,2025-07-09,495.0,put,0.01,0.02,0.01,0.0,0,1,0.45389,-0.00079,9,617.85
2025-06-30,2025-07-09,500.0,call,117.16,118.99,118.07,0.0,0,0,0.01488,1.0,9,617.85
2025-06-30,2025-07-09,500.0,put,0.01,0.02,0.01,0.02,1,3,0.43438,-0.00081,9,617.85
2025-06-30,2025-07-09,505.0,call,112.17,114.09,113.13,0.0,0,0,0.01488,1.0,9,617.85
2025-06-30,2025-07-09,505.0,put,0.02,0.03,0.03,0.0,0,46,0.46365,-0.00239,9,617.85
2025-06-30,2025-07-09,510.0,call,107.18,109.08,108.13,0.0,0,0,0.01488,1.0,9,617.85
2025-06-30,2025-07-09,510.0,put,0.02,0.03,0.03,0.0,0,7,0.44414,-0.00255,9,617.85
2025-06-30,2025-07-09,515.0,call,102.19,104.03,103.11,0.0,0,0,0.01488,1.0,9,617.85
2025-06-30,2025-07-09,515.0,put,0.02,0.03,0.03,0.03,126,20,0.41487,-0.00223,9,617.85
2025-06-30,2025-07-09,520.0,call,97.19,99.01,98.1,0.0,0,0,0.01488,1.0,9,617.85
2025-06-30,2025-07-09,520.0,put,0.02,0.03,0.03,0.04,201,153,0.39536,-0.00236,9,617.85
2025-06-30,2025-07-09,525.0,call,92.2,94.06,93.13,0.0,0,0,0.01488,1.0,9,617.85
2025-06-30,2025-07-09,525.0,put,0.02,0.03,0.03,0.05,202,0,0.37584,-0.0025,9,617.85
2025-06-30,2025-07-09,530.0,call,87.21,89.06,88.13,0.0,0,0,0.01488,1.0,9,617.85
2025-06-30,2025-07-09,530.0,put,0.03,0.04,0.04,0.03,18,6,0.36609,-0.00331,9,617.85
2025-06-30,2025-07-09,535.0,call,82.22,83.99,83.1,0.0,0,0,0.01488,1.0,9,617.85
2025-06-30,2025-07-09,535.0,put,0.03,0.04,0.04,0.0,0,276,0.34658,-0.00355,9,617.85
2025-06-30,2025-07-09,540.0,call,77.22,78.97,78.09,67.23,0,1,0.01488,1.0,9,617.85
2025-06-30,2025-07-09,540.0,put,0.03,0.04,0.04,0.04,17,17,0.32707,-0.00381,9,617.85
2025-06-30,2025-07-09,545.0,call,72.23,74.16,73.19,0.0,0,0,0.01488,1.0,9,617.85
2025-06-30,2025-07-09,545.0,put,0.04,0.05,0.04,0.04,58,7,0.30755,-0.0041,9,617.85
2025-06-30,2025-07-09,550.0,call,67.24,68.99,68.11,0.0,0,0,0.01488,1.0,9,617.85
2025-06-30,2025-07-09,550.0,put,0.04,0.05,0.04,0.07,1,60,0.28804,-0.00442,9,617.85
2025-06-30,2025-07-09,555.0,call,62.26,64.07,63.16,0.0,0,0,0.01488,1.0,9,617.85
2025-06-30,2025-07-09,555.0,put,0.05,0.06,0.06,0.06,21,211,0.27829,-0.00619,9,617.85
2025-06-30,2025-07-09,560.0,call,57.2,59.13,58.17,0.0,0,0,0.01488,1.0,9,617.85
2025-06-30,2025-07-09,560.0,put,0.06,0.07,0.07,0.0,0,321,0.26853,-0.00871,9,617.85
2025-06-30,2025-07-09,565.0,call,52.29,54.15,53.22,0.0,0,0,0.01488,1.0,9,617.85
2025-06-30,2025-07-09,565.0,put,0.07,0.08,0.08,0.07,213,372,0.24902,-0.00981,9,617.85
2025-06-30,2025-07-09,570.0,call,47.3,49.22,48.26,47.41,1,1,0.01488,1.0,9,617.85
2025-06-30,2025-07-09,570.0,put,0.08,0.09,0.08,0.09,57,315,0.22951,-0.01117,9,617.85
2025-06-30,2025-07-09,575.0,call,42.33,44.16,43.24,42.76,1,2,0.01488,1.0,9,617.85
2025-06-30,2025-07-09,575.0,put,0.1,0.11,0.11,0.16,106,1021,0.21975,-0.01654,9,617.85
2025-06-30,2025-07-09,577.0,call,40.33,42.17,41.25,41.95,3,1,0.01488,1.0,9,617.85
2025-06-30,2025-07-09,577.0,put,0.11,0.12,0.11,0.2,592,0,0.21,-0.01687,9,617.85
2025-06-30,2025-07-09,578.0,call,39.35,41.27,40.31,40.94,1,1,0.01488,1.0,9,617.85
2025-06-30,2025-07-09,578.0,put,0.11,0.12,0.11,0.11,2,476,0.20024,-0.015,9,617.85
2025-06-30,2025-07-09,579.0,call,38.35,40.27,39.31,0.0,0,0,0.01488,1.0,9,617.85
2025-06-30,2025-07-09,579.0,put,0.12,0.13,0.12,0.22,4,2,0.20024,-0.01721,9,617.85
2025-06-30,2025-07-09,580.0,call,38.04,38.2,38.12,33.36,0,3,0.01488,1.0,9,617.85
2025-06-30,2025-07-09,580.0,put,0.13,0.14,0.14,0.12,148,253,0.20024,-0.01969,9,617.85
2025-06-30,2025-07-09,581.0,call,36.36,38.25,37.3,0.0,0,0,0.01488,1.0,9,617.85
2025-06-30,2025-07-09,581.0,put,0.13,0.14,0.14,0.0,0,3,0.19048,-0.01758,9,617.85
2025-06-30,2025-07-09,582.0,call,35.37,37.21,36.29,28.45,0,1,0.01488,1.0,9,617.85
2025-06-30,2025-07-09,582.0,put,0.14,0.15,0.15,0.21,8,1148,0.19048,-0.02023,9,617.85
2025-06-30,2025-07-09,583.0,call,34.4,36.22,35.31,0.0,0,0,0.01488,1.0,9,617.85
2025-06-30,2025-07-09,583.0,put,0.15,0.16,0.15,0.0,0,2,0.19048,-0.0232,9,617.85
2025-06-30,2025-07-09,584.0,call,33.4,35.26,34.33,0.0,0,0,0.01488,1.0,9,617.85
2025-06-30,2025-07-09,584.0,put,0.16,0.17,0.17,0.22,1,16,0.19048,-0.02653,9,617.85
2025-06-30,2025-07-09,585.0,call,33.1,33.25,33.17,31.09,0,2,0.01488,1.0,9,617.85
2025-06-30,2025-07-09,585.0,put,0.17,0.19,0.18,0.22,27,437,0.18073,-0.02402,9,617.85
2025-06-30,2025-07-09,586.0,call,32.11,32.26,32.19,31.49,1,1,0.01488,1.0,9,617.85
2025-06-30,2025-07-09,586.0,put,0.19,0.2,0.2,0.27,10,3,0.18073,-0.02763,9,617.85
2025-06-30,2025-07-09,587.0,call,31.13,31.27,31.2,29.62,0,0,0.01488,1.0,9,617.85
2025-06-30,2025-07-09,587.0,put,0.2,0.21,0.21,0.33,2,123,0.18073,-0.03168,9,617.85
2025-06-30,2025-07-09,588.0,call,30.14,30.29,30.21,0.0,0,0,0.01488,1.0,9,617.85
2025-06-30,2025-07-09,588.0,put,0.22,0.23,0.23,0.24,1,40,0.18073,-0.03619,9,617.85
2025-06-30,2025-07-09,589.0,call,29.16,29.31,29.23,0.0,0,0,0.01488,1.0,9,617.85
2025-06-30,2025-07-09,589.0,put,0.24,0.25,0.24,0.37,2,39,0.17097,-0.0333,9,617.85
2025-06-30,2025-07-09,590.0,call,28.19,28.34,28.27,26.06,0,2,0.01488,1.0,9,617.85
2025-06-30,2025-07-09,590.0,put,0.26,0.27,0.27,0.26,26,835,0.17097,-0.03827,9,617.85
2025-06-30,2025-07-09,591.0,call,27.21,27.36,27.29,0.0,0,0,0.01488,1.0,9,617.85
2025-06-30,2025-07-09,591.0,put,0.28,0.29,0.29,0.28,13,30,0.17097,-0.04381,9,617.85
2025-06-30,2025-07-09,592.0,call,26.24,26.39,26.31,23.16,0,7,0.01488,1.0,9,617.85
2025-06-30,2025-07-09,592.0,put,0.31,0.32,0.32,0.28,24,56,0.17097,-0.04997,9,617.85
2025-06-30,2025-07-09,593.0,call,25.27,25.42,25.34,24.58,2,2,0.01488,1.0,9,617.85
2025-06-30,2025-07-09,593.0,put,0.34,0.35,0.34,0.3,243,168,0.16122,-0.04683,9,617.85
2025-06-30,2025-07-09,594.0,call,24.31,24.45,24.38,0.0,0,0,0.01488,1.0,9,617.85
2025-06-30,2025-07-09,594.0,put,0.37,0.38,0.38,0.34,55,237,0.16122,-0.05371,9,617.85
2025-06-30,2025-07-09,595.0,call,23.34,23.49,23.41,19.49,0,10,0.01488,1.0,9,617.85
2025-06-30,2025-07-09,595.0,put,0.41,0.42,0.41,0.42,128,118,0.16122,-0.06136,9,617.85
2025-06-30,2025-07-09,596.0,call,22.39,22.53,22.46,20.73,0,1,0.01488,1.0,9,617.85
2025-06-30,2025-07-09,596.0,put,0.45,0.46,0.46,0.47,33,175,0.16122,-0.06982,9,617.85
2025-06-30,2025-07-09,597.0,call,21.44,21.58,21.51,21.02,2,5,0.09292,0.99251,9,617.85
2025-06-30,2025-07-09,597.0,put,0.5,0.51,0.51,0.48,8,42,0.16122,-0.07914,9,617.85
2025-06-30,2025-07-09,598.0,call,20.5,20.64,20.57,21.61,2,0,0.10268,0.98212,9,617.85
2025-06-30,2025-07-09,598.0,put,0.55,0.57,0.56,0.48,69,164,0.15146,-0.07639,9,617.85
2025-06-30,2025-07-09,599.0,call,19.56,19.7,19.63,19.35,2,5,0.11244,0.96594,9,617.85
2025-06-30,2025-07-09,599.0,put,0.62,0.63,0.62,0.58,244,101,0.15146,-0.08699,9,617.85
2025-06-30,2025-07-09,600.0,call,18.63,18.76,18.7,18.77,17,32,0.11244,0.95816,9,617.85
2025-06-30,2025-07-09,600.0,put,0.68,0.7,0.69,0.66,428,1333,0.15146,-0.09863,9,617.85
2025-06-30,2025-07-09,601.0,call,17.71,17.84,17.77,17.25,8,0,0.11244,0.94902,9,617.85
2025-06-30,2025-07-09,601.0,put,0.76,0.77,0.77,0.66,194,65,0.15146,-0.11135,9,617.85
2025-06-30,2025-07-09,602.0,call,16.8,16.93,16.87,17.42,2,11,0.12219,0.92215,9,617.85
2025-06-30,2025-07-09,602.0,put,0.85,0.86,0.85,0.77,110,209,0.15146,-0.12518,9,617.85
2025-06-30,2025-07-09,603.0,call,15.9,16.03,15.96,15.61,3,4,0.12219,0.90876,9,617.85
2025-06-30,2025-07-09,603.0,put,0.94,0.96,0.95,0.94,22,388,0.1417,-0.12457,9,617.85
2025-06-30,2025-07-09,604.0,call,15.01,15.13,15.07,15.26,12,10,0.12219,0.89377,9,617.85
2025-06-30,2025-07-09,604.0,put,1.05,1.07,1.06,0.96,99,119,0.1417,-0.14052,9,617.85
2025-06-30,2025-07-09,605.0,call,14.13,14.25,14.19,15.24,15,69,0.12219,0.8771,9,617.85
2025-06-30,2025-07-09,605.0,put,1.17,1.19,1.18,1.18,620,498,0.1417,-0.15778,9,617.85
2025-06-30,2025-07-09,606.0,call,13.27,13.38,13.32,13.9,4,32,0.12219,0.85871,9,617.85
2025-06-30,2025-07-09,606.0,put,1.3,1.32,1.31,1.26,35,292,0.1417,-0.17633,9,617.85
2025-06-30,2025-07-09,607.0,call,12.42,12.52,12.47,12.95,35,61,0.12219,0.83857,9,617.85
2025-06-30,2025-07-09,607.0,put,1.45,1.47,1.46,1.25,163,1231,0.1417,-0.19619,9,617.85
2025-06-30,2025-07-09,608.0,call,11.59,11.68,11.63,12.9,23,46,0.12219,0.81669,9,617.85
2025-06-30,2025-07-09,608.0,put,1.62,1.63,1.62,1.38,342,280,0.1417,-0.2173,9,617.85
2025-06-30,2025-07-09,609.0,call,10.78,10.86,10.82,10.83,24,166,0.12219,0.79308,9,617.85
2025-06-30,2025-07-09,609.0,put,1.8,1.82,1.81,1.8,303,103,0.13195,-0.22416,9,617.85
2025-06-30,2025-07-09,610.0,call,9.98,10.07,10.03,10.5,26,414,0.12219,0.76781,9,617.85
2025-06-30,2025-07-09,610.0,put,2.0,2.02,2.01,2.03,752,657,0.13195,-0.24856,9,617.85
2025-06-30,2025-07-09,611.0,call,9.21,9.29,9.25,9.15,47,101,0.12219,0.74095,9,617.85
2025-06-30,2025-07-09,611.0,put,2.23,2.25,2.24,1.9,386,430,0.13195,-0.27426,9,617.85
2025-06-30,2025-07-09,612.0,call,8.46,8.53,8.5,8.39,44,131,0.12219,0.71262,9,617.85
2025-06-30,2025-07-09,612.0,put,2.47,2.5,2.49,2.5,667,168,0.13195,-0.30117,9,617.85
2025-06-30,2025-07-09,613.0,call,7.74,7.8,7.77,7.99,129,356,0.11244,0.69695,9,617.85
2025-06-30,2025-07-09,613.0,put,2.75,2.77,2.76,2.59,844,364,0.13195,-0.32916,9,617.85
2025-06-30,2025-07-09,614.0,call,7.05,7.1,7.07,7.11,25,526,0.11244,0.66398,9,617.85
2025-06-30,2025-07-09,614.0,put,3.05,3.08,3.06,2.93,250,237,0.13195,-0.35809,9,617.85
2025-06-30,2025-07-09,615.0,call,6.39,6.43,6.41,7.4,156,228,0.11244,0.62974,9,617.85
2025-06-30,2025-07-09,615.0,put,3.38,3.41,3.4,3.17,860,182,0.13195,-0.38781,9,617.85
2025-06-30,2025-07-09,616.0,call,5.76,5.8,5.78,6.0,3701,1980,0.11244,0.5945,9,617.85
2025-06-30,2025-07-09,616.0,put,3.75,3.78,3.76,3.65,619,193,0.13195,-0.41815,9,617.85
2025-06-30,2025-07-09,617.0,call,5.15,5.19,5.17,5.39,1162,118,0.11244,0.55854,9,617.85
2025-06-30,2025-07-09,617.0,put,4.14,4.18,4.16,4.22,566,164,0.12219,-0.44552,9,617.85
2025-06-30,2025-07-09,618.0,call,4.58,4.62,4.6,4.8,7873,384,0.11244,0.52215,9,617.85
2025-06-30,2025-07-09,618.0,put,4.57,4.61,4.59,4.55,612,27,0.12219,-0.47903,9,617.85
2025-06-30,2025-07-09,619.0,call,4.05,4.08,4.06,4.22,434,194,0.11244,0.48563,9,617.85
2025-06-30,2025-07-09,619.0,put,5.04,5.08,5.06,5.11,118,15,0.12219,-0.51264,9,617.85
2025-06-30,2025-07-09,620.0,call,3.55,3.58,3.56,3.63,1847,953,0.11244,0.44929,9,617.85
2025-06-30,2025-07-09,620.0,put,5.55,5.58,5.56,5.57,101,34,0.12219,-0.5461,9,617.85
2025-06-30,2025-07-09,621.0,call,3.09,3.12,3.1,3.31,248,55,0.11244,0.41343,9,617.85
2025-06-30,2025-07-09,621.0,put,6.09,6.13,6.11,5.89,29,18,0.12219,-0.57918,9,617.85
2025-06-30,2025-07-09,622.0,call,2.67,2.7,2.69,2.84,231,150,0.11244,0.37833,9,617.85
2025-06-30,2025-07-09,622.0,put,6.67,6.72,6.7,6.18,214,81,0.12219,-0.61166,9,617.85
2025-06-30,2025-07-09,623.0,call,2.29,2.32,2.3,2.39,168,474,0.10268,0.32977,9,617.85
2025-06-30,2025-07-09,623.0,put,7.29,7.36,7.33,6.37,37,0,0.12219,-0.64333,9,617.85
2025-06-30,2025-07-09,624.0,call,1.94,1.97,1.96,1.97,555,281,0.10268,0.29459,9,617.85
2025-06-30,2025-07-09,624.0,put,7.95,8.03,7.99,9.34,15,22,0.12219,-0.67399,9,617.85
2025-06-30,2025-07-09,625.0,call,1.64,1.66,1.65,1.93,393,326,0.10268,0.26131,9,617.85
2025-06-30,2025-07-09,625.0,put,8.66,8.74,8.7,7.76,31,5,0.12219,-0.70347,9,617.85
2025-06-30,2025-07-09,626.0,call,1.37,1.39,1.38,1.5,167,16,0.10268,0.23011,9,617.85
2025-06-30,2025-07-09,626.0,put,9.39,9.49,9.44,0.0,0,43,0.12219,-0.73163,9,617.85
2025-06-30,2025-07-09,627.0,call,1.13,1.15,1.14,1.22,39,119,0.10268,0.20116,9,617.85
2025-06-30,2025-07-09,627.0,put,10.18,10.29,10.23,0.0,0,0,0.12219,-0.75833,9,617.85
2025-06-30,2025-07-09,628.0,call,0.92,0.94,0.93,0.92,348,24,0.10268,0.17456,9,617.85
2025-06-30,2025-07-09,628.0,put,11.0,11.11,11.05,0.0,0,0,0.12219,-0.78348,9,617.85
2025-06-30,2025-07-09,629.0,call,0.75,0.77,0.76,0.99,215,25,0.10268,0.15034,9,617.85
2025-06-30,2025-07-09,629.0,put,11.85,11.98,11.91,0.0,0,0,0.13195,-0.78853,9,617.85
2025-06-30,2025-07-09,630.0,call,0.6,0.61,0.6,0.65,330,1035,0.10268,0.1285,9,617.85
2025-06-30,2025-07-09,630.0,put,12.74,12.87,12.8,0.0,0,4,0.13195,-0.81003,9,617.85
2025-06-30,2025-07-09,635.0,call,0.17,0.18,0.17,0.22,273,133,0.09292,0.03626,9,617.85
2025-06-30,2025-07-09,635.0,put,16.59,18.4,17.49,0.0,0,0,0.15146,-0.86311,9,617.85
2025-06-30,2025-07-09,640.0,call,0.05,0.06,0.06,0.05,120,177,0.10268,0.01742,9,617.85
2025-06-30,2025-07-09,640.0,put,21.55,23.41,22.48,0.0,0,0,0.18073,-0.88284,9,617.85
2025-06-30,2025-07-09,645.0,call,0.02,0.03,0.03,0.05,90,106,0.11244,0.00898,9,617.85
2025-06-30,2025-07-09,645.0,put,26.48,28.41,27.45,0.0,0,0,0.21,-0.89531,9,617.85
2025-06-30,2025-07-09,650.0,call,0.01,0.02,0.01,0.02,48,9,0.11244,0.00253,9,617.85
2025-06-30,2025-07-09,650.0,put,31.48,33.41,32.45,0.0,0,0,0.23926,-0.90371,9,617.85
2025-06-30,2025-07-09,655.0,call,0.01,0.02,0.01,0.02,22,21,0.13195,0.00292,9,617.85
2025-06-30,2025-07-09,655.0,put,36.48,38.54,37.51,0.0,0,0,0.26853,-0.90961,9,617.85
2025-06-30,2025-07-09,660.0,call,0.01,0.02,0.01,0.0,0,0,0.1417,0.00183,9,617.85
2025-06-30,2025-07-09,660.0,put,41.48,43.41,42.44,0.0,0,0,0.28804,-0.92115,9,617.85
2025-06-30,2025-07-09,665.0,call,0.01,0.02,0.01,0.01,0,1,0.16122,0.00218,9,617.85
2025-06-30,2025-07-09,665.0,put,46.48,48.41,47.44,0.0,0,0,0.31731,-0.92359,9,617.85
2025-06-30,2025-07-09,670.0,put,51.56,53.41,52.48,0.0,0,0,0.34658,-0.92537,9,617.85
2025-06-30,2025-07-09,675.0,put,56.48,58.41,57.44,0.0,0,0,0.36609,-0.9321,9,617.85
2025-06-30,2025-07-09,680.0,put,61.57,63.41,62.49,0.0,0,0,0.39536,-0.93263,9,617.85
2025-06-30,2025-07-09,685.0,put,66.48,68.41,67.44,0.0,0,0,0.41487,-0.93758,9,617.85
2025-06-30,2025-07-09,690.0,put,71.57,73.41,72.49,73.46,1,1,0.43438,-0.94173,9,617.85
2025-06-30,2025-07-09,695.0,put,76.48,78.41,77.44,0.0,0,0,0.45389,-0.94523,9,617.85
2025-06-30,2025-07-09,700.0,put,81.48,83.41,82.44,0.0,0,0,0.48316,-0.94446,9,617.85
2025-06-30,2025-07-10,450.0,call,167.16,169.03,168.09,0.0,0,0,0.01488,1.0,10,617.85
2025-06-30,2025-07-10,450.0,put,0.01,0.02,0.01,0.0,0,0,0.60023,-0.00057,10,617.85
2025-06-30,2025-07-10,455.0,call,162.17,164.04,163.1,0.0,0,0,0.01488,1.0,10,617.85
2025-06-30,2025-07-10,455.0,put,0.01,0.02,0.01,0.0,0,0,0.58072,-0.00059,10,617.85
2025-06-30,2025-07-10,460.0,call,157.17,158.98,158.07,0.0,0,0,0.01488,1.0,10,617.85
2025-06-30,2025-07-10,460.0,put,0.01,0.02,0.01,0.0,0,0,0.56121,-0.00061,10,617.85
2025-06-30,2025-07-10,465.0,call,152.11,153.97,153.04,0.0,0,0,0.01488,1.0,10,617.85
2025-06-30,2025-07-10,465.0,put,0.01,0.02,0.01,0.02,50,1,0.54169,-0.00062,10,617.85
2025-06-30,2025-07-10,470.0,call,147.18,149.04,148.11,0.0,0,0,0.01488,1.0,10,617.85
2025-06-30,2025-07-10,470.0,put,0.01,0.02,0.01,0.02,45,1,0.52218,-0.00064,10,617.85
2025-06-30,2025-07-10,475.0,call,141.71,144.05,142.88,0.0,0,0,0.01488,1.0,10,617.85
2025-06-30,2025-07-10,475.0,put,0.01,0.02,0.01,0.03,11,1,0.50267,-0.00065,10,617.85
2025-06-30,2025-07-10,480.0,call,137.2,139.13,138.16,0.0,0,0,0.01488,1.0,10,617.85
2025-06-30,2025-07-10,480.0,put,0.01,0.02,0.01,0.0,0,0,0.48316,-0.00066,10,617.85
2025-06-30,2025-07-10,485.0,call,131.79,134.03,132.91,0.0,0,0,0.01488,1.0,10,617.85
2025-06-30,2025-07-10,485.0,put,0.01,0.02,0.01,0.0,0,0,0.4734,-0.00083,10,617.85
2025-06-30,2025-07-10,490.0,call,127.21,129.06,128.13,0.0,0,0,0.01488,1.0,10,617.85
2025-06-30,2025-07-10,490.0,put,0.02,0.03,0.03,0.02,6,100,0.49292,-0.00188,10,617.85
2025-06-30,2025-07-10,495.0,call,122.23,124.07,123.15,0.0,0,0,0.01488,1.0,10,617.85
2025-06-30,2025-07-10,495.0,put,0.02,0.03,0.03,0.03,2,0,0.4734,-0.00197,10,617.85
2025-06-30,2025-07-10,500.0,call,117.24,119.09,118.16,0.0,0,0,0.01488,1.0,10,617.85
2025-06-30,2025-07-10,500.0,put,0.02,0.03,0.03,0.03,1,0,0.45389,-0.00205,10,617.85
2025-06-30,2025-07-10,505.0,call,112.29,113.99,113.14,0.0,0,0,0.01488,1.0,10,617.85
2025-06-30,2025-07-10,505.0,put,0.02,0.03,0.03,0.04,118,75,0.43438,-0.00213,10,617.85
2025-06-30,2025-07-10,510.0,call,107.0,109.11,108.06,0.0,0,0,0.01488,1.0,10,617.85
2025-06-30,2025-07-10,510.0,put,0.03,0.04,0.04,0.04,25,154,0.42462,-0.00271,10,617.85
2025-06-30,2025-07-10,515.0,call,102.28,103.93,103.11,0.0,0,0,0.01488,1.0,10,617.85
2025-06-30,2025-07-10,515.0,put,0.03,0.04,0.04,0.06,2,225,0.40511,-0.00283,10,617.85
2025-06-30,2025-07-10,520.0,call,96.81,99.12,97.97,95.91,0,0,0.01488,1.0,10,617.85
2025-06-30,2025-07-10,520.0,put,0.03,0.04,0.04,0.0,0,2,0.3856,-0.00296,10,617.85
2025-06-30,2025-07-10,525.0,call,92.2,94.2,93.2,0.0,0,0,0.01488,1.0,10,617.85
2025-06-30,2025-07-10,525.0,put,0.03,0.04,0.04,0.05,20,10,0.36609,-0.0031,10,617.85
2025-06-30,2025-07-10,530.0,call,87.2,89.12,88.16,0.0,0,0,0.01488,1.0,10,617.85
2025-06-30,2025-07-10,530.0,put,0.04,0.05,0.04,0.0,0,704,0.34658,-0.00324,10,617.85
2025-06-30,2025-07-10,535.0,call,82.3,84.15,83.22,0.0,0,0,0.01488,1.0,10,617.85
2025-06-30,2025-07-10,535.0,put,0.04,0.05,0.04,0.05,262,624,0.32707,-0.00338,10,617.85
2025-06-30,2025-07-10,540.0,call,77.2,79.14,78.17,0.0,0,0,0.01488,1.0,10,617.85
2025-06-30,2025-07-10,540.0,put,0.05,0.06,0.06,0.06,133,289,0.32707,-0.00559,10,617.85
2025-06-30,2025-07-10,545.0,call,72.33,74.17,73.25,0.0,0,0,0.01488,1.0,10,617.85
2025-06-30,2025-07-10,545.0,put,0.06,0.07,0.07,0.1,5,0,0.30755,-0.00598,10,617.85
2025-06-30,2025-07-10,550.0,call,66.9,69.17,68.03,0.0,0,0,0.01488,1.0,10,617.85
2025-06-30,2025-07-10,550.0,put,0.07,0.08,0.08,0.11,41,39,0.2978,-0.00801,10,617.85
2025-06-30,2025-07-10,555.0,call,62.32,64.18,63.25,0.0,0,0,0.01488,1.0,10,617.85
2025-06-30,2025-07-10,555.0,put,0.07,0.08,0.08,0.1,56,6,0.27829,-0.00871,10,617.85
2025-06-30,2025-07-10,560.0,call,57.36,59.23,58.3,0.0,0,0,0.01488,1.0,10,617.85
2025-06-30,2025-07-10,560.0,put,0.08,0.09,0.08,0.08,66,6,0.25877,-0.00953,10,617.85
2025-06-30,2025-07-10,565.0,call,52.38,54.25,53.31,52.3,2,0,0.01488,1.0,10,617.85
2025-06-30,2025-07-10,565.0,put,0.1,0.11,0.11,0.1,167,21,0.24902,-0.01325,10,617.85
2025-06-30,2025-07-10,570.0,call,47.41,49.25,48.33,47.13,1,0,0.01488,1.0,10,617.85
2025-06-30,2025-07-10,570.0,put,0.12,0.13,0.12,0.2,107,21,0.22951,-0.01492,10,617.85
2025-06-30,2025-07-10,575.0,call,42.44,44.3,43.37,0.0,0,0,0.01488,1.0,10,617.85
2025-06-30,2025-07-10,575.0,put,0.15,0.16,0.15,0.16,26,39,0.21,-0.01703,10,617.85
2025-06-30,2025-07-10,577.0,call,40.47,42.3,41.38,36.42,0,1,0.01488,1.0,10,617.85
2025-06-30,2025-07-10,577.0,put,0.16,0.18,0.17,0.0,0,1,0.21,-0.02172,10,617.85
2025-06-30,2025-07-10,578.0,call,39.47,41.19,40.33,35.43,0,1,0.01488,1.0,10,617.85
2025-06-30,2025-07-10,578.0,put,0.17,0.18,0.17,0.18,7,0,0.20024,-0.01951,10,617.85
2025-06-30,2025-07-10,579.0,call,38.48,40.39,39.44,0.0,0,0,0.01488,1.0,10,617.85
2025-06-30,2025-07-10,579.0,put,0.18,0.19,0.18,0.25,561,10,0.20024,-0.02212,10,617.85
2025-06-30,2025-07-10,580.0,call,37.52,39.33,38.42,0.0,0,0,0.01488,1.0,10,617.85
2025-06-30,2025-07-10,580.0,put,0.19,0.2,0.2,0.19,12,223,0.20024,-0.02501,10,617.85
2025-06-30,2025-07-10,581.0,call,36.51,38.33,37.42,0.0,0,0,0.01488,1.0,10,617.85
2025-06-30,2025-07-10,581.0,put,0.2,0.22,0.21,0.22,209,10,0.20024,-0.02821,10,617.85
2025-06-30,2025-07-10,582.0,call,35.52,37.3,36.41,0.0,0,0,0.01488,1.0,10,617.85
2025-06-30,2025-07-10,582.0,put,0.22,0.23,0.23,0.0,0,0,0.20024,-0.03174,10,617.85
2025-06-30,2025-07-10,583.0,call,34.61,36.23,35.42,0.0,0,0,0.01488,1.0,10,617.85
2025-06-30,2025-07-10,583.0,put,0.23,0.24,0.23,0.0,0,0,0.19048,-0.02906,10,617.85
2025-06-30,2025-07-10,584.0,call,33.6,35.33,34.47,0.0,0,0,0.01488,1.0,10,617.85
2025-06-30,2025-07-10,584.0,put,0.24,0.26,0.25,0.31,18,19,0.19048,-0.03285,10,617.85
2025-06-30,2025-07-10,585.0,call,33.26,33.41,33.33,32.28,1,1,0.01488,1.0,10,617.85
2025-06-30,2025-07-10,585.0,put,0.26,0.27,0.27,0.35,86,2256,0.19048,-0.03703,10,617.85
2025-06-30,2025-07-10,586.0,call,31.59,33.24,32.41,32.11,1,1,0.01488,1.0,10,617.85
2025-06-30,2025-07-10,586.0,put,0.28,0.29,0.29,0.27,15,12,0.18073,-0.03409,10,617.85
2025-06-30,2025-07-10,587.0,call,31.3,31.45,31.38,0.0,0,0,0.01488,1.0,10,617.85
2025-06-30,2025-07-10,587.0,put,0.3,0.31,0.3,0.29,8,24,0.18073,-0.03862,10,617.85
2025-06-30,2025-07-10,588.0,call,30.33,30.48,30.41,0.0,0,0,0.01488,1.0,10,617.85
2025-06-30,2025-07-10,588.0,put,0.32,0.33,0.33,0.44,150,6,0.18073,-0.04364,10,617.85
2025-06-30,2025-07-10,589.0,call,29.35,29.5,29.43,0.0,0,0,0.01488,1.0,10,617.85
2025-06-30,2025-07-10,589.0,put,0.35,0.36,0.35,0.34,6,15,0.18073,-0.04915,10,617.85
2025-06-30,2025-07-10,590.0,call,28.38,28.53,28.45,24.88,0,5,0.01488,1.0,10,617.85
2025-06-30,2025-07-10,590.0,put,0.38,0.39,0.39,0.37,276,2445,0.18073,-0.05519,10,617.85
2025-06-30,2025-07-10,591.0,call,27.42,27.56,27.49,0.0,0,0,0.01488,1.0,10,617.85
2025-06-30,2025-07-10,591.0,put,0.41,0.42,0.41,0.42,3,14,0.17097,-0.05197,10,617.85
2025-06-30,2025-07-10,592.0,call,26.45,26.6,26.52,25.27,1,0,0.01488,1.0,10,617.85
2025-06-30,2025-07-10,592.0,put,0.44,0.46,0.45,0.57,9,9,0.17097,-0.05864,10,617.85
2025-06-30,2025-07-10,593.0,call,25.5,25.64,25.57,24.67,3,0,0.10268,0.99368,10,617.85
2025-06-30,2025-07-10,593.0,put,0.48,0.49,0.48,0.48,11,35,0.17097,-0.06595,10,617.85
2025-06-30,2025-07-10,594.0,call,24.54,24.68,24.61,23.89,1,1,0.11244,0.98568,10,617.85
2025-06-30,2025-07-10,594.0,put,0.53,0.54,0.54,0.7,49,7,0.17097,-0.07393,10,617.85
2025-06-30,2025-07-10,595.0,call,23.59,23.73,23.66,22.58,6,0,0.12219,0.97332,10,617.85
2025-06-30,2025-07-10,595.0,put,0.57,0.59,0.58,0.58,457,2131,0.16122,-0.07078,10,617.85
2025-06-30,2025-07-10,596.0,call,22.65,22.79,22.72,22.06,1,1,0.12219,0.96777,10,617.85
2025-06-30,2025-07-10,596.0,put,0.63,0.64,0.64,0.79,309,8,0.16122,-0.0797,10,617.85
2025-06-30,2025-07-10,597.0,call,21.71,21.85,21.78,20.72,1,0,0.12219,0.96131,10,617.85
2025-06-30,2025-07-10,597.0,put,0.69,0.7,0.69,0.63,270,0,0.16122,-0.08943,10,617.85
2025-06-30,2025-07-10,598.0,call,20.78,20.91,20.84,19.79,2,0,0.12219,0.95384,10,617.85
2025-06-30,2025-07-10,598.0,put,0.75,0.77,0.76,0.71,21,5,0.16122,-0.1,10,617.85
2025-06-30,2025-07-10,599.0,call,19.85,19.99,19.92,0.0,0,0,0.13195,0.93108,10,617.85
2025-06-30,2025-07-10,599.0,put,0.83,0.84,0.83,0.76,187,96,0.16122,-0.11144,10,617.85
2025-06-30,2025-07-10,600.0,call,18.94,19.07,19.01,19.37,16,7,0.13195,0.92037,10,617.85
2025-06-30,2025-07-10,600.0,put,0.91,0.92,0.92,0.87,2920,593,0.15146,-0.10949,10,617.85
2025-06-30,2025-07-10,601.0,call,18.03,18.16,18.09,0.0,0,0,0.13195,0.90845,10,617.85
2025-06-30,2025-07-10,601.0,put,1.0,1.01,1.0,0.87,168,52,0.15146,-0.12245,10,617.85
2025-06-30,2025-07-10,602.0,call,17.13,17.25,17.19,0.0,0,0,0.13195,0.89529,10,617.85
2025-06-30,2025-07-10,602.0,put,1.09,1.11,1.1,1.09,162,26,0.15146,-0.13643,10,617.85
2025-06-30,2025-07-10,603.0,call,16.24,16.37,16.3,15.29,2,2,0.13195,0.88083,10,617.85
2025-06-30,2025-07-10,603.0,put,1.2,1.22,1.21,1.11,139,37,0.15146,-0.15144,10,617.85
2025-06-30,2025-07-10,604.0,call,15.37,15.48,15.43,13.98,0,1,0.13195,0.86505,10,617.85
2025-06-30,2025-07-10,604.0,put,1.32,1.34,1.33,1.19,108,137,0.15146,-0.16748,10,617.85
2025-06-30,2025-07-10,605.0,call,14.5,14.61,14.55,15.8,6,47,0.13195,0.84792,10,617.85
2025-06-30,2025-07-10,605.0,put,1.45,1.48,1.46,1.49,226,324,0.15146,-0.18454,10,617.85
2025-06-30,2025-07-10,606.0,call,13.65,13.75,13.7,14.05,44,10,0.13195,0.82944,10,617.85
2025-06-30,2025-07-10,606.0,put,1.6,1.62,1.61,1.46,96,23,0.1417,-0.18728,10,617.85
2025-06-30,2025-07-10,607.0,call,12.81,12.91,12.86,12.05,2,3,0.12219,0.8276,10,617.85
2025-06-30,2025-07-10,607.0,put,1.76,1.78,1.77,1.76,110,49,0.1417,-0.20678,10,617.85
2025-06-30,2025-07-10,608.0,call,11.99,12.09,12.04,11.38,4,8,0.12219,0.80603,10,617.85
2025-06-30,2025-07-10,608.0,put,1.94,1.96,1.95,1.85,814,545,0.1417,-0.22739,10,617.85
2025-06-30,2025-07-10,609.0,call,11.19,11.28,11.23,11.11,9,17,0.12219,0.78292,10,617.85
2025-06-30,2025-07-10,609.0,put,2.13,2.16,2.15,2.13,80,58,0.1417,-0.24907,10,617.85
2025-06-30,2025-07-10,610.0,call,10.41,10.49,10.45,10.79,86,220,0.12219,0.75834,10,617.85
2025-06-30,2025-07-10,610.0,put,2.35,2.37,2.36,2.37,1838,829,0.1417,-0.27177,10,617.85
2025-06-30,2025-07-10,611.0,call,9.65,9.72,9.69,9.73,70,55,0.12219,0.73237,10,617.85
2025-06-30,2025-07-10,611.0,put,2.58,2.61,2.59,2.61,125,96,0.1417,-0.29542,10,617.85
2025-06-30,2025-07-10,612.0,call,8.91,8.97,8.94,9.97,56,43,0.12219,0.7051,10,617.85
2025-06-30,2025-07-10,612.0,put,2.84,2.86,2.85,2.81,1077,61,0.13195,-0.30825,10,617.85
2025-06-30,2025-07-10,613.0,call,8.19,8.25,8.22,8.35,38,201,0.12219,0.67667,10,617.85
2025-06-30,2025-07-10,613.0,put,3.12,3.14,3.13,3.02,402,89,0.13195,-0.33503,10,617.85
2025-06-30,2025-07-10,614.0,call,7.51,7.56,7.54,7.98,109,185,0.12219,0.64722,10,617.85
2025-06-30,2025-07-10,614.0,put,3.43,3.45,3.44,3.16,251,72,0.13195,-0.36263,10,617.85
2025-06-30,2025-07-10,615.0,call,6.85,6.89,6.87,7.23,1526,665,0.12219,0.6169,10,617.85
2025-06-30,2025-07-10,615.0,put,3.76,3.79,3.77,3.3,314,158,0.13195,-0.39092,10,617.85
2025-06-30,2025-07-10,616.0,call,6.21,6.25,6.23,6.46,542,154,0.12219,0.58591,10,617.85
2025-06-30,2025-07-10,616.0,put,4.12,4.16,4.14,4.0,291,241,0.13195,-0.41975,10,617.85
2025-06-30,2025-07-10,617.0,call,5.61,5.65,5.63,5.75,620,13,0.12219,0.55442,10,617.85
2025-06-30,2025-07-10,617.0,put,4.52,4.56,4.54,4.57,578,37,0.13195,-0.44897,10,617.85
2025-06-30,2025-07-10,618.0,call,5.04,5.07,5.05,5.31,408,51,0.11244,0.52392,10,617.85
2025-06-30,2025-07-10,618.0,put,4.95,4.99,4.97,4.87,265,19,0.13195,-0.47842,10,617.85
2025-06-30,2025-07-10,619.0,call,4.49,4.53,4.51,5.29,180,25,0.11244,0.48928,10,617.85
2025-06-30,2025-07-10,619.0,put,5.41,5.45,5.43,5.14,201,13,0.13195,-0.50794,10,617.85
2025-06-30,2025-07-10,620.0,call,3.99,4.02,4.0,3.98,2392,912,0.11244,0.45477,10,617.85
2025-06-30,2025-07-10,620.0,put,5.91,5.95,5.93,5.2,149,31,0.13195,-0.53737,10,617.85
2025-06-30,2025-07-10,621.0,call,3.52,3.55,3.54,3.75,288,62,0.11244,0.42066,10,617.85
2025-06-30,2025-07-10,621.0,put,6.44,6.48,6.46,5.95,41,2,0.12219,-0.57247,10,617.85
2025-06-30,2025-07-10,622.0,call,3.08,3.11,3.09,3.38,268,40,0.11244,0.38719,10,617.85
2025-06-30,2025-07-10,622.0,put,7.0,7.06,7.03,6.52,10,1,0.12219,-0.60342,10,617.85
2025-06-30,2025-07-10,623.0,call,2.68,2.71,2.7,3.14,262,131,0.11244,0.35458,10,617.85
2025-06-30,2025-07-10,623.0,put,7.6,7.67,7.63,0.0,0,1,0.12219,-0.63369,10,617.85
2025-06-30,2025-07-10,624.0,call,2.31,2.34,2.33,2.4,309,1160,0.11244,0.32306,10,617.85
2025-06-30,2025-07-10,624.0,put,8.24,8.32,8.28,8.87,31,2,0.12219,-0.6631,10,617.85
2025-06-30,2025-07-10,625.0,call,1.98,2.01,1.99,1.97,210,80,0.11244,0.29281,10,617.85
2025-06-30,2025-07-10,625.0,put,8.92,9.0,8.96,8.82,24,16,0.12219,-0.6915,10,617.85
2025-06-30,2025-07-10,626.0,call,1.69,1.71,1.7,1.83,152,81,0.11244,0.26399,10,617.85
2025-06-30,2025-07-10,626.0,put,9.64,9.73,9.69,11.0,22,0,0.12219,-0.71876,10,617.85
2025-06-30,2025-07-10,627.0,call,1.42,1.45,1.44,1.58,161,158,0.11244,0.23673,10,617.85
2025-06-30,2025-07-10,627.0,put,10.39,10.49,10.44,9.73,5,7,0.12219,-0.74476,10,617.85
2025-06-30,2025-07-10,628.0,call,1.19,1.22,1.21,1.18,107,125,0.10268,0.18931,10,617.85
2025-06-30,2025-07-10,628.0,put,11.18,11.29,11.23,12.25,1,1,0.13195,-0.75201,10,617.85
2025-06-30,2025-07-10,629.0,call,0.99,1.01,1.0,1.35,191,206,0.10268,0.16502,10,617.85
2025-06-30,2025-07-10,629.0,put,12.0,12.12,12.06,11.25,3,0,0.13195,-0.77448,10,617.85
2025-06-30,2025-07-10,630.0,call,0.82,0.83,0.82,0.82,244,460,0.10268,0.14287,10,617.85
2025-06-30,2025-07-10,630.0,put,12.86,12.99,12.93,14.07,10,3,0.13195,-0.79572,10,617.85
2025-06-30,2025-07-10,635.0,call,0.28,0.29,0.29,0.31,114,66,0.10268,0.06268,10,617.85
2025-06-30,2025-07-10,635.0,put,16.56,18.41,17.48,0.0,0,0,0.1417,-0.86542,10,617.85
2025-06-30,2025-07-10,640.0,call,0.09,0.1,0.1,0.1,563,88,0.10268,0.02307,10,617.85
2025-06-30,2025-07-10,640.0,put,21.54,23.41,22.48,0.0,0,0,0.17097,-0.88269,10,617.85
2025-06-30,2025-07-10,645.0,call,0.04,0.05,0.04,0.05,48,18,0.11244,0.01262,10,617.85
2025-06-30,2025-07-10,645.0,put,26.43,28.41,27.42,0.0,0,0,0.20024,-0.89346,10,617.85
2025-06-30,2025-07-10,650.0,call,0.03,0.04,0.04,0.03,87,365,0.12219,0.00736,10,617.85
2025-06-30,2025-07-10,650.0,put,31.49,33.4,32.45,0.0,0,0,0.22951,-0.90062,10,617.85
2025-06-30,2025-07-10,655.0,call,0.02,0.03,0.03,0.03,7,1,0.1417,0.00761,10,617.85
2025-06-30,2025-07-10,655.0,put,36.48,38.4,37.44,0.0,0,0,0.25877,-0.90559,10,617.85
2025-06-30,2025-07-10,660.0,call,0.01,0.02,0.01,0.02,45,17,0.1417,0.00297,10,617.85
2025-06-30,2025-07-10,660.0,put,41.48,43.41,42.44,0.0,0,0,0.27829,-0.91681,10,617.85
2025-06-30,2025-07-10,665.0,call,0.01,0.02,0.01,0.02,10,1,0.15146,0.00203,10,617.85
2025-06-30,2025-07-10,665.0,put,46.49,48.41,47.45,0.0,0,0,0.30755,-0.91862,10,617.85
2025-06-30,2025-07-10,670.0,call,0.01,0.02,0.01,0.02,4,0,0.17097,0.0025,10,617.85
2025-06-30,2025-07-10,670.0,put,51.48,53.41,52.44,0.0,0,0,0.32707,-0.92617,10,617.85
2025-06-30,2025-07-10,675.0,put,56.48,58.41,57.44,0.0,0,0,0.34658,-0.93225,10,617.85
2025-06-30,2025-07-10,680.0,put,61.49,63.41,62.45,0.0,0,0,0.37584,-0.93196,10,617.85
2025-06-30,2025-07-10,685.0,put,66.49,68.41,67.45,0.0,0,0,0.39536,-0.93647,10,617.85
2025-06-30,2025-07-10,690.0,put,71.48,73.41,72.44,0.0,0,0,0.41487,-0.94024,10,617.85
2025-06-30,2025-07-10,695.0,put,76.49,78.41,77.45,0.0,0,0,0.44414,-0.93915,10,617.85
2025-06-30,2025-07-10,700.0,put,81.49,83.6,82.54,0.0,0,0,0.4734,-0.93807,10,617.85
2025-06-30,2025-07-11,375.0,call,242.2,244.08,243.14,238.01,0,25,0.01488,1.0,11,617.85
2025-06-30,2025-07-11,380.0,call,237.2,239.05,238.12,222.31,0,0,0.01488,1.0,11,617.85
2025-06-30,2025-07-11,385.0,call,232.21,234.15,233.18,0.0,0,0,0.01488,1.0,11,617.85
2025-06-30,2025-07-11,390.0,call,227.22,229.15,228.19,0.0,0,0,0.01488,1.0,11,617.85
2025-06-30,2025-07-11,395.0,call,222.22,224.16,223.19,0.0,0,0,0.01488,1.0,11,617.85
2025-06-30,2025-07-11,400.0,call,217.23,219.08,218.16,0.0,0,0,0.01488,1.0,11,617.85
2025-06-30,2025-07-11,405.0,call,212.22,214.11,213.17,0.0,0,0,0.01488,1.0,11,617.85
2025-06-30,2025-07-11,410.0,call,207.23,209.19,208.21,191.75,0,0,0.01488,1.0,11,617.85
2025-06-30,2025-07-11,415.0,call,202.26,204.2,203.23,186.7,0,0,0.01488,1.0,11,617.85
2025-06-30,2025-07-11,420.0,call,197.27,199.21,198.24,183.1,0,0,0.01488,1.0,11,617.85
2025-06-30,2025-07-11,425.0,call,192.28,194.22,193.25,0.0,0,0,0.01488,1.0,11,617.85
2025-06-30,2025-07-11,430.0,call,187.29,189.23,188.26,0.0,0,0,0.01488,1.0,11,617.85
2025-06-30,2025-07-11,435.0,call,182.29,184.23,183.26,0.0,0,0,0.01488,1.0,11,617.85
2025-06-30,2025-07-11,435.0,put,0.01,0.02,0.01,0.02,2,417,0.6295,-0.00052,11,617.85
2025-06-30,2025-07-11,440.0,call,177.3,179.15,178.23,0.0,0,0,0.01488,1.0,11,617.85
2025-06-30,2025-07-11,440.0,put,0.01,0.02,0.01,0.02,2,536,0.60999,-0.00054,11,617.85
2025-06-30,2025-07-11,445.0,call,172.2,174.28,173.24,0.0,0,0,0.01488,1.0,11,617.85
2025-06-30,2025-07-11,445.0,put,0.01,0.02,0.01,0.01,1,371,0.59047,-0.00055,11,617.85
2025-06-30,2025-07-11,450.0,call,167.2,169.19,168.19,162.03,0,7,0.01488,1.0,11,617.85
2025-06-30,2025-07-11,450.0,put,0.01,0.02,0.01,0.01,31,1304,0.57096,-0.00056,11,617.85
2025-06-30,2025-07-11,455.0,call,162.31,164.27,163.29,148.47,0,0,0.01488,1.0,11,617.85
2025-06-30,2025-07-11,455.0,put,0.01,0.02,0.01,0.01,11,1326,0.55145,-0.00056,11,617.85
2025-06-30,2025-07-11,460.0,call,157.32,159.19,158.25,141.39,0,0,0.01488,1.0,11,617.85
2025-06-30,2025-07-11,460.0,put,0.01,0.02,0.01,0.01,41,875,0.54169,-0.00069,11,617.85
2025-06-30,2025-07-11,465.0,call,152.33,154.21,153.27,154.65,2,1,0.01488,1.0,11,617.85
2025-06-30,2025-07-11,465.0,put,0.01,0.02,0.01,0.02,38,903,0.52218,-0.0007,11,617.85
2025-06-30,2025-07-11,470.0,call,147.36,149.35,148.36,128.5,0,8,0.01488,1.0,11,617.85
2025-06-30,2025-07-11,470.0,put,0.01,0.02,0.01,0.02,23,960,0.50267,-0.0007,11,617.85
2025-06-30,2025-07-11,475.0,call,142.37,144.31,143.34,126.06,0,15,0.01488,1.0,11,617.85
2025-06-30,2025-07-11,475.0,put,0.02,0.03,0.03,0.01,42,13661,0.53194,-0.00182,11,617.85
2025-06-30,2025-07-11,480.0,call,137.35,139.32,138.33,118.58,0,88,0.01488,1.0,11,617.85
2025-06-30,2025-07-11,480.0,put,0.02,0.03,0.03,0.02,14,1397,0.51243,-0.00188,11,617.85
2025-06-30,2025-07-11,485.0,call,132.44,134.33,133.38,117.57,0,19,0.01488,1.0,11,617.85
2025-06-30,2025-07-11,485.0,put,0.02,0.03,0.03,0.03,10,1124,0.49292,-0.00194,11,617.85
2025-06-30,2025-07-11,490.0,call,127.92,128.34,128.13,111.94,0,1666,0.01488,1.0,11,617.85
2025-06-30,2025-07-11,490.0,put,0.02,0.03,0.03,0.03,2,2763,0.4734,-0.002,11,617.85
2025-06-30,2025-07-11,495.0,call,122.96,123.38,123.17,103.08,0,300,0.01488,1.0,11,617.85
2025-06-30,2025-07-11,495.0,put,0.02,0.03,0.03,0.02,131,1904,0.45389,-0.00206,11,617.85
2025-06-30,2025-07-11,500.0,call,117.42,119.31,118.37,118.05,16,34,0.01488,1.0,11,617.85
2025-06-30,2025-07-11,500.0,put,0.03,0.04,0.04,0.03,213,1803,0.44414,-0.00255,11,617.85
2025-06-30,2025-07-11,505.0,call,112.97,113.4,113.19,96.78,0,326,0.01488,1.0,11,617.85
2025-06-30,2025-07-11,505.0,put,0.03,0.04,0.04,0.04,76,3796,0.42462,-0.00263,11,617.85
2025-06-30,2025-07-11,510.0,call,107.4,109.31,108.36,90.51,0,25,0.01488,1.0,11,617.85
2025-06-30,2025-07-11,510.0,put,0.03,0.04,0.04,0.06,17,1356,0.40511,-0.00271,11,617.85
2025-06-30,2025-07-11,515.0,call,103.0,103.43,103.22,83.28,0,717,0.01488,1.0,11,617.85
2025-06-30,2025-07-11,515.0,put,0.04,0.05,0.04,0.04,58,1346,0.39536,-0.0034,11,617.85
2025-06-30,2025-07-11,520.0,call,97.52,99.43,98.47,96.91,0,7,0.01488,1.0,11,617.85
2025-06-30,2025-07-11,520.0,put,0.04,0.05,0.04,0.05,96,1574,0.37584,-0.00352,11,617.85
2025-06-30,2025-07-11,525.0,call,92.46,94.45,93.45,88.29,0,91,0.01488,1.0,11,617.85
2025-06-30,2025-07-11,525.0,put,0.05,0.06,0.06,0.05,51,2331,0.36609,-0.00447,11,617.85
2025-06-30,2025-07-11,530.0,call,87.54,89.41,88.47,76.86,0,3,0.01488,1.0,11,617.85
2025-06-30,2025-07-11,530.0,put,0.05,0.07,0.06,0.07,162,6593,0.34658,-0.00465,11,617.85
2025-06-30,2025-07-11,535.0,call,82.56,84.43,83.5,71.85,0,20,0.01488,1.0,11,617.85
2025-06-30,2025-07-11,535.0,put,0.06,0.07,0.07,0.07,720,2860,0.33682,-0.00597,11,617.85
2025-06-30,2025-07-11,540.0,call,77.58,79.39,78.48,77.59,4,21,0.01488,1.0,11,617.85
2025-06-30,2025-07-11,540.0,put,0.07,0.08,0.08,0.08,335,2324,0.32707,-0.00769,11,617.85
2025-06-30,2025-07-11,545.0,call,72.6,74.41,73.5,63.66,0,13,0.01488,1.0,11,617.85
2025-06-30,2025-07-11,545.0,put,0.07,0.08,0.08,0.08,1952,1872,0.30755,-0.00818,11,617.85
2025-06-30,2025-07-11,550.0,call,67.61,69.42,68.52,67.18,0,93,0.01488,1.0,11,617.85
2025-06-30,2025-07-11,550.0,put,0.08,0.09,0.08,0.09,506,3240,0.28804,-0.00872,11,617.85
2025-06-30,2025-07-11,555.0,call,62.63,64.44,63.53,44.57,0,25,0.01488,1.0,11,617.85
2025-06-30,2025-07-11,555.0,put,0.1,0.11,0.11,0.11,25990,31231,0.27829,-0.01155,11,617.85
2025-06-30,2025-07-11,560.0,call,58.3,58.46,58.38,58.84,43,98,0.01488,1.0,11,617.85
2025-06-30,2025-07-11,560.0,put,0.11,0.12,0.11,0.11,143,7325,0.25877,-0.01255,11,617.85
2025-06-30,2025-07-11,565.0,call,53.33,53.49,53.41,52.37,1,115,0.01488,1.0,11,617.85
2025-06-30,2025-07-11,565.0,put,0.13,0.14,0.14,0.14,757,12225,0.23926,-0.01373,11,617.85
2025-06-30,2025-07-11,566.0,call,52.34,52.49,52.42,36.1,0,5,0.01488,1.0,11,617.85
2025-06-30,2025-07-11,566.0,put,0.14,0.15,0.15,0.15,26,791,0.23926,-0.01529,11,617.85
2025-06-30,2025-07-11,567.0,call,51.34,51.5,51.42,33.5,0,5,0.01488,1.0,11,617.85
2025-06-30,2025-07-11,567.0,put,0.14,0.15,0.15,0.18,20,2679,0.23926,-0.01701,11,617.85
2025-06-30,2025-07-11,568.0,call,50.35,50.51,50.43,49.48,2,11,0.01488,1.0,11,617.85
2025-06-30,2025-07-11,568.0,put,0.15,0.16,0.15,0.21,27,647,0.22951,-0.01523,11,617.85
2025-06-30,2025-07-11,569.0,call,49.36,49.51,49.44,44.24,0,3,0.01488,1.0,11,617.85
2025-06-30,2025-07-11,569.0,put,0.15,0.17,0.16,0.15,38,1401,0.22951,-0.01701,11,617.85
2025-06-30,2025-07-11,570.0,call,48.37,48.52,48.45,48.84,19,97,0.01488,1.0,11,617.85
2025-06-30,2025-07-11,570.0,put,0.16,0.17,0.17,0.16,766,4223,0.22951,-0.01895,11,617.85
2025-06-30,2025-07-11,571.0,call,47.38,47.53,47.45,46.5,21,47,0.01488,1.0,11,617.85
2025-06-30,2025-07-11,571.0,put,0.17,0.18,0.17,0.21,14,468,0.22951,-0.02108,11,617.85
2025-06-30,2025-07-11,572.0,call,46.38,46.54,46.46,37.24,0,201,0.01488,1.0,11,617.85
2025-06-30,2025-07-11,572.0,put,0.18,0.19,0.18,0.18,213,452,0.21975,-0.01902,11,617.85
2025-06-30,2025-07-11,573.0,call,45.39,45.55,45.47,36.85,0,8,0.01488,1.0,11,617.85
2025-06-30,2025-07-11,573.0,put,0.18,0.19,0.18,0.18,367,798,0.21975,-0.02124,11,617.85
2025-06-30,2025-07-11,574.0,call,44.4,44.56,44.48,42.36,3,21,0.01488,1.0,11,617.85
2025-06-30,2025-07-11,574.0,put,0.19,0.2,0.2,0.19,20,679,0.21975,-0.02368,11,617.85
2025-06-30,2025-07-11,575.0,call,43.42,43.57,43.5,42.02,18,383,0.01488,1.0,11,617.85
2025-06-30,2025-07-11,575.0,put,0.2,0.21,0.21,0.2,783,7226,0.21975,-0.02635,11,617.85
2025-06-30,2025-07-11,576.0,call,42.43,42.58,42.5,41.57,1,41,0.01488,1.0,11,617.85
2025-06-30,2025-07-11,576.0,put,0.21,0.22,0.21,0.21,57,1289,0.21,-0.02397,11,617.85
2025-06-30,2025-07-11,577.0,call,41.44,41.59,41.52,34.17,0,34,0.01488,1.0,11,617.85
2025-06-30,2025-07-11,577.0,put,0.22,0.23,0.23,0.22,102,679,0.21,-0.02678,11,617.85
2025-06-30,2025-07-11,578.0,call,40.45,40.61,40.53,39.39,0,32,0.01488,1.0,11,617.85
2025-06-30,2025-07-11,578.0,put,0.23,0.24,0.23,0.23,2659,1802,0.21,-0.02986,11,617.85
2025-06-30,2025-07-11,579.0,call,39.47,39.62,39.55,37.46,0,101,0.01488,1.0,11,617.85
2025-06-30,2025-07-11,579.0,put,0.24,0.25,0.24,0.24,24,672,0.20024,-0.02723,11,617.85
2025-06-30,2025-07-11,580.0,call,38.48,38.63,38.55,39.91,4,121,0.01488,1.0,11,617.85
2025-06-30,2025-07-11,580.0,put,0.26,0.27,0.27,0.26,1322,6309,0.20024,-0.0305,11,617.85
2025-06-30,2025-07-11,581.0,call,37.5,37.65,37.58,35.82,3,36,0.01488,1.0,11,617.85
2025-06-30,2025-07-11,581.0,put,0.27,0.28,0.28,0.28,226,528,0.20024,-0.03408,11,617.85
2025-06-30,2025-07-11,582.0,call,36.52,36.67,36.59,35.46,1,13,0.01488,1.0,11,617.85
2025-06-30,2025-07-11,582.0,put,0.29,0.3,0.29,0.29,421,1625,0.20024,-0.03799,11,617.85
2025-06-30,2025-07-11,583.0,call,35.54,35.69,35.61,34.92,1,46,0.01488,1.0,11,617.85
2025-06-30,2025-07-11,583.0,put,0.31,0.32,0.32,0.3,150,729,0.19048,-0.03501,11,617.85
2025-06-30,2025-07-11,584.0,call,34.56,34.71,34.64,34.09,1,159,0.13195,0.99427,11,617.85
2025-06-30,2025-07-11,584.0,put,0.33,0.34,0.34,0.32,154,745,0.19048,-0.03921,11,617.85
2025-06-30,2025-07-11,585.0,call,33.58,33.73,33.66,32.59,38,263,0.1417,0.98888,11,617.85
2025-06-30,2025-07-11,585.0,put,0.35,0.36,0.35,0.35,26153,27904,0.19048,-0.0438,11,617.85
2025-06-30,2025-07-11,586.0,call,32.61,32.76,32.69,32.0,4,1163,0.1417,0.98668,11,617.85
2025-06-30,2025-07-11,586.0,put,0.37,0.38,0.38,0.35,72,465,0.19048,-0.04881,11,617.85
2025-06-30,2025-07-11,587.0,call,31.64,31.78,31.71,33.43,8,116,0.1417,0.98412,11,617.85
2025-06-30,2025-07-11,587.0,put,0.4,0.41,0.41,0.4,322,1098,0.18073,-0.04553,11,617.85
2025-06-30,2025-07-11,588.0,call,30.67,30.81,30.74,29.68,0,136,0.1417,0.98116,11,617.85
2025-06-30,2025-07-11,588.0,put,0.43,0.44,0.43,0.42,128,1672,0.18073,-0.05096,11,617.85
2025-06-30,2025-07-11,589.0,call,29.7,29.85,29.77,29.86,1,186,0.1417,0.97774,11,617.85
2025-06-30,2025-07-11,589.0,put,0.46,0.47,0.46,0.45,249,2893,0.18073,-0.05689,11,617.85
2025-06-30,2025-07-11,590.0,call,28.74,28.88,28.81,29.0,62,507,0.15146,0.96539,11,617.85
2025-06-30,2025-07-11,590.0,put,0.49,0.5,0.49,0.51,34244,13550,0.18073,-0.06333,11,617.85
2025-06-30,2025-07-11,591.0,call,27.78,27.92,27.85,27.28,1,441,0.15146,0.96016,11,617.85
2025-06-30,2025-07-11,591.0,put,0.53,0.54,0.54,0.5,80,1863,0.17097,-0.05989,11,617.85
2025-06-30,2025-07-11,592.0,call,26.82,26.97,26.89,26.39,1,229,0.15146,0.95432,11,617.85
2025-06-30,2025-07-11,592.0,put,0.58,0.59,0.58,0.5,489,2902,0.17097,-0.06697,11,617.85
2025-06-30,2025-07-11,593.0,call,25.87,26.01,25.94,26.53,1,515,0.15146,0.94782,11,617.85
2025-06-30,2025-07-11,593.0,put,0.62,0.63,0.62,0.57,273,11104,0.17097,-0.07466,11,617.85
2025-06-30,2025-07-11,594.0,call,24.93,25.06,24.99,25.56,8,608,0.15146,0.94062,11,617.85
2025-06-30,2025-07-11,594.0,put,0.67,0.69,0.68,0.69,205,696,0.17097,-0.08301,11,617.85
2025-06-30,2025-07-11,595.0,call,23.99,24.12,24.05,24.63,20,883,0.15146,0.93267,11,617.85
2025-06-30,2025-07-11,595.0,put,0.73,0.74,0.73,0.74,2289,6929,0.17097,-0.09201,11,617.85
2025-06-30,2025-07-11,596.0,call,23.05,23.19,23.12,23.65,34,567,0.15146,0.92395,11,617.85
2025-06-30,2025-07-11,596.0,put,0.79,0.81,0.8,0.82,306,1990,0.16122,-0.08897,11,617.85
2025-06-30,2025-07-11,597.0,call,22.12,22.25,22.19,21.39,4,1917,0.1417,0.92797,11,617.85
2025-06-30,2025-07-11,597.0,put,0.86,0.88,0.87,0.87,463,3556,0.16122,-0.09901,11,617.85
2025-06-30,2025-07-11,598.0,call,21.2,21.33,21.27,20.26,26,546,0.1417,0.91816,11,617.85
2025-06-30,2025-07-11,598.0,put,0.94,0.95,0.94,0.89,496,2675,0.16122,-0.10983,11,617.85
2025-06-30,2025-07-11,599.0,call,20.28,20.41,20.34,20.75,9,1049,0.1417,0.90739,11,617.85
2025-06-30,2025-07-11,599.0,put,1.02,1.04,1.03,1.03,1286,2313,0.16122,-0.12146,11,617.85
2025-06-30,2025-07-11,600.0,call,19.38,19.5,19.44,19.4,372,13494,0.1417,0.89563,11,617.85
2025-06-30,2025-07-11,600.0,put,1.11,1.13,1.12,1.12,6502,19632,0.16122,-0.13391,11,617.85
2025-06-30,2025-07-11,601.0,call,18.48,18.6,18.54,19.5,169,609,0.1417,0.88285,11,617.85
2025-06-30,2025-07-11,601.0,put,1.21,1.23,1.22,1.17,431,1569,0.16122,-0.14718,11,617.85
2025-06-30,2025-07-11,602.0,call,17.59,17.71,17.65,18.44,93,849,0.1417,0.86902,11,617.85
2025-06-30,2025-07-11,602.0,put,1.32,1.34,1.33,1.24,434,1566,0.15146,-0.14659,11,617.85
2025-06-30,2025-07-11,603.0,call,16.71,16.82,16.77,18.03,30,849,0.1417,0.85413,11,617.85
2025-06-30,2025-07-11,603.0,put,1.43,1.46,1.44,1.4,867,2439,0.15146,-0.16157,11,617.85
2025-06-30,2025-07-11,604.0,call,15.84,15.95,15.89,15.77,62,682,0.1417,0.83817,11,617.85
2025-06-30,2025-07-11,604.0,put,1.56,1.59,1.58,1.58,357,830,0.15146,-0.17748,11,617.85
2025-06-30,2025-07-11,605.0,call,14.99,15.09,15.04,14.92,258,2691,0.1417,0.82114,11,617.85
2025-06-30,2025-07-11,605.0,put,1.71,1.73,1.72,1.71,35223,5335,0.15146,-0.19431,11,617.85
2025-06-30,2025-07-11,606.0,call,14.14,14.24,14.19,15.38,61,973,0.1417,0.80305,11,617.85
2025-06-30,2025-07-11,606.0,put,1.86,1.88,1.87,1.83,285,523,0.15146,-0.21206,11,617.85
2025-06-30,2025-07-11,607.0,call,13.32,13.41,13.37,14.11,124,1769,0.13195,0.80007,11,617.85
2025-06-30,2025-07-11,607.0,put,2.03,2.06,2.04,2.03,595,1064,0.1417,-0.21607,11,617.85
2025-06-30,2025-07-11,607.5,call,12.91,13.0,12.96,14.06,4,490,0.13195,0.78986,11,617.85
2025-06-30,2025-07-11,607.5,put,2.12,2.15,2.13,2.07,177,916,0.1417,-0.226,11,617.85
2025-06-30,2025-07-11,608.0,call,12.51,12.59,12.55,13.57,50,779,0.13195,0.77935,11,617.85
2025-06-30,2025-07-11,608.0,put,2.22,2.24,2.23,2.22,600,4410,0.1417,-0.23618,11,617.85
2025-06-30,2025-07-11,609.0,call,11.71,11.79,11.75,12.11,152,1751,0.13195,0.7575,11,617.85
2025-06-30,2025-07-11,609.0,put,2.42,2.45,2.44,2.33,771,934,0.1417,-0.25725,11,617.85
2025-06-30,2025-07-11,610.0,call,10.93,11.0,10.96,11.69,692,3900,0.13195,0.73455,11,617.85
2025-06-30,2025-07-11,610.0,put,2.64,2.67,2.66,2.7,13853,2210,0.1417,-0.27923,11,617.85
2025-06-30,2025-07-11,611.0,call,10.17,10.24,10.21,10.52,248,1252,0.13195,0.7106,11,617.85
2025-06-30,2025-07-11,611.0,put,2.88,2.91,2.9,2.87,397,1071,0.1417,-0.30204,11,617.85
2025-06-30,2025-07-11,612.0,call,9.43,9.5,9.46,9.46,967,1026,0.13195,0.68572,11,617.85
2025-06-30,2025-07-11,612.0,put,3.15,3.17,3.16,3.05,1204,1166,0.1417,-0.32561,11,617.85
2025-06-30,2025-07-11,613.0,call,8.72,8.78,8.75,8.99,433,1343,0.13195,0.66,11,617.85
2025-06-30,2025-07-11,613.0,put,3.43,3.46,3.45,3.5,1248,507,0.1417,-0.34986,11,617.85
2025-06-30,2025-07-11,614.0,call,8.03,8.08,8.05,8.19,431,2861,0.12219,0.64311,11,617.85
2025-06-30,2025-07-11,614.0,put,3.74,3.77,3.75,3.61,914,2972,0.13195,-0.36644,11,617.85
2025-06-30,2025-07-11,615.0,call,7.37,7.41,7.39,7.4,2540,19707,0.12219,0.61412,11,617.85
2025-06-30,2025-07-11,615.0,put,4.08,4.11,4.1,4.11,6235,1475,0.13195,-0.39348,11,617.85
2025-06-30,2025-07-11,616.0,call,6.73,6.77,6.75,6.67,2993,2457,0.12219,0.58453,11,617.85
2025-06-30,2025-07-11,616.0,put,4.45,4.47,4.46,4.46,2216,304,0.13195,-0.421,11,617.85
2025-06-30,2025-07-11,617.0,call,6.12,6.15,6.13,6.11,4747,1857,0.12219,0.55449,11,617.85
2025-06-30,2025-07-11,617.0,put,4.83,4.87,4.85,4.86,3502,147,0.13195,-0.44887,11,617.85
2025-06-30,2025-07-11,618.0,call,5.53,5.57,5.55,5.56,2623,972,0.12219,0.52419,11,617.85
2025-06-30,2025-07-11,618.0,put,5.26,5.29,5.28,5.32,1700,58,0.13195,-0.47694,11,617.85
2025-06-30,2025-07-11,619.0,call,4.98,5.01,5.0,5.17,1409,540,0.12219,0.4938,11,617.85
2025-06-30,2025-07-11,619.0,put,5.71,5.75,5.73,5.8,442,25,0.13195,-0.50509,11,617.85
2025-06-30,2025-07-11,620.0,call,4.46,4.49,4.47,4.47,5357,7887,0.12219,0.46349,11,617.85
2025-06-30,2025-07-11,620.0,put,6.2,6.24,6.22,6.3,1057,426,0.13195,-0.53317,11,617.85
2025-06-30,2025-07-11,621.0,call,3.97,4.0,3.99,3.95,840,742,0.12219,0.43344,11,617.85
2025-06-30,2025-07-11,621.0,put,6.72,6.76,6.74,6.55,117,21,0.13195,-0.56103,11,617.85
2025-06-30,2025-07-11,622.0,call,3.52,3.55,3.54,3.49,565,721,0.12219,0.40382,11,617.85
2025-06-30,2025-07-11,622.0,put,7.28,7.33,7.3,6.57,42,16,0.13195,-0.58856,11,617.85
2025-06-30,2025-07-11,623.0,call,3.1,3.13,3.12,3.28,446,691,0.11244,0.36367,11,617.85
2025-06-30,2025-07-11,623.0,put,7.87,7.92,7.89,7.26,91,30,0.12219,-0.62521,11,617.85
2025-06-30,2025-07-11,624.0,call,2.71,2.74,2.73,2.7,793,982,0.11244,0.3333,11,617.85
2025-06-30,2025-07-11,624.0,put,8.49,8.56,8.53,8.17,94,14,0.12219,-0.6535,11,617.85
2025-06-30,2025-07-11,625.0,call,2.36,2.38,2.37,2.37,2674,20674,0.11244,0.30402,11,617.85
2025-06-30,2025-07-11,625.0,put,9.15,9.23,9.19,9.25,286,66,0.12219,-0.68093,11,617.85
2025-06-30,2025-07-11,630.0,call,1.06,1.08,1.07,1.07,3145,6559,0.11244,0.1785,11,617.85
2025-06-30,2025-07-11,630.0,put,12.97,13.09,13.03,12.8,176,23,0.13195,-0.78282,11,617.85
2025-06-30,2025-07-11,635.0,call,0.41,0.42,0.41,0.42,2548,4059,0.10268,0.07299,11,617.85
2025-06-30,2025-07-11,635.0,put,17.58,17.72,17.65,17.63,2,5,0.15146,-0.83609,11,617.85
2025-06-30,2025-07-11,640.0,call,0.14,0.15,0.15,0.15,5174,5120,0.10268,0.02912,11,617.85
2025-06-30,2025-07-11,640.0,put,21.54,23.41,22.48,0.0,0,9,0.17097,-0.87032,11,617.85
2025-06-30,2025-07-11,645.0,call,0.06,0.07,0.07,0.07,1018,2632,0.11244,0.01673,11,617.85
2025-06-30,2025-07-11,645.0,put,26.48,28.41,27.45,0.0,0,0,0.20024,-0.88144,11,617.85
2025-06-30,2025-07-11,650.0,call,0.03,0.04,0.04,0.04,357,4785,0.12219,0.01019,11,617.85
2025-06-30,2025-07-11,650.0,put,31.54,33.41,32.47,32.11,2,0,0.21975,-0.8991,11,617.85
2025-06-30,2025-07-11,655.0,call,0.03,0.04,0.04,0.02,724,902,0.13195,0.00656,11,617.85
2025-06-30,2025-07-11,655.0,put,36.54,38.41,37.47,0.0,0,0,0.24902,-0.90301,11,617.85
2025-06-30,2025-07-11,660.0,call,0.02,0.03,0.03,0.03,14,1881,0.15146,0.0072,11,617.85
2025-06-30,2025-07-11,660.0,put,41.55,43.41,42.48,0.0,0,0,0.26853,-0.91377,11,617.85
2025-06-30,2025-07-11,665.0,call,0.01,0.02,0.01,0.02,27,834,0.1417,0.00173,11,617.85
2025-06-30,2025-07-11,665.0,put,46.54,48.41,47.47,0.0,0,0,0.2978,-0.91488,11,617.85
2025-06-30,2025-07-11,670.0,call,0.01,0.02,0.01,0.02,34,86,0.16122,0.00229,11,617.85
2025-06-30,2025-07-11,670.0,put,51.54,53.41,52.47,0.0,0,0,0.31731,-0.92217,11,617.85
2025-06-30,2025-07-11,675.0,call,0.01,0.02,0.01,0.02,4,88,0.17097,0.00174,11,617.85
2025-06-30,2025-07-11,675.0,put,56.55,58.41,57.48,0.0,0,0,0.34658,-0.92199,11,617.85
2025-06-30,2025-07-11,680.0,call,0.01,0.02,0.01,0.02,133,265,0.18073,0.00136,11,617.85
2025-06-30,2025-07-11,680.0,put,61.55,63.41,62.48,0.0,0,0,0.36609,-0.92728,11,617.85
2025-06-30,2025-07-11,685.0,put,66.54,68.41,67.47,0.0,0,0,0.3856,-0.93166,11,617.85
2025-06-30,2025-07-11,690.0,put,71.54,73.41,72.47,0.0,0,0,0.40511,-0.93533,11,617.85
2025-06-30,2025-07-11,695.0,put,76.54,78.41,77.47,0.0,0,0,0.42462,-0.93842,11,617.85
2025-06-30,2025-07-11,700.0,put,81.48,83.41,82.44,0.0,0,0,0.44414,-0.94105,11,617.85
2025-06-30,2025-07-14,545.0,call,72.09,75.18,73.64,0.0,0,0,0.01488,1.0,14,617.85
2025-06-30,2025-07-14,545.0,put,0.11,0.12,0.11,0.12,33,0,0.27829,-0.00915,14,617.85
2025-06-30,2025-07-14,550.0,call,67.01,70.2,68.61,0.0,0,0,0.01488,1.0,14,617.85
2025-06-30,2025-07-14,550.0,put,0.12,0.14,0.13,0.13,48,0,0.26853,-0.01161,14,617.85
2025-06-30,2025-07-14,555.0,call,62.04,65.23,63.64,0.0,0,0,0.01488,1.0,14,617.85
2025-06-30,2025-07-14,555.0,put,0.14,0.15,0.15,0.15,252,0,0.25877,-0.01482,14,617.85
2025-06-30,2025-07-14,560.0,call,57.07,60.26,58.66,0.0,0,0,0.01488,1.0,14,617.85
2025-06-30,2025-07-14,560.0,put,0.17,0.18,0.17,0.17,26,0,0.23926,-0.01551,14,617.85
2025-06-30,2025-07-14,565.0,call,52.08,55.29,53.69,0.0,0,0,0.01488,1.0,14,617.85
2025-06-30,2025-07-14,565.0,put,0.2,0.21,0.21,0.18,95,0,0.22951,-0.02024,14,617.85
2025-06-30,2025-07-14,570.0,call,47.15,50.34,48.75,47.29,1,0,0.01488,1.0,14,617.85
2025-06-30,2025-07-14,570.0,put,0.24,0.25,0.24,0.24,138,0,0.21975,-0.02661,14,617.85
2025-06-30,2025-07-14,575.0,call,42.04,45.46,43.75,0.0,0,0,0.01488,1.0,14,617.85
2025-06-30,2025-07-14,575.0,put,0.29,0.3,0.29,0.3,45,0,0.20024,-0.02906,14,617.85
2025-06-30,2025-07-14,580.0,call,37.31,40.55,38.93,37.55,2,0,0.16122,0.9808,14,617.85
2025-06-30,2025-07-14,580.0,put,0.37,0.38,0.38,0.38,192,0,0.19048,-0.03939,14,617.85
2025-06-30,2025-07-14,585.0,call,32.25,35.68,33.97,33.23,3,0,0.1417,0.97944,14,617.85
2025-06-30,2025-07-14,585.0,put,0.49,0.5,0.49,0.5,124,0,0.18073,-0.0539,14,617.85
2025-06-30,2025-07-14,590.0,call,27.74,30.32,29.03,0.0,0,0,0.13195,0.9687,14,617.85
2025-06-30,2025-07-14,590.0,put,0.67,0.68,0.68,0.64,259,0,0.17097,-0.0744,14,617.85
2025-06-30,2025-07-14,595.0,call,24.28,24.42,24.35,24.21,2,0,0.1417,0.92387,14,617.85
2025-06-30,2025-07-14,595.0,put,0.95,0.97,0.96,0.96,504,0,0.16122,-0.10349,14,617.85
2025-06-30,2025-07-14,600.0,call,19.72,19.85,19.79,21.0,54,0,0.13195,0.88717,14,617.85
2025-06-30,2025-07-14,600.0,put,1.38,1.4,1.39,1.4,937,0,0.15146,-0.14477,14,617.85
2025-06-30,2025-07-14,605.0,call,15.39,15.49,15.44,14.23,13,0,0.13195,0.8134,14,617.85
2025-06-30,2025-07-14,605.0,put,2.03,2.05,2.04,2.02,1047,0,0.1417,-0.20298,14,617.85
2025-06-30,2025-07-14,610.0,call,11.38,11.45,11.41,12.1,74,0,0.12219,0.73095,14,617.85
2025-06-30,2025-07-14,610.0,put,3.0,3.03,3.01,2.93,351,0,0.13195,-0.28366,14,617.85
2025-06-30,2025-07-14,615.0,call,7.83,7.88,7.86,8.03,651,0,0.12219,0.60817,14,617.85
2025-06-30,2025-07-14,615.0,put,4.46,4.49,4.47,4.53,1111,0,0.13195,-0.39894,14,617.85
2025-06-30,2025-07-14,620.0,call,4.91,4.95,4.93,4.94,1108,0,0.11244,0.47157,14,617.85
2025-06-30,2025-07-14,620.0,put,6.55,6.6,6.57,6.67,179,0,0.12219,-0.52543,14,617.85
2025-06-30,2025-07-14,625.0,call,2.74,2.78,2.76,2.85,699,0,0.11244,0.33139,14,617.85
2025-06-30,2025-07-14,625.0,put,9.32,9.77,9.54,9.35,31,0,0.12219,-0.65521,14,617.85
2025-06-30,2025-07-14,630.0,call,1.35,1.37,1.36,1.46,636,0,0.10268,0.19058,14,617.85
2025-06-30,2025-07-14,630.0,put,13.03,13.43,13.23,12.27,40,0,0.12219,-0.76804,14,617.85
2025-06-30,2025-07-14,635.0,call,0.58,0.59,0.58,0.58,180,0,0.10268,0.10225,14,617.85
2025-06-30,2025-07-14,635.0,put,15.9,19.23,17.57,17.26,5,0,0.13195,-0.83703,14,617.85
2025-06-30,2025-07-14,640.0,call,0.22,0.23,0.23,0.23,209,0,0.10268,0.04857,14,617.85
2025-06-30,2025-07-14,640.0,put,20.91,24.2,22.55,0.0,0,0,0.16122,-0.85249,14,617.85
2025-06-30,2025-07-14,645.0,call,0.08,0.1,0.09,0.13,48,0,0.10268,0.02039,14,617.85
2025-06-30,2025-07-14,645.0,put,25.9,29.13,27.52,0.0,0,0,0.18073,-0.875,14,617.85
2025-06-30,2025-07-14,650.0,call,0.04,0.05,0.04,0.05,261,0,0.10268,0.00755,14,617.85
2025-06-30,2025-07-14,650.0,put,30.9,34.13,32.52,32.12,2,0,0.21,-0.8795,14,617.85
2025-06-30,2025-07-14,655.0,call,0.03,0.04,0.04,0.04,30,0,0.12219,0.00917,14,617.85
2025-06-30,2025-07-14,655.0,put,35.9,39.13,37.52,0.0,0,0,0.22951,-0.89244,14,617.85
2025-06-30,2025-07-14,660.0,call,0.02,0.03,0.03,0.03,17,0,0.13195,0.00663,14,617.85
2025-06-30,2025-07-14,660.0,put,40.91,44.13,42.52,0.0,0,0,0.25877,-0.89326,14,617.85
2025-06-30,2025-07-14,665.0,call,0.01,0.03,0.02,0.03,1000,0,0.1417,0.00499,14,617.85
2025-06-30,2025-07-14,665.0,put,45.85,49.13,47.49,0.0,0,0,0.27829,-0.90176,14,617.85
2025-06-30,2025-07-14,670.0,call,0.01,0.02,0.01,0.02,198,0,0.1417,0.00221,14,617.85
2025-06-30,2025-07-14,670.0,put,50.91,54.13,52.52,0.0,0,0,0.2978,-0.90853,14,617.85
2025-06-30,2025-07-14,675.0,call,0.01,0.02,0.01,0.02,1,0,0.15146,0.0018,14,617.85
2025-06-30,2025-07-14,675.0,put,55.85,59.13,57.49,0.0,0,0,0.31731,-0.914,14,617.85
2025-06-30,2025-07-14,680.0,call,0.01,0.02,0.01,0.0,0,0,0.16122,0.0015,14,617.85
2025-06-30,2025-07-14,680.0,put,60.91,64.13,62.52,0.0,0,0,0.33682,-0.91847,14,617.85
2025-06-30,2025-07-14,685.0,put,65.91,69.13,67.52,0.0,0,0,0.35633,-0.92215,14,617.85
2025-06-30,2025-07-14,690.0,call,0.01,0.02,0.01,0.0,0,0,0.19048,0.00188,14,617.85
2025-06-30,2025-07-14,690.0,put,70.9,74.13,72.52,0.0,0,0,0.37584,-0.92522,14,617.85
2025-06-30,2025-07-18,245.0,call,371.81,373.95,372.88,362.5,0,66,0.01488,1.0,18,617.85
2025-06-30,2025-07-18,250.0,call,366.83,368.96,367.89,350.95,0,12,0.01488,1.0,18,617.85
2025-06-30,2025-07-18,255.0,call,361.83,363.98,362.9,0.0,0,0,0.01488,1.0,18,617.85
2025-06-30,2025-07-18,260.0,call,357.04,358.99,358.01,358.89,6,0,0.01488,1.0,18,617.85
2025-06-30,2025-07-18,265.0,call,351.86,354.01,352.94,334.57,0,0,0.01488,1.0,18,617.85
2025-06-30,2025-07-18,270.0,call,346.87,349.02,347.94,0.0,0,0,0.01488,1.0,18,617.85
2025-06-30,2025-07-18,275.0,call,341.88,344.04,342.96,0.0,0,0,0.01488,1.0,18,617.85
2025-06-30,2025-07-18,280.0,call,336.9,339.05,337.98,314.51,0,1,0.01488,1.0,18,617.85
2025-06-30,2025-07-18,285.0,call,331.91,334.06,332.99,0.0,0,0,0.01488,1.0,18,617.85
2025-06-30,2025-07-18,290.0,call,326.92,329.07,328.0,308.33,0,3,0.01488,1.0,18,617.85
2025-06-30,2025-07-18,295.0,call,321.94,324.08,323.01,251.25,0,0,0.01488,1.0,18,617.85
2025-06-30,2025-07-18,300.0,call,316.95,319.1,318.02,298.72,0,3,0.01488,1.0,18,617.85
2025-06-30,2025-07-18,305.0,call,311.96,314.11,313.03,240.42,0,0,0.01488,1.0,18,617.85
2025-06-30,2025-07-18,310.0,call,306.97,309.13,308.05,284.77,0,1,0.01488,1.0,18,617.85
2025-06-30,2025-07-18,315.0,call,301.99,304.14,303.06,285.21,0,2,0.01488,1.0,18,617.85
2025-06-30,2025-07-18,320.0,call,297.0,299.15,298.07,241.7,0,0,0.01488,1.0,18,617.85
2025-06-30,2025-07-18,325.0,call,292.01,294.16,293.09,217.29,0,0,0.01488,1.0,18,617.85
2025-06-30,2025-07-18,330.0,call,287.03,289.18,288.11,266.48,0,1,0.01488,1.0,18,617.85
2025-06-30,2025-07-18,335.0,call,282.05,284.19,283.12,266.12,0,0,0.01488,1.0,18,617.85
2025-06-30,2025-07-18,340.0,call,277.05,279.2,278.12,249.76,0,0,0.01488,1.0,18,617.85
2025-06-30,2025-07-18,345.0,call,272.07,274.21,273.14,217.63,0,0,0.01488,1.0,18,617.85
2025-06-30,2025-07-18,350.0,call,267.08,269.23,268.15,248.86,0,1,0.01488,1.0,18,617.85
2025-06-30,2025-07-18,350.0,put,0.01,0.02,0.01,0.01,5,8914,0.77583,-0.00034,18,617.85
2025-06-30,2025-07-18,355.0,call,262.09,264.24,263.16,246.1,0,0,0.01488,1.0,18,617.85
2025-06-30,2025-07-18,355.0,put,0.01,0.02,0.01,0.0,0,4187,0.75632,-0.00034,18,617.85
2025-06-30,2025-07-18,360.0,call,257.1,259.26,258.18,241.2,0,0,0.01488,1.0,18,617.85
2025-06-30,2025-07-18,360.0,put,0.01,0.02,0.01,0.02,60,7733,0.73681,-0.00034,18,617.85
2025-06-30,2025-07-18,365.0,call,252.12,254.27,253.19,236.07,0,0,0.01488,1.0,18,617.85
2025-06-30,2025-07-18,365.0,put,0.01,0.02,0.01,0.02,11,6121,0.72706,-0.0004,18,617.85
2025-06-30,2025-07-18,370.0,call,247.14,249.28,248.21,229.9,0,0,0.01488,1.0,18,617.85
2025-06-30,2025-07-18,370.0,put,0.01,0.02,0.01,0.02,1,2291,0.70754,-0.0004,18,617.85
2025-06-30,2025-07-18,375.0,call,242.14,244.3,243.22,225.06,0,0,0.01488,1.0,18,617.85
2025-06-30,2025-07-18,375.0,put,0.01,0.02,0.01,0.02,105,12626,0.68803,-0.00039,18,617.85
2025-06-30,2025-07-18,380.0,call,237.16,239.31,238.24,221.07,0,0,0.01488,1.0,18,617.85
2025-06-30,2025-07-18,380.0,put,0.01,0.02,0.01,0.02,120,5394,0.66852,-0.00039,18,617.85
2025-06-30,2025-07-18,385.0,call,232.17,234.32,233.25,218.78,0,0,0.01488,1.0,18,617.85
2025-06-30,2025-07-18,385.0,put,0.01,0.02,0.01,0.02,116,3272,0.65876,-0.00045,18,617.85
2025-06-30,2025-07-18,390.0,call,227.18,229.34,228.26,197.15,0,8,0.01488,1.0,18,617.85
2025-06-30,2025-07-18,390.0,put,0.02,0.03,0.03,0.02,41,20416,0.69779,-0.00111,18,617.85
2025-06-30,2025-07-18,395.0,call,222.2,224.35,223.27,207.79,0,0,0.01488,1.0,18,617.85
2025-06-30,2025-07-18,395.0,put,0.02,0.03,0.03,0.0,0,2372,0.67828,-0.00111,18,617.85
2025-06-30,2025-07-18,400.0,call,217.21,219.36,218.29,217.98,8,42,0.01488,1.0,18,617.85
2025-06-30,2025-07-18,400.0,put,0.02,0.03,0.03,0.03,273,22614,0.65876,-0.00111,18,617.85
2025-06-30,2025-07-18,405.0,call,212.23,214.37,213.3,212.24,0,38,0.01488,1.0,18,617.85
2025-06-30,2025-07-18,405.0,put,0.02,0.03,0.03,0.02,276,6903,0.63925,-0.0011,18,617.85
2025-06-30,2025-07-18,410.0,call,207.24,209.39,208.31,184.39,0,78,0.01488,1.0,18,617.85
2025-06-30,2025-07-18,410.0,put,0.02,0.03,0.03,0.03,4,3853,0.6295,-0.00127,18,617.85
2025-06-30,2025-07-18,415.0,call,202.25,204.41,203.33,185.73,0,47,0.01488,1.0,18,617.85
2025-06-30,2025-07-18,415.0,put,0.02,0.03,0.03,0.03,501,1930,0.60999,-0.00126,18,617.85
2025-06-30,2025-07-18,420.0,call,197.3,199.75,198.53,196.58,0,238,0.01488,1.0,18,617.85
2025-06-30,2025-07-18,420.0,put,0.03,0.04,0.04,0.0,0,4306,0.60999,-0.00168,18,617.85
2025-06-30,2025-07-18,425.0,call,192.28,194.44,193.36,174.73,0,58,0.01488,1.0,18,617.85
2025-06-30,2025-07-18,425.0,put,0.03,0.04,0.04,0.03,34,4119,0.59047,-0.00167,18,617.85
2025-06-30,2025-07-18,430.0,call,187.58,189.81,188.69,177.75,0,823,0.01488,1.0,18,617.85
2025-06-30,2025-07-18,430.0,put,0.03,0.04,0.04,0.04,7,44080,0.57096,-0.00165,18,617.85
2025-06-30,2025-07-18,435.0,call,182.31,184.47,183.39,162.75,0,18,0.01488,1.0,18,617.85
2025-06-30,2025-07-18,435.0,put,0.03,0.04,0.04,0.03,8,38487,0.56121,-0.0019,18,617.85
2025-06-30,2025-07-18,440.0,call,177.34,179.48,178.41,170.98,0,72,0.01488,1.0,18,617.85
2025-06-30,2025-07-18,440.0,put,0.04,0.05,0.04,0.04,305,25794,0.54169,-0.00187,18,617.85
2025-06-30,2025-07-18,445.0,call,172.35,174.49,173.42,153.14,0,49,0.01488,1.0,18,617.85
2025-06-30,2025-07-18,445.0,put,0.04,0.05,0.04,0.05,20,2717,0.52218,-0.00183,18,617.85
2025-06-30,2025-07-18,450.0,call,167.36,169.51,168.44,158.74,0,57,0.01488,1.0,18,617.85
2025-06-30,2025-07-18,450.0,put,0.04,0.05,0.04,0.04,145,18139,0.50267,-0.00178,18,617.85
2025-06-30,2025-07-18,455.0,call,162.38,164.53,163.45,163.33,1,65,0.01488,1.0,18,617.85
2025-06-30,2025-07-18,455.0,put,0.05,0.06,0.06,0.05,117,11968,0.51243,-0.00285,18,617.85
2025-06-30,2025-07-18,460.0,call,157.62,159.18,158.4,157.21,11,218,0.01488,1.0,18,617.85
2025-06-30,2025-07-18,460.0,put,0.05,0.06,0.06,0.06,2082,16531,0.49292,-0.00281,18,617.85
2025-06-30,2025-07-18,465.0,call,152.97,154.69,153.83,152.22,5,134,0.01488,1.0,18,617.85
2025-06-30,2025-07-18,465.0,put,0.06,0.07,0.07,0.08,2196,76550,0.48316,-0.00324,18,617.85
2025-06-30,2025-07-18,470.0,call,148.32,148.75,148.53,130.54,0,406,0.01488,1.0,18,617.85
2025-06-30,2025-07-18,470.0,put,0.06,0.07,0.07,0.07,33,89404,0.4734,-0.00374,18,617.85
2025-06-30,2025-07-18,475.0,call,142.87,144.85,143.86,142.0,0,242,0.01488,1.0,18,617.85
2025-06-30,2025-07-18,475.0,put,0.07,0.08,0.08,0.08,19,16831,0.45389,-0.00368,18,617.85
2025-06-30,2025-07-18,480.0,call,138.38,138.78,138.58,137.94,1241,2041,0.01488,1.0,18,617.85
2025-06-30,2025-07-18,480.0,put,0.08,0.09,0.08,0.07,82,18858,0.44414,-0.00426,18,617.85
2025-06-30,2025-07-18,485.0,call,132.64,135.0,133.82,132.43,0,287,0.01488,1.0,18,617.85
2025-06-30,2025-07-18,485.0,put,0.08,0.09,0.08,0.09,14,8836,0.42462,-0.00418,18,617.85
2025-06-30,2025-07-18,490.0,call,128.42,128.81,128.62,128.14,9,1744,0.01488,1.0,18,617.85
2025-06-30,2025-07-18,490.0,put,0.09,0.1,0.1,0.1,194,23016,0.42462,-0.00573,18,617.85
2025-06-30,2025-07-18,495.0,call,123.44,123.83,123.63,123.27,1,653,0.01488,1.0,18,617.85
2025-06-30,2025-07-18,495.0,put,0.1,0.11,0.11,0.14,164,23207,0.40511,-0.00566,18,617.85
2025-06-30,2025-07-18,500.0,call,118.42,118.88,118.65,119.83,25,1855,0.01488,1.0,18,617.85
2025-06-30,2025-07-18,500.0,put,0.11,0.12,0.11,0.12,742,83926,0.39536,-0.00659,18,617.85
2025-06-30,2025-07-18,505.0,call,113.49,113.89,113.69,113.14,3,1293,0.01488,1.0,18,617.85
2025-06-30,2025-07-18,505.0,put,0.12,0.13,0.12,0.12,1165,49856,0.37584,-0.0065,18,617.85
2025-06-30,2025-07-18,510.0,call,108.37,108.92,108.65,109.14,2,5241,0.01488,1.0,18,617.85
2025-06-30,2025-07-18,510.0,put,0.13,0.14,0.14,0.14,199,64964,0.36609,-0.00762,18,617.85
2025-06-30,2025-07-18,515.0,call,103.18,105.05,104.12,86.3,0,3621,0.36609,0.98946,18,617.85
2025-06-30,2025-07-18,515.0,put,0.15,0.16,0.15,0.15,165,30205,0.35633,-0.00895,18,617.85
2025-06-30,2025-07-18,520.0,call,97.68,99.8,98.74,99.74,75,4253,0.01488,1.0,18,617.85
2025-06-30,2025-07-18,520.0,put,0.16,0.17,0.17,0.17,292,35492,0.34658,-0.01054,18,617.85
2025-06-30,2025-07-18,525.0,call,93.23,95.17,94.2,93.21,4,4540,0.34658,0.98545,18,617.85
2025-06-30,2025-07-18,525.0,put,0.18,0.19,0.18,0.18,514,19838,0.32707,-0.0105,18,617.85
2025-06-30,2025-07-18,530.0,call,88.06,89.94,89.0,88.0,4,4316,0.24902,0.99774,18,617.85
2025-06-30,2025-07-18,530.0,put,0.2,0.21,0.21,0.19,347,57986,0.31731,-0.01248,18,617.85
2025-06-30,2025-07-18,535.0,call,83.7,84.05,83.88,81.1,0,5776,0.01488,1.0,18,617.85
2025-06-30,2025-07-18,535.0,put,0.22,0.23,0.23,0.22,175,18973,0.30755,-0.01487,18,617.85
2025-06-30,2025-07-18,540.0,call,78.69,79.09,78.89,78.78,308,8253,0.01488,1.0,18,617.85
2025-06-30,2025-07-18,540.0,put,0.24,0.25,0.24,0.25,774,67054,0.28804,-0.01497,18,617.85
2025-06-30,2025-07-18,541.0,call,77.26,79.11,78.19,77.21,2,163,0.27829,0.98661,18,617.85
2025-06-30,2025-07-18,541.0,put,0.25,0.26,0.26,0.24,5,2426,0.28804,-0.0161,18,617.85
2025-06-30,2025-07-18,542.0,call,76.87,77.03,76.95,67.58,0,57,0.01488,1.0,18,617.85
2025-06-30,2025-07-18,542.0,put,0.25,0.26,0.26,0.25,195,2469,0.28804,-0.0173,18,617.85
2025-06-30,2025-07-18,543.0,call,75.88,76.04,75.96,66.32,0,264,0.01488,1.0,18,617.85
2025-06-30,2025-07-18,543.0,put,0.26,0.27,0.27,0.34,10,1668,0.28804,-0.01857,18,617.85
2025-06-30,2025-07-18,544.0,call,74.89,75.05,74.97,74.7,1,8,0.01488,1.0,18,617.85
2025-06-30,2025-07-18,544.0,put,0.27,0.28,0.28,0.27,46,4611,0.28804,-0.01992,18,617.85
2025-06-30,2025-07-18,545.0,call,73.9,74.05,73.97,73.09,2,2363,0.01488,1.0,18,617.85
2025-06-30,2025-07-18,545.0,put,0.27,0.28,0.28,0.27,531,16261,0.27829,-0.01806,18,617.85
2025-06-30,2025-07-18,546.0,call,72.91,73.06,72.98,67.68,0,2694,0.01488,1.0,18,617.85
2025-06-30,2025-07-18,546.0,put,0.28,0.29,0.29,0.33,122,1923,0.27829,-0.01942,18,617.85
2025-06-30,2025-07-18,547.0,call,71.92,72.07,72.0,67.24,0,181,0.01488,1.0,18,617.85
2025-06-30,2025-07-18,547.0,put,0.28,0.29,0.29,0.3,7,2010,0.27829,-0.02086,18,617.85
2025-06-30,2025-07-18,548.0,call,70.93,71.08,71.0,69.85,1,30,0.01488,1.0,18,617.85
2025-06-30,2025-07-18,548.0,put,0.29,0.3,0.29,0.33,2,1700,0.26853,-0.01888,18,617.85
2025-06-30,2025-07-18,549.0,call,69.94,70.09,70.02,68.01,0,42,0.01488,1.0,18,617.85
2025-06-30,2025-07-18,549.0,put,0.3,0.31,0.3,0.38,27,1833,0.26853,-0.02033,18,617.85
2025-06-30,2025-07-18,550.0,call,68.95,69.1,69.03,70.04,334,14518,0.17097,0.99915,18,617.85
2025-06-30,2025-07-18,550.0,put,0.3,0.32,0.31,0.31,4269,54689,0.26853,-0.02188,18,617.85
2025-06-30,2025-07-18,551.0,call,67.96,68.11,68.03,62.22,0,1551,0.17097,0.999,18,617.85
2025-06-30,2025-07-18,551.0,put,0.31,0.32,0.32,0.3,23,4187,0.26853,-0.02352,18,617.85
2025-06-30,2025-07-18,552.0,call,66.97,67.12,67.05,61.56,0,32,0.19048,0.99689,18,617.85
2025-06-30,2025-07-18,552.0,put,0.32,0.33,0.33,0.34,10,2719,0.26853,-0.02526,18,617.85
2025-06-30,2025-07-18,553.0,call,65.98,66.13,66.06,64.37,0,23,0.19048,0.99646,18,617.85
2025-06-30,2025-07-18,553.0,put,0.33,0.34,0.34,0.33,10,2403,0.25877,-0.02299,18,617.85
2025-06-30,2025-07-18,554.0,call,64.99,65.14,65.06,63.24,0,12,0.19048,0.99598,18,617.85
2025-06-30,2025-07-18,554.0,put,0.34,0.35,0.34,0.38,5,2844,0.25877,-0.02476,18,617.85
2025-06-30,2025-07-18,555.0,call,64.0,64.15,64.08,64.67,6,6874,0.19048,0.99544,18,617.85
2025-06-30,2025-07-18,555.0,put,0.34,0.36,0.35,0.34,950,23684,0.25877,-0.02664,18,617.85
2025-06-30,2025-07-18,556.0,call,63.01,63.16,63.08,45.26,0,410,0.19048,0.99484,18,617.85
2025-06-30,2025-07-18,556.0,put,0.35,0.36,0.35,0.41,40,1637,0.24902,-0.02421,18,617.85
2025-06-30,2025-07-18,557.0,call,62.02,62.18,62.1,62.28,1,25,0.20024,0.99184,18,617.85
2025-06-30,2025-07-18,557.0,put,0.36,0.37,0.36,0.37,712,11752,0.24902,-0.02612,18,617.85
2025-06-30,2025-07-18,558.0,call,61.04,61.19,61.11,60.96,3,50,0.20024,0.9909,18,617.85
2025-06-30,2025-07-18,558.0,put,0.37,0.38,0.38,0.36,30,3826,0.24902,-0.02815,18,617.85
2025-06-30,2025-07-18,559.0,call,60.05,60.2,60.12,59.0,2,79,0.19048,0.99261,18,617.85
2025-06-30,2025-07-18,559.0,put,0.38,0.39,0.39,0.38,11,2339,0.24902,-0.0303,18,617.85
2025-06-30,2025-07-18,560.0,call,59.06,59.21,59.14,60.48,45,7752,0.20024,0.98873,18,617.85
2025-06-30,2025-07-18,560.0,put,0.39,0.41,0.4,0.41,2526,64115,0.24902,-0.03259,18,617.85
2025-06-30,2025-07-18,561.0,call,58.08,58.23,58.16,41.21,0,65,0.20024,0.98749,18,617.85
2025-06-30,2025-07-18,561.0,put,0.41,0.42,0.41,0.4,31,1158,0.23926,-0.02982,18,617.85
2025-06-30,2025-07-18,562.0,call,57.09,57.24,57.17,56.62,2,120,0.20024,0.98613,18,617.85
2025-06-30,2025-07-18,562.0,put,0.42,0.43,0.42,0.43,988,9803,0.23926,-0.03216,18,617.85
2025-06-30,2025-07-18,563.0,call,56.11,56.26,56.19,49.02,0,133,0.20024,0.98465,18,617.85
2025-06-30,2025-07-18,563.0,put,0.43,0.44,0.43,0.49,8,10438,0.23926,-0.03465,18,617.85
2025-06-30,2025-07-18,564.0,call,55.12,55.27,55.2,53.11,0,36,0.20024,0.98304,18,617.85
2025-06-30,2025-07-18,564.0,put,0.44,0.45,0.45,0.42,17,7998,0.23926,-0.03729,18,617.85
2025-06-30,2025-07-18,565.0,call,54.14,54.29,54.22,53.11,5,9100,0.20024,0.98129,18,617.85
2025-06-30,2025-07-18,565.0,put,0.46,0.47,0.46,0.45,9592,57717,0.22951,-0.03424,18,617.85
2025-06-30,2025-07-18,566.0,call,53.16,53.31,53.23,52.75,1,104,0.19048,0.98397,18,617.85
2025-06-30,2025-07-18,566.0,put,0.47,0.48,0.47,0.47,76,15258,0.22951,-0.03696,18,617.85
2025-06-30,2025-07-18,567.0,call,52.18,52.33,52.25,49.45,0,19,0.19048,0.98222,18,617.85
2025-06-30,2025-07-18,567.0,put,0.49,0.5,0.49,0.5,18372,18787,0.22951,-0.03984,18,617.85
2025-06-30,2025-07-18,568.0,call,51.2,51.34,51.27,49.6,0,27,0.19048,0.98032,18,617.85
2025-06-30,2025-07-18,568.0,put,0.51,0.52,0.52,0.51,34,27649,0.22951,-0.0429,18,617.85
2025-06-30,2025-07-18,569.0,call,50.22,50.36,50.29,50.85,2,26,0.19048,0.97824,18,617.85
2025-06-30,2025-07-18,569.0,put,0.52,0.54,0.53,0.5,149,11409,0.21975,-0.03955,18,617.85
2025-06-30,2025-07-18,570.0,call,49.24,49.39,49.31,50.5,2210,19165,0.19048,0.97599,18,617.85
2025-06-30,2025-07-18,570.0,put,0.54,0.56,0.55,0.56,5475,69822,0.21975,-0.04272,18,617.85
2025-06-30,2025-07-18,571.0,call,48.26,48.41,48.33,48.29,2,42,0.19048,0.97356,18,617.85
2025-06-30,2025-07-18,571.0,put,0.56,0.58,0.57,0.54,183,8756,0.21975,-0.04608,18,617.85
2025-06-30,2025-07-18,572.0,call,47.29,47.43,47.36,46.83,12,146,0.19048,0.97092,18,617.85
2025-06-30,2025-07-18,572.0,put,0.59,0.6,0.59,0.59,3839,8423,0.21975,-0.04965,18,617.85
2025-06-30,2025-07-18,573.0,call,46.31,46.46,46.39,45.2,3,215,0.19048,0.96807,18,617.85
2025-06-30,2025-07-18,573.0,put,0.61,0.62,0.61,0.59,147,12289,0.21,-0.04598,18,617.85
2025-06-30,2025-07-18,574.0,call,45.34,45.49,45.42,44.31,2,223,0.19048,0.965,18,617.85
2025-06-30,2025-07-18,574.0,put,0.64,0.65,0.65,0.59,18,14420,0.21,-0.04971,18,617.85
2025-06-30,2025-07-18,575.0,call,44.37,44.51,44.44,45.91,83,12995,0.19048,0.9617,18,617.85
2025-06-30,2025-07-18,575.0,put,0.66,0.67,0.67,0.67,4123,43798,0.21,-0.05366,18,617.85
2025-06-30,2025-07-18,576.0,call,43.4,43.55,43.47,43.48,6,203,0.18073,0.96569,18,617.85
2025-06-30,2025-07-18,576.0,put,0.69,0.7,0.69,0.66,105,2946,0.21,-0.05784,18,617.85
2025-06-30,2025-07-18,577.0,call,42.43,42.58,42.5,41.5,2,113,0.18073,0.96227,18,617.85
2025-06-30,2025-07-18,577.0,put,0.72,0.73,0.72,0.71,3532,13148,0.21,-0.06228,18,617.85
2025-06-30,2025-07-18,578.0,call,41.47,41.61,41.54,41.05,34,270,0.18073,0.95859,18,617.85
2025-06-30,2025-07-18,578.0,put,0.76,0.77,0.77,0.74,282,4277,0.20024,-0.05825,18,617.85
2025-06-30,2025-07-18,579.0,call,40.51,40.65,40.58,37.62,0,122,0.18073,0.95462,18,617.85
2025-06-30,2025-07-18,579.0,put,0.79,0.8,0.8,0.77,187,2413,0.20024,-0.06292,18,617.85
2025-06-30,2025-07-18,580.0,call,39.55,39.69,39.62,39.98,5103,19331,0.18073,0.95037,18,617.85
2025-06-30,2025-07-18,580.0,put,0.82,0.84,0.83,0.84,11278,46614,0.20024,-0.06786,18,617.85
2025-06-30,2025-07-18,581.0,call,38.59,38.73,38.66,37.65,2,272,0.18073,0.94581,18,617.85
2025-06-30,2025-07-18,581.0,put,0.87,0.88,0.88,0.84,2612,1890,0.20024,-0.07309,18,617.85
2025-06-30,2025-07-18,582.0,call,37.64,37.78,37.71,37.13,2,582,0.18073,0.94093,18,617.85
2025-06-30,2025-07-18,582.0,put,0.91,0.92,0.92,0.9,13677,17750,0.20024,-0.07861,18,617.85
2025-06-30,2025-07-18,583.0,call,36.68,36.82,36.75,37.33,2,804,0.18073,0.93573,18,617.85
2025-06-30,2025-07-18,583.0,put,0.95,0.97,0.96,0.96,455,3180,0.19048,-0.07435,18,617.85
2025-06-30,2025-07-18,584.0,call,35.73,35.87,35.8,33.81,9,554,0.18073,0.93019,18,617.85
2025-06-30,2025-07-18,584.0,put,1.0,1.02,1.01,0.97,752,13351,0.19048,-0.08021,18,617.85
2025-06-30,2025-07-18,585.0,call,34.79,34.92,34.86,36.43,75,6181,0.17097,0.93501,18,617.85
2025-06-30,2025-07-18,585.0,put,1.06,1.07,1.06,1.07,33679,40936,0.19048,-0.08641,18,617.85
2025-06-30,2025-07-18,586.0,call,33.84,33.98,33.91,33.17,27,836,0.17097,0.92911,18,617.85
2025-06-30,2025-07-18,586.0,put,1.11,1.12,1.12,1.11,2245,4493,0.19048,-0.09295,18,617.85
2025-06-30,2025-07-18,587.0,call,32.9,33.04,32.97,32.64,4,2449,0.17097,0.92282,18,617.85
2025-06-30,2025-07-18,587.0,put,1.16,1.18,1.17,1.13,30248,23575,0.19048,-0.09983,18,617.85
2025-06-30,2025-07-18,588.0,call,31.97,32.1,32.03,32.39,44,1165,0.17097,0.91612,18,617.85
2025-06-30,2025-07-18,588.0,put,1.23,1.24,1.23,1.17,160,5172,0.18073,-0.09559,18,617.85
2025-06-30,2025-07-18,589.0,call,31.04,31.17,31.11,31.32,14,979,0.17097,0.90901,18,617.85
2025-06-30,2025-07-18,589.0,put,1.29,1.31,1.3,1.3,542,4219,0.18073,-0.10298,18,617.85
2025-06-30,2025-07-18,590.0,call,30.11,30.24,30.17,30.13,203,17448,0.17097,0.90148,18,617.85
2025-06-30,2025-07-18,590.0,put,1.37,1.38,1.38,1.37,11011,71188,0.18073,-0.11076,18,617.85
2025-06-30,2025-07-18,591.0,call,29.19,29.32,29.26,28.18,55,2038,0.17097,0.89351,18,617.85
2025-06-30,2025-07-18,591.0,put,1.44,1.45,1.44,1.35,1305,3100,0.18073,-0.11894,18,617.85
2025-06-30,2025-07-18,592.0,call,28.27,28.4,28.34,29.9,818,2416,0.17097,0.8851,18,617.85
2025-06-30,2025-07-18,592.0,put,1.51,1.53,1.52,1.49,409,5831,0.18073,-0.12752,18,617.85
2025-06-30,2025-07-18,593.0,call,27.36,27.48,27.42,28.48,7,2602,0.16122,0.88956,18,617.85
2025-06-30,2025-07-18,593.0,put,1.6,1.62,1.61,1.51,359,9520,0.18073,-0.13651,18,617.85
2025-06-30,2025-07-18,594.0,call,26.45,26.57,26.51,27.8,21,3330,0.16122,0.88043,18,617.85
2025-06-30,2025-07-18,594.0,put,1.69,1.71,1.7,1.71,451,4525,0.17097,-0.13306,18,617.85
2025-06-30,2025-07-18,595.0,call,25.55,25.67,25.61,27.09,5200,16808,0.16122,0.87079,18,617.85
2025-06-30,2025-07-18,595.0,put,1.79,1.81,1.8,1.82,8342,21419,0.17097,-0.14281,18,617.85
2025-06-30,2025-07-18,596.0,call,24.65,24.77,24.71,25.89,23,3390,0.16122,0.86065,18,617.85
2025-06-30,2025-07-18,596.0,put,1.88,1.91,1.9,1.77,159,4917,0.17097,-0.15303,18,617.85
2025-06-30,2025-07-18,597.0,call,23.76,23.88,23.82,23.95,17,4286,0.16122,0.85,18,617.85
2025-06-30,2025-07-18,597.0,put,1.99,2.02,2.0,1.92,702,4313,0.17097,-0.1637,18,617.85
2025-06-30,2025-07-18,598.0,call,22.88,23.0,22.94,23.33,48,3825,0.16122,0.83883,18,617.85
2025-06-30,2025-07-18,598.0,put,2.11,2.13,2.12,2.12,3812,13561,0.17097,-0.17482,18,617.85
2025-06-30,2025-07-18,599.0,call,22.0,22.11,22.05,23.16,84,3052,0.16122,0.82716,18,617.85
2025-06-30,2025-07-18,599.0,put,2.23,2.25,2.24,2.16,547,3582,0.16122,-0.17284,18,617.85
2025-06-30,2025-07-18,600.0,call,21.14,21.24,21.19,21.45,813,43034,0.15146,0.82943,18,617.85
2025-06-30,2025-07-18,600.0,put,2.36,2.38,2.37,2.38,42095,41556,0.16122,-0.18502,18,617.85
2025-06-30,2025-07-18,601.0,call,20.28,20.38,20.33,21.13,22,3444,0.15146,0.81658,18,617.85
2025-06-30,2025-07-18,601.0,put,2.5,2.52,2.51,2.43,371,2912,0.16122,-0.19769,18,617.85
2025-06-30,2025-07-18,602.0,call,19.43,19.52,19.48,20.0,97,2844,0.15146,0.80316,18,617.85
2025-06-30,2025-07-18,602.0,put,2.64,2.67,2.66,2.69,450,4966,0.16122,-0.21086,18,617.85
2025-06-30,2025-07-18,603.0,call,18.59,18.68,18.63,18.93,90,2767,0.15146,0.78919,18,617.85
2025-06-30,2025-07-18,603.0,put,2.8,2.83,2.81,2.78,257,3404,0.16122,-0.2245,18,617.85
2025-06-30,2025-07-18,604.0,call,17.76,17.84,17.8,17.69,45,2800,0.15146,0.77468,18,617.85
2025-06-30,2025-07-18,604.0,put,2.97,3.0,2.99,2.94,1580,12685,0.16122,-0.2386,18,617.85
2025-06-30,2025-07-18,605.0,call,16.94,17.02,16.98,17.24,279,16380,0.15146,0.75965,18,617.85
2025-06-30,2025-07-18,605.0,put,3.15,3.17,3.16,3.18,4059,13278,0.15146,-0.24035,18,617.85
2025-06-30,2025-07-18,606.0,call,16.13,16.21,16.17,17.62,182,2960,0.1417,0.75772,18,617.85
2025-06-30,2025-07-18,606.0,put,3.34,3.37,3.35,3.37,635,3114,0.15146,-0.25589,18,617.85
2025-06-30,2025-07-18,607.0,call,15.33,15.41,15.37,15.51,102,3091,0.1417,0.74105,18,617.85
2025-06-30,2025-07-18,607.0,put,3.54,3.57,3.55,3.57,710,7118,0.15146,-0.27191,18,617.85
2025-06-30,2025-07-18,608.0,call,14.55,14.62,14.59,15.76,182,3836,0.1417,0.72384,18,617.85
2025-06-30,2025-07-18,608.0,put,3.76,3.78,3.77,3.66,464,2321,0.15146,-0.28839,18,617.85
2025-06-30,2025-07-18,609.0,call,13.78,13.85,13.81,14.48,92,4525,0.1417,0.70611,18,617.85
2025-06-30,2025-07-18,609.0,put,3.99,4.02,4.0,3.84,507,2095,0.15146,-0.30529,18,617.85
2025-06-30,2025-07-18,610.0,call,13.03,13.09,13.06,13.06,4232,36274,0.1417,0.68791,18,617.85
2025-06-30,2025-07-18,610.0,put,4.23,4.26,4.25,4.25,4635,16323,0.15146,-0.32259,18,617.85
2025-06-30,2025-07-18,611.0,call,12.29,12.35,12.32,12.5,94,4036,0.1417,0.66926,18,617.85
2025-06-30,2025-07-18,611.0,put,4.5,4.53,4.52,4.38,921,2043,0.1417,-0.33074,18,617.85
2025-06-30,2025-07-18,612.0,call,11.57,11.62,11.59,11.58,545,3631,0.1417,0.65022,18,617.85
2025-06-30,2025-07-18,612.0,put,4.78,4.81,4.79,4.78,771,2022,0.1417,-0.34978,18,617.85
2025-06-30,2025-07-18,613.0,call,10.87,10.92,10.89,11.16,712,4492,0.13195,0.63926,18,617.85
2025-06-30,2025-07-18,613.0,put,5.08,5.11,5.1,5.1,2888,1622,0.1417,-0.36918,18,617.85
2025-06-30,2025-07-18,614.0,call,10.18,10.23,10.21,10.25,320,5746,0.13195,0.61824,18,617.85
2025-06-30,2025-07-18,614.0,put,5.39,5.42,5.4,5.2,2470,1174,0.1417,-0.38888,18,617.85
2025-06-30,2025-07-18,615.0,call,9.52,9.56,9.54,9.5,6046,46335,0.13195,0.59689,18,617.85
2025-06-30,2025-07-18,615.0,put,5.73,5.75,5.74,5.78,5505,2774,0.1417,-0.40885,18,617.85
2025-06-30,2025-07-18,616.0,call,8.87,8.91,8.89,9.12,3165,4175,0.13195,0.57529,18,617.85
2025-06-30,2025-07-18,616.0,put,6.09,6.13,6.11,6.12,2352,1010,0.1417,-0.42901,18,617.85
2025-06-30,2025-07-18,617.0,call,8.25,8.29,8.27,8.37,1919,4187,0.13195,0.5535,18,617.85
2025-06-30,2025-07-18,617.0,put,6.47,6.51,6.49,6.45,1749,363,0.1417,-0.44934,18,617.85
2025-06-30,2025-07-18,618.0,call,7.65,7.69,7.67,7.64,1059,2523,0.13195,0.53158,18,617.85
2025-06-30,2025-07-18,618.0,put,6.88,6.92,6.9,6.93,832,897,0.13195,-0.46842,18,617.85
2025-06-30,2025-07-18,619.0,call,7.08,7.11,7.1,7.24,616,3251,0.13195,0.5096,18,617.85
2025-06-30,2025-07-18,619.0,put,7.31,7.35,7.33,7.41,1146,413,0.13195,-0.4904,18,617.85
2025-06-30,2025-07-18,620.0,call,6.53,6.56,6.54,6.5,7832,64236,0.12219,0.48574,18,617.85
2025-06-30,2025-07-18,620.0,put,7.77,7.81,7.79,7.85,1660,1422,0.13195,-0.51238,18,617.85
2025-06-30,2025-07-18,621.0,call,6.0,6.04,6.02,6.5,811,3080,0.12219,0.4621,18,617.85
2025-06-30,2025-07-18,621.0,put,8.26,8.3,8.28,7.88,275,44,0.13195,-0.53428,18,617.85
2025-06-30,2025-07-18,622.0,call,5.51,5.54,5.53,5.68,1508,2212,0.12219,0.43863,18,617.85
2025-06-30,2025-07-18,622.0,put,8.77,8.81,8.79,7.96,26,81,0.13195,-0.55604,18,617.85
2025-06-30,2025-07-18,623.0,call,5.03,5.06,5.04,5.24,515,2223,0.12219,0.41541,18,617.85
2025-06-30,2025-07-18,623.0,put,9.31,9.36,9.34,8.44,15,13,0.13195,-0.5776,18,617.85
2025-06-30,2025-07-18,624.0,call,4.59,4.62,4.61,4.71,1188,3349,0.12219,0.39252,18,617.85
2025-06-30,2025-07-18,624.0,put,9.28,10.53,9.9,9.6,265,37,0.13195,-0.5989,18,617.85
2025-06-30,2025-07-18,625.0,call,4.17,4.2,4.19,4.19,8527,33825,0.12219,0.37003,18,617.85
2025-06-30,2025-07-18,625.0,put,9.83,11.21,10.52,10.58,194,287,0.13195,-0.61987,18,617.85
2025-06-30,2025-07-18,630.0,call,2.47,2.49,2.48,2.5,9644,40396,0.12219,0.26585,18,617.85
2025-06-30,2025-07-18,630.0,put,13.29,14.55,13.92,13.56,60,175,0.13195,-0.71806,18,617.85
2025-06-30,2025-07-18,635.0,call,1.36,1.38,1.37,1.36,7425,21991,0.11244,0.15901,18,617.85
2025-06-30,2025-07-18,635.0,put,17.14,18.85,18.0,17.69,59,78,0.1417,-0.7842,18,617.85
2025-06-30,2025-07-18,640.0,call,0.69,0.7,0.69,0.7,3485,25223,0.11244,0.09465,18,617.85
2025-06-30,2025-07-18,640.0,put,21.69,23.62,22.66,21.5,10,18,0.15146,-0.8332,18,617.85
2025-06-30,2025-07-18,645.0,call,0.33,0.34,0.34,0.35,1425,18027,0.11244,0.05215,18,617.85
2025-06-30,2025-07-18,645.0,put,26.66,28.66,27.66,0.0,0,0,0.18073,-0.84092,18,617.85
2025-06-30,2025-07-18,650.0,call,0.16,0.17,0.17,0.17,1464,14879,0.11244,0.02658,18,617.85
2025-06-30,2025-07-18,650.0,put,31.66,33.41,32.53,0.0,0,0,0.19048,-0.87025,18,617.85
2025-06-30,2025-07-18,655.0,call,0.08,0.09,0.08,0.09,100,9275,0.11244,0.01253,18,617.85
2025-06-30,2025-07-18,655.0,put,36.66,38.48,37.57,38.32,8,4,0.21975,-0.87041,18,617.85
2025-06-30,2025-07-18,660.0,call,0.05,0.06,0.06,0.06,582,6521,0.12219,0.00965,18,617.85
2025-06-30,2025-07-18,660.0,put,41.66,43.48,42.57,0.0,0,0,0.23926,-0.88006,18,617.85
2025-06-30,2025-07-18,665.0,call,0.03,0.04,0.04,0.04,682,4841,0.13195,0.00771,18,617.85
2025-06-30,2025-07-18,665.0,put,46.66,48.4,47.53,0.0,0,0,0.25877,-0.8876,18,617.85
2025-06-30,2025-07-18,670.0,call,0.03,0.04,0.04,0.03,138,13292,0.1417,0.00636,18,617.85
2025-06-30,2025-07-18,670.0,put,51.67,53.79,52.73,0.0,0,0,0.27829,-0.89357,18,617.85
2025-06-30,2025-07-18,675.0,call,0.02,0.03,0.03,0.03,204,5943,0.15146,0.00539,18,617.85
2025-06-30,2025-07-18,675.0,put,56.67,58.79,57.73,0.0,0,0,0.2978,-0.89838,18,617.85
2025-06-30,2025-07-18,680.0,call,0.02,0.03,0.03,0.03,22,13220,0.16122,0.00467,18,617.85
2025-06-30,2025-07-18,680.0,put,61.66,63.79,62.72,0.0,0,0,0.31731,-0.90228,18,617.85
2025-06-30,2025-07-18,685.0,call,0.01,0.02,0.01,0.02,2050,6170,0.15146,0.00141,18,617.85
2025-06-30,2025-07-18,685.0,put,66.66,68.79,67.72,0.0,0,0,0.33682,-0.90548,18,617.85
2025-06-30,2025-07-18,690.0,call,0.01,0.02,0.01,0.02,952,5644,0.16122,0.00132,18,617.85
2025-06-30,2025-07-18,690.0,put,71.66,73.79,72.72,0.0,0,0,0.35633,-0.90811,18,617.85
2025-06-30,2025-07-18,695.0,call,0.01,0.02,0.01,0.02,13,5514,0.17097,0.00125,18,617.85
2025-06-30,2025-07-18,695.0,put,76.67,78.79,77.73,0.0,0,0,0.37584,-0.91028,18,617.85
2025-06-30,2025-07-18,700.0,call,0.01,0.02,0.01,0.01,36,15571,0.18073,0.00119,18,617.85
2025-06-30,2025-07-18,700.0,put,81.66,83.6,82.63,0.0,0,0,0.3856,-0.91775,18,617.85
2025-06-30,2025-07-18,705.0,call,0.01,0.02,0.01,0.01,0,2963,0.19048,0.00115,18,617.85
2025-06-30,2025-07-18,705.0,put,86.66,88.79,87.72,0.0,0,0,0.40511,-0.91895,18,617.85
2025-06-30,2025-07-18,710.0,call,0.01,0.02,0.01,0.01,0,3453,0.20024,0.00112,18,617.85
2025-06-30,2025-07-18,710.0,put,91.66,93.4,92.53,0.0,0,0,0.41487,-0.92502,18,617.85
2025-06-30,2025-07-18,715.0,call,0.01,0.02,0.01,0.01,15,3665,0.21,0.0011,18,617.85
2025-06-30,2025-07-18,715.0,put,96.66,98.41,97.53,0.0,0,0,0.43438,-0.92557,18,617.85
2025-06-30,2025-07-18,720.0,put,101.67,103.79,102.73,0.0,0,0,0.46365,-0.92129,18,617.85
2025-06-30,2025-07-18,725.0,put,106.66,108.6,107.63,0.0,0,0,0.4734,-0.92624,18,617.85
2025-06-30,2025-07-18,730.0,put,111.66,113.6,112.63,0.0,0,0,0.49292,-0.92641,18,617.85
2025-06-30,2025-07-18,735.0,put,116.66,118.84,117.75,0.0,0,0,0.51243,-0.92649,18,617.85
2025-06-30,2025-07-18,740.0,put,121.66,123.84,122.75,0.0,0,0,0.52218,-0.93047,18,617.85
2025-06-30,2025-07-18,745.0,put,126.66,128.4,127.53,0.0,0,0,0.53194,-0.9341,18,617.85
2025-06-30,2025-07-18,750.0,put,131.66,133.84,132.75,0.0,0,0,0.56121,-0.93,18,617.85
2025-06-30,2025-07-18,755.0,put,136.66,138.4,137.53,0.0,0,0,0.56121,-0.93688,18,617.85
2025-06-30,2025-07-18,760.0,put,141.66,143.45,142.56,0.0,0,0,0.58072,-0.93633,18,617.85
2025-06-30,2025-07-18,765.0,put,146.66,148.45,147.56,0.0,0,0,0.59047,-0.93911,18,617.85
2025-06-30,2025-07-18,770.0,put,151.66,153.4,152.53,0.0,0,0,0.60023,-0.94167,18,617.85
2025-06-30,2025-07-18,775.0,put,156.66,158.4,157.53,0.0,0,0,0.61974,-0.94089,18,617.85
2025-06-30,2025-07-18,780.0,put,161.66,163.84,162.75,0.0,0,0,0.64901,-0.937,18,617.85
2025-06-30,2025-07-18,785.0,put,166.66,168.45,167.56,0.0,0,0,0.64901,-0.94231,18,617.85
2025-06-30,2025-07-18,790.0,put,171.66,173.72,172.69,0.0,0,0,0.66852,-0.94144,18,617.85
2025-06-30,2025-07-18,795.0,put,176.66,178.84,177.75,0.0,0,0,0.68803,-0.94057,18,617.85
2025-06-30,2025-07-18,800.0,put,181.66,183.84,182.75,0.0,0,0,0.70754,-0.93969,18,617.85
2025-06-30,2025-07-25,375.0,call,242.82,244.79,243.81,0.0,0,0,0.01488,1.0,25,617.85
2025-06-30,2025-07-25,375.0,put,0.02,0.03,0.03,0.03,16,222,0.63925,-0.00101,25,617.85
2025-06-30,2025-07-25,380.0,call,237.84,239.7,238.77,0.0,0,0,0.01488,1.0,25,617.85
2025-06-30,2025-07-25,380.0,put,0.03,0.04,0.04,0.04,2,41,0.63925,-0.00132,25,617.85
2025-06-30,2025-07-25,385.0,call,232.86,234.75,233.81,0.0,0,0,0.01488,1.0,25,617.85
2025-06-30,2025-07-25,385.0,put,0.03,0.04,0.04,0.0,0,365,0.61974,-0.00128,25,617.85
2025-06-30,2025-07-25,390.0,call,227.88,229.77,228.82,0.0,0,0,0.01488,1.0,25,617.85
2025-06-30,2025-07-25,390.0,put,0.03,0.04,0.04,0.05,5,9,0.60999,-0.00144,25,617.85
2025-06-30,2025-07-25,395.0,call,222.92,224.77,223.84,0.0,0,0,0.01488,1.0,25,617.85
2025-06-30,2025-07-25,395.0,put,0.04,0.05,0.04,0.04,11,358,0.59047,-0.00139,25,617.85
2025-06-30,2025-07-25,400.0,call,217.99,219.67,218.83,0.0,0,0,0.01488,1.0,25,617.85
2025-06-30,2025-07-25,400.0,put,0.04,0.05,0.04,0.05,5,1310,0.58072,-0.00156,25,617.85
2025-06-30,2025-07-25,405.0,call,212.94,214.83,213.88,0.0,0,0,0.01488,1.0,25,617.85
2025-06-30,2025-07-25,405.0,put,0.04,0.05,0.04,0.0,0,394,0.56121,-0.00149,25,617.85
2025-06-30,2025-07-25,410.0,call,208.0,209.85,208.93,0.0,0,0,0.01488,1.0,25,617.85
2025-06-30,2025-07-25,410.0,put,0.05,0.06,0.06,0.0,0,314,0.57096,-0.00226,25,617.85
2025-06-30,2025-07-25,415.0,call,203.0,204.88,203.94,0.0,0,0,0.01488,1.0,25,617.85
2025-06-30,2025-07-25,415.0,put,0.05,0.06,0.06,0.0,0,2229,0.55145,-0.00218,25,617.85
2025-06-30,2025-07-25,420.0,call,198.0,199.73,198.87,183.74,0,4,0.01488,1.0,25,617.85
2025-06-30,2025-07-25,420.0,put,0.06,0.07,0.07,0.06,203,77649,0.54169,-0.00244,25,617.85
2025-06-30,2025-07-25,425.0,call,193.02,194.87,193.94,0.0,0,0,0.01488,1.0,25,617.85
2025-06-30,2025-07-25,425.0,put,0.06,0.07,0.07,0.08,1,483,0.53194,-0.00273,25,617.85
2025-06-30,2025-07-25,430.0,call,188.12,190.01,189.06,0.0,0,0,0.01488,1.0,25,617.85
2025-06-30,2025-07-25,430.0,put,0.07,0.08,0.08,0.08,4,268,0.52218,-0.00305,25,617.85
2025-06-30,2025-07-25,435.0,call,183.14,185.03,184.08,0.0,0,0,0.01488,1.0,25,617.85
2025-06-30,2025-07-25,435.0,put,0.07,0.08,0.08,0.0,0,564,0.50267,-0.00293,25,617.85
2025-06-30,2025-07-25,440.0,call,178.07,179.99,179.03,0.0,0,0,0.01488,1.0,25,617.85
2025-06-30,2025-07-25,440.0,put,0.08,0.09,0.08,0.0,0,456,0.49292,-0.00327,25,617.85
2025-06-30,2025-07-25,445.0,call,173.19,174.98,174.08,0.0,0,0,0.01488,1.0,25,617.85
2025-06-30,2025-07-25,445.0,put,0.08,0.09,0.08,0.11,2,75718,0.4734,-0.00312,25,617.85
2025-06-30,2025-07-25,450.0,call,168.21,170.06,169.13,153.57,0,1,0.01488,1.0,25,617.85
2025-06-30,2025-07-25,450.0,put,0.09,0.1,0.1,0.11,2,405,0.4734,-0.00409,25,617.85
2025-06-30,2025-07-25,455.0,call,163.2,165.1,164.15,0.0,0,0,0.01488,1.0,25,617.85
2025-06-30,2025-07-25,455.0,put,0.1,0.11,0.11,0.12,1,852,0.46365,-0.00457,25,617.85
2025-06-30,2025-07-25,460.0,call,158.26,160.06,159.16,0.0,0,0,0.01488,1.0,25,617.85
2025-06-30,2025-07-25,460.0,put,0.11,0.12,0.11,0.0,0,498,0.44414,-0.00437,25,617.85
2025-06-30,2025-07-25,465.0,call,153.29,155.18,154.24,0.0,0,0,0.35633,0.99911,25,617.85
2025-06-30,2025-07-25,465.0,put,0.12,0.13,0.12,0.13,6,158797,0.43438,-0.0049,25,617.85
2025-06-30,2025-07-25,470.0,call,148.31,150.13,149.22,130.92,0,0,0.01488,1.0,25,617.85
2025-06-30,2025-07-25,470.0,put,0.13,0.14,0.14,0.17,2,274,0.43438,-0.00641,25,617.85
2025-06-30,2025-07-25,475.0,call,143.34,145.23,144.28,0.0,0,0,0.34658,0.99854,25,617.85
2025-06-30,2025-07-25,475.0,put,0.14,0.15,0.15,0.18,5,648,0.41487,-0.00615,25,617.85
2025-06-30,2025-07-25,480.0,call,138.36,140.24,139.3,119.53,0,2,0.33682,0.99837,25,617.85
2025-06-30,2025-07-25,480.0,put,0.15,0.16,0.15,0.15,60,151682,0.40511,-0.00691,25,617.85
2025-06-30,2025-07-25,485.0,call,133.4,135.28,134.34,113.25,0,2,0.34658,0.99699,25,617.85
2025-06-30,2025-07-25,485.0,put,0.16,0.17,0.17,0.21,4,935,0.39536,-0.00776,25,617.85
2025-06-30,2025-07-25,490.0,call,128.43,130.2,129.31,109.0,0,3,0.28804,0.99919,25,617.85
2025-06-30,2025-07-25,490.0,put,0.18,0.19,0.18,0.22,3,256,0.3856,-0.00872,25,617.85
2025-06-30,2025-07-25,495.0,call,123.46,125.28,124.37,121.54,0,28,0.31731,0.99699,25,617.85
2025-06-30,2025-07-25,495.0,put,0.19,0.2,0.2,0.2,36,384,0.37584,-0.00982,25,617.85
2025-06-30,2025-07-25,500.0,call,118.49,120.32,119.41,110.23,0,1,0.31731,0.99568,25,617.85
2025-06-30,2025-07-25,500.0,put,0.21,0.22,0.21,0.2,106,818,0.36609,-0.01107,25,617.85
2025-06-30,2025-07-25,505.0,call,113.53,115.35,114.44,98.26,0,1,0.31731,0.99389,25,617.85
2025-06-30,2025-07-25,505.0,put,0.23,0.24,0.23,0.23,21,728,0.34658,-0.01068,25,617.85
2025-06-30,2025-07-25,510.0,call,108.56,110.39,109.47,88.89,0,24,0.30755,0.99306,25,617.85
2025-06-30,2025-07-25,510.0,put,0.25,0.26,0.26,0.24,57,77534,0.33682,-0.0121,25,617.85
2025-06-30,2025-07-25,515.0,call,103.6,105.42,104.51,92.19,0,4,0.2978,0.99209,25,617.85
2025-06-30,2025-07-25,515.0,put,0.27,0.28,0.28,0.34,18,78362,0.32707,-0.01374,25,617.85
2025-06-30,2025-07-25,520.0,call,98.64,100.46,99.55,97.56,0,22,0.28804,0.99097,25,617.85
2025-06-30,2025-07-25,520.0,put,0.29,0.31,0.3,0.29,35,508,0.31731,-0.01564,25,617.85
2025-06-30,2025-07-25,525.0,call,93.69,95.5,94.59,72.83,0,6,0.28804,0.98737,25,617.85
2025-06-30,2025-07-25,525.0,put,0.32,0.33,0.33,0.32,374,621,0.30755,-0.01785,25,617.85
2025-06-30,2025-07-25,530.0,call,88.73,90.55,89.64,78.91,0,94,0.27829,0.98548,25,617.85
2025-06-30,2025-07-25,530.0,put,0.36,0.37,0.36,0.4,728,729,0.2978,-0.02043,25,617.85
2025-06-30,2025-07-25,535.0,call,83.78,85.6,84.69,75.1,0,50,0.26853,0.98325,25,617.85
2025-06-30,2025-07-25,535.0,put,0.39,0.4,0.4,0.37,285,1005,0.28804,-0.02346,25,617.85
2025-06-30,2025-07-25,540.0,call,79.49,79.64,79.56,79.29,2,199,0.22951,0.98987,25,617.85
2025-06-30,2025-07-25,540.0,put,0.43,0.44,0.43,0.42,108,2201,0.27829,-0.02703,25,617.85
2025-06-30,2025-07-25,545.0,call,74.55,74.71,74.63,74.41,5,11,0.21975,0.98815,25,617.85
2025-06-30,2025-07-25,545.0,put,0.48,0.49,0.48,0.47,46,1489,0.25877,-0.02679,25,617.85
2025-06-30,2025-07-25,550.0,call,69.63,69.78,69.7,70.2,1,25,0.21975,0.98227,25,617.85
2025-06-30,2025-07-25,550.0,put,0.54,0.55,0.55,0.53,152,8573,0.24902,-0.03123,25,617.85
2025-06-30,2025-07-25,555.0,call,64.72,64.87,64.8,63.66,0,67,0.21,0.979,25,617.85
2025-06-30,2025-07-25,555.0,put,0.61,0.62,0.61,0.59,455,1127,0.23926,-0.03658,25,617.85
2025-06-30,2025-07-25,560.0,call,59.83,59.98,59.91,60.62,2,51,0.21,0.96927,25,617.85
2025-06-30,2025-07-25,560.0,put,0.7,0.72,0.71,0.72,756,1682,0.22951,-0.04307,25,617.85
2025-06-30,2025-07-25,565.0,call,54.96,55.12,55.04,55.75,21,76,0.20024,0.9632,25,617.85
2025-06-30,2025-07-25,565.0,put,0.82,0.83,0.82,0.82,1083,1975,0.21975,-0.05101,25,617.85
2025-06-30,2025-07-25,570.0,call,50.14,50.29,50.22,50.15,13,156,0.20024,0.94749,25,617.85
2025-06-30,2025-07-25,570.0,put,0.98,0.99,0.98,0.94,1203,2961,0.21,-0.06079,25,617.85
2025-06-30,2025-07-25,574.0,call,46.31,46.45,46.38,46.33,10,13,0.19048,0.94075,25,617.85
2025-06-30,2025-07-25,574.0,put,1.13,1.15,1.14,1.1,168,344,0.21,-0.07767,25,617.85
2025-06-30,2025-07-25,575.0,call,45.36,45.5,45.43,44.35,6,37,0.19048,0.93652,25,617.85
2025-06-30,2025-07-25,575.0,put,1.18,1.2,1.19,1.15,626,3799,0.21,-0.08238,25,617.85
2025-06-30,2025-07-25,576.0,call,44.41,44.55,44.48,42.5,1,3,0.19048,0.93207,25,617.85
2025-06-30,2025-07-25,576.0,put,1.22,1.24,1.23,1.22,4,237,0.20024,-0.07763,25,617.85
2025-06-30,2025-07-25,577.0,call,43.46,43.6,43.53,39.66,0,8,0.19048,0.92738,25,617.85
2025-06-30,2025-07-25,577.0,put,1.27,1.29,1.28,1.21,8,601,0.20024,-0.08256,25,617.85
2025-06-30,2025-07-25,578.0,call,42.51,42.66,42.58,38.44,0,3,0.19048,0.92246,25,617.85
2025-06-30,2025-07-25,578.0,put,1.32,1.35,1.33,1.25,11,324,0.20024,-0.0877,25,617.85
2025-06-30,2025-07-25,579.0,call,41.57,41.72,41.64,0.0,0,0,0.19048,0.9173,25,617.85
2025-06-30,2025-07-25,579.0,put,1.38,1.4,1.39,1.31,10,368,0.20024,-0.09308,25,617.85
2025-06-30,2025-07-25,580.0,call,40.63,40.77,40.7,42.33,13,78,0.18073,0.92262,25,617.85
2025-06-30,2025-07-25,580.0,put,1.44,1.46,1.45,1.41,265,1812,0.20024,-0.09868,25,617.85
2025-06-30,2025-07-25,581.0,call,39.7,39.84,39.77,36.56,0,11,0.18073,0.9172,25,617.85
2025-06-30,2025-07-25,581.0,put,1.5,1.52,1.51,1.52,246,732,0.19048,-0.09376,25,617.85
2025-06-30,2025-07-25,582.0,call,38.76,38.9,38.83,37.86,1,18,0.18073,0.91151,25,617.85
2025-06-30,2025-07-25,582.0,put,1.56,1.58,1.57,1.52,26,168,0.19048,-0.09966,25,617.85
2025-06-30,2025-07-25,583.0,call,37.83,37.97,37.9,30.77,0,34,0.18073,0.90555,25,617.85
2025-06-30,2025-07-25,583.0,put,1.63,1.65,1.64,1.8,188,377,0.19048,-0.10583,25,617.85
2025-06-30,2025-07-25,584.0,call,36.91,37.04,36.97,38.0,3,2,0.18073,0.89931,25,617.85
2025-06-30,2025-07-25,584.0,put,1.7,1.72,1.71,1.62,30,475,0.19048,-0.11225,25,617.85
2025-06-30,2025-07-25,585.0,call,35.98,36.12,36.05,37.45,23,35,0.18073,0.89278,25,617.85
2025-06-30,2025-07-25,585.0,put,1.77,1.79,1.78,1.74,250,2686,0.19048,-0.11893,25,617.85
2025-06-30,2025-07-25,586.0,call,35.06,35.19,35.12,19.16,0,7,0.18073,0.88596,25,617.85
2025-06-30,2025-07-25,586.0,put,1.85,1.87,1.86,1.86,106,1147,0.19048,-0.12588,25,617.85
2025-06-30,2025-07-25,587.0,call,34.15,34.28,34.22,33.96,21,17,0.18073,0.87885,25,617.85
2025-06-30,2025-07-25,587.0,put,1.93,1.95,1.94,2.07,10,351,0.18073,-0.12115,25,617.85
2025-06-30,2025-07-25,587.5,call,33.69,33.82,33.75,22.18,0,7,0.17097,0.88769,25,617.85
2025-06-30,2025-07-25,587.5,put,1.97,1.99,1.98,1.82,25,126,0.18073,-0.12481,25,617.85
2025-06-30,2025-07-25,588.0,call,33.23,33.37,33.3,31.43,0,31,0.17097,0.88402,25,617.85
2025-06-30,2025-07-25,588.0,put,2.01,2.04,2.02,1.97,92,657,0.18073,-0.12855,25,617.85
2025-06-30,2025-07-25,589.0,call,32.33,32.45,32.39,31.85,5,17,0.17097,0.87644,25,617.85
2025-06-30,2025-07-25,589.0,put,2.1,2.12,2.11,1.96,109,297,0.18073,-0.13624,25,617.85
2025-06-30,2025-07-25,590.0,call,31.42,31.55,31.48,32.0,7,176,0.17097,0.86853,25,617.85
2025-06-30,2025-07-25,590.0,put,2.2,2.22,2.21,2.2,647,1942,0.18073,-0.14423,25,617.85
2025-06-30,2025-07-25,591.0,call,30.52,30.65,30.59,31.84,1,129,0.17097,0.86028,25,617.85
2025-06-30,2025-07-25,591.0,put,2.29,2.32,2.3,2.17,131,438,0.18073,-0.15252,25,617.85
2025-06-30,2025-07-25,592.0,call,29.63,29.75,29.69,24.48,0,78,0.17097,0.85171,25,617.85
2025-06-30,2025-07-25,592.0,put,2.39,2.42,2.41,2.26,15,146,0.18073,-0.1611,25,617.85
2025-06-30,2025-07-25,592.5,call,29.18,29.31,29.24,21.21,0,155,0.17097,0.84731,25,617.85
2025-06-30,2025-07-25,592.5,put,2.45,2.47,2.46,2.43,10,157,0.18073,-0.1655,25,617.85
2025-06-30,2025-07-25,593.0,call,28.74,28.87,28.8,29.82,2,262,0.17097,0.84282,25,617.85
2025-06-30,2025-07-25,593.0,put,2.5,2.53,2.51,2.45,159,354,0.17097,-0.15718,25,617.85
2025-06-30,2025-07-25,594.0,call,27.86,27.98,27.92,25.16,0,291,0.17097,0.83359,25,617.85
2025-06-30,2025-07-25,594.0,put,2.61,2.64,2.62,2.41,61,520,0.17097,-0.16641,25,617.85
2025-06-30,2025-07-25,595.0,call,26.98,27.1,27.04,28.35,47,1509,0.16122,0.83758,25,617.85
2025-06-30,2025-07-25,595.0,put,2.73,2.76,2.75,2.54,962,1709,0.17097,-0.17597,25,617.85
2025-06-30,2025-07-25,596.0,call,26.11,26.22,26.16,25.7,3,388,0.16122,0.82761,25,617.85
2025-06-30,2025-07-25,596.0,put,2.86,2.89,2.88,2.62,96,611,0.17097,-0.18584,25,617.85
2025-06-30,2025-07-25,597.0,call,25.24,25.35,25.3,23.89,0,380,0.16122,0.81727,25,617.85
2025-06-30,2025-07-25,597.0,put,2.99,3.02,3.0,3.05,102,378,0.17097,-0.19604,25,617.85
2025-06-30,2025-07-25,597.5,call,24.81,24.92,24.87,24.75,20,134,0.16122,0.81197,25,617.85
2025-06-30,2025-07-25,597.5,put,3.06,3.09,3.08,2.84,11,133,0.17097,-0.20126,25,617.85
2025-06-30,2025-07-25,598.0,call,24.38,24.49,24.43,25.0,1,311,0.16122,0.80658,25,617.85
2025-06-30,2025-07-25,598.0,put,3.13,3.16,3.15,2.9,41,469,0.17097,-0.20655,25,617.85
2025-06-30,2025-07-25,599.0,call,23.53,23.64,23.59,23.98,47,427,0.16122,0.79553,25,617.85
2025-06-30,2025-07-25,599.0,put,3.27,3.3,3.29,3.18,33,299,0.17097,-0.21737,25,617.85
2025-06-30,2025-07-25,600.0,call,22.68,22.79,22.73,22.71,146,1762,0.16122,0.78413,25,617.85
2025-06-30,2025-07-25,600.0,put,3.43,3.46,3.45,3.44,1558,4879,0.16122,-0.21587,25,617.85
2025-06-30,2025-07-25,601.0,call,21.85,21.95,21.9,23.4,47,228,0.15146,0.78588,25,617.85
2025-06-30,2025-07-25,601.0,put,3.59,3.62,3.6,3.63,127,311,0.16122,-0.22761,25,617.85
2025-06-30,2025-07-25,602.0,call,21.02,21.11,21.06,22.33,52,253,0.15146,0.77345,25,617.85
2025-06-30,2025-07-25,602.0,put,3.75,3.79,3.77,3.49,34,635,0.16122,-0.23968,25,617.85
2025-06-30,2025-07-25,602.5,call,20.61,20.7,20.66,21.0,2,148,0.15146,0.7671,25,617.85
2025-06-30,2025-07-25,602.5,put,3.84,3.88,3.86,3.74,366,101,0.16122,-0.24583,25,617.85
2025-06-30,2025-07-25,603.0,call,20.2,20.29,20.24,19.8,1,315,0.15146,0.76065,25,617.85
2025-06-30,2025-07-25,603.0,put,3.93,3.97,3.95,3.78,54,585,0.16122,-0.25207,25,617.85
2025-06-30,2025-07-25,604.0,call,19.39,19.48,19.44,19.06,10,135,0.15146,0.74748,25,617.85
2025-06-30,2025-07-25,604.0,put,4.12,4.15,4.13,3.85,71,606,0.16122,-0.26476,25,617.85
2025-06-30,2025-07-25,605.0,call,18.59,18.67,18.63,19.0,79,1110,0.15146,0.73397,25,617.85
2025-06-30,2025-07-25,605.0,put,4.32,4.35,4.33,4.33,687,2174,0.16122,-0.27776,25,617.85
2025-06-30,2025-07-25,606.0,call,17.8,17.88,17.84,18.41,8,247,0.15146,0.72012,25,617.85
2025-06-30,2025-07-25,606.0,put,4.52,4.56,4.54,4.17,203,1894,0.15146,-0.27988,25,617.85
2025-06-30,2025-07-25,607.0,call,17.02,17.09,17.05,17.99,15,450,0.15146,0.70595,25,617.85
2025-06-30,2025-07-25,607.0,put,4.74,4.78,4.76,4.71,864,387,0.15146,-0.29405,25,617.85
2025-06-30,2025-07-25,607.5,call,16.63,16.71,16.67,15.83,114,186,0.15146,0.69876,25,617.85
2025-06-30,2025-07-25,607.5,put,4.86,4.9,4.88,4.81,507,199,0.15146,-0.30124,25,617.85
2025-06-30,2025-07-25,608.0,call,16.25,16.32,16.29,16.62,167,208,0.1417,0.70259,25,617.85
2025-06-30,2025-07-25,608.0,put,4.98,5.01,5.0,5.0,120,657,0.15146,-0.30851,25,617.85
2025-06-30,2025-07-25,609.0,call,15.49,15.56,15.53,16.15,78,296,0.1417,0.68706,25,617.85
2025-06-30,2025-07-25,609.0,put,5.22,5.26,5.24,5.07,204,370,0.15146,-0.32326,25,617.85
2025-06-30,2025-07-25,610.0,call,14.75,14.81,14.78,15.79,326,863,0.1417,0.67123,25,617.85
2025-06-30,2025-07-25,610.0,put,5.47,5.51,5.49,5.4,1852,1666,0.15146,-0.33826,25,617.85
2025-06-30,2025-07-25,611.0,call,14.02,14.08,14.05,14.93,32,435,0.1417,0.6551,25,617.85
2025-06-30,2025-07-25,611.0,put,5.74,5.79,5.77,5.29,90,442,0.15146,-0.3535,25,617.85
2025-06-30,2025-07-25,612.0,call,13.3,13.36,13.33,13.7,168,398,0.1417,0.63872,25,617.85
2025-06-30,2025-07-25,612.0,put,6.03,6.07,6.05,5.76,139,208,0.1417,-0.36128,25,617.85
2025-06-30,2025-07-25,613.0,call,12.6,12.65,12.62,12.95,130,472,0.1417,0.62211,25,617.85
2025-06-30,2025-07-25,613.0,put,6.33,6.37,6.35,6.17,79,239,0.1417,-0.37789,25,617.85
2025-06-30,2025-07-25,614.0,call,11.92,11.96,11.94,12.5,115,522,0.1417,0.60529,25,617.85
2025-06-30,2025-07-25,614.0,put,6.65,6.69,6.67,6.67,200,147,0.1417,-0.39471,25,617.85
2025-06-30,2025-07-25,615.0,call,11.25,11.3,11.28,11.5,401,1344,0.13195,0.59369,25,617.85
2025-06-30,2025-07-25,615.0,put,6.99,7.03,7.01,7.03,1277,1373,0.1417,-0.4117,25,617.85
2025-06-30,2025-07-25,616.0,call,10.6,10.64,10.62,10.66,1208,1909,0.13195,0.57534,25,617.85
2025-06-30,2025-07-25,616.0,put,7.34,7.39,7.37,7.11,382,77,0.1417,-0.42882,25,617.85
2025-06-30,2025-07-25,617.0,call,9.97,10.01,9.99,10.16,787,616,0.13195,0.55686,25,617.85
2025-06-30,2025-07-25,617.0,put,7.72,7.76,7.74,7.79,438,35,0.1417,-0.44605,25,617.85
2025-06-30,2025-07-25,618.0,call,9.35,9.39,9.37,9.58,756,633,0.13195,0.53829,25,617.85
2025-06-30,2025-07-25,618.0,put,8.11,8.16,8.13,7.94,176,18,0.1417,-0.46336,25,617.85
2025-06-30,2025-07-25,619.0,call,8.76,8.8,8.78,9.34,290,130,0.13195,0.51966,25,617.85
2025-06-30,2025-07-25,619.0,put,8.53,8.58,8.55,8.3,81,33,0.1417,-0.48071,25,617.85
2025-06-30,2025-07-25,620.0,call,8.19,8.23,8.21,8.24,2520,2843,0.13195,0.50102,25,617.85
2025-06-30,2025-07-25,620.0,put,8.97,9.02,9.0,8.83,272,1165,0.1417,-0.49807,25,617.85
2025-06-30,2025-07-25,625.0,call,5.66,5.7,5.68,5.69,907,3386,0.12219,0.40088,25,617.85
2025-06-30,2025-07-25,625.0,put,11.1,11.9,11.5,10.71,32,1023,0.13195,-0.59097,25,617.85
2025-06-30,2025-07-25,630.0,call,3.71,3.74,3.73,3.7,2360,5717,0.12219,0.30846,25,617.85
2025-06-30,2025-07-25,630.0,put,13.84,15.41,14.62,14.5,46,75,0.13195,-0.67752,25,617.85
2025-06-30,2025-07-25,635.0,call,2.29,2.32,2.3,2.38,424,3929,0.11244,0.20755,25,617.85
2025-06-30,2025-07-25,635.0,put,17.77,19.25,18.51,18.83,2,29,0.13195,-0.75481,25,617.85
2025-06-30,2025-07-25,640.0,call,1.34,1.36,1.35,1.33,937,1627,0.11244,0.13974,25,617.85
2025-06-30,2025-07-25,640.0,put,21.9,23.61,22.75,22.75,3,0,0.1417,-0.80268,25,617.85
2025-06-30,2025-07-25,645.0,call,0.75,0.76,0.76,0.79,389,2109,0.11244,0.08916,25,617.85
2025-06-30,2025-07-25,645.0,put,26.49,27.99,27.24,27.24,102,0,0.15146,-0.83898,25,617.85
2025-06-30,2025-07-25,650.0,call,0.4,0.41,0.41,0.5,509,512,0.11244,0.05388,25,617.85
2025-06-30,2025-07-25,650.0,put,31.55,33.41,32.48,0.0,0,2,0.17097,-0.85199,25,617.85
2025-06-30,2025-07-25,655.0,call,0.22,0.23,0.23,0.23,52,326,0.11244,0.03083,25,617.85
2025-06-30,2025-07-25,655.0,put,36.46,38.39,37.42,0.0,0,0,0.19048,-0.86145,25,617.85
2025-06-30,2025-07-25,660.0,call,0.12,0.13,0.12,0.15,117,491,0.11244,0.0167,25,617.85
2025-06-30,2025-07-25,660.0,put,41.49,43.41,42.45,41.83,12,34,0.21,-0.86851,25,617.85
2025-06-30,2025-07-25,665.0,call,0.07,0.08,0.08,0.09,25,138,0.12219,0.01423,25,617.85
2025-06-30,2025-07-25,665.0,put,46.59,48.41,47.5,0.0,0,0,0.22951,-0.87389,25,617.85
2025-06-30,2025-07-25,670.0,call,0.05,0.06,0.06,0.08,46,1803,0.12219,0.00765,25,617.85
2025-06-30,2025-07-25,670.0,put,51.5,53.4,52.45,0.0,0,0,0.24902,-0.87805,25,617.85
2025-06-30,2025-07-25,675.0,call,0.04,0.05,0.04,0.05,3,62,0.13195,0.00697,25,617.85
2025-06-30,2025-07-25,675.0,put,56.59,58.41,57.5,0.0,0,0,0.26853,-0.88129,25,617.85
2025-06-30,2025-07-25,680.0,call,0.03,0.04,0.04,0.05,22,195,0.1417,0.00646,25,617.85
2025-06-30,2025-07-25,680.0,put,61.59,63.41,62.5,0.0,0,0,0.27829,-0.89231,25,617.85
2025-06-30,2025-07-25,685.0,call,0.02,0.03,0.03,0.03,86,53,0.1417,0.00364,25,617.85
2025-06-30,2025-07-25,685.0,put,66.59,68.47,67.53,0.0,0,0,0.2978,-0.89376,25,617.85
2025-06-30,2025-07-25,690.0,call,0.02,0.03,0.03,0.03,26,23,0.15146,0.00355,25,617.85
2025-06-30,2025-07-25,690.0,put,71.59,73.41,72.5,0.0,0,0,0.31731,-0.89485,25,617.85
2025-06-30,2025-07-25,695.0,call,0.02,0.03,0.03,0.02,0,22,0.16122,0.00349,25,617.85
2025-06-30,2025-07-25,695.0,put,76.51,78.41,77.46,0.0,0,0,0.32707,-0.90272,25,617.85
2025-06-30,2025-07-25,700.0,call,0.01,0.02,0.01,0.03,16,47,0.15146,0.00113,25,617.85
2025-06-30,2025-07-25,700.0,put,81.5,83.41,82.45,0.0,0,0,0.34658,-0.9029,25,617.85
2025-06-30,2025-07-31,315.0,call,302.45,304.62,303.53,297.0,0,33,0.01488,1.0,31,617.85
2025-06-30,2025-07-31,315.0,put,0.02,0.03,0.03,0.03,16,2065,0.75632,-0.00073,31,617.85
2025-06-30,2025-07-31,320.0,call,297.8,299.74,298.77,0.0,0,0,0.01488,1.0,31,617.85
2025-06-30,2025-07-31,320.0,put,0.02,0.03,0.03,0.0,0,1014,0.74657,-0.00082,31,617.85
2025-06-30,2025-07-31,325.0,call,292.33,294.69,293.51,278.95,0,1,0.01488,1.0,31,617.85
2025-06-30,2025-07-31,325.0,put,0.02,0.03,0.03,0.02,2,793,0.72706,-0.0008,31,617.85
2025-06-30,2025-07-31,330.0,call,287.7,289.71,288.7,0.0,0,0,0.01488,1.0,31,617.85
2025-06-30,2025-07-31,330.0,put,0.02,0.03,0.03,0.0,0,785,0.70754,-0.00078,31,617.85
2025-06-30,2025-07-31,335.0,call,282.86,284.64,283.75,0.0,0,0,0.01488,1.0,31,617.85
2025-06-30,2025-07-31,335.0,put,0.02,0.03,0.03,0.0,0,1871,0.69779,-0.00087,31,617.85
2025-06-30,2025-07-31,340.0,call,277.74,279.8,278.77,0.0,0,0,0.01488,1.0,31,617.85
2025-06-30,2025-07-31,340.0,put,0.02,0.03,0.03,0.02,54,826,0.67828,-0.00085,31,617.85
2025-06-30,2025-07-31,345.0,call,272.86,274.78,273.82,0.0,0,0,0.01488,1.0,31,617.85
2025-06-30,2025-07-31,345.0,put,0.03,0.04,0.04,0.04,37,168,0.67828,-0.00109,31,617.85
2025-06-30,2025-07-31,350.0,call,267.96,269.82,268.89,0.0,0,0,0.01488,1.0,31,617.85
2025-06-30,2025-07-31,350.0,put,0.03,0.04,0.04,0.04,22,1577,0.66852,-0.00121,31,617.85
2025-06-30,2025-07-31,355.0,call,262.82,264.82,263.82,0.0,0,0,0.01488,1.0,31,617.85
2025-06-30,2025-07-31,355.0,put,0.03,0.04,0.04,0.05,10,111,0.64901,-0.00117,31,617.85
2025-06-30,2025-07-31,360.0,call,257.48,259.84,258.66,205.62,0,1,0.01488,1.0,31,617.85
2025-06-30,2025-07-31,360.0,put,0.03,0.04,0.04,0.04,17,1425,0.6295,-0.00112,31,617.85
2025-06-30,2025-07-31,365.0,call,253.0,254.7,253.85,150.62,0,1,0.01488,1.0,31,617.85
2025-06-30,2025-07-31,365.0,put,0.05,0.06,0.06,0.04,4,416,0.63925,-0.00165,31,617.85
2025-06-30,2025-07-31,370.0,call,247.65,249.86,248.75,190.58,0,0,0.01488,1.0,31,617.85
2025-06-30,2025-07-31,370.0,put,0.05,0.06,0.06,0.05,1,406,0.6295,-0.00183,31,617.85
2025-06-30,2025-07-31,375.0,call,242.62,244.9,243.76,239.0,0,4,0.01488,1.0,31,617.85
2025-06-30,2025-07-31,375.0,put,0.05,0.06,0.06,0.0,0,613,0.60999,-0.00176,31,617.85
2025-06-30,2025-07-31,380.0,call,237.59,239.91,238.75,159.68,0,28,0.01488,1.0,31,617.85
2025-06-30,2025-07-31,380.0,put,0.05,0.06,0.06,0.0,0,328,0.60023,-0.00194,31,617.85
2025-06-30,2025-07-31,385.0,call,232.88,235.0,233.94,149.61,0,29,0.01488,1.0,31,617.85
2025-06-30,2025-07-31,385.0,put,0.05,0.06,0.06,0.07,2,274,0.58072,-0.00186,31,617.85
2025-06-30,2025-07-31,390.0,call,228.01,229.98,229.0,171.1,0,1,0.01488,1.0,31,617.85
2025-06-30,2025-07-31,390.0,put,0.06,0.07,0.07,0.0,0,662,0.57096,-0.00205,31,617.85
2025-06-30,2025-07-31,395.0,call,223.05,224.86,223.96,123.5,0,6,0.01488,1.0,31,617.85
2025-06-30,2025-07-31,395.0,put,0.06,0.07,0.07,0.07,6,442,0.56121,-0.00226,31,617.85
2025-06-30,2025-07-31,400.0,call,218.08,219.98,219.03,216.5,0,71,0.01488,1.0,31,617.85
2025-06-30,2025-07-31,400.0,put,0.07,0.08,0.08,0.08,180,2883,0.55145,-0.00249,31,617.85
2025-06-30,2025-07-31,405.0,call,212.74,215.05,213.9,191.7,0,9,0.01488,1.0,31,617.85
2025-06-30,2025-07-31,405.0,put,0.07,0.08,0.08,0.0,0,1112,0.54169,-0.00274,31,617.85
2025-06-30,2025-07-31,410.0,call,208.05,210.12,209.09,171.22,0,35,0.01488,1.0,31,617.85
2025-06-30,2025-07-31,410.0,put,0.08,0.09,0.08,0.1,35,1200,0.52218,-0.00259,31,617.85
2025-06-30,2025-07-31,415.0,call,203.05,205.1,204.07,188.95,0,564,0.01488,1.0,31,617.85
2025-06-30,2025-07-31,415.0,put,0.09,0.1,0.1,0.1,54,1283,0.52218,-0.00331,31,617.85
2025-06-30,2025-07-31,420.0,call,198.31,200.04,199.18,180.0,0,2,0.01488,1.0,31,617.85
2025-06-30,2025-07-31,420.0,put,0.09,0.1,0.1,0.11,50,1471,0.51243,-0.00364,31,617.85
2025-06-30,2025-07-31,425.0,call,193.3,195.22,194.26,100.52,0,3,0.01488,1.0,31,617.85
2025-06-30,2025-07-31,425.0,put,0.1,0.11,0.11,0.12,48,985,0.50267,-0.004,31,617.85
2025-06-30,2025-07-31,430.0,call,188.36,190.25,189.31,116.3,0,31,0.01488,1.0,31,617.85
2025-06-30,2025-07-31,430.0,put,0.11,0.12,0.11,0.13,46,36237,0.48316,-0.00378,31,617.85
2025-06-30,2025-07-31,435.0,call,182.84,185.25,184.05,131.76,0,3,0.01488,1.0,31,617.85
2025-06-30,2025-07-31,435.0,put,0.12,0.13,0.12,0.13,47,36049,0.4734,-0.00416,31,617.85
2025-06-30,2025-07-31,440.0,call,178.29,180.36,179.32,161.53,0,103,0.01488,1.0,31,617.85
2025-06-30,2025-07-31,440.0,put,0.13,0.14,0.14,0.14,50,17806,0.4734,-0.00529,31,617.85
2025-06-30,2025-07-31,445.0,call,173.24,175.29,174.26,81.47,0,28,0.01488,1.0,31,617.85
2025-06-30,2025-07-31,445.0,put,0.14,0.15,0.15,0.15,45,797,0.46365,-0.00581,31,617.85
2025-06-30,2025-07-31,450.0,call,168.57,170.42,169.5,158.61,0,144,0.01488,1.0,31,617.85
2025-06-30,2025-07-31,450.0,put,0.15,0.16,0.15,0.15,86,9477,0.44414,-0.00551,31,617.85
2025-06-30,2025-07-31,455.0,call,163.38,165.53,164.45,163.68,46,157,0.01488,1.0,31,617.85
2025-06-30,2025-07-31,455.0,put,0.16,0.17,0.17,0.18,42,2630,0.43438,-0.00605,31,617.85
2025-06-30,2025-07-31,460.0,call,158.42,160.4,159.41,90.19,0,91,0.01488,1.0,31,617.85
2025-06-30,2025-07-31,460.0,put,0.17,0.18,0.17,0.18,47,1323,0.42462,-0.00665,31,617.85
2025-06-30,2025-07-31,465.0,call,153.45,155.42,154.44,138.56,0,771,0.01488,1.0,31,617.85
2025-06-30,2025-07-31,465.0,put,0.18,0.19,0.18,0.21,45,70820,0.41487,-0.00731,31,617.85
2025-06-30,2025-07-31,470.0,call,148.48,150.43,149.45,121.33,0,206,0.01488,1.0,31,617.85
2025-06-30,2025-07-31,470.0,put,0.2,0.21,0.21,0.2,52,72302,0.40511,-0.00804,31,617.85
2025-06-30,2025-07-31,475.0,call,144.08,144.58,144.33,126.0,0,571,0.01488,1.0,31,617.85
2025-06-30,2025-07-31,475.0,put,0.21,0.22,0.21,0.25,59,3858,0.39536,-0.00886,31,617.85
2025-06-30,2025-07-31,480.0,call,139.09,139.66,139.38,124.72,0,1116,0.01488,1.0,31,617.85
2025-06-30,2025-07-31,480.0,put,0.23,0.24,0.23,0.24,71,3939,0.3856,-0.00976,31,617.85
2025-06-30,2025-07-31,485.0,call,133.53,135.54,134.53,114.63,0,77,0.01488,1.0,31,617.85
2025-06-30,2025-07-31,485.0,put,0.25,0.26,0.26,0.25,42,2953,0.37584,-0.01076,31,617.85
2025-06-30,2025-07-31,490.0,call,129.22,130.6,129.91,116.26,0,317,0.36609,0.98812,31,617.85
2025-06-30,2025-07-31,490.0,put,0.27,0.28,0.28,0.3,80,2095,0.36609,-0.01188,31,617.85
2025-06-30,2025-07-31,495.0,call,123.59,125.47,124.53,115.61,0,82,0.01488,1.0,31,617.85
2025-06-30,2025-07-31,495.0,put,0.29,0.3,0.29,0.33,75,4499,0.35633,-0.01314,31,617.85
2025-06-30,2025-07-31,500.0,call,118.86,120.65,119.75,118.54,2,207,0.27829,0.99649,31,617.85
2025-06-30,2025-07-31,500.0,put,0.32,0.33,0.33,0.31,159,40728,0.34658,-0.01454,31,617.85
2025-06-30,2025-07-31,501.0,call,117.85,119.69,118.77,98.8,0,1,0.28804,0.9951,31,617.85
2025-06-30,2025-07-31,501.0,put,0.32,0.33,0.33,0.36,18,390,0.34658,-0.01529,31,617.85
2025-06-30,2025-07-31,502.0,call,116.73,118.69,117.71,103.02,0,1,0.24902,0.9984,31,617.85
2025-06-30,2025-07-31,502.0,put,0.33,0.34,0.34,0.37,7,2069,0.34658,-0.01607,31,617.85
2025-06-30,2025-07-31,503.0,call,115.74,117.7,116.72,95.18,0,2,0.24902,0.99825,31,617.85
2025-06-30,2025-07-31,503.0,put,0.33,0.34,0.34,0.38,9,60,0.33682,-0.01457,31,617.85
2025-06-30,2025-07-31,504.0,call,114.8,116.65,115.72,98.95,0,1,0.23926,0.99869,31,617.85
2025-06-30,2025-07-31,504.0,put,0.34,0.35,0.34,0.38,7,328,0.33682,-0.01533,31,617.85
2025-06-30,2025-07-31,505.0,call,113.77,115.58,114.67,112.72,0,186,0.01488,1.0,31,617.85
2025-06-30,2025-07-31,505.0,put,0.34,0.35,0.34,0.34,11,37611,0.33682,-0.01613,31,617.85
2025-06-30,2025-07-31,506.0,call,112.89,114.52,113.7,0.0,0,0,0.01488,1.0,31,617.85
2025-06-30,2025-07-31,506.0,put,0.35,0.36,0.35,0.39,7,406,0.33682,-0.01696,31,617.85
2025-06-30,2025-07-31,507.0,call,111.9,113.51,112.71,96.55,0,2,0.01488,1.0,31,617.85
2025-06-30,2025-07-31,507.0,put,0.35,0.37,0.36,0.4,7,354,0.32707,-0.01536,31,617.85
2025-06-30,2025-07-31,508.0,call,110.91,112.7,111.81,0.0,0,0,0.27829,0.99379,31,617.85
2025-06-30,2025-07-31,508.0,put,0.36,0.37,0.36,0.36,8,92,0.32707,-0.01617,31,617.85
2025-06-30,2025-07-31,509.0,call,109.92,111.57,110.75,0.0,0,0,0.23926,0.99793,31,617.85
2025-06-30,2025-07-31,509.0,put,0.36,0.38,0.37,0.41,7,282,0.32707,-0.01703,31,617.85
2025-06-30,2025-07-31,510.0,call,109.37,109.85,109.61,99.17,0,194,0.01488,1.0,31,617.85
2025-06-30,2025-07-31,510.0,put,0.37,0.38,0.38,0.37,36,2112,0.32707,-0.01792,31,617.85
2025-06-30,2025-07-31,511.0,call,107.94,109.67,108.81,61.5,0,2,0.26853,0.994,31,617.85
2025-06-30,2025-07-31,511.0,put,0.38,0.39,0.39,0.42,6,124,0.32707,-0.01884,31,617.85
2025-06-30,2025-07-31,512.0,call,106.95,108.56,107.75,91.46,0,1,0.22951,0.99812,31,617.85
2025-06-30,2025-07-31,512.0,put,0.38,0.39,0.39,0.43,6,1268,0.31731,-0.01708,31,617.85
2025-06-30,2025-07-31,513.0,call,105.96,107.85,106.91,89.4,0,1,0.28804,0.98931,31,617.85
2025-06-30,2025-07-31,513.0,put,0.39,0.4,0.4,0.39,56,220,0.31731,-0.01799,31,617.85
2025-06-30,2025-07-31,514.0,call,104.97,106.81,105.89,104.04,0,2,0.27829,0.99074,31,617.85
2025-06-30,2025-07-31,514.0,put,0.4,0.41,0.41,0.39,107,873,0.31731,-0.01895,31,617.85
2025-06-30,2025-07-31,515.0,call,103.63,105.87,104.75,104.13,2,366,0.21,0.99891,31,617.85
2025-06-30,2025-07-31,515.0,put,0.4,0.41,0.41,0.4,13,2880,0.31731,-0.01994,31,617.85
2025-06-30,2025-07-31,516.0,call,102.99,104.69,103.84,77.86,0,1,0.25877,0.99334,31,617.85
2025-06-30,2025-07-31,516.0,put,0.41,0.42,0.41,0.46,7,101,0.30755,-0.01806,31,617.85
2025-06-30,2025-07-31,517.0,call,102.0,103.73,102.87,100.86,0,3,0.25877,0.99285,31,617.85
2025-06-30,2025-07-31,517.0,put,0.42,0.43,0.42,0.47,19,41,0.30755,-0.01904,31,617.85
2025-06-30,2025-07-31,518.0,call,101.01,102.71,101.86,84.85,0,3,0.25877,0.99232,31,617.85
2025-06-30,2025-07-31,518.0,put,0.42,0.44,0.43,0.47,7,135,0.30755,-0.02006,31,617.85
2025-06-30,2025-07-31,519.0,call,100.01,101.72,100.87,74.9,0,9,0.25877,0.99176,31,617.85
2025-06-30,2025-07-31,519.0,put,0.43,0.44,0.43,0.48,6,291,0.30755,-0.02113,31,617.85
2025-06-30,2025-07-31,520.0,call,99.03,99.99,99.51,96.67,0,942,0.01488,1.0,31,617.85
2025-06-30,2025-07-31,520.0,put,0.44,0.45,0.45,0.43,59,4039,0.30755,-0.02224,31,617.85
2025-06-30,2025-07-31,521.0,call,98.04,99.77,98.91,82.25,0,9,0.25877,0.99054,31,617.85
2025-06-30,2025-07-31,521.0,put,0.45,0.46,0.46,0.44,9,482,0.30755,-0.0234,31,617.85
2025-06-30,2025-07-31,522.0,call,97.05,98.67,97.86,85.93,0,5,0.23926,0.99388,31,617.85
2025-06-30,2025-07-31,522.0,put,0.45,0.47,0.46,0.51,8,217,0.2978,-0.02127,31,617.85
2025-06-30,2025-07-31,523.0,call,96.07,97.77,96.92,50.65,0,0,0.24902,0.99143,31,617.85
2025-06-30,2025-07-31,523.0,put,0.46,0.47,0.46,0.51,6,68,0.2978,-0.02242,31,617.85
2025-06-30,2025-07-31,524.0,call,95.08,96.76,95.92,0.0,0,0,0.24902,0.99079,31,617.85
2025-06-30,2025-07-31,524.0,put,0.47,0.48,0.47,0.52,6,700,0.2978,-0.02362,31,617.85
2025-06-30,2025-07-31,525.0,call,94.53,95.02,94.78,94.03,1,335,0.17097,0.99962,31,617.85
2025-06-30,2025-07-31,525.0,put,0.48,0.49,0.48,0.46,106,20171,0.2978,-0.02487,31,617.85
2025-06-30,2025-07-31,526.0,call,93.1,95.04,94.07,77.5,0,1,0.26853,0.98393,31,617.85
2025-06-30,2025-07-31,526.0,put,0.49,0.5,0.49,0.54,7,1030,0.28804,-0.02259,31,617.85
2025-06-30,2025-07-31,527.0,call,92.12,93.93,93.03,76.8,0,1,0.25877,0.98593,31,617.85
2025-06-30,2025-07-31,527.0,put,0.5,0.51,0.51,0.55,6,430,0.28804,-0.02383,31,617.85
2025-06-30,2025-07-31,528.0,call,91.13,92.94,92.03,73.74,0,3,0.25877,0.98501,31,617.85
2025-06-30,2025-07-31,528.0,put,0.5,0.52,0.51,0.49,13,139,0.28804,-0.02512,31,617.85
2025-06-30,2025-07-31,529.0,call,90.61,91.09,90.85,73.59,0,111,0.21,0.9957,31,617.85
2025-06-30,2025-07-31,529.0,put,0.51,0.52,0.52,0.57,7,327,0.28804,-0.02648,31,617.85
2025-06-30,2025-07-31,530.0,call,89.6,90.09,89.84,89.3,2,1811,0.20024,0.99674,31,617.85
2025-06-30,2025-07-31,530.0,put,0.52,0.54,0.53,0.52,108,2796,0.28804,-0.02789,31,617.85
2025-06-30,2025-07-31,531.0,call,88.17,90.06,89.12,86.41,0,9,0.25877,0.98192,31,617.85
2025-06-30,2025-07-31,531.0,put,0.53,0.54,0.54,0.59,8,171,0.27829,-0.02537,31,617.85
2025-06-30,2025-07-31,532.0,call,87.83,87.98,87.91,71.97,0,1,0.21975,0.99236,31,617.85
2025-06-30,2025-07-31,532.0,put,0.54,0.55,0.55,0.6,7,389,0.27829,-0.02677,31,617.85
2025-06-30,2025-07-31,533.0,call,86.85,87.0,86.92,70.59,0,11,0.21975,0.99172,31,617.85
2025-06-30,2025-07-31,533.0,put,0.55,0.56,0.56,0.54,9,922,0.27829,-0.02824,31,617.85
2025-06-30,2025-07-31,534.0,call,85.86,86.02,85.94,70.89,0,17,0.21975,0.99103,31,617.85
2025-06-30,2025-07-31,534.0,put,0.56,0.58,0.57,0.56,23,108,0.27829,-0.02976,31,617.85
2025-06-30,2025-07-31,535.0,call,84.88,85.03,84.95,85.48,2,574,0.21975,0.9903,31,617.85
2025-06-30,2025-07-31,535.0,put,0.58,0.59,0.58,0.59,38,1769,0.27829,-0.03136,31,617.85
2025-06-30,2025-07-31,536.0,call,83.89,84.05,83.97,65.49,0,2,0.21975,0.98951,31,617.85
2025-06-30,2025-07-31,536.0,put,0.59,0.6,0.59,0.65,6,382,0.26853,-0.02858,31,617.85
2025-06-30,2025-07-31,537.0,call,82.91,83.06,82.98,79.56,0,17,0.21975,0.98868,31,617.85
2025-06-30,2025-07-31,537.0,put,0.6,0.61,0.6,0.66,6,453,0.26853,-0.03017,31,617.85
2025-06-30,2025-07-31,538.0,call,81.92,82.08,82.0,80.91,1,15,0.21975,0.98779,31,617.85
2025-06-30,2025-07-31,538.0,put,0.61,0.63,0.62,0.67,7,80,0.26853,-0.03184,31,617.85
2025-06-30,2025-07-31,539.0,call,80.94,81.1,81.02,60.34,0,8,0.21975,0.98684,31,617.85
2025-06-30,2025-07-31,539.0,put,0.62,0.63,0.62,0.69,26,323,0.26853,-0.03357,31,617.85
2025-06-30,2025-07-31,540.0,call,79.96,80.11,80.03,80.43,5,1003,0.21975,0.98582,31,617.85
2025-06-30,2025-07-31,540.0,put,0.64,0.65,0.65,0.63,484,5860,0.26853,-0.03538,31,617.85
2025-06-30,2025-07-31,541.0,call,78.98,79.13,79.06,79.61,1,7,0.21975,0.98475,31,617.85
2025-06-30,2025-07-31,541.0,put,0.65,0.66,0.66,0.72,56,790,0.25877,-0.03232,31,617.85
2025-06-30,2025-07-31,542.0,call,77.99,78.15,78.07,77.09,0,10,0.21975,0.98361,31,617.85
2025-06-30,2025-07-31,542.0,put,0.67,0.68,0.68,0.65,15,331,0.25877,-0.03413,31,617.85
2025-06-30,2025-07-31,543.0,call,77.01,77.16,77.09,76.2,1,34,0.21975,0.98239,31,617.85
2025-06-30,2025-07-31,543.0,put,0.68,0.69,0.69,0.66,11,996,0.25877,-0.03602,31,617.85
2025-06-30,2025-07-31,544.0,call,76.03,76.19,76.11,66.9,0,7,0.21975,0.98111,31,617.85
2025-06-30,2025-07-31,544.0,put,0.7,0.71,0.7,0.8,7,429,0.25877,-0.038,31,617.85
2025-06-30,2025-07-31,545.0,call,75.05,75.21,75.13,69.46,0,1911,0.21975,0.97974,31,617.85
2025-06-30,2025-07-31,545.0,put,0.71,0.73,0.72,0.69,39,1574,0.25877,-0.04005,31,617.85
2025-06-30,2025-07-31,546.0,call,74.07,74.23,74.15,73.17,0,6,0.21975,0.9783,31,617.85
2025-06-30,2025-07-31,546.0,put,0.73,0.74,0.73,0.8,8,452,0.24902,-0.03669,31,617.85
2025-06-30,2025-07-31,547.0,call,73.09,73.25,73.17,68.03,0,18,0.21975,0.97677,31,617.85
2025-06-30,2025-07-31,547.0,put,0.75,0.76,0.76,0.81,10,490,0.24902,-0.03876,31,617.85
2025-06-30,2025-07-31,548.0,call,72.12,72.27,72.19,55.19,0,9,0.21,0.97987,31,617.85
2025-06-30,2025-07-31,548.0,put,0.76,0.78,0.77,0.76,18,928,0.24902,-0.04092,31,617.85
2025-06-30,2025-07-31,549.0,call,71.14,71.29,71.22,51.93,0,586,0.21,0.97837,31,617.85
2025-06-30,2025-07-31,549.0,put,0.78,0.8,0.79,0.76,35,404,0.24902,-0.04318,31,617.85
2025-06-30,2025-07-31,550.0,call,70.16,70.32,70.24,69.56,3,2281,0.21,0.97679,31,617.85
2025-06-30,2025-07-31,550.0,put,0.8,0.82,0.81,0.78,243,5413,0.24902,-0.04552,31,617.85
2025-06-30,2025-07-31,551.0,call,69.21,69.34,69.28,52.2,0,66,0.21,0.97511,31,617.85
2025-06-30,2025-07-31,551.0,put,0.82,0.84,0.83,0.79,107,591,0.23926,-0.04183,31,617.85
2025-06-30,2025-07-31,552.0,call,68.21,68.37,68.29,67.24,32,68,0.21,0.97333,31,617.85
2025-06-30,2025-07-31,552.0,put,0.84,0.86,0.85,0.82,1145,1296,0.23926,-0.04421,31,617.85
2025-06-30,2025-07-31,553.0,call,67.24,67.39,67.31,61.15,0,158,0.21,0.97145,31,617.85
2025-06-30,2025-07-31,553.0,put,0.87,0.88,0.88,0.83,466,477,0.23926,-0.04668,31,617.85
2025-06-30,2025-07-31,554.0,call,66.27,66.42,66.34,66.69,10,63,0.21,0.96947,31,617.85
2025-06-30,2025-07-31,554.0,put,0.89,0.91,0.9,0.98,317,531,0.23926,-0.04927,31,617.85
2025-06-30,2025-07-31,555.0,call,65.3,65.45,65.38,65.2,23,248,0.21,0.96738,31,617.85
2025-06-30,2025-07-31,555.0,put,0.92,0.93,0.93,0.88,739,2795,0.23926,-0.05196,31,617.85
2025-06-30,2025-07-31,556.0,call,64.33,64.48,64.41,63.37,1,52,0.21,0.96518,31,617.85
2025-06-30,2025-07-31,556.0,put,0.94,0.96,0.95,1.02,262,779,0.23926,-0.05477,31,617.85
2025-06-30,2025-07-31,557.0,call,63.36,63.51,63.44,63.98,20,53,0.21,0.96286,31,617.85
2025-06-30,2025-07-31,557.0,put,0.97,0.98,0.97,1.05,206,1050,0.22951,-0.05065,31,617.85
2025-06-30,2025-07-31,558.0,call,62.39,62.54,62.47,63.03,10,69,0.21,0.96042,31,617.85
2025-06-30,2025-07-31,558.0,put,1.0,1.01,1.0,1.0,17,1204,0.22951,-0.05351,31,617.85
2025-06-30,2025-07-31,559.0,call,61.42,61.57,61.5,61.18,1,63,0.21,0.95785,31,617.85
2025-06-30,2025-07-31,559.0,put,1.03,1.04,1.04,1.01,292,1881,0.22951,-0.05649,31,617.85
2025-06-30,2025-07-31,560.0,call,60.46,60.6,60.53,60.45,14,604,0.20024,0.9622,31,617.85
2025-06-30,2025-07-31,560.0,put,1.06,1.07,1.06,1.03,406,7058,0.22951,-0.05959,31,617.85
2025-06-30,2025-07-31,561.0,call,59.49,59.64,59.56,59.18,1,705,0.20024,0.95962,31,617.85
2025-06-30,2025-07-31,561.0,put,1.09,1.11,1.1,1.06,98,554,0.22951,-0.06281,31,617.85
2025-06-30,2025-07-31,562.0,call,58.53,58.68,58.61,59.06,10,177,0.20024,0.9569,31,617.85
2025-06-30,2025-07-31,562.0,put,1.12,1.14,1.13,1.09,30,742,0.22951,-0.06617,31,617.85
2025-06-30,2025-07-31,563.0,call,57.57,57.72,57.64,56.67,0,869,0.20024,0.95403,31,617.85
2025-06-30,2025-07-31,563.0,put,1.16,1.17,1.17,1.09,14,1192,0.21975,-0.06165,31,617.85
2025-06-30,2025-07-31,564.0,call,56.61,56.76,56.69,55.07,0,203,0.20024,0.95103,31,617.85
2025-06-30,2025-07-31,564.0,put,1.2,1.21,1.21,1.12,28,714,0.21975,-0.06509,31,617.85
2025-06-30,2025-07-31,565.0,call,55.66,55.8,55.73,55.31,2,2876,0.20024,0.94787,31,617.85
2025-06-30,2025-07-31,565.0,put,1.24,1.25,1.25,1.25,175,15024,0.21975,-0.06868,31,617.85
2025-06-30,2025-07-31,566.0,call,54.7,54.85,54.78,54.23,0,252,0.20024,0.94456,31,617.85
2025-06-30,2025-07-31,566.0,put,1.27,1.29,1.28,1.4,55,1010,0.21975,-0.07241,31,617.85
2025-06-30,2025-07-31,567.0,call,53.75,53.89,53.82,51.91,0,457,0.20024,0.94109,31,617.85
2025-06-30,2025-07-31,567.0,put,1.32,1.33,1.33,1.41,8,1622,0.21975,-0.07628,31,617.85
2025-06-30,2025-07-31,568.0,call,52.8,52.94,52.87,52.0,2,113,0.20024,0.93746,31,617.85
2025-06-30,2025-07-31,568.0,put,1.36,1.38,1.37,1.3,21,1366,0.21975,-0.0803,31,617.85
2025-06-30,2025-07-31,569.0,call,51.85,51.99,51.92,44.86,0,145,0.20024,0.93366,31,617.85
2025-06-30,2025-07-31,569.0,put,1.41,1.42,1.42,1.4,12,798,0.21,-0.07542,31,617.85
2025-06-30,2025-07-31,570.0,call,50.9,51.04,50.97,51.57,37,10552,0.19048,0.93896,31,617.85
2025-06-30,2025-07-31,570.0,put,1.46,1.47,1.46,1.42,9427,11336,0.21,-0.07959,31,617.85
2025-06-30,2025-07-31,571.0,call,49.95,50.09,50.02,47.45,0,94,0.19048,0.93505,31,617.85
2025-06-30,2025-07-31,571.0,put,1.5,1.52,1.51,1.61,7,1381,0.21,-0.08391,31,617.85
2025-06-30,2025-07-31,572.0,call,49.01,49.15,49.08,45.58,0,61,0.19048,0.93096,31,617.85
2025-06-30,2025-07-31,572.0,put,1.56,1.57,1.56,1.54,23,298,0.21,-0.08841,31,617.85
2025-06-30,2025-07-31,573.0,call,48.07,48.2,48.14,46.81,2,79,0.19048,0.92668,31,617.85
2025-06-30,2025-07-31,573.0,put,1.61,1.63,1.62,1.54,115,303,0.21,-0.09307,31,617.85
2025-06-30,2025-07-31,574.0,call,47.13,47.27,47.2,46.31,0,275,0.19048,0.92221,31,617.85
2025-06-30,2025-07-31,574.0,put,1.67,1.69,1.68,1.63,166,1574,0.21,-0.0979,31,617.85
2025-06-30,2025-07-31,575.0,call,46.19,46.33,46.26,44.91,29,690,0.19048,0.91755,31,617.85
2025-06-30,2025-07-31,575.0,put,1.73,1.75,1.74,1.75,562,5278,0.20024,-0.09277,31,617.85
2025-06-30,2025-07-31,576.0,call,45.26,45.39,45.33,44.83,2,269,0.19048,0.91268,31,617.85
2025-06-30,2025-07-31,576.0,put,1.79,1.81,1.8,1.74,124,483,0.20024,-0.09782,31,617.85
2025-06-30,2025-07-31,577.0,call,44.32,44.46,44.39,43.86,2,108,0.19048,0.90762,31,617.85
2025-06-30,2025-07-31,577.0,put,1.85,1.87,1.86,1.76,24,278,0.20024,-0.10305,31,617.85
2025-06-30,2025-07-31,578.0,call,43.4,43.53,43.47,43.89,2,3182,0.19048,0.90234,31,617.85
2025-06-30,2025-07-31,578.0,put,1.92,1.94,1.93,1.79,35,454,0.20024,-0.10847,31,617.85
2025-06-30,2025-07-31,579.0,call,42.47,42.61,42.54,41.25,8,280,0.18073,0.90811,31,617.85
2025-06-30,2025-07-31,579.0,put,1.99,2.01,2.0,1.94,79,1005,0.20024,-0.11409,31,617.85
2025-06-30,2025-07-31,580.0,call,41.55,41.68,41.61,41.16,101,2060,0.18073,0.90259,31,617.85
2025-06-30,2025-07-31,580.0,put,2.07,2.08,2.08,2.07,3538,13001,0.20024,-0.1199,31,617.85
2025-06-30,2025-07-31,581.0,call,40.63,40.76,40.7,41.2,2,316,0.18073,0.89683,31,617.85
2025-06-30,2025-07-31,581.0,put,2.14,2.16,2.15,2.03,76,280,0.20024,-0.1259,31,617.85
2025-06-30,2025-07-31,582.0,call,39.71,39.84,39.78,40.24,1,192,0.18073,0.89085,31,617.85
2025-06-30,2025-07-31,582.0,put,2.22,2.24,2.23,2.3,35,598,0.19048,-0.12084,31,617.85
2025-06-30,2025-07-31,583.0,call,38.8,38.92,38.86,39.45,9,363,0.18073,0.88463,31,617.85
2025-06-30,2025-07-31,583.0,put,2.3,2.32,2.31,2.21,319,1410,0.19048,-0.12717,31,617.85
2025-06-30,2025-07-31,584.0,call,37.89,38.01,37.95,33.9,0,391,0.18073,0.87818,31,617.85
2025-06-30,2025-07-31,584.0,put,2.38,2.41,2.4,2.34,26,640,0.19048,-0.13372,31,617.85
2025-06-30,2025-07-31,585.0,call,36.98,37.11,37.05,37.5,306,18107,0.18073,0.87149,31,617.85
2025-06-30,2025-07-31,585.0,put,2.48,2.5,2.49,2.46,6363,11175,0.19048,-0.14048,31,617.85
2025-06-30,2025-07-31,586.0,call,36.08,36.2,36.14,35.33,2,413,0.18073,0.86456,31,617.85
2025-06-30,2025-07-31,586.0,put,2.57,2.59,2.58,2.44,251,2885,0.19048,-0.14746,31,617.85
2025-06-30,2025-07-31,587.0,call,35.18,35.3,35.24,33.82,0,817,0.17097,0.87007,31,617.85
2025-06-30,2025-07-31,587.0,put,2.67,2.69,2.68,2.49,360,919,0.19048,-0.15465,31,617.85
2025-06-30,2025-07-31,588.0,call,34.28,34.41,34.34,33.47,4,546,0.17097,0.8627,31,617.85
2025-06-30,2025-07-31,588.0,put,2.77,2.79,2.78,2.64,51,1425,0.18073,-0.15002,31,617.85
2025-06-30,2025-07-31,589.0,call,33.39,33.51,33.45,34.0,3,540,0.17097,0.85507,31,617.85
2025-06-30,2025-07-31,589.0,put,2.87,2.9,2.88,2.74,39,976,0.18073,-0.15767,31,617.85
2025-06-30,2025-07-31,590.0,call,32.51,32.63,32.57,33.63,221,2159,0.17097,0.84718,31,617.85
2025-06-30,2025-07-31,590.0,put,2.99,3.01,3.0,2.98,4952,8963,0.18073,-0.16556,31,617.85
2025-06-30,2025-07-31,591.0,call,31.63,31.74,31.68,31.25,1,510,0.17097,0.83901,31,617.85
2025-06-30,2025-07-31,591.0,put,3.1,3.12,3.11,3.1,101,1266,0.18073,-0.17368,31,617.85
2025-06-30,2025-07-31,592.0,call,30.75,30.87,30.81,29.66,3,603,0.17097,0.83059,31,617.85
2025-06-30,2025-07-31,592.0,put,3.22,3.24,3.23,3.16,339,1570,0.18073,-0.18204,31,617.85
2025-06-30,2025-07-31,593.0,call,29.88,29.99,29.93,30.74,16,481,0.17097,0.82189,31,617.85
2025-06-30,2025-07-31,593.0,put,3.34,3.37,3.35,3.22,305,1171,0.18073,-0.19063,31,617.85
2025-06-30,2025-07-31,594.0,call,29.01,29.12,29.07,29.32,26,391,0.17097,0.81294,31,617.85
2025-06-30,2025-07-31,594.0,put,3.47,3.5,3.49,3.24,94,1261,0.18073,-0.19945,31,617.85
2025-06-30,2025-07-31,595.0,call,28.15,28.27,28.21,28.69,8,1770,0.16122,0.81696,31,617.85
2025-06-30,2025-07-31,595.0,put,3.61,3.64,3.62,3.5,1532,2432,0.17097,-0.19627,31,617.85
2025-06-30,2025-07-31,596.0,call,27.3,27.4,27.35,27.74,21,587,0.16122,0.80733,31,617.85
2025-06-30,2025-07-31,596.0,put,3.75,3.78,3.76,3.65,100,928,0.17097,-0.20573,31,617.85
2025-06-30,2025-07-31,597.0,call,26.45,26.55,26.5,26.0,0,746,0.16122,0.79741,31,617.85
2025-06-30,2025-07-31,597.0,put,3.9,3.93,3.92,3.82,332,1146,0.17097,-0.21544,31,617.85
2025-06-30,2025-07-31,598.0,call,25.61,25.71,25.66,26.81,5,674,0.16122,0.78722,31,617.85
2025-06-30,2025-07-31,598.0,put,4.05,4.08,4.06,3.96,656,585,0.17097,-0.2254,31,617.85
2025-06-30,2025-07-31,599.0,call,24.77,24.87,24.82,24.2,1,669,0.16122,0.77674,31,617.85
2025-06-30,2025-07-31,599.0,put,4.21,4.24,4.22,4.22,851,2371,0.17097,-0.23559,31,617.85
2025-06-30,2025-07-31,600.0,call,23.94,24.04,23.99,24.35,192,9598,0.16122,0.766,31,617.85
2025-06-30,2025-07-31,600.0,put,4.38,4.41,4.39,4.44,4540,9860,0.17097,-0.24601,31,617.85
2025-06-30,2025-07-31,601.0,call,23.12,23.21,23.16,23.63,32,1099,0.16122,0.75499,31,617.85
2025-06-30,2025-07-31,601.0,put,4.56,4.59,4.57,4.39,112,706,0.16122,-0.24501,31,617.85
2025-06-30,2025-07-31,602.0,call,22.31,22.4,22.35,20.49,0,741,0.15146,0.75621,31,617.85
2025-06-30,2025-07-31,602.0,put,4.74,4.77,4.75,4.71,102,818,0.16122,-0.25626,31,617.85
2025-06-30,2025-07-31,603.0,call,21.51,21.59,21.55,22.52,20,1066,0.15146,0.74427,31,617.85
2025-06-30,2025-07-31,603.0,put,4.93,4.97,4.95,4.81,1533,313,0.16122,-0.26777,31,617.85
2025-06-30,2025-07-31,604.0,call,20.71,20.79,20.75,20.63,37,594,0.15146,0.73205,31,617.85
2025-06-30,2025-07-31,604.0,put,5.13,5.17,5.15,4.93,212,377,0.16122,-0.27951,31,617.85
2025-06-30,2025-07-31,605.0,call,19.92,20.0,19.96,20.96,75,5113,0.15146,0.71956,31,617.85
2025-06-30,2025-07-31,605.0,put,5.34,5.38,5.36,5.3,6033,1201,0.16122,-0.29147,31,617.85
2025-06-30,2025-07-31,606.0,call,19.14,19.22,19.18,20.03,2,446,0.15146,0.70682,31,617.85
2025-06-30,2025-07-31,606.0,put,5.56,5.6,5.58,5.13,157,587,0.16122,-0.30364,31,617.85
2025-06-30,2025-07-31,607.0,call,18.38,18.45,18.41,19.37,44,839,0.15146,0.69384,31,617.85
2025-06-30,2025-07-31,607.0,put,5.79,5.83,5.81,5.81,216,844,0.16122,-0.31602,31,617.85
2025-06-30,2025-07-31,608.0,call,17.62,17.69,17.66,16.99,11,553,0.15146,0.68063,31,617.85
2025-06-30,2025-07-31,608.0,put,6.03,6.07,6.05,5.62,85,398,0.15146,-0.31937,31,617.85
2025-06-30,2025-07-31,609.0,call,16.87,16.94,16.91,17.86,20,1515,0.15146,0.66722,31,617.85
2025-06-30,2025-07-31,609.0,put,6.28,6.32,6.3,6.15,171,420,0.15146,-0.33278,31,617.85
2025-06-30,2025-07-31,610.0,call,16.14,16.2,16.17,16.25,162,4962,0.1417,0.66251,31,617.85
2025-06-30,2025-07-31,610.0,put,6.56,6.59,6.57,6.6,5973,2455,0.15146,-0.3464,31,617.85
2025-06-30,2025-07-31,611.0,call,15.41,15.47,15.44,16.07,62,1483,0.1417,0.6479,31,617.85
2025-06-30,2025-07-31,611.0,put,6.82,6.86,6.84,6.26,237,708,0.15146,-0.36019,31,617.85
2025-06-30,2025-07-31,612.0,call,14.7,14.76,14.73,15.33,125,2437,0.1417,0.6331,31,617.85
2025-06-30,2025-07-31,612.0,put,7.11,7.15,7.13,6.94,186,720,0.15146,-0.37414,31,617.85
2025-06-30,2025-07-31,613.0,call,14.01,14.06,14.04,14.5,105,2234,0.1417,0.61811,31,617.85
2025-06-30,2025-07-31,613.0,put,7.42,7.46,7.44,7.5,164,390,0.15146,-0.38823,31,617.85
2025-06-30,2025-07-31,614.0,call,13.33,13.37,13.35,13.39,386,869,0.1417,0.60298,31,617.85
2025-06-30,2025-07-31,614.0,put,7.74,7.78,7.76,7.55,228,681,0.15146,-0.40245,31,617.85
2025-06-30,2025-07-31,615.0,call,12.66,12.71,12.69,12.81,937,7808,0.1417,0.58771,31,617.85
2025-06-30,2025-07-31,615.0,put,8.07,8.12,8.09,8.09,722,490,0.1417,-0.41229,31,617.85
2025-06-30,2025-07-31,616.0,call,12.01,12.05,12.03,11.96,2093,754,0.1417,0.57233,31,617.85
2025-06-30,2025-07-31,616.0,put,8.43,8.47,8.45,7.95,602,87,0.1417,-0.42767,31,617.85
2025-06-30,2025-07-31,617.0,call,11.37,11.42,11.39,11.5,1781,628,0.13195,0.55988,31,617.85
2025-06-30,2025-07-31,617.0,put,8.8,8.84,8.82,8.9,693,304,0.1417,-0.44313,31,617.85
2025-06-30,2025-07-31,618.0,call,10.76,10.8,10.78,10.78,450,534,0.13195,0.54322,31,617.85
2025-06-30,2025-07-31,618.0,put,9.18,9.23,9.21,9.0,380,108,0.1417,-0.45866,31,617.85
2025-06-30,2025-07-31,619.0,call,10.16,10.19,10.18,10.27,295,875,0.13195,0.52651,31,617.85
2025-06-30,2025-07-31,619.0,put,9.59,9.64,9.62,9.12,268,17,0.1417,-0.47422,31,617.85
2025-06-30,2025-07-31,620.0,call,9.57,9.61,9.59,9.73,4972,10389,0.13195,0.50978,31,617.85
2025-06-30,2025-07-31,620.0,put,10.02,10.06,10.04,10.09,239,313,0.1417,-0.4898,31,617.85
2025-06-30,2025-07-31,621.0,call,9.01,9.05,9.03,9.96,269,2284,0.13195,0.49306,31,617.85
2025-06-30,2025-07-31,621.0,put,10.46,10.51,10.48,9.88,137,13,0.1417,-0.50536,31,617.85
2025-06-30,2025-07-31,622.0,call,8.47,8.51,8.49,8.65,238,488,0.13195,0.47639,31,617.85
2025-06-30,2025-07-31,622.0,put,10.93,10.98,10.96,10.5,25,2,0.1417,-0.5209,31,617.85
2025-06-30,2025-07-31,623.0,call,7.95,7.98,7.96,8.23,192,1029,0.13195,0.45977,31,617.85
2025-06-30,2025-07-31,623.0,put,11.42,11.47,11.45,11.25,2,0,0.1417,-0.53637,31,617.85
2025-06-30,2025-07-31,624.0,call,7.44,7.48,7.46,8.19,53,1384,0.13195,0.44326,31,617.85
2025-06-30,2025-07-31,624.0,put,11.93,11.98,11.96,11.36,6,10,0.1417,-0.55177,31,617.85
2025-06-30,2025-07-31,625.0,call,6.96,7.0,6.98,7.17,675,5393,0.13195,0.42687,31,617.85
2025-06-30,2025-07-31,625.0,put,11.92,13.05,12.48,12.2,19,83,0.13195,-0.57313,31,617.85
2025-06-30,2025-07-31,626.0,call,6.5,6.53,6.52,6.68,208,1056,0.12219,0.40248,31,617.85
2025-06-30,2025-07-31,626.0,put,12.61,13.45,13.03,0.0,0,11,0.13195,-0.58937,31,617.85
2025-06-30,2025-07-31,627.0,call,6.06,6.09,6.07,6.13,4172,5346,0.12219,0.38524,31,617.85
2025-06-30,2025-07-31,627.0,put,13.16,14.04,13.6,14.47,7,3,0.13195,-0.60543,31,617.85
2025-06-30,2025-07-31,628.0,call,5.64,5.67,5.65,6.12,87,663,0.12219,0.36825,31,617.85
2025-06-30,2025-07-31,628.0,put,13.67,14.63,14.15,0.0,0,2,0.13195,-0.62129,31,617.85
2025-06-30,2025-07-31,629.0,call,5.24,5.27,5.25,5.61,34,2073,0.12219,0.35154,31,617.85
2025-06-30,2025-07-31,629.0,put,14.12,15.59,14.86,14.4,1,0,0.13195,-0.63693,31,617.85
2025-06-30,2025-07-31,630.0,call,4.86,4.88,4.87,4.98,604,15855,0.12219,0.33513,31,617.85
2025-06-30,2025-07-31,630.0,put,14.7,16.26,15.48,14.35,120,273,0.13195,-0.65231,31,617.85
2025-06-30,2025-07-31,631.0,call,4.5,4.52,4.51,4.74,592,2584,0.12219,0.31906,31,617.85
2025-06-30,2025-07-31,631.0,put,15.32,16.87,16.09,0.0,0,1,0.13195,-0.66742,31,617.85
2025-06-30,2025-07-31,632.0,call,4.16,4.18,4.17,4.19,599,910,0.12219,0.30335,31,617.85
2025-06-30,2025-07-31,632.0,put,16.24,17.43,16.84,0.0,0,1,0.13195,-0.68225,31,617.85
2025-06-30,2025-07-31,633.0,call,3.83,3.86,3.84,4.13,62,925,0.12219,0.28802,31,617.85
2025-06-30,2025-07-31,633.0,put,16.6,18.5,17.55,0.0,0,0,0.13195,-0.69676,31,617.85
2025-06-30,2025-07-31,634.0,call,3.53,3.55,3.54,3.61,389,3610,0.12219,0.27308,31,617.85
2025-06-30,2025-07-31,634.0,put,17.61,18.95,18.28,0.0,0,1,0.13195,-0.71095,31,617.85
2025-06-30,2025-07-31,635.0,call,3.25,3.27,3.26,3.32,612,1810,0.12219,0.25856,31,617.85
2025-06-30,2025-07-31,635.0,put,18.37,19.71,19.04,18.31,4,33,0.13195,-0.72479,31,617.85
2025-06-30,2025-07-31,636.0,call,2.98,3.01,3.0,3.01,269,1379,0.12219,0.24448,31,617.85
2025-06-30,2025-07-31,636.0,put,19.07,20.55,19.81,0.0,0,11,0.1417,-0.72287,31,617.85
2025-06-30,2025-07-31,637.0,call,2.73,2.76,2.75,2.83,283,1781,0.12219,0.23084,31,617.85
2025-06-30,2025-07-31,637.0,put,19.82,21.4,20.61,19.16,13,1,0.1417,-0.73547,31,617.85
2025-06-30,2025-07-31,638.0,call,2.5,2.52,2.51,2.57,590,686,0.12219,0.21766,31,617.85
2025-06-30,2025-07-31,638.0,put,20.92,22.26,21.59,0.0,0,0,0.1417,-0.74775,31,617.85
2025-06-30,2025-07-31,639.0,call,2.28,2.31,2.29,2.36,289,895,0.12219,0.20494,31,617.85
2025-06-30,2025-07-31,639.0,put,21.21,23.09,22.15,0.0,0,0,0.1417,-0.7597,31,617.85
2025-06-30,2025-07-31,640.0,call,2.08,2.1,2.09,2.16,1534,3518,0.12219,0.19269,31,617.85
2025-06-30,2025-07-31,640.0,put,22.08,23.95,23.02,22.8,37,7,0.1417,-0.77132,31,617.85
2025-06-30,2025-07-31,645.0,call,1.28,1.3,1.29,1.36,2518,5716,0.11244,0.11825,31,617.85
2025-06-30,2025-07-31,645.0,put,26.66,28.54,27.6,0.0,0,0,0.15146,-0.80755,31,617.85
2025-06-30,2025-07-31,650.0,call,0.76,0.77,0.77,0.78,2424,4693,0.11244,0.07788,31,617.85
2025-06-30,2025-07-31,650.0,put,31.56,33.46,32.51,33.55,6,3,0.17097,-0.82104,31,617.85
2025-06-30,2025-07-31,655.0,call,0.44,0.45,0.45,0.5,117,2555,0.11244,0.04913,31,617.85
2025-06-30,2025-07-31,655.0,put,36.55,38.41,37.48,0.0,0,0,0.18073,-0.84434,31,617.85
2025-06-30,2025-07-31,660.0,call,0.25,0.26,0.26,0.28,232,5195,0.11244,0.02969,31,617.85
2025-06-30,2025-07-31,660.0,put,41.54,43.41,42.47,0.0,0,0,0.20024,-0.85053,31,617.85
2025-06-30,2025-07-31,665.0,call,0.15,0.16,0.15,0.18,207,3362,0.11244,0.01718,31,617.85
2025-06-30,2025-07-31,665.0,put,46.55,48.41,47.48,0.0,0,0,0.21975,-0.85517,31,617.85
2025-06-30,2025-07-31,670.0,call,0.1,0.11,0.11,0.1,222,1506,0.12219,0.0156,31,617.85
2025-06-30,2025-07-31,670.0,put,51.49,53.41,52.45,0.0,0,0,0.22951,-0.8693,31,617.85
2025-06-30,2025-07-31,675.0,call,0.06,0.07,0.07,0.09,34,440,0.12219,0.00906,31,617.85
2025-06-30,2025-07-31,675.0,put,56.55,58.41,57.48,0.0,0,0,0.24902,-0.8712,31,617.85
2025-06-30,2025-07-31,680.0,call,0.05,0.06,0.06,0.05,1002,4789,0.13195,0.00871,31,617.85
2025-06-30,2025-07-31,680.0,put,61.55,63.41,62.48,0.0,0,0,0.26853,-0.87257,31,617.85
2025-06-30,2025-07-31,685.0,call,0.03,0.04,0.04,0.05,813,1224,0.13195,0.00511,31,617.85
2025-06-30,2025-07-31,685.0,put,66.56,68.41,67.48,0.0,0,0,0.27829,-0.88224,31,617.85
2025-06-30,2025-07-31,690.0,call,0.03,0.04,0.04,0.04,17,148,0.1417,0.00516,31,617.85
2025-06-30,2025-07-31,690.0,put,71.49,73.41,72.45,0.0,0,0,0.2978,-0.88235,31,617.85
2025-06-30,2025-07-31,695.0,call,0.02,0.04,0.03,0.04,247,431,0.1417,0.00308,31,617.85
2025-06-30,2025-07-31,695.0,put,76.55,78.41,77.48,0.0,0,0,0.30755,-0.89008,31,617.85
2025-06-30,2025-07-31,700.0,call,0.02,0.03,0.03,0.03,129,2981,0.15146,0.00324,31,617.85
2025-06-30,2025-07-31,700.0,put,81.54,83.41,82.47,0.0,0,0,0.32707,-0.88942,31,617.85
2025-06-30,2025-07-31,705.0,call,0.02,0.03,0.03,0.02,0,770,0.16122,0.0034,31,617.85
2025-06-30,2025-07-31,705.0,put,86.56,88.41,87.48,0.0,0,0,0.33682,-0.89575,31,617.85
2025-06-30,2025-07-31,710.0,call,0.01,0.02,0.01,0.02,6,368,0.15146,0.00117,31,617.85
2025-06-30,2025-07-31,710.0,put,91.5,93.41,92.45,0.0,0,0,0.34658,-0.90138,31,617.85
2025-06-30,2025-07-31,715.0,call,0.01,0.02,0.01,0.02,338,16583,0.16122,0.00132,31,617.85
2025-06-30,2025-07-31,715.0,put,96.55,98.41,97.48,0.0,0,0,0.36609,-0.8999,31,617.85
2025-06-30,2025-07-31,720.0,call,0.01,0.02,0.01,0.01,36,16499,0.17097,0.00148,31,617.85
2025-06-30,2025-07-31,720.0,put,101.5,103.41,102.45,0.0,0,0,0.37584,-0.90466,31,617.85
2025-06-30,2025-07-31,730.0,call,0.01,0.02,0.01,0.01,55,22864,0.18073,0.00107,31,617.85
2025-06-30,2025-07-31,730.0,put,111.59,113.41,112.5,0.0,0,0,0.40511,-0.90702,31,617.85
2025-06-30,2025-08-01,375.0,call,242.65,245.8,244.23,0.0,0,0,0.01488,1.0,32,617.85
2025-06-30,2025-08-01,375.0,put,0.05,0.06,0.06,0.0,0,17,0.60023,-0.00175,32,617.85
2025-06-30,2025-08-01,380.0,call,237.67,240.83,239.25,0.0,0,0,0.01488,1.0,32,617.85
2025-06-30,2025-08-01,380.0,put,0.06,0.07,0.07,0.08,210,10,0.60023,-0.00222,32,617.85
2025-06-30,2025-08-01,385.0,call,232.7,235.85,234.27,0.0,0,0,0.01488,1.0,32,617.85
2025-06-30,2025-08-01,385.0,put,0.06,0.07,0.07,0.08,1,5,0.58072,-0.00213,32,617.85
2025-06-30,2025-08-01,390.0,call,227.72,230.82,229.27,0.0,0,0,0.01488,1.0,32,617.85
2025-06-30,2025-08-01,390.0,put,0.07,0.08,0.08,0.0,0,290,0.57096,-0.00234,32,617.85
2025-06-30,2025-08-01,395.0,call,222.75,225.85,224.3,0.0,0,0,0.01488,1.0,32,617.85
2025-06-30,2025-08-01,395.0,put,0.07,0.08,0.08,0.0,0,10,0.56121,-0.00257,32,617.85
2025-06-30,2025-08-01,400.0,call,217.77,220.87,219.32,0.0,0,0,0.01488,1.0,32,617.85
2025-06-30,2025-08-01,400.0,put,0.08,0.09,0.08,0.1,7,2,0.54169,-0.00244,32,617.85
2025-06-30,2025-08-01,405.0,call,212.8,215.96,214.38,207.41,0,0,0.01488,1.0,32,617.85
2025-06-30,2025-08-01,405.0,put,0.08,0.09,0.08,0.11,13,0,0.53194,-0.00268,32,617.85
2025-06-30,2025-08-01,410.0,call,207.83,210.93,209.38,0.0,0,0,0.01488,1.0,32,617.85
2025-06-30,2025-08-01,410.0,put,0.09,0.1,0.1,0.0,0,0,0.53194,-0.0034,32,617.85
2025-06-30,2025-08-01,415.0,call,202.86,206.01,204.44,0.0,0,0,0.43438,0.99928,32,617.85
2025-06-30,2025-08-01,415.0,put,0.1,0.11,0.11,0.0,0,0,0.52218,-0.00373,32,617.85
2025-06-30,2025-08-01,420.0,call,197.89,200.98,199.44,0.0,0,0,0.01488,1.0,32,617.85
2025-06-30,2025-08-01,420.0,put,0.11,0.12,0.11,0.0,0,5,0.50267,-0.00354,32,617.85
2025-06-30,2025-08-01,425.0,call,192.91,196.01,194.46,0.0,0,0,0.01488,1.0,32,617.85
2025-06-30,2025-08-01,425.0,put,0.11,0.12,0.11,0.13,1,300,0.49292,-0.00388,32,617.85
2025-06-30,2025-08-01,430.0,call,187.94,191.05,189.5,0.0,0,0,0.40511,0.99908,32,617.85
2025-06-30,2025-08-01,430.0,put,0.12,0.13,0.12,0.15,1,0,0.48316,-0.00425,32,617.85
2025-06-30,2025-08-01,435.0,call,182.97,186.07,184.52,0.0,0,0,0.39536,0.99899,32,617.85
2025-06-30,2025-08-01,435.0,put,0.13,0.14,0.14,0.0,0,8,0.4734,-0.00465,32,617.85
2025-06-30,2025-08-01,440.0,call,178.01,181.16,179.58,0.0,0,0,0.42462,0.99739,32,617.85
2025-06-30,2025-08-01,440.0,put,0.14,0.15,0.15,0.0,0,0,0.46365,-0.0051,32,617.85
2025-06-30,2025-08-01,445.0,call,173.04,176.14,174.59,0.0,0,0,0.40511,0.99765,32,617.85
2025-06-30,2025-08-01,445.0,put,0.15,0.16,0.15,0.0,0,0,0.45389,-0.00559,32,617.85
2025-06-30,2025-08-01,450.0,call,168.07,171.23,169.65,146.65,0,2,0.41487,0.99624,32,617.85
2025-06-30,2025-08-01,450.0,put,0.16,0.18,0.17,0.16,45,51125,0.44414,-0.00612,32,617.85
2025-06-30,2025-08-01,455.0,call,163.1,166.26,164.68,0.0,0,0,0.40511,0.99588,32,617.85
2025-06-30,2025-08-01,455.0,put,0.18,0.19,0.18,0.0,0,165,0.43438,-0.00671,32,617.85
2025-06-30,2025-08-01,460.0,call,158.14,161.24,159.69,0.0,0,0,0.39536,0.99549,32,617.85
2025-06-30,2025-08-01,460.0,put,0.19,0.2,0.2,0.0,0,416,0.42462,-0.00735,32,617.85
2025-06-30,2025-08-01,465.0,call,153.17,156.27,154.72,133.33,0,6,0.3856,0.99505,32,617.85
2025-06-30,2025-08-01,465.0,put,0.2,0.22,0.21,0.0,0,514,0.41487,-0.00806,32,617.85
2025-06-30,2025-08-01,470.0,call,148.21,151.31,149.76,0.0,0,0,0.37584,0.99458,32,617.85
2025-06-30,2025-08-01,470.0,put,0.22,0.23,0.23,0.28,2,184,0.40511,-0.00885,32,617.85
2025-06-30,2025-08-01,475.0,call,143.25,146.35,144.8,0.0,0,0,0.37584,0.99291,32,617.85
2025-06-30,2025-08-01,475.0,put,0.24,0.25,0.24,0.0,0,96,0.39536,-0.00972,32,617.85
2025-06-30,2025-08-01,480.0,call,138.29,141.44,139.87,122.52,0,14,0.37584,0.99082,32,617.85
2025-06-30,2025-08-01,480.0,put,0.26,0.27,0.27,0.28,18,453,0.3856,-0.01068,32,617.85
2025-06-30,2025-08-01,485.0,call,133.33,136.49,134.91,115.3,0,1,0.36609,0.9899,32,617.85
2025-06-30,2025-08-01,485.0,put,0.28,0.29,0.29,0.33,100,119,0.37584,-0.01175,32,617.85
2025-06-30,2025-08-01,490.0,call,128.37,131.53,129.95,111.71,0,2,0.35633,0.98888,32,617.85
2025-06-30,2025-08-01,490.0,put,0.3,0.31,0.3,0.3,39,100466,0.36609,-0.01294,32,617.85
2025-06-30,2025-08-01,495.0,call,123.41,126.57,124.99,106.42,0,0,0.34658,0.98773,32,617.85
2025-06-30,2025-08-01,495.0,put,0.32,0.33,0.33,0.35,31,163,0.35633,-0.01427,32,617.85
2025-06-30,2025-08-01,500.0,call,118.45,121.56,120.0,0.0,0,0,0.32707,0.98849,32,617.85
2025-06-30,2025-08-01,500.0,put,0.35,0.36,0.35,0.34,352,624,0.34658,-0.01575,32,617.85
2025-06-30,2025-08-01,505.0,call,113.5,116.61,115.06,96.89,0,1,0.32707,0.98501,32,617.85
2025-06-30,2025-08-01,505.0,put,0.38,0.39,0.39,0.39,45,123,0.33682,-0.01742,32,617.85
2025-06-30,2025-08-01,510.0,call,108.55,111.66,110.1,0.0,0,0,0.30755,0.98588,32,617.85
2025-06-30,2025-08-01,510.0,put,0.41,0.42,0.41,0.4,27,125,0.32707,-0.0193,32,617.85
2025-06-30,2025-08-01,515.0,call,103.6,106.72,105.16,88.24,0,1,0.30755,0.98154,32,617.85
2025-06-30,2025-08-01,515.0,put,0.44,0.45,0.45,0.46,68,1104,0.31731,-0.02142,32,617.85
2025-06-30,2025-08-01,520.0,call,98.66,101.84,100.25,79.11,0,2,0.2978,0.97945,32,617.85
2025-06-30,2025-08-01,520.0,put,0.48,0.49,0.48,0.47,27,1079,0.30755,-0.02382,32,617.85
2025-06-30,2025-08-01,525.0,call,93.72,96.89,95.31,89.81,0,1,0.28804,0.97706,32,617.85
2025-06-30,2025-08-01,525.0,put,0.53,0.54,0.54,0.52,35,148,0.2978,-0.02656,32,617.85
2025-06-30,2025-08-01,530.0,call,88.79,91.91,90.35,89.13,0,14,0.27829,0.97433,32,617.85
2025-06-30,2025-08-01,530.0,put,0.58,0.59,0.58,0.57,101,50446,0.28804,-0.02969,32,617.85
2025-06-30,2025-08-01,535.0,call,85.15,85.3,85.22,78.79,0,54,0.24902,0.97938,32,617.85
2025-06-30,2025-08-01,535.0,put,0.63,0.65,0.64,0.62,23,107,0.27829,-0.03328,32,617.85
2025-06-30,2025-08-01,540.0,call,80.24,80.39,80.31,78.53,0,7,0.23926,0.97671,32,617.85
2025-06-30,2025-08-01,540.0,put,0.7,0.72,0.71,0.68,260,171,0.26853,-0.03743,32,617.85
2025-06-30,2025-08-01,545.0,call,75.34,75.5,75.42,55.58,0,3,0.23926,0.96855,32,617.85
2025-06-30,2025-08-01,545.0,put,0.78,0.8,0.79,0.79,270,434,0.25877,-0.04224,32,617.85
2025-06-30,2025-08-01,550.0,call,70.47,70.62,70.55,71.05,7,4,0.22951,0.9642,32,617.85
2025-06-30,2025-08-01,550.0,put,0.89,0.9,0.9,0.87,179,513,0.24902,-0.04785,32,617.85
2025-06-30,2025-08-01,555.0,call,65.61,65.77,65.69,49.83,0,20,0.21975,0.95904,32,617.85
2025-06-30,2025-08-01,555.0,put,1.01,1.03,1.02,1.01,209,499,0.23926,-0.05444,32,617.85
2025-06-30,2025-08-01,560.0,call,60.79,60.94,60.86,59.71,1,14,0.21975,0.9454,32,617.85
2025-06-30,2025-08-01,560.0,put,1.17,1.19,1.18,1.15,385,619,0.22951,-0.06221,32,617.85
2025-06-30,2025-08-01,565.0,call,56.01,56.15,56.08,56.76,4,99,0.21,0.93702,32,617.85
2025-06-30,2025-08-01,565.0,put,1.36,1.38,1.37,1.31,100,909,0.21975,-0.07144,32,617.85
2025-06-30,2025-08-01,570.0,call,51.27,51.41,51.34,48.86,0,14,0.20024,0.92692,32,617.85
2025-06-30,2025-08-01,570.0,put,1.6,1.62,1.61,1.48,113,1107,0.21,-0.08248,32,617.85
2025-06-30,2025-08-01,575.0,call,46.58,46.72,46.65,47.13,3,87,0.20024,0.90422,32,617.85
2025-06-30,2025-08-01,575.0,put,1.89,1.91,1.9,1.92,343,1102,0.21,-0.106,32,617.85
2025-06-30,2025-08-01,578.0,call,43.8,43.93,43.86,39.74,0,1,0.19048,0.89931,32,617.85
2025-06-30,2025-08-01,578.0,put,2.1,2.12,2.11,2.27,15,314,0.20024,-0.11158,32,617.85
2025-06-30,2025-08-01,579.0,call,42.87,43.01,42.94,42.59,1,1,0.19048,0.89379,32,617.85
2025-06-30,2025-08-01,579.0,put,2.17,2.19,2.18,2.06,5,100,0.20024,-0.11721,32,617.85
2025-06-30,2025-08-01,580.0,call,41.96,42.09,42.03,40.2,0,100,0.19048,0.88808,32,617.85
2025-06-30,2025-08-01,580.0,put,2.25,2.27,2.26,2.22,705,832,0.20024,-0.12304,32,617.85
2025-06-30,2025-08-01,581.0,call,41.04,41.17,41.11,36.06,0,15,0.19048,0.88215,32,617.85
2025-06-30,2025-08-01,581.0,put,2.33,2.35,2.34,2.52,3,100,0.20024,-0.12905,32,617.85
2025-06-30,2025-08-01,582.0,call,40.13,40.26,40.2,34.68,0,3,0.19048,0.87602,32,617.85
2025-06-30,2025-08-01,582.0,put,2.41,2.44,2.42,2.56,2,74,0.20024,-0.13526,32,617.85
2025-06-30,2025-08-01,583.0,call,39.22,39.35,39.28,38.84,1,2,0.19048,0.86968,32,617.85
2025-06-30,2025-08-01,583.0,put,2.5,2.52,2.51,2.41,11,341,0.19048,-0.13032,32,617.85
2025-06-30,2025-08-01,584.0,call,38.31,38.44,38.38,36.53,0,3,0.19048,0.86313,32,617.85
2025-06-30,2025-08-01,584.0,put,2.59,2.61,2.6,2.54,41,141,0.19048,-0.13687,32,617.85
2025-06-30,2025-08-01,585.0,call,37.41,37.54,37.47,38.22,6,44,0.18073,0.86836,32,617.85
2025-06-30,2025-08-01,585.0,put,2.68,2.71,2.7,2.62,199,1665,0.19048,-0.14362,32,617.85
2025-06-30,2025-08-01,586.0,call,36.51,36.64,36.58,32.05,0,24,0.18073,0.86142,32,617.85
2025-06-30,2025-08-01,586.0,put,2.78,2.81,2.79,2.6,73,75,0.19048,-0.15059,32,617.85
2025-06-30,2025-08-01,587.0,call,35.62,35.74,35.68,28.71,0,10,0.18073,0.85426,32,617.85
2025-06-30,2025-08-01,587.0,put,2.88,2.91,2.9,2.67,15,116,0.19048,-0.15777,32,617.85
2025-06-30,2025-08-01,587.5,call,35.17,35.3,35.23,0.0,0,0,0.18073,0.85059,32,617.85
2025-06-30,2025-08-01,587.5,put,2.93,2.96,2.95,2.92,5,511,0.19048,-0.16144,32,617.85
2025-06-30,2025-08-01,588.0,call,34.73,34.85,34.79,33.16,0,77,0.18073,0.84686,32,617.85
2025-06-30,2025-08-01,588.0,put,2.99,3.02,3.0,2.83,122,172,0.19048,-0.16516,32,617.85
2025-06-30,2025-08-01,589.0,call,33.84,33.97,33.91,32.49,0,14,0.18073,0.83923,32,617.85
2025-06-30,2025-08-01,589.0,put,3.09,3.13,3.11,2.94,46,94,0.19048,-0.17275,32,617.85
2025-06-30,2025-08-01,590.0,call,32.96,33.08,33.02,33.14,8,122,0.18073,0.83138,32,617.85
2025-06-30,2025-08-01,590.0,put,3.21,3.24,3.23,3.05,213,1818,0.18073,-0.16862,32,617.85
2025-06-30,2025-08-01,591.0,call,32.08,32.2,32.14,32.1,2,27,0.18073,0.82329,32,617.85
2025-06-30,2025-08-01,591.0,put,3.33,3.36,3.34,3.12,3,284,0.18073,-0.17671,32,617.85
2025-06-30,2025-08-01,592.0,call,31.21,31.32,31.27,29.3,0,115,0.17097,0.82756,32,617.85
2025-06-30,2025-08-01,592.0,put,3.45,3.48,3.46,3.58,34,139,0.18073,-0.18503,32,617.85
2025-06-30,2025-08-01,592.5,call,30.77,30.89,30.83,23.94,0,22,0.17097,0.82326,32,617.85
2025-06-30,2025-08-01,592.5,put,3.52,3.55,3.54,3.7,8,116,0.18073,-0.18927,32,617.85
2025-06-30,2025-08-01,593.0,call,30.34,30.46,30.4,31.75,50,58,0.17097,0.81891,32,617.85
2025-06-30,2025-08-01,593.0,put,3.58,3.61,3.59,3.42,21,642,0.18073,-0.19356,32,617.85
2025-06-30,2025-08-01,594.0,call,29.48,29.59,29.54,29.04,0,102,0.17097,0.81001,32,617.85
2025-06-30,2025-08-01,594.0,put,3.72,3.75,3.74,3.59,18,173,0.18073,-0.20232,32,617.85
2025-06-30,2025-08-01,595.0,call,28.62,28.73,28.68,28.28,10,126,0.17097,0.80086,32,617.85
2025-06-30,2025-08-01,595.0,put,3.86,3.89,3.88,3.62,1123,382,0.18073,-0.2113,32,617.85
2025-06-30,2025-08-01,596.0,call,27.77,27.89,27.83,27.47,2,126,0.17097,0.79147,32,617.85
2025-06-30,2025-08-01,596.0,put,4.0,4.03,4.02,3.91,6,249,0.17097,-0.20853,32,617.85
2025-06-30,2025-08-01,597.0,call,26.93,27.03,26.98,27.07,5,85,0.17097,0.78184,32,617.85
2025-06-30,2025-08-01,597.0,put,4.15,4.19,4.17,4.06,8,176,0.17097,-0.21816,32,617.85
2025-06-30,2025-08-01,597.5,call,26.51,26.6,26.55,25.28,0,187,0.17097,0.77693,32,617.85
2025-06-30,2025-08-01,597.5,put,4.23,4.27,4.25,4.42,17,31,0.17097,-0.22307,32,617.85
2025-06-30,2025-08-01,598.0,call,26.1,26.19,26.15,27.44,31,519,0.17097,0.77197,32,617.85
2025-06-30,2025-08-01,598.0,put,4.31,4.35,4.33,4.19,11,294,0.17097,-0.22803,32,617.85
2025-06-30,2025-08-01,599.0,call,25.26,25.35,25.3,26.15,2,114,0.16122,0.77412,32,617.85
2025-06-30,2025-08-01,599.0,put,4.48,4.51,4.5,4.78,12,475,0.17097,-0.23812,32,617.85
2025-06-30,2025-08-01,600.0,call,24.43,24.53,24.48,24.7,33,696,0.16122,0.76348,32,617.85
2025-06-30,2025-08-01,600.0,put,4.65,4.68,4.67,4.55,714,1097,0.17097,-0.24844,32,617.85
2025-06-30,2025-08-01,601.0,call,23.61,23.71,23.66,24.94,12,226,0.16122,0.75259,32,617.85
2025-06-30,2025-08-01,601.0,put,4.83,4.86,4.85,4.49,28,106,0.17097,-0.25898,32,617.85
2025-06-30,2025-08-01,602.0,call,22.8,22.89,22.84,24.1,46,239,0.16122,0.74145,32,617.85
2025-06-30,2025-08-01,602.0,put,5.01,5.05,5.03,5.03,38,171,0.17097,-0.26972,32,617.85
2025-06-30,2025-08-01,602.5,call,22.4,22.49,22.45,19.37,0,538,0.16122,0.73579,32,617.85
2025-06-30,2025-08-01,602.5,put,5.11,5.15,5.13,4.74,23,84,0.16122,-0.26421,32,617.85
2025-06-30,2025-08-01,603.0,call,22.0,22.09,22.05,23.23,42,90,0.16122,0.73008,32,617.85
2025-06-30,2025-08-01,603.0,put,5.21,5.25,5.23,5.09,11,146,0.16122,-0.26992,32,617.85
2025-06-30,2025-08-01,604.0,call,21.21,21.29,21.25,22.39,13,135,0.16122,0.71848,32,617.85
2025-06-30,2025-08-01,604.0,put,5.41,5.45,5.43,5.65,36,156,0.16122,-0.28152,32,617.85
2025-06-30,2025-08-01,605.0,call,20.42,20.5,20.46,20.72,150,346,0.16122,0.70667,32,617.85
2025-06-30,2025-08-01,605.0,put,5.63,5.66,5.64,5.63,206,401,0.16122,-0.29333,32,617.85
2025-06-30,2025-08-01,606.0,call,19.64,19.72,19.68,18.97,11,203,0.15146,0.70502,32,617.85
2025-06-30,2025-08-01,606.0,put,5.85,5.89,5.87,5.4,47,183,0.16122,-0.30535,32,617.85
2025-06-30,2025-08-01,607.0,call,18.88,18.95,18.91,19.77,3,529,0.15146,0.69221,32,617.85
2025-06-30,2025-08-01,607.0,put,6.08,6.12,6.1,5.61,39,251,0.16122,-0.31756,32,617.85
2025-06-30,2025-08-01,607.5,call,18.5,18.57,18.54,18.8,35,73,0.15146,0.68573,32,617.85
2025-06-30,2025-08-01,607.5,put,6.2,6.24,6.22,6.28,13,71,0.16122,-0.32373,32,617.85
2025-06-30,2025-08-01,608.0,call,18.12,18.19,18.16,19.39,72,524,0.15146,0.67919,32,617.85
2025-06-30,2025-08-01,608.0,put,6.32,6.36,6.34,5.96,23,181,0.16122,-0.32995,32,617.85
2025-06-30,2025-08-01,609.0,call,17.37,17.44,17.41,18.16,5,169,0.15146,0.66596,32,617.85
2025-06-30,2025-08-01,609.0,put,6.57,6.62,6.6,6.55,10,134,0.16122,-0.34251,32,617.85
2025-06-30,2025-08-01,610.0,call,16.64,16.7,16.67,16.98,378,875,0.15146,0.65254,32,617.85
2025-06-30,2025-08-01,610.0,put,6.84,6.88,6.86,6.78,1131,7630,0.15146,-0.34746,32,617.85
2025-06-30,2025-08-01,611.0,call,15.92,15.98,15.95,16.68,42,215,0.15146,0.63896,32,617.85
2025-06-30,2025-08-01,611.0,put,7.12,7.16,7.14,6.78,67,320,0.15146,-0.36104,32,617.85
2025-06-30,2025-08-01,612.0,call,15.21,15.26,15.23,15.59,23,410,0.15146,0.62521,32,617.85
2025-06-30,2025-08-01,612.0,put,7.41,7.45,7.43,6.8,37,108,0.15146,-0.37479,32,617.85
2025-06-30,2025-08-01,612.5,call,14.86,14.91,14.88,15.99,6,38,0.1417,0.62503,32,617.85
2025-06-30,2025-08-01,612.5,put,7.56,7.6,7.58,7.45,3,34,0.15146,-0.38171,32,617.85
2025-06-30,2025-08-01,613.0,call,14.51,14.56,14.54,15.22,43,359,0.1417,0.61764,32,617.85
2025-06-30,2025-08-01,613.0,put,7.71,7.76,7.73,7.28,140,713,0.15146,-0.38867,32,617.85
2025-06-30,2025-08-01,614.0,call,13.83,13.88,13.86,14.1,79,364,0.1417,0.60274,32,617.85
2025-06-30,2025-08-01,614.0,put,8.03,8.08,8.05,7.88,35,198,0.15146,-0.40267,32,617.85
2025-06-30,2025-08-01,615.0,call,13.16,13.21,13.19,13.13,271,753,0.1417,0.58771,32,617.85
2025-06-30,2025-08-01,615.0,put,8.37,8.41,8.39,8.41,1125,598,0.15146,-0.41677,32,617.85
2025-06-30,2025-08-01,616.0,call,12.5,12.55,12.53,13.3,344,295,0.1417,0.57257,32,617.85
2025-06-30,2025-08-01,616.0,put,8.72,8.76,8.74,8.58,900,104,0.15146,-0.43096,32,617.85
2025-06-30,2025-08-01,617.0,call,11.87,11.91,11.89,12.0,483,393,0.1417,0.55735,32,617.85
2025-06-30,2025-08-01,617.0,put,9.09,9.14,9.12,9.12,309,63,0.1417,-0.44265,32,617.85
2025-06-30,2025-08-01,618.0,call,11.24,11.29,11.27,11.49,441,156,0.1417,0.54208,32,617.85
2025-06-30,2025-08-01,618.0,put,9.47,9.52,9.5,9.21,57,16,0.1417,-0.45792,32,617.85
2025-06-30,2025-08-01,619.0,call,10.64,10.68,10.66,10.85,340,530,0.1417,0.52676,32,617.85
2025-06-30,2025-08-01,619.0,put,9.88,9.93,9.91,9.58,113,2,0.1417,-0.47324,32,617.85
2025-06-30,2025-08-01,620.0,call,10.05,10.09,10.07,10.18,1091,1112,0.13195,0.51108,32,617.85
2025-06-30,2025-08-01,620.0,put,10.3,10.35,10.32,10.2,131,66,0.1417,-0.48857,32,617.85
2025-06-30,2025-08-01,625.0,call,7.4,7.45,7.43,7.55,329,1047,0.13195,0.42944,32,617.85
2025-06-30,2025-08-01,625.0,put,12.71,12.77,12.74,11.95,46,43,0.1417,-0.56465,32,617.85
2025-06-30,2025-08-01,630.0,call,5.25,5.28,5.27,5.38,627,1194,0.13195,0.35132,32,617.85
2025-06-30,2025-08-01,630.0,put,14.92,16.45,15.68,14.71,37,95,0.13195,-0.64868,32,617.85
2025-06-30,2025-08-01,635.0,call,3.58,3.61,3.59,4.0,248,543,0.12219,0.26313,32,617.85
2025-06-30,2025-08-01,635.0,put,18.56,19.9,19.23,0.0,0,2,0.1417,-0.70578,32,617.85
2025-06-30,2025-08-01,640.0,call,2.34,2.36,2.35,2.4,486,1410,0.12219,0.19752,32,617.85
2025-06-30,2025-08-01,640.0,put,22.44,24.04,23.24,23.4,5,1,0.1417,-0.7667,32,617.85
2025-06-30,2025-08-01,645.0,call,1.47,1.5,1.48,1.53,407,900,0.12219,0.1433,32,617.85
2025-06-30,2025-08-01,645.0,put,26.75,28.53,27.64,0.0,0,0,0.15146,-0.80285,32,617.85
2025-06-30,2025-08-01,650.0,call,0.89,0.91,0.9,0.93,956,759,0.12219,0.10044,32,617.85
2025-06-30,2025-08-01,650.0,put,30.91,33.97,32.44,32.3,1,0,0.16122,-0.83129,32,617.85
2025-06-30,2025-08-01,655.0,call,0.53,0.54,0.54,0.62,702,244,0.11244,0.05227,32,617.85
2025-06-30,2025-08-01,655.0,put,35.91,38.97,37.44,0.0,0,0,0.18073,-0.83975,32,617.85
2025-06-30,2025-08-01,660.0,call,0.31,0.32,0.32,0.33,523,379,0.11244,0.03204,32,617.85
2025-06-30,2025-08-01,660.0,put,40.85,43.97,42.41,0.0,0,0,0.20024,-0.846,32,617.85
2025-06-30,2025-08-01,665.0,call,0.18,0.19,0.18,0.22,101,71,0.11244,0.01884,32,617.85
2025-06-30,2025-08-01,665.0,put,45.85,48.97,47.41,0.0,0,0,0.21,-0.86228,32,617.85
2025-06-30,2025-08-01,670.0,call,0.11,0.12,0.11,0.13,50,556,0.12219,0.01714,32,617.85
2025-06-30,2025-08-01,670.0,put,50.91,53.97,52.44,0.0,0,0,0.22951,-0.8649,32,617.85
2025-06-30,2025-08-01,675.0,call,0.08,0.09,0.08,0.09,26,39,0.12219,0.01011,32,617.85
2025-06-30,2025-08-01,675.0,put,55.91,58.97,57.44,0.0,0,0,0.24902,-0.86682,32,617.85
2025-06-30,2025-08-01,680.0,call,0.05,0.07,0.06,0.08,2,51,0.13195,0.00973,32,617.85
2025-06-30,2025-08-01,680.0,put,60.91,63.97,62.44,0.0,0,0,0.25877,-0.8776,32,617.85
2025-06-30,2025-08-01,685.0,call,0.04,0.05,0.04,0.05,1,44,0.13195,0.0058,32,617.85
2025-06-30,2025-08-01,685.0,put,65.91,68.97,67.44,0.0,0,0,0.27829,-0.87796,32,617.85
2025-06-30,2025-08-01,690.0,call,0.03,0.04,0.04,0.04,9,117,0.1417,0.00585,32,617.85
2025-06-30,2025-08-01,690.0,put,70.85,73.97,72.41,0.0,0,0,0.28804,-0.88644,32,617.85
2025-06-30,2025-08-01,695.0,call,0.03,0.04,0.04,0.04,2,100,0.15146,0.00592,32,617.85
2025-06-30,2025-08-01,695.0,put,75.91,78.97,77.44,0.0,0,0,0.30755,-0.88588,32,617.85
2025-06-30,2025-08-01,700.0,call,0.03,0.04,0.04,0.03,67,257,0.15146,0.00372,32,617.85
2025-06-30,2025-08-01,700.0,put,80.85,83.97,82.41,83.3,1,1,0.31731,-0.89275,32,617.85
2025-06-30,2025-08-08,375.0,call,243.05,246.11,244.58,0.0,0,0,0.01488,1.0,39,617.85
2025-06-30,2025-08-08,375.0,put,0.08,0.09,0.08,0.1,6,122,0.56121,-0.00226,39,617.85
2025-06-30,2025-08-08,380.0,call,238.08,241.2,239.64,0.0,0,0,0.51243,0.99871,39,617.85
2025-06-30,2025-08-08,380.0,put,0.09,0.1,0.1,0.11,200,1,0.56121,-0.00283,39,617.85
2025-06-30,2025-08-08,385.0,call,233.11,236.23,234.67,0.0,0,0,0.50267,0.9986,39,617.85
2025-06-30,2025-08-08,385.0,put,0.1,0.11,0.11,0.0,0,0,0.55145,-0.00307,39,617.85
2025-06-30,2025-08-08,390.0,call,228.14,231.27,229.7,0.0,0,0,0.49292,0.99849,39,617.85
2025-06-30,2025-08-08,390.0,put,0.1,0.11,0.11,0.0,0,0,0.54169,-0.00333,39,617.85
2025-06-30,2025-08-08,395.0,call,223.17,226.24,224.7,0.0,0,0,0.45389,0.9991,39,617.85
2025-06-30,2025-08-08,395.0,put,0.11,0.12,0.11,0.0,0,0,0.52218,-0.00313,39,617.85
2025-06-30,2025-08-08,400.0,call,218.21,221.33,219.77,0.0,0,0,0.49292,0.99751,39,617.85
2025-06-30,2025-08-08,400.0,put,0.12,0.13,0.12,0.0,0,14,0.51243,-0.00339,39,617.85
2025-06-30,2025-08-08,405.0,call,213.24,216.37,214.81,0.0,0,0,0.48316,0.9973,39,617.85
2025-06-30,2025-08-08,405.0,put,0.13,0.14,0.14,0.0,0,0,0.51243,-0.00423,39,617.85
2025-06-30,2025-08-08,410.0,call,208.28,211.4,209.84,0.0,0,0,0.48316,0.99658,39,617.85
2025-06-30,2025-08-08,410.0,put,0.14,0.15,0.15,0.0,0,0,0.50267,-0.00458,39,617.85
2025-06-30,2025-08-08,415.0,call,203.31,206.44,204.88,0.0,0,0,0.4734,0.99631,39,617.85
2025-06-30,2025-08-08,415.0,put,0.15,0.16,0.15,0.0,0,0,0.49292,-0.00495,39,617.85
2025-06-30,2025-08-08,420.0,call,198.37,201.47,199.92,0.0,0,0,0.46365,0.99601,39,617.85
2025-06-30,2025-08-08,420.0,put,0.16,0.17,0.17,0.18,4,0,0.48316,-0.00535,39,617.85
2025-06-30,2025-08-08,425.0,call,193.38,196.45,194.91,0.0,0,0,0.44414,0.99634,39,617.85
2025-06-30,2025-08-08,425.0,put,0.17,0.18,0.17,0.17,8,0,0.4734,-0.00578,39,617.85
2025-06-30,2025-08-08,430.0,call,188.42,191.49,189.95,0.0,0,0,0.43438,0.99605,39,617.85
2025-06-30,2025-08-08,430.0,put,0.18,0.19,0.18,0.21,10,0,0.45389,-0.00541,39,617.85
2025-06-30,2025-08-08,435.0,call,183.46,186.53,185.0,0.0,0,0,0.43438,0.99499,39,617.85
2025-06-30,2025-08-08,435.0,put,0.19,0.21,0.2,0.22,1,0,0.45389,-0.00675,39,617.85
2025-06-30,2025-08-08,440.0,call,178.5,181.57,180.03,0.0,0,0,0.42462,0.99459,39,617.85
2025-06-30,2025-08-08,440.0,put,0.21,0.22,0.21,0.0,0,0,0.44414,-0.00729,39,617.85
2025-06-30,2025-08-08,445.0,call,173.54,176.61,175.07,0.0,0,0,0.41487,0.99416,39,617.85
2025-06-30,2025-08-08,445.0,put,0.22,0.23,0.23,0.25,201,1,0.43438,-0.00787,39,617.85
2025-06-30,2025-08-08,450.0,call,168.58,171.7,170.14,0.0,0,0,0.41487,0.99265,39,617.85
2025-06-30,2025-08-08,450.0,put,0.24,0.25,0.24,0.25,7,1,0.42462,-0.0085,39,617.85
2025-06-30,2025-08-08,455.0,call,163.62,166.75,165.19,0.0,0,0,0.40511,0.99206,39,617.85
2025-06-30,2025-08-08,455.0,put,0.25,0.27,0.26,0.3,1,0,0.41487,-0.00919,39,617.85
2025-06-30,2025-08-08,460.0,call,158.66,161.73,160.19,0.0,0,0,0.39536,0.99142,39,617.85
2025-06-30,2025-08-08,460.0,put,0.27,0.28,0.28,0.31,20,20,0.40511,-0.00993,39,617.85
2025-06-30,2025-08-08,465.0,call,153.7,156.78,155.24,0.0,0,0,0.3856,0.99073,39,617.85
2025-06-30,2025-08-08,465.0,put,0.29,0.3,0.29,0.0,0,4,0.39536,-0.01074,39,617.85
2025-06-30,2025-08-08,470.0,call,148.75,151.82,150.28,0.0,0,0,0.37584,0.98997,39,617.85
2025-06-30,2025-08-08,470.0,put,0.31,0.33,0.32,0.0,0,0,0.3856,-0.01161,39,617.85
2025-06-30,2025-08-08,475.0,call,143.8,146.87,145.34,0.0,0,0,0.36609,0.98915,39,617.85
2025-06-30,2025-08-08,475.0,put,0.34,0.35,0.34,0.0,0,3,0.37584,-0.01257,39,617.85
2025-06-30,2025-08-08,480.0,call,138.77,141.95,140.36,139.76,1263,0,0.35633,0.98826,39,617.85
2025-06-30,2025-08-08,480.0,put,0.36,0.37,0.36,0.0,0,50,0.36609,-0.01362,39,617.85
2025-06-30,2025-08-08,485.0,call,133.9,136.97,135.44,0.0,0,0,0.34658,0.98727,39,617.85
2025-06-30,2025-08-08,485.0,put,0.39,0.4,0.4,0.42,8,10,0.35633,-0.01476,39,617.85
2025-06-30,2025-08-08,490.0,call,128.95,132.08,130.51,0.0,0,0,0.34658,0.98398,39,617.85
2025-06-30,2025-08-08,490.0,put,0.42,0.43,0.42,0.46,53,7,0.34658,-0.01602,39,617.85
2025-06-30,2025-08-08,495.0,call,124.0,127.14,125.57,0.0,0,0,0.33682,0.9826,39,617.85
2025-06-30,2025-08-08,495.0,put,0.45,0.46,0.46,0.0,0,7,0.33682,-0.0174,39,617.85
2025-06-30,2025-08-08,500.0,call,119.05,122.14,120.59,0.0,0,0,0.32707,0.98107,39,617.85
2025-06-30,2025-08-08,500.0,put,0.48,0.49,0.48,0.47,31,25,0.32707,-0.01893,39,617.85
2025-06-30,2025-08-08,505.0,call,114.12,117.2,115.66,114.48,1,0,0.31731,0.97937,39,617.85
2025-06-30,2025-08-08,505.0,put,0.52,0.53,0.53,0.0,0,1,0.31731,-0.02063,39,617.85
2025-06-30,2025-08-08,510.0,call,109.18,112.27,110.72,0.0,0,0,0.30755,0.97749,39,617.85
2025-06-30,2025-08-08,510.0,put,0.56,0.57,0.56,0.0,0,1,0.30755,-0.02251,39,617.85
2025-06-30,2025-08-08,515.0,call,104.25,107.34,105.8,0.0,0,0,0.2978,0.97539,39,617.85
2025-06-30,2025-08-08,515.0,put,0.61,0.62,0.61,0.69,45,4,0.2978,-0.02461,39,617.85
2025-06-30,2025-08-08,520.0,call,99.32,102.47,100.89,0.0,0,0,0.28804,0.97304,39,617.85
2025-06-30,2025-08-08,520.0,put,0.66,0.67,0.67,0.77,7,5,0.28804,-0.02696,39,617.85
2025-06-30,2025-08-08,525.0,call,94.41,97.5,95.95,0.0,0,0,0.27829,0.97039,39,617.85
2025-06-30,2025-08-08,525.0,put,0.72,0.73,0.72,0.82,3,1,0.27829,-0.02961,39,617.85
2025-06-30,2025-08-08,530.0,call,89.5,92.59,91.05,0.0,0,0,0.26853,0.9674,39,617.85
2025-06-30,2025-08-08,530.0,put,0.79,0.8,0.8,0.0,0,11,0.27829,-0.03735,39,617.85
2025-06-30,2025-08-08,535.0,call,84.6,87.73,86.16,0.0,0,0,0.25877,0.964,39,617.85
2025-06-30,2025-08-08,535.0,put,0.87,0.88,0.88,0.9,58,9,0.26853,-0.0412,39,617.85
2025-06-30,2025-08-08,540.0,call,79.72,82.82,81.27,79.22,0,2,0.25877,0.9544,39,617.85
2025-06-30,2025-08-08,540.0,put,0.97,0.98,0.97,1.04,14,11,0.25877,-0.0456,39,617.85
2025-06-30,2025-08-08,545.0,call,74.86,77.91,76.38,0.0,0,0,0.24902,0.94938,39,617.85
2025-06-30,2025-08-08,545.0,put,1.08,1.1,1.09,1.08,41,358,0.24902,-0.05062,39,617.85
2025-06-30,2025-08-08,550.0,call,70.03,73.07,71.55,0.0,0,0,0.23926,0.94359,39,617.85
2025-06-30,2025-08-08,550.0,put,1.22,1.24,1.23,1.18,18,96,0.23926,-0.05641,39,617.85
2025-06-30,2025-08-08,555.0,call,65.21,68.22,66.72,0.0,0,0,0.22951,0.93689,39,617.85
2025-06-30,2025-08-08,555.0,put,1.4,1.41,1.4,1.35,32,6,0.22951,-0.06311,39,617.85
2025-06-30,2025-08-08,560.0,call,61.71,61.86,61.78,61.17,18,0,0.21975,0.92907,39,617.85
2025-06-30,2025-08-08,560.0,put,1.6,1.62,1.61,1.57,58,21,0.22951,-0.07933,39,617.85
2025-06-30,2025-08-08,565.0,call,56.98,57.13,57.05,55.71,1,1,0.21,0.9199,39,617.85
2025-06-30,2025-08-08,565.0,put,1.84,1.87,1.85,1.87,34,30,0.21975,-0.08928,39,617.85
2025-06-30,2025-08-08,570.0,call,52.3,52.45,52.38,52.2,4,1,0.20024,0.90905,39,617.85
2025-06-30,2025-08-08,570.0,put,2.14,2.16,2.15,2.0,159,43,0.21,-0.10097,39,617.85
2025-06-30,2025-08-08,575.0,call,47.68,47.81,47.75,47.28,3,2,0.20024,0.88523,39,617.85
2025-06-30,2025-08-08,575.0,put,2.49,2.52,2.5,2.34,279,6361,0.20024,-0.11477,39,617.85
2025-06-30,2025-08-08,580.0,call,43.11,43.25,43.18,42.43,4,1,0.19048,0.8688,39,617.85
2025-06-30,2025-08-08,580.0,put,2.9,2.93,2.92,2.8,193,123,0.20024,-0.14248,39,617.85
2025-06-30,2025-08-08,585.0,call,38.62,38.75,38.69,0.0,0,0,0.18073,0.84912,39,617.85
2025-06-30,2025-08-08,585.0,put,3.39,3.42,3.41,3.26,148,68,0.19048,-0.16283,39,617.85
2025-06-30,2025-08-08,586.0,call,37.74,37.86,37.8,36.95,11,0,0.18073,0.84225,39,617.85
2025-06-30,2025-08-08,586.0,put,3.5,3.53,3.51,3.73,10,22,0.19048,-0.16968,39,617.85
2025-06-30,2025-08-08,587.0,call,36.85,36.98,36.91,35.91,1,0,0.18073,0.83519,39,617.85
2025-06-30,2025-08-08,587.0,put,3.61,3.65,3.63,3.8,3,7,0.19048,-0.17669,39,617.85
2025-06-30,2025-08-08,588.0,call,35.98,36.1,36.04,0.0,0,0,0.18073,0.82795,39,617.85
2025-06-30,2025-08-08,588.0,put,3.73,3.77,3.75,3.5,5,10,0.19048,-0.18387,39,617.85
2025-06-30,2025-08-08,589.0,call,35.1,35.22,35.16,0.0,0,0,0.18073,0.82051,39,617.85
2025-06-30,2025-08-08,589.0,put,3.85,3.89,3.87,4.03,4,15,0.18073,-0.17949,39,617.85
2025-06-30,2025-08-08,590.0,call,34.23,34.35,34.29,33.35,2,0,0.18073,0.81289,39,617.85
2025-06-30,2025-08-08,590.0,put,3.98,4.01,4.0,3.91,411,79,0.18073,-0.18711,39,617.85
2025-06-30,2025-08-08,591.0,call,33.37,33.48,33.42,33.15,1,1,0.18073,0.80509,39,617.85
2025-06-30,2025-08-08,591.0,put,4.11,4.14,4.12,4.04,11,2,0.18073,-0.19491,39,617.85
2025-06-30,2025-08-08,592.0,call,32.5,32.62,32.56,32.03,3,11,0.17097,0.80934,39,617.85
2025-06-30,2025-08-08,592.0,put,4.24,4.28,4.26,4.1,7,33,0.18073,-0.2029,39,617.85
2025-06-30,2025-08-08,593.0,call,31.65,31.76,31.7,31.41,4,0,0.17097,0.80102,39,617.85
2025-06-30,2025-08-08,593.0,put,4.38,4.42,4.4,4.18,5,18,0.18073,-0.21106,39,617.85
2025-06-30,2025-08-08,594.0,call,30.79,30.91,30.85,30.43,15,4,0.17097,0.7925,39,617.85
2025-06-30,2025-08-08,594.0,put,4.53,4.56,4.54,4.33,38,7,0.18073,-0.2194,39,617.85
2025-06-30,2025-08-08,595.0,call,29.95,30.06,30.0,29.42,1,11,0.17097,0.78378,39,617.85
2025-06-30,2025-08-08,595.0,put,4.68,4.72,4.7,4.7,45,76,0.18073,-0.22791,39,617.85
2025-06-30,2025-08-08,596.0,call,29.11,29.21,29.16,0.0,0,0,0.17097,0.77487,39,617.85
2025-06-30,2025-08-08,596.0,put,4.83,4.87,4.85,5.01,12,18,0.17097,-0.22513,39,617.85
2025-06-30,2025-08-08,597.0,call,28.27,28.37,28.32,0.0,0,0,0.17097,0.76577,39,617.85
2025-06-30,2025-08-08,597.0,put,4.99,5.03,5.01,4.98,4,14,0.17097,-0.23423,39,617.85
2025-06-30,2025-08-08,597.5,call,27.21,28.54,27.88,23.2,0,4,0.17097,0.76115,39,617.85
2025-06-30,2025-08-08,597.5,put,5.08,5.12,5.1,5.39,1,5,0.17097,-0.23885,39,617.85
2025-06-30,2025-08-08,598.0,call,27.44,27.54,27.49,25.78,0,2,0.17097,0.75648,39,617.85
2025-06-30,2025-08-08,598.0,put,5.16,5.2,5.18,5.17,10,11,0.17097,-0.24352,39,617.85
2025-06-30,2025-08-08,599.0,call,26.62,26.72,26.67,25.13,0,1,0.16122,0.75869,39,617.85
2025-06-30,2025-08-08,599.0,put,5.34,5.38,5.36,5.72,2,33,0.17097,-0.25298,39,617.85
2025-06-30,2025-08-08,600.0,call,25.8,25.9,25.85,26.2,90,39,0.16122,0.74871,39,617.85
2025-06-30,2025-08-08,600.0,put,5.52,5.56,5.54,5.52,128,6414,0.17097,-0.26262,39,617.85
2025-06-30,2025-08-08,601.0,call,24.99,25.09,25.04,23.17,0,2,0.16122,0.73854,39,617.85
2025-06-30,2025-08-08,601.0,put,5.71,5.75,5.73,6.1,3,22,0.17097,-0.27243,39,617.85
2025-06-30,2025-08-08,602.0,call,24.19,24.28,24.23,23.67,1,3,0.16122,0.72817,39,617.85
2025-06-30,2025-08-08,602.0,put,5.9,5.94,5.92,5.87,6,8,0.17097,-0.28239,39,617.85
2025-06-30,2025-08-08,602.5,call,23.17,24.46,23.82,0.0,0,0,0.16122,0.72292,39,617.85
2025-06-30,2025-08-08,602.5,put,6.0,6.04,6.02,6.45,1,1,0.16122,-0.27708,39,617.85
2025-06-30,2025-08-08,603.0,call,23.39,23.48,23.44,23.7,1,6,0.16122,0.71763,39,617.85
2025-06-30,2025-08-08,603.0,put,6.1,6.14,6.12,6.2,6,14,0.16122,-0.28237,39,617.85
2025-06-30,2025-08-08,604.0,call,22.61,22.69,22.65,23.67,6,2,0.16122,0.7069,39,617.85
2025-06-30,2025-08-08,604.0,put,6.31,6.36,6.33,6.29,5,24,0.16122,-0.2931,39,617.85
2025-06-30,2025-08-08,605.0,call,21.83,21.91,21.87,22.18,112,15,0.16122,0.69601,39,617.85
2025-06-30,2025-08-08,605.0,put,6.53,6.58,6.55,6.87,42,92,0.16122,-0.30399,39,617.85
2025-06-30,2025-08-08,606.0,call,21.05,21.13,21.09,20.23,0,4,0.15146,0.69475,39,617.85
2025-06-30,2025-08-08,606.0,put,6.76,6.8,6.78,6.59,7,18,0.16122,-0.31503,39,617.85
2025-06-30,2025-08-08,607.0,call,20.29,20.37,20.33,20.12,2,1,0.15146,0.68298,39,617.85
2025-06-30,2025-08-08,607.0,put,7.0,7.04,7.02,6.81,13,62,0.16122,-0.32623,39,617.85
2025-06-30,2025-08-08,607.5,call,19.39,20.45,19.92,14.57,0,2,0.15146,0.67704,39,617.85
2025-06-30,2025-08-08,607.5,put,7.12,7.16,7.14,7.5,1,2,0.16122,-0.33188,39,617.85
2025-06-30,2025-08-08,608.0,call,19.54,19.61,19.57,17.88,0,1,0.15146,0.67105,39,617.85
2025-06-30,2025-08-08,608.0,put,7.24,7.29,7.27,6.73,50,170,0.16122,-0.33757,39,617.85
2025-06-30,2025-08-08,609.0,call,18.79,18.86,18.82,18.76,1,75,0.15146,0.65896,39,617.85
2025-06-30,2025-08-08,609.0,put,7.5,7.55,7.53,7.95,4,41,0.16122,-0.34904,39,617.85
2025-06-30,2025-08-08,610.0,call,18.06,18.13,18.09,18.42,321,92,0.15146,0.64672,39,617.85
2025-06-30,2025-08-08,610.0,put,7.77,7.82,7.79,7.63,95,83,0.15146,-0.35328,39,617.85
2025-06-30,2025-08-08,611.0,call,17.34,17.4,17.37,18.18,21,140,0.15146,0.63435,39,617.85
2025-06-30,2025-08-08,611.0,put,8.05,8.1,8.07,7.57,31,59,0.15146,-0.36565,39,617.85
2025-06-30,2025-08-08,612.0,call,16.63,16.69,16.66,16.45,54,12,0.15146,0.62186,39,617.85
2025-06-30,2025-08-08,612.0,put,8.34,8.39,8.37,7.86,39,76,0.15146,-0.37814,39,617.85
2025-06-30,2025-08-08,612.5,call,15.31,16.95,16.13,16.57,1304,14,0.1417,0.62202,39,617.85
2025-06-30,2025-08-08,612.5,put,8.49,8.54,8.52,8.49,34,12,0.15146,-0.38443,39,617.85
2025-06-30,2025-08-08,613.0,call,15.93,15.99,15.96,16.41,14,144,0.1417,0.61531,39,617.85
2025-06-30,2025-08-08,613.0,put,8.65,8.7,8.68,8.48,4,49,0.15146,-0.39074,39,617.85
2025-06-30,2025-08-08,614.0,call,15.24,15.3,15.27,15.54,26,46,0.1417,0.60179,39,617.85
2025-06-30,2025-08-08,614.0,put,8.97,9.02,9.0,8.43,273,67,0.15146,-0.40344,39,617.85
2025-06-30,2025-08-08,615.0,call,14.57,14.62,14.59,14.7,453,195,0.1417,0.58818,39,617.85
2025-06-30,2025-08-08,615.0,put,9.3,9.35,9.32,9.13,116,95,0.15146,-0.41621,39,617.85
2025-06-30,2025-08-08,616.0,call,13.91,13.96,13.94,14.55,161,62,0.1417,0.57448,39,617.85
2025-06-30,2025-08-08,616.0,put,9.65,9.7,9.68,9.25,195,63,0.15146,-0.42906,39,617.85
2025-06-30,2025-08-08,617.0,call,13.27,13.32,13.29,13.9,308,37,0.1417,0.56071,39,617.85
2025-06-30,2025-08-08,617.0,put,10.01,10.06,10.04,10.02,581,8,0.15146,-0.44196,39,617.85
2025-06-30,2025-08-08,617.5,call,12.95,13.0,12.97,13.19,15,19,0.1417,0.5538,39,617.85
2025-06-30,2025-08-08,617.5,put,10.2,10.25,10.22,10.04,4,1,0.1417,-0.4462,39,617.85
2025-06-30,2025-08-08,618.0,call,12.64,12.68,12.66,12.91,123,44,0.1417,0.54689,39,617.85
2025-06-30,2025-08-08,618.0,put,10.39,10.44,10.41,10.17,200,0,0.1417,-0.45311,39,617.85
2025-06-30,2025-08-08,619.0,call,12.02,12.07,12.04,12.3,63,118,0.1417,0.53303,39,617.85
2025-06-30,2025-08-08,619.0,put,10.78,10.84,10.81,10.36,61,1,0.1417,-0.46697,39,617.85
2025-06-30,2025-08-08,620.0,call,11.42,11.47,11.45,11.55,154,82,0.1417,0.51916,39,617.85
2025-06-30,2025-08-08,620.0,put,11.2,11.25,11.22,11.22,154,128,0.1417,-0.48084,39,617.85
2025-06-30,2025-08-08,625.0,call,8.69,8.73,8.71,9.48,241,56,0.13195,0.44515,39,617.85
2025-06-30,2025-08-08,625.0,put,13.54,13.6,13.57,13.0,9,2,0.1417,-0.54988,39,617.85
2025-06-30,2025-08-08,630.0,call,6.4,6.44,6.42,6.68,231,66,0.13195,0.37347,39,617.85
2025-06-30,2025-08-08,630.0,put,15.67,17.09,16.38,16.22,3,1,0.1417,-0.61691,39,617.85
2025-06-30,2025-08-08,635.0,call,4.56,4.6,4.58,5.12,160,143,0.12219,0.29127,39,617.85
2025-06-30,2025-08-08,635.0,put,18.8,20.68,19.74,18.5,10,0,0.1417,-0.68012,39,617.85
2025-06-30,2025-08-08,640.0,call,3.14,3.17,3.16,3.29,374,75,0.12219,0.22782,39,617.85
2025-06-30,2025-08-08,640.0,put,22.39,24.43,23.41,0.0,0,0,0.1417,-0.73806,39,617.85
2025-06-30,2025-08-08,645.0,call,2.09,2.12,2.1,2.38,276,112,0.12219,0.17339,39,617.85
2025-06-30,2025-08-08,645.0,put,26.95,28.67,27.81,27.55,7,5,0.15146,-0.7735,39,617.85
2025-06-30,2025-08-08,650.0,call,1.34,1.37,1.35,1.43,213,60,0.11244,0.10824,39,617.85
2025-06-30,2025-08-08,650.0,put,30.85,34.0,32.42,0.0,0,0,0.16122,-0.80191,39,617.85
2025-06-30,2025-08-08,655.0,call,0.84,0.86,0.85,0.97,138,55,0.11244,0.07431,39,617.85
2025-06-30,2025-08-08,655.0,put,35.91,38.97,37.44,0.0,0,0,0.17097,-0.82486,39,617.85
2025-06-30,2025-08-08,660.0,call,0.51,0.53,0.52,0.58,453,276,0.11244,0.04933,39,617.85
2025-06-30,2025-08-08,660.0,put,40.85,43.97,42.41,0.0,0,0,0.19048,-0.83007,39,617.85
2025-06-30,2025-08-08,665.0,call,0.32,0.33,0.33,0.32,474,259,0.11244,0.03168,39,617.85
2025-06-30,2025-08-08,665.0,put,45.91,48.97,47.44,0.0,0,0,0.20024,-0.84617,39,617.85
2025-06-30,2025-08-08,670.0,call,0.19,0.2,0.2,0.22,55,61,0.11244,0.01967,39,617.85
2025-06-30,2025-08-08,670.0,put,50.91,53.97,52.44,0.0,0,0,0.21975,-0.84797,39,617.85
2025-06-30,2025-08-08,675.0,call,0.12,0.13,0.12,0.14,2,9,0.11244,0.01182,39,617.85
2025-06-30,2025-08-08,675.0,put,55.91,58.97,57.44,0.0,0,0,0.22951,-0.85994,39,617.85
2025-06-30,2025-08-08,680.0,call,0.08,0.1,0.09,0.09,10,3,0.12219,0.01179,39,617.85
2025-06-30,2025-08-08,680.0,put,60.91,63.97,62.44,0.0,0,0,0.24902,-0.85992,39,617.85
2025-06-30,2025-08-08,685.0,call,0.06,0.07,0.07,0.09,1,1,0.12219,0.0072,39,617.85
2025-06-30,2025-08-08,685.0,put,65.91,68.97,67.44,0.0,0,0,0.25877,-0.86922,39,617.85
2025-06-30,2025-08-08,690.0,call,0.05,0.06,0.06,0.07,14,10,0.13195,0.00751,39,617.85
2025-06-30,2025-08-08,690.0,put,70.91,73.97,72.44,0.0,0,0,0.27829,-0.86817,39,617.85
2025-06-30,2025-08-08,695.0,call,0.04,0.05,0.04,0.0,0,0,0.13195,0.00467,39,617.85
2025-06-30,2025-08-08,695.0,put,75.91,78.97,77.44,0.0,0,0,0.28804,-0.87565,39,617.85
2025-06-30,2025-08-08,700.0,call,0.03,0.04,0.04,0.05,13,0,0.1417,0.00506,39,617.85
2025-06-30,2025-08-08,700.0,put,80.85,83.97,82.41,83.33,1,0,0.2978,-0.88223,39,617.85
2025-06-30,2025-08-15,245.0,call,372.74,374.96,373.85,356.16,0,11,0.01488,1.0,46,617.85
2025-06-30,2025-08-15,245.0,put,0.02,0.03,0.03,0.02,17,8406,0.84413,-0.00057,46,617.85
2025-06-30,2025-08-15,250.0,call,367.7,369.96,368.83,306.79,0,10,0.01488,1.0,46,617.85
2025-06-30,2025-08-15,250.0,put,0.02,0.03,0.03,0.03,1,1624,0.82461,-0.00057,46,617.85
2025-06-30,2025-08-15,255.0,call,362.84,365.01,363.92,0.0,0,0,0.01488,1.0,46,617.85
2025-06-30,2025-08-15,255.0,put,0.02,0.03,0.03,0.03,4,1297,0.8051,-0.00056,46,617.85
2025-06-30,2025-08-15,260.0,call,357.89,360.05,358.97,349.72,0,4,0.01488,1.0,46,617.85
2025-06-30,2025-08-15,260.0,put,0.02,0.03,0.03,0.03,2,7587,0.79535,-0.00063,46,617.85
2025-06-30,2025-08-15,265.0,call,352.79,354.99,353.89,287.0,0,12,0.01488,1.0,46,617.85
2025-06-30,2025-08-15,265.0,put,0.02,0.03,0.03,0.03,300,1193,0.77583,-0.00062,46,617.85
2025-06-30,2025-08-15,270.0,call,348.2,350.14,349.17,221.25,0,10,0.01488,1.0,46,617.85
2025-06-30,2025-08-15,270.0,put,0.02,0.03,0.03,0.03,205,14677,0.75632,-0.0006,46,617.85
2025-06-30,2025-08-15,275.0,call,343.13,345.16,344.14,334.6,0,4,0.01488,1.0,46,617.85
2025-06-30,2025-08-15,275.0,put,0.02,0.03,0.03,0.03,810,4959,0.74657,-0.00067,46,617.85
2025-06-30,2025-08-15,280.0,call,338.54,339.37,338.96,319.74,0,150,0.01488,1.0,46,617.85
2025-06-30,2025-08-15,280.0,put,0.03,0.04,0.04,0.04,459,9475,0.74657,-0.00085,46,617.85
2025-06-30,2025-08-15,285.0,call,332.9,335.21,334.05,0.0,0,0,0.01488,1.0,46,617.85
2025-06-30,2025-08-15,285.0,put,0.04,0.05,0.04,0.05,1300,10741,0.72706,-0.00082,46,617.85
2025-06-30,2025-08-15,290.0,call,328.4,330.26,329.33,303.55,0,0,0.01488,1.0,46,617.85
2025-06-30,2025-08-15,290.0,put,0.04,0.05,0.04,0.05,465,2796,0.7173,-0.00091,46,617.85
2025-06-30,2025-08-15,295.0,call,323.11,325.27,324.19,284.0,0,2,0.01488,1.0,46,617.85
2025-06-30,2025-08-15,295.0,put,0.04,0.05,0.04,0.05,95,1425,0.69779,-0.00087,46,617.85
2025-06-30,2025-08-15,300.0,call,318.42,320.32,319.37,300.31,0,8,0.01488,1.0,46,617.85
2025-06-30,2025-08-15,300.0,put,0.05,0.06,0.06,0.05,111,4949,0.70754,-0.00125,46,617.85
2025-06-30,2025-08-15,305.0,call,313.39,315.41,314.4,259.87,0,31,0.01488,1.0,46,617.85
2025-06-30,2025-08-15,305.0,put,0.05,0.06,0.06,0.0,0,6112,0.69779,-0.00137,46,617.85
2025-06-30,2025-08-15,310.0,call,308.03,310.44,309.24,254.97,0,26,0.01488,1.0,46,617.85
2025-06-30,2025-08-15,310.0,put,0.05,0.06,0.06,0.06,481,3314,0.67828,-0.00132,46,617.85
2025-06-30,2025-08-15,315.0,call,303.51,305.4,304.45,230.0,0,8,0.01488,1.0,46,617.85
2025-06-30,2025-08-15,315.0,put,0.05,0.06,0.06,0.06,121,837,0.66852,-0.00144,46,617.85
2025-06-30,2025-08-15,320.0,call,298.48,300.5,299.49,278.83,0,9,0.01488,1.0,46,617.85
2025-06-30,2025-08-15,320.0,put,0.05,0.06,0.06,0.06,605,2469,0.64901,-0.00137,46,617.85
2025-06-30,2025-08-15,325.0,call,293.6,295.54,294.57,278.79,0,1,0.01488,1.0,46,617.85
2025-06-30,2025-08-15,325.0,put,0.06,0.07,0.07,0.0,0,1513,0.64901,-0.00171,46,617.85
2025-06-30,2025-08-15,330.0,call,288.55,290.53,289.54,269.15,0,10,0.01488,1.0,46,617.85
2025-06-30,2025-08-15,330.0,put,0.06,0.07,0.07,0.07,4,3800,0.6295,-0.00163,46,617.85
2025-06-30,2025-08-15,335.0,call,283.54,285.63,284.59,253.11,0,40,0.01488,1.0,46,617.85
2025-06-30,2025-08-15,335.0,put,0.07,0.08,0.08,0.07,2,3314,0.61974,-0.00177,46,617.85
2025-06-30,2025-08-15,340.0,call,278.43,280.6,279.51,248.37,0,25,0.01488,1.0,46,617.85
2025-06-30,2025-08-15,340.0,put,0.07,0.08,0.08,0.09,2183,2384,0.60999,-0.00192,46,617.85
2025-06-30,2025-08-15,345.0,call,273.26,275.67,274.47,202.0,0,9,0.01488,1.0,46,617.85
2025-06-30,2025-08-15,345.0,put,0.08,0.09,0.08,0.0,0,4362,0.60023,-0.00207,46,617.85
2025-06-30,2025-08-15,350.0,call,268.7,270.52,269.61,250.09,0,54,0.01488,1.0,46,617.85
2025-06-30,2025-08-15,350.0,put,0.08,0.09,0.08,0.1,12,4649,0.58072,-0.00195,46,617.85
2025-06-30,2025-08-15,355.0,call,263.66,265.75,264.71,209.77,0,1,0.01488,1.0,46,617.85
2025-06-30,2025-08-15,355.0,put,0.09,0.1,0.1,0.11,5,1134,0.58072,-0.00242,46,617.85
2025-06-30,2025-08-15,360.0,call,258.45,260.78,259.62,245.19,0,14,0.01488,1.0,46,617.85
2025-06-30,2025-08-15,360.0,put,0.1,0.11,0.11,0.11,400,8798,0.57096,-0.00261,46,617.85
2025-06-30,2025-08-15,365.0,call,253.8,255.75,254.78,142.14,0,5,0.01488,1.0,46,617.85
2025-06-30,2025-08-15,365.0,put,0.11,0.12,0.11,0.13,10,2300,0.56121,-0.00281,46,617.85
2025-06-30,2025-08-15,370.0,call,248.48,250.81,249.64,240.32,0,31,0.01488,1.0,46,617.85
2025-06-30,2025-08-15,370.0,put,0.11,0.12,0.11,0.13,84,3284,0.55145,-0.00303,46,617.85
2025-06-30,2025-08-15,375.0,call,243.78,245.85,244.81,167.63,0,2,0.01488,1.0,46,617.85
2025-06-30,2025-08-15,375.0,put,0.12,0.13,0.12,0.15,10,3365,0.54169,-0.00325,46,617.85
2025-06-30,2025-08-15,380.0,call,238.63,240.87,239.75,186.54,0,2,0.01488,1.0,46,617.85
2025-06-30,2025-08-15,380.0,put,0.13,0.14,0.14,0.14,400,5045,0.53194,-0.0035,46,617.85
2025-06-30,2025-08-15,385.0,call,234.0,236.0,235.0,216.5,0,12,0.4734,0.99831,46,617.85
2025-06-30,2025-08-15,385.0,put,0.14,0.15,0.15,0.17,2,1001,0.52218,-0.00375,46,617.85
2025-06-30,2025-08-15,390.0,call,228.95,230.94,229.94,155.77,0,10,0.01488,1.0,46,617.85
2025-06-30,2025-08-15,390.0,put,0.15,0.16,0.15,0.17,100,1572,0.51243,-0.00402,46,617.85
2025-06-30,2025-08-15,395.0,call,224.04,226.0,225.02,207.57,0,11,0.41487,0.99918,46,617.85
2025-06-30,2025-08-15,395.0,put,0.16,0.17,0.17,0.19,1008,5147,0.50267,-0.00431,46,617.85
2025-06-30,2025-08-15,400.0,call,219.03,221.04,220.03,218.85,0,88,0.34658,0.99986,46,617.85
2025-06-30,2025-08-15,400.0,put,0.17,0.18,0.17,0.18,1063,12724,0.49292,-0.00462,46,617.85
2025-06-30,2025-08-15,405.0,call,214.18,216.04,215.11,194.61,0,80,0.42462,0.99821,46,617.85
2025-06-30,2025-08-15,405.0,put,0.19,0.2,0.2,0.21,120,1134,0.49292,-0.00567,46,617.85
2025-06-30,2025-08-15,410.0,call,208.77,210.99,209.88,191.86,0,70,0.01488,1.0,46,617.85
2025-06-30,2025-08-15,410.0,put,0.2,0.21,0.21,0.24,71,77133,0.48316,-0.00606,46,617.85
2025-06-30,2025-08-15,415.0,call,204.15,206.25,205.2,182.77,0,641,0.42462,0.99703,46,617.85
2025-06-30,2025-08-15,415.0,put,0.21,0.22,0.21,0.21,309,5144,0.46365,-0.00565,46,617.85
2025-06-30,2025-08-15,420.0,call,199.88,200.39,200.13,193.58,0,909,0.01488,1.0,46,617.85
2025-06-30,2025-08-15,420.0,put,0.22,0.23,0.23,0.23,7,4010,0.46365,-0.00694,46,617.85
2025-06-30,2025-08-15,425.0,call,194.92,195.45,195.19,188.85,0,143,0.35633,0.99891,46,617.85
2025-06-30,2025-08-15,425.0,put,0.24,0.25,0.24,0.27,12,52211,0.45389,-0.00742,46,617.85
2025-06-30,2025-08-15,427.0,call,192.21,194.25,193.23,142.54,0,5,0.37584,0.99799,46,617.85
2025-06-30,2025-08-15,427.0,put,0.24,0.25,0.24,0.0,0,570,0.44414,-0.00701,46,617.85
2025-06-30,2025-08-15,428.0,call,191.0,193.29,192.14,138.63,0,4,0.01488,1.0,46,617.85
2025-06-30,2025-08-15,428.0,put,0.25,0.26,0.26,0.0,0,799,0.44414,-0.00731,46,617.85
2025-06-30,2025-08-15,429.0,call,189.98,192.27,191.12,140.21,0,3,0.01488,1.0,46,617.85
2025-06-30,2025-08-15,429.0,put,0.25,0.26,0.26,0.0,0,448,0.44414,-0.00761,46,617.85
2025-06-30,2025-08-15,430.0,call,189.34,191.41,190.38,171.54,0,275,0.42462,0.99407,46,617.85
2025-06-30,2025-08-15,430.0,put,0.25,0.26,0.26,0.26,39,79835,0.44414,-0.00793,46,617.85
2025-06-30,2025-08-15,431.0,call,188.22,190.2,189.21,138.79,0,4,0.32707,0.99933,46,617.85
2025-06-30,2025-08-15,431.0,put,0.25,0.27,0.26,0.3,2,1871,0.44414,-0.00825,46,617.85
2025-06-30,2025-08-15,432.0,call,187.11,189.13,188.12,132.99,0,1,0.01488,1.0,46,617.85
2025-06-30,2025-08-15,432.0,put,0.26,0.27,0.27,0.0,0,1461,0.44414,-0.00859,46,617.85
2025-06-30,2025-08-15,433.0,call,186.38,188.37,187.38,135.5,0,3,0.41487,0.99421,46,617.85
2025-06-30,2025-08-15,433.0,put,0.26,0.27,0.27,0.26,2,632,0.43438,-0.00781,46,617.85
2025-06-30,2025-08-15,434.0,call,185.44,187.32,186.38,131.31,0,1,0.41487,0.99394,46,617.85
2025-06-30,2025-08-15,434.0,put,0.26,0.27,0.27,0.3,200,615,0.43438,-0.00813,46,617.85
2025-06-30,2025-08-15,435.0,call,184.13,186.33,185.23,184.29,0,46,0.31731,0.99936,46,617.85
2025-06-30,2025-08-15,435.0,put,0.27,0.28,0.28,0.0,0,786,0.43438,-0.00847,46,617.85
2025-06-30,2025-08-15,436.0,call,183.34,185.43,184.38,154.02,0,105,0.40511,0.99436,46,617.85
2025-06-30,2025-08-15,436.0,put,0.27,0.28,0.28,0.27,1,777,0.43438,-0.00882,46,617.85
2025-06-30,2025-08-15,437.0,call,182.33,184.39,183.36,155.07,0,64,0.39536,0.99501,46,617.85
2025-06-30,2025-08-15,437.0,put,0.27,0.28,0.28,0.0,0,807,0.42462,-0.008,46,617.85
2025-06-30,2025-08-15,438.0,call,181.4,183.38,182.39,88.08,0,24,0.39536,0.99477,46,617.85
2025-06-30,2025-08-15,438.0,put,0.28,0.29,0.29,0.31,4,418,0.42462,-0.00834,46,617.85
2025-06-30,2025-08-15,439.0,call,180.4,182.38,181.39,85.62,0,3,0.39536,0.99452,46,617.85
2025-06-30,2025-08-15,439.0,put,0.28,0.29,0.29,0.0,0,556,0.42462,-0.00869,46,617.85
2025-06-30,2025-08-15,440.0,call,179.43,181.44,180.44,172.91,0,98,0.40511,0.99325,46,617.85
2025-06-30,2025-08-15,440.0,put,0.28,0.29,0.29,0.29,48,4161,0.42462,-0.00905,46,617.85
2025-06-30,2025-08-15,441.0,call,178.2,180.41,179.31,124.86,0,4,0.35633,0.99721,46,617.85
2025-06-30,2025-08-15,441.0,put,0.29,0.3,0.29,0.0,0,519,0.42462,-0.00942,46,617.85
2025-06-30,2025-08-15,442.0,call,178.03,179.54,178.78,83.45,0,148,0.45389,0.98585,46,617.85
2025-06-30,2025-08-15,442.0,put,0.29,0.3,0.29,0.0,0,954,0.41487,-0.00854,46,617.85
2025-06-30,2025-08-15,443.0,call,176.4,178.43,177.42,81.72,0,56,0.3856,0.99443,46,617.85
2025-06-30,2025-08-15,443.0,put,0.3,0.31,0.3,0.0,0,1226,0.41487,-0.00891,46,617.85
2025-06-30,2025-08-15,444.0,call,175.22,177.48,176.35,99.76,0,64,0.35633,0.99672,46,617.85
2025-06-30,2025-08-15,444.0,put,0.3,0.31,0.3,0.0,0,689,0.41487,-0.00928,46,617.85
2025-06-30,2025-08-15,445.0,call,174.42,176.33,175.38,158.86,0,68,0.36609,0.99576,46,617.85
2025-06-30,2025-08-15,445.0,put,0.3,0.31,0.3,0.0,0,1863,0.41487,-0.00967,46,617.85
2025-06-30,2025-08-15,446.0,call,173.21,175.53,174.37,81.4,0,164,0.35633,0.99635,46,617.85
2025-06-30,2025-08-15,446.0,put,0.31,0.32,0.32,0.0,0,571,0.41487,-0.01007,46,617.85
2025-06-30,2025-08-15,447.0,call,172.27,174.39,173.33,74.7,0,51,0.32707,0.99809,46,617.85
2025-06-30,2025-08-15,447.0,put,0.31,0.32,0.32,0.0,0,674,0.41487,-0.01049,46,617.85
2025-06-30,2025-08-15,448.0,call,171.6,173.42,172.51,78.47,0,23,0.3856,0.99299,46,617.85
2025-06-30,2025-08-15,448.0,put,0.31,0.33,0.32,0.0,0,429,0.40511,-0.00951,46,617.85
2025-06-30,2025-08-15,449.0,call,170.6,172.41,171.5,72.5,0,22,0.3856,0.99266,46,617.85
2025-06-30,2025-08-15,449.0,put,0.32,0.33,0.33,0.32,73,1001,0.40511,-0.00992,46,617.85
2025-06-30,2025-08-15,450.0,call,169.47,170.64,170.06,165.2,0,624,0.01488,1.0,46,617.85
2025-06-30,2025-08-15,450.0,put,0.32,0.33,0.33,0.33,45,14937,0.40511,-0.01033,46,617.85
2025-06-30,2025-08-15,451.0,call,168.6,170.5,169.55,138.95,0,11,0.3856,0.99198,46,617.85
2025-06-30,2025-08-15,451.0,put,0.33,0.34,0.34,0.33,75,381,0.40511,-0.01076,46,617.85
2025-06-30,2025-08-15,452.0,call,167.6,169.49,168.55,76.54,0,5,0.3856,0.99161,46,617.85
2025-06-30,2025-08-15,452.0,put,0.33,0.34,0.34,0.0,0,848,0.40511,-0.01121,46,617.85
2025-06-30,2025-08-15,453.0,call,166.15,168.41,167.28,118.87,0,44,0.01488,1.0,46,617.85
2025-06-30,2025-08-15,453.0,put,0.34,0.35,0.34,0.0,0,476,0.39536,-0.01016,46,617.85
2025-06-30,2025-08-15,454.0,call,165.51,167.42,166.46,141.02,0,10,0.35633,0.99449,46,617.85
2025-06-30,2025-08-15,454.0,put,0.34,0.35,0.34,0.0,0,5053,0.39536,-0.01059,46,617.85
2025-06-30,2025-08-15,455.0,call,164.26,166.54,165.4,165.19,1,87,0.32707,0.99693,46,617.85
2025-06-30,2025-08-15,455.0,put,0.34,0.36,0.35,0.35,28,151857,0.39536,-0.01104,46,617.85
2025-06-30,2025-08-15,456.0,call,163.52,165.57,164.55,142.52,0,31,0.36609,0.99274,46,617.85
2025-06-30,2025-08-15,456.0,put,0.35,0.36,0.35,0.0,0,121,0.39536,-0.01151,46,617.85
2025-06-30,2025-08-15,457.0,call,162.53,164.61,163.57,114.01,0,5,0.37584,0.99105,46,617.85
2025-06-30,2025-08-15,457.0,put,0.35,0.36,0.35,0.0,0,896,0.39536,-0.01198,46,617.85
2025-06-30,2025-08-15,458.0,call,161.6,163.58,162.59,132.21,0,15,0.37584,0.99065,46,617.85
2025-06-30,2025-08-15,458.0,put,0.36,0.37,0.36,0.0,0,812,0.39536,-0.01248,46,617.85
2025-06-30,2025-08-15,459.0,call,160.21,162.55,161.38,114.69,0,10,0.2978,0.99823,46,617.85
2025-06-30,2025-08-15,459.0,put,0.36,0.37,0.36,0.42,4,3483,0.3856,-0.01132,46,617.85
2025-06-30,2025-08-15,460.0,call,159.24,161.55,160.4,150.44,0,100,0.30755,0.9975,46,617.85
2025-06-30,2025-08-15,460.0,put,0.37,0.38,0.38,0.37,19,4094,0.3856,-0.0118,46,617.85
2025-06-30,2025-08-15,461.0,call,158.64,160.56,159.6,109.9,0,4,0.36609,0.99087,46,617.85
2025-06-30,2025-08-15,461.0,put,0.37,0.38,0.38,0.0,0,1352,0.3856,-0.0123,46,617.85
2025-06-30,2025-08-15,462.0,call,157.3,159.66,158.48,137.87,0,6,0.32707,0.99545,46,617.85
2025-06-30,2025-08-15,462.0,put,0.38,0.39,0.39,0.0,0,476,0.3856,-0.01281,46,617.85
2025-06-30,2025-08-15,463.0,call,156.4,158.62,157.51,104.12,0,3,0.33682,0.9941,46,617.85
2025-06-30,2025-08-15,463.0,put,0.38,0.39,0.39,0.44,4,583,0.3856,-0.01335,46,617.85
2025-06-30,2025-08-15,464.0,call,155.72,157.6,156.66,155.9,1,2,0.36609,0.98957,46,617.85
2025-06-30,2025-08-15,464.0,put,0.39,0.4,0.4,0.0,0,1120,0.3856,-0.0139,46,617.85
2025-06-30,2025-08-15,465.0,call,154.93,156.7,155.81,136.14,0,137,0.3856,0.98554,46,617.85
2025-06-30,2025-08-15,465.0,put,0.39,0.4,0.4,0.4,31,107604,0.37584,-0.01262,46,617.85
2025-06-30,2025-08-15,466.0,call,153.35,155.6,154.47,105.53,0,3,0.30755,0.99641,46,617.85
2025-06-30,2025-08-15,466.0,put,0.4,0.41,0.41,0.41,2,725,0.37584,-0.01316,46,617.85
2025-06-30,2025-08-15,467.0,call,152.8,154.72,153.76,129.07,0,7,0.36609,0.98811,46,617.85
2025-06-30,2025-08-15,467.0,put,0.4,0.41,0.41,0.0,0,1171,0.37584,-0.01371,46,617.85
2025-06-30,2025-08-15,468.0,call,151.35,153.66,152.5,124.88,0,28,0.31731,0.99493,46,617.85
2025-06-30,2025-08-15,468.0,put,0.41,0.42,0.41,0.41,1,928,0.37584,-0.01428,46,617.85
2025-06-30,2025-08-15,469.0,call,150.71,152.64,151.68,103.49,0,9,0.34658,0.99052,46,617.85
2025-06-30,2025-08-15,469.0,put,0.41,0.43,0.42,0.41,1,700,0.37584,-0.01487,46,617.85
2025-06-30,2025-08-15,470.0,call,149.72,151.53,150.62,148.76,0,29,0.33682,0.99164,46,617.85
2025-06-30,2025-08-15,470.0,put,0.42,0.43,0.42,0.47,16,13871,0.36609,-0.0135,46,617.85
2025-06-30,2025-08-15,471.0,call,148.8,150.65,149.73,127.09,0,9,0.35633,0.98783,46,617.85
2025-06-30,2025-08-15,471.0,put,0.42,0.44,0.43,0.42,2,602,0.36609,-0.01408,46,617.85
2025-06-30,2025-08-15,472.0,call,147.83,149.73,148.78,102.19,0,8,0.35633,0.98729,46,617.85
2025-06-30,2025-08-15,472.0,put,0.43,0.44,0.43,0.0,0,785,0.36609,-0.01467,46,617.85
2025-06-30,2025-08-15,473.0,call,146.84,148.63,147.74,99.39,0,11,0.34658,0.98861,46,617.85
2025-06-30,2025-08-15,473.0,put,0.44,0.45,0.45,0.45,8,852,0.36609,-0.01529,46,617.85
2025-06-30,2025-08-15,474.0,call,145.39,147.69,146.54,74.41,0,4,0.30755,0.99433,46,617.85
2025-06-30,2025-08-15,474.0,put,0.44,0.45,0.45,0.44,2,1750,0.36609,-0.01592,46,617.85
2025-06-30,2025-08-15,475.0,call,144.74,146.73,145.74,140.26,0,94,0.33682,0.9894,46,617.85
2025-06-30,2025-08-15,475.0,put,0.45,0.46,0.46,0.44,49,155003,0.36609,-0.01658,46,617.85
2025-06-30,2025-08-15,476.0,call,143.8,145.75,144.78,91.45,0,2,0.34658,0.98699,46,617.85
2025-06-30,2025-08-15,476.0,put,0.45,0.47,0.46,0.45,1,679,0.35633,-0.01507,46,617.85
2025-06-30,2025-08-15,477.0,call,142.75,144.79,143.77,95.62,0,7,0.33682,0.98837,46,617.85
2025-06-30,2025-08-15,477.0,put,0.46,0.47,0.46,0.51,5,1547,0.35633,-0.01571,46,617.85
2025-06-30,2025-08-15,478.0,call,141.88,143.78,142.83,121.78,0,10,0.34658,0.9858,46,617.85
2025-06-30,2025-08-15,478.0,put,0.47,0.48,0.47,0.46,1,1216,0.35633,-0.01638,46,617.85
2025-06-30,2025-08-15,479.0,call,140.84,142.86,141.85,52.78,0,5,0.34658,0.98518,46,617.85
2025-06-30,2025-08-15,479.0,put,0.47,0.48,0.47,0.0,0,994,0.35633,-0.01706,46,617.85
2025-06-30,2025-08-15,480.0,call,140.49,140.96,140.73,131.89,0,1452,0.32707,0.98868,46,617.85
2025-06-30,2025-08-15,480.0,put,0.48,0.49,0.48,0.48,148,7613,0.35633,-0.01777,46,617.85
2025-06-30,2025-08-15,481.0,call,138.5,140.88,139.69,122.45,0,7,0.31731,0.99003,46,617.85
2025-06-30,2025-08-15,481.0,put,0.48,0.5,0.49,0.48,87,700,0.34658,-0.01614,46,617.85
2025-06-30,2025-08-15,482.0,call,137.81,139.85,138.83,121.05,0,3,0.32707,0.98757,46,617.85
2025-06-30,2025-08-15,482.0,put,0.49,0.5,0.49,0.54,12,665,0.34658,-0.01684,46,617.85
2025-06-30,2025-08-15,483.0,call,136.79,138.83,137.81,111.62,0,4,0.32707,0.98698,46,617.85
2025-06-30,2025-08-15,483.0,put,0.5,0.51,0.51,0.49,1,705,0.34658,-0.01755,46,617.85
2025-06-30,2025-08-15,484.0,call,135.91,137.82,136.87,85.68,0,1,0.32707,0.98637,46,617.85
2025-06-30,2025-08-15,484.0,put,0.5,0.52,0.51,0.5,1,398,0.34658,-0.01829,46,617.85
2025-06-30,2025-08-15,485.0,call,134.85,136.93,135.89,116.38,0,54,0.32707,0.98574,46,617.85
2025-06-30,2025-08-15,485.0,put,0.51,0.52,0.52,0.5,11,5911,0.34658,-0.01906,46,617.85
2025-06-30,2025-08-15,486.0,call,133.69,135.71,134.7,117.56,0,15,0.2978,0.99123,46,617.85
2025-06-30,2025-08-15,486.0,put,0.52,0.53,0.53,0.51,2,648,0.34658,-0.01985,46,617.85
2025-06-30,2025-08-15,487.0,call,132.6,134.78,133.69,114.55,0,96,0.2978,0.99075,46,617.85
2025-06-30,2025-08-15,487.0,put,0.53,0.54,0.54,0.52,8,855,0.33682,-0.01805,46,617.85
2025-06-30,2025-08-15,488.0,call,131.67,133.75,132.71,50.0,0,15,0.2978,0.99026,46,617.85
2025-06-30,2025-08-15,488.0,put,0.53,0.54,0.54,0.6,91,1116,0.33682,-0.01883,46,617.85
2025-06-30,2025-08-15,489.0,call,130.9,132.99,131.94,129.18,0,22,0.32707,0.98297,46,617.85
2025-06-30,2025-08-15,489.0,put,0.54,0.55,0.55,0.53,93,413,0.33682,-0.01963,46,617.85
2025-06-30,2025-08-15,490.0,call,129.76,131.92,130.84,130.03,2,98,0.30755,0.98706,46,617.85
2025-06-30,2025-08-15,490.0,put,0.55,0.56,0.56,0.54,561,8035,0.33682,-0.02046,46,617.85
2025-06-30,2025-08-15,491.0,call,128.69,130.85,129.77,113.42,0,5,0.2978,0.98864,46,617.85
2025-06-30,2025-08-15,491.0,put,0.55,0.57,0.56,0.55,398,452,0.33682,-0.02132,46,617.85
2025-06-30,2025-08-15,492.0,call,127.95,129.98,128.97,109.64,0,11,0.31731,0.98328,46,617.85
2025-06-30,2025-08-15,492.0,put,0.56,0.57,0.56,0.55,22,331,0.32707,-0.01938,46,617.85
2025-06-30,2025-08-15,493.0,call,127.62,128.14,127.88,100.78,0,270,0.30755,0.98508,46,617.85
2025-06-30,2025-08-15,493.0,put,0.57,0.58,0.57,0.56,292,543,0.32707,-0.02022,46,617.85
2025-06-30,2025-08-15,494.0,call,126.01,127.98,127.0,60.7,0,14,0.31731,0.98172,46,617.85
2025-06-30,2025-08-15,494.0,put,0.58,0.59,0.58,0.57,154,1416,0.32707,-0.02109,46,617.85
2025-06-30,2025-08-15,495.0,call,125.0,127.09,126.05,116.96,0,104,0.31731,0.9809,46,617.85
2025-06-30,2025-08-15,495.0,put,0.59,0.6,0.59,0.58,71,2879,0.32707,-0.02199,46,617.85
2025-06-30,2025-08-15,496.0,call,123.96,126.01,124.98,78.67,0,13,0.30755,0.98285,46,617.85
2025-06-30,2025-08-15,496.0,put,0.59,0.61,0.6,0.59,677,1493,0.32707,-0.02291,46,617.85
2025-06-30,2025-08-15,497.0,call,122.71,125.02,123.86,106.88,0,25,0.28804,0.98723,46,617.85
2025-06-30,2025-08-15,497.0,put,0.6,0.62,0.61,0.59,17,1145,0.31731,-0.02083,46,617.85
2025-06-30,2025-08-15,498.0,call,121.68,124.06,122.87,103.71,0,62,0.28804,0.98656,46,617.85
2025-06-30,2025-08-15,498.0,put,0.61,0.62,0.61,0.61,22,947,0.31731,-0.02174,46,617.85
2025-06-30,2025-08-15,499.0,call,121.2,123.05,122.12,101.7,0,53,0.30755,0.98036,46,617.85
2025-06-30,2025-08-15,499.0,put,0.62,0.63,0.62,0.62,15,572,0.31731,-0.02268,46,617.85
2025-06-30,2025-08-15,500.0,call,120.12,122.14,121.13,111.8,0,917,0.30755,0.97947,46,617.85
2025-06-30,2025-08-15,500.0,put,0.62,0.63,0.62,0.62,2187,97861,0.31731,-0.02365,46,617.85
2025-06-30,2025-08-15,501.0,call,119.2,121.08,120.14,96.85,0,15,0.30755,0.97855,46,617.85
2025-06-30,2025-08-15,501.0,put,0.64,0.65,0.65,0.63,132,575,0.31731,-0.02466,46,617.85
2025-06-30,2025-08-15,502.0,call,117.98,119.84,118.91,77.78,0,440,0.27829,0.98632,46,617.85
2025-06-30,2025-08-15,502.0,put,0.65,0.66,0.66,0.64,189,1140,0.31731,-0.0257,46,617.85
2025-06-30,2025-08-15,503.0,call,117.66,118.85,118.25,102.15,0,123,0.30755,0.9766,46,617.85
2025-06-30,2025-08-15,503.0,put,0.66,0.67,0.67,0.64,94,696,0.30755,-0.0234,46,617.85
2025-06-30,2025-08-15,504.0,call,116.2,118.15,117.18,90.01,0,73,0.30755,0.97558,46,617.85
2025-06-30,2025-08-15,504.0,put,0.67,0.68,0.68,0.65,212,743,0.30755,-0.02442,46,617.85
2025-06-30,2025-08-15,505.0,call,115.8,117.31,116.56,96.66,0,1763,0.32707,0.96727,46,617.85
2025-06-30,2025-08-15,505.0,put,0.68,0.69,0.69,0.66,145,54762,0.30755,-0.02548,46,617.85
2025-06-30,2025-08-15,506.0,call,114.84,115.37,115.11,85.17,0,119,0.28804,0.98018,46,617.85
2025-06-30,2025-08-15,506.0,put,0.69,0.7,0.69,0.67,126,751,0.30755,-0.02657,46,617.85
2025-06-30,2025-08-15,507.0,call,113.17,115.3,114.23,112.04,0,212,0.2978,0.97586,46,617.85
2025-06-30,2025-08-15,507.0,put,0.7,0.71,0.7,0.68,335,674,0.30755,-0.02771,46,617.85
2025-06-30,2025-08-15,508.0,call,111.83,114.19,113.01,98.56,0,34,0.27829,0.98152,46,617.85
2025-06-30,2025-08-15,508.0,put,0.71,0.72,0.71,0.69,119,1037,0.2978,-0.02522,46,617.85
2025-06-30,2025-08-15,509.0,call,111.28,112.37,111.83,64.17,0,358,0.24902,0.98922,46,617.85
2025-06-30,2025-08-15,509.0,put,0.72,0.73,0.72,0.7,120,1198,0.2978,-0.02634,46,617.85
2025-06-30,2025-08-15,510.0,call,110.49,112.32,111.41,112.5,2,567,0.30755,0.96867,46,617.85
2025-06-30,2025-08-15,510.0,put,0.73,0.74,0.73,0.71,501,9986,0.2978,-0.02749,46,617.85
2025-06-30,2025-08-15,511.0,call,109.33,110.97,110.15,89.81,0,425,0.27829,0.97865,46,617.85
2025-06-30,2025-08-15,511.0,put,0.74,0.75,0.74,0.73,141,1026,0.2978,-0.02868,46,617.85
2025-06-30,2025-08-15,512.0,call,108.57,110.39,109.48,108.5,0,102,0.2978,0.97008,46,617.85
2025-06-30,2025-08-15,512.0,put,0.75,0.77,0.76,0.74,253,609,0.2978,-0.02992,46,617.85
2025-06-30,2025-08-15,513.0,call,107.46,109.28,108.37,106.45,0,76,0.28804,0.97277,46,617.85
2025-06-30,2025-08-15,513.0,put,0.76,0.78,0.77,0.75,119,808,0.2978,-0.03119,46,617.85
2025-06-30,2025-08-15,514.0,call,106.34,108.41,107.38,86.3,0,202,0.28804,0.97155,46,617.85
2025-06-30,2025-08-15,514.0,put,0.78,0.79,0.79,0.76,117,1043,0.2978,-0.03251,46,617.85
2025-06-30,2025-08-15,515.0,call,105.32,106.5,105.91,105.94,1,422,0.23926,0.98779,46,617.85
2025-06-30,2025-08-15,515.0,put,0.79,0.8,0.8,0.78,136,6073,0.28804,-0.02971,46,617.85
2025-06-30,2025-08-15,516.0,call,104.97,105.49,105.23,86.68,0,192,0.26853,0.97695,46,617.85
2025-06-30,2025-08-15,516.0,put,0.8,0.82,0.81,0.79,74,2013,0.28804,-0.03101,46,617.85
2025-06-30,2025-08-15,517.0,call,103.23,105.45,104.34,87.23,0,137,0.27829,0.97183,46,617.85
2025-06-30,2025-08-15,517.0,put,0.82,0.83,0.82,0.81,70,3681,0.28804,-0.03236,46,617.85
2025-06-30,2025-08-15,518.0,call,102.83,104.11,103.47,83.45,0,215,0.28804,0.96625,46,617.85
2025-06-30,2025-08-15,518.0,put,0.83,0.84,0.83,0.81,119,2175,0.28804,-0.03375,46,617.85
2025-06-30,2025-08-15,519.0,call,101.57,103.38,102.47,100.43,0,81,0.27829,0.96921,46,617.85
2025-06-30,2025-08-15,519.0,put,0.84,0.86,0.85,0.83,249,1500,0.28804,-0.03519,46,617.85
2025-06-30,2025-08-15,520.0,call,100.43,101.57,101.0,95.45,0,526,0.23926,0.98368,46,617.85
2025-06-30,2025-08-15,520.0,put,0.86,0.87,0.86,0.84,187,100176,0.27829,-0.03217,46,617.85
2025-06-30,2025-08-15,521.0,call,99.96,100.61,100.28,84.39,0,1269,0.25877,0.97508,46,617.85
2025-06-30,2025-08-15,521.0,put,0.87,0.89,0.88,0.85,68,831,0.27829,-0.03359,46,617.85
2025-06-30,2025-08-15,522.0,call,99.28,99.43,99.36,99.83,11,356,0.26853,0.96949,46,617.85
2025-06-30,2025-08-15,522.0,put,0.89,0.9,0.9,0.88,72,1884,0.27829,-0.03507,46,617.85
2025-06-30,2025-08-15,523.0,call,98.3,98.45,98.38,98.16,1,246,0.25877,0.97254,46,617.85
2025-06-30,2025-08-15,523.0,put,0.91,0.92,0.92,0.88,67,2620,0.27829,-0.03659,46,617.85
2025-06-30,2025-08-15,524.0,call,97.32,97.48,97.4,97.86,10,203,0.25877,0.9712,46,617.85
2025-06-30,2025-08-15,524.0,put,0.92,0.94,0.93,0.9,142,1190,0.27829,-0.03817,46,617.85
2025-06-30,2025-08-15,525.0,call,96.34,96.5,96.42,97.02,7,478,0.25877,0.96981,46,617.85
2025-06-30,2025-08-15,525.0,put,0.94,0.95,0.94,0.93,3644,16270,0.27829,-0.0398,46,617.85
2025-06-30,2025-08-15,526.0,call,95.37,95.52,95.44,77.12,0,1300,0.25877,0.96836,46,617.85
2025-06-30,2025-08-15,526.0,put,0.96,0.97,0.96,0.95,267,2016,0.26853,-0.03647,46,617.85
2025-06-30,2025-08-15,527.0,call,94.39,94.55,94.47,77.69,0,475,0.25877,0.96687,46,617.85
2025-06-30,2025-08-15,527.0,put,0.97,0.99,0.98,0.99,75,1167,0.26853,-0.03809,46,617.85
2025-06-30,2025-08-15,528.0,call,93.42,93.57,93.5,77.41,0,427,0.25877,0.96531,46,617.85
2025-06-30,2025-08-15,528.0,put,0.99,1.01,1.0,0.99,121,1408,0.26853,-0.03977,46,617.85
2025-06-30,2025-08-15,529.0,call,92.44,92.6,92.52,87.79,0,501,0.25877,0.9637,46,617.85
2025-06-30,2025-08-15,529.0,put,1.01,1.03,1.02,0.99,171,972,0.26853,-0.0415,46,617.85
2025-06-30,2025-08-15,530.0,call,91.47,91.62,91.55,90.96,2,1033,0.25877,0.96204,46,617.85
2025-06-30,2025-08-15,530.0,put,1.03,1.05,1.04,1.03,391,10610,0.26853,-0.04329,46,617.85
2025-06-30,2025-08-15,531.0,call,90.49,90.64,90.56,78.14,0,507,0.24902,0.96558,46,617.85
2025-06-30,2025-08-15,531.0,put,1.05,1.07,1.06,1.01,510,4631,0.26853,-0.04514,46,617.85
2025-06-30,2025-08-15,532.0,call,89.52,89.68,89.6,88.44,1,437,0.24902,0.96393,46,617.85
2025-06-30,2025-08-15,532.0,put,1.07,1.09,1.08,1.05,92,1410,0.25877,-0.04147,46,617.85
2025-06-30,2025-08-15,533.0,call,88.55,88.7,88.62,88.06,1,320,0.24902,0.96221,46,617.85
2025-06-30,2025-08-15,533.0,put,1.1,1.11,1.1,1.07,157,1961,0.25877,-0.04332,46,617.85
2025-06-30,2025-08-15,534.0,call,87.58,87.73,87.66,82.58,0,427,0.24902,0.96044,46,617.85
2025-06-30,2025-08-15,534.0,put,1.12,1.13,1.12,1.1,165,3064,0.25877,-0.04523,46,617.85
2025-06-30,2025-08-15,535.0,call,86.61,86.76,86.69,86.1,3,3368,0.24902,0.95859,46,617.85
2025-06-30,2025-08-15,535.0,put,1.14,1.16,1.15,1.15,405,6193,0.25877,-0.0472,46,617.85
2025-06-30,2025-08-15,536.0,call,85.64,85.79,85.72,68.09,0,824,0.24902,0.95669,46,617.85
2025-06-30,2025-08-15,536.0,put,1.17,1.18,1.17,1.13,88,1215,0.25877,-0.04924,46,617.85
2025-06-30,2025-08-15,537.0,call,84.67,84.82,84.75,64.51,0,594,0.24902,0.95471,46,617.85
2025-06-30,2025-08-15,537.0,put,1.19,1.21,1.2,1.14,80,1145,0.25877,-0.05134,46,617.85
2025-06-30,2025-08-15,538.0,call,83.7,83.85,83.78,68.3,0,935,0.23926,0.95872,46,617.85
2025-06-30,2025-08-15,538.0,put,1.22,1.23,1.23,1.18,79,2418,0.25877,-0.05351,46,617.85
2025-06-30,2025-08-15,539.0,call,82.73,82.89,82.81,66.43,0,1669,0.23926,0.95675,46,617.85
2025-06-30,2025-08-15,539.0,put,1.25,1.26,1.25,1.19,683,2283,0.24902,-0.04944,46,617.85
2025-06-30,2025-08-15,540.0,call,81.77,81.92,81.84,80.76,5,3363,0.23926,0.9547,46,617.85
2025-06-30,2025-08-15,540.0,put,1.28,1.29,1.29,1.26,1671,31686,0.24902,-0.05162,46,617.85
2025-06-30,2025-08-15,541.0,call,80.8,80.95,80.88,70.85,0,1243,0.23926,0.95259,46,617.85
2025-06-30,2025-08-15,541.0,put,1.31,1.32,1.31,1.25,669,3020,0.24902,-0.05387,46,617.85
2025-06-30,2025-08-15,542.0,call,79.84,79.99,79.91,79.18,1,1394,0.23926,0.9504,46,617.85
2025-06-30,2025-08-15,542.0,put,1.33,1.35,1.34,1.3,119,11401,0.24902,-0.05619,46,617.85
2025-06-30,2025-08-15,543.0,call,78.88,79.02,78.95,78.7,10,770,0.23926,0.94814,46,617.85
2025-06-30,2025-08-15,543.0,put,1.36,1.38,1.37,1.3,74,1113,0.24902,-0.05859,46,617.85
2025-06-30,2025-08-15,544.0,call,77.91,78.06,77.98,77.13,1,862,0.23926,0.9458,46,617.85
2025-06-30,2025-08-15,544.0,put,1.39,1.41,1.4,1.34,319,1927,0.24902,-0.06106,46,617.85
2025-06-30,2025-08-15,545.0,call,76.95,77.1,77.03,76.65,5,1731,0.23926,0.94338,46,617.85
2025-06-30,2025-08-15,545.0,put,1.43,1.44,1.44,1.41,1039,12629,0.24902,-0.06361,46,617.85
2025-06-30,2025-08-15,546.0,call,75.99,76.14,76.06,71.36,0,737,0.22951,0.94793,46,617.85
2025-06-30,2025-08-15,546.0,put,1.47,1.48,1.48,1.4,684,3319,0.23926,-0.05912,46,617.85
2025-06-30,2025-08-15,547.0,call,75.04,75.18,75.11,72.02,0,906,0.22951,0.94549,46,617.85
2025-06-30,2025-08-15,547.0,put,1.5,1.52,1.51,1.43,69,1965,0.23926,-0.0617,46,617.85
2025-06-30,2025-08-15,548.0,call,74.08,74.23,74.16,73.25,4,488,0.22951,0.94297,46,617.85
2025-06-30,2025-08-15,548.0,put,1.53,1.55,1.54,1.47,57,1621,0.23926,-0.06436,46,617.85
2025-06-30,2025-08-15,549.0,call,73.12,73.27,73.19,72.28,4,511,0.22951,0.94036,46,617.85
2025-06-30,2025-08-15,549.0,put,1.57,1.59,1.58,1.51,89,4131,0.23926,-0.06711,46,617.85
2025-06-30,2025-08-15,550.0,call,72.17,72.31,72.24,72.15,21,4371,0.22951,0.93767,46,617.85
2025-06-30,2025-08-15,550.0,put,1.61,1.63,1.62,1.6,5878,56941,0.23926,-0.06994,46,617.85
2025-06-30,2025-08-15,551.0,call,71.21,71.36,71.28,70.81,1,495,0.22951,0.93488,46,617.85
2025-06-30,2025-08-15,551.0,put,1.65,1.67,1.66,1.59,55,2599,0.23926,-0.07285,46,617.85
2025-06-30,2025-08-15,552.0,call,70.26,70.41,70.34,69.86,2,1793,0.22951,0.93201,46,617.85
2025-06-30,2025-08-15,552.0,put,1.69,1.71,1.7,1.61,71,1632,0.23926,-0.07585,46,617.85
2025-06-30,2025-08-15,553.0,call,69.31,69.46,69.38,68.46,0,870,0.22951,0.92904,46,617.85
2025-06-30,2025-08-15,553.0,put,1.74,1.76,1.75,1.66,55,1957,0.22951,-0.07096,46,617.85
2025-06-30,2025-08-15,554.0,call,68.36,68.51,68.44,67.43,32,615,0.22951,0.92599,46,617.85
2025-06-30,2025-08-15,554.0,put,1.78,1.8,1.79,1.7,67,1481,0.22951,-0.07401,46,617.85
2025-06-30,2025-08-15,555.0,call,67.41,67.56,67.48,67.85,3,3622,0.21975,0.93111,46,617.85
2025-06-30,2025-08-15,555.0,put,1.83,1.85,1.84,1.82,2336,36065,0.22951,-0.07717,46,617.85
2025-06-30,2025-08-15,556.0,call,66.46,66.61,66.53,66.51,10,804,0.21975,0.92799,46,617.85
2025-06-30,2025-08-15,556.0,put,1.87,1.9,1.89,1.8,139,2784,0.22951,-0.08041,46,617.85
2025-06-30,2025-08-15,557.0,call,65.52,65.66,65.59,60.59,0,646,0.21975,0.92478,46,617.85
2025-06-30,2025-08-15,557.0,put,1.92,1.94,1.93,1.83,119,7052,0.22951,-0.08376,46,617.85
2025-06-30,2025-08-15,558.0,call,64.58,64.72,64.65,63.83,1,558,0.21975,0.92146,46,617.85
2025-06-30,2025-08-15,558.0,put,1.98,2.0,1.99,1.89,75,1302,0.22951,-0.0872,46,617.85
2025-06-30,2025-08-15,559.0,call,63.63,63.78,63.7,63.25,3,656,0.21975,0.91804,46,617.85
2025-06-30,2025-08-15,559.0,put,2.03,2.05,2.04,2.03,54,2127,0.22951,-0.09073,46,617.85
2025-06-30,2025-08-15,560.0,call,62.69,62.84,62.77,63.8,50,4730,0.21975,0.91452,46,617.85
2025-06-30,2025-08-15,560.0,put,2.08,2.1,2.09,2.11,548,39388,0.21975,-0.08548,46,617.85
2025-06-30,2025-08-15,561.0,call,61.75,61.9,61.83,52.46,0,1367,0.21975,0.91089,46,617.85
2025-06-30,2025-08-15,561.0,put,2.14,2.16,2.15,2.06,112,2357,0.21975,-0.08911,46,617.85
2025-06-30,2025-08-15,562.0,call,60.82,60.96,60.89,60.1,4,381,0.21,0.91642,46,617.85
2025-06-30,2025-08-15,562.0,put,2.19,2.22,2.21,2.08,119,1935,0.21975,-0.09285,46,617.85
2025-06-30,2025-08-15,563.0,call,59.88,60.02,59.95,59.18,2,914,0.21,0.91269,46,617.85
2025-06-30,2025-08-15,563.0,put,2.25,2.27,2.26,2.17,116,4069,0.21975,-0.09669,46,617.85
2025-06-30,2025-08-15,564.0,call,58.95,59.09,59.02,58.14,0,641,0.21,0.90885,46,617.85
2025-06-30,2025-08-15,564.0,put,2.31,2.34,2.33,2.21,85,3015,0.21975,-0.10064,46,617.85
2025-06-30,2025-08-15,565.0,call,58.02,58.15,58.09,58.49,17,1662,0.21,0.90489,46,617.85
2025-06-30,2025-08-15,565.0,put,2.38,2.4,2.39,2.39,2761,12685,0.21975,-0.10471,46,617.85
2025-06-30,2025-08-15,566.0,call,57.09,57.23,57.16,56.32,0,638,0.21,0.90082,46,617.85
2025-06-30,2025-08-15,566.0,put,2.44,2.47,2.46,2.36,86,3497,0.21975,-0.10888,46,617.85
2025-06-30,2025-08-15,567.0,call,56.16,56.3,56.23,55.24,3,1426,0.21,0.89663,46,617.85
2025-06-30,2025-08-15,567.0,put,2.51,2.53,2.52,2.42,1135,8763,0.21,-0.10337,46,617.85
2025-06-30,2025-08-15,568.0,call,55.23,55.37,55.3,54.01,13,910,0.21,0.89231,46,617.85
2025-06-30,2025-08-15,568.0,put,2.58,2.6,2.59,2.51,65,2601,0.21,-0.10769,46,617.85
2025-06-30,2025-08-15,569.0,call,54.31,54.45,54.38,53.36,2,1254,0.21,0.88788,46,617.85
2025-06-30,2025-08-15,569.0,put,2.65,2.67,2.66,2.6,136,1967,0.21,-0.11212,46,617.85
2025-06-30,2025-08-15,570.0,call,53.39,53.53,53.46,55.0,42,4430,0.21,0.88332,46,617.85
2025-06-30,2025-08-15,570.0,put,2.72,2.75,2.74,2.74,1786,42821,0.21,-0.11668,46,617.85
2025-06-30,2025-08-15,571.0,call,52.47,52.6,52.53,50.57,0,764,0.20024,0.88908,46,617.85
2025-06-30,2025-08-15,571.0,put,2.8,2.82,2.81,2.67,111,1324,0.21,-0.12135,46,617.85
2025-06-30,2025-08-15,572.0,call,51.55,51.69,51.62,50.9,1,1102,0.20024,0.88435,46,617.85
2025-06-30,2025-08-15,572.0,put,2.88,2.9,2.89,2.78,116,3420,0.21,-0.12615,46,617.85
2025-06-30,2025-08-15,573.0,call,50.64,50.77,50.7,50.01,0,791,0.20024,0.87949,46,617.85
2025-06-30,2025-08-15,573.0,put,2.96,2.98,2.97,2.92,131,4481,0.21,-0.13107,46,617.85
2025-06-30,2025-08-15,574.0,call,49.73,49.86,49.8,50.51,14,1087,0.20024,0.8745,46,617.85
2025-06-30,2025-08-15,574.0,put,3.04,3.06,3.05,2.88,176,1542,0.21,-0.13611,46,617.85
2025-06-30,2025-08-15,575.0,call,48.82,48.95,48.89,49.37,37,3394,0.20024,0.86937,46,617.85
2025-06-30,2025-08-15,575.0,put,3.12,3.15,3.13,3.08,3843,17304,0.20024,-0.13063,46,617.85
2025-06-30,2025-08-15,576.0,call,47.91,48.04,47.97,49.22,35,1381,0.20024,0.86411,46,617.85
2025-06-30,2025-08-15,576.0,put,3.21,3.24,3.23,3.04,235,2022,0.20024,-0.13589,46,617.85
2025-06-30,2025-08-15,577.0,call,47.01,47.13,47.07,45.73,0,989,0.20024,0.85872,46,617.85
2025-06-30,2025-08-15,577.0,put,3.3,3.33,3.31,3.2,271,1394,0.20024,-0.14128,46,617.85
2025-06-30,2025-08-15,578.0,call,46.1,46.23,46.16,46.86,11,1843,0.19048,0.86443,46,617.85
2025-06-30,2025-08-15,578.0,put,3.4,3.42,3.41,3.33,161,3973,0.20024,-0.14681,46,617.85
2025-06-30,2025-08-15,579.0,call,45.21,45.33,45.27,44.64,3,1923,0.19048,0.85879,46,617.85
2025-06-30,2025-08-15,579.0,put,3.49,3.52,3.5,3.32,417,5157,0.20024,-0.15247,46,617.85
2025-06-30,2025-08-15,580.0,call,44.31,44.44,44.38,45.37,82,6619,0.19048,0.853,46,617.85
2025-06-30,2025-08-15,580.0,put,3.59,3.62,3.6,3.6,1436,35626,0.20024,-0.15826,46,617.85
2025-06-30,2025-08-15,585.0,call,39.88,40.0,39.94,41.43,52,4142,0.19048,0.82185,46,617.85
2025-06-30,2025-08-15,585.0,put,4.14,4.17,4.15,4.15,6342,33063,0.19048,-0.17815,46,617.85
2025-06-30,2025-08-15,590.0,call,35.54,35.65,35.59,35.99,204,10965,0.18073,0.79843,46,617.85
2025-06-30,2025-08-15,590.0,put,4.77,4.81,4.79,4.75,15051,24786,0.18073,-0.20157,46,617.85
2025-06-30,2025-08-15,595.0,call,31.31,31.41,31.36,32.54,114,9001,0.17097,0.77069,46,617.85
2025-06-30,2025-08-15,595.0,put,5.52,5.56,5.54,5.55,2880,34112,0.18073,-0.24056,46,617.85
2025-06-30,2025-08-15,600.0,call,27.21,27.29,27.25,27.55,240,30883,0.16122,0.73768,46,617.85
2025-06-30,2025-08-15,600.0,put,6.4,6.44,6.42,6.45,15953,44284,0.17097,-0.27317,46,617.85
2025-06-30,2025-08-15,605.0,call,23.26,23.34,23.3,23.33,420,13299,0.16122,0.68835,46,617.85
2025-06-30,2025-08-15,605.0,put,7.45,7.49,7.47,7.49,2331,12551,0.16122,-0.31165,46,617.85
2025-06-30,2025-08-15,610.0,call,19.52,19.58,19.55,19.5,1740,20400,0.15146,0.64289,46,617.85
2025-06-30,2025-08-15,610.0,put,8.71,8.75,8.73,8.76,3323,6637,0.16122,-0.36415,46,617.85
2025-06-30,2025-08-15,615.0,call,16.02,16.07,16.05,16.02,3731,19123,0.1417,0.58922,46,617.85
2025-06-30,2025-08-15,615.0,put,10.24,10.29,10.27,10.25,6140,3941,0.15146,-0.41513,46,617.85
2025-06-30,2025-08-15,620.0,call,12.84,12.88,12.86,12.9,3153,16946,0.1417,0.52574,46,617.85
2025-06-30,2025-08-15,620.0,put,12.11,12.16,12.13,12.2,975,5626,0.1417,-0.47426,46,617.85
2025-06-30,2025-08-15,625.0,call,10.03,10.07,10.05,10.05,4073,24166,0.13195,0.4579,46,617.85
2025-06-30,2025-08-15,625.0,put,14.37,14.43,14.4,14.36,164,737,0.1417,-0.53788,46,617.85
2025-06-30,2025-08-15,630.0,call,7.63,7.67,7.65,7.64,5339,29800,0.13195,0.39134,46,617.85
2025-06-30,2025-08-15,630.0,put,16.49,17.78,17.13,16.5,214,507,0.1417,-0.60005,46,617.85
2025-06-30,2025-08-15,635.0,call,5.64,5.68,5.66,5.82,1721,13040,0.12219,0.31431,46,617.85
2025-06-30,2025-08-15,635.0,put,19.85,20.89,20.37,20.44,40,254,0.1417,-0.65933,46,617.85
2025-06-30,2025-08-15,640.0,call,4.06,4.09,4.07,4.12,4024,11872,0.12219,0.25319,46,617.85
2025-06-30,2025-08-15,640.0,put,23.02,24.89,23.95,23.45,27,117,0.1417,-0.71449,46,617.85
2025-06-30,2025-08-15,645.0,call,2.83,2.86,2.84,2.92,1854,13935,0.12219,0.19937,46,617.85
2025-06-30,2025-08-15,645.0,put,27.31,28.92,28.12,26.75,19,16,0.1417,-0.76462,46,617.85
2025-06-30,2025-08-15,650.0,call,1.92,1.94,1.93,1.99,2170,18327,0.12219,0.15341,46,617.85
2025-06-30,2025-08-15,650.0,put,31.69,33.67,32.68,34.08,21,3,0.15146,-0.79248,46,617.85
2025-06-30,2025-08-15,655.0,call,1.27,1.29,1.28,1.32,2257,18186,0.12219,0.11535,46,617.85
2025-06-30,2025-08-15,655.0,put,36.54,38.4,37.47,0.0,0,0,0.17097,-0.80004,46,617.85
2025-06-30,2025-08-15,660.0,call,0.82,0.83,0.82,0.91,1080,9909,0.11244,0.06724,46,617.85
2025-06-30,2025-08-15,660.0,put,41.59,43.41,42.5,42.13,1,16,0.18073,-0.81898,46,617.85
2025-06-30,2025-08-15,665.0,call,0.52,0.54,0.53,0.53,155,5691,0.11244,0.04592,46,617.85
2025-06-30,2025-08-15,665.0,put,46.59,48.88,47.73,0.0,0,0,0.20024,-0.8218,46,617.85
2025-06-30,2025-08-15,670.0,call,0.33,0.34,0.34,0.39,837,5131,0.11244,0.0305,46,617.85
2025-06-30,2025-08-15,670.0,put,51.54,53.86,52.7,53.44,1,0,0.21975,-0.82375,46,617.85
2025-06-30,2025-08-15,675.0,call,0.22,0.23,0.23,0.24,579,4333,0.11244,0.01971,46,617.85
2025-06-30,2025-08-15,675.0,put,56.44,58.41,57.42,0.0,0,3,0.21975,-0.84733,46,617.85
2025-06-30,2025-08-15,680.0,call,0.14,0.15,0.15,0.16,273,4841,0.12219,0.0196,46,617.85
2025-06-30,2025-08-15,680.0,put,61.45,63.41,62.43,63.39,1,0,0.23926,-0.84654,46,617.85
2025-06-30,2025-08-15,685.0,call,0.1,0.11,0.11,0.12,555,6971,0.12219,0.01284,46,617.85
2025-06-30,2025-08-15,685.0,put,66.44,68.41,67.42,0.0,0,0,0.24902,-0.85569,46,617.85
2025-06-30,2025-08-15,690.0,call,0.07,0.08,0.08,0.09,28,7882,0.12219,0.00823,46,617.85
2025-06-30,2025-08-15,690.0,put,71.48,73.41,72.44,0.0,0,0,0.26853,-0.85398,46,617.85
2025-06-30,2025-08-15,695.0,call,0.05,0.06,0.06,0.08,74,3319,0.12219,0.00516,46,617.85
2025-06-30,2025-08-15,695.0,put,76.53,78.41,77.47,0.0,0,0,0.27829,-0.86135,46,617.85
2025-06-30,2025-08-15,700.0,call,0.04,0.05,0.04,0.05,627,11907,0.13195,0.00578,46,617.85
2025-06-30,2025-08-15,700.0,put,81.48,83.41,82.44,0.0,0,0,0.28804,-0.86786,46,617.85
2025-06-30,2025-08-15,705.0,call,0.03,0.04,0.04,0.05,204,1577,0.13195,0.00371,46,617.85
2025-06-30,2025-08-15,705.0,put,86.54,88.41,87.47,0.0,0,0,0.30755,-0.8652,46,617.85
2025-06-30,2025-08-15,710.0,call,0.03,0.04,0.04,0.05,853,2880,0.1417,0.00427,46,617.85
2025-06-30,2025-08-15,710.0,put,91.48,93.59,92.53,0.0,0,0,0.31731,-0.87063,46,617.85
2025-06-30,2025-08-15,715.0,call,0.02,0.03,0.03,0.03,25,518,0.1417,0.00281,46,617.85
2025-06-30,2025-08-15,715.0,put,96.53,98.41,97.47,0.0,0,0,0.32707,-0.87548,46,617.85
2025-06-30,2025-08-15,720.0,call,0.02,0.03,0.03,0.03,14,1462,0.15146,0.00329,46,617.85
2025-06-30,2025-08-15,720.0,put,101.48,103.41,102.44,0.0,0,0,0.33682,-0.87984,46,617.85
2025-06-30,2025-08-15,725.0,call,0.02,0.03,0.03,0.03,650,1647,0.16122,0.00379,46,617.85
2025-06-30,2025-08-15,725.0,put,106.44,108.41,107.42,0.0,0,0,0.34658,-0.88375,46,617.85
2025-06-30,2025-08-15,730.0,call,0.02,0.03,0.03,0.03,344,1467,0.16122,0.00263,46,617.85
2025-06-30,2025-08-15,730.0,put,111.54,113.41,112.47,0.0,0,0,0.36609,-0.8803,46,617.85
2025-06-30,2025-08-15,735.0,call,0.01,0.02,0.01,0.01,1,804,0.15146,0.00097,46,617.85
2025-06-30,2025-08-15,735.0,put,116.44,118.41,117.42,0.0,0,0,0.37584,-0.8837,46,617.85
2025-06-30,2025-08-15,740.0,call,0.01,0.02,0.01,0.02,14,192,0.16122,0.00123,46,617.85
2025-06-30,2025-08-15,740.0,put,121.56,123.41,122.48,0.0,0,0,0.3856,-0.88678,46,617.85
2025-06-30,2025-08-15,745.0,call,0.01,0.02,0.01,0.01,0,2192,0.16122,0.00083,46,617.85
2025-06-30,2025-08-15,745.0,put,126.54,128.41,127.47,0.0,0,0,0.39536,-0.88958,46,617.85
2025-06-30,2025-08-15,750.0,call,0.01,0.02,0.01,0.01,4,16406,0.17097,0.00106,46,617.85
2025-06-30,2025-08-15,750.0,put,131.54,133.41,132.47,0.0,0,0,0.40511,-0.89212,46,617.85
2025-06-30,2025-08-15,755.0,call,0.01,0.02,0.01,0.02,0,756,0.17097,0.00073,46,617.85
2025-06-30,2025-08-15,755.0,put,136.54,138.41,137.47,0.0,0,0,0.41487,-0.89444,46,617.85
2025-06-30,2025-08-15,760.0,call,0.01,0.02,0.01,0.01,0,2857,0.18073,0.00093,46,617.85
2025-06-30,2025-08-15,760.0,put,141.44,143.41,142.43,0.0,0,0,0.42462,-0.89655,46,617.85
2025-06-30,2025-08-15,765.0,call,0.01,0.02,0.01,0.01,0,3825,0.19048,0.00116,46,617.85
2025-06-30,2025-08-15,765.0,put,146.54,148.41,147.47,0.0,0,0,0.43438,-0.89847,46,617.85
2025-06-30,2025-08-15,770.0,call,0.01,0.02,0.01,0.02,1,2354,0.19048,0.00084,46,617.85
2025-06-30,2025-08-15,770.0,put,151.44,153.43,152.44,0.0,0,0,0.44414,-0.90022,46,617.85
2025-06-30,2025-08-15,775.0,put,156.44,158.41,157.43,0.0,0,0,0.45389,-0.90182,46,617.85
2025-06-30,2025-08-15,780.0,put,161.44,163.41,162.43,0.0,0,0,0.4734,-0.89799,46,617.85
2025-06-30,2025-08-15,785.0,put,166.44,168.41,167.43,0.0,0,0,0.48316,-0.89944,46,617.85
2025-06-30,2025-08-15,790.0,put,171.54,173.41,172.47,0.0,0,0,0.49292,-0.90077,46,617.85
2025-06-30,2025-08-15,795.0,put,176.44,178.41,177.43,0.0,0,0,0.50267,-0.90198,46,617.85
2025-06-30,2025-08-15,800.0,put,181.54,183.41,182.47,0.0,0,0,0.51243,-0.90308,46,617.85
2025-06-30,2025-08-15,805.0,put,186.57,188.41,187.49,0.0,0,0,0.52218,-0.90409,46,617.85
2025-06-30,2025-08-15,810.0,put,191.54,193.41,192.47,0.0,0,0,0.53194,-0.90501,46,617.85
2025-06-30,2025-08-15,815.0,put,196.44,198.84,197.64,0.0,0,0,0.54169,-0.90585,46,617.85
2025-06-30,2025-08-15,820.0,put,201.44,203.4,202.42,0.0,0,0,0.55145,-0.90661,46,617.85
2025-06-30,2025-08-15,825.0,put,206.48,208.41,207.44,0.0,0,0,0.56121,-0.90729,46,617.85
2025-06-30,2025-08-15,830.0,put,211.44,213.41,212.43,0.0,0,0,0.57096,-0.90791,46,617.85
2025-06-30,2025-08-29,315.0,call,303.99,305.49,304.74,268.78,0,257,0.01488,1.0,60,617.85
2025-06-30,2025-08-29,315.0,put,0.1,0.11,0.11,0.11,52,5184,0.61974,-0.00229,60,617.85
2025-06-30,2025-08-29,320.0,call,299.74,300.29,300.01,290.25,0,202,0.01488,1.0,60,617.85
2025-06-30,2025-08-29,320.0,put,0.11,0.12,0.11,0.12,2,90,0.60023,-0.00216,60,617.85
2025-06-30,2025-08-29,325.0,call,294.19,296.21,295.2,181.77,0,98,0.54169,0.99892,60,617.85
2025-06-30,2025-08-29,325.0,put,0.12,0.13,0.12,0.0,0,432,0.60023,-0.00263,60,617.85
2025-06-30,2025-08-29,330.0,call,289.13,290.38,289.75,179.67,0,217,0.01488,1.0,60,617.85
2025-06-30,2025-08-29,330.0,put,0.13,0.14,0.14,0.0,0,53,0.59047,-0.00281,60,617.85
2025-06-30,2025-08-29,335.0,call,284.86,285.39,285.12,199.74,0,156,0.01488,1.0,60,617.85
2025-06-30,2025-08-29,335.0,put,0.14,0.15,0.15,0.0,0,125,0.58072,-0.003,60,617.85
2025-06-30,2025-08-29,340.0,call,279.46,281.31,280.38,169.42,0,88,0.56121,0.9972,60,617.85
2025-06-30,2025-08-29,340.0,put,0.15,0.16,0.15,0.0,0,126,0.57096,-0.0032,60,617.85
2025-06-30,2025-08-29,345.0,call,274.5,276.31,275.4,0.0,0,0,0.54169,0.99741,60,617.85
2025-06-30,2025-08-29,345.0,put,0.16,0.17,0.17,0.0,0,338,0.57096,-0.00386,60,617.85
2025-06-30,2025-08-29,350.0,call,269.48,271.46,270.47,159.38,0,55,0.54169,0.99683,60,617.85
2025-06-30,2025-08-29,350.0,put,0.17,0.18,0.17,0.19,10,272,0.55145,-0.00362,60,617.85
2025-06-30,2025-08-29,355.0,call,264.47,265.81,265.14,229.55,0,137,0.01488,1.0,60,617.85
2025-06-30,2025-08-29,355.0,put,0.18,0.19,0.18,0.0,0,206,0.54169,-0.00385,60,617.85
2025-06-30,2025-08-29,360.0,call,259.66,261.48,260.57,174.56,0,37,0.53194,0.99592,60,617.85
2025-06-30,2025-08-29,360.0,put,0.19,0.2,0.2,0.0,0,270,0.54169,-0.00464,60,617.85
2025-06-30,2025-08-29,365.0,call,254.67,256.6,255.63,237.0,0,59,0.52218,0.99568,60,617.85
2025-06-30,2025-08-29,365.0,put,0.21,0.22,0.21,0.23,2,936,0.53194,-0.00492,60,617.85
2025-06-30,2025-08-29,370.0,call,249.32,251.56,250.44,168.45,0,26,0.01488,1.0,60,617.85
2025-06-30,2025-08-29,370.0,put,0.22,0.23,0.23,0.24,12,362,0.52218,-0.00521,60,617.85
2025-06-30,2025-08-29,375.0,call,244.29,246.64,245.46,194.33,0,3,0.01488,1.0,60,617.85
2025-06-30,2025-08-29,375.0,put,0.23,0.24,0.23,0.25,3,351,0.51243,-0.00552,60,617.85
2025-06-30,2025-08-29,380.0,call,239.86,241.67,240.76,156.71,0,75,0.49292,0.99488,60,617.85
2025-06-30,2025-08-29,380.0,put,0.24,0.26,0.25,0.24,3,309,0.50267,-0.00584,60,617.85
2025-06-30,2025-08-29,385.0,call,234.91,236.72,235.81,203.77,0,7,0.48316,0.9946,60,617.85
2025-06-30,2025-08-29,385.0,put,0.26,0.27,0.27,0.27,7,202,0.49292,-0.00617,60,617.85
2025-06-30,2025-08-29,390.0,call,229.68,231.82,230.75,123.97,0,47,0.44414,0.99637,60,617.85
2025-06-30,2025-08-29,390.0,put,0.27,0.28,0.28,0.3,6,759,0.48316,-0.00651,60,617.85
2025-06-30,2025-08-29,395.0,call,225.52,226.1,225.81,120.98,0,116,0.44414,0.99552,60,617.85
2025-06-30,2025-08-29,395.0,put,0.29,0.3,0.29,0.0,0,577,0.4734,-0.00687,60,617.85
2025-06-30,2025-08-29,400.0,call,220.07,221.88,220.97,203.66,0,51,0.46365,0.99275,60,617.85
2025-06-30,2025-08-29,400.0,put,0.3,0.32,0.31,0.31,3,1180,0.46365,-0.00725,60,617.85
2025-06-30,2025-08-29,405.0,call,215.13,216.96,216.05,108.0,0,64,0.45389,0.99236,60,617.85
2025-06-30,2025-08-29,405.0,put,0.32,0.33,0.33,0.33,5,685,0.46365,-0.00869,60,617.85
2025-06-30,2025-08-29,410.0,call,210.16,212.01,211.08,187.15,0,9,0.44414,0.99196,60,617.85
2025-06-30,2025-08-29,410.0,put,0.34,0.35,0.34,0.37,6,322,0.44414,-0.00804,60,617.85
2025-06-30,2025-08-29,415.0,call,205.62,206.25,205.94,184.4,0,351,0.39536,0.99544,60,617.85
2025-06-30,2025-08-29,415.0,put,0.36,0.37,0.36,0.37,101,784,0.44414,-0.00965,60,617.85
2025-06-30,2025-08-29,420.0,call,200.03,202.16,201.09,173.47,0,93,0.41487,0.99226,60,617.85
2025-06-30,2025-08-29,420.0,put,0.38,0.39,0.39,0.39,26,1376,0.43438,-0.01017,60,617.85
2025-06-30,2025-08-29,425.0,call,195.36,197.22,196.29,95.52,0,38,0.42462,0.9893,60,617.85
2025-06-30,2025-08-29,425.0,put,0.4,0.41,0.41,0.45,5,417,0.42462,-0.0107,60,617.85
2025-06-30,2025-08-29,430.0,call,190.15,192.23,191.19,96.33,0,61,0.39536,0.99148,60,617.85
2025-06-30,2025-08-29,430.0,put,0.43,0.44,0.43,0.45,118,751,0.41487,-0.01127,60,617.85
2025-06-30,2025-08-29,435.0,call,185.49,187.29,186.39,87.4,0,39,0.40511,0.98815,60,617.85
2025-06-30,2025-08-29,435.0,put,0.45,0.46,0.46,0.45,5,239,0.40511,-0.01185,60,617.85
2025-06-30,2025-08-29,440.0,call,180.55,182.38,181.47,157.1,0,25,0.40511,0.98582,60,617.85
2025-06-30,2025-08-29,440.0,put,0.48,0.49,0.48,0.51,1,4003,0.39536,-0.01247,60,617.85
2025-06-30,2025-08-29,445.0,call,175.62,177.42,176.52,152.74,0,14,0.39536,0.98507,60,617.85
2025-06-30,2025-08-29,445.0,put,0.51,0.52,0.52,0.55,10,718,0.39536,-0.01493,60,617.85
2025-06-30,2025-08-29,450.0,call,170.68,172.54,171.61,149.39,0,29,0.3856,0.98428,60,617.85
2025-06-30,2025-08-29,450.0,put,0.53,0.55,0.54,0.54,36,11075,0.3856,-0.01572,60,617.85
2025-06-30,2025-08-29,455.0,call,165.76,167.66,166.71,138.93,0,54,0.37584,0.98344,60,617.85
2025-06-30,2025-08-29,455.0,put,0.57,0.58,0.57,0.62,6,1078,0.37584,-0.01656,60,617.85
2025-06-30,2025-08-29,460.0,call,160.83,162.66,161.75,127.37,0,15,0.36609,0.98256,60,617.85
2025-06-30,2025-08-29,460.0,put,0.6,0.61,0.6,0.66,15,963,0.36609,-0.01744,60,617.85
2025-06-30,2025-08-29,465.0,call,155.9,157.71,156.81,103.06,0,20,0.35633,0.98163,60,617.85
2025-06-30,2025-08-29,465.0,put,0.64,0.65,0.65,0.68,50,998,0.35633,-0.01837,60,617.85
2025-06-30,2025-08-29,470.0,call,150.98,152.79,151.88,129.71,0,82,0.34658,0.98065,60,617.85
2025-06-30,2025-08-29,470.0,put,0.68,0.69,0.69,0.68,1522,19280,0.34658,-0.01935,60,617.85
2025-06-30,2025-08-29,475.0,call,146.06,147.87,146.97,131.4,0,76,0.34658,0.97682,60,617.85
2025-06-30,2025-08-29,475.0,put,0.72,0.73,0.72,0.71,378,9643,0.33682,-0.02039,60,617.85
2025-06-30,2025-08-29,480.0,call,141.6,142.15,141.88,140.78,1,385,0.32707,0.97851,60,617.85
2025-06-30,2025-08-29,480.0,put,0.77,0.78,0.78,0.77,62,15007,0.33682,-0.02447,60,617.85
2025-06-30,2025-08-29,485.0,call,136.23,138.07,137.15,133.6,0,48,0.32707,0.97415,60,617.85
2025-06-30,2025-08-29,485.0,put,0.82,0.83,0.82,0.81,35,986,0.32707,-0.02585,60,617.85
2025-06-30,2025-08-29,490.0,call,131.78,132.33,132.06,117.01,0,602,0.30755,0.97607,60,617.85
2025-06-30,2025-08-29,490.0,put,0.87,0.89,0.88,0.94,1,14032,0.31731,-0.02732,60,617.85
2025-06-30,2025-08-29,495.0,call,126.11,128.05,127.08,123.81,0,613,0.2978,0.97473,60,617.85
2025-06-30,2025-08-29,495.0,put,0.93,0.95,0.94,0.98,113,3860,0.30755,-0.0289,60,617.85
2025-06-30,2025-08-29,500.0,call,122.02,123.34,122.68,121.41,2,951,0.31731,0.96119,60,617.85
2025-06-30,2025-08-29,500.0,put,1.0,1.01,1.0,0.98,145,5020,0.2978,-0.03059,60,617.85
2025-06-30,2025-08-29,505.0,call,117.13,117.62,117.38,110.84,0,1305,0.28804,0.96758,60,617.85
2025-06-30,2025-08-29,505.0,put,1.08,1.09,1.08,1.08,117,1675,0.2978,-0.03675,60,617.85
2025-06-30,2025-08-29,510.0,call,112.24,113.65,112.94,111.94,1,181,0.2978,0.9562,60,617.85
2025-06-30,2025-08-29,510.0,put,1.17,1.18,1.17,1.15,29,4340,0.28804,-0.03904,60,617.85
2025-06-30,2025-08-29,515.0,call,107.54,107.7,107.62,98.25,0,207,0.26853,0.96345,60,617.85
2025-06-30,2025-08-29,515.0,put,1.27,1.29,1.28,1.24,33,694,0.27829,-0.04152,60,617.85
2025-06-30,2025-08-29,520.0,call,102.7,102.85,102.78,100.46,0,120,0.26853,0.95576,60,617.85
2025-06-30,2025-08-29,520.0,put,1.38,1.4,1.39,1.35,2671,11667,0.27829,-0.04971,60,617.85
2025-06-30,2025-08-29,525.0,call,97.87,98.02,97.94,93.36,0,664,0.25877,0.95278,60,617.85
2025-06-30,2025-08-29,525.0,put,1.52,1.53,1.52,1.48,14,2446,0.26853,-0.05309,60,617.85
2025-06-30,2025-08-29,530.0,call,93.06,93.21,93.13,92.5,32,2085,0.25877,0.94319,60,617.85
2025-06-30,2025-08-29,530.0,put,1.67,1.69,1.68,1.77,47,1351,0.25877,-0.05681,60,617.85
2025-06-30,2025-08-29,535.0,call,88.27,88.42,88.34,86.92,20,994,0.24902,0.93907,60,617.85
2025-06-30,2025-08-29,535.0,put,1.84,1.86,1.85,1.77,649,779,0.24902,-0.06093,60,617.85
2025-06-30,2025-08-29,540.0,call,83.51,83.66,83.59,78.21,0,333,0.23926,0.9345,60,617.85
2025-06-30,2025-08-29,540.0,put,2.04,2.06,2.05,1.97,2564,8946,0.24902,-0.07285,60,617.85
2025-06-30,2025-08-29,545.0,call,78.77,78.92,78.84,79.78,201,642,0.23926,0.92149,60,617.85
2025-06-30,2025-08-29,545.0,put,2.27,2.29,2.28,2.21,60,1973,0.23926,-0.07851,60,617.85
2025-06-30,2025-08-29,546.0,call,77.83,77.97,77.9,78.83,210,438,0.23926,0.91869,60,617.85
2025-06-30,2025-08-29,546.0,put,2.32,2.34,2.33,2.45,3,201,0.23926,-0.08131,60,617.85
2025-06-30,2025-08-29,547.0,call,76.88,77.03,76.95,61.59,0,20,0.23926,0.91581,60,617.85
2025-06-30,2025-08-29,547.0,put,2.37,2.39,2.38,2.52,1,263,0.23926,-0.08419,60,617.85
2025-06-30,2025-08-29,548.0,call,75.94,76.09,76.02,74.05,0,8,0.22951,0.92107,60,617.85
2025-06-30,2025-08-29,548.0,put,2.42,2.45,2.44,2.39,13,169,0.23926,-0.08714,60,617.85
2025-06-30,2025-08-29,549.0,call,75.0,75.15,75.08,73.2,0,26,0.22951,0.91815,60,617.85
2025-06-30,2025-08-29,549.0,put,2.48,2.5,2.49,2.62,5,80,0.23926,-0.09016,60,617.85
2025-06-30,2025-08-29,550.0,call,74.07,74.21,74.14,75.6,10,1049,0.22951,0.91515,60,617.85
2025-06-30,2025-08-29,550.0,put,2.53,2.55,2.54,2.43,108,3514,0.23926,-0.09324,60,617.85
2025-06-30,2025-08-29,551.0,call,73.13,73.28,73.2,65.88,0,132,0.22951,0.91207,60,617.85
2025-06-30,2025-08-29,551.0,put,2.59,2.61,2.6,2.57,7,540,0.22951,-0.08793,60,617.85
2025-06-30,2025-08-29,552.0,call,72.19,72.34,72.27,70.34,0,21,0.22951,0.90892,60,617.85
2025-06-30,2025-08-29,552.0,put,2.64,2.67,2.66,2.77,2,582,0.22951,-0.09108,60,617.85
2025-06-30,2025-08-29,553.0,call,71.26,71.4,71.33,57.55,0,19,0.22951,0.90569,60,617.85
2025-06-30,2025-08-29,553.0,put,2.7,2.73,2.71,0.0,0,70,0.22951,-0.09431,60,617.85
2025-06-30,2025-08-29,554.0,call,70.33,70.47,70.4,69.52,1,704,0.22951,0.90239,60,617.85
2025-06-30,2025-08-29,554.0,put,2.76,2.79,2.77,2.85,1,259,0.22951,-0.09761,60,617.85
2025-06-30,2025-08-29,555.0,call,69.4,69.53,69.47,68.88,0,521,0.22951,0.899,60,617.85
2025-06-30,2025-08-29,555.0,put,2.83,2.85,2.84,2.73,26,2940,0.22951,-0.101,60,617.85
2025-06-30,2025-08-29,556.0,call,68.47,68.61,68.54,66.28,0,980,0.21975,0.90461,60,617.85
2025-06-30,2025-08-29,556.0,put,2.89,2.92,2.91,2.95,13,547,0.22951,-0.10446,60,617.85
2025-06-30,2025-08-29,557.0,call,67.54,67.68,67.61,53.7,0,58,0.21975,0.90115,60,617.85
2025-06-30,2025-08-29,557.0,put,2.95,2.98,2.96,0.0,0,346,0.22951,-0.108,60,617.85
2025-06-30,2025-08-29,558.0,call,66.61,66.76,66.69,52.61,0,13,0.21975,0.8976,60,617.85
2025-06-30,2025-08-29,558.0,put,3.02,3.05,3.04,2.98,277,19095,0.22951,-0.11162,60,617.85
2025-06-30,2025-08-29,559.0,call,65.69,65.83,65.76,58.16,0,45,0.21975,0.89397,60,617.85
2025-06-30,2025-08-29,559.0,put,3.09,3.12,3.1,3.05,101,249,0.21975,-0.10603,60,617.85
2025-06-30,2025-08-29,560.0,call,64.77,64.91,64.84,64.92,2,349,0.21975,0.89025,60,617.85
2025-06-30,2025-08-29,560.0,put,3.16,3.19,3.17,3.06,60,2295,0.21975,-0.10975,60,617.85
2025-06-30,2025-08-29,561.0,call,63.85,63.98,63.91,46.33,0,37,0.21975,0.88644,60,617.85
2025-06-30,2025-08-29,561.0,put,3.23,3.26,3.25,0.0,0,130,0.21975,-0.11356,60,617.85
2025-06-30,2025-08-29,562.0,call,62.93,63.07,63.0,63.26,1,162,0.21975,0.88255,60,617.85
2025-06-30,2025-08-29,562.0,put,3.31,3.33,3.32,0.0,0,174,0.21975,-0.11745,60,617.85
2025-06-30,2025-08-29,563.0,call,62.01,62.15,62.08,52.86,0,54,0.21975,0.87857,60,617.85
2025-06-30,2025-08-29,563.0,put,3.38,3.41,3.4,3.4,2,128,0.21975,-0.12143,60,617.85
2025-06-30,2025-08-29,564.0,call,61.09,61.23,61.16,60.3,0,399,0.21,0.88439,60,617.85
2025-06-30,2025-08-29,564.0,put,3.46,3.49,3.48,3.35,33,490,0.21975,-0.12549,60,617.85
2025-06-30,2025-08-29,565.0,call,60.18,60.32,60.25,59.64,28,319,0.21,0.88029,60,617.85
2025-06-30,2025-08-29,565.0,put,3.54,3.57,3.55,3.45,26,1529,0.21975,-0.12965,60,617.85
2025-06-30,2025-08-29,566.0,call,59.27,59.41,59.34,59.2,1,36,0.21,0.87609,60,617.85
2025-06-30,2025-08-29,566.0,put,3.62,3.65,3.63,3.6,1,148,0.21975,-0.13388,60,617.85
2025-06-30,2025-08-29,567.0,call,58.36,58.5,58.43,54.91,0,110,0.21,0.8718,60,617.85
2025-06-30,2025-08-29,567.0,put,3.7,3.73,3.71,0.0,0,406,0.21,-0.1282,60,617.85
2025-06-30,2025-08-29,568.0,call,57.45,57.58,57.52,55.72,0,102,0.21,0.86741,60,617.85
2025-06-30,2025-08-29,568.0,put,3.79,3.82,3.8,3.71,12,411,0.21,-0.13259,60,617.85
2025-06-30,2025-08-29,569.0,call,56.55,56.68,56.61,52.42,0,43,0.21,0.86293,60,617.85
2025-06-30,2025-08-29,569.0,put,3.88,3.91,3.9,4.08,6,214,0.21,-0.13707,60,617.85
2025-06-30,2025-08-29,570.0,call,55.64,55.78,55.71,54.71,7,965,0.21,0.85835,60,617.85
2025-06-30,2025-08-29,570.0,put,3.97,4.0,3.99,3.87,589,5360,0.21,-0.14165,60,617.85
2025-06-30,2025-08-29,571.0,call,54.74,54.87,54.8,52.82,0,22,0.21,0.85368,60,617.85
2025-06-30,2025-08-29,571.0,put,4.06,4.09,4.07,3.94,6,76,0.21,-0.14632,60,617.85
2025-06-30,2025-08-29,572.0,call,53.84,53.98,53.91,51.51,0,110,0.20024,0.85949,60,617.85
2025-06-30,2025-08-29,572.0,put,4.15,4.19,4.17,4.1,15,133,0.21,-0.15108,60,617.85
2025-06-30,2025-08-29,573.0,call,52.95,53.08,53.02,48.29,0,114,0.20024,0.85463,60,617.85
2025-06-30,2025-08-29,573.0,put,4.25,4.28,4.27,4.11,42,138,0.21,-0.15594,60,617.85
2025-06-30,2025-08-29,574.0,call,52.05,52.18,52.11,51.53,13,280,0.20024,0.84967,60,617.85
2025-06-30,2025-08-29,574.0,put,4.35,4.38,4.37,4.52,26,270,0.21,-0.16089,60,617.85
2025-06-30,2025-08-29,575.0,call,51.16,51.29,51.22,50.4,4,557,0.20024,0.84461,60,617.85
2025-06-30,2025-08-29,575.0,put,4.45,4.49,4.47,4.4,181,3373,0.20024,-0.15539,60,617.85
2025-06-30,2025-08-29,576.0,call,50.27,50.4,50.34,42.76,0,55,0.20024,0.83945,60,617.85
2025-06-30,2025-08-29,576.0,put,4.56,4.59,4.57,4.76,19,351,0.20024,-0.16055,60,617.85
2025-06-30,2025-08-29,577.0,call,49.39,49.51,49.45,48.12,0,154,0.20024,0.83418,60,617.85
2025-06-30,2025-08-29,577.0,put,4.67,4.7,4.69,4.63,34,296,0.20024,-0.16582,60,617.85
2025-06-30,2025-08-29,578.0,call,48.5,48.63,48.56,48.95,3,253,0.20024,0.82882,60,617.85
2025-06-30,2025-08-29,578.0,put,4.78,4.81,4.79,4.69,51,499,0.20024,-0.17118,60,617.85
2025-06-30,2025-08-29,579.0,call,47.62,47.75,47.69,42.01,0,220,0.20024,0.82335,60,617.85
2025-06-30,2025-08-29,579.0,put,4.89,4.92,4.9,4.64,154,212,0.20024,-0.17665,60,617.85
2025-06-30,2025-08-29,580.0,call,46.74,46.87,46.8,45.5,3,1068,0.19048,0.82878,60,617.85
2025-06-30,2025-08-29,580.0,put,5.0,5.04,5.02,4.89,1795,1425,0.20024,-0.18222,60,617.85
2025-06-30,2025-08-29,581.0,call,45.87,45.99,45.93,46.38,12,1303,0.19048,0.82305,60,617.85
2025-06-30,2025-08-29,581.0,put,5.12,5.16,5.14,5.07,48,231,0.20024,-0.18788,60,617.85
2025-06-30,2025-08-29,582.0,call,44.99,45.12,45.05,41.01,0,1274,0.19048,0.81721,60,617.85
2025-06-30,2025-08-29,582.0,put,5.24,5.28,5.26,4.96,109,424,0.20024,-0.19364,60,617.85
2025-06-30,2025-08-29,583.0,call,44.12,44.25,44.19,43.76,19,542,0.19048,0.81126,60,617.85
2025-06-30,2025-08-29,583.0,put,5.37,5.4,5.38,5.22,11,304,0.19048,-0.18874,60,617.85
2025-06-30,2025-08-29,584.0,call,43.26,43.37,43.31,42.78,1,269,0.19048,0.8052,60,617.85
2025-06-30,2025-08-29,584.0,put,5.49,5.53,5.51,5.34,6,307,0.19048,-0.1948,60,617.85
2025-06-30,2025-08-29,585.0,call,42.39,42.51,42.45,43.4,68,28782,0.19048,0.79904,60,617.85
2025-06-30,2025-08-29,585.0,put,5.63,5.66,5.64,5.54,367,5745,0.19048,-0.20096,60,617.85
2025-06-30,2025-08-29,586.0,call,41.53,41.65,41.59,40.63,10,670,0.19048,0.79277,60,617.85
2025-06-30,2025-08-29,586.0,put,5.76,5.8,5.78,5.5,13,415,0.19048,-0.20723,60,617.85
2025-06-30,2025-08-29,587.0,call,40.68,40.79,40.73,40.05,6,590,0.19048,0.7864,60,617.85
2025-06-30,2025-08-29,587.0,put,5.9,5.94,5.92,5.68,20,275,0.19048,-0.2136,60,617.85
2025-06-30,2025-08-29,588.0,call,39.83,39.94,39.88,38.46,0,636,0.18073,0.79091,60,617.85
2025-06-30,2025-08-29,588.0,put,6.04,6.08,6.06,5.77,33,584,0.19048,-0.22007,60,617.85
2025-06-30,2025-08-29,589.0,call,38.98,39.09,39.03,36.85,0,1334,0.18073,0.78418,60,617.85
2025-06-30,2025-08-29,589.0,put,6.19,6.23,6.21,5.94,34,1898,0.19048,-0.22664,60,617.85
2025-06-30,2025-08-29,590.0,call,38.13,38.25,38.19,38.0,8,1245,0.18073,0.77734,60,617.85
2025-06-30,2025-08-29,590.0,put,6.34,6.38,6.36,6.07,130,9152,0.18073,-0.22266,60,617.85
2025-06-30,2025-08-29,591.0,call,37.29,37.4,37.34,36.85,1,341,0.18073,0.77039,60,617.85
2025-06-30,2025-08-29,591.0,put,6.49,6.53,6.51,6.4,190,1306,0.18073,-0.22961,60,617.85
2025-06-30,2025-08-29,592.0,call,36.45,36.56,36.51,36.16,1,247,0.18073,0.76333,60,617.85
2025-06-30,2025-08-29,592.0,put,6.65,6.69,6.67,7.01,137,381,0.18073,-0.23667,60,617.85
2025-06-30,2025-08-29,593.0,call,35.62,35.72,35.67,34.1,0,280,0.18073,0.75616,60,617.85
2025-06-30,2025-08-29,593.0,put,6.81,6.85,6.83,6.69,26,411,0.18073,-0.24384,60,617.85
2025-06-30,2025-08-29,594.0,call,34.79,34.89,34.84,34.03,1,2160,0.18073,0.7489,60,617.85
2025-06-30,2025-08-29,594.0,put,6.98,7.02,7.0,6.8,157,743,0.18073,-0.2511,60,617.85
2025-06-30,2025-08-29,595.0,call,33.97,34.07,34.02,33.24,22,905,0.18073,0.74153,60,617.85
2025-06-30,2025-08-29,595.0,put,7.15,7.2,7.18,6.77,77,1619,0.18073,-0.25847,60,617.85
2025-06-30,2025-08-29,596.0,call,33.15,33.24,33.2,34.0,1,522,0.17097,0.74433,60,617.85
2025-06-30,2025-08-29,596.0,put,7.33,7.37,7.35,7.1,6,482,0.18073,-0.26594,60,617.85
2025-06-30,2025-08-29,597.0,call,32.33,32.43,32.38,31.49,2,523,0.17097,0.73649,60,617.85
2025-06-30,2025-08-29,597.0,put,7.51,7.56,7.54,7.36,11,559,0.18073,-0.2735,60,617.85
2025-06-30,2025-08-29,598.0,call,31.53,31.61,31.57,31.7,43,537,0.17097,0.72855,60,617.85
2025-06-30,2025-08-29,598.0,put,7.7,7.74,7.72,7.3,8,1311,0.17097,-0.27145,60,617.85
2025-06-30,2025-08-29,599.0,call,30.73,30.81,30.77,30.39,20,855,0.17097,0.7205,60,617.85
2025-06-30,2025-08-29,599.0,put,7.89,7.94,7.92,7.45,8,906,0.17097,-0.2795,60,617.85
2025-06-30,2025-08-29,600.0,call,29.92,29.95,29.94,31.04,205,2372,0.17097,0.71235,60,617.85
2025-06-30,2025-08-29,600.0,put,8.09,8.14,8.12,7.96,203,7688,0.17097,-0.28765,60,617.85
2025-06-30,2025-08-29,601.0,call,29.13,29.21,29.17,29.18,1,478,0.17097,0.7041,60,617.85
2025-06-30,2025-08-29,601.0,put,8.3,8.34,8.32,8.21,86,217,0.17097,-0.2959,60,617.85
2025-06-30,2025-08-29,602.0,call,28.34,28.42,28.38,28.16,1,596,0.17097,0.69576,60,617.85
2025-06-30,2025-08-29,602.0,put,8.51,8.55,8.53,8.27,367,261,0.17097,-0.30424,60,617.85
2025-06-30,2025-08-29,603.0,call,27.56,27.64,27.6,27.06,2,678,0.16122,0.6963,60,617.85
2025-06-30,2025-08-29,603.0,put,8.73,8.77,8.75,8.74,35,351,0.17097,-0.31267,60,617.85
2025-06-30,2025-08-29,604.0,call,26.78,26.86,26.82,25.83,6,690,0.16122,0.68738,60,617.85
2025-06-30,2025-08-29,604.0,put,8.95,9.0,8.97,8.72,941,308,0.17097,-0.32118,60,617.85
2025-06-30,2025-08-29,605.0,call,26.01,26.09,26.05,26.75,39,1113,0.16122,0.67836,60,617.85
2025-06-30,2025-08-29,605.0,put,9.18,9.23,9.21,8.72,115,4110,0.17097,-0.32977,60,617.85
2025-06-30,2025-08-29,606.0,call,25.25,25.32,25.29,26.02,13,1076,0.16122,0.66925,60,617.85
2025-06-30,2025-08-29,606.0,put,9.42,9.47,9.45,9.28,4,129,0.16122,-0.33075,60,617.85
2025-06-30,2025-08-29,607.0,call,24.5,24.57,24.54,25.13,4,952,0.16122,0.66006,60,617.85
2025-06-30,2025-08-29,607.0,put,9.66,9.71,9.69,10.1,29,169,0.16122,-0.33994,60,617.85
2025-06-30,2025-08-29,608.0,call,23.75,23.82,23.79,24.05,20,878,0.16122,0.65079,60,617.85
2025-06-30,2025-08-29,608.0,put,9.92,9.97,9.95,9.54,23,296,0.16122,-0.34921,60,617.85
2025-06-30,2025-08-29,609.0,call,23.01,23.08,23.05,23.39,28,767,0.16122,0.64144,60,617.85
2025-06-30,2025-08-29,609.0,put,10.18,10.23,10.21,9.99,8,62,0.16122,-0.35856,60,617.85
2025-06-30,2025-08-29,610.0,call,22.28,22.34,22.31,23.03,204,1873,0.15146,0.63864,60,617.85
2025-06-30,2025-08-29,610.0,put,10.46,10.51,10.48,10.3,744,7335,0.16122,-0.36798,60,617.85
2025-06-30,2025-08-29,611.0,call,21.56,21.62,21.59,21.91,140,1116,0.15146,0.62861,60,617.85
2025-06-30,2025-08-29,611.0,put,10.74,10.79,10.77,10.2,52,189,0.16122,-0.37747,60,617.85
2025-06-30,2025-08-29,612.0,call,20.84,20.9,20.87,21.66,173,296,0.15146,0.6185,60,617.85
2025-06-30,2025-08-29,612.0,put,11.03,11.08,11.05,10.85,92,165,0.16122,-0.38701,60,617.85
2025-06-30,2025-08-29,613.0,call,20.14,20.19,20.16,20.77,82,1377,0.15146,0.60832,60,617.85
2025-06-30,2025-08-29,613.0,put,11.33,11.38,11.36,10.84,74,813,0.16122,-0.3966,60,617.85
2025-06-30,2025-08-29,614.0,call,19.44,19.5,19.47,20.05,130,559,0.15146,0.59809,60,617.85
2025-06-30,2025-08-29,614.0,put,11.64,11.7,11.67,10.99,40,175,0.15146,-0.40191,60,617.85
2025-06-30,2025-08-29,615.0,call,18.76,18.81,18.79,18.73,328,4011,0.15146,0.58781,60,617.85
2025-06-30,2025-08-29,615.0,put,11.97,12.02,12.0,11.74,368,364,0.15146,-0.41219,60,617.85
2025-06-30,2025-08-29,616.0,call,18.09,18.14,18.12,18.27,220,786,0.15146,0.57748,60,617.85
2025-06-30,2025-08-29,616.0,put,12.3,12.36,12.33,12.37,151,61,0.15146,-0.42252,60,617.85
2025-06-30,2025-08-29,617.0,call,17.42,17.47,17.45,18.32,159,1168,0.15146,0.56711,60,617.85
2025-06-30,2025-08-29,617.0,put,12.65,12.71,12.68,12.68,285,23,0.15146,-0.43289,60,617.85
2025-06-30,2025-08-29,618.0,call,16.77,16.82,16.8,17.03,213,808,0.1417,0.55898,60,617.85
2025-06-30,2025-08-29,618.0,put,13.01,13.07,13.04,12.43,177,3,0.15146,-0.44328,60,617.85
2025-06-30,2025-08-29,619.0,call,16.13,16.18,16.16,16.46,423,19157,0.1417,0.54786,60,617.85
2025-06-30,2025-08-29,619.0,put,13.38,13.44,13.41,12.77,21,9,0.15146,-0.45369,60,617.85
2025-06-30,2025-08-29,620.0,call,15.5,15.55,15.53,15.75,320,1428,0.1417,0.53671,60,617.85
2025-06-30,2025-08-29,620.0,put,13.77,13.83,13.8,13.14,70,97,0.15146,-0.46413,60,617.85
2025-06-30,2025-08-29,621.0,call,14.89,14.93,14.91,15.13,292,455,0.1417,0.52556,60,617.85
2025-06-30,2025-08-29,621.0,put,14.17,14.23,14.2,0.0,0,5,0.15146,-0.47456,60,617.85
2025-06-30,2025-08-29,622.0,call,14.28,14.33,14.3,14.39,232,383,0.1417,0.5144,60,617.85
2025-06-30,2025-08-29,622.0,put,14.58,14.64,14.61,14.26,4,8,0.15146,-0.485,60,617.85
2025-06-30,2025-08-29,623.0,call,13.69,13.74,13.71,13.83,289,350,0.1417,0.50325,60,617.85
2025-06-30,2025-08-29,623.0,put,15.01,15.07,15.04,14.83,1,5,0.15146,-0.49544,60,617.85
2025-06-30,2025-08-29,624.0,call,13.12,13.16,13.14,13.91,270,625,0.1417,0.49211,60,617.85
2025-06-30,2025-08-29,624.0,put,15.45,15.52,15.48,16.01,2,6,0.1417,-0.50789,60,617.85
2025-06-30,2025-08-29,625.0,call,12.55,12.6,12.57,13.51,229,2242,0.1417,0.481,60,617.85
2025-06-30,2025-08-29,625.0,put,15.91,15.98,15.95,15.58,51,127,0.1417,-0.519,60,617.85
2025-06-30,2025-08-29,626.0,call,12.01,12.05,12.03,12.92,152,1752,0.1417,0.46992,60,617.85
2025-06-30,2025-08-29,626.0,put,16.39,16.45,16.42,0.0,0,35,0.1417,-0.53008,60,617.85
2025-06-30,2025-08-29,627.0,call,11.47,11.52,11.5,11.16,252,1535,0.13195,0.45422,60,617.85
2025-06-30,2025-08-29,627.0,put,16.88,16.94,16.91,0.0,0,2,0.1417,-0.54112,60,617.85
2025-06-30,2025-08-29,628.0,call,10.95,11.0,10.97,11.57,207,626,0.13195,0.44244,60,617.85
2025-06-30,2025-08-29,628.0,put,17.38,17.45,17.41,0.0,0,20,0.1417,-0.55211,60,617.85
2025-06-30,2025-08-29,629.0,call,10.45,10.49,10.47,10.73,320,824,0.13195,0.43073,60,617.85
2025-06-30,2025-08-29,629.0,put,17.9,17.97,17.93,0.0,0,4,0.1417,-0.56304,60,617.85
2025-06-30,2025-08-29,630.0,call,9.96,10.0,9.98,10.72,867,2041,0.13195,0.41909,60,617.85
2025-06-30,2025-08-29,630.0,put,18.09,18.89,18.49,18.4,2,95,0.1417,-0.57391,60,617.85
2025-06-30,2025-08-29,631.0,call,9.48,9.52,9.5,9.55,134,464,0.13195,0.40754,60,617.85
2025-06-30,2025-08-29,631.0,put,18.43,19.65,19.04,18.72,47,2,0.1417,-0.58471,60,617.85
2025-06-30,2025-08-29,632.0,call,9.02,9.06,9.04,8.7,109,362,0.13195,0.39609,60,617.85
2025-06-30,2025-08-29,632.0,put,18.96,20.25,19.61,0.0,0,51,0.1417,-0.59542,60,617.85
2025-06-30,2025-08-29,633.0,call,8.57,8.62,8.59,8.86,122,574,0.13195,0.38475,60,617.85
2025-06-30,2025-08-29,633.0,put,19.57,20.85,20.21,0.0,0,1,0.1417,-0.60605,60,617.85
2025-06-30,2025-08-29,634.0,call,8.14,8.19,8.16,8.12,120,591,0.13195,0.37353,60,617.85
2025-06-30,2025-08-29,634.0,put,20.12,21.53,20.83,0.0,0,0,0.1417,-0.61658,60,617.85
2025-06-30,2025-08-29,635.0,call,7.73,7.77,7.75,7.7,229,1237,0.13195,0.36242,60,617.85
2025-06-30,2025-08-29,635.0,put,20.95,21.93,21.44,20.5,2,43,0.1417,-0.62701,60,617.85
2025-06-30,2025-08-29,636.0,call,7.33,7.37,7.35,7.56,21,915,0.13195,0.35145,60,617.85
2025-06-30,2025-08-29,636.0,put,21.56,22.62,22.09,0.0,0,2,0.1417,-0.63733,60,617.85
2025-06-30,2025-08-29,640.0,call,5.87,5.9,5.88,6.04,1392,4215,0.12219,0.29373,60,617.85
2025-06-30,2025-08-29,640.0,put,23.9,25.78,24.84,0.0,0,34,0.1417,-0.6774,60,617.85
2025-06-30,2025-08-29,645.0,call,4.36,4.39,4.38,4.7,153,2652,0.12219,0.24209,60,617.85
2025-06-30,2025-08-29,645.0,put,27.95,29.4,28.67,0.0,0,0,0.1417,-0.72438,60,617.85
2025-06-30,2025-08-29,650.0,call,3.17,3.2,3.19,3.27,2128,1254,0.12219,0.19615,60,617.85
2025-06-30,2025-08-29,650.0,put,31.95,33.74,32.84,31.99,3,19,0.15146,-0.75157,60,617.85
2025-06-30,2025-08-29,655.0,call,2.25,2.28,2.26,2.34,126,5452,0.12219,0.15621,60,617.85
2025-06-30,2025-08-29,655.0,put,36.59,38.45,37.52,37.83,10,10,0.16122,-0.77389,60,617.85
2025-06-30,2025-08-29,660.0,call,1.57,1.59,1.58,1.79,426,756,0.12219,0.12228,60,617.85
2025-06-30,2025-08-29,660.0,put,41.57,43.54,42.55,43.61,12,0,0.17097,-0.79238,60,617.85
2025-06-30,2025-08-29,665.0,call,1.07,1.09,1.08,1.24,329,2010,0.11244,0.07574,60,617.85
2025-06-30,2025-08-29,665.0,put,46.57,48.41,47.49,0.0,0,0,0.19048,-0.79431,60,617.85
2025-06-30,2025-08-29,670.0,call,0.72,0.74,0.73,0.82,87,6571,0.11244,0.05495,60,617.85
2025-06-30,2025-08-29,670.0,put,51.59,53.41,52.5,0.0,0,0,0.20024,-0.80781,60,617.85
2025-06-30,2025-08-29,675.0,call,0.49,0.5,0.49,0.53,428,1315,0.11244,0.03906,60,617.85
2025-06-30,2025-08-29,675.0,put,56.59,58.41,57.5,0.0,0,0,0.21,-0.81935,60,617.85
2025-06-30,2025-08-29,680.0,call,0.33,0.34,0.34,0.39,516,1642,0.11244,0.0272,60,617.85
2025-06-30,2025-08-29,680.0,put,61.57,63.41,62.49,0.0,0,0,0.22951,-0.8178,60,617.85
2025-06-30,2025-08-29,685.0,call,0.22,0.24,0.23,0.26,64,1787,0.11244,0.01857,60,617.85
2025-06-30,2025-08-29,685.0,put,66.73,68.41,67.57,0.0,0,0,0.23926,-0.82682,60,617.85
2025-06-30,2025-08-29,690.0,call,0.16,0.17,0.17,0.18,323,2323,0.12219,0.01966,60,617.85
2025-06-30,2025-08-29,690.0,put,71.48,73.41,72.44,0.0,0,0,0.24902,-0.83471,60,617.85
2025-06-30,2025-08-29,695.0,call,0.11,0.13,0.12,0.13,28,297,0.12219,0.01367,60,617.85
2025-06-30,2025-08-29,695.0,put,76.48,78.41,77.44,0.0,0,0,0.25877,-0.84164,60,617.85
2025-06-30,2025-08-29,700.0,call,0.09,0.1,0.1,0.13,1140,3040,0.12219,0.00935,60,617.85
2025-06-30,2025-08-29,700.0,put,81.59,83.41,82.5,0.0,0,1,0.26853,-0.84774,60,617.85
2025-06-30,2025-08-29,705.0,call,0.07,0.08,0.08,0.09,12,3081,0.12219,0.0063,60,617.85
2025-06-30,2025-08-29,705.0,put,86.48,88.41,87.44,0.0,0,0,0.27829,-0.85314,60,617.85
2025-06-30,2025-08-29,710.0,call,0.05,0.06,0.06,0.07,100,681,0.13195,0.00737,60,617.85
2025-06-30,2025-08-29,710.0,put,91.45,93.41,92.43,0.0,0,0,0.2978,-0.84898,60,617.85
2025-06-30,2025-08-29,720.0,call,0.04,0.05,0.04,0.05,12,343,0.13195,0.00346,60,617.85
2025-06-30,2025-08-29,720.0,put,101.73,103.41,102.57,0.0,0,0,0.31731,-0.85761,60,617.85
2025-06-30,2025-08-29,730.0,call,0.03,0.04,0.04,0.03,66,1332,0.1417,0.00297,60,617.85
2025-06-30,2025-08-29,730.0,put,111.73,113.41,112.57,113.1,1,1,0.33682,-0.86455,60,617.85
2025-06-30,2025-09-19,150.0,call,467.59,470.7,469.14,456.13,0,165,0.01488,1.0,81,617.85
2025-06-30,2025-09-19,150.0,put,0.02,0.03,0.03,0.02,344,28284,0.9612,-0.00037,81,617.85
2025-06-30,2025-09-19,155.0,call,462.64,465.76,464.2,391.53,0,83,0.01488,1.0,81,617.85
2025-06-30,2025-09-19,155.0,put,0.02,0.03,0.03,0.0,0,7117,0.94168,-0.00039,81,617.85
2025-06-30,2025-09-19,160.0,call,457.69,460.86,459.27,396.11,0,11,0.01488,1.0,81,617.85
2025-06-30,2025-09-19,160.0,put,0.02,0.03,0.03,0.0,0,2207,0.92217,-0.0004,81,617.85
2025-06-30,2025-09-19,165.0,call,452.68,455.81,454.25,391.21,0,237,0.01488,1.0,81,617.85
2025-06-30,2025-09-19,165.0,put,0.02,0.03,0.03,0.03,33,2783,0.90266,-0.00042,81,617.85
2025-06-30,2025-09-19,170.0,call,447.79,450.96,449.38,434.54,0,80,0.01488,1.0,81,617.85
2025-06-30,2025-09-19,170.0,put,0.02,0.03,0.03,0.03,43,1467,0.88315,-0.00043,81,617.85
2025-06-30,2025-09-19,175.0,call,442.85,446.01,444.43,359.41,0,1,0.01488,1.0,81,617.85
2025-06-30,2025-09-19,175.0,put,0.03,0.04,0.04,0.04,3,1687,0.88315,-0.00055,81,617.85
2025-06-30,2025-09-19,180.0,call,437.9,441.01,439.45,410.32,0,3,0.01488,1.0,81,617.85
2025-06-30,2025-09-19,180.0,put,0.03,0.04,0.04,0.04,3,2088,0.86364,-0.00056,81,617.85
2025-06-30,2025-09-19,185.0,call,432.95,436.06,434.5,0.0,0,0,0.01488,1.0,81,617.85
2025-06-30,2025-09-19,185.0,put,0.03,0.04,0.04,0.04,12,1593,0.84413,-0.00057,81,617.85
2025-06-30,2025-09-19,190.0,call,428.0,431.11,429.56,336.6,0,1,0.01488,1.0,81,617.85
2025-06-30,2025-09-19,190.0,put,0.04,0.05,0.04,0.05,4,1837,0.82461,-0.00057,81,617.85
2025-06-30,2025-09-19,195.0,call,423.06,426.17,424.62,331.76,0,1,0.01488,1.0,81,617.85
2025-06-30,2025-09-19,195.0,put,0.04,0.05,0.04,0.0,0,6661,0.8051,-0.00057,81,617.85
2025-06-30,2025-09-19,200.0,call,418.11,421.27,419.69,326.91,0,9,0.01488,1.0,81,617.85
2025-06-30,2025-09-19,200.0,put,0.05,0.06,0.06,0.06,6,8513,0.81486,-0.0008,81,617.85
2025-06-30,2025-09-19,205.0,call,413.16,416.33,414.75,322.07,0,1,0.01488,1.0,81,617.85
2025-06-30,2025-09-19,205.0,put,0.05,0.06,0.06,0.0,0,7208,0.8051,-0.00089,81,617.85
2025-06-30,2025-09-19,210.0,call,408.21,411.38,409.79,390.86,0,2,0.01488,1.0,81,617.85
2025-06-30,2025-09-19,210.0,put,0.05,0.06,0.06,0.0,0,2109,0.78559,-0.00088,81,617.85
2025-06-30,2025-09-19,215.0,call,403.27,406.37,404.82,283.05,0,1,0.01488,1.0,81,617.85
2025-06-30,2025-09-19,215.0,put,0.05,0.06,0.06,0.07,1,2557,0.76608,-0.00087,81,617.85
2025-06-30,2025-09-19,220.0,call,398.32,401.43,399.88,351.87,0,0,0.01488,1.0,81,617.85
2025-06-30,2025-09-19,220.0,put,0.06,0.07,0.07,0.07,1,5444,0.76608,-0.00108,81,617.85
2025-06-30,2025-09-19,225.0,call,393.38,396.48,394.93,338.21,0,79,0.01488,1.0,81,617.85
2025-06-30,2025-09-19,225.0,put,0.06,0.08,0.07,0.07,1,7331,0.74657,-0.00105,81,617.85
2025-06-30,2025-09-19,230.0,call,388.43,391.59,390.01,383.48,0,1,0.01488,1.0,81,617.85
2025-06-30,2025-09-19,230.0,put,0.07,0.08,0.08,0.09,1,3755,0.73681,-0.00115,81,617.85
2025-06-30,2025-09-19,235.0,call,383.48,386.64,385.06,327.75,0,79,0.01488,1.0,81,617.85
2025-06-30,2025-09-19,235.0,put,0.08,0.09,0.08,0.09,1,1085,0.72706,-0.00126,81,617.85
2025-06-30,2025-09-19,240.0,call,378.54,381.7,380.12,259.02,0,1,0.01488,1.0,81,617.85
2025-06-30,2025-09-19,240.0,put,0.08,0.09,0.08,0.0,0,1713,0.70754,-0.00121,81,617.85
2025-06-30,2025-09-19,245.0,call,373.59,376.7,375.14,357.85,0,2,0.01488,1.0,81,617.85
2025-06-30,2025-09-19,245.0,put,0.09,0.1,0.1,0.11,10,1163,0.70754,-0.00149,81,617.85
2025-06-30,2025-09-19,250.0,call,368.65,371.75,370.2,350.55,0,14,0.01488,1.0,81,617.85
2025-06-30,2025-09-19,250.0,put,0.09,0.1,0.1,0.11,10,2577,0.69779,-0.00161,81,617.85
2025-06-30,2025-09-19,255.0,call,363.72,366.81,365.26,244.66,0,1,0.01488,1.0,81,617.85
2025-06-30,2025-09-19,255.0,put,0.1,0.11,0.11,0.11,25,264,0.68803,-0.00174,81,617.85
2025-06-30,2025-09-19,260.0,call,358.77,361.86,360.31,340.65,0,80,0.01488,1.0,81,617.85
2025-06-30,2025-09-19,260.0,put,0.11,0.12,0.11,0.11,125,1607,0.67828,-0.00187,81,617.85
2025-06-30,2025-09-19,265.0,call,353.83,356.92,355.38,281.0,0,24,0.01488,1.0,81,617.85
2025-06-30,2025-09-19,265.0,put,0.12,0.13,0.12,0.12,60,2918,0.66852,-0.00201,81,617.85
2025-06-30,2025-09-19,270.0,call,348.88,351.97,350.43,293.97,0,79,0.01488,1.0,81,617.85
2025-06-30,2025-09-19,270.0,put,0.12,0.13,0.12,0.14,405,17537,0.64901,-0.00191,81,617.85
2025-06-30,2025-09-19,275.0,call,343.94,347.03,345.49,249.4,0,1,0.52218,0.99972,81,617.85
2025-06-30,2025-09-19,275.0,put,0.13,0.14,0.14,0.15,6,2476,0.64901,-0.00231,81,617.85
2025-06-30,2025-09-19,280.0,call,339.0,342.14,340.57,321.16,0,1,0.57096,0.99907,81,617.85
2025-06-30,2025-09-19,280.0,put,0.14,0.15,0.15,0.15,33,1398,0.63925,-0.00247,81,617.85
2025-06-30,2025-09-19,285.0,call,334.06,337.2,335.63,261.68,0,2,0.57096,0.99884,81,617.85
2025-06-30,2025-09-19,285.0,put,0.15,0.16,0.15,0.16,206,9321,0.6295,-0.00264,81,617.85
2025-06-30,2025-09-19,290.0,call,329.12,332.2,330.66,280.15,0,2,0.54169,0.99912,81,617.85
2025-06-30,2025-09-19,290.0,put,0.16,0.17,0.17,0.17,605,6087,0.61974,-0.00281,81,617.85
2025-06-30,2025-09-19,295.0,call,324.17,327.26,325.72,308.63,0,87,0.54169,0.9989,81,617.85
2025-06-30,2025-09-19,295.0,put,0.17,0.18,0.17,0.18,722,2849,0.60999,-0.00298,81,617.85
2025-06-30,2025-09-19,300.0,call,319.15,322.37,320.76,301.99,0,274,0.52218,0.99903,81,617.85
2025-06-30,2025-09-19,300.0,put,0.19,0.2,0.2,0.19,386,19483,0.60999,-0.00356,81,617.85
2025-06-30,2025-09-19,305.0,call,314.29,317.38,315.84,258.53,0,21,0.53194,0.99856,81,617.85
2025-06-30,2025-09-19,305.0,put,0.2,0.21,0.21,0.2,125,541,0.60023,-0.00377,81,617.85
2025-06-30,2025-09-19,310.0,call,309.35,312.44,310.89,291.57,0,9,0.52218,0.99849,81,617.85
2025-06-30,2025-09-19,310.0,put,0.21,0.22,0.21,0.22,133,1811,0.58072,-0.00354,81,617.85
2025-06-30,2025-09-19,315.0,call,304.41,307.56,305.99,216.08,0,31,0.54169,0.99749,81,617.85
2025-06-30,2025-09-19,315.0,put,0.22,0.23,0.23,0.24,10,545,0.58072,-0.00421,81,617.85
2025-06-30,2025-09-19,320.0,call,299.48,302.57,301.02,272.02,0,24,0.52218,0.99772,81,617.85
2025-06-30,2025-09-19,320.0,put,0.24,0.25,0.24,0.26,190,1551,0.57096,-0.00444,81,617.85
2025-06-30,2025-09-19,325.0,call,294.54,297.68,296.11,220.38,0,3,0.53194,0.99681,81,617.85
2025-06-30,2025-09-19,325.0,put,0.25,0.26,0.26,0.0,0,1014,0.56121,-0.00468,81,617.85
2025-06-30,2025-09-19,330.0,call,289.6,292.69,291.14,271.48,0,65,0.51243,0.9971,81,617.85
2025-06-30,2025-09-19,330.0,put,0.27,0.28,0.28,0.0,0,2095,0.55145,-0.00492,81,617.85
2025-06-30,2025-09-19,335.0,call,284.66,287.75,286.21,172.04,0,22,0.50267,0.99696,81,617.85
2025-06-30,2025-09-19,335.0,put,0.28,0.29,0.29,0.29,76,934,0.54169,-0.00517,81,617.85
2025-06-30,2025-09-19,340.0,call,279.73,282.82,281.27,254.09,0,22,0.50267,0.99633,81,617.85
2025-06-30,2025-09-19,340.0,put,0.3,0.31,0.3,0.31,5,2269,0.53194,-0.00543,81,617.85
2025-06-30,2025-09-19,345.0,call,274.79,277.88,276.34,174.37,0,31,0.49292,0.99617,81,617.85
2025-06-30,2025-09-19,345.0,put,0.31,0.32,0.32,0.0,0,2152,0.52218,-0.00569,81,617.85
2025-06-30,2025-09-19,350.0,call,269.85,273.0,271.43,252.15,0,91,0.49292,0.99541,81,617.85
2025-06-30,2025-09-19,350.0,put,0.33,0.34,0.34,0.33,316,3714,0.52218,-0.00671,81,617.85
2025-06-30,2025-09-19,355.0,call,264.92,268.01,266.47,246.62,0,33,0.48316,0.99521,81,617.85
2025-06-30,2025-09-19,355.0,put,0.34,0.35,0.34,0.0,0,5834,0.50267,-0.00623,81,617.85
2025-06-30,2025-09-19,360.0,call,259.99,263.07,261.53,241.02,0,76,0.4734,0.99501,81,617.85
2025-06-30,2025-09-19,360.0,put,0.36,0.37,0.36,0.37,1,1073,0.50267,-0.00734,81,617.85
2025-06-30,2025-09-19,365.0,call,255.05,258.19,256.62,239.04,0,112,0.4734,0.99404,81,617.85
2025-06-30,2025-09-19,365.0,put,0.38,0.39,0.39,0.41,11,2079,0.49292,-0.00767,81,617.85
2025-06-30,2025-09-19,370.0,call,250.12,253.2,251.66,231.01,0,10,0.46365,0.9938,81,617.85
2025-06-30,2025-09-19,370.0,put,0.4,0.41,0.41,0.43,1,1657,0.48316,-0.008,81,617.85
2025-06-30,2025-09-19,375.0,call,245.19,248.27,246.73,226.01,0,112,0.45389,0.99356,81,617.85
2025-06-30,2025-09-19,375.0,put,0.42,0.43,0.42,0.0,0,2625,0.4734,-0.00834,81,617.85
2025-06-30,2025-09-19,380.0,call,240.17,243.34,241.75,221.16,0,255,0.43438,0.99421,81,617.85
2025-06-30,2025-09-19,380.0,put,0.44,0.45,0.45,0.45,26,3685,0.46365,-0.00869,81,617.85
2025-06-30,2025-09-19,385.0,call,235.33,238.41,236.87,216.69,0,41,0.44414,0.99205,81,617.85
2025-06-30,2025-09-19,385.0,put,0.46,0.48,0.47,0.5,1,2033,0.46365,-0.0102,81,617.85
2025-06-30,2025-09-19,390.0,call,230.4,233.54,231.97,208.64,0,112,0.43438,0.99175,81,617.85
2025-06-30,2025-09-19,390.0,put,0.49,0.5,0.49,0.52,54,7680,0.45389,-0.01062,81,617.85
2025-06-30,2025-09-19,395.0,call,225.47,228.55,227.01,204.2,0,27,0.42462,0.99145,81,617.85
2025-06-30,2025-09-19,395.0,put,0.51,0.52,0.52,0.52,6,1415,0.44414,-0.01105,81,617.85
2025-06-30,2025-09-19,400.0,call,220.46,223.63,222.05,201.33,0,239,0.41487,0.99114,81,617.85
2025-06-30,2025-09-19,400.0,put,0.54,0.55,0.55,0.53,1027,53016,0.43438,-0.01148,81,617.85
2025-06-30,2025-09-19,405.0,call,215.62,218.7,217.16,180.01,0,129,0.41487,0.9895,81,617.85
2025-06-30,2025-09-19,405.0,put,0.57,0.58,0.57,0.6,2,1792,0.42462,-0.01193,81,617.85
2025-06-30,2025-09-19,410.0,call,210.66,213.77,212.22,189.68,0,566,0.40511,0.98912,81,617.85
2025-06-30,2025-09-19,410.0,put,0.6,0.61,0.6,0.6,37,12542,0.42462,-0.01397,81,617.85
2025-06-30,2025-09-19,415.0,call,205.78,208.85,207.31,157.74,0,142,0.39536,0.98874,81,617.85
2025-06-30,2025-09-19,415.0,put,0.63,0.64,0.64,0.62,41,5608,0.41487,-0.01451,81,617.85
2025-06-30,2025-09-19,420.0,call,200.78,203.93,202.36,180.62,0,801,0.3856,0.98836,81,617.85
2025-06-30,2025-09-19,420.0,put,0.66,0.67,0.67,0.66,65,4330,0.40511,-0.01507,81,617.85
2025-06-30,2025-09-19,425.0,call,195.93,199.07,197.5,176.35,0,32,0.3856,0.98622,81,617.85
2025-06-30,2025-09-19,425.0,put,0.7,0.71,0.7,0.69,84,11072,0.39536,-0.01563,81,617.85
2025-06-30,2025-09-19,430.0,call,190.94,194.12,192.53,174.99,0,676,0.37584,0.98574,81,617.85
2025-06-30,2025-09-19,430.0,put,0.73,0.74,0.73,0.73,154,4522,0.3856,-0.01621,81,617.85
2025-06-30,2025-09-19,435.0,call,186.05,189.18,187.62,167.18,0,242,0.36609,0.98525,81,617.85
2025-06-30,2025-09-19,435.0,put,0.77,0.78,0.78,0.0,0,4797,0.3856,-0.01897,81,617.85
2025-06-30,2025-09-19,440.0,call,181.13,184.27,182.7,163.73,0,446,0.35633,0.98475,81,617.85
2025-06-30,2025-09-19,440.0,put,0.81,0.82,0.81,0.8,158,8986,0.37584,-0.01969,81,617.85
2025-06-30,2025-09-19,445.0,call,176.23,179.38,177.81,173.86,0,479,0.35633,0.98197,81,617.85
2025-06-30,2025-09-19,445.0,put,0.85,0.87,0.86,0.85,569,9216,0.36609,-0.02043,81,617.85
2025-06-30,2025-09-19,450.0,call,171.32,174.45,172.88,167.48,0,266,0.34658,0.98133,81,617.85
2025-06-30,2025-09-19,450.0,put,0.9,0.91,0.91,0.89,41,35498,0.35633,-0.0212,81,617.85
2025-06-30,2025-09-19,455.0,call,166.41,169.54,167.97,149.31,0,1187,0.33682,0.98068,81,617.85
2025-06-30,2025-09-19,455.0,put,0.95,0.96,0.95,0.95,268,7718,0.35633,-0.02478,81,617.85
2025-06-30,2025-09-19,460.0,call,161.52,164.64,163.08,158.91,0,299,0.33682,0.97721,81,617.85
2025-06-30,2025-09-19,460.0,put,1.0,1.02,1.01,0.99,26,9745,0.34658,-0.02574,81,617.85
2025-06-30,2025-09-19,465.0,call,156.62,159.75,158.19,150.28,0,568,0.32707,0.97637,81,617.85
2025-06-30,2025-09-19,465.0,put,1.06,1.08,1.07,1.04,157,13357,0.33682,-0.02674,81,617.85
2025-06-30,2025-09-19,470.0,call,151.73,154.88,153.31,152.39,2,1399,0.31731,0.97551,81,617.85
2025-06-30,2025-09-19,470.0,put,1.13,1.14,1.13,1.11,2232,17433,0.32707,-0.02777,81,617.85
2025-06-30,2025-09-19,475.0,call,146.84,149.99,148.42,140.52,0,213,0.31731,0.97115,81,617.85
2025-06-30,2025-09-19,475.0,put,1.2,1.21,1.21,1.22,24,9263,0.32707,-0.03245,81,617.85
2025-06-30,2025-09-19,480.0,call,141.9,145.09,143.5,142.6,1,3594,0.30755,0.97003,81,617.85
2025-06-30,2025-09-19,480.0,put,1.27,1.29,1.28,1.24,796,35073,0.31731,-0.03378,81,617.85
2025-06-30,2025-09-19,485.0,call,137.02,140.21,138.62,128.29,0,4721,0.2978,0.96886,81,617.85
2025-06-30,2025-09-19,485.0,put,1.36,1.37,1.37,1.35,18,7971,0.30755,-0.03517,81,617.85
2025-06-30,2025-09-19,490.0,call,132.16,135.35,133.75,127.62,0,2947,0.28804,0.96764,81,617.85
2025-06-30,2025-09-19,490.0,put,1.45,1.47,1.46,1.45,12,44577,0.30755,-0.04102,81,617.85
2025-06-30,2025-09-19,495.0,call,127.3,130.5,128.9,128.17,8,2722,0.28804,0.96184,81,617.85
2025-06-30,2025-09-19,495.0,put,1.56,1.57,1.56,1.52,132,10475,0.2978,-0.04282,81,617.85
2025-06-30,2025-09-19,500.0,call,122.46,125.66,124.06,123.7,37,3153,0.27829,0.96022,81,617.85
2025-06-30,2025-09-19,500.0,put,1.68,1.69,1.69,1.67,415,56860,0.28804,-0.04472,81,617.85
2025-06-30,2025-09-19,505.0,call,117.63,120.86,119.25,109.79,0,1606,0.27829,0.95326,81,617.85
2025-06-30,2025-09-19,505.0,put,1.81,1.82,1.81,1.75,69,11624,0.28804,-0.05208,81,617.85
2025-06-30,2025-09-19,510.0,call,112.81,116.04,114.43,113.29,6,1091,0.26853,0.95111,81,617.85
2025-06-30,2025-09-19,510.0,put,1.96,1.97,1.96,1.95,398,20359,0.27829,-0.05456,81,617.85
2025-06-30,2025-09-19,515.0,call,108.02,111.26,109.64,108.67,2,2919,0.26853,0.94278,81,617.85
2025-06-30,2025-09-19,515.0,put,2.12,2.14,2.13,2.06,54,13147,0.26853,-0.05722,81,617.85
2025-06-30,2025-09-19,520.0,call,103.25,106.45,104.85,104.37,14,1691,0.25877,0.93993,81,617.85
2025-06-30,2025-09-19,520.0,put,2.31,2.33,2.32,2.29,413,31606,0.26853,-0.06652,81,617.85
2025-06-30,2025-09-19,525.0,call,98.47,101.69,100.08,99.55,2,2397,0.24902,0.93684,81,617.85
2025-06-30,2025-09-19,525.0,put,2.52,2.54,2.53,2.44,748,21606,0.25877,-0.07002,81,617.85
2025-06-30,2025-09-19,530.0,call,93.74,95.8,94.77,93.47,2,5942,0.22951,0.9408,81,617.85
2025-06-30,2025-09-19,530.0,put,2.75,2.77,2.76,2.73,2848,92820,0.25877,-0.08107,81,617.85
2025-06-30,2025-09-19,535.0,call,89.01,92.25,90.63,90.43,1,1752,0.23926,0.92205,81,617.85
2025-06-30,2025-09-19,535.0,put,3.01,3.03,3.02,2.98,320,37471,0.24902,-0.08567,81,617.85
2025-06-30,2025-09-19,540.0,call,84.45,87.57,86.01,86.06,18,4010,0.23926,0.9093,81,617.85
2025-06-30,2025-09-19,540.0,put,3.3,3.32,3.31,3.3,1494,52104,0.24902,-0.09876,81,617.85
2025-06-30,2025-09-19,545.0,call,79.8,81.47,80.63,81.59,4,2266,0.21975,0.91253,81,617.85
2025-06-30,2025-09-19,545.0,put,3.62,3.65,3.63,3.56,484,24583,0.23926,-0.10479,81,617.85
2025-06-30,2025-09-19,550.0,call,75.45,77.63,76.54,77.01,33,5466,0.21975,0.89765,81,617.85
2025-06-30,2025-09-19,550.0,put,3.98,4.0,3.99,3.97,1966,52814,0.22951,-0.11144,81,617.85
2025-06-30,2025-09-19,555.0,call,70.88,73.07,71.97,72.78,50,4059,0.21975,0.88117,81,617.85
2025-06-30,2025-09-19,555.0,put,4.37,4.4,4.38,4.23,1072,38339,0.22951,-0.12815,81,617.85
2025-06-30,2025-09-19,560.0,call,66.4,68.45,67.43,68.8,115,6202,0.21,0.87293,81,617.85
2025-06-30,2025-09-19,560.0,put,4.81,4.83,4.82,4.84,870,34060,0.21975,-0.13693,81,617.85
2025-06-30,2025-09-19,565.0,call,61.54,64.53,63.03,62.4,8,10230,0.21,0.85326,81,617.85
2025-06-30,2025-09-19,565.0,put,5.29,5.31,5.3,5.23,814,33614,0.21975,-0.15664,81,617.85
2025-06-30,2025-09-19,570.0,call,57.49,59.47,58.48,59.33,17,10485,0.20024,0.84221,81,617.85
2025-06-30,2025-09-19,570.0,put,5.82,5.85,5.83,5.83,837,22690,0.21,-0.16816,81,617.85
2025-06-30,2025-09-19,575.0,call,53.18,54.99,54.09,55.66,104,15017,0.20024,0.81885,81,617.85
2025-06-30,2025-09-19,575.0,put,6.4,6.43,6.42,6.3,188,18510,0.21,-0.19129,81,617.85
2025-06-30,2025-09-19,580.0,call,48.91,50.59,49.75,50.11,52,15482,0.19048,0.80413,81,617.85
2025-06-30,2025-09-19,580.0,put,7.06,7.09,7.07,7.01,9764,37536,0.20024,-0.20633,81,617.85
2025-06-30,2025-09-19,585.0,call,44.97,45.99,45.48,47.01,70,12510,0.18073,0.78732,81,617.85
2025-06-30,2025-09-19,585.0,put,7.78,7.81,7.79,7.78,2096,20480,0.19048,-0.22339,81,617.85
2025-06-30,2025-09-19,590.0,call,40.77,41.42,41.09,41.62,69,14859,0.18073,0.75716,81,617.85
2025-06-30,2025-09-19,590.0,put,8.58,8.61,8.59,8.45,6342,25506,0.19048,-0.25272,81,617.85
2025-06-30,2025-09-19,595.0,call,36.66,37.7,37.18,38.47,57,12935,0.17097,0.73482,81,617.85
2025-06-30,2025-09-19,595.0,put,9.47,9.5,9.48,9.35,2927,10872,0.18073,-0.2749,81,617.85
2025-06-30,2025-09-19,600.0,call,33.15,33.22,33.19,33.4,1595,37128,0.17097,0.69971,81,617.85
2025-06-30,2025-09-19,600.0,put,10.48,10.51,10.5,10.47,12824,16411,0.18073,-0.30862,81,617.85
2025-06-30,2025-09-19,605.0,call,29.28,29.34,29.31,30.31,152,17849,0.16122,0.67048,81,617.85
2025-06-30,2025-09-19,605.0,put,11.61,11.65,11.63,11.6,1075,7136,0.17097,-0.33705,81,617.85
2025-06-30,2025-09-19,610.0,call,25.56,25.61,25.59,25.81,186,26934,0.15146,0.63667,81,617.85
2025-06-30,2025-09-19,610.0,put,12.91,12.95,12.93,12.82,3556,7569,0.16122,-0.36962,81,617.85
2025-06-30,2025-09-19,615.0,call,22.02,22.07,22.05,22.04,1177,27837,0.15146,0.59295,81,617.85
2025-06-30,2025-09-19,615.0,put,14.41,14.45,14.43,14.42,2501,1955,0.16122,-0.41084,81,617.85
2025-06-30,2025-09-19,620.0,call,18.71,18.75,18.73,18.71,860,17762,0.1417,0.54985,81,617.85
2025-06-30,2025-09-19,620.0,put,16.15,16.19,16.17,16.2,1510,2558,0.15146,-0.45158,81,617.85
2025-06-30,2025-09-19,625.0,call,15.65,15.69,15.67,15.87,1620,12491,0.1417,0.50198,81,617.85
2025-06-30,2025-09-19,625.0,put,18.17,18.22,18.2,17.9,2424,3365,0.15146,-0.49637,81,617.85
2025-06-30,2025-09-19,630.0,call,12.88,12.92,12.9,12.86,759,22549,0.13195,0.44922,81,617.85
2025-06-30,2025-09-19,630.0,put,20.51,20.56,20.54,20.06,975,383,0.15146,-0.54086,81,617.85
2025-06-30,2025-09-19,635.0,call,10.42,10.46,10.44,10.63,599,11851,0.13195,0.39944,81,617.85
2025-06-30,2025-09-19,635.0,put,22.76,23.74,23.25,22.92,39,459,0.1417,-0.59205,81,617.85
2025-06-30,2025-09-19,640.0,call,8.29,8.33,8.31,8.3,1821,19955,0.13195,0.35161,81,617.85
2025-06-30,2025-09-19,640.0,put,25.75,26.9,26.32,25.4,38,241,0.1417,-0.63695,81,617.85
2025-06-30,2025-09-19,645.0,call,6.48,6.52,6.5,6.92,650,14329,0.12219,0.29069,81,617.85
2025-06-30,2025-09-19,645.0,put,29.08,30.51,29.8,29.41,64,20,0.15146,-0.66727,81,617.85
2025-06-30,2025-09-19,650.0,call,4.99,5.02,5.0,5.0,1599,12888,0.12219,0.2465,81,617.85
2025-06-30,2025-09-19,650.0,put,32.8,34.48,33.64,33.63,4,33,0.15146,-0.70561,81,617.85
2025-06-30,2025-09-19,655.0,call,3.79,3.81,3.8,3.88,966,13933,0.12219,0.20649,81,617.85
2025-06-30,2025-09-19,655.0,put,36.13,38.77,37.45,38.2,15,12,0.15146,-0.74151,81,617.85
2025-06-30,2025-09-19,660.0,call,2.83,2.85,2.84,2.83,790,9036,0.12219,0.17086,81,617.85
2025-06-30,2025-09-19,660.0,put,40.94,42.9,41.92,42.5,5,7,0.16122,-0.75943,81,617.85
2025-06-30,2025-09-19,665.0,call,2.08,2.1,2.09,2.29,506,2722,0.11244,0.11889,81,617.85
2025-06-30,2025-09-19,665.0,put,45.91,49.05,47.48,50.66,31,5,0.18073,-0.76064,81,617.85
2025-06-30,2025-09-19,670.0,call,1.51,1.53,1.52,1.67,169,3815,0.11244,0.09309,81,617.85
2025-06-30,2025-09-19,670.0,put,50.85,53.97,52.41,0.0,0,0,0.19048,-0.7737,81,617.85
2025-06-30,2025-09-19,675.0,call,1.08,1.1,1.09,1.13,920,5300,0.11244,0.07182,81,617.85
2025-06-30,2025-09-19,675.0,put,55.91,58.97,57.44,0.0,0,0,0.20024,-0.78489,81,617.85
2025-06-30,2025-09-19,680.0,call,0.77,0.79,0.78,0.86,945,4663,0.11244,0.05461,81,617.85
2025-06-30,2025-09-19,680.0,put,60.85,63.97,62.41,0.0,0,0,0.21,-0.79454,81,617.85
2025-06-30,2025-09-19,685.0,call,0.55,0.56,0.56,0.58,96,4003,0.11244,0.04093,81,617.85
2025-06-30,2025-09-19,685.0,put,65.85,68.97,67.41,0.0,0,5,0.21975,-0.80291,81,617.85
2025-06-30,2025-09-19,690.0,call,0.39,0.4,0.4,0.42,13,2923,0.11244,0.03024,81,617.85
2025-06-30,2025-09-19,690.0,put,70.91,74.08,72.5,75.66,160,25,0.22951,-0.81019,81,617.85
2025-06-30,2025-09-19,695.0,call,0.28,0.29,0.29,0.31,218,3492,0.11244,0.02203,81,617.85
2025-06-30,2025-09-19,695.0,put,75.85,78.97,77.41,0.0,0,0,0.23926,-0.81656,81,617.85
2025-06-30,2025-09-19,700.0,call,0.2,0.21,0.21,0.21,1609,18679,0.11244,0.01582,81,617.85
2025-06-30,2025-09-19,700.0,put,80.91,84.08,82.5,85.66,20,3,0.25877,-0.81172,81,617.85
2025-06-30,2025-09-19,705.0,call,0.15,0.16,0.15,0.17,31,4131,0.11244,0.01121,81,617.85
2025-06-30,2025-09-19,705.0,put,85.91,88.97,87.44,0.0,0,0,0.26853,-0.81697,81,617.85
2025-06-30,2025-09-19,710.0,call,0.12,0.13,0.12,0.14,1,2111,0.12219,0.01323,81,617.85
2025-06-30,2025-09-19,710.0,put,90.85,93.97,92.41,0.0,0,0,0.27829,-0.82163,81,617.85
2025-06-30,2025-09-19,715.0,call,0.09,0.1,0.1,0.1,20,8876,0.12219,0.00961,81,617.85
2025-06-30,2025-09-19,715.0,put,95.91,98.97,97.44,0.0,0,0,0.28804,-0.82577,81,617.85
2025-06-30,2025-09-19,720.0,call,0.07,0.08,0.08,0.08,1532,2974,0.12219,0.0069,81,617.85
2025-06-30,2025-09-19,720.0,put,100.85,103.97,102.41,0.0,0,0,0.2978,-0.82946,81,617.85
2025-06-30,2025-09-19,725.0,call,0.06,0.07,0.07,0.08,1372,3750,0.12219,0.0049,81,617.85
2025-06-30,2025-09-19,725.0,put,105.91,108.97,107.44,0.0,0,0,0.30755,-0.83274,81,617.85
2025-06-30,2025-09-19,730.0,call,0.05,0.06,0.06,0.06,2035,12902,0.13195,0.00625,81,617.85
2025-06-30,2025-09-19,730.0,put,110.91,113.97,112.44,0.0,0,0,0.31731,-0.83568,81,617.85
2025-06-30,2025-09-19,735.0,call,0.04,0.05,0.04,0.04,12,6702,0.13195,0.00456,81,617.85
2025-06-30,2025-09-19,735.0,put,115.91,118.97,117.44,0.0,0,0,0.32707,-0.8383,81,617.85
2025-06-30,2025-09-19,740.0,call,0.03,0.04,0.04,0.03,0,4522,0.13195,0.0033,81,617.85
2025-06-30,2025-09-19,740.0,put,120.91,123.97,122.44,0.0,0,0,0.33682,-0.84064,81,617.85
2025-06-30,2025-09-19,745.0,call,0.03,0.04,0.04,0.03,725,2041,0.1417,0.00432,81,617.85
2025-06-30,2025-09-19,745.0,put,125.91,128.97,127.44,0.0,0,0,0.34658,-0.84273,81,617.85
2025-06-30,2025-09-19,750.0,call,0.03,0.04,0.04,0.03,1038,4133,0.1417,0.0032,81,617.85
2025-06-30,2025-09-19,750.0,put,130.85,133.97,132.41,0.0,0,0,0.34658,-0.85238,81,617.85
2025-06-30,2025-09-19,755.0,call,0.02,0.03,0.03,0.03,1100,1576,0.1417,0.00236,81,617.85
2025-06-30,2025-09-19,755.0,put,135.85,138.97,137.41,0.0,0,0,0.35633,-0.85385,81,617.85
2025-06-30,2025-09-19,760.0,call,0.02,0.03,0.03,0.03,3,1574,0.15146,0.00315,81,617.85
2025-06-30,2025-09-19,760.0,put,140.85,143.97,142.41,0.0,0,0,0.36609,-0.85515,81,617.85
2025-06-30,2025-09-19,765.0,call,0.02,0.03,0.03,0.02,0,628,0.15146,0.00237,81,617.85
2025-06-30,2025-09-19,765.0,put,145.91,148.97,147.44,0.0,0,0,0.37584,-0.85629,81,617.85
2025-06-30,2025-09-19,770.0,call,0.02,0.03,0.03,0.02,1,737,0.15146,0.00178,81,617.85
2025-06-30,2025-09-19,770.0,put,150.91,153.97,152.44,0.0,0,0,0.3856,-0.85728,81,617.85
2025-06-30,2025-09-19,775.0,call,0.01,0.02,0.01,0.02,1,1751,0.1417,0.00065,81,617.85
2025-06-30,2025-09-19,775.0,put,155.91,158.97,157.44,0.0,0,0,0.39536,-0.85815,81,617.85
2025-06-30,2025-09-19,780.0,call,0.01,0.02,0.01,0.01,0,318,0.15146,0.00098,81,617.85
2025-06-30,2025-09-19,780.0,put,160.91,163.97,162.44,0.0,0,0,0.40511,-0.8589,81,617.85
2025-06-30,2025-09-19,785.0,call,0.01,0.02,0.01,0.01,2,677,0.15146,0.00072,81,617.85
2025-06-30,2025-09-19,785.0,put,165.91,168.97,167.44,0.0,0,0,0.41487,-0.85954,81,617.85
2025-06-30,2025-09-19,790.0,call,0.01,0.02,0.01,0.02,0,1693,0.16122,0.00106,81,617.85
2025-06-30,2025-09-19,790.0,put,170.91,173.97,172.44,0.0,0,0,0.42462,-0.86008,81,617.85
2025-06-30,2025-09-19,795.0,call,0.01,0.02,0.01,0.01,0,1159,0.16122,0.0008,81,617.85
2025-06-30,2025-09-19,795.0,put,175.85,178.97,177.41,0.0,0,0,0.42462,-0.86698,81,617.85
2025-06-30,2025-09-19,800.0,call,0.01,0.02,0.01,0.01,0,1799,0.16122,0.0006,81,617.85
2025-06-30,2025-09-19,800.0,put,180.91,183.97,182.44,0.0,0,0,0.43438,-0.86722,81,617.85
2025-06-30,2025-09-19,805.0,call,0.01,0.02,0.01,0.01,2,1913,0.17097,0.00089,81,617.85
2025-06-30,2025-09-19,805.0,put,185.91,188.97,187.44,0.0,0,0,0.44414,-0.86739,81,617.85
2025-06-30,2025-09-19,810.0,call,0.01,0.02,0.01,0.01,0,1453,0.17097,0.00068,81,617.85
2025-06-30,2025-09-19,810.0,put,190.91,193.97,192.44,0.0,0,0,0.45389,-0.86749,81,617.85
2025-06-30,2025-09-19,815.0,call,0.01,0.02,0.01,0.01,103,16185,0.18073,0.00098,81,617.85
2025-06-30,2025-09-19,815.0,put,195.91,198.97,197.44,0.0,0,0,0.46365,-0.86752,81,617.85
2025-06-30,2025-09-19,820.0,call,0.01,0.02,0.01,0.01,0,2399,0.18073,0.00076,81,617.85
2025-06-30,2025-09-19,820.0,put,200.85,203.97,202.41,0.0,0,0,0.4734,-0.8675,81,617.85
2025-06-30,2025-09-19,825.0,put,205.91,208.97,207.44,0.0,0,0,0.4734,-0.87326,81,617.85
2025-06-30,2025-09-19,830.0,put,210.91,213.97,212.44,0.0,0,0,0.48316,-0.87304,81,617.85
2025-06-30,2025-09-30,345.0,call,274.83,278.03,276.43,0.0,0,0,0.01488,1.0,92,617.85
2025-06-30,2025-09-30,345.0,put,0.38,0.39,0.39,0.38,278,1650,0.50267,-0.0066,92,617.85
2025-06-30,2025-09-30,350.0,call,269.89,273.1,271.5,252.0,0,31,0.01488,1.0,92,617.85
2025-06-30,2025-09-30,350.0,put,0.4,0.42,0.41,0.42,10,1751,0.50267,-0.00773,92,617.85
2025-06-30,2025-09-30,355.0,call,264.96,268.04,266.5,0.0,0,0,0.01488,1.0,92,617.85
2025-06-30,2025-09-30,355.0,put,0.42,0.44,0.43,0.0,0,389,0.49292,-0.00804,92,617.85
2025-06-30,2025-09-30,360.0,call,260.03,263.17,261.6,164.24,0,4,0.01488,1.0,92,617.85
2025-06-30,2025-09-30,360.0,put,0.45,0.46,0.46,0.0,0,198,0.48316,-0.00836,92,617.85
2025-06-30,2025-09-30,365.0,call,255.1,258.18,256.64,199.57,0,17,0.01488,1.0,92,617.85
2025-06-30,2025-09-30,365.0,put,0.47,0.48,0.47,0.0,0,248,0.4734,-0.00867,92,617.85
2025-06-30,2025-09-30,370.0,call,250.17,253.25,251.71,0.0,0,0,0.01488,1.0,92,617.85
2025-06-30,2025-09-30,370.0,put,0.49,0.5,0.49,0.5,8,292,0.46365,-0.00899,92,617.85
2025-06-30,2025-09-30,375.0,call,245.24,248.32,246.78,0.0,0,0,0.01488,1.0,92,617.85
2025-06-30,2025-09-30,375.0,put,0.51,0.53,0.52,0.52,30,161,0.46365,-0.01049,92,617.85
2025-06-30,2025-09-30,380.0,call,240.31,243.39,241.85,178.37,0,2,0.01488,1.0,92,617.85
2025-06-30,2025-09-30,380.0,put,0.54,0.55,0.55,0.57,1,427,0.45389,-0.01087,92,617.85
2025-06-30,2025-09-30,385.0,call,235.38,238.46,236.92,216.24,0,1,0.01488,1.0,92,617.85
2025-06-30,2025-09-30,385.0,put,0.57,0.58,0.57,0.61,3,80,0.44414,-0.01125,92,617.85
2025-06-30,2025-09-30,390.0,call,230.46,233.59,232.03,210.86,0,81,0.01488,1.0,92,617.85
2025-06-30,2025-09-30,390.0,put,0.59,0.61,0.6,0.63,106,243,0.43438,-0.01164,92,617.85
2025-06-30,2025-09-30,395.0,call,225.53,228.61,227.07,128.3,0,74,0.01488,1.0,92,617.85
2025-06-30,2025-09-30,395.0,put,0.62,0.64,0.63,0.64,1,363,0.42462,-0.01203,92,617.85
2025-06-30,2025-09-30,400.0,call,220.61,223.69,222.15,212.43,0,11,0.01488,1.0,92,617.85
2025-06-30,2025-09-30,400.0,put,0.65,0.67,0.66,0.65,37,5797,0.42462,-0.014,92,617.85
2025-06-30,2025-09-30,405.0,call,215.69,218.82,217.25,198.67,0,34,0.24902,0.99979,92,617.85
2025-06-30,2025-09-30,405.0,put,0.69,0.7,0.69,0.72,6,544,0.41487,-0.01447,92,617.85
2025-06-30,2025-09-30,410.0,call,210.77,213.84,212.31,110.5,0,128,0.25877,0.99953,92,617.85
2025-06-30,2025-09-30,410.0,put,0.72,0.74,0.73,0.74,23,4871,0.40511,-0.01494,92,617.85
2025-06-30,2025-09-30,415.0,call,205.85,208.92,207.38,197.7,0,142,0.26853,0.99903,92,617.85
2025-06-30,2025-09-30,415.0,put,0.76,0.77,0.77,0.8,3,435,0.39536,-0.01542,92,617.85
2025-06-30,2025-09-30,420.0,call,200.93,204.01,202.47,172.74,0,8,0.28804,0.99758,92,617.85
2025-06-30,2025-09-30,420.0,put,0.79,0.81,0.8,0.78,21,1475,0.39536,-0.01791,92,617.85
2025-06-30,2025-09-30,425.0,call,196.01,199.15,197.58,173.67,0,36,0.2978,0.99598,92,617.85
2025-06-30,2025-09-30,425.0,put,0.83,0.85,0.84,0.82,6,586,0.3856,-0.01849,92,617.85
2025-06-30,2025-09-30,430.0,call,191.1,194.18,192.64,172.5,0,22,0.28804,0.99603,92,617.85
2025-06-30,2025-09-30,430.0,put,0.88,0.89,0.89,0.87,196,1452,0.37584,-0.01908,92,617.85
2025-06-30,2025-09-30,435.0,call,186.19,189.32,187.75,167.68,0,14,0.2978,0.9937,92,617.85
2025-06-30,2025-09-30,435.0,put,0.92,0.93,0.93,0.94,234,477,0.36609,-0.01968,92,617.85
2025-06-30,2025-09-30,440.0,call,181.22,184.36,182.79,182.12,16,18,0.27829,0.99503,92,617.85
2025-06-30,2025-09-30,440.0,put,0.97,0.98,0.97,0.95,212,1001,0.36609,-0.02284,92,617.85
2025-06-30,2025-09-30,445.0,call,176.37,179.45,177.91,168.0,0,3,0.28804,0.99218,92,617.85
2025-06-30,2025-09-30,445.0,put,1.02,1.03,1.02,1.0,288,4077,0.35633,-0.02358,92,617.85
2025-06-30,2025-09-30,450.0,call,171.76,174.55,173.16,167.51,0,392,0.2978,0.98834,92,617.85
2025-06-30,2025-09-30,450.0,put,1.07,1.09,1.08,1.05,249,3685,0.34658,-0.02433,92,617.85
2025-06-30,2025-09-30,455.0,call,166.57,169.65,168.11,105.99,0,40,0.27829,0.9903,92,617.85
2025-06-30,2025-09-30,455.0,put,1.13,1.15,1.14,1.15,120,973,0.33682,-0.02509,92,617.85
2025-06-30,2025-09-30,460.0,call,161.68,164.76,163.22,150.5,0,111,0.27829,0.98808,92,617.85
2025-06-30,2025-09-30,460.0,put,1.2,1.21,1.21,1.18,14,2215,0.33682,-0.02913,92,617.85
2025-06-30,2025-09-30,465.0,call,156.79,159.87,158.33,126.5,0,73,0.27829,0.98545,92,617.85
2025-06-30,2025-09-30,465.0,put,1.26,1.28,1.27,0.0,0,1235,0.32707,-0.03009,92,617.85
2025-06-30,2025-09-30,470.0,call,151.9,154.99,153.44,143.51,0,78,0.26853,0.98527,92,617.85
2025-06-30,2025-09-30,470.0,put,1.34,1.36,1.35,1.41,53,5738,0.31731,-0.03109,92,617.85
2025-06-30,2025-09-30,475.0,call,147.03,150.17,148.6,130.52,0,27,0.26853,0.98208,92,617.85
2025-06-30,2025-09-30,475.0,put,1.42,1.44,1.43,1.47,4,2695,0.31731,-0.03604,92,617.85
2025-06-30,2025-09-30,480.0,call,142.16,145.25,143.7,142.96,4,206,0.26853,0.97836,92,617.85
2025-06-30,2025-09-30,480.0,put,1.52,1.54,1.53,1.56,16,5354,0.30755,-0.0373,92,617.85
2025-06-30,2025-09-30,485.0,call,137.3,140.39,138.84,124.85,0,63,0.25877,0.97791,92,617.85
2025-06-30,2025-09-30,485.0,put,1.62,1.64,1.63,1.67,212,2170,0.2978,-0.03861,92,617.85
2025-06-30,2025-09-30,490.0,call,132.34,135.54,133.94,117.34,0,287,0.25877,0.97341,92,617.85
2025-06-30,2025-09-30,490.0,put,1.73,1.75,1.74,1.77,2,8018,0.2978,-0.04471,92,617.85
2025-06-30,2025-09-30,495.0,call,127.61,130.7,129.16,120.88,0,55,0.24902,0.97276,92,617.85
2025-06-30,2025-09-30,495.0,put,1.86,1.88,1.87,1.85,17747,2142,0.28804,-0.0464,92,617.85
2025-06-30,2025-09-30,500.0,call,122.68,125.92,124.3,123.34,2,298,0.24902,0.96731,92,617.85
2025-06-30,2025-09-30,500.0,put,2.0,2.02,2.01,1.94,682,11960,0.28804,-0.05356,92,617.85
2025-06-30,2025-09-30,505.0,call,117.87,121.11,119.49,101.86,0,1478,0.24902,0.96105,92,617.85
2025-06-30,2025-09-30,505.0,put,2.15,2.17,2.16,2.09,79,2808,0.27829,-0.05574,92,617.85
2025-06-30,2025-09-30,510.0,call,113.08,116.29,114.69,113.0,5,206,0.23926,0.95976,92,617.85
2025-06-30,2025-09-30,510.0,put,2.33,2.35,2.34,2.29,341,5140,0.26853,-0.05806,92,617.85
2025-06-30,2025-09-30,515.0,call,108.42,111.52,109.97,104.82,0,196,0.23926,0.95221,92,617.85
2025-06-30,2025-09-30,515.0,put,2.52,2.55,2.54,2.45,14,1313,0.26853,-0.06694,92,617.85
2025-06-30,2025-09-30,516.0,call,107.46,110.56,109.01,98.07,0,129,0.23926,0.95058,92,617.85
2025-06-30,2025-09-30,516.0,put,2.56,2.59,2.58,2.65,3,585,0.26853,-0.06883,92,617.85
2025-06-30,2025-09-30,517.0,call,106.51,109.61,108.06,57.19,0,44,0.23926,0.94892,92,617.85
2025-06-30,2025-09-30,517.0,put,2.61,2.63,2.62,0.0,0,371,0.26853,-0.07076,92,617.85
2025-06-30,2025-09-30,518.0,call,105.56,108.67,107.12,68.34,0,49,0.23926,0.94721,92,617.85
2025-06-30,2025-09-30,518.0,put,2.65,2.68,2.67,0.0,0,112,0.26853,-0.07272,92,617.85
2025-06-30,2025-09-30,519.0,call,104.61,107.71,106.16,56.42,0,114,0.23926,0.94545,92,617.85
2025-06-30,2025-09-30,519.0,put,2.69,2.72,2.71,2.63,2,196,0.25877,-0.06799,92,617.85
2025-06-30,2025-09-30,520.0,call,103.66,106.77,105.22,102.88,0,1371,0.23926,0.94366,92,617.85
2025-06-30,2025-09-30,520.0,put,2.74,2.77,2.75,2.67,58,5965,0.25877,-0.06996,92,617.85
2025-06-30,2025-09-30,521.0,call,102.72,105.82,104.27,103.37,1,19,0.22951,0.94866,92,617.85
2025-06-30,2025-09-30,521.0,put,2.79,2.81,2.8,2.74,2,46,0.25877,-0.07197,92,617.85
2025-06-30,2025-09-30,522.0,call,101.77,104.87,103.32,87.08,0,30,0.22951,0.94689,92,617.85
2025-06-30,2025-09-30,522.0,put,2.83,2.86,2.84,2.75,3,142,0.25877,-0.07401,92,617.85
2025-06-30,2025-09-30,523.0,call,100.82,103.93,102.38,78.93,0,47,0.22951,0.94506,92,617.85
2025-06-30,2025-09-30,523.0,put,2.88,2.91,2.9,2.92,2,142,0.25877,-0.0761,92,617.85
2025-06-30,2025-09-30,524.0,call,99.88,102.98,101.43,86.0,0,114,0.22951,0.9432,92,617.85
2025-06-30,2025-09-30,524.0,put,2.93,2.96,2.95,2.97,6,248,0.25877,-0.07823,92,617.85
2025-06-30,2025-09-30,525.0,call,98.82,102.04,100.43,97.43,0,2526,0.22951,0.94128,92,617.85
2025-06-30,2025-09-30,525.0,put,2.98,3.01,3.0,3.08,49,2030,0.25877,-0.08039,92,617.85
2025-06-30,2025-09-30,526.0,call,97.99,101.1,99.54,83.46,0,464,0.22951,0.93932,92,617.85
2025-06-30,2025-09-30,526.0,put,3.03,3.06,3.04,3.12,1,309,0.25877,-0.0826,92,617.85
2025-06-30,2025-09-30,527.0,call,97.04,100.16,98.6,80.87,0,43,0.22951,0.93732,92,617.85
2025-06-30,2025-09-30,527.0,put,3.08,3.11,3.09,0.0,0,281,0.25877,-0.08485,92,617.85
2025-06-30,2025-09-30,528.0,call,96.68,99.22,97.95,45.46,0,204,0.23926,0.92774,92,617.85
2025-06-30,2025-09-30,528.0,put,3.14,3.17,3.16,0.0,0,170,0.24902,-0.07974,92,617.85
2025-06-30,2025-09-30,529.0,call,95.74,98.31,97.03,46.65,0,24,0.23926,0.92555,92,617.85
2025-06-30,2025-09-30,529.0,put,3.19,3.22,3.21,0.0,0,127,0.24902,-0.08201,92,617.85
2025-06-30,2025-09-30,530.0,call,94.8,97.34,96.07,94.8,75,402,0.22951,0.93101,92,617.85
2025-06-30,2025-09-30,530.0,put,3.25,3.28,3.26,3.18,9,3412,0.24902,-0.08432,92,617.85
2025-06-30,2025-09-30,531.0,call,93.86,96.4,95.13,44.51,0,8,0.22951,0.92881,92,617.85
2025-06-30,2025-09-30,531.0,put,3.3,3.33,3.31,0.0,0,212,0.24902,-0.08668,92,617.85
2025-06-30,2025-09-30,532.0,call,92.92,95.49,94.2,53.12,0,11,0.22951,0.92657,92,617.85
2025-06-30,2025-09-30,532.0,put,3.36,3.39,3.38,3.44,22,362,0.24902,-0.08908,92,617.85
2025-06-30,2025-09-30,533.0,call,91.98,94.53,93.25,83.74,0,55,0.22951,0.92427,92,617.85
2025-06-30,2025-09-30,533.0,put,3.42,3.45,3.44,0.0,0,100,0.24902,-0.09153,92,617.85
2025-06-30,2025-09-30,534.0,call,91.05,93.61,92.33,55.15,0,24,0.22951,0.92192,92,617.85
2025-06-30,2025-09-30,534.0,put,3.48,3.51,3.5,3.41,10,131,0.24902,-0.09402,92,617.85
2025-06-30,2025-09-30,535.0,call,90.12,92.66,91.39,89.0,0,161,0.22951,0.91953,92,617.85
2025-06-30,2025-09-30,535.0,put,3.54,3.57,3.55,3.46,31,1512,0.24902,-0.09655,92,617.85
2025-06-30,2025-09-30,536.0,call,89.19,91.73,90.46,71.91,0,51,0.22951,0.91708,92,617.85
2025-06-30,2025-09-30,536.0,put,3.61,3.64,3.62,3.71,3,272,0.24902,-0.09913,92,617.85
2025-06-30,2025-09-30,537.0,call,88.24,90.82,89.53,75.35,0,17,0.22951,0.91458,92,617.85
2025-06-30,2025-09-30,537.0,put,3.67,3.7,3.69,3.56,3,1136,0.24902,-0.10176,92,617.85
2025-06-30,2025-09-30,538.0,call,87.31,89.87,88.59,70.92,0,16,0.22951,0.91203,92,617.85
2025-06-30,2025-09-30,538.0,put,3.74,3.77,3.75,3.83,20,182,0.23926,-0.09629,92,617.85
2025-06-30,2025-09-30,539.0,call,86.38,88.95,87.66,82.61,0,44,0.22951,0.90943,92,617.85
2025-06-30,2025-09-30,539.0,put,3.8,3.83,3.81,3.89,6,154,0.23926,-0.09896,92,617.85
2025-06-30,2025-09-30,540.0,call,84.89,88.08,86.48,85.84,3,450,0.21975,0.9154,92,617.85
2025-06-30,2025-09-30,540.0,put,3.87,3.9,3.88,3.78,73,3066,0.23926,-0.10167,92,617.85
2025-06-30,2025-09-30,541.0,call,84.54,87.09,85.81,48.14,0,71,0.21975,0.91277,92,617.85
2025-06-30,2025-09-30,541.0,put,3.94,3.97,3.96,0.0,0,174,0.23926,-0.10443,92,617.85
2025-06-30,2025-09-30,542.0,call,83.6,85.73,84.66,68.4,0,70,0.21975,0.91009,92,617.85
2025-06-30,2025-09-30,542.0,put,4.01,4.04,4.03,3.85,75,307,0.23926,-0.10725,92,617.85
2025-06-30,2025-09-30,543.0,call,82.71,85.26,83.98,83.0,2,67,0.21975,0.90735,92,617.85
2025-06-30,2025-09-30,543.0,put,4.08,4.11,4.1,4.21,1,474,0.23926,-0.11011,92,617.85
2025-06-30,2025-09-30,544.0,call,81.79,83.88,82.84,65.94,0,111,0.21975,0.90455,92,617.85
2025-06-30,2025-09-30,544.0,put,4.15,4.19,4.17,4.03,16,231,0.23926,-0.11302,92,617.85
2025-06-30,2025-09-30,545.0,call,80.83,82.05,81.44,82.32,4,207,0.21,0.91089,92,617.85
2025-06-30,2025-09-30,545.0,put,4.23,4.26,4.25,4.16,16,1653,0.23926,-0.11597,92,617.85
2025-06-30,2025-09-30,546.0,call,79.94,82.02,80.98,66.73,0,91,0.21975,0.89878,92,617.85
2025-06-30,2025-09-30,546.0,put,4.3,4.34,4.32,0.0,0,159,0.23926,-0.11898,92,617.85
2025-06-30,2025-09-30,547.0,call,79.02,81.09,80.06,63.61,0,77,0.21,0.90515,92,617.85
2025-06-30,2025-09-30,547.0,put,4.38,4.41,4.39,0.0,0,90,0.22951,-0.11326,92,617.85
2025-06-30,2025-09-30,548.0,call,78.11,80.17,79.14,64.44,0,67,0.21,0.9022,92,617.85
2025-06-30,2025-09-30,548.0,put,4.46,4.49,4.47,0.0,0,213,0.22951,-0.11633,92,617.85
2025-06-30,2025-09-30,549.0,call,77.19,79.25,78.22,70.01,0,50,0.21,0.89918,92,617.85
2025-06-30,2025-09-30,549.0,put,4.54,4.58,4.56,4.46,4,98,0.22951,-0.11946,92,617.85
2025-06-30,2025-09-30,550.0,call,75.93,78.21,77.07,77.22,20,1882,0.21,0.8961,92,617.85
2025-06-30,2025-09-30,550.0,put,4.62,4.66,4.64,4.6,1544,10199,0.22951,-0.12264,92,617.85
2025-06-30,2025-09-30,551.0,call,75.36,77.41,76.38,67.29,0,64,0.21,0.89295,92,617.85
2025-06-30,2025-09-30,551.0,put,4.71,4.74,4.72,0.0,0,107,0.22951,-0.12587,92,617.85
2025-06-30,2025-09-30,552.0,call,73.85,77.0,75.42,52.18,0,285,0.21,0.88975,92,617.85
2025-06-30,2025-09-30,552.0,put,4.79,4.83,4.81,4.94,7,541,0.22951,-0.12915,92,617.85
2025-06-30,2025-09-30,553.0,call,73.56,75.57,74.56,62.3,0,138,0.21,0.88648,92,617.85
2025-06-30,2025-09-30,553.0,put,4.88,4.92,4.9,5.08,1,73,0.22951,-0.13249,92,617.85
2025-06-30,2025-09-30,554.0,call,72.17,74.65,73.41,61.39,0,310,0.20024,0.89323,92,617.85
2025-06-30,2025-09-30,554.0,put,4.97,5.0,4.98,4.88,4,178,0.22951,-0.13588,92,617.85
2025-06-30,2025-09-30,555.0,call,71.37,73.63,72.5,73.78,1,439,0.20024,0.88989,92,617.85
2025-06-30,2025-09-30,555.0,put,5.06,5.1,5.08,5.0,121,2200,0.22951,-0.13932,92,617.85
2025-06-30,2025-09-30,556.0,call,70.84,72.83,71.84,68.41,0,136,0.21,0.8763,92,617.85
2025-06-30,2025-09-30,556.0,put,5.15,5.19,5.17,5.35,1,424,0.22951,-0.14282,92,617.85
2025-06-30,2025-09-30,557.0,call,69.49,71.92,70.7,69.46,0,255,0.20024,0.88301,92,617.85
2025-06-30,2025-09-30,557.0,put,5.25,5.28,5.27,5.07,207,307,0.21975,-0.13701,92,617.85
2025-06-30,2025-09-30,558.0,call,69.03,71.03,70.03,55.33,0,151,0.20024,0.87947,92,617.85
2025-06-30,2025-09-30,558.0,put,5.34,5.38,5.36,5.38,6,263,0.21975,-0.14061,92,617.85
2025-06-30,2025-09-30,559.0,call,67.67,70.17,68.92,50.79,0,474,0.20024,0.87585,92,617.85
2025-06-30,2025-09-30,559.0,put,5.44,5.48,5.46,5.66,34,174,0.21975,-0.14426,92,617.85
2025-06-30,2025-09-30,560.0,call,66.87,69.15,68.01,69.16,10,553,0.20024,0.87218,92,617.85
2025-06-30,2025-09-30,560.0,put,5.54,5.57,5.55,5.32,73,2031,0.21975,-0.14797,92,617.85
2025-06-30,2025-09-30,561.0,call,66.32,68.34,67.33,63.94,0,109,0.20024,0.86843,92,617.85
2025-06-30,2025-09-30,561.0,put,5.64,5.68,5.66,5.52,1,371,0.21975,-0.15174,92,617.85
2025-06-30,2025-09-30,562.0,call,65.04,67.4,66.22,48.28,0,263,0.20024,0.86461,92,617.85
2025-06-30,2025-09-30,562.0,put,5.74,5.78,5.76,5.7,14,182,0.21975,-0.15557,92,617.85
2025-06-30,2025-09-30,563.0,call,64.53,67.06,65.8,51.95,0,103,0.20024,0.86073,92,617.85
2025-06-30,2025-09-30,563.0,put,5.85,5.88,5.87,5.93,2,130,0.21975,-0.15945,92,617.85
2025-06-30,2025-09-30,564.0,call,63.64,65.31,64.47,62.72,0,179,0.20024,0.85677,92,617.85
2025-06-30,2025-09-30,564.0,put,5.95,5.99,5.97,6.12,2,309,0.21975,-0.16338,92,617.85
2025-06-30,2025-09-30,565.0,call,62.15,65.27,63.71,59.9,0,1431,0.20024,0.85275,92,617.85
2025-06-30,2025-09-30,565.0,put,6.06,6.1,6.08,5.86,34,1721,0.21975,-0.16737,92,617.85
2025-06-30,2025-09-30,566.0,call,61.84,63.82,62.83,58.32,0,143,0.20024,0.84866,92,617.85
2025-06-30,2025-09-30,566.0,put,6.17,6.21,6.19,6.51,8,88,0.21,-0.16167,92,617.85
2025-06-30,2025-09-30,567.0,call,60.97,62.93,61.95,61.14,21,172,0.20024,0.84451,92,617.85
2025-06-30,2025-09-30,567.0,put,6.29,6.32,6.3,6.5,24,172,0.21,-0.1658,92,617.85
2025-06-30,2025-09-30,568.0,call,60.08,62.04,61.06,55.4,0,99,0.19048,0.8512,92,617.85
2025-06-30,2025-09-30,568.0,put,6.4,6.44,6.42,0.0,0,415,0.21,-0.17,92,617.85
2025-06-30,2025-09-30,569.0,call,58.9,61.15,60.02,45.3,0,260,0.19048,0.8469,92,617.85
2025-06-30,2025-09-30,569.0,put,6.52,6.56,6.54,6.69,10,599,0.21,-0.17426,92,617.85
2025-06-30,2025-09-30,570.0,call,58.12,60.16,59.14,59.08,1,1257,0.19048,0.84252,92,617.85
2025-06-30,2025-09-30,570.0,put,6.64,6.68,6.66,6.62,64,4233,0.21,-0.17857,92,617.85
2025-06-30,2025-09-30,571.0,call,57.44,59.38,58.41,58.75,6,183,0.19048,0.83806,92,617.85
2025-06-30,2025-09-30,571.0,put,6.76,6.8,6.78,6.95,12,882,0.21,-0.18294,92,617.85
2025-06-30,2025-09-30,572.0,call,55.98,59.01,57.49,54.13,0,244,0.19048,0.83353,92,617.85
2025-06-30,2025-09-30,572.0,put,6.88,6.92,6.9,6.98,1,1062,0.21,-0.18738,92,617.85
2025-06-30,2025-09-30,573.0,call,55.69,57.62,56.66,52.43,0,173,0.19048,0.82893,92,617.85
2025-06-30,2025-09-30,573.0,put,7.01,7.05,7.03,7.1,1,152,0.21,-0.19187,92,617.85
2025-06-30,2025-09-30,574.0,call,54.82,56.76,55.79,43.05,0,90,0.19048,0.82426,92,617.85
2025-06-30,2025-09-30,574.0,put,7.14,7.18,7.16,7.31,5,1147,0.21,-0.19642,92,617.85
2025-06-30,2025-09-30,575.0,call,53.82,55.76,54.79,56.0,3,546,0.19048,0.81952,92,617.85
2025-06-30,2025-09-30,575.0,put,7.27,7.31,7.29,7.28,252,1604,0.21,-0.20102,92,617.85
2025-06-30,2025-09-30,576.0,call,53.08,55.0,54.04,52.95,1,122,0.19048,0.8147,92,617.85
2025-06-30,2025-09-30,576.0,put,7.4,7.44,7.42,7.34,500,619,0.20024,-0.19586,92,617.85
2025-06-30,2025-09-30,577.0,call,52.02,54.12,53.07,53.37,1,487,0.18073,0.82109,92,617.85
2025-06-30,2025-09-30,577.0,put,7.54,7.58,7.56,7.29,27,462,0.20024,-0.20066,92,617.85
2025-06-30,2025-09-30,578.0,call,51.35,53.71,52.53,52.51,14,194,0.19048,0.80486,92,617.85
2025-06-30,2025-09-30,578.0,put,7.68,7.72,7.7,7.4,19,398,0.20024,-0.20553,92,617.85
2025-06-30,2025-09-30,579.0,call,50.49,52.85,51.67,35.64,0,185,0.19048,0.79984,92,617.85
2025-06-30,2025-09-30,579.0,put,7.82,7.86,7.84,7.89,241,424,0.20024,-0.21046,92,617.85
2025-06-30,2025-09-30,580.0,call,49.58,51.41,50.49,51.91,96,918,0.18073,0.80576,92,617.85
2025-06-30,2025-09-30,580.0,put,7.97,8.01,7.99,7.85,1982,5955,0.20024,-0.21544,92,617.85
2025-06-30,2025-09-30,581.0,call,48.78,50.65,49.72,42.7,0,152,0.18073,0.8005,92,617.85
2025-06-30,2025-09-30,581.0,put,8.11,8.15,8.13,7.96,15,626,0.20024,-0.22049,92,617.85
2025-06-30,2025-09-30,582.0,call,47.37,50.23,48.8,49.09,3,374,0.18073,0.79516,92,617.85
2025-06-30,2025-09-30,582.0,put,8.26,8.3,8.28,8.47,1,718,0.20024,-0.2256,92,617.85
2025-06-30,2025-09-30,583.0,call,47.41,48.55,47.98,46.32,15,4301,0.18073,0.78974,92,617.85
2025-06-30,2025-09-30,583.0,put,8.41,8.46,8.44,8.64,20,204,0.20024,-0.23076,92,617.85
2025-06-30,2025-09-30,584.0,call,46.22,48.08,47.15,43.93,0,183,0.18073,0.78425,92,617.85
2025-06-30,2025-09-30,584.0,put,8.57,8.61,8.59,8.65,5,1170,0.20024,-0.23598,92,617.85
2025-06-30,2025-09-30,585.0,call,45.72,46.86,46.29,46.79,59,2557,0.18073,0.77869,92,617.85
2025-06-30,2025-09-30,585.0,put,8.72,8.77,8.75,8.65,17800,3268,0.19048,-0.23171,92,617.85
2025-06-30,2025-09-30,586.0,call,44.53,46.38,45.45,37.87,0,182,0.17097,0.78426,92,617.85
2025-06-30,2025-09-30,586.0,put,8.88,8.93,8.91,9.13,27,608,0.19048,-0.23719,92,617.85
2025-06-30,2025-09-30,587.0,call,43.99,45.2,44.59,42.8,0,551,0.17097,0.7784,92,617.85
2025-06-30,2025-09-30,587.0,put,9.05,9.09,9.07,8.96,178,333,0.19048,-0.24273,92,617.85
2025-06-30,2025-09-30,588.0,call,43.16,44.37,43.77,42.6,4,499,0.17097,0.77246,92,617.85
2025-06-30,2025-09-30,588.0,put,9.22,9.26,9.24,8.96,11,235,0.19048,-0.24833,92,617.85
2025-06-30,2025-09-30,589.0,call,42.04,43.85,42.95,28.24,0,207,0.17097,0.76644,92,617.85
2025-06-30,2025-09-30,589.0,put,9.39,9.43,9.41,0.0,0,228,0.19048,-0.25399,92,617.85
2025-06-30,2025-09-30,590.0,call,41.56,42.71,42.14,42.39,206,981,0.17097,0.76034,92,617.85
2025-06-30,2025-09-30,590.0,put,9.56,9.61,9.59,9.45,209,2863,0.19048,-0.25971,92,617.85
2025-06-30,2025-09-30,591.0,call,40.69,41.9,41.3,38.05,0,371,0.17097,0.75417,92,617.85
2025-06-30,2025-09-30,591.0,put,9.74,9.78,9.76,9.79,35,294,0.19048,-0.26548,92,617.85
2025-06-30,2025-09-30,592.0,call,40.13,40.91,40.52,39.63,5,601,0.17097,0.74793,92,617.85
2025-06-30,2025-09-30,592.0,put,9.92,9.97,9.95,0.0,0,1303,0.19048,-0.27131,92,617.85
2025-06-30,2025-09-30,593.0,call,38.79,40.54,39.66,39.3,1,133,0.17097,0.74161,92,617.85
2025-06-30,2025-09-30,593.0,put,10.1,10.15,10.12,9.75,9,1381,0.18073,-0.26826,92,617.85
2025-06-30,2025-09-30,594.0,call,37.9,40.06,38.98,38.93,1,228,0.17097,0.73522,92,617.85
2025-06-30,2025-09-30,594.0,put,10.29,10.34,10.31,10.08,1,1286,0.18073,-0.27441,92,617.85
2025-06-30,2025-09-30,595.0,call,37.49,38.64,38.06,37.94,1,959,0.17097,0.72877,92,617.85
2025-06-30,2025-09-30,595.0,put,10.49,10.53,10.51,10.63,14,817,0.18073,-0.28063,92,617.85
2025-06-30,2025-09-30,596.0,call,36.94,37.68,37.31,36.55,5,1040,0.16122,0.73242,92,617.85
2025-06-30,2025-09-30,596.0,put,10.68,10.73,10.71,10.73,61,174,0.18073,-0.2869,92,617.85
2025-06-30,2025-09-30,597.0,call,36.41,36.5,36.45,35.71,5,5621,0.16122,0.72556,92,617.85
2025-06-30,2025-09-30,597.0,put,10.88,10.93,10.91,10.65,238,432,0.18073,-0.29322,92,617.85
2025-06-30,2025-09-30,598.0,call,35.62,35.71,35.66,35.12,1,1787,0.16122,0.71863,92,617.85
2025-06-30,2025-09-30,598.0,put,11.09,11.14,11.12,10.72,31,391,0.18073,-0.2996,92,617.85
2025-06-30,2025-09-30,599.0,call,34.83,34.92,34.88,34.45,20,1511,0.16122,0.71162,92,617.85
2025-06-30,2025-09-30,599.0,put,11.3,11.35,11.32,11.0,185,312,0.18073,-0.30603,92,617.85
2025-06-30,2025-09-30,600.0,call,34.04,34.13,34.09,35.0,134,5390,0.16122,0.70454,92,617.85
2025-06-30,2025-09-30,600.0,put,11.51,11.56,11.54,11.12,931,2783,0.18073,-0.31251,92,617.85
2025-06-30,2025-09-30,601.0,call,33.26,33.35,33.3,33.84,27,998,0.16122,0.6974,92,617.85
2025-06-30,2025-09-30,601.0,put,11.73,11.78,11.75,11.33,138,626,0.18073,-0.31904,92,617.85
2025-06-30,2025-09-30,605.0,call,30.19,30.27,30.23,30.45,39,2057,0.15146,0.6765,92,617.85
2025-06-30,2025-09-30,605.0,put,12.66,12.71,12.69,12.73,495,1721,0.17097,-0.3391,92,617.85
2025-06-30,2025-09-30,606.0,call,29.44,29.52,29.48,29.38,1,1,0.15146,0.66866,92,617.85
2025-06-30,2025-09-30,606.0,put,12.91,12.96,12.94,13.28,202,161,0.17097,-0.34617,92,617.85
2025-06-30,2025-09-30,607.0,call,28.69,28.77,28.73,25.08,0,1,0.15146,0.66076,92,617.85
2025-06-30,2025-09-30,607.0,put,13.16,13.22,13.19,13.0,2,24,0.17097,-0.35328,92,617.85
2025-06-30,2025-09-30,608.0,call,27.95,28.02,27.98,27.79,1,0,0.15146,0.6528,92,617.85
2025-06-30,2025-09-30,608.0,put,13.42,13.48,13.45,13.17,12,32,0.17097,-0.36044,92,617.85
2025-06-30,2025-09-30,609.0,call,27.22,27.29,27.25,25.7,0,5,0.15146,0.64479,92,617.85
2025-06-30,2025-09-30,609.0,put,13.69,13.75,13.72,13.95,2,61,0.17097,-0.36763,92,617.85
2025-06-30,2025-09-30,610.0,call,26.49,26.56,26.52,27.54,100,2995,0.15146,0.63672,92,617.85
2025-06-30,2025-09-30,610.0,put,13.96,14.02,13.99,13.99,123,5579,0.17097,-0.37485,92,617.85
2025-06-30,2025-09-30,611.0,call,25.77,25.84,25.8,25.41,1,4,0.15146,0.62861,92,617.85
2025-06-30,2025-09-30,611.0,put,14.24,14.3,14.27,14.15,71,113,0.16122,-0.37712,92,617.85
2025-06-30,2025-09-30,612.0,call,25.06,25.12,25.09,25.35,7,16,0.15146,0.62045,92,617.85
2025-06-30,2025-09-30,612.0,put,14.53,14.59,14.56,14.42,6,65,0.16122,-0.38482,92,617.85
2025-06-30,2025-09-30,613.0,call,24.35,24.41,24.38,24.8,19,38,0.15146,0.61225,92,617.85
2025-06-30,2025-09-30,613.0,put,14.83,14.89,14.86,14.57,29,75,0.16122,-0.39255,92,617.85
2025-06-30,2025-09-30,614.0,call,23.65,23.71,23.68,22.79,5,56,0.1417,0.60905,92,617.85
2025-06-30,2025-09-30,614.0,put,15.13,15.19,15.16,14.43,11,27,0.16122,-0.40031,92,617.85
2025-06-30,2025-09-30,615.0,call,22.96,23.02,22.99,23.0,280,1580,0.1417,0.60024,92,617.85
2025-06-30,2025-09-30,615.0,put,15.45,15.51,15.48,15.25,326,579,0.16122,-0.4081,92,617.85
2025-06-30,2025-09-30,616.0,call,22.28,22.34,22.31,23.19,240,74,0.1417,0.59139,92,617.85
2025-06-30,2025-09-30,616.0,put,15.77,15.83,15.8,15.17,539,28,0.16122,-0.41591,92,617.85
2025-06-30,2025-09-30,617.0,call,21.61,21.67,21.64,21.9,62,13,0.1417,0.58252,92,617.85
2025-06-30,2025-09-30,617.0,put,16.1,16.16,16.13,16.12,158,107,0.16122,-0.42375,92,617.85
2025-06-30,2025-09-30,618.0,call,20.94,21.0,20.97,20.97,35,84,0.1417,0.57361,92,617.85
2025-06-30,2025-09-30,618.0,put,16.44,16.5,16.47,16.1,18,1,0.16122,-0.4316,92,617.85
2025-06-30,2025-09-30,619.0,call,20.29,20.35,20.32,20.52,9,8,0.1417,0.56468,92,617.85
2025-06-30,2025-09-30,619.0,put,16.79,16.85,16.82,16.31,2,1,0.16122,-0.43946,92,617.85
2025-06-30,2025-09-30,620.0,call,19.64,19.7,19.67,19.61,156,2896,0.1417,0.55573,92,617.85
2025-06-30,2025-09-30,620.0,put,17.15,17.21,17.18,17.19,167,5269,0.16122,-0.44734,92,617.85
2025-06-30,2025-09-30,621.0,call,19.01,19.07,19.04,18.86,1,2,0.1417,0.54677,92,617.85
2025-06-30,2025-09-30,621.0,put,17.53,17.59,17.56,16.82,1,0,0.16122,-0.45522,92,617.85
2025-06-30,2025-09-30,622.0,call,18.38,18.44,18.41,18.22,138,120,0.1417,0.5378,92,617.85
2025-06-30,2025-09-30,622.0,put,17.91,17.97,17.94,17.94,3,0,0.15146,-0.46275,92,617.85
2025-06-30,2025-09-30,623.0,call,17.77,17.82,17.8,17.68,60,6,0.1417,0.52882,92,617.85
2025-06-30,2025-09-30,623.0,put,18.3,18.36,18.33,0.0,0,1,0.15146,-0.47115,92,617.85
2025-06-30,2025-09-30,624.0,call,17.16,17.22,17.19,16.99,1,95,0.13195,0.51928,92,617.85
2025-06-30,2025-09-30,624.0,put,18.7,18.77,18.73,0.0,0,0,0.15146,-0.47955,92,617.85
2025-06-30,2025-09-30,625.0,call,16.57,16.62,16.59,16.73,105,3334,0.13195,0.50965,92,617.85
2025-06-30,2025-09-30,625.0,put,19.12,19.18,19.15,19.81,9,80,0.15146,-0.48794,92,617.85
2025-06-30,2025-09-30,626.0,call,15.98,16.04,16.01,16.14,25,7,0.13195,0.50002,92,617.85
2025-06-30,2025-09-30,626.0,put,19.54,19.61,19.57,0.0,0,0,0.15146,-0.49633,92,617.85
2025-06-30,2025-09-30,627.0,call,15.41,15.47,15.44,15.26,2,74,0.13195,0.49041,92,617.85
2025-06-30,2025-09-30,627.0,put,19.99,20.05,20.02,0.0,0,0,0.15146,-0.5047,92,617.85
2025-06-30,2025-09-30,628.0,call,14.85,14.91,14.88,14.81,7,46,0.13195,0.48082,92,617.85
2025-06-30,2025-09-30,628.0,put,20.44,20.51,20.48,0.0,0,1,0.15146,-0.51306,92,617.85
2025-06-30,2025-09-30,629.0,call,14.3,14.36,14.33,10.21,0,1,0.13195,0.47125,92,617.85
2025-06-30,2025-09-30,629.0,put,20.9,20.97,20.93,0.0,0,0,0.15146,-0.5214,92,617.85
2025-06-30,2025-09-30,630.0,call,13.76,13.82,13.79,14.3,142,1949,0.13195,0.46172,92,617.85
2025-06-30,2025-09-30,630.0,put,21.38,21.45,21.41,0.0,0,46,0.15146,-0.52971,92,617.85
2025-06-30,2025-09-30,631.0,call,13.24,13.29,13.27,13.64,5,77,0.13195,0.45223,92,617.85
2025-06-30,2025-09-30,631.0,put,21.87,21.94,21.91,0.0,0,0,0.15146,-0.53801,92,617.85
2025-06-30,2025-09-30,632.0,call,12.73,12.78,12.75,12.52,1,28,0.13195,0.44277,92,617.85
2025-06-30,2025-09-30,632.0,put,21.77,23.15,22.46,0.0,0,0,0.15146,-0.54627,92,617.85
2025-06-30,2025-09-30,633.0,call,12.23,12.28,12.25,11.98,1,7,0.13195,0.43337,92,617.85
2025-06-30,2025-09-30,633.0,put,22.39,23.53,22.96,0.0,0,2,0.15146,-0.5545,92,617.85
2025-06-30,2025-09-30,634.0,call,11.74,11.79,11.77,11.52,10,7,0.13195,0.42401,92,617.85
2025-06-30,2025-09-30,634.0,put,22.9,24.08,23.49,0.0,0,0,0.15146,-0.56269,92,617.85
2025-06-30,2025-09-30,635.0,call,11.26,11.32,11.29,11.3,193,1340,0.13195,0.41472,92,617.85
2025-06-30,2025-09-30,635.0,put,23.14,24.83,23.98,24.76,14,16,0.15146,-0.57084,92,617.85
2025-06-30,2025-09-30,636.0,call,10.8,10.85,10.82,10.72,9,4,0.12219,0.39613,92,617.85
2025-06-30,2025-09-30,636.0,put,23.7,25.43,24.56,0.0,0,1,0.15146,-0.57895,92,617.85
2025-06-30,2025-09-30,637.0,call,10.35,10.4,10.38,10.37,23,21,0.12219,0.3863,92,617.85
2025-06-30,2025-09-30,637.0,put,24.56,25.81,25.18,0.0,0,0,0.15146,-0.58701,92,617.85
2025-06-30,2025-09-30,638.0,call,9.91,9.96,9.94,9.94,2,12,0.12219,0.37655,92,617.85
2025-06-30,2025-09-30,638.0,put,25.14,26.42,25.78,0.0,0,0,0.15146,-0.59503,92,617.85
2025-06-30,2025-09-30,639.0,call,9.49,9.54,9.52,9.88,3,11,0.12219,0.3669,92,617.85
2025-06-30,2025-09-30,639.0,put,25.72,27.05,26.38,0.0,0,0,0.15146,-0.60299,92,617.85
2025-06-30,2025-09-30,640.0,call,9.07,9.12,9.09,9.47,134,1656,0.12219,0.35734,92,617.85
2025-06-30,2025-09-30,640.0,put,26.38,27.63,27.0,26.29,9,37,0.15146,-0.6109,92,617.85
2025-06-30,2025-09-30,641.0,call,8.67,8.72,8.7,8.66,1,3,0.12219,0.34789,92,617.85
2025-06-30,2025-09-30,641.0,put,26.93,28.36,27.64,0.0,0,0,0.15146,-0.61875,92,617.85
2025-06-30,2025-09-30,642.0,call,8.29,8.34,8.31,8.28,3,24,0.12219,0.33855,92,617.85
2025-06-30,2025-09-30,642.0,put,27.56,29.04,28.3,0.0,0,0,0.15146,-0.62653,92,617.85
2025-06-30,2025-09-30,643.0,call,7.91,7.96,7.94,7.99,3,2,0.12219,0.32932,92,617.85
2025-06-30,2025-09-30,643.0,put,28.2,29.74,28.97,0.0,0,0,0.15146,-0.63426,92,617.85
2025-06-30,2025-09-30,644.0,call,7.55,7.6,7.57,7.49,12,2,0.12219,0.3202,92,617.85
2025-06-30,2025-09-30,644.0,put,28.86,30.45,29.66,0.0,0,0,0.15146,-0.64192,92,617.85
2025-06-30,2025-09-30,645.0,call,7.2,7.25,7.22,7.58,252,3830,0.12219,0.31121,92,617.85
2025-06-30,2025-09-30,645.0,put,29.6,31.11,30.36,0.0,0,38,0.15146,-0.64951,92,617.85
2025-06-30,2025-09-30,646.0,call,6.87,6.91,6.89,6.83,24,7,0.12219,0.30234,92,617.85
2025-06-30,2025-09-30,646.0,put,30.18,31.94,31.06,0.0,0,0,0.15146,-0.65703,92,617.85
2025-06-30,2025-09-30,647.0,call,6.54,6.59,6.56,6.74,22,0,0.12219,0.2936,92,617.85
2025-06-30,2025-09-30,647.0,put,30.47,32.66,31.56,0.0,0,1,0.1417,-0.67689,92,617.85
2025-06-30,2025-09-30,648.0,call,6.23,6.27,6.25,6.37,17730,0,0.12219,0.28499,92,617.85
2025-06-30,2025-09-30,648.0,put,31.14,33.39,32.27,0.0,0,0,0.1417,-0.68465,92,617.85
2025-06-30,2025-09-30,649.0,call,5.93,5.97,5.95,6.0,1,0,0.12219,0.27652,92,617.85
2025-06-30,2025-09-30,649.0,put,32.34,34.14,33.24,0.0,0,0,0.15146,-0.67914,92,617.85
2025-06-30,2025-09-30,650.0,call,5.64,5.68,5.66,6.02,383,4170,0.12219,0.26819,92,617.85
2025-06-30,2025-09-30,650.0,put,33.16,34.91,34.03,0.0,0,3,0.15146,-0.68636,92,617.85
2025-06-30,2025-09-30,651.0,call,5.36,5.41,5.38,5.12,2,85,0.12219,0.25999,92,617.85
2025-06-30,2025-09-30,651.0,put,33.76,35.69,34.72,0.0,0,0,0.15146,-0.69349,92,617.85
2025-06-30,2025-09-30,652.0,call,5.1,5.14,5.12,3.94,0,50,0.12219,0.25194,92,617.85
2025-06-30,2025-09-30,652.0,put,33.98,36.48,35.23,0.0,0,0,0.15146,-0.70054,92,617.85
2025-06-30,2025-09-30,653.0,call,4.84,4.88,4.86,3.74,0,3,0.12219,0.24404,92,617.85
2025-06-30,2025-09-30,653.0,put,34.76,37.29,36.02,0.0,0,0,0.15146,-0.7075,92,617.85
2025-06-30,2025-09-30,654.0,call,4.59,4.64,4.62,4.69,603,0,0.11244,0.21601,92,617.85
2025-06-30,2025-09-30,654.0,put,36.17,38.12,37.14,0.0,0,0,0.15146,-0.71438,92,617.85
2025-06-30,2025-09-30,655.0,call,4.36,4.4,4.38,4.55,18,1157,0.11244,0.20816,92,617.85
2025-06-30,2025-09-30,655.0,put,37.07,38.97,38.02,0.0,0,0,0.15146,-0.72117,92,617.85
2025-06-30,2025-09-30,656.0,call,4.13,4.17,4.15,4.54,7,86,0.11244,0.2005,92,617.85
2025-06-30,2025-09-30,656.0,put,37.34,39.84,38.59,0.0,0,0,0.15146,-0.72787,92,617.85
2025-06-30,2025-09-30,657.0,call,3.92,3.96,3.94,4.09,7,21,0.11244,0.19302,92,617.85
2025-06-30,2025-09-30,657.0,put,38.24,40.74,39.49,0.0,0,0,0.15146,-0.73448,92,617.85
2025-06-30,2025-09-30,658.0,call,3.71,3.75,3.73,3.71,0,123,0.11244,0.18572,92,617.85
2025-06-30,2025-09-30,658.0,put,39.1,41.68,40.39,0.0,0,0,0.15146,-0.741,92,617.85
2025-06-30,2025-09-30,659.0,call,3.51,3.55,3.53,0.0,0,0,0.11244,0.17861,92,617.85
2025-06-30,2025-09-30,659.0,put,40.07,43.19,41.63,0.0,0,0,0.16122,-0.7328,92,617.85
2025-06-30,2025-09-30,660.0,call,3.32,3.36,3.34,3.65,49,1079,0.11244,0.17168,92,617.85
2025-06-30,2025-09-30,660.0,put,41.02,44.12,42.57,43.13,1,0,0.16122,-0.73893,92,617.85
2025-06-30,2025-09-30,661.0,call,3.14,3.18,3.16,3.16,2,1,0.11244,0.16494,92,617.85
2025-06-30,2025-09-30,661.0,put,41.92,44.47,43.2,0.0,0,0,0.16122,-0.74497,92,617.85
2025-06-30,2025-09-30,662.0,call,2.97,3.01,2.99,0.0,0,0,0.11244,0.15838,92,617.85
2025-06-30,2025-09-30,662.0,put,42.89,46.03,44.46,0.0,0,0,0.16122,-0.75093,92,617.85
2025-06-30,2025-09-30,663.0,call,2.81,2.84,2.83,2.98,5,7,0.11244,0.15201,92,617.85
2025-06-30,2025-09-30,663.0,put,43.93,47.0,45.47,0.0,0,0,0.17097,-0.74267,92,617.85
2025-06-30,2025-09-30,664.0,call,2.65,2.68,2.67,2.83,2,1,0.11244,0.14581,92,617.85
2025-06-30,2025-09-30,664.0,put,44.92,47.97,46.45,0.0,0,0,0.17097,-0.7483,92,617.85
2025-06-30,2025-09-30,665.0,call,2.5,2.54,2.52,2.77,53,1230,0.11244,0.1398,92,617.85
2025-06-30,2025-09-30,665.0,put,45.91,48.98,47.44,0.0,0,4,0.17097,-0.75386,92,617.85
2025-06-30,2025-09-30,666.0,call,2.36,2.39,2.38,2.45,1,22,0.11244,0.13396,92,617.85
2025-06-30,2025-09-30,666.0,put,46.85,49.97,48.41,0.0,0,0,0.17097,-0.75935,92,617.85
2025-06-30,2025-09-30,667.0,call,2.22,2.26,2.24,1.64,0,5,0.11244,0.12831,92,617.85
2025-06-30,2025-09-30,667.0,put,47.91,50.97,49.44,0.0,0,1,0.18073,-0.7511,92,617.85
2025-06-30,2025-09-30,668.0,call,2.1,2.13,2.12,1.9,0,2,0.11244,0.12283,92,617.85
2025-06-30,2025-09-30,668.0,put,48.91,51.97,50.44,0.0,0,0,0.18073,-0.75631,92,617.85
2025-06-30,2025-09-30,669.0,call,1.97,2.0,1.98,1.48,0,17,0.11244,0.11752,92,617.85
2025-06-30,2025-09-30,669.0,put,49.85,52.97,51.41,0.0,0,0,0.18073,-0.76144,92,617.85
2025-06-30,2025-09-30,670.0,call,1.86,1.89,1.88,1.98,22,1807,0.11244,0.11239,92,617.85
2025-06-30,2025-09-30,670.0,put,50.91,53.97,52.44,0.0,0,0,0.18073,-0.76651,92,617.85
2025-06-30,2025-09-30,675.0,call,1.36,1.39,1.38,1.5,12,2175,0.11244,0.08921,92,617.85
2025-06-30,2025-09-30,675.0,put,55.91,58.97,57.44,0.0,0,1,0.19048,-0.77731,92,617.85
2025-06-30,2025-09-30,680.0,call,0.99,1.01,1.0,1.08,140,874,0.11244,0.06992,92,617.85
2025-06-30,2025-09-30,680.0,put,60.85,63.97,62.41,0.0,0,0,0.21,-0.77424,92,617.85
2025-06-30,2025-09-30,685.0,call,0.72,0.73,0.72,0.75,488,1271,0.11244,0.05412,92,617.85
2025-06-30,2025-09-30,685.0,put,65.85,68.97,67.41,0.0,0,0,0.21975,-0.78262,92,617.85
2025-06-30,2025-09-30,690.0,call,0.52,0.53,0.53,0.57,13,1514,0.11244,0.04137,92,617.85
2025-06-30,2025-09-30,690.0,put,70.91,73.97,72.44,0.0,0,0,0.22951,-0.78994,92,617.85
2025-06-30,2025-09-30,695.0,call,0.37,0.39,0.38,0.4,28,2398,0.11244,0.03124,92,617.85
2025-06-30,2025-09-30,695.0,put,75.91,78.97,77.44,78.55,1,1,0.23926,-0.79635,92,617.85
2025-06-30,2025-09-30,700.0,call,0.27,0.29,0.28,0.28,1072,3652,0.11244,0.0233,92,617.85
2025-06-30,2025-09-30,700.0,put,80.85,83.97,82.41,0.0,0,0,0.24902,-0.80198,92,617.85
2025-06-30,2025-09-30,705.0,call,0.2,0.22,0.21,0.22,67,719,0.11244,0.01717,92,617.85
2025-06-30,2025-09-30,705.0,put,85.91,88.97,87.44,0.0,0,0,0.25877,-0.80694,92,617.85
2025-06-30,2025-09-30,710.0,call,0.15,0.16,0.15,0.18,64,1223,0.11244,0.01251,92,617.85
2025-06-30,2025-09-30,710.0,put,90.85,93.97,92.41,0.0,0,0,0.26853,-0.81133,92,617.85
2025-06-30,2025-09-30,715.0,call,0.12,0.13,0.12,0.13,31,1057,0.11244,0.009,92,617.85
2025-06-30,2025-09-30,715.0,put,95.85,98.97,97.41,0.0,0,0,0.27829,-0.81522,92,617.85
2025-06-30,2025-09-30,720.0,call,0.09,0.1,0.1,0.1,27,830,0.11244,0.00641,92,617.85
2025-06-30,2025-09-30,720.0,put,100.85,103.97,102.41,0.0,0,0,0.28804,-0.81866,92,617.85
2025-06-30,2025-09-30,725.0,call,0.07,0.08,0.08,0.09,3,423,0.12219,0.00823,92,617.85
2025-06-30,2025-09-30,725.0,put,105.91,108.97,107.44,0.0,0,0,0.2978,-0.82171,92,617.85
2025-06-30,2025-09-30,730.0,call,0.06,0.07,0.07,0.07,57,1251,0.12219,0.00603,92,617.85
2025-06-30,2025-09-30,730.0,put,110.91,113.97,112.44,0.0,0,0,0.30755,-0.82443,92,617.85
2025-06-30,2025-09-30,735.0,call,0.05,0.06,0.06,0.05,4,443,0.12219,0.00438,92,617.85
2025-06-30,2025-09-30,735.0,put,115.91,118.97,117.44,0.0,0,0,0.31731,-0.82683,92,617.85
2025-06-30,2025-09-30,740.0,call,0.04,0.05,0.04,0.05,1,590,0.12219,0.00315,92,617.85
2025-06-30,2025-09-30,740.0,put,120.91,123.97,122.44,0.0,0,0,0.32707,-0.82897,92,617.85
2025-06-30,2025-09-30,745.0,call,0.03,0.04,0.04,0.02,0,223,0.13195,0.00431,92,617.85
2025-06-30,2025-09-30,745.0,put,125.85,128.97,127.41,0.0,0,0,0.32707,-0.83918,92,617.85
2025-06-30,2025-09-30,750.0,call,0.03,0.04,0.04,0.04,0,1064,0.13195,0.00319,92,617.85
2025-06-30,2025-09-30,750.0,put,130.85,133.97,132.41,0.0,0,0,0.33682,-0.84065,92,617.85
2025-06-30,2025-09-30,755.0,call,0.03,0.04,0.04,0.04,28,460,0.13195,0.00234,92,617.85
2025-06-30,2025-09-30,755.0,put,135.85,138.97,137.41,0.0,0,0,0.34658,-0.84193,92,617.85
2025-06-30,2025-09-30,760.0,call,0.03,0.04,0.04,0.02,0,1130,0.1417,0.00325,92,617.85
2025-06-30,2025-09-30,760.0,put,140.91,143.97,142.44,0.0,0,0,0.35633,-0.84304,92,617.85
2025-06-30,2025-09-30,765.0,call,0.02,0.03,0.03,0.03,3,682,0.1417,0.00245,92,617.85
2025-06-30,2025-09-30,765.0,put,145.91,148.97,147.44,0.0,0,0,0.36609,-0.844,92,617.85
2025-06-30,2025-09-30,770.0,call,0.02,0.03,0.03,0.02,0,1661,0.1417,0.00183,92,617.85
2025-06-30,2025-09-30,770.0,put,150.91,153.97,152.44,0.0,0,0,0.37584,-0.84483,92,617.85
2025-06-30,2025-10-17,325.0,call,294.68,297.82,296.25,0.0,0,0,0.01488,1.0,109,617.85
2025-06-30,2025-10-17,325.0,put,0.44,0.46,0.45,0.46,2,4206,0.52218,-0.00736,109,617.85
2025-06-30,2025-10-17,330.0,call,289.75,292.83,291.29,271.49,0,2,0.01488,1.0,109,617.85
2025-06-30,2025-10-17,330.0,put,0.47,0.48,0.47,0.48,4,51,0.51243,-0.00764,109,617.85
2025-06-30,2025-10-17,335.0,call,284.82,287.96,286.39,0.0,0,0,0.01488,1.0,109,617.85
2025-06-30,2025-10-17,335.0,put,0.49,0.5,0.49,0.5,2,33,0.50267,-0.00792,109,617.85
2025-06-30,2025-10-17,340.0,call,279.95,282.98,281.47,0.0,0,0,0.01488,1.0,109,617.85
2025-06-30,2025-10-17,340.0,put,0.51,0.52,0.52,0.53,2,338,0.49292,-0.00819,109,617.85
2025-06-30,2025-10-17,345.0,call,274.97,278.05,276.51,0.0,0,0,0.01488,1.0,109,617.85
2025-06-30,2025-10-17,345.0,put,0.53,0.55,0.54,0.0,0,150,0.49292,-0.00949,109,617.85
2025-06-30,2025-10-17,350.0,call,270.04,273.12,271.58,251.73,0,6,0.01488,1.0,109,617.85
2025-06-30,2025-10-17,350.0,put,0.56,0.57,0.56,0.59,10,389,0.48316,-0.00981,109,617.85
2025-06-30,2025-10-17,355.0,call,265.11,268.2,266.65,242.99,0,17,0.01488,1.0,109,617.85
2025-06-30,2025-10-17,355.0,put,0.59,0.6,0.59,0.62,2,117,0.4734,-0.01014,109,617.85
2025-06-30,2025-10-17,360.0,call,260.19,263.33,261.76,0.0,0,0,0.01488,1.0,109,617.85
2025-06-30,2025-10-17,360.0,put,0.61,0.63,0.62,0.61,4,126,0.46365,-0.01046,109,617.85
2025-06-30,2025-10-17,365.0,call,255.27,258.35,256.81,0.0,0,0,0.01488,1.0,109,617.85
2025-06-30,2025-10-17,365.0,put,0.64,0.66,0.65,0.64,82,39,0.45389,-0.01078,109,617.85
2025-06-30,2025-10-17,370.0,call,250.35,253.48,251.91,242.06,0,1,0.01488,1.0,109,617.85
2025-06-30,2025-10-17,370.0,put,0.67,0.69,0.68,0.0,0,107,0.45389,-0.01244,109,617.85
2025-06-30,2025-10-17,375.0,call,245.43,248.56,247.0,0.0,0,0,0.01488,1.0,109,617.85
2025-06-30,2025-10-17,375.0,put,0.7,0.72,0.71,0.7,4,11,0.44414,-0.01281,109,617.85
2025-06-30,2025-10-17,380.0,call,240.51,243.58,242.05,0.0,0,0,0.01488,1.0,109,617.85
2025-06-30,2025-10-17,380.0,put,0.74,0.75,0.74,0.73,17,43,0.43438,-0.01318,109,617.85
2025-06-30,2025-10-17,385.0,call,235.59,238.67,237.13,0.0,0,0,0.01488,1.0,109,617.85
2025-06-30,2025-10-17,385.0,put,0.77,0.79,0.78,0.79,1,4053,0.42462,-0.01355,109,617.85
2025-06-30,2025-10-17,390.0,call,230.68,233.75,232.22,0.0,0,0,0.01488,1.0,109,617.85
2025-06-30,2025-10-17,390.0,put,0.81,0.82,0.81,0.0,0,1534,0.42462,-0.0156,109,617.85
2025-06-30,2025-10-17,395.0,call,225.76,228.84,227.3,205.74,0,2,0.01488,1.0,109,617.85
2025-06-30,2025-10-17,395.0,put,0.85,0.86,0.85,0.84,14,99,0.41487,-0.01603,109,617.85
2025-06-30,2025-10-17,400.0,call,220.85,223.98,222.41,204.16,0,8,0.01488,1.0,109,617.85
2025-06-30,2025-10-17,400.0,put,0.89,0.9,0.9,0.88,437,6696,0.40511,-0.01646,109,617.85
2025-06-30,2025-10-17,405.0,call,215.94,219.02,217.48,182.51,0,1,0.01488,1.0,109,617.85
2025-06-30,2025-10-17,405.0,put,0.93,0.94,0.94,0.92,1,191,0.39536,-0.01689,109,617.85
2025-06-30,2025-10-17,410.0,call,211.03,214.11,212.57,0.0,0,0,0.01488,1.0,109,617.85
2025-06-30,2025-10-17,410.0,put,0.97,0.99,0.98,0.95,369,915,0.39536,-0.01941,109,617.85
2025-06-30,2025-10-17,415.0,call,206.13,209.26,207.69,0.0,0,0,0.01488,1.0,109,617.85
2025-06-30,2025-10-17,415.0,put,1.02,1.03,1.02,1.0,2,142,0.3856,-0.01992,109,617.85
2025-06-30,2025-10-17,420.0,call,201.22,204.3,202.76,0.0,0,0,0.01488,1.0,109,617.85
2025-06-30,2025-10-17,420.0,put,1.07,1.08,1.08,1.1,93,71,0.37584,-0.02043,109,617.85
2025-06-30,2025-10-17,425.0,call,196.32,199.4,197.86,196.78,1,0,0.01488,1.0,109,617.85
2025-06-30,2025-10-17,425.0,put,1.12,1.13,1.12,1.15,41,230,0.37584,-0.02344,109,617.85
2025-06-30,2025-10-17,430.0,call,191.43,194.5,192.97,0.0,0,0,0.01488,1.0,109,617.85
2025-06-30,2025-10-17,430.0,put,1.17,1.19,1.18,1.16,5,153,0.36609,-0.02405,109,617.85
2025-06-30,2025-10-17,435.0,call,186.54,189.61,188.07,169.8,0,140,0.01488,1.0,109,617.85
2025-06-30,2025-10-17,435.0,put,1.23,1.24,1.23,1.21,104,41,0.35633,-0.02466,109,617.85
2025-06-30,2025-10-17,440.0,call,181.65,184.78,183.22,0.0,0,0,0.01488,1.0,109,617.85
2025-06-30,2025-10-17,440.0,put,1.29,1.31,1.3,1.34,488,3570,0.35633,-0.02825,109,617.85
2025-06-30,2025-10-17,445.0,call,176.84,179.9,178.37,161.18,0,2,0.01488,1.0,109,617.85
2025-06-30,2025-10-17,445.0,put,1.36,1.37,1.37,0.0,0,184,0.34658,-0.029,109,617.85
2025-06-30,2025-10-17,450.0,call,171.89,174.96,173.43,161.74,0,3,0.01488,1.0,109,617.85
2025-06-30,2025-10-17,450.0,put,1.43,1.45,1.44,1.41,404,2046,0.33682,-0.02975,109,617.85
2025-06-30,2025-10-17,455.0,call,167.01,170.09,168.55,158.99,0,77,0.01488,1.0,109,617.85
2025-06-30,2025-10-17,455.0,put,1.51,1.52,1.52,1.5,5,879,0.33682,-0.03404,109,617.85
2025-06-30,2025-10-17,460.0,call,162.15,165.23,163.69,154.21,0,3,0.01488,1.0,109,617.85
2025-06-30,2025-10-17,460.0,put,1.59,1.61,1.6,1.55,2,583,0.32707,-0.03497,109,617.85
2025-06-30,2025-10-17,465.0,call,157.29,160.37,158.83,157.23,0,6,0.16122,0.99968,109,617.85
2025-06-30,2025-10-17,465.0,put,1.68,1.7,1.69,1.66,5,258,0.31731,-0.03591,109,617.85
2025-06-30,2025-10-17,470.0,call,152.45,155.59,154.02,151.88,0,37,0.21,0.99467,109,617.85
2025-06-30,2025-10-17,470.0,put,1.79,1.81,1.8,1.76,4,2632,0.31731,-0.04105,109,617.85
2025-06-30,2025-10-17,475.0,call,147.61,150.7,149.16,139.52,0,3,0.21975,0.99079,109,617.85
2025-06-30,2025-10-17,475.0,put,1.9,1.92,1.91,1.87,11,252,0.30755,-0.04223,109,617.85
2025-06-30,2025-10-17,480.0,call,142.78,145.87,144.32,126.09,0,6,0.21975,0.9884,109,617.85
2025-06-30,2025-10-17,480.0,put,2.03,2.04,2.04,2.01,762,4236,0.2978,-0.04343,109,617.85
2025-06-30,2025-10-17,485.0,call,137.97,141.09,139.53,118.87,0,54,0.21975,0.98551,109,617.85
2025-06-30,2025-10-17,485.0,put,2.16,2.18,2.17,2.12,1253,1004,0.2978,-0.04963,109,617.85
2025-06-30,2025-10-17,490.0,call,133.17,136.32,134.75,132.71,0,29,0.22951,0.97801,109,617.85
2025-06-30,2025-10-17,490.0,put,2.31,2.33,2.32,2.24,28,171,0.28804,-0.05116,109,617.85
2025-06-30,2025-10-17,495.0,call,128.39,131.51,129.95,111.48,0,31,0.22951,0.97341,109,617.85
2025-06-30,2025-10-17,495.0,put,2.47,2.5,2.49,2.44,30,171,0.28804,-0.0583,109,617.85
2025-06-30,2025-10-17,500.0,call,123.62,126.72,125.17,123.96,0,101,0.21975,0.9732,109,617.85
2025-06-30,2025-10-17,500.0,put,2.66,2.68,2.67,2.64,2333,9972,0.27829,-0.06024,109,617.85
2025-06-30,2025-10-17,505.0,call,118.87,121.97,120.42,115.56,0,5,0.21975,0.96764,109,617.85
2025-06-30,2025-10-17,505.0,put,2.86,2.88,2.87,2.95,115,553,0.27829,-0.06847,109,617.85
2025-06-30,2025-10-17,510.0,call,114.15,117.26,115.71,110.85,0,202,0.21975,0.96123,109,617.85
2025-06-30,2025-10-17,510.0,put,3.08,3.1,3.09,3.03,109,2214,0.26853,-0.07095,109,617.85
2025-06-30,2025-10-17,515.0,call,110.03,112.6,111.31,109.81,1,7,0.22951,0.94712,109,617.85
2025-06-30,2025-10-17,515.0,put,3.32,3.35,3.33,3.26,6,300,0.26853,-0.08042,109,617.85
2025-06-30,2025-10-17,520.0,call,105.35,107.88,106.61,96.06,0,112,0.22951,0.93829,109,617.85
2025-06-30,2025-10-17,520.0,put,3.59,3.62,3.6,3.56,506,6080,0.25877,-0.08358,109,617.85
2025-06-30,2025-10-17,525.0,call,100.68,103.24,101.96,100.4,3,10,0.21975,0.93622,109,617.85
2025-06-30,2025-10-17,525.0,put,3.88,3.91,3.9,3.85,21,2300,0.25877,-0.09447,109,617.85
2025-06-30,2025-10-17,530.0,call,96.09,98.61,97.35,84.56,0,39,0.21975,0.92575,109,617.85
2025-06-30,2025-10-17,530.0,put,4.2,4.23,4.21,4.16,214,3541,0.24902,-0.09851,109,617.85
2025-06-30,2025-10-17,535.0,call,91.15,93.38,92.27,90.52,0,491,0.21,0.92288,109,617.85
2025-06-30,2025-10-17,535.0,put,4.55,4.58,4.56,4.4,406,981,0.24902,-0.11102,109,617.85
2025-06-30,2025-10-17,540.0,call,86.95,88.79,87.87,70.44,0,26,0.21,0.91047,109,617.85
2025-06-30,2025-10-17,540.0,put,4.93,4.96,4.95,4.76,698,7911,0.23926,-0.11618,109,617.85
2025-06-30,2025-10-17,545.0,call,82.41,84.23,83.32,73.15,0,28,0.21,0.89676,109,617.85
2025-06-30,2025-10-17,545.0,put,5.35,5.38,5.37,5.28,144,6057,0.23926,-0.13055,109,617.85
2025-06-30,2025-10-17,550.0,call,77.91,79.09,78.5,76.06,0,48,0.20024,0.89176,109,617.85
2025-06-30,2025-10-17,550.0,put,5.81,5.84,5.82,5.74,1249,9254,0.22951,-0.13713,109,617.85
2025-06-30,2025-10-17,555.0,call,73.44,75.24,74.34,75.06,2,62,0.20024,0.8756,109,617.85
2025-06-30,2025-10-17,555.0,put,6.31,6.34,6.32,6.21,5097,5754,0.22951,-0.15359,109,617.85
2025-06-30,2025-10-17,560.0,call,68.89,70.8,69.84,70.68,22,64,0.20024,0.85798,109,617.85
2025-06-30,2025-10-17,560.0,put,6.84,6.88,6.86,6.88,321,25543,0.21975,-0.16198,109,617.85
2025-06-30,2025-10-17,565.0,call,64.64,66.99,65.81,66.18,1,25,0.20024,0.83893,109,617.85
2025-06-30,2025-10-17,565.0,put,7.43,7.47,7.45,7.14,55,2494,0.21975,-0.18079,109,617.85
2025-06-30,2025-10-17,570.0,call,60.31,62.06,61.19,61.8,3,125,0.19048,0.82911,109,617.85
2025-06-30,2025-10-17,570.0,put,8.07,8.11,8.09,7.85,848,7081,0.21,-0.19147,109,617.85
2025-06-30,2025-10-17,575.0,call,56.03,58.24,57.14,56.05,6,81,0.19048,0.80696,109,617.85
2025-06-30,2025-10-17,575.0,put,8.77,8.81,8.79,8.44,95,3840,0.21,-0.2129,109,617.85
2025-06-30,2025-10-17,580.0,call,51.89,53.56,52.73,51.93,1,181,0.18073,0.79401,109,617.85
2025-06-30,2025-10-17,580.0,put,9.52,9.57,9.54,9.29,138,2822,0.20024,-0.22644,109,617.85
2025-06-30,2025-10-17,585.0,call,47.84,49.33,48.59,47.8,113,670,0.18073,0.76837,109,617.85
2025-06-30,2025-10-17,585.0,put,10.34,10.39,10.37,10.15,456,4713,0.20024,-0.25074,109,617.85
2025-06-30,2025-10-17,590.0,call,43.92,45.13,44.53,44.14,1,1079,0.17097,0.75136,109,617.85
2025-06-30,2025-10-17,590.0,put,11.24,11.29,11.27,11.09,232,4384,0.19048,-0.26784,109,617.85
2025-06-30,2025-10-17,595.0,call,40.51,40.6,40.55,39.71,3,504,0.17097,0.72189,109,617.85
2025-06-30,2025-10-17,595.0,put,12.22,12.27,12.25,11.89,628,6143,0.19048,-0.29519,109,617.85
2025-06-30,2025-10-17,600.0,call,36.62,36.7,36.66,37.63,109,3039,0.16122,0.69972,109,617.85
2025-06-30,2025-10-17,600.0,put,13.3,13.35,13.32,13.11,1666,8652,0.18073,-0.31663,109,617.85
2025-06-30,2025-10-17,605.0,call,32.83,32.91,32.87,34.05,48,2223,0.16122,0.66618,109,617.85
2025-06-30,2025-10-17,605.0,put,14.48,14.54,14.51,14.36,541,3275,0.18073,-0.34712,109,617.85
2025-06-30,2025-10-17,610.0,call,29.18,29.24,29.21,29.74,144,2574,0.15146,0.63762,109,617.85
2025-06-30,2025-10-17,610.0,put,15.81,15.87,15.84,15.41,192,2794,0.17097,-0.37374,109,617.85
2025-06-30,2025-10-17,615.0,call,25.68,25.73,25.7,26.27,330,2349,0.15146,0.60005,109,617.85
2025-06-30,2025-10-17,615.0,put,17.3,17.36,17.33,17.41,877,2273,0.17097,-0.40726,109,617.85
2025-06-30,2025-10-17,620.0,call,22.35,22.41,22.38,23.05,366,3310,0.1417,0.56389,109,617.85
2025-06-30,2025-10-17,620.0,put,18.99,19.06,19.02,19.02,275,622,0.16122,-0.43983,109,617.85
2025-06-30,2025-10-17,625.0,call,19.24,19.3,19.27,19.5,187,2321,0.1417,0.52277,109,617.85
2025-06-30,2025-10-17,625.0,put,20.9,20.97,20.93,20.4,60,146,0.16122,-0.47599,109,617.85
2025-06-30,2025-10-17,630.0,call,16.37,16.42,16.4,16.4,781,3618,0.13195,0.47819,109,617.85
2025-06-30,2025-10-17,630.0,put,23.08,23.15,23.11,22.5,6,90,0.15146,-0.51503,109,617.85
2025-06-30,2025-10-17,635.0,call,13.75,13.8,13.78,14.28,978,1312,0.13195,0.43474,109,617.85
2025-06-30,2025-10-17,635.0,put,25.21,26.06,25.63,26.19,1,54,0.15146,-0.55298,109,617.85
2025-06-30,2025-10-17,640.0,call,11.41,11.46,11.44,11.58,312,2610,0.13195,0.39239,109,617.85
2025-06-30,2025-10-17,640.0,put,27.92,28.91,28.41,29.03,2,72,0.15146,-0.59015,109,617.85
2025-06-30,2025-10-17,645.0,call,9.35,9.39,9.37,9.51,640,1774,0.12219,0.33834,109,617.85
2025-06-30,2025-10-17,645.0,put,30.95,32.12,31.53,0.0,0,1,0.15146,-0.62626,109,617.85
2025-06-30,2025-10-17,650.0,call,7.57,7.61,7.59,7.74,145,2106,0.12219,0.29714,109,617.85
2025-06-30,2025-10-17,650.0,put,34.3,35.74,35.02,0.0,0,53,0.15146,-0.66103,109,617.85
2025-06-30,2025-10-17,655.0,call,6.06,6.1,6.08,6.12,105,553,0.12219,0.25869,109,617.85
2025-06-30,2025-10-17,655.0,put,37.97,39.63,38.8,0.0,0,4,0.15146,-0.69422,109,617.85
2025-06-30,2025-10-17,660.0,call,4.8,4.84,4.82,4.9,231,818,0.12219,0.22325,109,617.85
2025-06-30,2025-10-17,660.0,put,41.35,43.84,42.59,0.0,0,0,0.16122,-0.71167,109,617.85
2025-06-30,2025-10-17,665.0,call,3.76,3.8,3.78,3.97,36,436,0.12219,0.19098,109,617.85
2025-06-30,2025-10-17,665.0,put,45.91,49.06,47.48,0.0,0,0,0.17097,-0.72641,109,617.85
2025-06-30,2025-10-17,670.0,call,2.92,2.95,2.94,3.01,21,220,0.11244,0.1406,109,617.85
2025-06-30,2025-10-17,670.0,put,50.91,53.98,52.44,0.0,0,0,0.18073,-0.73897,109,617.85
2025-06-30,2025-10-17,675.0,call,2.24,2.27,2.25,2.29,58,748,0.11244,0.11533,109,617.85
2025-06-30,2025-10-17,675.0,put,55.91,58.97,57.44,0.0,0,0,0.19048,-0.74972,109,617.85
2025-06-30,2025-10-17,680.0,call,1.7,1.72,1.71,1.81,22,223,0.11244,0.09363,109,617.85
2025-06-30,2025-10-17,680.0,put,60.91,63.97,62.44,0.0,0,0,0.20024,-0.75898,109,617.85
2025-06-30,2025-10-17,685.0,call,1.28,1.3,1.29,1.4,5,916,0.11244,0.07522,109,617.85
2025-06-30,2025-10-17,685.0,put,65.91,68.97,67.44,0.0,0,0,0.21,-0.767,109,617.85
2025-06-30,2025-10-17,690.0,call,0.96,0.98,0.97,1.03,8,94,0.11244,0.05981,109,617.85
2025-06-30,2025-10-17,690.0,put,70.85,73.97,72.41,0.0,0,0,0.21975,-0.77397,109,617.85
2025-06-30,2025-10-17,695.0,call,0.71,0.73,0.72,0.72,3,84,0.11244,0.04708,109,617.85
2025-06-30,2025-10-17,695.0,put,75.91,78.97,77.44,0.0,0,0,0.22951,-0.78005,109,617.85
2025-06-30,2025-10-17,700.0,call,0.53,0.54,0.54,0.58,475,1491,0.11244,0.03668,109,617.85
2025-06-30,2025-10-17,700.0,put,80.91,83.97,82.44,0.0,0,1,0.23926,-0.78538,109,617.85
2025-06-30,2025-10-31,370.0,call,250.78,253.82,252.3,242.92,0,29,0.01488,1.0,123,617.85
2025-06-30,2025-10-31,370.0,put,0.81,0.83,0.82,0.86,7,547,0.43438,-0.0133,123,617.85
2025-06-30,2025-10-31,375.0,call,245.89,248.99,247.44,0.0,0,0,0.01488,1.0,123,617.85
2025-06-30,2025-10-31,375.0,put,0.85,0.87,0.86,0.0,0,210,0.43438,-0.01523,123,617.85
2025-06-30,2025-10-31,380.0,call,241.0,244.05,242.53,221.95,0,2,0.01488,1.0,123,617.85
2025-06-30,2025-10-31,380.0,put,0.89,0.91,0.9,0.91,8,487,0.42462,-0.01561,123,617.85
2025-06-30,2025-10-31,385.0,call,236.11,239.17,237.64,221.03,0,17,0.01488,1.0,123,617.85
2025-06-30,2025-10-31,385.0,put,0.93,0.95,0.94,0.92,7,591,0.41487,-0.01598,123,617.85
2025-06-30,2025-10-31,390.0,call,231.23,234.34,232.78,213.65,0,2,0.01488,1.0,123,617.85
2025-06-30,2025-10-31,390.0,put,0.97,0.99,0.98,0.0,0,535,0.40511,-0.01634,123,617.85
2025-06-30,2025-10-31,395.0,call,226.35,229.46,227.91,0.0,0,0,0.01488,1.0,123,617.85
2025-06-30,2025-10-31,395.0,put,1.02,1.04,1.03,0.0,0,498,0.40511,-0.01867,123,617.85
2025-06-30,2025-10-31,400.0,call,221.47,224.52,223.0,203.8,0,5,0.01488,1.0,123,617.85
2025-06-30,2025-10-31,400.0,put,1.07,1.08,1.08,1.06,7,608,0.39536,-0.0191,123,617.85
2025-06-30,2025-10-31,405.0,call,216.59,219.7,218.14,0.0,0,0,0.01488,1.0,123,617.85
2025-06-30,2025-10-31,405.0,put,1.11,1.13,1.12,0.0,0,235,0.3856,-0.01951,123,617.85
2025-06-30,2025-10-31,410.0,call,211.71,214.76,213.24,203.61,0,1,0.01488,1.0,123,617.85
2025-06-30,2025-10-31,410.0,put,1.16,1.18,1.17,1.14,9,752,0.3856,-0.02226,123,617.85
2025-06-30,2025-10-31,415.0,call,206.84,209.89,208.37,189.42,0,202,0.01488,1.0,123,617.85
2025-06-30,2025-10-31,415.0,put,1.22,1.24,1.23,1.25,3,134,0.37584,-0.02275,123,617.85
2025-06-30,2025-10-31,420.0,call,201.97,205.03,203.5,0.0,0,0,0.01488,1.0,123,617.85
2025-06-30,2025-10-31,420.0,put,1.28,1.29,1.29,1.31,1,716,0.36609,-0.02323,123,617.85
2025-06-30,2025-10-31,425.0,call,197.1,200.16,198.63,192.02,0,0,0.01488,1.0,123,617.85
2025-06-30,2025-10-31,425.0,put,1.34,1.36,1.35,1.4,1,296,0.36609,-0.02646,123,617.85
2025-06-30,2025-10-31,430.0,call,192.24,195.36,193.8,0.0,0,0,0.01488,1.0,123,617.85
2025-06-30,2025-10-31,430.0,put,1.4,1.42,1.41,0.0,0,1047,0.35633,-0.02704,123,617.85
2025-06-30,2025-10-31,435.0,call,187.38,190.5,188.94,179.54,0,20,0.01488,1.0,123,617.85
2025-06-30,2025-10-31,435.0,put,1.47,1.49,1.48,1.49,2,552,0.34658,-0.0276,123,617.85
2025-06-30,2025-10-31,440.0,call,182.53,185.65,184.09,177.27,0,150,0.01488,1.0,123,617.85
2025-06-30,2025-10-31,440.0,put,1.55,1.57,1.56,1.58,17,727,0.34658,-0.03141,123,617.85
2025-06-30,2025-10-31,445.0,call,177.68,180.75,179.22,172.61,0,161,0.01488,1.0,123,617.85
2025-06-30,2025-10-31,445.0,put,1.63,1.65,1.64,1.63,3,145,0.33682,-0.0321,123,617.85
2025-06-30,2025-10-31,450.0,call,172.84,175.91,174.38,167.61,0,314,0.18073,0.99934,123,617.85
2025-06-30,2025-10-31,450.0,put,1.72,1.74,1.73,1.67,56,1822,0.32707,-0.03278,123,617.85
2025-06-30,2025-10-31,455.0,call,167.9,170.67,169.28,162.64,0,294,0.01488,1.0,123,617.85
2025-06-30,2025-10-31,455.0,put,1.81,1.83,1.82,1.87,1,42,0.32707,-0.03728,123,617.85
2025-06-30,2025-10-31,460.0,call,163.07,166.31,164.69,163.78,46,159,0.21975,0.99363,123,617.85
2025-06-30,2025-10-31,460.0,put,1.92,1.94,1.93,1.89,63,284,0.31731,-0.03812,123,617.85
2025-06-30,2025-10-31,465.0,call,158.37,161.5,159.94,151.83,0,95,0.22951,0.98954,123,617.85
2025-06-30,2025-10-31,465.0,put,2.03,2.05,2.04,2.11,29,123,0.31731,-0.04324,123,617.85
2025-06-30,2025-10-31,470.0,call,153.56,156.7,155.13,148.43,0,38,0.23926,0.98397,123,617.85
2025-06-30,2025-10-31,470.0,put,2.16,2.17,2.17,2.11,6,480,0.30755,-0.04429,123,617.85
2025-06-30,2025-10-31,475.0,call,148.77,151.89,150.33,143.22,0,149,0.23926,0.98066,123,617.85
2025-06-30,2025-10-31,475.0,put,2.28,2.31,2.29,2.24,54,117,0.2978,-0.04534,123,617.85
2025-06-30,2025-10-31,480.0,call,143.87,147.06,145.47,140.09,0,246,0.22951,0.98082,123,617.85
2025-06-30,2025-10-31,480.0,put,2.43,2.46,2.45,2.4,34,6848,0.2978,-0.05142,123,617.85
2025-06-30,2025-10-31,485.0,call,139.22,142.34,140.78,132.13,0,9,0.23926,0.97242,123,617.85
2025-06-30,2025-10-31,485.0,put,2.59,2.62,2.6,2.63,42,144,0.28804,-0.05275,123,617.85
2025-06-30,2025-10-31,490.0,call,134.46,137.55,136.0,121.81,0,18,0.23926,0.96739,123,617.85
2025-06-30,2025-10-31,490.0,put,2.77,2.8,2.79,2.72,8,137,0.28804,-0.05969,123,617.85
2025-06-30,2025-10-31,491.0,call,133.51,136.63,135.07,0.0,0,0,0.23926,0.9663,123,617.85
2025-06-30,2025-10-31,491.0,put,2.81,2.84,2.83,2.87,26,389,0.28804,-0.06115,123,617.85
2025-06-30,2025-10-31,492.0,call,132.56,135.68,134.12,0.0,0,0,0.23926,0.96519,123,617.85
2025-06-30,2025-10-31,492.0,put,2.85,2.88,2.87,0.0,0,3,0.28804,-0.06263,123,617.85
2025-06-30,2025-10-31,493.0,call,131.62,134.71,133.17,112.98,0,3,0.23926,0.96405,123,617.85
2025-06-30,2025-10-31,493.0,put,2.89,2.92,2.91,0.0,0,2,0.28804,-0.06414,123,617.85
2025-06-30,2025-10-31,494.0,call,130.67,133.83,132.25,0.0,0,0,0.23926,0.96288,123,617.85
2025-06-30,2025-10-31,494.0,put,2.93,2.96,2.95,0.0,0,12,0.27829,-0.05987,123,617.85
2025-06-30,2025-10-31,495.0,call,129.72,132.82,131.27,106.33,0,7,0.23926,0.96169,123,617.85
2025-06-30,2025-10-31,495.0,put,2.97,3.0,2.99,0.0,0,82,0.27829,-0.06137,123,617.85
2025-06-30,2025-10-31,496.0,call,128.78,131.87,130.32,0.0,0,0,0.22951,0.96599,123,617.85
2025-06-30,2025-10-31,496.0,put,3.01,3.04,3.02,3.01,1,23,0.27829,-0.0629,123,617.85
2025-06-30,2025-10-31,497.0,call,127.83,130.93,129.38,0.0,0,0,0.22951,0.96484,123,617.85
2025-06-30,2025-10-31,497.0,put,3.05,3.08,3.06,0.0,0,10,0.27829,-0.06445,123,617.85
2025-06-30,2025-10-31,498.0,call,126.89,130.0,128.44,0.0,0,0,0.22951,0.96365,123,617.85
2025-06-30,2025-10-31,498.0,put,3.09,3.12,3.1,0.0,0,93,0.27829,-0.06604,123,617.85
2025-06-30,2025-10-31,499.0,call,125.94,129.04,127.49,81.5,0,2,0.22951,0.96244,123,617.85
2025-06-30,2025-10-31,499.0,put,3.14,3.17,3.16,0.0,0,14,0.27829,-0.06765,123,617.85
2025-06-30,2025-10-31,500.0,call,125.0,128.0,126.5,128.0,5,31,0.22951,0.96119,123,617.85
2025-06-30,2025-10-31,500.0,put,3.18,3.21,3.2,3.15,646,6379,0.27829,-0.06928,123,617.85
2025-06-30,2025-10-31,501.0,call,124.06,127.16,125.61,107.47,0,2,0.22951,0.95991,123,617.85
2025-06-30,2025-10-31,501.0,put,3.23,3.26,3.25,0.0,0,23,0.27829,-0.07094,123,617.85
2025-06-30,2025-10-31,502.0,call,123.12,126.22,124.67,81.95,0,1,0.22951,0.9586,123,617.85
2025-06-30,2025-10-31,502.0,put,3.27,3.3,3.29,3.36,2,29,0.27829,-0.07263,123,617.85
2025-06-30,2025-10-31,503.0,call,122.18,125.28,123.73,82.3,0,1,0.22951,0.95726,123,617.85
2025-06-30,2025-10-31,503.0,put,3.32,3.35,3.33,0.0,0,23,0.27829,-0.07435,123,617.85
2025-06-30,2025-10-31,504.0,call,121.24,124.34,122.79,0.0,0,0,0.22951,0.95589,123,617.85
2025-06-30,2025-10-31,504.0,put,3.37,3.4,3.38,3.38,1,40,0.26853,-0.06969,123,617.85
2025-06-30,2025-10-31,505.0,call,120.3,123.42,121.86,0.0,0,0,0.22951,0.95448,123,617.85
2025-06-30,2025-10-31,505.0,put,3.42,3.45,3.44,3.36,37,210,0.26853,-0.07141,123,617.85
2025-06-30,2025-10-31,506.0,call,119.36,122.47,120.91,0.0,0,0,0.22951,0.95304,123,617.85
2025-06-30,2025-10-31,506.0,put,3.47,3.5,3.49,0.0,0,47,0.26853,-0.07315,123,617.85
2025-06-30,2025-10-31,507.0,call,118.43,121.53,119.98,0.0,0,0,0.22951,0.95157,123,617.85
2025-06-30,2025-10-31,507.0,put,3.52,3.55,3.54,3.51,2,27,0.26853,-0.07493,123,617.85
2025-06-30,2025-10-31,508.0,call,118.06,120.6,119.33,107.23,0,2,0.23926,0.9434,123,617.85
2025-06-30,2025-10-31,508.0,put,3.57,3.6,3.58,0.0,0,46,0.26853,-0.07673,123,617.85
2025-06-30,2025-10-31,509.0,call,116.55,119.66,118.1,104.57,0,0,0.22951,0.94853,123,617.85
2025-06-30,2025-10-31,509.0,put,3.62,3.65,3.63,0.0,0,4,0.26853,-0.07857,123,617.85
2025-06-30,2025-10-31,510.0,call,116.19,118.73,117.46,96.6,0,58,0.23926,0.94011,123,617.85
2025-06-30,2025-10-31,510.0,put,3.67,3.7,3.69,3.61,132,583,0.26853,-0.08043,123,617.85
2025-06-30,2025-10-31,511.0,call,115.27,117.8,116.53,91.27,0,2,0.23926,0.93841,123,617.85
2025-06-30,2025-10-31,511.0,put,3.72,3.76,3.74,0.0,0,5,0.26853,-0.08232,123,617.85
2025-06-30,2025-10-31,512.0,call,114.32,116.87,115.59,92.39,0,10,0.23926,0.93668,123,617.85
2025-06-30,2025-10-31,512.0,put,3.78,3.81,3.79,0.0,0,59,0.26853,-0.08425,123,617.85
2025-06-30,2025-10-31,513.0,call,113.39,115.96,114.67,93.68,0,1,0.23926,0.93492,123,617.85
2025-06-30,2025-10-31,513.0,put,3.83,3.87,3.85,0.0,0,228,0.26853,-0.0862,123,617.85
2025-06-30,2025-10-31,514.0,call,112.46,115.01,113.73,111.89,0,1,0.22951,0.94031,123,617.85
2025-06-30,2025-10-31,514.0,put,3.89,3.93,3.91,0.0,0,4,0.26853,-0.08818,123,617.85
2025-06-30,2025-10-31,515.0,call,111.54,114.08,112.81,107.62,0,55,0.22951,0.93856,123,617.85
2025-06-30,2025-10-31,515.0,put,3.95,3.98,3.96,3.81,28,138,0.25877,-0.08313,123,617.85
2025-06-30,2025-10-31,516.0,call,110.61,113.17,111.89,0.0,0,0,0.22951,0.93677,123,617.85
2025-06-30,2025-10-31,516.0,put,4.01,4.04,4.03,3.97,1,14,0.25877,-0.08512,123,617.85
2025-06-30,2025-10-31,517.0,call,109.68,112.24,110.96,94.74,0,1,0.22951,0.93495,123,617.85
2025-06-30,2025-10-31,517.0,put,4.07,4.1,4.08,0.0,0,82,0.25877,-0.08715,123,617.85
2025-06-30,2025-10-31,518.0,call,108.75,111.3,110.03,0.0,0,0,0.22951,0.93309,123,617.85
2025-06-30,2025-10-31,518.0,put,4.13,4.16,4.14,0.0,0,16,0.25877,-0.08921,123,617.85
2025-06-30,2025-10-31,519.0,call,107.82,110.38,109.1,0.0,0,0,0.22951,0.93119,123,617.85
2025-06-30,2025-10-31,519.0,put,4.19,4.22,4.21,0.0,0,342,0.25877,-0.0913,123,617.85
2025-06-30,2025-10-31,520.0,call,106.89,109.45,108.17,105.4,0,20,0.22951,0.92926,123,617.85
2025-06-30,2025-10-31,520.0,put,4.25,4.29,4.27,4.17,47,720,0.25877,-0.09342,123,617.85
2025-06-30,2025-10-31,521.0,call,105.97,108.53,107.25,0.0,0,0,0.22951,0.92728,123,617.85
2025-06-30,2025-10-31,521.0,put,4.31,4.35,4.33,4.44,5,63,0.25877,-0.09557,123,617.85
2025-06-30,2025-10-31,522.0,call,105.07,107.61,106.34,79.52,0,0,0.22951,0.92527,123,617.85
2025-06-30,2025-10-31,522.0,put,4.38,4.42,4.4,0.0,0,30,0.25877,-0.09775,123,617.85
2025-06-30,2025-10-31,523.0,call,104.14,106.7,105.42,0.0,0,0,0.22951,0.92322,123,617.85
2025-06-30,2025-10-31,523.0,put,4.44,4.48,4.46,4.55,6,18,0.25877,-0.09997,123,617.85
2025-06-30,2025-10-31,524.0,call,103.23,105.78,104.5,103.6,2,3,0.22951,0.92114,123,617.85
2025-06-30,2025-10-31,524.0,put,4.51,4.55,4.53,4.54,2,4,0.25877,-0.10222,123,617.85
2025-06-30,2025-10-31,525.0,call,102.31,104.85,103.58,89.97,0,6,0.22951,0.91901,123,617.85
2025-06-30,2025-10-31,525.0,put,4.58,4.62,4.6,4.56,50,2411,0.24902,-0.09684,123,617.85
2025-06-30,2025-10-31,526.0,call,101.39,103.94,102.66,0.0,0,0,0.22951,0.91684,123,617.85
2025-06-30,2025-10-31,526.0,put,4.65,4.69,4.67,0.0,0,11,0.24902,-0.09912,123,617.85
2025-06-30,2025-10-31,527.0,call,100.47,102.58,101.53,0.0,0,0,0.21975,0.92291,123,617.85
2025-06-30,2025-10-31,527.0,put,4.72,4.76,4.74,0.0,0,16,0.24902,-0.10143,123,617.85
2025-06-30,2025-10-31,528.0,call,99.57,101.66,100.61,58.73,0,0,0.21975,0.92074,123,617.85
2025-06-30,2025-10-31,528.0,put,4.79,4.83,4.81,0.0,0,23,0.24902,-0.10377,123,617.85
2025-06-30,2025-10-31,529.0,call,98.64,100.73,99.69,0.0,0,0,0.21975,0.91853,123,617.85
2025-06-30,2025-10-31,529.0,put,4.86,4.9,4.88,0.0,0,34,0.24902,-0.10615,123,617.85
2025-06-30,2025-10-31,530.0,call,97.74,99.69,98.72,94.21,0,141,0.21975,0.91627,123,617.85
2025-06-30,2025-10-31,530.0,put,4.94,4.97,4.96,4.87,25,1083,0.24902,-0.10857,123,617.85
2025-06-30,2025-10-31,531.0,call,96.81,98.9,97.86,84.6,0,2,0.21975,0.91398,123,617.85
2025-06-30,2025-10-31,531.0,put,5.01,5.05,5.03,0.0,0,18,0.24902,-0.11102,123,617.85
2025-06-30,2025-10-31,532.0,call,95.92,97.98,96.95,0.0,0,0,0.21975,0.91164,123,617.85
2025-06-30,2025-10-31,532.0,put,5.09,5.13,5.11,0.0,0,84,0.24902,-0.1135,123,617.85
2025-06-30,2025-10-31,533.0,call,95.01,97.54,96.28,71.01,0,33,0.21975,0.90926,123,617.85
2025-06-30,2025-10-31,533.0,put,5.16,5.2,5.18,5.26,1,45,0.24902,-0.11602,123,617.85
2025-06-30,2025-10-31,534.0,call,94.1,96.15,95.12,88.38,0,2,0.21975,0.90683,123,617.85
2025-06-30,2025-10-31,534.0,put,5.24,5.28,5.26,0.0,0,23,0.24902,-0.11857,123,617.85
2025-06-30,2025-10-31,535.0,call,93.19,95.11,94.15,91.59,0,10,0.21975,0.90436,123,617.85
2025-06-30,2025-10-31,535.0,put,5.32,5.36,5.34,5.2,7,1199,0.24902,-0.12116,123,617.85
2025-06-30,2025-10-31,536.0,call,92.29,94.33,93.31,83.06,0,1,0.21975,0.90185,123,617.85
2025-06-30,2025-10-31,536.0,put,5.4,5.45,5.43,0.0,0,556,0.23926,-0.11552,123,617.85
2025-06-30,2025-10-31,537.0,call,91.38,93.41,92.39,83.7,0,2,0.21975,0.8993,123,617.85
2025-06-30,2025-10-31,537.0,put,5.49,5.53,5.51,0.0,0,326,0.23926,-0.11816,123,617.85
2025-06-30,2025-10-31,538.0,call,90.47,92.51,91.49,69.3,0,4,0.21975,0.8967,123,617.85
2025-06-30,2025-10-31,538.0,put,5.57,5.61,5.59,0.0,0,471,0.23926,-0.12083,123,617.85
2025-06-30,2025-10-31,539.0,call,89.57,92.18,90.88,0.0,0,0,0.21975,0.89406,123,617.85
2025-06-30,2025-10-31,539.0,put,5.66,5.7,5.68,0.0,0,383,0.23926,-0.12354,123,617.85
2025-06-30,2025-10-31,540.0,call,88.66,90.57,89.61,87.66,0,83,0.21,0.90068,123,617.85
2025-06-30,2025-10-31,540.0,put,5.74,5.79,5.77,5.69,17,1923,0.23926,-0.12628,123,617.85
2025-06-30,2025-10-31,541.0,call,87.75,89.78,88.77,87.84,2,2,0.21,0.898,123,617.85
2025-06-30,2025-10-31,541.0,put,5.83,5.87,5.85,0.0,0,560,0.23926,-0.12906,123,617.85
2025-06-30,2025-10-31,542.0,call,86.86,88.88,87.87,87.03,2,1,0.21,0.89528,123,617.85
2025-06-30,2025-10-31,542.0,put,5.92,5.96,5.94,6.03,1,263,0.23926,-0.13188,123,617.85
2025-06-30,2025-10-31,543.0,call,85.96,87.98,86.97,42.16,0,3,0.21,0.89251,123,617.85
2025-06-30,2025-10-31,543.0,put,6.01,6.06,6.04,6.18,1,267,0.23926,-0.13474,123,617.85
2025-06-30,2025-10-31,544.0,call,85.07,87.07,86.07,49.17,0,9,0.21,0.88969,123,617.85
2025-06-30,2025-10-31,544.0,put,6.11,6.15,6.13,0.0,0,74,0.23926,-0.13763,123,617.85
2025-06-30,2025-10-31,545.0,call,84.17,86.06,85.12,76.82,0,16,0.21,0.88683,123,617.85
2025-06-30,2025-10-31,545.0,put,6.2,6.25,6.22,6.37,4,240,0.23926,-0.14056,123,617.85
2025-06-30,2025-10-31,546.0,call,83.28,85.27,84.28,81.28,0,10,0.21,0.88391,123,617.85
2025-06-30,2025-10-31,546.0,put,6.3,6.34,6.32,0.0,0,138,0.22951,-0.13478,123,617.85
2025-06-30,2025-10-31,547.0,call,82.38,84.38,83.38,68.0,0,2,0.21,0.88096,123,617.85
2025-06-30,2025-10-31,547.0,put,6.39,6.44,6.42,0.0,0,553,0.22951,-0.13779,123,617.85
2025-06-30,2025-10-31,548.0,call,81.49,83.48,82.48,58.77,0,12,0.21,0.87795,123,617.85
2025-06-30,2025-10-31,548.0,put,6.49,6.54,6.52,0.0,0,233,0.22951,-0.14083,123,617.85
2025-06-30,2025-10-31,549.0,call,80.6,83.15,81.88,75.95,0,4,0.21,0.87489,123,617.85
2025-06-30,2025-10-31,549.0,put,6.59,6.64,6.62,0.0,0,210,0.22951,-0.14391,123,617.85
2025-06-30,2025-10-31,550.0,call,79.71,81.58,80.64,81.5,2,130,0.21,0.87179,123,617.85
2025-06-30,2025-10-31,550.0,put,6.7,6.74,6.72,6.7,109259,110550,0.22951,-0.14703,123,617.85
2025-06-30,2025-10-31,551.0,call,78.82,80.81,79.81,62.43,0,2,0.21,0.86864,123,617.85
2025-06-30,2025-10-31,551.0,put,6.8,6.85,6.82,0.0,0,145,0.22951,-0.15019,123,617.85
2025-06-30,2025-10-31,552.0,call,77.94,80.45,79.19,57.1,0,9,0.21,0.86545,123,617.85
2025-06-30,2025-10-31,552.0,put,6.9,6.95,6.93,0.0,0,104,0.22951,-0.15338,123,617.85
2025-06-30,2025-10-31,553.0,call,77.06,79.04,78.05,65.01,0,3,0.21,0.86221,123,617.85
2025-06-30,2025-10-31,553.0,put,7.01,7.06,7.04,0.0,0,164,0.22951,-0.15662,123,617.85
2025-06-30,2025-10-31,554.0,call,76.17,78.15,77.16,33.62,0,1,0.20024,0.86908,123,617.85
2025-06-30,2025-10-31,554.0,put,7.12,7.17,7.14,7.14,1,221,0.22951,-0.1599,123,617.85
2025-06-30,2025-10-31,555.0,call,75.29,77.15,76.22,62.84,0,61,0.20024,0.86576,123,617.85
2025-06-30,2025-10-31,555.0,put,7.23,7.28,7.26,7.34,26,647,0.22951,-0.16321,123,617.85
2025-06-30,2025-10-31,556.0,call,74.41,76.91,75.66,59.33,0,3,0.21,0.8522,123,617.85
2025-06-30,2025-10-31,556.0,put,7.34,7.39,7.37,0.0,0,117,0.22951,-0.16656,123,617.85
2025-06-30,2025-10-31,557.0,call,73.54,76.05,74.8,73.92,1,11,0.21,0.84877,123,617.85
2025-06-30,2025-10-31,557.0,put,7.46,7.51,7.48,0.0,0,103,0.21975,-0.16086,123,617.85
2025-06-30,2025-10-31,558.0,call,72.66,74.63,73.64,57.97,0,5,0.20024,0.85547,123,617.85
2025-06-30,2025-10-31,558.0,put,7.57,7.62,7.6,0.0,0,61,0.21975,-0.16432,123,617.85
2025-06-30,2025-10-31,559.0,call,71.79,73.75,72.77,61.61,0,55,0.20024,0.85193,123,617.85
2025-06-30,2025-10-31,559.0,put,7.69,7.74,7.71,0.0,0,280,0.21975,-0.16782,123,617.85
2025-06-30,2025-10-31,560.0,call,70.92,73.37,72.15,72.3,1,207,0.20024,0.84835,123,617.85
2025-06-30,2025-10-31,560.0,put,7.81,7.86,7.83,7.67,541,5300,0.21975,-0.17136,123,617.85
2025-06-30,2025-10-31,561.0,call,70.05,72.0,71.03,55.22,0,87,0.20024,0.84472,123,617.85
2025-06-30,2025-10-31,561.0,put,7.93,7.99,7.96,0.0,0,263,0.21975,-0.17494,123,617.85
2025-06-30,2025-10-31,562.0,call,69.18,71.64,70.41,54.11,0,88,0.20024,0.84103,123,617.85
2025-06-30,2025-10-31,562.0,put,8.06,8.11,8.09,8.21,2,232,0.21975,-0.17856,123,617.85
2025-06-30,2025-10-31,563.0,call,68.31,70.76,69.53,56.63,0,75,0.20024,0.8373,123,617.85
2025-06-30,2025-10-31,563.0,put,8.19,8.24,8.21,8.15,1,3179,0.21975,-0.18222,123,617.85
2025-06-30,2025-10-31,564.0,call,67.45,69.39,68.42,57.73,0,101,0.20024,0.83352,123,617.85
2025-06-30,2025-10-31,564.0,put,8.31,8.36,8.34,8.57,2,322,0.21975,-0.18592,123,617.85
2025-06-30,2025-10-31,565.0,call,66.59,68.41,67.5,68.57,4,1050,0.19048,0.84035,123,617.85
2025-06-30,2025-10-31,565.0,put,8.45,8.49,8.47,8.17,3,1331,0.21975,-0.18966,123,617.85
2025-06-30,2025-10-31,566.0,call,65.72,67.7,66.71,65.1,0,124,0.20024,0.8258,123,617.85
2025-06-30,2025-10-31,566.0,put,8.57,8.63,8.6,0.0,0,225,0.21975,-0.19344,123,617.85
2025-06-30,2025-10-31,567.0,call,64.86,66.79,65.83,50.73,0,73,0.19048,0.83247,123,617.85
2025-06-30,2025-10-31,567.0,put,8.71,8.76,8.73,0.0,0,188,0.21975,-0.19726,123,617.85
2025-06-30,2025-10-31,568.0,call,64.01,65.93,64.97,63.41,0,817,0.19048,0.82844,123,617.85
2025-06-30,2025-10-31,568.0,put,8.84,8.9,8.87,8.79,1,220,0.21,-0.19195,123,617.85
2025-06-30,2025-10-31,569.0,call,62.99,65.07,64.03,48.01,0,244,0.19048,0.82436,123,617.85
2025-06-30,2025-10-31,569.0,put,8.98,9.04,9.01,9.01,10,172,0.21,-0.19591,123,617.85
2025-06-30,2025-10-31,570.0,call,62.25,64.11,63.18,59.43,0,463,0.19048,0.82023,123,617.85
2025-06-30,2025-10-31,570.0,put,9.13,9.18,9.16,9.07,28,10078,0.21,-0.19992,123,617.85
2025-06-30,2025-10-31,571.0,call,61.44,63.35,62.39,46.7,0,180,0.19048,0.81604,123,617.85
2025-06-30,2025-10-31,571.0,put,9.27,9.32,9.29,9.14,1,292,0.21,-0.20397,123,617.85
2025-06-30,2025-10-31,572.0,call,60.59,62.49,61.54,45.96,0,155,0.19048,0.8118,123,617.85
2025-06-30,2025-10-31,572.0,put,9.41,9.47,9.44,0.0,0,3617,0.21,-0.20806,123,617.85
2025-06-30,2025-10-31,573.0,call,59.75,61.65,60.7,44.7,0,2,0.19048,0.80751,123,617.85
2025-06-30,2025-10-31,573.0,put,9.56,9.61,9.59,0.0,0,4,0.21,-0.21219,123,617.85
2025-06-30,2025-10-31,574.0,call,58.9,61.21,60.05,50.33,0,3,0.19048,0.80317,123,617.85
2025-06-30,2025-10-31,574.0,put,9.71,9.76,9.73,9.87,2,13,0.21,-0.21636,123,617.85
2025-06-30,2025-10-31,575.0,call,58.05,59.86,58.95,60.07,4,811,0.19048,0.79878,123,617.85
2025-06-30,2025-10-31,575.0,put,9.86,9.91,9.88,9.5,44,1234,0.21,-0.22057,123,617.85
2025-06-30,2025-10-31,576.0,call,57.22,59.5,58.36,56.96,1,0,0.19048,0.79433,123,617.85
2025-06-30,2025-10-31,576.0,put,10.01,10.07,10.04,0.0,0,57,0.21,-0.22482,123,617.85
2025-06-30,2025-10-31,577.0,call,56.38,58.64,57.51,56.88,6,0,0.19048,0.78984,123,617.85
2025-06-30,2025-10-31,577.0,put,10.17,10.22,10.2,0.0,0,42,0.21,-0.22911,123,617.85
2025-06-30,2025-10-31,578.0,call,55.54,57.42,56.48,54.48,0,1,0.18073,0.79589,123,617.85
2025-06-30,2025-10-31,578.0,put,10.32,10.38,10.35,0.0,0,4,0.20024,-0.22446,123,617.85
2025-06-30,2025-10-31,579.0,call,54.7,56.99,55.84,39.68,0,1,0.19048,0.7807,123,617.85
2025-06-30,2025-10-31,579.0,put,10.49,10.54,10.52,10.52,1,190,0.20024,-0.22894,123,617.85
2025-06-30,2025-10-31,580.0,call,53.94,55.64,54.79,54.4,2,699,0.18073,0.78643,123,617.85
2025-06-30,2025-10-31,580.0,put,10.65,10.71,10.68,10.52,7,1433,0.20024,-0.23346,123,617.85
2025-06-30,2025-10-31,581.0,call,53.07,54.91,53.99,0.0,0,0,0.18073,0.78162,123,617.85
2025-06-30,2025-10-31,581.0,put,10.82,10.88,10.85,0.0,0,10,0.20024,-0.23802,123,617.85
2025-06-30,2025-10-31,582.0,call,52.21,54.47,53.34,53.58,6,6,0.18073,0.77676,123,617.85
2025-06-30,2025-10-31,582.0,put,10.98,11.04,11.01,0.0,0,22,0.20024,-0.24262,123,617.85
2025-06-30,2025-10-31,583.0,call,51.44,53.25,52.34,41.22,0,4,0.18073,0.77184,123,617.85
2025-06-30,2025-10-31,583.0,put,11.16,11.22,11.19,0.0,0,3,0.20024,-0.24727,123,617.85
2025-06-30,2025-10-31,584.0,call,50.61,52.46,51.53,35.5,0,6,0.18073,0.76688,123,617.85
2025-06-30,2025-10-31,584.0,put,11.33,11.39,11.36,11.27,1,8,0.20024,-0.25195,123,617.85
2025-06-30,2025-10-31,585.0,call,50.03,51.4,50.72,49.31,25,1096,0.18073,0.76186,123,617.85
2025-06-30,2025-10-31,585.0,put,11.51,11.57,11.54,11.47,1990,635,0.20024,-0.25667,123,617.85
2025-06-30,2025-10-31,586.0,call,48.97,50.81,49.89,36.12,0,2,0.18073,0.75679,123,617.85
2025-06-30,2025-10-31,586.0,put,11.69,11.75,11.72,0.0,0,71,0.20024,-0.26142,123,617.85
2025-06-30,2025-10-31,587.0,call,48.19,49.95,49.07,39.24,0,4,0.18073,0.75167,123,617.85
2025-06-30,2025-10-31,587.0,put,11.87,11.93,11.9,11.71,2,9,0.20024,-0.26622,123,617.85
2025-06-30,2025-10-31,588.0,call,47.42,49.14,48.28,43.65,0,78,0.18073,0.74651,123,617.85
2025-06-30,2025-10-31,588.0,put,12.06,12.12,12.09,11.9,3,29,0.19048,-0.26269,123,617.85
2025-06-30,2025-10-31,589.0,call,46.62,48.32,47.47,40.7,0,4,0.17097,0.75126,123,617.85
2025-06-30,2025-10-31,589.0,put,12.25,12.31,12.28,0.0,0,36,0.19048,-0.26773,123,617.85
2025-06-30,2025-10-31,590.0,call,46.0,47.38,46.69,46.32,29,1847,0.17097,0.74581,123,617.85
2025-06-30,2025-10-31,590.0,put,12.44,12.51,12.47,12.14,64,3616,0.19048,-0.2728,123,617.85
2025-06-30,2025-10-31,591.0,call,45.02,46.7,45.86,34.63,0,11,0.17097,0.74031,123,617.85
2025-06-30,2025-10-31,591.0,put,12.64,12.7,12.67,12.49,2,14,0.19048,-0.27791,123,617.85
2025-06-30,2025-10-31,592.0,call,44.25,45.9,45.08,45.31,2,11,0.17097,0.73476,123,617.85
2025-06-30,2025-10-31,592.0,put,12.84,12.9,12.87,13.19,1,19,0.19048,-0.28307,123,617.85
2025-06-30,2025-10-31,593.0,call,43.29,45.41,44.35,38.56,0,5,0.17097,0.72915,123,617.85
2025-06-30,2025-10-31,593.0,put,13.04,13.1,13.07,0.0,0,73,0.19048,-0.28825,123,617.85
2025-06-30,2025-10-31,594.0,call,43.49,43.59,43.54,40.95,0,85,0.17097,0.7235,123,617.85
2025-06-30,2025-10-31,594.0,put,13.24,13.31,13.28,0.0,0,84,0.19048,-0.29348,123,617.85
2025-06-30,2025-10-31,595.0,call,42.7,42.8,42.75,43.22,15,3433,0.17097,0.71781,123,617.85
2025-06-30,2025-10-31,595.0,put,13.45,13.52,13.48,13.12,6,628,0.19048,-0.29873,123,617.85
2025-06-30,2025-10-31,596.0,call,41.92,42.02,41.97,29.88,0,30,0.17097,0.71206,123,617.85
2025-06-30,2025-10-31,596.0,put,13.67,13.73,13.7,0.0,0,32,0.19048,-0.30403,123,617.85
2025-06-30,2025-10-31,597.0,call,41.15,41.24,41.2,39.18,0,14,0.17097,0.70627,123,617.85
2025-06-30,2025-10-31,597.0,put,13.88,13.95,13.91,0.0,0,44,0.19048,-0.30935,123,617.85
2025-06-30,2025-10-31,598.0,call,40.37,40.47,40.42,39.03,0,23,0.17097,0.70044,123,617.85
2025-06-30,2025-10-31,598.0,put,14.1,14.17,14.13,0.0,0,59,0.19048,-0.3147,123,617.85
2025-06-30,2025-10-31,599.0,call,39.6,39.69,39.64,38.32,0,9,0.17097,0.69456,123,617.85
2025-06-30,2025-10-31,599.0,put,14.33,14.4,14.37,13.83,12,53,0.18073,-0.31318,123,617.85
2025-06-30,2025-10-31,600.0,call,38.84,38.93,38.89,39.49,34,1233,0.17097,0.68865,123,617.85
2025-06-30,2025-10-31,600.0,put,14.56,14.63,14.6,14.22,65,917,0.18073,-0.31883,123,617.85
2025-06-30,2025-10-31,601.0,call,38.07,38.16,38.11,38.02,10,25,0.16122,0.69082,123,617.85
2025-06-30,2025-10-31,601.0,put,14.79,14.86,14.82,0.0,0,29,0.18073,-0.32452,123,617.85
2025-06-30,2025-10-31,602.0,call,37.32,37.4,37.36,36.99,1,86,0.16122,0.68453,123,617.85
2025-06-30,2025-10-31,602.0,put,15.03,15.1,15.06,15.5,1,35,0.18073,-0.33024,123,617.85
2025-06-30,2025-10-31,603.0,call,36.56,36.65,36.61,36.96,1,77,0.16122,0.6782,123,617.85
2025-06-30,2025-10-31,603.0,put,15.27,15.34,15.3,0.0,0,29,0.18073,-0.33599,123,617.85
2025-06-30,2025-10-31,604.0,call,35.81,35.9,35.86,32.76,0,16,0.16122,0.67183,123,617.85
2025-06-30,2025-10-31,604.0,put,15.51,15.59,15.55,0.0,0,47,0.18073,-0.34177,123,617.85
2025-06-30,2025-10-31,605.0,call,35.07,35.15,35.11,35.74,20,691,0.16122,0.66541,123,617.85
2025-06-30,2025-10-31,605.0,put,15.77,15.84,15.8,15.25,5,166,0.18073,-0.34758,123,617.85
2025-06-30,2025-10-31,606.0,call,34.33,34.41,34.37,34.11,1,39,0.16122,0.65896,123,617.85
2025-06-30,2025-10-31,606.0,put,16.02,16.1,16.06,15.69,27,66,0.18073,-0.35341,123,617.85
2025-06-30,2025-10-31,610.0,call,31.42,31.49,31.45,31.85,35,3641,0.16122,0.63282,123,617.85
2025-06-30,2025-10-31,610.0,put,17.11,17.18,17.14,16.58,134,779,0.17097,-0.37241,123,617.85
2025-06-30,2025-10-31,615.0,call,27.91,27.98,27.95,28.58,29,2052,0.15146,0.60353,123,617.85
2025-06-30,2025-10-31,615.0,put,18.6,18.68,18.64,18.14,106,188,0.17097,-0.40391,123,617.85
2025-06-30,2025-10-31,620.0,call,24.57,24.63,24.6,25.05,174,1598,0.15146,0.56766,123,617.85
2025-06-30,2025-10-31,620.0,put,20.28,20.36,20.32,19.6,74,208,0.16122,-0.43424,123,617.85
2025-06-30,2025-10-31,625.0,call,21.41,21.47,21.44,21.67,25,377,0.1417,0.53134,123,617.85
2025-06-30,2025-10-31,625.0,put,22.16,22.25,22.2,22.19,20,32,0.16122,-0.46821,123,617.85
2025-06-30,2025-10-31,630.0,call,18.47,18.53,18.5,18.98,230,3344,0.1417,0.49273,123,617.85
2025-06-30,2025-10-31,630.0,put,24.28,24.37,24.33,23.37,5,144,0.16122,-0.50215,123,617.85
2025-06-30,2025-10-31,635.0,call,15.76,15.82,15.79,16.32,16,5136,0.13195,0.44882,123,617.85
2025-06-30,2025-10-31,635.0,put,26.66,26.75,26.7,26.39,1,63,0.15146,-0.54042,123,617.85
2025-06-30,2025-10-31,640.0,call,13.29,13.35,13.32,13.66,81,1960,0.13195,0.40864,123,617.85
2025-06-30,2025-10-31,640.0,put,28.89,29.94,29.41,0.0,0,9,0.15146,-0.57561,123,617.85
2025-06-30,2025-10-31,645.0,call,11.09,11.15,11.12,11.44,86,2001,0.13195,0.3697,123,617.85
2025-06-30,2025-10-31,645.0,put,31.8,33.02,32.41,0.0,0,2,0.15146,-0.60995,123,617.85
2025-06-30,2025-10-31,650.0,call,9.15,9.21,9.18,9.25,108,1671,0.12219,0.31777,123,617.85
2025-06-30,2025-10-31,650.0,put,35.01,36.45,35.73,35.19,1,36,0.15146,-0.6432,123,617.85
2025-06-30,2025-10-31,655.0,call,7.48,7.53,7.51,7.55,41,6039,0.12219,0.28029,123,617.85
2025-06-30,2025-10-31,655.0,put,38.54,40.21,39.38,38.85,2,0,0.16122,-0.6632,123,617.85
2025-06-30,2025-10-31,660.0,call,6.05,6.09,6.07,6.44,26,679,0.12219,0.24535,123,617.85
2025-06-30,2025-10-31,660.0,put,42.37,44.18,43.27,0.0,0,1,0.16122,-0.69233,123,617.85
2025-06-30,2025-10-31,665.0,call,4.85,4.89,4.87,4.73,39,956,0.12219,0.21313,123,617.85
2025-06-30,2025-10-31,665.0,put,46.13,48.63,47.38,46.5,1,0,0.16122,-0.72009,123,617.85
2025-06-30,2025-10-31,670.0,call,3.85,3.88,3.87,4.12,36,218,0.12219,0.18374,123,617.85
2025-06-30,2025-10-31,670.0,put,50.91,54.01,52.46,0.0,0,0,0.17097,-0.73231,123,617.85
2025-06-30,2025-10-31,675.0,call,3.03,3.07,3.05,2.92,30,1915,0.11244,0.13584,123,617.85
2025-06-30,2025-10-31,675.0,put,55.91,58.98,57.44,0.0,0,0,0.18073,-0.7427,123,617.85
2025-06-30,2025-10-31,680.0,call,2.36,2.4,2.38,2.27,7,829,0.11244,0.1127,123,617.85
2025-06-30,2025-10-31,680.0,put,60.85,63.97,62.41,0.0,0,0,0.19048,-0.7516,123,617.85
2025-06-30,2025-10-31,685.0,call,1.83,1.86,1.85,1.91,9,266,0.11244,0.09266,123,617.85
2025-06-30,2025-10-31,685.0,put,65.85,68.97,67.41,0.0,0,0,0.21,-0.7472,123,617.85
2025-06-30,2025-10-31,690.0,call,1.4,1.43,1.42,1.46,1,411,0.11244,0.07551,123,617.85
2025-06-30,2025-10-31,690.0,put,70.85,73.97,72.41,0.0,0,0,0.21,-0.76589,123,617.85
2025-06-30,2025-10-31,695.0,call,1.07,1.1,1.08,1.18,11,366,0.11244,0.06098,123,617.85
2025-06-30,2025-10-31,695.0,put,75.85,78.97,77.41,0.0,0,0,0.21975,-0.77163,123,617.85
2025-06-30,2025-10-31,700.0,call,0.81,0.84,0.82,0.85,138,1838,0.11244,0.04882,123,617.85
2025-06-30,2025-10-31,700.0,put,80.85,83.0,81.92,81.5,3,0,0.22951,-0.77663,123,617.85
2025-06-30,2025-11-21,375.0,call,246.65,250.07,248.36,0.0,0,0,0.01488,1.0,144,617.85
2025-06-30,2025-11-21,375.0,put,1.07,1.09,1.08,1.06,25,23,0.41487,-0.01734,144,617.85
2025-06-30,2025-11-21,380.0,call,241.79,245.2,243.5,0.0,0,0,0.01488,1.0,144,617.85
2025-06-30,2025-11-21,380.0,put,1.12,1.14,1.13,0.0,0,0,0.40511,-0.01766,144,617.85
2025-06-30,2025-11-21,385.0,call,237.0,240.34,238.67,0.0,0,0,0.01488,1.0,144,617.85
2025-06-30,2025-11-21,385.0,put,1.17,1.19,1.18,1.16,1,0,0.40511,-0.02002,144,617.85
2025-06-30,2025-11-21,390.0,call,232.13,235.42,233.77,0.0,0,0,0.01488,1.0,144,617.85
2025-06-30,2025-11-21,390.0,put,1.22,1.24,1.23,0.0,0,0,0.39536,-0.02039,144,617.85
2025-06-30,2025-11-21,395.0,call,227.27,230.62,228.94,0.0,0,0,0.01488,1.0,144,617.85
2025-06-30,2025-11-21,395.0,put,1.28,1.29,1.29,0.0,0,4,0.3856,-0.02074,144,617.85
2025-06-30,2025-11-21,400.0,call,222.42,225.7,224.06,0.0,0,0,0.01488,1.0,144,617.85
2025-06-30,2025-11-21,400.0,put,1.33,1.35,1.34,1.35,20,13,0.3856,-0.02347,144,617.85
2025-06-30,2025-11-21,405.0,call,217.57,220.85,219.21,213.9,0,0,0.01488,1.0,144,617.85
2025-06-30,2025-11-21,405.0,put,1.39,1.41,1.4,1.41,10,8,0.37584,-0.02388,144,617.85
2025-06-30,2025-11-21,410.0,call,212.72,216.06,214.39,207.83,0,45,0.01488,1.0,144,617.85
2025-06-30,2025-11-21,410.0,put,1.46,1.48,1.47,0.0,0,0,0.36609,-0.02427,144,617.85
2025-06-30,2025-11-21,415.0,call,207.87,211.21,209.54,204.32,0,6,0.01488,1.0,144,617.85
2025-06-30,2025-11-21,415.0,put,1.53,1.55,1.54,0.0,0,2,0.36609,-0.02743,144,617.85
2025-06-30,2025-11-21,420.0,call,203.03,206.31,204.67,198.13,0,26,0.01488,1.0,144,617.85
2025-06-30,2025-11-21,420.0,put,1.6,1.62,1.61,1.63,10,0,0.35633,-0.02789,144,617.85
2025-06-30,2025-11-21,425.0,call,198.19,201.47,199.83,193.26,0,25,0.01488,1.0,144,617.85
2025-06-30,2025-11-21,425.0,put,1.68,1.7,1.69,0.0,0,0,0.34658,-0.02832,144,617.85
2025-06-30,2025-11-21,430.0,call,193.35,196.64,195.0,0.0,0,0,0.01488,1.0,144,617.85
2025-06-30,2025-11-21,430.0,put,1.76,1.78,1.77,0.0,0,0,0.34658,-0.03199,144,617.85
2025-06-30,2025-11-21,435.0,call,188.53,191.81,190.17,189.27,0,1,0.01488,1.0,144,617.85
2025-06-30,2025-11-21,435.0,put,1.85,1.87,1.86,1.88,4,2,0.33682,-0.03251,144,617.85
2025-06-30,2025-11-21,440.0,call,183.71,187.05,185.38,0.0,0,0,0.21,0.99719,144,617.85
2025-06-30,2025-11-21,440.0,put,1.95,1.97,1.96,1.94,1,6,0.33682,-0.03664,144,617.85
2025-06-30,2025-11-21,445.0,call,178.83,182.18,180.5,179.1,0,0,0.21,0.99636,144,617.85
2025-06-30,2025-11-21,445.0,put,2.05,2.08,2.06,2.03,3,8,0.32707,-0.03727,144,617.85
2025-06-30,2025-11-21,450.0,call,174.02,177.44,175.73,0.0,0,0,0.22951,0.99157,144,617.85
2025-06-30,2025-11-21,450.0,put,2.17,2.19,2.18,2.15,31,19,0.32707,-0.04191,144,617.85
2025-06-30,2025-11-21,455.0,call,169.23,172.65,170.94,0.0,0,0,0.22951,0.98964,144,617.85
2025-06-30,2025-11-21,455.0,put,2.29,2.31,2.3,0.0,0,4,0.31731,-0.04268,144,617.85
2025-06-30,2025-11-21,460.0,call,164.44,167.8,166.12,158.29,0,7,0.23926,0.9843,144,617.85
2025-06-30,2025-11-21,460.0,put,2.42,2.44,2.43,2.38,3,0,0.30755,-0.04343,144,617.85
2025-06-30,2025-11-21,465.0,call,159.67,163.09,161.38,0.0,0,0,0.23926,0.98124,144,617.85
2025-06-30,2025-11-21,465.0,put,2.56,2.58,2.57,2.6,2,0,0.30755,-0.04884,144,617.85
2025-06-30,2025-11-21,470.0,call,154.9,158.27,156.59,149.99,0,6,0.23926,0.97772,144,617.85
2025-06-30,2025-11-21,470.0,put,2.71,2.74,2.73,0.0,0,2,0.2978,-0.04977,144,617.85
2025-06-30,2025-11-21,475.0,call,150.16,153.52,151.84,151.12,2,2,0.23926,0.97371,144,617.85
2025-06-30,2025-11-21,475.0,put,2.88,2.91,2.9,2.86,1,2,0.2978,-0.05586,144,617.85
2025-06-30,2025-11-21,480.0,call,145.42,148.79,147.1,146.38,1,1,0.23926,0.96917,144,617.85
2025-06-30,2025-11-21,480.0,put,3.06,3.09,3.08,3.04,37,8,0.28804,-0.05702,144,617.85
2025-06-30,2025-11-21,485.0,call,140.7,144.07,142.38,0.0,0,0,0.23926,0.96405,144,617.85
2025-06-30,2025-11-21,485.0,put,3.26,3.29,3.27,0.0,0,0,0.28804,-0.06388,144,617.85
2025-06-30,2025-11-21,490.0,call,136.0,139.43,137.72,0.0,0,0,0.23926,0.95832,144,617.85
2025-06-30,2025-11-21,490.0,put,3.48,3.51,3.5,0.0,0,906,0.27829,-0.06533,144,617.85
2025-06-30,2025-11-21,495.0,call,131.31,134.74,133.03,0.0,0,0,0.23926,0.95194,144,617.85
2025-06-30,2025-11-21,495.0,put,3.72,3.75,3.74,0.0,0,1,0.27829,-0.07306,144,617.85
2025-06-30,2025-11-21,500.0,call,126.65,130.02,128.34,0.0,0,0,0.22951,0.95141,144,617.85
2025-06-30,2025-11-21,500.0,put,3.97,4.0,3.99,3.95,158,124,0.26853,-0.07488,144,617.85
2025-06-30,2025-11-21,505.0,call,122.0,125.38,123.69,0.0,0,0,0.22951,0.94405,144,617.85
2025-06-30,2025-11-21,505.0,put,4.24,4.27,4.25,0.0,0,2,0.26853,-0.08358,144,617.85
2025-06-30,2025-11-21,510.0,call,117.38,120.75,119.06,0.0,0,0,0.22951,0.93591,144,617.85
2025-06-30,2025-11-21,510.0,put,4.54,4.57,4.55,4.58,1,4,0.26853,-0.09292,144,617.85
2025-06-30,2025-11-21,515.0,call,112.78,116.15,114.47,0.0,0,0,0.22951,0.92698,144,617.85
2025-06-30,2025-11-21,515.0,put,4.86,4.89,4.88,4.79,1,4,0.25877,-0.09568,144,617.85
2025-06-30,2025-11-21,520.0,call,108.57,110.99,109.78,103.86,0,3,0.21975,0.92534,144,617.85
2025-06-30,2025-11-21,520.0,put,5.21,5.24,5.22,5.24,4,7,0.25877,-0.10617,144,617.85
2025-06-30,2025-11-21,525.0,call,103.58,107.03,105.31,104.3,1,3,0.21975,0.91506,144,617.85
2025-06-30,2025-11-21,525.0,put,5.58,5.62,5.6,5.5,4,10,0.24902,-0.10962,144,617.85
2025-06-30,2025-11-21,530.0,call,99.06,102.58,100.82,0.0,0,0,0.21975,0.90387,144,617.85
2025-06-30,2025-11-21,530.0,put,5.98,6.02,6.0,0.0,0,8,0.24902,-0.12141,144,617.85
2025-06-30,2025-11-21,535.0,call,94.56,98.09,96.33,0.0,0,0,0.21975,0.89175,144,617.85
2025-06-30,2025-11-21,535.0,put,6.42,6.46,6.44,6.39,13,8,0.23926,-0.12572,144,617.85
2025-06-30,2025-11-21,540.0,call,90.1,93.56,91.83,0.0,0,0,0.21,0.88811,144,617.85
2025-06-30,2025-11-21,540.0,put,6.88,6.93,6.9,6.7,8,22,0.23926,-0.13897,144,617.85
2025-06-30,2025-11-21,545.0,call,85.66,89.13,87.39,0.0,0,0,0.21,0.87423,144,617.85
2025-06-30,2025-11-21,545.0,put,7.39,7.43,7.41,7.57,2,1,0.22951,-0.14437,144,617.85
2025-06-30,2025-11-21,550.0,call,81.96,83.99,82.97,78.27,0,5,0.21,0.85935,144,617.85
2025-06-30,2025-11-21,550.0,put,7.93,7.98,7.96,7.96,1002,18,0.22951,-0.15925,144,617.85
2025-06-30,2025-11-21,555.0,call,77.66,79.61,78.63,0.0,0,0,0.20024,0.85352,144,617.85
2025-06-30,2025-11-21,555.0,put,8.51,8.56,8.54,8.65,5,9,0.22951,-0.17496,144,617.85
2025-06-30,2025-11-21,560.0,call,73.37,75.28,74.33,73.91,1,0,0.20024,0.83654,144,617.85
2025-06-30,2025-11-21,560.0,put,9.14,9.2,9.17,9.03,25,148,0.21975,-0.18273,144,617.85
2025-06-30,2025-11-21,565.0,call,69.17,70.99,70.08,0.0,0,0,0.20024,0.8185,144,617.85
2025-06-30,2025-11-21,565.0,put,9.82,9.87,9.84,9.69,2,2,0.21975,-0.20028,144,617.85
2025-06-30,2025-11-21,570.0,call,64.99,66.74,65.86,65.5,1,1,0.19048,0.80958,144,617.85
2025-06-30,2025-11-21,570.0,put,10.55,10.6,10.57,10.43,6,4,0.21,-0.20995,144,617.85
2025-06-30,2025-11-21,575.0,call,60.85,62.54,61.7,56.47,0,18,0.19048,0.78911,144,617.85
2025-06-30,2025-11-21,575.0,put,11.33,11.38,11.36,11.4,13,10,0.21,-0.22953,144,617.85
2025-06-30,2025-11-21,580.0,call,56.79,58.41,57.6,51.89,0,0,0.18073,0.77761,144,617.85
2025-06-30,2025-11-21,580.0,put,12.17,12.23,12.2,12.01,116,211,0.20024,-0.24154,144,617.85
2025-06-30,2025-11-21,585.0,call,52.4,54.79,53.59,54.67,10,14,0.18073,0.75444,144,617.85
2025-06-30,2025-11-21,585.0,put,13.07,13.14,13.11,13.39,5,1507,0.20024,-0.26334,144,617.85
2025-06-30,2025-11-21,590.0,call,48.83,50.28,49.55,48.25,0,10,0.18073,0.73025,144,617.85
2025-06-30,2025-11-21,590.0,put,14.05,14.12,14.09,14.35,481,419,0.19048,-0.27823,144,617.85
2025-06-30,2025-11-21,595.0,call,44.55,46.74,45.64,45.63,15,1,0.17097,0.71352,144,617.85
2025-06-30,2025-11-21,595.0,put,15.11,15.17,15.14,15.1,30,27,0.19048,-0.30238,144,617.85
2025-06-30,2025-11-21,600.0,call,41.84,41.93,41.89,42.27,4,391,0.17097,0.68643,144,617.85
2025-06-30,2025-11-21,600.0,put,16.25,16.32,16.29,16.25,28,59,0.19048,-0.32721,144,617.85
2025-06-30,2025-11-21,605.0,call,38.1,38.18,38.14,38.47,3,325,0.16122,0.66527,144,617.85
2025-06-30,2025-11-21,605.0,put,17.49,17.56,17.52,17.03,6,67,0.18073,-0.34738,144,617.85
2025-06-30,2025-11-21,610.0,call,34.47,34.54,34.5,34.16,25,110,0.16122,0.63518,144,617.85
2025-06-30,2025-11-21,610.0,put,18.85,18.93,18.89,18.2,38,331,0.18073,-0.37453,144,617.85
2025-06-30,2025-11-21,615.0,call,30.97,31.03,31.0,30.81,28,256,0.15146,0.60862,144,617.85
2025-06-30,2025-11-21,615.0,put,20.36,20.44,20.4,19.65,73,98,0.17097,-0.39904,144,617.85
2025-06-30,2025-11-21,620.0,call,27.61,27.67,27.64,28.0,121,105,0.15146,0.57559,144,617.85
2025-06-30,2025-11-21,620.0,put,22.03,22.11,22.07,21.5,16,19,0.17097,-0.42841,144,617.85
2025-06-30,2025-11-21,625.0,call,24.41,24.48,24.45,24.97,12,175,0.15146,0.54228,144,617.85
2025-06-30,2025-11-21,625.0,put,23.88,23.97,23.92,23.31,2,2,0.16122,-0.45791,144,617.85
2025-06-30,2025-11-21,630.0,call,21.4,21.47,21.43,21.76,16,68,0.1417,0.50704,144,617.85
2025-06-30,2025-11-21,630.0,put,25.94,26.03,25.98,26.62,1,6,0.16122,-0.48922,144,617.85
2025-06-30,2025-11-21,635.0,call,18.6,18.66,18.63,16.77,0,35,0.1417,0.47163,144,617.85
2025-06-30,2025-11-21,635.0,put,28.23,28.32,28.27,27.9,2,1,0.16122,-0.52036,144,617.85
2025-06-30,2025-11-21,640.0,call,16.01,16.07,16.04,16.64,20,37,0.13195,0.42958,144,617.85
2025-06-30,2025-11-21,640.0,put,29.07,32.24,30.66,30.29,1,0,0.16122,-0.55113,144,617.85
2025-06-30,2025-11-21,645.0,call,13.65,13.71,13.68,13.94,5,34,0.13195,0.39307,144,617.85
2025-06-30,2025-11-21,645.0,put,33.13,34.2,33.67,34.45,1,0,0.16122,-0.58135,144,617.85
2025-06-30,2025-11-21,650.0,call,11.53,11.58,11.55,12.15,14,28,0.13195,0.35774,144,617.85
2025-06-30,2025-11-21,650.0,put,36.13,37.46,36.8,0.0,0,1,0.16122,-0.61088,144,617.85
2025-06-30,2025-11-21,655.0,call,9.65,9.7,9.68,10.14,1,1,0.12219,0.3086,144,617.85
2025-06-30,2025-11-21,655.0,put,39.52,41.01,40.27,0.0,0,0,0.16122,-0.63956,144,617.85
2025-06-30,2025-11-21,660.0,call,8.0,8.05,8.03,8.42,7,5,0.12219,0.27462,144,617.85
2025-06-30,2025-11-21,660.0,put,43.14,44.97,44.05,0.0,0,0,0.16122,-0.66727,144,617.85
2025-06-30,2025-11-21,665.0,call,6.58,6.63,6.61,6.77,47,12,0.12219,0.24283,144,617.85
2025-06-30,2025-11-21,665.0,put,46.45,49.72,48.09,0.0,0,0,0.16122,-0.6939,144,617.85
2025-06-30,2025-11-21,670.0,call,5.37,5.42,5.39,5.55,7,16,0.12219,0.21335,144,617.85
2025-06-30,2025-11-21,670.0,put,50.98,54.28,52.63,0.0,0,0,0.17097,-0.70602,144,617.85
2025-06-30,2025-11-21,675.0,call,4.35,4.39,4.37,4.24,7,7,0.12219,0.18627,144,617.85
2025-06-30,2025-11-21,675.0,put,55.91,59.13,57.52,0.0,0,0,0.18073,-0.71637,144,617.85
2025-06-30,2025-11-21,680.0,call,3.5,3.53,3.51,3.61,1,3,0.12219,0.16161,144,617.85
2025-06-30,2025-11-21,680.0,put,60.91,64.13,62.52,0.0,0,0,0.19048,-0.72525,144,617.85
2025-06-30,2025-11-21,685.0,call,2.79,2.82,2.8,2.81,198,34,0.11244,0.11826,144,617.85
2025-06-30,2025-11-21,685.0,put,65.91,69.13,67.52,0.0,0,0,0.20024,-0.7329,144,617.85
2025-06-30,2025-11-21,690.0,call,2.21,2.24,2.23,1.98,0,1,0.11244,0.0991,144,617.85
2025-06-30,2025-11-21,690.0,put,70.91,74.13,72.52,0.0,0,0,0.21,-0.73953,144,617.85
2025-06-30,2025-11-21,695.0,call,1.74,1.76,1.75,1.48,0,2,0.11244,0.08243,144,617.85
2025-06-30,2025-11-21,695.0,put,75.91,79.13,77.52,0.0,0,1,0.21975,-0.74528,144,617.85
2025-06-30,2025-11-21,700.0,call,1.36,1.38,1.37,1.47,24,390,0.11244,0.06805,144,617.85
2025-06-30,2025-11-21,700.0,put,80.85,84.13,82.49,0.0,0,0,0.22951,-0.75029,144,617.85
2025-06-30,2025-11-21,705.0,call,1.06,1.08,1.07,1.11,1,15,0.11244,0.05578,144,617.85
2025-06-30,2025-11-21,705.0,put,85.85,89.13,87.49,0.0,0,0,0.23926,-0.75466,144,617.85
2025-06-30,2025-11-21,710.0,call,0.82,0.84,0.83,0.0,0,0,0.11244,0.04539,144,617.85
2025-06-30,2025-11-21,710.0,put,90.91,94.13,92.52,0.0,0,0,0.24902,-0.75847,144,617.85
2025-06-30,2025-11-21,715.0,call,0.63,0.65,0.64,0.47,0,3,0.11244,0.03667,144,617.85
2025-06-30,2025-11-21,715.0,put,95.91,99.13,97.52,0.0,0,0,0.25877,-0.7618,144,617.85
2025-06-30,2025-11-21,720.0,call,0.49,0.51,0.5,0.5,1,113,0.11244,0.02942,144,617.85
2025-06-30,2025-11-21,720.0,put,100.91,104.13,102.52,0.0,0,0,0.25877,-0.77487,144,617.85
2025-06-30,2025-11-21,725.0,call,0.38,0.4,0.39,0.4,1,13,0.11244,0.02344,144,617.85
2025-06-30,2025-11-21,725.0,put,105.91,109.13,107.52,0.0,0,0,0.26853,-0.77714,144,617.85
2025-06-30,2025-11-21,730.0,call,0.3,0.31,0.3,0.32,1,14,0.11244,0.01855,144,617.85
2025-06-30,2025-11-21,730.0,put,110.91,114.13,112.52,0.0,0,0,0.27829,-0.77909,144,617.85
2025-06-30,2025-11-21,735.0,call,0.23,0.25,0.24,0.24,5,13,0.11244,0.01458,144,617.85
2025-06-30,2025-11-21,735.0,put,115.85,119.13,117.49,0.0,0,0,0.28804,-0.78077,144,617.85
2025-06-30,2025-11-21,740.0,call,0.18,0.2,0.19,0.2,1,0,0.11244,0.01138,144,617.85
2025-06-30,2025-11-21,740.0,put,120.91,124.13,122.52,0.0,0,0,0.2978,-0.78219,144,617.85
2025-06-30,2025-11-21,745.0,call,0.14,0.16,0.15,0.1,0,13,0.11244,0.00883,144,617.85
2025-06-30,2025-11-21,745.0,put,125.85,129.14,127.49,0.0,0,0,0.30755,-0.7834,144,617.85
2025-06-30,2025-11-21,750.0,call,0.11,0.13,0.12,0.13,14,1,0.11244,0.00681,144,617.85
2025-06-30,2025-11-21,750.0,put,130.91,134.13,132.52,0.0,0,0,0.30755,-0.79342,144,617.85
2025-06-30,2025-11-21,755.0,call,0.09,0.11,0.1,0.1,1,31,0.11244,0.00521,144,617.85
2025-06-30,2025-11-21,755.0,put,135.91,139.11,137.51,0.0,0,0,0.31731,-0.79403,144,617.85
2025-06-30,2025-11-21,760.0,call,0.07,0.09,0.08,0.09,1,15,0.12219,0.0074,144,617.85
2025-06-30,2025-11-21,760.0,put,140.91,144.13,142.52,0.0,0,0,0.32707,-0.79449,144,617.85
2025-06-30,2025-11-21,765.0,call,0.06,0.07,0.07,0.0,0,0,0.12219,0.00583,144,617.85
2025-06-30,2025-11-21,765.0,put,145.91,149.13,147.52,0.0,0,0,0.33682,-0.79482,144,617.85
2025-06-30,2025-11-21,770.0,call,0.05,0.07,0.06,0.05,0,209,0.12219,0.00456,144,617.85
2025-06-30,2025-11-21,770.0,put,150.85,154.13,152.49,0.0,0,0,0.33682,-0.80346,144,617.85
2025-06-30,2025-11-21,775.0,call,0.04,0.06,0.05,0.0,0,0,0.12219,0.00355,144,617.85
2025-06-30,2025-11-21,775.0,put,155.91,159.13,157.52,0.0,0,0,0.34658,-0.80336,144,617.85
2025-06-30,2025-11-21,780.0,call,0.04,0.06,0.05,0.0,0,0,0.12219,0.00276,144,617.85
2025-06-30,2025-11-21,780.0,put,160.85,164.13,162.49,0.0,0,0,0.35633,-0.80318,144,617.85
2025-06-30,2025-11-21,785.0,call,0.03,0.05,0.04,0.0,0,0,0.12219,0.00213,144,617.85
2025-06-30,2025-11-21,785.0,put,165.85,169.13,167.49,0.0,0,0,0.36609,-0.8029,144,617.85
2025-06-30,2025-11-21,790.0,call,0.03,0.05,0.04,0.03,1,102,0.13195,0.00328,144,617.85
2025-06-30,2025-11-21,790.0,put,170.91,174.13,172.52,0.0,0,0,0.36609,-0.81047,144,617.85
2025-06-30,2025-11-21,795.0,call,0.03,0.04,0.04,0.0,0,0,0.13195,0.0026,144,617.85
2025-06-30,2025-11-21,795.0,put,175.85,179.13,177.49,0.0,0,0,0.37584,-0.80989,144,617.85
2025-06-30,2025-11-21,800.0,call,0.02,0.04,0.03,0.04,1,0,0.13195,0.00205,144,617.85
2025-06-30,2025-11-21,800.0,put,180.85,184.13,182.49,0.0,0,0,0.3856,-0.80925,144,617.85
2025-06-30,2025-11-28,390.0,call,232.84,235.96,234.4,224.49,0,1,0.01488,1.0,151,617.85
2025-06-30,2025-11-28,390.0,put,1.29,1.31,1.3,0.0,0,375,0.3856,-0.02012,151,617.85
2025-06-30,2025-11-28,395.0,call,227.98,231.11,229.55,0.0,0,0,0.01488,1.0,151,617.85
2025-06-30,2025-11-28,395.0,put,1.35,1.37,1.36,0.0,0,158,0.3856,-0.02275,151,617.85
2025-06-30,2025-11-28,400.0,call,223.13,226.2,224.66,0.0,0,0,0.01488,1.0,151,617.85
2025-06-30,2025-11-28,400.0,put,1.41,1.43,1.42,0.0,0,576,0.37584,-0.0231,151,617.85
2025-06-30,2025-11-28,405.0,call,218.38,221.36,219.87,0.0,0,0,0.01488,1.0,151,617.85
2025-06-30,2025-11-28,405.0,put,1.47,1.5,1.48,0.0,0,2,0.36609,-0.02343,151,617.85
2025-06-30,2025-11-28,410.0,call,213.44,216.57,215.0,195.85,0,2,0.01488,1.0,151,617.85
2025-06-30,2025-11-28,410.0,put,1.54,1.56,1.55,0.0,0,125,0.36609,-0.02647,151,617.85
2025-06-30,2025-11-28,415.0,call,208.6,211.67,210.13,188.77,0,205,0.01488,1.0,151,617.85
2025-06-30,2025-11-28,415.0,put,1.62,1.64,1.63,0.0,0,57,0.35633,-0.02686,151,617.85
2025-06-30,2025-11-28,420.0,call,203.77,206.89,205.33,199.13,0,6,0.21,0.99889,151,617.85
2025-06-30,2025-11-28,420.0,put,1.69,1.71,1.7,0.0,0,121,0.35633,-0.03027,151,617.85
2025-06-30,2025-11-28,425.0,call,198.94,202.06,200.5,193.91,0,1,0.22951,0.99683,151,617.85
2025-06-30,2025-11-28,425.0,put,1.78,1.8,1.79,0.0,0,79,0.34658,-0.03072,151,617.85
2025-06-30,2025-11-28,430.0,call,194.11,197.18,195.65,189.06,0,1,0.23926,0.99459,151,617.85
2025-06-30,2025-11-28,430.0,put,1.86,1.89,1.88,0.0,0,245,0.33682,-0.03115,151,617.85
2025-06-30,2025-11-28,435.0,call,189.29,192.36,190.82,0.0,0,0,0.23926,0.99331,151,617.85
2025-06-30,2025-11-28,435.0,put,1.96,1.98,1.97,0.0,0,46,0.33682,-0.03509,151,617.85
2025-06-30,2025-11-28,440.0,call,184.48,187.56,186.02,182.41,0,0,0.24902,0.98959,151,617.85
2025-06-30,2025-11-28,440.0,put,2.06,2.09,2.08,0.0,0,119,0.32707,-0.03561,151,617.85
2025-06-30,2025-11-28,445.0,call,179.68,182.76,181.22,172.0,0,0,0.24902,0.98748,151,617.85
2025-06-30,2025-11-28,445.0,put,2.17,2.2,2.19,2.2,2,40,0.32707,-0.04003,151,617.85
2025-06-30,2025-11-28,450.0,call,174.88,177.96,176.42,174.5,0,5,0.24902,0.98504,151,617.85
2025-06-30,2025-11-28,450.0,put,2.29,2.31,2.3,2.27,482,1023,0.31731,-0.04066,151,617.85
2025-06-30,2025-11-28,455.0,call,170.09,173.18,171.63,0.0,0,0,0.24902,0.98223,151,617.85
2025-06-30,2025-11-28,455.0,put,2.42,2.44,2.43,0.0,0,19,0.31731,-0.04562,151,617.85
2025-06-30,2025-11-28,460.0,call,165.31,168.44,166.88,161.6,0,0,0.24902,0.97902,151,617.85
2025-06-30,2025-11-28,460.0,put,2.55,2.58,2.56,2.53,4,243,0.30755,-0.0464,151,617.85
2025-06-30,2025-11-28,465.0,call,160.55,163.64,162.09,0.0,0,0,0.24902,0.97537,151,617.85
2025-06-30,2025-11-28,465.0,put,2.7,2.73,2.71,0.0,0,34,0.30755,-0.05195,151,617.85
2025-06-30,2025-11-28,470.0,call,155.79,158.89,157.34,140.09,0,2,0.24902,0.97126,151,617.85
2025-06-30,2025-11-28,470.0,put,2.86,2.89,2.88,0.0,0,1001,0.2978,-0.05291,151,617.85
2025-06-30,2025-11-28,475.0,call,151.05,154.15,152.6,136.27,0,1,0.24902,0.96664,151,617.85
2025-06-30,2025-11-28,475.0,put,3.04,3.07,3.05,3.08,1,314,0.2978,-0.05914,151,617.85
2025-06-30,2025-11-28,480.0,call,146.32,149.43,147.88,145.67,0,209,0.24902,0.96148,151,617.85
2025-06-30,2025-11-28,480.0,put,3.23,3.26,3.25,3.2,25,784,0.28804,-0.06033,151,617.85
2025-06-30,2025-11-28,485.0,call,141.61,144.71,143.16,132.97,0,0,0.23926,0.96134,151,617.85
2025-06-30,2025-11-28,485.0,put,3.44,3.47,3.46,3.51,3,5,0.28804,-0.06732,151,617.85
2025-06-30,2025-11-28,490.0,call,137.49,140.03,138.76,133.04,0,5,0.24902,0.94944,151,617.85
2025-06-30,2025-11-28,490.0,put,3.66,3.7,3.68,3.76,41,434,0.27829,-0.06879,151,617.85
2025-06-30,2025-11-28,495.0,call,132.23,135.35,133.79,0.0,0,0,0.23926,0.94886,151,617.85
2025-06-30,2025-11-28,495.0,put,3.91,3.94,3.92,3.93,4,13,0.27829,-0.07663,151,617.85
2025-06-30,2025-11-28,500.0,call,128.16,130.69,129.43,129.07,9,69,0.23926,0.94163,151,617.85
2025-06-30,2025-11-28,500.0,put,4.17,4.21,4.19,4.23,6,669,0.26853,-0.07847,151,617.85
2025-06-30,2025-11-28,505.0,call,123.5,126.07,124.78,0.0,0,0,0.23926,0.9337,151,617.85
2025-06-30,2025-11-28,505.0,put,4.45,4.49,4.47,4.43,11,33,0.26853,-0.08726,151,617.85
2025-06-30,2025-11-28,510.0,call,118.92,121.45,120.19,103.8,0,12,0.23926,0.92505,151,617.85
2025-06-30,2025-11-28,510.0,put,4.76,4.8,4.78,0.0,0,24,0.25877,-0.08957,151,617.85
2025-06-30,2025-11-28,515.0,call,114.32,116.86,115.59,99.09,0,4,0.22951,0.92344,151,617.85
2025-06-30,2025-11-28,515.0,put,5.09,5.13,5.11,5.16,1,25,0.25877,-0.09943,151,617.85
2025-06-30,2025-11-28,520.0,call,109.77,111.73,110.75,109.55,3,8,0.22951,0.91358,151,617.85
2025-06-30,2025-11-28,520.0,put,5.44,5.49,5.46,5.56,1,301,0.24902,-0.10233,151,617.85
2025-06-30,2025-11-28,521.0,call,108.86,110.92,109.89,0.0,0,0,0.22951,0.91151,151,617.85
2025-06-30,2025-11-28,521.0,put,5.52,5.56,5.54,0.0,0,9,0.24902,-0.10448,151,617.85
2025-06-30,2025-11-28,522.0,call,107.95,110.49,109.22,0.0,0,0,0.22951,0.90941,151,617.85
2025-06-30,2025-11-28,522.0,put,5.59,5.64,5.62,0.0,0,8,0.24902,-0.10667,151,617.85
2025-06-30,2025-11-28,523.0,call,107.05,109.09,108.07,0.0,0,0,0.22951,0.90728,151,617.85
2025-06-30,2025-11-28,523.0,put,5.67,5.71,5.69,0.0,0,133,0.24902,-0.10888,151,617.85
2025-06-30,2025-11-28,524.0,call,106.14,108.18,107.16,91.29,0,0,0.22951,0.90511,151,617.85
2025-06-30,2025-11-28,524.0,put,5.75,5.79,5.77,0.0,0,0,0.24902,-0.11113,151,617.85
2025-06-30,2025-11-28,525.0,call,105.23,107.17,106.2,104.34,0,7,0.21975,0.91142,151,617.85
2025-06-30,2025-11-28,525.0,put,5.83,5.87,5.85,0.0,0,794,0.24902,-0.1134,151,617.85
2025-06-30,2025-11-28,526.0,call,104.33,106.36,105.34,0.0,0,0,0.21975,0.90924,151,617.85
2025-06-30,2025-11-28,526.0,put,5.91,5.95,5.93,0.0,0,0,0.24902,-0.1157,151,617.85
2025-06-30,2025-11-28,527.0,call,103.42,106.02,104.72,0.0,0,0,0.22951,0.89841,151,617.85
2025-06-30,2025-11-28,527.0,put,5.99,6.03,6.01,0.0,0,0,0.24902,-0.11802,151,617.85
2025-06-30,2025-11-28,528.0,call,102.52,104.54,103.53,0.0,0,0,0.21975,0.90477,151,617.85
2025-06-30,2025-11-28,528.0,put,6.07,6.12,6.1,0.0,0,2,0.24902,-0.12038,151,617.85
2025-06-30,2025-11-28,529.0,call,101.62,103.64,102.63,0.0,0,0,0.21975,0.90249,151,617.85
2025-06-30,2025-11-28,529.0,put,6.15,6.2,6.18,0.0,0,195,0.24902,-0.12277,151,617.85
2025-06-30,2025-11-28,530.0,call,100.71,102.63,101.67,96.29,0,6,0.21975,0.90016,151,617.85
2025-06-30,2025-11-28,530.0,put,6.24,6.29,6.27,6.11,5,47,0.24902,-0.12518,151,617.85
2025-06-30,2025-11-28,531.0,call,99.81,101.83,100.82,87.7,0,9,0.21975,0.89781,151,617.85
2025-06-30,2025-11-28,531.0,put,6.33,6.37,6.35,0.0,0,198,0.23926,-0.11946,151,617.85
2025-06-30,2025-11-28,532.0,call,98.91,101.53,100.22,0.0,0,0,0.21975,0.89541,151,617.85
2025-06-30,2025-11-28,532.0,put,6.41,6.46,6.44,0.0,0,10,0.23926,-0.12191,151,617.85
2025-06-30,2025-11-28,533.0,call,98.01,100.02,99.02,0.0,0,0,0.21975,0.89298,151,617.85
2025-06-30,2025-11-28,533.0,put,6.5,6.55,6.53,0.0,0,3,0.23926,-0.1244,151,617.85
2025-06-30,2025-11-28,534.0,call,97.12,99.67,98.4,0.0,0,0,0.21975,0.89052,151,617.85
2025-06-30,2025-11-28,534.0,put,6.59,6.64,6.62,0.0,0,6,0.23926,-0.12692,151,617.85
2025-06-30,2025-11-28,535.0,call,96.22,98.84,97.53,81.92,0,5,0.21975,0.88802,151,617.85
2025-06-30,2025-11-28,535.0,put,6.68,6.73,6.71,0.0,0,64,0.23926,-0.12946,151,617.85
2025-06-30,2025-11-28,536.0,call,95.33,97.33,96.33,95.0,1,2,0.21975,0.88548,151,617.85
2025-06-30,2025-11-28,536.0,put,6.78,6.83,6.8,0.0,0,2,0.23926,-0.13204,151,617.85
2025-06-30,2025-11-28,537.0,call,94.44,96.43,95.44,0.0,0,0,0.21975,0.88291,151,617.85
2025-06-30,2025-11-28,537.0,put,6.87,6.92,6.89,0.0,0,2,0.23926,-0.13465,151,617.85
2025-06-30,2025-11-28,538.0,call,93.54,96.1,94.82,0.0,0,0,0.21975,0.8803,151,617.85
2025-06-30,2025-11-28,538.0,put,6.97,7.02,6.99,0.0,0,13,0.23926,-0.13729,151,617.85
2025-06-30,2025-11-28,539.0,call,92.65,94.64,93.65,0.0,0,0,0.21975,0.87766,151,617.85
2025-06-30,2025-11-28,539.0,put,7.06,7.11,7.08,0.0,0,28,0.23926,-0.13995,151,617.85
2025-06-30,2025-11-28,540.0,call,91.77,93.65,92.71,76.25,0,15,0.21,0.8844,151,617.85
2025-06-30,2025-11-28,540.0,put,7.16,7.21,7.19,7.18,1,959,0.23926,-0.14265,151,617.85
2025-06-30,2025-11-28,541.0,call,90.88,92.9,91.89,0.0,0,0,0.21,0.88171,151,617.85
2025-06-30,2025-11-28,541.0,put,7.26,7.31,7.29,0.0,0,8,0.23926,-0.14538,151,617.85
2025-06-30,2025-11-28,542.0,call,89.98,91.97,90.97,69.79,0,37,0.21,0.87898,151,617.85
2025-06-30,2025-11-28,542.0,put,7.36,7.41,7.38,0.0,0,1,0.23926,-0.14814,151,617.85
2025-06-30,2025-11-28,543.0,call,89.11,91.74,90.42,79.29,0,1,0.21975,0.86673,151,617.85
2025-06-30,2025-11-28,543.0,put,7.47,7.52,7.49,0.0,0,4,0.22951,-0.14232,151,617.85
2025-06-30,2025-11-28,544.0,call,88.22,90.19,89.2,67.65,0,3,0.21,0.8734,151,617.85
2025-06-30,2025-11-28,544.0,put,7.57,7.62,7.6,0.0,0,58,0.22951,-0.14514,151,617.85
2025-06-30,2025-11-28,545.0,call,87.34,89.21,88.28,78.22,0,1,0.21,0.87056,151,617.85
2025-06-30,2025-11-28,545.0,put,7.68,7.73,7.71,0.0,0,132,0.22951,-0.148,151,617.85
2025-06-30,2025-11-28,546.0,call,86.46,88.42,87.44,82.91,0,1,0.21,0.86767,151,617.85
2025-06-30,2025-11-28,546.0,put,7.78,7.84,7.81,0.0,0,4,0.22951,-0.15089,151,617.85
2025-06-30,2025-11-28,547.0,call,85.58,88.17,86.88,0.0,0,0,0.21,0.86475,151,617.85
2025-06-30,2025-11-28,547.0,put,7.89,7.95,7.92,8.08,1,59,0.22951,-0.15381,151,617.85
2025-06-30,2025-11-28,548.0,call,84.7,87.29,86.0,0.0,0,0,0.21,0.86179,151,617.85
2025-06-30,2025-11-28,548.0,put,8.0,8.06,8.03,8.17,1,356,0.22951,-0.15676,151,617.85
2025-06-30,2025-11-28,549.0,call,83.83,86.41,85.12,68.62,0,1,0.21,0.85879,151,617.85
2025-06-30,2025-11-28,549.0,put,8.11,8.17,8.14,0.0,0,79,0.22951,-0.15974,151,617.85
2025-06-30,2025-11-28,550.0,call,82.95,84.8,83.88,74.84,0,10,0.21,0.85575,151,617.85
2025-06-30,2025-11-28,550.0,put,8.23,8.28,8.25,7.98,11,3711,0.22951,-0.16276,151,617.85
2025-06-30,2025-11-28,551.0,call,82.08,84.02,83.05,0.0,0,0,0.21,0.85267,151,617.85
2025-06-30,2025-11-28,551.0,put,8.34,8.4,8.37,0.0,0,2,0.22951,-0.1658,151,617.85
2025-06-30,2025-11-28,552.0,call,81.21,83.14,82.17,0.0,0,0,0.21,0.84956,151,617.85
2025-06-30,2025-11-28,552.0,put,8.46,8.52,8.49,0.0,0,60,0.22951,-0.16888,151,617.85
2025-06-30,2025-11-28,553.0,call,80.34,82.9,81.62,73.23,0,1,0.21,0.84641,151,617.85
2025-06-30,2025-11-28,553.0,put,8.58,8.64,8.61,0.0,0,11,0.22951,-0.17199,151,617.85
2025-06-30,2025-11-28,554.0,call,79.47,81.4,80.44,63.58,0,2,0.20024,0.85324,151,617.85
2025-06-30,2025-11-28,554.0,put,8.7,8.76,8.73,0.0,0,26,0.22951,-0.17513,151,617.85
2025-06-30,2025-11-28,555.0,call,78.6,81.13,79.86,65.46,0,6,0.21,0.83999,151,617.85
2025-06-30,2025-11-28,555.0,put,8.82,8.88,8.85,0.0,0,261,0.21975,-0.16944,151,617.85
2025-06-30,2025-11-28,556.0,call,77.74,79.66,78.7,0.0,0,0,0.20024,0.84672,151,617.85
2025-06-30,2025-11-28,556.0,put,8.95,9.01,8.98,0.0,0,1,0.21975,-0.17267,151,617.85
2025-06-30,2025-11-28,557.0,call,76.88,78.79,77.84,0.0,0,0,0.20024,0.84339,151,617.85
2025-06-30,2025-11-28,557.0,put,9.08,9.13,9.11,0.0,0,0,0.21975,-0.17594,151,617.85
2025-06-30,2025-11-28,558.0,call,76.01,77.92,76.97,76.0,0,3,0.20024,0.84003,151,617.85
2025-06-30,2025-11-28,558.0,put,9.2,9.26,9.23,0.0,0,0,0.21975,-0.17924,151,617.85
2025-06-30,2025-11-28,559.0,call,75.16,77.06,76.11,0.0,0,0,0.20024,0.83662,151,617.85
2025-06-30,2025-11-28,559.0,put,9.33,9.39,9.36,0.0,0,0,0.21975,-0.18258,151,617.85
2025-06-30,2025-11-28,560.0,call,74.3,76.11,75.2,74.26,8,10,0.20024,0.83318,151,617.85
2025-06-30,2025-11-28,560.0,put,9.47,9.52,9.5,9.25,1067,152,0.21975,-0.18594,151,617.85
2025-06-30,2025-11-28,561.0,call,73.44,75.34,74.39,60.23,0,9,0.20024,0.82969,151,617.85
2025-06-30,2025-11-28,561.0,put,9.6,9.66,9.63,0.0,0,5,0.21975,-0.18934,151,617.85
2025-06-30,2025-11-28,562.0,call,72.59,74.49,73.54,0.0,0,0,0.20024,0.82616,151,617.85
2025-06-30,2025-11-28,562.0,put,9.73,9.79,9.76,0.0,0,3,0.21975,-0.19277,151,617.85
2025-06-30,2025-11-28,563.0,call,71.73,73.67,72.7,53.54,0,1,0.20024,0.8226,151,617.85
2025-06-30,2025-11-28,563.0,put,9.87,9.93,9.9,0.0,0,4,0.21975,-0.19624,151,617.85
2025-06-30,2025-11-28,564.0,call,70.88,72.78,71.83,64.4,0,6,0.20024,0.81899,151,617.85
2025-06-30,2025-11-28,564.0,put,10.01,10.07,10.04,9.93,30,41,0.21975,-0.19973,151,617.85
2025-06-30,2025-11-28,565.0,call,70.03,71.83,70.93,57.86,0,6,0.20024,0.81535,151,617.85
2025-06-30,2025-11-28,565.0,put,10.15,10.21,10.18,10.31,4,150,0.21975,-0.20325,151,617.85
2025-06-30,2025-11-28,566.0,call,69.17,71.07,70.12,0.0,0,0,0.19048,0.82197,151,617.85
2025-06-30,2025-11-28,566.0,put,10.3,10.36,10.33,0.0,0,28,0.21,-0.19791,151,617.85
2025-06-30,2025-11-28,567.0,call,68.32,70.22,69.27,56.21,0,9,0.19048,0.81819,151,617.85
2025-06-30,2025-11-28,567.0,put,10.44,10.5,10.47,0.0,0,8,0.21,-0.20157,151,617.85
2025-06-30,2025-11-28,568.0,call,67.49,69.38,68.44,0.0,0,0,0.19048,0.81436,151,617.85
2025-06-30,2025-11-28,568.0,put,10.59,10.65,10.62,0.0,0,181,0.21,-0.20526,151,617.85
2025-06-30,2025-11-28,569.0,call,66.65,68.52,67.59,0.0,0,0,0.19048,0.8105,151,617.85
2025-06-30,2025-11-28,569.0,put,10.74,10.8,10.77,0.0,0,18,0.21,-0.20898,151,617.85
2025-06-30,2025-11-28,570.0,call,65.81,68.21,67.01,62.6,0,16,0.19048,0.80659,151,617.85
2025-06-30,2025-11-28,570.0,put,10.89,10.95,10.92,10.75,26,199,0.21,-0.21274,151,617.85
2025-06-30,2025-11-28,571.0,call,64.97,66.88,65.92,53.46,0,3,0.19048,0.80264,151,617.85
2025-06-30,2025-11-28,571.0,put,11.04,11.11,11.07,0.0,0,225,0.21,-0.21652,151,617.85
2025-06-30,2025-11-28,572.0,call,64.13,66.01,65.07,63.81,0,9,0.19048,0.79865,151,617.85
2025-06-30,2025-11-28,572.0,put,11.2,11.26,11.23,0.0,0,68,0.21,-0.22034,151,617.85
2025-06-30,2025-11-28,573.0,call,63.29,65.16,64.22,0.0,0,0,0.19048,0.79462,151,617.85
2025-06-30,2025-11-28,573.0,put,11.36,11.42,11.39,11.46,15,318,0.21,-0.2242,151,617.85
2025-06-30,2025-11-28,574.0,call,62.46,64.33,63.39,0.0,0,0,0.19048,0.79055,151,617.85
2025-06-30,2025-11-28,574.0,put,11.52,11.58,11.55,0.0,0,316,0.21,-0.22808,151,617.85
2025-06-30,2025-11-28,575.0,call,61.63,63.41,62.52,63.75,2,8,0.19048,0.78644,151,617.85
2025-06-30,2025-11-28,575.0,put,11.68,11.74,11.71,11.34,101,293,0.21,-0.23199,151,617.85
2025-06-30,2025-11-28,576.0,call,60.8,62.66,61.73,48.4,0,2,0.19048,0.78229,151,617.85
2025-06-30,2025-11-28,576.0,put,11.84,11.91,11.88,11.97,15,177,0.21,-0.23594,151,617.85
2025-06-30,2025-11-28,577.0,call,59.97,61.83,60.9,47.69,0,0,0.19048,0.7781,151,617.85
2025-06-30,2025-11-28,577.0,put,12.01,12.08,12.04,0.0,0,44,0.21,-0.23991,151,617.85
2025-06-30,2025-11-28,578.0,call,59.15,61.46,60.3,0.0,0,0,0.19048,0.77387,151,617.85
2025-06-30,2025-11-28,578.0,put,12.18,12.25,12.21,0.0,0,298,0.20024,-0.23541,151,617.85
2025-06-30,2025-11-28,579.0,call,58.33,60.22,59.27,54.0,0,1,0.18073,0.77962,151,617.85
2025-06-30,2025-11-28,579.0,put,12.35,12.42,12.38,0.0,0,254,0.20024,-0.23956,151,617.85
2025-06-30,2025-11-28,580.0,call,57.51,59.8,58.66,58.44,2,19,0.19048,0.7653,151,617.85
2025-06-30,2025-11-28,580.0,put,12.53,12.6,12.56,12.4,779,1315,0.20024,-0.24374,151,617.85
2025-06-30,2025-11-28,581.0,call,56.68,58.97,57.83,45.93,0,8,0.18073,0.77073,151,617.85
2025-06-30,2025-11-28,581.0,put,12.71,12.77,12.74,0.0,0,66,0.20024,-0.24795,151,617.85
2025-06-30,2025-11-28,582.0,call,55.88,57.76,56.82,57.51,5,0,0.18073,0.76622,151,617.85
2025-06-30,2025-11-28,582.0,put,12.89,12.96,12.93,0.0,0,332,0.20024,-0.25219,151,617.85
2025-06-30,2025-11-28,583.0,call,55.07,56.9,55.98,49.01,0,2,0.18073,0.76167,151,617.85
2025-06-30,2025-11-28,583.0,put,13.07,13.14,13.11,0.0,0,776,0.20024,-0.25647,151,617.85
2025-06-30,2025-11-28,584.0,call,54.26,56.53,55.39,50.09,0,57,0.18073,0.75708,151,617.85
2025-06-30,2025-11-28,584.0,put,13.26,13.33,13.29,0.0,0,329,0.20024,-0.26077,151,617.85
2025-06-30,2025-11-28,585.0,call,53.52,55.2,54.36,52.85,0,60,0.18073,0.75245,151,617.85
2025-06-30,2025-11-28,585.0,put,13.45,13.52,13.48,13.81,532,299,0.20024,-0.26511,151,617.85
2025-06-30,2025-11-28,586.0,call,52.64,54.9,53.77,48.43,0,25,0.18073,0.74778,151,617.85
2025-06-30,2025-11-28,586.0,put,13.64,13.71,13.68,0.0,0,278,0.20024,-0.26947,151,617.85
2025-06-30,2025-11-28,587.0,call,51.84,53.66,52.75,47.64,0,18,0.18073,0.74308,151,617.85
2025-06-30,2025-11-28,587.0,put,13.83,13.9,13.87,0.0,0,138,0.20024,-0.27386,151,617.85
2025-06-30,2025-11-28,588.0,call,51.07,52.85,51.96,46.87,0,17,0.18073,0.73833,151,617.85
2025-06-30,2025-11-28,588.0,put,14.03,14.1,14.06,0.0,0,279,0.20024,-0.27828,151,617.85
2025-06-30,2025-11-28,589.0,call,50.37,52.05,51.21,46.56,0,270,0.18073,0.73355,151,617.85
2025-06-30,2025-11-28,589.0,put,14.23,14.3,14.27,0.0,0,162,0.19048,-0.275,151,617.85
2025-06-30,2025-11-28,590.0,call,49.58,51.18,50.38,45.35,0,37,0.18073,0.72874,151,617.85
2025-06-30,2025-11-28,590.0,put,14.43,14.5,14.46,14.42,8,293,0.19048,-0.27963,151,617.85
2025-06-30,2025-11-28,591.0,call,48.7,50.46,49.58,44.85,0,268,0.17097,0.733,151,617.85
2025-06-30,2025-11-28,591.0,put,14.64,14.71,14.68,0.0,0,161,0.19048,-0.2843,151,617.85
2025-06-30,2025-11-28,592.0,call,48.83,48.94,48.88,49.5,1,10,0.17097,0.72792,151,617.85
2025-06-30,2025-11-28,592.0,put,14.85,14.92,14.88,0.0,0,77,0.19048,-0.289,151,617.85
2025-06-30,2025-11-28,593.0,call,48.05,48.16,48.1,42.18,0,40,0.17097,0.7228,151,617.85
2025-06-30,2025-11-28,593.0,put,15.06,15.13,15.1,0.0,0,82,0.19048,-0.29373,151,617.85
2025-06-30,2025-11-28,594.0,call,47.27,47.38,47.33,45.7,0,11,0.17097,0.71764,151,617.85
2025-06-30,2025-11-28,594.0,put,15.27,15.35,15.31,0.0,0,88,0.19048,-0.29848,151,617.85
2025-06-30,2025-11-28,595.0,call,46.5,46.6,46.55,46.78,1,99,0.17097,0.71245,151,617.85
2025-06-30,2025-11-28,595.0,put,15.49,15.57,15.53,15.51,100,141,0.19048,-0.30326,151,617.85
2025-06-30,2025-11-28,596.0,call,45.72,45.83,45.77,38.13,0,14,0.17097,0.70722,151,617.85
2025-06-30,2025-11-28,596.0,put,15.72,15.79,15.75,0.0,0,57,0.19048,-0.30806,151,617.85
2025-06-30,2025-11-28,597.0,call,44.96,45.06,45.01,36.98,0,17,0.17097,0.70196,151,617.85
2025-06-30,2025-11-28,597.0,put,15.94,16.02,15.98,0.0,0,73,0.19048,-0.3129,151,617.85
2025-06-30,2025-11-28,598.0,call,44.19,44.29,44.24,43.7,10,29,0.17097,0.69666,151,617.85
2025-06-30,2025-11-28,598.0,put,16.17,16.25,16.21,0.0,0,105,0.19048,-0.31775,151,617.85
2025-06-30,2025-11-28,599.0,call,43.43,43.53,43.48,42.73,0,153,0.17097,0.69133,151,617.85
2025-06-30,2025-11-28,599.0,put,16.41,16.49,16.45,0.0,0,121,0.19048,-0.32263,151,617.85
2025-06-30,2025-11-28,600.0,call,42.67,42.77,42.72,42.22,420,589,0.17097,0.68597,151,617.85
2025-06-30,2025-11-28,600.0,put,16.64,16.72,16.68,16.5,20,227,0.18073,-0.32117,151,617.85
2025-06-30,2025-11-28,601.0,call,41.92,42.01,41.97,41.74,401,873,0.17097,0.68058,151,617.85
2025-06-30,2025-11-28,601.0,put,16.88,16.96,16.92,17.24,3,99,0.18073,-0.32632,151,617.85
2025-06-30,2025-11-28,602.0,call,41.16,41.26,41.21,40.77,2,231,0.17097,0.67516,151,617.85
2025-06-30,2025-11-28,602.0,put,17.13,17.21,17.17,0.0,0,105,0.18073,-0.33149,151,617.85
2025-06-30,2025-11-28,603.0,call,40.42,40.51,40.47,40.16,1,125,0.16122,0.67696,151,617.85
2025-06-30,2025-11-28,603.0,put,17.38,17.46,17.42,17.74,1,71,0.18073,-0.33669,151,617.85
2025-06-30,2025-11-28,604.0,call,39.67,39.76,39.72,36.49,0,186,0.16122,0.6712,151,617.85
2025-06-30,2025-11-28,604.0,put,17.63,17.71,17.67,17.4,3,55,0.18073,-0.34191,151,617.85
2025-06-30,2025-11-28,605.0,call,38.93,39.02,38.98,39.33,1,201,0.16122,0.66541,151,617.85
2025-06-30,2025-11-28,605.0,put,17.89,17.97,17.93,17.73,147,291,0.18073,-0.34715,151,617.85
2025-06-30,2025-11-28,606.0,call,38.2,38.29,38.25,37.53,6,138,0.16122,0.6596,151,617.85
2025-06-30,2025-11-28,606.0,put,18.16,18.24,18.2,0.0,0,32,0.18073,-0.35241,151,617.85
2025-06-30,2025-11-28,610.0,call,35.3,35.39,35.34,34.79,4,521,0.16122,0.63605,151,617.85
2025-06-30,2025-11-28,610.0,put,19.26,19.35,19.3,19.1,53,89,0.18073,-0.37364,151,617.85
2025-06-30,2025-11-28,615.0,call,31.8,31.87,31.84,32.58,220,474,0.15146,0.61028,151,617.85
2025-06-30,2025-11-28,615.0,put,20.77,20.86,20.81,21.32,6,23,0.17097,-0.39746,151,617.85
2025-06-30,2025-11-28,620.0,call,28.43,28.5,28.46,29.07,53,526,0.15146,0.57806,151,617.85
2025-06-30,2025-11-28,620.0,put,22.44,22.53,22.48,22.27,65,15,0.17097,-0.42611,151,617.85
2025-06-30,2025-11-28,625.0,call,25.22,25.3,25.26,24.27,102,240,0.15146,0.54557,151,617.85
2025-06-30,2025-11-28,625.0,put,24.28,24.38,24.33,0.0,0,11,0.17097,-0.45492,151,617.85
2025-06-30,2025-11-28,630.0,call,22.2,22.27,22.23,22.04,1,361,0.1417,0.51135,151,617.85
2025-06-30,2025-11-28,630.0,put,26.33,26.43,26.38,0.0,0,56,0.16122,-0.48533,151,617.85
2025-06-30,2025-11-28,635.0,call,19.37,19.43,19.4,20.04,46,231,0.1417,0.47676,151,617.85
2025-06-30,2025-11-28,635.0,put,28.6,28.71,28.66,29.25,1,39,0.16122,-0.51573,151,617.85
2025-06-30,2025-11-28,640.0,call,16.75,16.81,16.78,16.66,1,337,0.13195,0.43584,151,617.85
2025-06-30,2025-11-28,640.0,put,30.67,31.72,31.2,0.0,0,6,0.16122,-0.54581,151,617.85
2025-06-30,2025-11-28,645.0,call,14.35,14.42,14.38,12.05,0,154,0.13195,0.40005,151,617.85
2025-06-30,2025-11-28,645.0,put,33.41,34.58,33.99,0.0,0,1,0.16122,-0.5754,151,617.85
2025-06-30,2025-11-28,650.0,call,12.19,12.24,12.21,12.42,21,1013,0.13195,0.36535,151,617.85
2025-06-30,2025-11-28,650.0,put,36.42,37.77,37.09,37.35,451,44,0.16122,-0.60434,151,617.85
2025-06-30,2025-11-28,655.0,call,10.25,10.31,10.28,10.31,2,439,0.13195,0.33196,151,617.85
2025-06-30,2025-11-28,655.0,put,39.72,41.3,40.51,0.0,0,0,0.16122,-0.63251,151,617.85
2025-06-30,2025-11-28,660.0,call,8.56,8.61,8.59,8.57,1,606,0.12219,0.2835,151,617.85
2025-06-30,2025-11-28,660.0,put,43.29,45.04,44.16,0.0,0,1,0.16122,-0.65977,151,617.85
2025-06-30,2025-11-28,665.0,call,7.08,7.14,7.11,5.95,0,48,0.12219,0.25191,151,617.85
2025-06-30,2025-11-28,665.0,put,46.56,49.11,47.84,0.0,0,0,0.16122,-0.68603,151,617.85
2025-06-30,2025-11-28,670.0,call,5.82,5.87,5.85,5.93,25,49,0.12219,0.22249,151,617.85
2025-06-30,2025-11-28,670.0,put,51.05,54.19,52.62,0.0,0,0,0.17097,-0.69812,151,617.85
2025-06-30,2025-11-28,675.0,call,4.74,4.79,4.77,4.7,18,324,0.12219,0.19533,151,617.85
2025-06-30,2025-11-28,675.0,put,55.85,58.97,57.41,0.0,0,0,0.18073,-0.70844,151,617.85
2025-06-30,2025-11-28,680.0,call,3.83,3.88,3.85,3.91,15,93,0.12219,0.17047,151,617.85
2025-06-30,2025-11-28,680.0,put,60.91,63.99,62.45,0.0,0,0,0.19048,-0.7173,151,617.85
2025-06-30,2025-11-28,685.0,call,3.08,3.12,3.1,2.39,0,24,0.11244,0.12656,151,617.85
2025-06-30,2025-11-28,685.0,put,65.91,68.98,67.44,0.0,0,0,0.20024,-0.72495,151,617.85
2025-06-30,2025-11-28,690.0,call,2.45,2.49,2.47,2.37,7,49,0.11244,0.10687,151,617.85
2025-06-30,2025-11-28,690.0,put,70.91,73.97,72.44,0.0,0,0,0.21,-0.73156,151,617.85
2025-06-30,2025-11-28,695.0,call,1.94,1.98,1.96,1.95,114,4,0.11244,0.0896,151,617.85
2025-06-30,2025-11-28,695.0,put,75.91,78.97,77.44,0.0,0,0,0.21975,-0.73731,151,617.85
2025-06-30,2025-11-28,700.0,call,1.53,1.56,1.54,1.65,167,153,0.11244,0.07461,151,617.85
2025-06-30,2025-11-28,700.0,put,80.85,83.97,82.41,0.0,0,0,0.22951,-0.74232,151,617.85
2025-06-30,2025-11-28,705.0,call,1.2,1.23,1.21,1.23,50,248,0.11244,0.06169,151,617.85
2025-06-30,2025-11-28,705.0,put,85.91,88.97,87.44,0.0,0,0,0.23926,-0.74668,151,617.85
2025-06-30,2025-12-19,150.0,call,467.91,470.92,469.42,445.58,0,714,0.01488,1.0,172,617.85
2025-06-30,2025-12-19,150.0,put,0.11,0.12,0.11,0.11,97,32938,0.74657,-0.00111,172,617.85
2025-06-30,2025-12-19,155.0,call,463.08,466.01,464.54,399.48,0,138,0.01488,1.0,172,617.85
2025-06-30,2025-12-19,155.0,put,0.13,0.14,0.14,0.13,5,2016,0.74657,-0.00138,172,617.85
2025-06-30,2025-12-19,160.0,call,458.19,461.12,459.65,438.31,0,80,0.01488,1.0,172,617.85
2025-06-30,2025-12-19,160.0,put,0.14,0.15,0.15,0.14,5,19208,0.73681,-0.00152,172,617.85
2025-06-30,2025-12-19,165.0,call,453.24,456.09,454.66,429.24,0,362,0.01488,1.0,172,617.85
2025-06-30,2025-12-19,165.0,put,0.15,0.16,0.15,0.15,5,7311,0.7173,-0.00149,172,617.85
2025-06-30,2025-12-19,170.0,call,448.42,451.2,449.81,428.48,0,78,0.01488,1.0,172,617.85
2025-06-30,2025-12-19,170.0,put,0.16,0.17,0.17,0.17,8,1533,0.70754,-0.00163,172,617.85
2025-06-30,2025-12-19,175.0,call,443.46,446.31,444.88,391.26,0,671,0.01488,1.0,172,617.85
2025-06-30,2025-12-19,175.0,put,0.17,0.19,0.18,0.18,7,5459,0.69779,-0.00178,172,617.85
2025-06-30,2025-12-19,180.0,call,438.57,441.43,440.0,410.87,0,438,0.01488,1.0,172,617.85
2025-06-30,2025-12-19,180.0,put,0.19,0.2,0.2,0.19,5,1355,0.68803,-0.00192,172,617.85
2025-06-30,2025-12-19,185.0,call,433.77,436.54,435.15,370.73,0,66,0.01488,1.0,172,617.85
2025-06-30,2025-12-19,185.0,put,0.2,0.22,0.21,0.21,5,5491,0.67828,-0.00208,172,617.85
2025-06-30,2025-12-19,190.0,call,428.88,431.8,430.34,411.11,0,67,0.01488,1.0,172,617.85
2025-06-30,2025-12-19,190.0,put,0.22,0.23,0.23,0.22,5,6800,0.67828,-0.00248,172,617.85
2025-06-30,2025-12-19,195.0,call,423.99,426.91,425.45,375.79,0,5,0.01488,1.0,172,617.85
2025-06-30,2025-12-19,195.0,put,0.23,0.25,0.24,0.0,0,8006,0.65876,-0.00239,172,617.85
2025-06-30,2025-12-19,200.0,call,419.11,422.0,420.56,413.64,0,186,0.01488,1.0,172,617.85
2025-06-30,2025-12-19,200.0,put,0.25,0.26,0.26,0.0,0,13634,0.65876,-0.00284,172,617.85
2025-06-30,2025-12-19,205.0,call,414.22,417.09,415.65,330.9,0,7,0.01488,1.0,172,617.85
2025-06-30,2025-12-19,205.0,put,0.27,0.28,0.28,0.0,0,4830,0.64901,-0.00303,172,617.85
2025-06-30,2025-12-19,210.0,call,409.25,412.21,410.73,392.27,0,1192,0.01488,1.0,172,617.85
2025-06-30,2025-12-19,210.0,put,0.28,0.3,0.29,0.0,0,2973,0.63925,-0.00321,172,617.85
2025-06-30,2025-12-19,215.0,call,404.45,407.32,405.88,357.11,0,23,0.01488,1.0,172,617.85
2025-06-30,2025-12-19,215.0,put,0.3,0.32,0.31,0.0,0,7145,0.6295,-0.0034,172,617.85
2025-06-30,2025-12-19,220.0,call,399.57,402.44,401.0,367.93,0,12,0.01488,1.0,172,617.85
2025-06-30,2025-12-19,220.0,put,0.32,0.34,0.33,0.34,15,5385,0.61974,-0.0036,172,617.85
2025-06-30,2025-12-19,225.0,call,394.69,397.56,396.12,373.74,0,55,0.01488,1.0,172,617.85
2025-06-30,2025-12-19,225.0,put,0.34,0.36,0.35,0.34,50,3403,0.60999,-0.00379,172,617.85
2025-06-30,2025-12-19,230.0,call,389.81,392.68,391.25,326.88,0,264,0.01488,1.0,172,617.85
2025-06-30,2025-12-19,230.0,put,0.37,0.38,0.38,0.36,2,1448,0.60023,-0.00398,172,617.85
2025-06-30,2025-12-19,235.0,call,384.92,387.8,386.36,312.0,0,231,0.01488,1.0,172,617.85
2025-06-30,2025-12-19,235.0,put,0.39,0.4,0.4,0.0,0,2536,0.60023,-0.00464,172,617.85
2025-06-30,2025-12-19,240.0,call,380.04,382.92,381.48,345.75,0,189,0.01488,1.0,172,617.85
2025-06-30,2025-12-19,240.0,put,0.41,0.42,0.41,0.0,0,2070,0.59047,-0.00486,172,617.85
2025-06-30,2025-12-19,245.0,call,375.16,378.03,376.6,296.84,0,131,0.01488,1.0,172,617.85
2025-06-30,2025-12-19,245.0,put,0.43,0.44,0.43,0.43,152,992,0.58072,-0.00507,172,617.85
2025-06-30,2025-12-19,250.0,call,370.28,373.15,371.71,355.1,0,148,0.01488,1.0,172,617.85
2025-06-30,2025-12-19,250.0,put,0.45,0.47,0.46,0.0,0,11051,0.57096,-0.00529,172,617.85
2025-06-30,2025-12-19,255.0,call,365.41,368.27,366.84,283.11,0,186,0.01488,1.0,172,617.85
2025-06-30,2025-12-19,255.0,put,0.48,0.49,0.48,0.0,0,844,0.56121,-0.0055,172,617.85
2025-06-30,2025-12-19,260.0,call,360.53,363.39,361.96,308.82,0,311,0.01488,1.0,172,617.85
2025-06-30,2025-12-19,260.0,put,0.5,0.51,0.51,0.0,0,1636,0.55145,-0.00571,172,617.85
2025-06-30,2025-12-19,265.0,call,355.65,358.46,357.05,299.28,0,237,0.01488,1.0,172,617.85
2025-06-30,2025-12-19,265.0,put,0.52,0.54,0.53,0.0,0,624,0.55145,-0.00658,172,617.85
2025-06-30,2025-12-19,270.0,call,350.65,353.58,352.12,336.56,0,277,0.01488,1.0,172,617.85
2025-06-30,2025-12-19,270.0,put,0.55,0.56,0.56,0.0,0,756,0.54169,-0.00681,172,617.85
2025-06-30,2025-12-19,275.0,call,345.81,348.71,347.26,294.9,0,360,0.01488,1.0,172,617.85
2025-06-30,2025-12-19,275.0,put,0.58,0.59,0.58,0.59,1015,18020,0.53194,-0.00704,172,617.85
2025-06-30,2025-12-19,280.0,call,341.02,343.89,342.45,279.79,0,274,0.01488,1.0,172,617.85
2025-06-30,2025-12-19,280.0,put,0.6,0.62,0.61,0.62,35,1359,0.52218,-0.00726,172,617.85
2025-06-30,2025-12-19,285.0,call,336.06,338.96,337.51,319.79,0,332,0.01488,1.0,172,617.85
2025-06-30,2025-12-19,285.0,put,0.63,0.65,0.64,0.0,0,829,0.51243,-0.00748,172,617.85
2025-06-30,2025-12-19,290.0,call,331.28,334.09,332.68,324.0,0,125,0.01488,1.0,172,617.85
2025-06-30,2025-12-19,290.0,put,0.66,0.68,0.67,0.68,525,798,0.51243,-0.00856,172,617.85
2025-06-30,2025-12-19,295.0,call,326.41,329.22,327.82,310.3,0,147,0.01488,1.0,172,617.85
2025-06-30,2025-12-19,295.0,put,0.69,0.71,0.7,0.0,0,1947,0.50267,-0.0088,172,617.85
2025-06-30,2025-12-19,300.0,call,321.45,324.35,322.9,320.38,0,305,0.01488,1.0,172,617.85
2025-06-30,2025-12-19,300.0,put,0.72,0.74,0.73,0.73,174,9867,0.49292,-0.00902,172,617.85
2025-06-30,2025-12-19,305.0,call,316.67,319.48,318.08,294.64,0,150,0.01488,1.0,172,617.85
2025-06-30,2025-12-19,305.0,put,0.76,0.77,0.77,0.0,0,1383,0.49292,-0.01029,172,617.85
2025-06-30,2025-12-19,310.0,call,311.8,314.67,313.24,289.41,0,89,0.01488,1.0,172,617.85
2025-06-30,2025-12-19,310.0,put,0.79,0.81,0.8,0.8,152,2645,0.48316,-0.01053,172,617.85
2025-06-30,2025-12-19,315.0,call,306.93,309.81,308.37,280.11,0,129,0.01488,1.0,172,617.85
2025-06-30,2025-12-19,315.0,put,0.83,0.84,0.83,0.83,156,1362,0.4734,-0.01077,172,617.85
2025-06-30,2025-12-19,320.0,call,302.07,304.94,303.5,280.02,0,117,0.01488,1.0,172,617.85
2025-06-30,2025-12-19,320.0,put,0.87,0.88,0.88,0.86,158,2039,0.46365,-0.011,172,617.85
2025-06-30,2025-12-19,325.0,call,297.2,300.08,298.64,246.6,0,70,0.01488,1.0,172,617.85
2025-06-30,2025-12-19,325.0,put,0.91,0.92,0.92,0.89,4,3265,0.46365,-0.01249,172,617.85
2025-06-30,2025-12-19,330.0,call,292.26,295.16,293.71,292.28,3,100,0.01488,1.0,172,617.85
2025-06-30,2025-12-19,330.0,put,0.95,0.96,0.95,0.0,0,3669,0.45389,-0.01274,172,617.85
2025-06-30,2025-12-19,335.0,call,287.48,290.3,288.89,237.91,0,82,0.01488,1.0,172,617.85
2025-06-30,2025-12-19,335.0,put,0.99,1.0,0.99,0.0,0,1288,0.44414,-0.01297,172,617.85
2025-06-30,2025-12-19,340.0,call,282.62,285.44,284.03,265.38,0,135,0.01488,1.0,172,617.85
2025-06-30,2025-12-19,340.0,put,1.03,1.05,1.04,1.05,150,1505,0.44414,-0.01469,172,617.85
2025-06-30,2025-12-19,345.0,call,277.76,280.65,279.2,254.08,0,312,0.01488,1.0,172,617.85
2025-06-30,2025-12-19,345.0,put,1.08,1.1,1.09,0.0,0,8998,0.43438,-0.01494,172,617.85
2025-06-30,2025-12-19,350.0,call,272.82,275.79,274.31,255.09,0,985,0.01488,1.0,172,617.85
2025-06-30,2025-12-19,350.0,put,1.13,1.14,1.13,1.11,33,6619,0.42462,-0.01518,172,617.85
2025-06-30,2025-12-19,355.0,call,267.97,270.94,269.46,244.3,0,389,0.01488,1.0,172,617.85
2025-06-30,2025-12-19,355.0,put,1.18,1.19,1.19,0.0,0,3462,0.42462,-0.01714,172,617.85
2025-06-30,2025-12-19,360.0,call,263.2,266.03,264.62,263.89,0,644,0.01488,1.0,172,617.85
2025-06-30,2025-12-19,360.0,put,1.23,1.25,1.24,1.26,3,6721,0.41487,-0.0174,172,617.85
2025-06-30,2025-12-19,365.0,call,258.35,261.18,259.76,246.4,0,77,0.01488,1.0,172,617.85
2025-06-30,2025-12-19,365.0,put,1.28,1.3,1.29,0.0,0,2298,0.40511,-0.01764,172,617.85
2025-06-30,2025-12-19,370.0,call,253.5,256.33,254.91,232.0,0,115,0.01488,1.0,172,617.85
2025-06-30,2025-12-19,370.0,put,1.34,1.36,1.35,1.36,2,2947,0.40511,-0.01988,172,617.85
2025-06-30,2025-12-19,375.0,call,248.57,251.49,250.03,249.0,1,459,0.01488,1.0,172,617.85
2025-06-30,2025-12-19,375.0,put,1.4,1.42,1.41,1.43,1,4651,0.39536,-0.02015,172,617.85
2025-06-30,2025-12-19,380.0,call,243.72,246.71,245.22,215.97,0,1187,0.01488,1.0,172,617.85
2025-06-30,2025-12-19,380.0,put,1.46,1.48,1.47,1.47,4,2853,0.39536,-0.02265,172,617.85
2025-06-30,2025-12-19,385.0,call,238.88,241.81,240.34,231.02,0,340,0.01488,1.0,172,617.85
2025-06-30,2025-12-19,385.0,put,1.53,1.54,1.54,1.5,13,3709,0.3856,-0.02295,172,617.85
2025-06-30,2025-12-19,390.0,call,234.04,237.04,235.54,228.76,0,1075,0.01488,1.0,172,617.85
2025-06-30,2025-12-19,390.0,put,1.59,1.61,1.6,1.58,7,8366,0.37584,-0.02322,172,617.85
2025-06-30,2025-12-19,395.0,call,229.21,232.21,230.71,224.42,0,675,0.01488,1.0,172,617.85
2025-06-30,2025-12-19,395.0,put,1.66,1.68,1.67,1.63,15,1115,0.37584,-0.02607,172,617.85
2025-06-30,2025-12-19,400.0,call,224.38,227.32,225.85,223.0,0,2530,0.01488,1.0,172,617.85
2025-06-30,2025-12-19,400.0,put,1.74,1.76,1.75,1.71,311,24056,0.36609,-0.02638,172,617.85
2025-06-30,2025-12-19,405.0,call,219.64,222.5,221.07,214.37,0,1066,0.21975,0.9987,172,617.85
2025-06-30,2025-12-19,405.0,put,1.82,1.84,1.83,0.0,0,1310,0.36609,-0.02955,172,617.85
2025-06-30,2025-12-19,410.0,call,214.73,217.74,216.24,209.56,0,1635,0.23926,0.99657,172,617.85
2025-06-30,2025-12-19,410.0,put,1.9,1.92,1.91,1.87,28,1682,0.35633,-0.0299,172,617.85
2025-06-30,2025-12-19,415.0,call,209.9,212.86,211.38,205.0,0,1170,0.23926,0.99572,172,617.85
2025-06-30,2025-12-19,415.0,put,1.99,2.01,2.0,2.01,21,2191,0.34658,-0.03023,172,617.85
2025-06-30,2025-12-19,420.0,call,205.09,208.11,206.6,204.13,0,532,0.24902,0.99311,172,617.85
2025-06-30,2025-12-19,420.0,put,2.09,2.11,2.1,2.05,66,17652,0.34658,-0.03384,172,617.85
2025-06-30,2025-12-19,425.0,call,200.27,203.25,201.76,190.89,0,1060,0.24902,0.99166,172,617.85
2025-06-30,2025-12-19,425.0,put,2.19,2.21,2.2,2.24,1151,11030,0.33682,-0.03422,172,617.85
2025-06-30,2025-12-19,430.0,call,195.47,198.46,196.97,194.59,1,1339,0.24902,0.98997,172,617.85
2025-06-30,2025-12-19,430.0,put,2.3,2.32,2.31,2.36,161,2250,0.33682,-0.03824,172,617.85
2025-06-30,2025-12-19,435.0,call,190.68,193.67,192.18,191.5,4,1757,0.25877,0.98534,172,617.85
2025-06-30,2025-12-19,435.0,put,2.41,2.43,2.42,2.38,150,6809,0.32707,-0.03869,172,617.85
2025-06-30,2025-12-19,440.0,call,185.9,188.89,187.39,182.24,0,1332,0.25877,0.98277,172,617.85
2025-06-30,2025-12-19,440.0,put,2.54,2.56,2.55,2.6,157,4356,0.32707,-0.04316,172,617.85
2025-06-30,2025-12-19,445.0,call,181.12,184.11,182.62,178.99,0,1928,0.25877,0.97987,172,617.85
2025-06-30,2025-12-19,445.0,put,2.67,2.69,2.68,2.62,153,22479,0.31731,-0.04371,172,617.85
2025-06-30,2025-12-19,450.0,call,176.36,179.35,177.86,177.84,36,3109,0.25877,0.9766,172,617.85
2025-06-30,2025-12-19,450.0,put,2.81,2.83,2.82,2.8,236,18980,0.31731,-0.04867,172,617.85
2025-06-30,2025-12-19,455.0,call,171.61,174.59,173.1,170.75,0,4250,0.24902,0.97696,172,617.85
2025-06-30,2025-12-19,455.0,put,2.97,2.99,2.98,2.98,17,11274,0.30755,-0.04933,172,617.85
2025-06-30,2025-12-19,460.0,call,166.86,169.92,168.39,167.01,12,1177,0.24902,0.97324,172,617.85
2025-06-30,2025-12-19,460.0,put,3.14,3.15,3.15,3.07,225,5142,0.30755,-0.05485,172,617.85
2025-06-30,2025-12-19,465.0,call,162.13,165.13,163.63,155.38,0,1231,0.24902,0.96908,172,617.85
2025-06-30,2025-12-19,465.0,put,3.31,3.33,3.32,3.27,59,4505,0.2978,-0.05566,172,617.85
2025-06-30,2025-12-19,470.0,call,157.4,160.47,158.94,152.39,0,2105,0.24902,0.96445,172,617.85
2025-06-30,2025-12-19,470.0,put,3.51,3.53,3.52,3.43,333,6706,0.2978,-0.06178,172,617.85
2025-06-30,2025-12-19,475.0,call,152.7,155.71,154.2,148.49,0,1523,0.24902,0.95933,172,617.85
2025-06-30,2025-12-19,475.0,put,3.72,3.74,3.73,3.64,31,5642,0.28804,-0.06279,172,617.85
2025-06-30,2025-12-19,480.0,call,148.0,151.03,149.51,142.76,0,3083,0.24902,0.95369,172,617.85
2025-06-30,2025-12-19,480.0,put,3.94,3.97,3.96,3.86,121,8142,0.28804,-0.06959,172,617.85
2025-06-30,2025-12-19,485.0,call,143.33,146.36,144.85,141.33,0,1354,0.23926,0.95356,172,617.85
2025-06-30,2025-12-19,485.0,put,4.18,4.21,4.2,4.1,4,4178,0.27829,-0.07083,172,617.85
2025-06-30,2025-12-19,490.0,call,138.79,141.71,140.25,136.65,0,1271,0.23926,0.94716,172,617.85
2025-06-30,2025-12-19,490.0,put,4.44,4.47,4.46,4.34,317,17252,0.27829,-0.0784,172,617.85
2025-06-30,2025-12-19,495.0,call,134.14,137.08,135.61,126.61,0,1513,0.23926,0.94016,172,617.85
2025-06-30,2025-12-19,495.0,put,4.72,4.75,4.73,4.73,15,2479,0.26853,-0.07994,172,617.85
2025-06-30,2025-12-19,500.0,call,129.53,132.46,131.0,130.74,4,2370,0.23926,0.93253,172,617.85
2025-06-30,2025-12-19,500.0,put,5.02,5.05,5.04,4.99,2726,26288,0.26853,-0.08835,172,617.85
2025-06-30,2025-12-19,505.0,call,124.93,127.93,126.43,125.28,2,2135,0.22951,0.93168,172,617.85
2025-06-30,2025-12-19,505.0,put,5.34,5.37,5.36,5.36,57,11048,0.26853,-0.09732,172,617.85
2025-06-30,2025-12-19,510.0,call,120.95,123.3,122.12,123.0,2,1197,0.23926,0.91533,172,617.85
2025-06-30,2025-12-19,510.0,put,5.69,5.72,5.71,5.56,290,9802,0.25877,-0.09964,172,617.85
2025-06-30,2025-12-19,515.0,call,115.81,118.35,117.08,115.69,0,818,0.22951,0.91371,172,617.85
2025-06-30,2025-12-19,515.0,put,6.06,6.09,6.07,5.91,409,7624,0.25877,-0.1096,172,617.85
2025-06-30,2025-12-19,520.0,call,111.84,114.24,113.04,112.63,12,3874,0.22951,0.90365,172,617.85
2025-06-30,2025-12-19,520.0,put,6.46,6.49,6.47,6.34,652,33907,0.24902,-0.11248,172,617.85
2025-06-30,2025-12-19,525.0,call,107.33,109.75,108.54,107.35,104,4539,0.22951,0.89287,172,617.85
2025-06-30,2025-12-19,525.0,put,6.88,6.92,6.9,6.81,79,8339,0.24902,-0.12354,172,617.85
2025-06-30,2025-12-19,530.0,call,102.41,104.78,103.59,104.46,6,1210,0.21975,0.89016,172,617.85
2025-06-30,2025-12-19,530.0,put,7.34,7.38,7.36,7.18,368,8277,0.24902,-0.13522,172,617.85
2025-06-30,2025-12-19,535.0,call,98.32,100.32,99.32,99.74,21,995,0.21975,0.87802,172,617.85
2025-06-30,2025-12-19,535.0,put,7.83,7.86,7.85,7.71,5,4736,0.23926,-0.13941,172,617.85
2025-06-30,2025-12-19,540.0,call,93.64,95.88,94.76,96.15,7,4079,0.21,0.87449,172,617.85
2025-06-30,2025-12-19,540.0,put,8.35,8.39,8.37,8.29,215,13751,0.23926,-0.15237,172,617.85
2025-06-30,2025-12-19,545.0,call,89.07,92.16,90.61,90.99,2,1657,0.21,0.8608,172,617.85
2025-06-30,2025-12-19,545.0,put,8.91,8.95,8.93,8.81,9,6816,0.22951,-0.15754,172,617.85
2025-06-30,2025-12-19,550.0,call,85.02,87.11,86.06,87.26,118,3253,0.20024,0.85621,172,617.85
2025-06-30,2025-12-19,550.0,put,9.51,9.55,9.53,9.51,904,17525,0.22951,-0.17191,172,617.85
2025-06-30,2025-12-19,555.0,call,80.76,82.79,81.78,80.02,0,2385,0.20024,0.84077,172,617.85
2025-06-30,2025-12-19,555.0,put,10.14,10.19,10.16,9.91,65,14974,0.21975,-0.17831,172,617.85
2025-06-30,2025-12-19,560.0,call,76.55,78.5,77.53,78.2,21,4974,0.20024,0.82443,172,617.85
2025-06-30,2025-12-19,560.0,put,10.83,10.87,10.85,10.76,645,156848,0.21975,-0.19424,172,617.85
2025-06-30,2025-12-19,565.0,call,72.5,74.26,73.38,73.3,2,2379,0.20024,0.80722,172,617.85
2025-06-30,2025-12-19,565.0,put,11.55,11.6,11.57,11.45,24,7044,0.21975,-0.21086,172,617.85
2025-06-30,2025-12-19,570.0,call,68.27,70.01,69.14,70.22,102,5942,0.19048,0.79895,172,617.85
2025-06-30,2025-12-19,570.0,put,12.33,12.37,12.35,12.21,110,8988,0.21,-0.21982,172,617.85
2025-06-30,2025-12-19,575.0,call,64.22,65.91,65.06,64.09,16,4323,0.19048,0.77968,172,617.85
2025-06-30,2025-12-19,575.0,put,13.16,13.21,13.19,12.89,389,4453,0.21,-0.23816,172,617.85
2025-06-30,2025-12-19,580.0,call,60.15,61.8,60.97,60.89,22,6226,0.18073,0.76915,172,617.85
2025-06-30,2025-12-19,580.0,put,14.05,14.1,14.07,13.71,310,10294,0.20024,-0.24918,172,617.85
2025-06-30,2025-12-19,585.0,call,56.14,57.91,57.02,57.32,12,10948,0.18073,0.74757,172,617.85
2025-06-30,2025-12-19,585.0,put,15.0,15.05,15.03,14.94,60,6241,0.20024,-0.2694,172,617.85
2025-06-30,2025-12-19,590.0,call,52.29,53.78,53.03,53.35,48,4679,0.18073,0.72517,172,617.85
2025-06-30,2025-12-19,590.0,put,16.01,16.07,16.04,15.91,363,5466,0.20024,-0.29023,172,617.85
2025-06-30,2025-12-19,595.0,call,48.47,49.86,49.16,50.4,25,1770,0.17097,0.71008,172,617.85
2025-06-30,2025-12-19,595.0,put,17.1,17.16,17.13,16.66,35,5380,0.19048,-0.30516,172,617.85
2025-06-30,2025-12-19,600.0,call,45.18,46.27,45.73,46.69,95,11132,0.17097,0.68521,172,617.85
2025-06-30,2025-12-19,600.0,put,18.27,18.33,18.3,18.29,560,10688,0.19048,-0.32794,172,617.85
2025-06-30,2025-12-19,605.0,call,41.08,42.3,41.69,41.19,64,5684,0.16122,0.66626,172,617.85
2025-06-30,2025-12-19,605.0,put,19.54,19.6,19.57,19.36,99,4032,0.18073,-0.34609,172,617.85
2025-06-30,2025-12-19,610.0,call,37.47,38.67,38.07,38.85,71,6060,0.16122,0.6388,172,617.85
2025-06-30,2025-12-19,610.0,put,20.92,20.99,20.95,20.93,180,7774,0.18073,-0.37086,172,617.85
2025-06-30,2025-12-19,615.0,call,34.01,35.15,34.58,35.35,163,8127,0.16122,0.61083,172,617.85
2025-06-30,2025-12-19,615.0,put,22.44,22.51,22.48,22.27,107,373,0.18073,-0.39598,172,617.85
2025-06-30,2025-12-19,620.0,call,30.67,31.29,30.98,31.58,76,14249,0.15146,0.58505,172,617.85
2025-06-30,2025-12-19,620.0,put,24.1,24.17,24.14,23.9,362,2387,0.17097,-0.41959,172,617.85
2025-06-30,2025-12-19,625.0,call,27.89,27.96,27.93,28.52,48,10127,0.15146,0.55471,172,617.85
2025-06-30,2025-12-19,625.0,put,25.93,26.0,25.96,25.79,371,246,0.17097,-0.4465,172,617.85
2025-06-30,2025-12-19,630.0,call,24.82,24.89,24.86,25.4,153,15089,0.1417,0.52321,172,617.85
2025-06-30,2025-12-19,630.0,put,27.94,28.02,27.98,27.25,21,189,0.17097,-0.47345,172,617.85
2025-06-30,2025-12-19,635.0,call,21.94,22.01,21.98,22.13,22,4729,0.1417,0.4908,172,617.85
2025-06-30,2025-12-19,635.0,put,29.8,30.65,30.23,0.0,0,30,0.16122,-0.50307,172,617.85
2025-06-30,2025-12-19,640.0,call,19.24,19.31,19.27,19.73,92,10135,0.1417,0.45871,172,617.85
2025-06-30,2025-12-19,640.0,put,31.93,33.34,32.64,32.48,12,402,0.16122,-0.53131,172,617.85
2025-06-30,2025-12-19,645.0,call,16.75,16.82,16.79,16.75,733,5855,0.13195,0.41909,172,617.85
2025-06-30,2025-12-19,645.0,put,34.83,35.87,35.35,0.0,0,142,0.16122,-0.55918,172,617.85
2025-06-30,2025-12-19,650.0,call,14.47,14.53,14.5,14.64,831,18865,0.13195,0.38611,172,617.85
2025-06-30,2025-12-19,650.0,put,37.72,38.9,38.31,38.7,11,392,0.16122,-0.58654,172,617.85
2025-06-30,2025-12-19,655.0,call,12.4,12.45,12.43,12.9,134,6817,0.13195,0.35417,172,617.85
2025-06-30,2025-12-19,655.0,put,40.87,42.23,41.55,0.0,0,3,0.16122,-0.61329,172,617.85
2025-06-30,2025-12-19,660.0,call,10.54,10.6,10.57,10.96,112,8190,0.13195,0.32346,172,617.85
2025-06-30,2025-12-19,660.0,put,44.27,45.93,45.1,43.5,18,9,0.16122,-0.63931,172,617.85
2025-06-30,2025-12-19,665.0,call,8.9,8.95,8.93,9.44,43,4270,0.12219,0.27708,172,617.85
2025-06-30,2025-12-19,665.0,put,47.34,49.76,48.55,50.11,12,13,0.16122,-0.66451,172,617.85
2025-06-30,2025-12-19,670.0,call,7.47,7.51,7.49,7.66,287,11772,0.12219,0.24799,172,617.85
2025-06-30,2025-12-19,670.0,put,51.43,54.55,52.99,52.59,5,2,0.17097,-0.67648,172,617.85
2025-06-30,2025-12-19,675.0,call,6.22,6.27,6.24,6.34,90,5410,0.12219,0.2208,172,617.85
2025-06-30,2025-12-19,675.0,put,56.04,59.09,57.56,59.5,1,0,0.18073,-0.68672,172,617.85
2025-06-30,2025-12-19,680.0,call,5.15,5.19,5.17,5.38,696,33935,0.12219,0.19559,172,617.85
2025-06-30,2025-12-19,680.0,put,60.91,64.0,62.45,0.0,0,0,0.19048,-0.69553,172,617.85
2025-06-30,2025-12-19,685.0,call,4.23,4.27,4.25,4.22,311,8526,0.12219,0.17238,172,617.85
2025-06-30,2025-12-19,685.0,put,65.85,68.99,67.42,0.0,0,0,0.19048,-0.71485,172,617.85
2025-06-30,2025-12-19,690.0,call,3.45,3.49,3.47,3.51,229,19882,0.12219,0.15115,172,617.85
2025-06-30,2025-12-19,690.0,put,70.91,73.99,72.45,73.0,1,0,0.20024,-0.72117,172,617.85
2025-06-30,2025-12-19,695.0,call,2.8,2.83,2.81,2.85,18,7831,0.11244,0.11094,172,617.85
2025-06-30,2025-12-19,695.0,put,75.91,78.98,77.44,0.0,0,0,0.21,-0.72662,172,617.85
2025-06-30,2025-12-19,700.0,call,2.26,2.29,2.27,2.29,800,16883,0.11244,0.09435,172,617.85
2025-06-30,2025-12-19,700.0,put,80.85,83.97,82.41,0.0,0,0,0.21975,-0.73133,172,617.85
2025-06-30,2025-12-19,705.0,call,1.82,1.84,1.83,1.86,221,3521,0.11244,0.07977,172,617.85
2025-06-30,2025-12-19,705.0,put,85.91,88.97,87.44,0.0,0,0,0.22951,-0.73541,172,617.85
2025-06-30,2025-12-19,710.0,call,1.45,1.48,1.46,1.53,11,6249,0.11244,0.06704,172,617.85
2025-06-30,2025-12-19,710.0,put,90.85,93.98,92.41,0.0,0,0,0.23926,-0.73893,172,617.85
2025-06-30,2025-12-19,715.0,call,1.16,1.18,1.17,1.16,14,1416,0.11244,0.05602,172,617.85
2025-06-30,2025-12-19,715.0,put,95.85,98.98,97.41,0.0,0,0,0.24902,-0.74198,172,617.85
2025-06-30,2025-12-19,720.0,call,0.92,0.94,0.93,0.92,104,3125,0.11244,0.04654,172,617.85
2025-06-30,2025-12-19,720.0,put,100.85,103.98,102.41,0.0,0,0,0.25877,-0.74462,172,617.85
2025-06-30,2025-12-19,725.0,call,0.73,0.75,0.74,0.71,5,3495,0.11244,0.03844,172,617.85
2025-06-30,2025-12-19,725.0,put,105.91,108.98,107.44,0.0,0,0,0.25877,-0.75697,172,617.85
2025-06-30,2025-12-19,730.0,call,0.58,0.6,0.59,0.62,9,2506,0.11244,0.03158,172,617.85
2025-06-30,2025-12-19,730.0,put,110.91,113.97,112.44,0.0,0,0,0.26853,-0.75866,172,617.85
2025-06-30,2025-12-19,735.0,call,0.46,0.48,0.47,0.38,0,1836,0.11244,0.02579,172,617.85
2025-06-30,2025-12-19,735.0,put,115.91,118.97,117.44,0.0,0,0,0.27829,-0.76008,172,617.85
2025-06-30,2025-12-19,740.0,call,0.37,0.38,0.38,0.39,13,20426,0.11244,0.02096,172,617.85
2025-06-30,2025-12-19,740.0,put,120.85,123.97,122.41,0.0,0,0,0.28804,-0.76125,172,617.85
2025-06-30,2025-12-19,745.0,call,0.29,0.31,0.3,0.31,2,1361,0.11244,0.01693,172,617.85
2025-06-30,2025-12-19,745.0,put,125.85,128.97,127.41,0.0,0,0,0.28804,-0.77168,172,617.85
2025-06-30,2025-12-19,750.0,call,0.24,0.25,0.24,0.25,23,3385,0.11244,0.01361,172,617.85
2025-06-30,2025-12-19,750.0,put,130.85,133.97,132.41,0.0,0,0,0.2978,-0.7722,172,617.85
2025-06-30,2025-12-19,755.0,call,0.19,0.2,0.2,0.2,12,1030,0.11244,0.01088,172,617.85
2025-06-30,2025-12-19,755.0,put,135.91,138.97,137.44,0.0,0,0,0.30755,-0.77257,172,617.85
2025-06-30,2025-12-19,760.0,call,0.16,0.17,0.17,0.16,401,1064,0.11244,0.00866,172,617.85
2025-06-30,2025-12-19,760.0,put,140.91,143.97,142.44,0.0,0,0,0.31731,-0.77279,172,617.85
2025-06-30,2025-12-19,765.0,call,0.13,0.14,0.14,0.14,60,2295,0.11244,0.00685,172,617.85
2025-06-30,2025-12-19,765.0,put,145.85,148.97,147.41,0.0,0,0,0.31731,-0.78177,172,617.85
2025-06-30,2025-12-19,770.0,call,0.1,0.11,0.11,0.12,2,875,0.11244,0.0054,172,617.85
2025-06-30,2025-12-19,770.0,put,150.91,153.97,152.44,0.0,0,0,0.32707,-0.78153,172,617.85
2025-06-30,2025-12-19,775.0,call,0.09,0.1,0.1,0.09,0,1363,0.12219,0.00784,172,617.85
2025-06-30,2025-12-19,775.0,put,155.91,158.97,157.44,0.0,0,0,0.33682,-0.7812,172,617.85
2025-06-30,2025-12-19,780.0,call,0.07,0.08,0.08,0.08,173,5261,0.12219,0.00633,172,617.85
2025-06-30,2025-12-19,780.0,put,160.91,163.97,162.44,0.0,0,0,0.34658,-0.78078,172,617.85
2025-06-30,2025-12-19,785.0,call,0.06,0.07,0.07,0.07,1,1087,0.12219,0.0051,172,617.85
2025-06-30,2025-12-19,785.0,put,165.91,168.97,167.44,0.0,0,0,0.34658,-0.78863,172,617.85
2025-06-30,2025-12-19,790.0,call,0.05,0.06,0.06,0.06,3,1238,0.12219,0.00408,172,617.85
2025-06-30,2025-12-19,790.0,put,170.85,173.97,172.41,0.0,0,0,0.35633,-0.78788,172,617.85
2025-06-30,2025-12-19,795.0,call,0.05,0.06,0.06,0.06,0,1304,0.12219,0.00326,172,617.85
2025-06-30,2025-12-19,795.0,put,175.85,178.97,177.41,0.0,0,0,0.36609,-0.78707,172,617.85
2025-06-30,2025-12-19,800.0,call,0.04,0.05,0.04,0.05,1,2803,0.12219,0.0026,172,617.85
2025-06-30,2025-12-19,800.0,put,180.91,183.97,182.44,0.0,0,0,0.36609,-0.79425,172,617.85
2025-06-30,2025-12-19,805.0,call,0.04,0.05,0.04,0.05,1,6234,0.12219,0.00206,172,617.85
2025-06-30,2025-12-19,805.0,put,185.91,188.97,187.44,0.0,0,0,0.37584,-0.79317,172,617.85
2025-06-30,2025-12-19,810.0,call,0.03,0.04,0.04,0.04,0,1732,0.13195,0.00327,172,617.85
2025-06-30,2025-12-19,810.0,put,190.85,193.97,192.41,0.0,0,0,0.3856,-0.79205,172,617.85
2025-06-30,2025-12-19,815.0,call,0.03,0.04,0.04,0.04,0,3853,0.13195,0.00266,172,617.85
2025-06-30,2025-12-19,815.0,put,195.91,198.97,197.44,0.0,0,0,0.3856,-0.79865,172,617.85
2025-06-30,2025-12-19,820.0,call,0.03,0.04,0.04,0.04,0,478,0.13195,0.00216,172,617.85
2025-06-30,2025-12-19,820.0,put,200.85,203.97,202.41,0.0,0,0,0.39536,-0.79732,172,617.85
2025-06-30,2025-12-19,825.0,call,0.02,0.03,0.03,0.03,0,995,0.13195,0.00174,172,617.85
2025-06-30,2025-12-19,825.0,put,205.85,208.97,207.41,0.0,0,0,0.40511,-0.79596,172,617.85
2025-06-30,2025-12-19,830.0,call,0.02,0.03,0.03,0.03,0,1961,0.13195,0.0014,172,617.85
2025-06-30,2025-12-19,830.0,put,210.85,213.97,212.41,0.0,0,0,0.40511,-0.80206,172,617.85
2025-06-30,2025-12-19,835.0,call,0.02,0.03,0.03,0.02,0,1257,0.1417,0.00227,172,617.85
2025-06-30,2025-12-19,835.0,put,215.91,218.97,217.44,0.0,0,0,0.41487,-0.80053,172,617.85
2025-06-30,2025-12-19,840.0,call,0.02,0.03,0.03,0.03,768,6514,0.1417,0.00187,172,617.85
2025-06-30,2025-12-19,840.0,put,220.91,223.97,222.44,0.0,0,0,0.42462,-0.79899,172,617.85
2025-06-30,2025-12-31,345.0,call,277.38,280.77,279.07,280.1,6,3,0.01488,1.0,184,617.85
2025-06-30,2025-12-31,345.0,put,1.18,1.2,1.19,1.21,10,457,0.42462,-0.01555,184,617.85
2025-06-30,2025-12-31,350.0,call,272.96,275.91,274.44,254.38,0,15,0.01488,1.0,184,617.85
2025-06-30,2025-12-31,350.0,put,1.24,1.25,1.25,1.25,3,441,0.42462,-0.01751,184,617.85
2025-06-30,2025-12-31,355.0,call,268.11,270.94,269.52,179.53,0,1,0.01488,1.0,184,617.85
2025-06-30,2025-12-31,355.0,put,1.29,1.31,1.3,1.31,2,3457,0.41487,-0.01775,184,617.85
2025-06-30,2025-12-31,360.0,call,263.26,266.15,264.7,201.7,0,2,0.01488,1.0,184,617.85
2025-06-30,2025-12-31,360.0,put,1.35,1.37,1.36,0.0,0,216,0.40511,-0.01797,184,617.85
2025-06-30,2025-12-31,365.0,call,258.41,261.25,259.83,236.5,0,31,0.01488,1.0,184,617.85
2025-06-30,2025-12-31,365.0,put,1.4,1.43,1.42,1.41,2,43,0.40511,-0.0202,184,617.85
2025-06-30,2025-12-31,370.0,call,253.57,256.41,254.99,0.0,0,0,0.01488,1.0,184,617.85
2025-06-30,2025-12-31,370.0,put,1.46,1.49,1.48,1.45,26,803,0.39536,-0.02044,184,617.85
2025-06-30,2025-12-31,375.0,call,248.72,251.63,250.18,0.0,0,0,0.01488,1.0,184,617.85
2025-06-30,2025-12-31,375.0,put,1.53,1.55,1.54,1.51,52,108,0.39536,-0.02292,184,617.85
2025-06-30,2025-12-31,380.0,call,243.88,246.79,245.33,194.25,0,3,0.01488,1.0,184,617.85
2025-06-30,2025-12-31,380.0,put,1.59,1.62,1.6,0.0,0,72,0.3856,-0.02318,184,617.85
2025-06-30,2025-12-31,385.0,call,239.05,241.9,240.48,165.71,0,1,0.01488,1.0,184,617.85
2025-06-30,2025-12-31,385.0,put,1.66,1.69,1.67,1.65,1,435,0.37584,-0.02342,184,617.85
2025-06-30,2025-12-31,390.0,call,234.22,237.07,235.64,216.02,0,1,0.01488,1.0,184,617.85
2025-06-30,2025-12-31,390.0,put,1.74,1.76,1.75,0.0,0,524,0.37584,-0.02623,184,617.85
2025-06-30,2025-12-31,395.0,call,229.39,232.24,230.81,145.12,0,1,0.01488,1.0,184,617.85
2025-06-30,2025-12-31,395.0,put,1.81,1.84,1.83,0.0,0,377,0.36609,-0.02649,184,617.85
2025-06-30,2025-12-31,400.0,call,224.59,227.48,226.03,216.21,0,337,0.01488,1.0,184,617.85
2025-06-30,2025-12-31,400.0,put,1.9,1.92,1.91,1.89,13,1879,0.36609,-0.0296,184,617.85
2025-06-30,2025-12-31,405.0,call,219.74,222.66,221.2,142.5,0,3,0.01488,1.0,184,617.85
2025-06-30,2025-12-31,405.0,put,1.98,2.01,1.99,2.0,2,657,0.35633,-0.02991,184,617.85
2025-06-30,2025-12-31,410.0,call,214.93,217.78,216.36,186.15,0,3,0.01488,1.0,184,617.85
2025-06-30,2025-12-31,410.0,put,2.07,2.1,2.08,0.0,0,336,0.34658,-0.03017,184,617.85
2025-06-30,2025-12-31,415.0,call,210.12,213.04,211.58,131.36,0,25,0.01488,1.0,184,617.85
2025-06-30,2025-12-31,415.0,put,2.17,2.2,2.19,0.0,0,351,0.34658,-0.0337,184,617.85
2025-06-30,2025-12-31,420.0,call,205.32,208.18,206.75,184.0,0,20,0.01488,1.0,184,617.85
2025-06-30,2025-12-31,420.0,put,2.27,2.3,2.29,2.31,4,746,0.33682,-0.03401,184,617.85
2025-06-30,2025-12-31,425.0,call,200.52,203.38,201.95,181.79,0,54,0.01488,1.0,184,617.85
2025-06-30,2025-12-31,425.0,put,2.38,2.41,2.4,2.4,1,495,0.33682,-0.03792,184,617.85
2025-06-30,2025-12-31,430.0,call,195.77,198.59,197.18,175.0,0,16,0.19048,0.99819,184,617.85
2025-06-30,2025-12-31,430.0,put,2.5,2.53,2.51,2.5,2,2070,0.32707,-0.03828,184,617.85
2025-06-30,2025-12-31,435.0,call,190.99,193.81,192.4,140.94,0,2,0.21,0.99498,184,617.85
2025-06-30,2025-12-31,435.0,put,2.63,2.65,2.64,2.59,101,408,0.32707,-0.04261,184,617.85
2025-06-30,2025-12-31,440.0,call,186.21,189.1,187.66,186.76,22,20,0.21975,0.99166,184,617.85
2025-06-30,2025-12-31,440.0,put,2.76,2.79,2.77,0.0,0,671,0.31731,-0.04305,184,617.85
2025-06-30,2025-12-31,445.0,call,181.28,184.27,182.78,181.2,2,4,0.21975,0.98986,184,617.85
2025-06-30,2025-12-31,445.0,put,2.9,2.93,2.92,0.0,0,1328,0.31731,-0.04784,184,617.85
2025-06-30,2025-12-31,450.0,call,176.64,179.52,178.08,176.99,4,17,0.22951,0.98464,184,617.85
2025-06-30,2025-12-31,450.0,put,3.06,3.09,3.08,3.02,2142,6318,0.30755,-0.04837,184,617.85
2025-06-30,2025-12-31,455.0,call,171.9,174.84,173.37,163.14,0,6,0.22951,0.98182,184,617.85
2025-06-30,2025-12-31,455.0,put,3.23,3.25,3.24,3.25,2,833,0.30755,-0.05367,184,617.85
2025-06-30,2025-12-31,460.0,call,167.16,170.05,168.61,155.0,0,17,0.22951,0.97861,184,617.85
2025-06-30,2025-12-31,460.0,put,3.4,3.43,3.42,3.44,4,445,0.2978,-0.05433,184,617.85
2025-06-30,2025-12-31,465.0,call,162.5,165.34,163.92,149.98,0,17,0.22951,0.97498,184,617.85
2025-06-30,2025-12-31,465.0,put,3.6,3.63,3.62,3.63,1,521,0.2978,-0.0602,184,617.85
2025-06-30,2025-12-31,470.0,call,157.73,160.64,159.19,158.47,6,207,0.22951,0.97088,184,617.85
2025-06-30,2025-12-31,470.0,put,3.8,3.84,3.82,0.0,0,1301,0.28804,-0.06101,184,617.85
2025-06-30,2025-12-31,475.0,call,153.03,155.95,154.49,147.97,0,77,0.22951,0.9663,184,617.85
2025-06-30,2025-12-31,475.0,put,4.03,4.06,4.04,0.0,0,682,0.28804,-0.0675,184,617.85
2025-06-30,2025-12-31,480.0,call,148.36,151.33,149.85,148.15,0,63,0.22951,0.96119,184,617.85
2025-06-30,2025-12-31,480.0,put,4.27,4.3,4.29,4.33,53,3730,0.28804,-0.07445,184,617.85
2025-06-30,2025-12-31,485.0,call,143.69,146.62,145.16,138.05,0,1434,0.22951,0.95554,184,617.85
2025-06-30,2025-12-31,485.0,put,4.52,4.56,4.54,4.51,60,1054,0.27829,-0.07571,184,617.85
2025-06-30,2025-12-31,490.0,call,139.63,142.05,140.84,130.51,0,75,0.22951,0.94931,184,617.85
2025-06-30,2025-12-31,490.0,put,4.8,4.84,4.82,0.0,0,2030,0.27829,-0.08339,184,617.85
2025-06-30,2025-12-31,495.0,call,135.0,137.37,136.19,119.51,0,77,0.22951,0.94247,184,617.85
2025-06-30,2025-12-31,495.0,put,5.09,5.13,5.11,5.0,3,1442,0.26853,-0.08494,184,617.85
2025-06-30,2025-12-31,500.0,call,129.81,132.77,131.29,131.52,4,451,0.21975,0.9423,184,617.85
2025-06-30,2025-12-31,500.0,put,5.41,5.45,5.43,5.31,443,6555,0.26853,-0.09344,184,617.85
2025-06-30,2025-12-31,505.0,call,125.83,128.19,127.01,127.22,1,276,0.22951,0.92691,184,617.85
2025-06-30,2025-12-31,505.0,put,5.75,5.79,5.77,5.86,8,1499,0.25877,-0.09537,184,617.85
2025-06-30,2025-12-31,510.0,call,121.24,123.64,122.44,120.0,1,74,0.21975,0.92611,184,617.85
2025-06-30,2025-12-31,510.0,put,6.11,6.16,6.13,6.09,5,874,0.25877,-0.10478,184,617.85
2025-06-30,2025-12-31,515.0,call,116.13,119.11,117.62,116.46,2,776,0.21975,0.91696,184,617.85
2025-06-30,2025-12-31,515.0,put,6.5,6.55,6.53,6.62,3,590,0.25877,-0.11475,184,617.85
2025-06-30,2025-12-31,520.0,call,111.75,114.68,113.22,110.05,0,918,0.21975,0.90708,184,617.85
2025-06-30,2025-12-31,520.0,put,6.92,6.97,6.95,7.04,10,764,0.24902,-0.11761,184,617.85
2025-06-30,2025-12-31,525.0,call,107.14,110.11,108.62,107.3,1,1273,0.21,0.90544,184,617.85
2025-06-30,2025-12-31,525.0,put,7.36,7.41,7.38,7.3,295,571,0.24902,-0.12862,184,617.85
2025-06-30,2025-12-31,530.0,call,103.29,105.7,104.5,100.65,0,209,0.21,0.89428,184,617.85
2025-06-30,2025-12-31,530.0,put,7.84,7.89,7.87,7.7,46,3940,0.23926,-0.13216,184,617.85
2025-06-30,2025-12-31,535.0,call,98.86,101.22,100.04,99.76,1,196,0.21,0.88231,184,617.85
2025-06-30,2025-12-31,535.0,put,8.34,8.4,8.37,8.18,18,471,0.23926,-0.14435,184,617.85
2025-06-30,2025-12-31,536.0,call,97.98,100.47,99.22,93.6,0,17,0.21,0.87982,184,617.85
2025-06-30,2025-12-31,536.0,put,8.45,8.51,8.48,8.49,6,94,0.23926,-0.14686,184,617.85
2025-06-30,2025-12-31,537.0,call,97.1,99.53,98.31,90.14,0,9,0.21,0.8773,184,617.85
2025-06-30,2025-12-31,537.0,put,8.56,8.61,8.59,0.0,0,65,0.23926,-0.1494,184,617.85
2025-06-30,2025-12-31,538.0,call,96.22,98.72,97.47,83.0,0,14,0.21,0.87474,184,617.85
2025-06-30,2025-12-31,538.0,put,8.66,8.72,8.69,0.0,0,145,0.23926,-0.15196,184,617.85
2025-06-30,2025-12-31,539.0,call,95.34,97.78,96.56,77.68,0,28,0.21,0.87216,184,617.85
2025-06-30,2025-12-31,539.0,put,8.77,8.83,8.8,8.9,2,33,0.23926,-0.15455,184,617.85
2025-06-30,2025-12-31,540.0,call,94.46,96.76,95.61,93.5,2,119,0.21,0.86954,184,617.85
2025-06-30,2025-12-31,540.0,put,8.89,8.9,8.89,8.89,23,11096,0.23926,-0.15716,184,617.85
2025-06-30,2025-12-31,541.0,call,93.59,96.03,94.81,80.71,0,7,0.21,0.86689,184,617.85
2025-06-30,2025-12-31,541.0,put,9.0,9.06,9.03,8.96,1,132,0.22951,-0.15137,184,617.85
2025-06-30,2025-12-31,542.0,call,92.71,95.17,93.94,82.31,0,40,0.21,0.86421,184,617.85
2025-06-30,2025-12-31,542.0,put,9.11,9.17,9.14,9.25,2,144,0.22951,-0.15405,184,617.85
2025-06-30,2025-12-31,543.0,call,91.84,94.27,93.06,71.73,0,23,0.21,0.8615,184,617.85
2025-06-30,2025-12-31,543.0,put,9.23,9.29,9.26,0.0,0,154,0.22951,-0.15675,184,617.85
2025-06-30,2025-12-31,544.0,call,90.97,93.5,92.23,63.43,0,30,0.20024,0.86864,184,617.85
2025-06-30,2025-12-31,544.0,put,9.35,9.4,9.38,0.0,0,170,0.22951,-0.15947,184,617.85
2025-06-30,2025-12-31,545.0,call,90.1,92.57,91.33,91.81,2,240,0.20024,0.86587,184,617.85
2025-06-30,2025-12-31,545.0,put,9.46,9.52,9.49,9.59,6,591,0.22951,-0.16223,184,617.85
2025-06-30,2025-12-31,546.0,call,89.23,91.65,90.44,85.87,0,45,0.20024,0.86306,184,617.85
2025-06-30,2025-12-31,546.0,put,9.59,9.64,9.62,9.71,1,191,0.22951,-0.165,184,617.85
2025-06-30,2025-12-31,547.0,call,88.36,90.84,89.6,75.64,0,12,0.20024,0.86022,184,617.85
2025-06-30,2025-12-31,547.0,put,9.71,9.77,9.74,0.0,0,161,0.22951,-0.16781,184,617.85
2025-06-30,2025-12-31,548.0,call,87.5,89.91,88.7,72.92,0,37,0.20024,0.85734,184,617.85
2025-06-30,2025-12-31,548.0,put,9.83,9.89,9.86,0.0,0,87,0.22951,-0.17063,184,617.85
2025-06-30,2025-12-31,549.0,call,86.63,89.12,87.88,73.38,0,5,0.20024,0.85443,184,617.85
2025-06-30,2025-12-31,549.0,put,9.96,10.02,9.99,0.0,0,256,0.22951,-0.17349,184,617.85
2025-06-30,2025-12-31,550.0,call,85.19,88.02,86.6,86.76,94,456,0.20024,0.85149,184,617.85
2025-06-30,2025-12-31,550.0,put,10.08,10.14,10.11,9.87,39,6016,0.22951,-0.17636,184,617.85
2025-06-30,2025-12-31,551.0,call,84.91,87.3,86.1,83.92,0,10,0.20024,0.84851,184,617.85
2025-06-30,2025-12-31,551.0,put,10.21,10.27,10.24,10.33,25,361,0.22951,-0.17927,184,617.85
2025-06-30,2025-12-31,552.0,call,84.05,86.61,85.33,81.48,0,9,0.20024,0.8455,184,617.85
2025-06-30,2025-12-31,552.0,put,10.34,10.4,10.37,0.0,0,67,0.22951,-0.18219,184,617.85
2025-06-30,2025-12-31,553.0,call,83.19,85.58,84.38,67.9,0,9,0.20024,0.84245,184,617.85
2025-06-30,2025-12-31,553.0,put,10.47,10.54,10.5,0.0,0,137,0.22951,-0.18515,184,617.85
2025-06-30,2025-12-31,554.0,call,82.34,84.72,83.53,50.12,0,8,0.20024,0.83937,184,617.85
2025-06-30,2025-12-31,554.0,put,10.61,10.67,10.64,0.0,0,115,0.21975,-0.17956,184,617.85
2025-06-30,2025-12-31,555.0,call,80.92,83.71,82.31,82.55,4,318,0.19048,0.84666,184,617.85
2025-06-30,2025-12-31,555.0,put,10.75,10.81,10.78,10.88,4,4168,0.21975,-0.18261,184,617.85
2025-06-30,2025-12-31,556.0,call,80.63,83.21,81.92,69.04,0,44,0.20024,0.83311,184,617.85
2025-06-30,2025-12-31,556.0,put,10.88,10.95,10.91,0.0,0,173,0.21975,-0.18568,184,617.85
2025-06-30,2025-12-31,557.0,call,79.78,82.14,80.96,67.5,0,48,0.20024,0.82993,184,617.85
2025-06-30,2025-12-31,557.0,put,11.02,11.08,11.05,0.0,0,309,0.21975,-0.18877,184,617.85
2025-06-30,2025-12-31,558.0,call,78.93,81.35,80.14,78.68,1,86,0.20024,0.82672,184,617.85
2025-06-30,2025-12-31,558.0,put,11.16,11.23,11.2,0.0,0,118,0.21975,-0.1919,184,617.85
2025-06-30,2025-12-31,559.0,call,78.08,80.44,79.26,78.75,2,27,0.19048,0.83376,184,617.85
2025-06-30,2025-12-31,559.0,put,11.3,11.37,11.34,0.0,0,120,0.21975,-0.19505,184,617.85
2025-06-30,2025-12-31,560.0,call,77.24,79.76,78.5,75.46,0,371,0.19048,0.83044,184,617.85
2025-06-30,2025-12-31,560.0,put,11.45,11.51,11.48,11.4,95,1137,0.21975,-0.19822,184,617.85
2025-06-30,2025-12-31,561.0,call,76.39,78.73,77.56,68.6,0,42,0.19048,0.82709,184,617.85
2025-06-30,2025-12-31,561.0,put,11.59,11.66,11.62,0.0,0,233,0.21975,-0.20142,184,617.85
2025-06-30,2025-12-31,562.0,call,75.54,78.15,76.84,72.69,0,43,0.19048,0.8237,184,617.85
2025-06-30,2025-12-31,562.0,put,11.74,11.81,11.78,0.0,0,888,0.21975,-0.20464,184,617.85
2025-06-30,2025-12-31,563.0,call,74.7,77.25,75.97,66.9,0,63,0.19048,0.82027,184,617.85
2025-06-30,2025-12-31,563.0,put,11.89,11.96,11.93,0.0,0,546,0.21975,-0.20789,184,617.85
2025-06-30,2025-12-31,564.0,call,73.31,76.2,74.75,56.27,0,360,0.19048,0.81681,184,617.85
2025-06-30,2025-12-31,564.0,put,12.04,12.11,12.07,0.0,0,1457,0.21975,-0.21117,184,617.85
2025-06-30,2025-12-31,565.0,call,73.02,75.21,74.11,72.96,3,433,0.19048,0.81332,184,617.85
2025-06-30,2025-12-31,565.0,put,12.19,12.26,12.22,11.87,13,1087,0.21975,-0.21446,184,617.85
2025-06-30,2025-12-31,566.0,call,72.19,74.51,73.35,58.76,0,163,0.19048,0.80979,184,617.85
2025-06-30,2025-12-31,566.0,put,12.35,12.42,12.38,0.0,0,333,0.21975,-0.21779,184,617.85
2025-06-30,2025-12-31,567.0,call,71.35,73.68,72.52,58.35,0,73,0.19048,0.80622,184,617.85
2025-06-30,2025-12-31,567.0,put,12.5,12.57,12.54,12.78,1,523,0.21,-0.21273,184,617.85
2025-06-30,2025-12-31,568.0,call,69.97,72.84,71.41,55.0,0,301,0.19048,0.80263,184,617.85
2025-06-30,2025-12-31,568.0,put,12.66,12.73,12.7,0.0,0,1592,0.21,-0.21618,184,617.85
2025-06-30,2025-12-31,569.0,call,69.69,72.26,70.97,51.06,0,208,0.19048,0.79899,184,617.85
2025-06-30,2025-12-31,569.0,put,12.82,12.89,12.86,0.0,0,1194,0.21,-0.21965,184,617.85
2025-06-30,2025-12-31,570.0,call,68.81,70.72,69.77,69.5,6,2353,0.18073,0.80579,184,617.85
2025-06-30,2025-12-31,570.0,put,12.99,13.06,13.03,12.63,454,1963,0.21,-0.22315,184,617.85
2025-06-30,2025-12-31,571.0,call,68.03,70.34,69.19,61.25,0,129,0.19048,0.79163,184,617.85
2025-06-30,2025-12-31,571.0,put,13.15,13.22,13.19,0.0,0,630,0.21,-0.22668,184,617.85
2025-06-30,2025-12-31,572.0,call,67.21,69.8,68.5,55.36,0,162,0.19048,0.7879,184,617.85
2025-06-30,2025-12-31,572.0,put,13.32,13.39,13.36,0.0,0,87,0.21,-0.23023,184,617.85
2025-06-30,2025-12-31,573.0,call,66.28,68.29,67.28,43.43,0,378,0.18073,0.79434,184,617.85
2025-06-30,2025-12-31,573.0,put,13.49,13.56,13.53,0.0,0,188,0.21,-0.2338,184,617.85
2025-06-30,2025-12-31,574.0,call,65.56,68.16,66.86,64.65,0,60,0.18073,0.79045,184,617.85
2025-06-30,2025-12-31,574.0,put,13.66,13.73,13.7,0.0,0,360,0.21,-0.2374,184,617.85
2025-06-30,2025-12-31,575.0,call,64.64,66.66,65.65,65.47,3,460,0.18073,0.78652,184,617.85
2025-06-30,2025-12-31,575.0,put,13.84,13.91,13.88,13.72,159,1833,0.21,-0.24102,184,617.85
2025-06-30,2025-12-31,576.0,call,63.92,66.22,65.07,61.22,0,88,0.18073,0.78256,184,617.85
2025-06-30,2025-12-31,576.0,put,14.01,14.09,14.05,14.2,2,301,0.21,-0.24467,184,617.85
2025-06-30,2025-12-31,577.0,call,63.11,65.39,64.25,58.06,0,252,0.18073,0.77856,184,617.85
2025-06-30,2025-12-31,577.0,put,14.19,14.27,14.23,0.0,0,267,0.21,-0.24834,184,617.85
2025-06-30,2025-12-31,578.0,call,62.24,64.23,63.23,62.0,2,661,0.18073,0.77453,184,617.85
2025-06-30,2025-12-31,578.0,put,14.37,14.45,14.41,0.0,0,431,0.21,-0.25203,184,617.85
2025-06-30,2025-12-31,579.0,call,61.43,63.42,62.42,54.81,0,299,0.18073,0.77047,184,617.85
2025-06-30,2025-12-31,579.0,put,14.56,14.63,14.6,0.0,0,361,0.20024,-0.2478,184,617.85
2025-06-30,2025-12-31,580.0,call,60.63,62.82,61.73,60.97,7,254,0.18073,0.76637,184,617.85
2025-06-30,2025-12-31,580.0,put,14.75,14.82,14.79,14.39,54,1755,0.20024,-0.25166,184,617.85
2025-06-30,2025-12-31,581.0,call,59.82,61.81,60.81,50.25,0,450,0.18073,0.76223,184,617.85
2025-06-30,2025-12-31,581.0,put,14.93,15.01,14.97,14.84,2,338,0.20024,-0.25554,184,617.85
2025-06-30,2025-12-31,582.0,call,59.07,61.33,60.2,56.4,0,186,0.18073,0.75807,184,617.85
2025-06-30,2025-12-31,582.0,put,15.12,15.2,15.16,15.37,11,96,0.20024,-0.25944,184,617.85
2025-06-30,2025-12-31,583.0,call,58.21,60.22,59.22,55.0,0,757,0.18073,0.75387,184,617.85
2025-06-30,2025-12-31,583.0,put,15.32,15.39,15.36,15.58,14,272,0.20024,-0.26337,184,617.85
2025-06-30,2025-12-31,584.0,call,57.47,59.74,58.61,45.64,0,255,0.18073,0.74964,184,617.85
2025-06-30,2025-12-31,584.0,put,15.51,15.59,15.55,15.75,3,340,0.20024,-0.26732,184,617.85
2025-06-30,2025-12-31,585.0,call,56.63,59.33,57.98,57.79,3,276,0.18073,0.74539,184,617.85
2025-06-30,2025-12-31,585.0,put,15.71,15.79,15.75,15.99,16,762,0.20024,-0.2713,184,617.85
2025-06-30,2025-12-31,586.0,call,55.88,58.19,57.03,52.5,0,256,0.17097,0.75064,184,617.85
2025-06-30,2025-12-31,586.0,put,15.91,15.99,15.95,0.0,0,469,0.20024,-0.27529,184,617.85
2025-06-30,2025-12-31,587.0,call,55.09,57.75,56.42,48.21,0,153,0.18073,0.73678,184,617.85
2025-06-30,2025-12-31,587.0,put,16.12,16.2,16.16,16.37,12,441,0.20024,-0.27931,184,617.85
2025-06-30,2025-12-31,588.0,call,54.3,57.04,55.67,47.92,0,157,0.17097,0.74165,184,617.85
2025-06-30,2025-12-31,588.0,put,16.32,16.41,16.37,16.59,4,180,0.20024,-0.28335,184,617.85
2025-06-30,2025-12-31,589.0,call,53.51,55.77,54.64,53.03,0,100,0.17097,0.7371,184,617.85
2025-06-30,2025-12-31,589.0,put,16.53,16.62,16.58,0.0,0,388,0.20024,-0.28741,184,617.85
2025-06-30,2025-12-31,590.0,call,52.69,54.71,53.7,55.17,8,741,0.17097,0.73252,184,617.85
2025-06-30,2025-12-31,590.0,put,16.75,16.83,16.79,17.0,55,1412,0.20024,-0.29149,184,617.85
2025-06-30,2025-12-31,591.0,call,51.94,54.2,53.07,52.33,0,158,0.17097,0.72791,184,617.85
2025-06-30,2025-12-31,591.0,put,16.96,17.04,17.0,17.1,5,402,0.20024,-0.29559,184,617.85
2025-06-30,2025-12-31,592.0,call,51.16,53.42,52.29,52.95,2,242,0.17097,0.72327,184,617.85
2025-06-30,2025-12-31,592.0,put,17.18,17.26,17.22,0.0,0,620,0.19048,-0.29287,184,617.85
2025-06-30,2025-12-31,593.0,call,50.38,52.63,51.51,51.0,2,41,0.17097,0.7186,184,617.85
2025-06-30,2025-12-31,593.0,put,17.4,17.48,17.44,0.0,0,1558,0.19048,-0.29717,184,617.85
2025-06-30,2025-12-31,594.0,call,49.6,51.61,50.61,49.73,0,350,0.17097,0.7139,184,617.85
2025-06-30,2025-12-31,594.0,put,17.63,17.71,17.67,18.07,2,313,0.19048,-0.3015,184,617.85
2025-06-30,2025-12-31,595.0,call,48.83,50.84,49.84,50.0,1,571,0.17097,0.70917,184,617.85
2025-06-30,2025-12-31,595.0,put,17.85,17.94,17.9,18.26,25,467,0.19048,-0.30585,184,617.85
2025-06-30,2025-12-31,596.0,call,48.06,50.32,49.19,41.38,0,297,0.17097,0.70441,184,617.85
2025-06-30,2025-12-31,596.0,put,18.08,18.17,18.12,18.2,2,336,0.19048,-0.31022,184,617.85
2025-06-30,2025-12-31,597.0,call,47.3,49.86,48.58,46.5,0,81,0.17097,0.69962,184,617.85
2025-06-30,2025-12-31,597.0,put,18.32,18.4,18.36,0.0,0,1342,0.19048,-0.3146,184,617.85
2025-06-30,2025-12-31,598.0,call,46.54,48.8,47.67,42.78,0,70,0.17097,0.69481,184,617.85
2025-06-30,2025-12-31,598.0,put,18.55,18.64,18.59,0.0,0,1043,0.19048,-0.31901,184,617.85
2025-06-30,2025-12-31,599.0,call,45.8,47.81,46.8,45.99,0,552,0.16122,0.69799,184,617.85
2025-06-30,2025-12-31,599.0,put,18.8,18.88,18.84,19.04,3,716,0.19048,-0.32343,184,617.85
2025-06-30,2025-12-31,600.0,call,45.1,47.04,46.07,46.0,74,11681,0.16122,0.69288,184,617.85
2025-06-30,2025-12-31,600.0,put,19.04,19.13,19.09,18.59,91,3457,0.19048,-0.32788,184,617.85
2025-06-30,2025-12-31,601.0,call,44.27,46.54,45.41,42.77,0,527,0.16122,0.68775,184,617.85
2025-06-30,2025-12-31,601.0,put,19.29,19.37,19.33,0.0,0,399,0.19048,-0.33234,184,617.85
2025-06-30,2025-12-31,602.0,call,43.81,45.79,44.8,44.24,18,75,0.16122,0.6826,184,617.85
2025-06-30,2025-12-31,602.0,put,19.54,19.63,19.59,19.86,3,51,0.19048,-0.33681,184,617.85
2025-06-30,2025-12-31,603.0,call,42.77,45.05,43.91,39.68,0,60,0.16122,0.67741,184,617.85
2025-06-30,2025-12-31,603.0,put,19.79,19.88,19.84,0.0,0,402,0.19048,-0.34131,184,617.85
2025-06-30,2025-12-31,604.0,call,42.03,44.82,43.42,42.1,0,231,0.16122,0.6722,184,617.85
2025-06-30,2025-12-31,604.0,put,20.05,20.14,20.09,20.31,3,699,0.18073,-0.34055,184,617.85
2025-06-30,2025-12-31,605.0,call,41.36,43.36,42.36,43.04,4,608,0.16122,0.66696,184,617.85
2025-06-30,2025-12-31,605.0,put,20.32,20.41,20.37,20.01,16,2395,0.18073,-0.34529,184,617.85
2025-06-30,2025-12-31,606.0,call,40.68,42.61,41.64,40.69,7,235,0.16122,0.6617,184,617.85
2025-06-30,2025-12-31,606.0,put,20.59,20.68,20.63,0.0,0,359,0.18073,-0.35005,184,617.85
2025-06-30,2025-12-31,607.0,call,39.92,41.91,40.91,40.49,6,528,0.16122,0.65642,184,617.85
2025-06-30,2025-12-31,607.0,put,20.86,20.95,20.91,21.2,1,1717,0.18073,-0.35482,184,617.85
2025-06-30,2025-12-31,608.0,call,39.24,41.17,40.2,39.69,1,973,0.16122,0.65111,184,617.85
2025-06-30,2025-12-31,608.0,put,21.14,21.23,21.19,0.0,0,293,0.18073,-0.35961,184,617.85
2025-06-30,2025-12-31,609.0,call,38.48,40.47,39.47,33.69,0,375,0.16122,0.64579,184,617.85
2025-06-30,2025-12-31,609.0,put,21.42,21.52,21.47,21.39,1,310,0.18073,-0.36441,184,617.85
2025-06-30,2025-12-31,610.0,call,37.81,39.74,38.78,39.5,67,760,0.16122,0.64044,184,617.85
2025-06-30,2025-12-31,610.0,put,21.71,21.8,21.76,21.16,115,839,0.18073,-0.36922,184,617.85
2025-06-30,2025-12-31,611.0,call,37.07,39.05,38.06,35.72,0,405,0.15146,0.64073,184,617.85
2025-06-30,2025-12-31,611.0,put,22.0,22.1,22.05,22.44,7,39,0.18073,-0.37405,184,617.85
2025-06-30,2025-12-31,612.0,call,36.53,38.35,37.44,37.84,15,400,0.15146,0.63503,184,617.85
2025-06-30,2025-12-31,612.0,put,22.3,22.39,22.34,22.11,21,20,0.18073,-0.37889,184,617.85
2025-06-30,2025-12-31,613.0,call,35.67,37.65,36.66,36.3,1,483,0.15146,0.62931,184,617.85
2025-06-30,2025-12-31,613.0,put,22.6,22.7,22.65,22.52,5,134,0.18073,-0.38374,184,617.85
2025-06-30,2025-12-31,614.0,call,34.84,37.1,35.97,33.95,0,336,0.15146,0.62357,184,617.85
2025-06-30,2025-12-31,614.0,put,22.91,23.01,22.96,23.29,4,859,0.18073,-0.3886,184,617.85
2025-06-30,2025-12-31,615.0,call,34.32,36.25,35.28,34.47,28,471,0.15146,0.61781,184,617.85
2025-06-30,2025-12-31,615.0,put,23.23,23.32,23.27,22.53,84,509,0.18073,-0.39347,184,617.85
2025-06-30,2025-12-31,616.0,call,33.61,35.58,34.59,35.15,19,211,0.15146,0.61204,184,617.85
2025-06-30,2025-12-31,616.0,put,23.54,23.64,23.59,24.0,66,21,0.18073,-0.39834,184,617.85
2025-06-30,2025-12-31,617.0,call,32.96,34.89,33.92,34.29,172,252,0.15146,0.60625,184,617.85
2025-06-30,2025-12-31,617.0,put,23.87,23.97,23.92,23.4,45,29,0.18073,-0.40323,184,617.85
2025-06-30,2025-12-31,618.0,call,32.3,34.21,33.25,34.64,8,1540,0.15146,0.60044,184,617.85
2025-06-30,2025-12-31,618.0,put,24.2,24.3,24.25,24.1,9,244,0.17097,-0.40574,184,617.85
2025-06-30,2025-12-31,619.0,call,31.41,34.11,32.76,33.0,1,198,0.15146,0.59462,184,617.85
2025-06-30,2025-12-31,619.0,put,24.54,24.64,24.59,0.0,0,3,0.17097,-0.41092,184,617.85
2025-06-30,2025-12-31,620.0,call,30.96,32.88,31.92,32.2,26,919,0.15146,0.58879,184,617.85
2025-06-30,2025-12-31,620.0,put,24.88,24.98,24.93,24.95,155,217,0.17097,-0.41609,184,617.85
2025-06-30,2025-12-31,621.0,call,30.12,32.35,31.23,25.28,0,224,0.15146,0.58296,184,617.85
2025-06-30,2025-12-31,621.0,put,25.23,25.34,25.29,0.0,0,6,0.17097,-0.42128,184,617.85
2025-06-30,2025-12-31,622.0,call,29.48,31.68,30.58,30.05,0,278,0.15146,0.57711,184,617.85
2025-06-30,2025-12-31,622.0,put,25.59,25.7,25.64,0.0,0,3,0.17097,-0.42647,184,617.85
2025-06-30,2025-12-31,623.0,call,28.98,30.94,29.96,29.32,1,507,0.15146,0.57125,184,617.85
2025-06-30,2025-12-31,623.0,put,25.95,26.06,26.0,26.45,3,114,0.17097,-0.43167,184,617.85
2025-06-30,2025-12-31,625.0,call,28.62,28.71,28.66,28.92,43,4157,0.1417,0.56076,184,617.85
2025-06-30,2025-12-31,625.0,put,26.7,26.8,26.75,26.65,1,389,0.17097,-0.44207,184,617.85
2025-06-30,2025-12-31,630.0,call,25.55,25.65,25.6,26.15,62,2914,0.1417,0.52938,184,617.85
2025-06-30,2025-12-31,630.0,put,28.69,28.8,28.75,27.93,208,104,0.17097,-0.46808,184,617.85
2025-06-30,2025-12-31,635.0,call,22.66,22.76,22.71,22.91,23,469,0.1417,0.49806,184,617.85
2025-06-30,2025-12-31,635.0,put,30.07,31.77,30.92,0.0,0,2,0.17097,-0.49403,184,617.85
2025-06-30,2025-12-31,640.0,call,19.96,20.05,20.01,20.45,99,1247,0.13195,0.46171,184,617.85
2025-06-30,2025-12-31,640.0,put,32.43,34.22,33.33,0.0,0,32,0.16122,-0.52384,184,617.85
2025-06-30,2025-12-31,645.0,call,17.45,17.53,17.49,17.96,44,529,0.13195,0.42889,184,617.85
2025-06-30,2025-12-31,645.0,put,35.01,36.92,35.97,36.63,4,39,0.16122,-0.55084,184,617.85
2025-06-30,2025-12-31,650.0,call,15.14,15.22,15.18,15.72,41,2112,0.13195,0.3968,184,617.85
2025-06-30,2025-12-31,650.0,put,37.2,39.83,38.52,39.41,2,186,0.16122,-0.5774,184,617.85
2025-06-30,2025-12-31,655.0,call,13.04,13.12,13.08,12.94,2,466,0.13195,0.36564,184,617.85
2025-06-30,2025-12-31,655.0,put,40.92,42.94,41.93,0.0,0,2,0.16122,-0.60341,184,617.85
2025-06-30,2025-12-31,660.0,call,11.15,11.22,11.19,11.59,277,2465,0.12219,0.32072,184,617.85
2025-06-30,2025-12-31,660.0,put,43.83,46.0,44.91,44.5,22,112,0.16122,-0.62878,184,617.85
2025-06-30,2025-12-31,665.0,call,9.47,9.54,9.5,9.35,6,1316,0.12219,0.29024,184,617.85
2025-06-30,2025-12-31,665.0,put,47.89,50.05,48.97,48.94,1,1,0.16122,-0.65341,184,617.85
2025-06-30,2025-12-31,670.0,call,7.98,8.05,8.02,8.29,92,787,0.12219,0.2614,184,617.85
2025-06-30,2025-12-31,670.0,put,51.83,54.14,52.98,53.76,3,6,0.17097,-0.66532,184,617.85
2025-06-30,2025-12-31,675.0,call,6.69,6.75,6.72,6.34,15,1142,0.12219,0.23431,184,617.85
2025-06-30,2025-12-31,675.0,put,56.14,58.61,57.38,0.0,0,0,0.17097,-0.68732,184,617.85
2025-06-30,2025-12-31,680.0,call,5.57,5.63,5.6,5.88,82,1276,0.12219,0.20903,184,617.85
2025-06-30,2025-12-31,680.0,put,60.93,64.0,62.47,0.0,0,0,0.18073,-0.69591,184,617.85
2025-06-30,2025-12-31,685.0,call,4.61,4.66,4.63,4.68,2,348,0.11244,0.16378,184,617.85
2025-06-30,2025-12-31,685.0,put,65.91,69.0,67.45,0.0,0,0,0.19048,-0.70328,184,617.85
2025-06-30,2025-12-31,690.0,call,3.79,3.84,3.81,3.93,33,640,0.11244,0.14227,184,617.85
2025-06-30,2025-12-31,690.0,put,70.85,73.99,72.42,0.0,0,0,0.20024,-0.70961,184,617.85
2025-06-30,2025-12-31,695.0,call,3.1,3.15,3.12,3.22,52,570,0.11244,0.1229,184,617.85
2025-06-30,2025-12-31,695.0,put,75.91,78.98,77.44,0.0,0,0,0.21,-0.71506,184,617.85
2025-06-30,2025-12-31,700.0,call,2.52,2.57,2.54,2.56,828,27223,0.11244,0.10558,184,617.85
2025-06-30,2025-12-31,700.0,put,80.85,83.98,82.41,0.0,0,0,0.21975,-0.71978,184,617.85
2025-06-30,2025-12-31,705.0,call,2.04,2.08,2.06,2.09,3,379,0.11244,0.09019,184,617.85
2025-06-30,2025-12-31,705.0,put,85.85,88.98,87.41,0.0,0,5,0.22951,-0.72386,184,617.85
2025-06-30,2025-12-31,710.0,call,1.65,1.68,1.67,1.73,150,996,0.11244,0.07663,184,617.85
2025-06-30,2025-12-31,710.0,put,90.91,93.98,92.44,0.0,0,0,0.23926,-0.72738,184,617.85
2025-06-30,2025-12-31,715.0,call,1.33,1.36,1.35,1.37,3,1242,0.11244,0.06476,184,617.85
2025-06-30,2025-12-31,715.0,put,95.91,98.98,97.44,0.0,0,0,0.23926,-0.74093,184,617.85
2025-06-30,2025-12-31,720.0,call,1.07,1.09,1.08,1.13,19,935,0.11244,0.05444,184,617.85
2025-06-30,2025-12-31,720.0,put,100.85,103.98,102.41,0.0,0,0,0.24902,-0.74329,184,617.85
2025-06-30,2025-12-31,725.0,call,0.85,0.87,0.86,0.89,8,3721,0.11244,0.04552,184,617.85
2025-06-30,2025-12-31,725.0,put,105.91,108.98,107.44,0.0,0,0,0.25877,-0.7453,184,617.85
2025-06-30,2025-12-31,730.0,call,0.68,0.7,0.69,0.6,0,1326,0.11244,0.03786,184,617.85
2025-06-30,2025-12-31,730.0,put,110.85,113.98,112.41,0.0,0,0,0.26853,-0.74699,184,617.85
2025-06-30,2025-12-31,735.0,call,0.54,0.56,0.55,0.54,50,286,0.11244,0.03133,184,617.85
2025-06-30,2025-12-31,735.0,put,115.85,118.97,117.41,0.0,0,0,0.27829,-0.7484,184,617.85
2025-06-30,2025-12-31,740.0,call,0.43,0.45,0.44,0.46,303,3896,0.11244,0.0258,184,617.85
2025-06-30,2025-12-31,740.0,put,120.91,123.97,122.44,0.0,0,0,0.27829,-0.75922,184,617.85
2025-06-30,2025-12-31,745.0,call,0.35,0.37,0.36,0.36,4,2019,0.11244,0.02114,184,617.85
2025-06-30,2025-12-31,745.0,put,125.85,128.97,127.41,0.0,0,0,0.28804,-0.75993,184,617.85
2025-06-30,2025-12-31,750.0,call,0.28,0.3,0.29,0.29,88,811,0.11244,0.01723,184,617.85
2025-06-30,2025-12-31,750.0,put,130.91,133.97,132.44,0.0,0,0,0.2978,-0.76045,184,617.85
2025-06-30,2025-12-31,755.0,call,0.23,0.25,0.24,0.19,0,256,0.11244,0.01398,184,617.85
2025-06-30,2025-12-31,755.0,put,135.91,138.97,137.44,0.0,0,0,0.30755,-0.76081,184,617.85
2025-06-30,2025-12-31,760.0,call,0.18,0.2,0.19,0.22,26,1241,0.11244,0.01129,184,617.85
2025-06-30,2025-12-31,760.0,put,140.91,143.97,142.44,0.0,0,0,0.30755,-0.77009,184,617.85
2025-06-30,2025-12-31,765.0,call,0.15,0.17,0.16,0.16,0,437,0.11244,0.00907,184,617.85
2025-06-30,2025-12-31,765.0,put,145.91,148.97,147.44,0.0,0,0,0.31731,-0.76996,184,617.85
2025-06-30,2025-12-31,770.0,call,0.12,0.14,0.13,0.13,4,349,0.11244,0.00726,184,617.85
2025-06-30,2025-12-31,770.0,put,150.85,153.97,152.41,0.0,0,0,0.32707,-0.76971,184,617.85
2025-06-30,2025-12-31,775.0,call,0.1,0.11,0.11,0.1,0,524,0.11244,0.00578,184,617.85
2025-06-30,2025-12-31,775.0,put,155.91,158.97,157.44,0.0,0,0,0.32707,-0.77809,184,617.85
2025-06-30,2025-12-31,780.0,call,0.08,0.1,0.09,0.1,178,1298,0.11244,0.00458,184,617.85
2025-06-30,2025-12-31,780.0,put,160.85,163.97,162.41,0.0,0,0,0.33682,-0.77746,184,617.85
2025-06-30,2026-01-16,210.0,call,409.38,412.16,410.77,410.87,10,88,0.01488,1.0,200,617.85
2025-06-30,2026-01-16,210.0,put,0.36,0.38,0.37,0.37,105,5553,0.60999,-0.00381,200,617.85
2025-06-30,2026-01-16,215.0,call,404.5,407.42,405.96,378.12,0,13,0.01488,1.0,200,617.85
2025-06-30,2026-01-16,215.0,put,0.39,0.4,0.4,0.0,0,2746,0.60023,-0.00401,200,617.85
2025-06-30,2026-01-16,220.0,call,399.62,402.5,401.06,362.52,0,18,0.01488,1.0,200,617.85
2025-06-30,2026-01-16,220.0,put,0.41,0.43,0.42,0.43,1,1220,0.59047,-0.0042,200,617.85
2025-06-30,2026-01-16,225.0,call,394.74,397.67,396.21,320.35,0,19,0.01488,1.0,200,617.85
2025-06-30,2026-01-16,225.0,put,0.44,0.45,0.45,0.46,1,4832,0.59047,-0.00488,200,617.85
2025-06-30,2026-01-16,230.0,call,389.87,392.79,391.33,319.5,0,32,0.01488,1.0,200,617.85
2025-06-30,2026-01-16,230.0,put,0.47,0.48,0.47,0.48,1,674,0.58072,-0.0051,200,617.85
2025-06-30,2026-01-16,235.0,call,384.99,387.91,386.45,306.22,0,9,0.01488,1.0,200,617.85
2025-06-30,2026-01-16,235.0,put,0.49,0.5,0.49,0.0,0,1109,0.57096,-0.00532,200,617.85
2025-06-30,2026-01-16,240.0,call,380.11,383.0,381.56,354.78,0,9,0.01488,1.0,200,617.85
2025-06-30,2026-01-16,240.0,put,0.51,0.53,0.52,0.0,0,1671,0.56121,-0.00553,200,617.85
2025-06-30,2026-01-16,245.0,call,375.24,378.0,376.62,354.04,0,3,0.01488,1.0,200,617.85
2025-06-30,2026-01-16,245.0,put,0.54,0.56,0.55,0.0,0,689,0.55145,-0.00573,200,617.85
2025-06-30,2026-01-16,250.0,call,370.36,373.29,371.83,366.8,0,100,0.01488,1.0,200,617.85
2025-06-30,2026-01-16,250.0,put,0.57,0.58,0.57,0.59,2,2173,0.54169,-0.00593,200,617.85
2025-06-30,2026-01-16,255.0,call,365.49,368.42,366.96,325.96,0,29,0.01488,1.0,200,617.85
2025-06-30,2026-01-16,255.0,put,0.6,0.61,0.6,0.0,0,787,0.54169,-0.00682,200,617.85
2025-06-30,2026-01-16,260.0,call,360.62,363.5,362.06,291.0,0,2,0.01488,1.0,200,617.85
2025-06-30,2026-01-16,260.0,put,0.63,0.64,0.64,0.0,0,432,0.53194,-0.00704,200,617.85
2025-06-30,2026-01-16,265.0,call,355.75,358.67,357.21,251.24,0,2,0.01488,1.0,200,617.85
2025-06-30,2026-01-16,265.0,put,0.66,0.67,0.67,0.0,0,460,0.52218,-0.00725,200,617.85
2025-06-30,2026-01-16,270.0,call,350.87,353.81,352.34,338.74,0,7,0.01488,1.0,200,617.85
2025-06-30,2026-01-16,270.0,put,0.69,0.7,0.69,0.7,1,611,0.51243,-0.00745,200,617.85
2025-06-30,2026-01-16,275.0,call,346.01,348.94,347.48,340.8,0,8,0.01488,1.0,200,617.85
2025-06-30,2026-01-16,275.0,put,0.72,0.74,0.73,0.72,125,963,0.51243,-0.00851,200,617.85
2025-06-30,2026-01-16,280.0,call,341.14,344.07,342.61,324.53,0,15,0.01488,1.0,200,617.85
2025-06-30,2026-01-16,280.0,put,0.76,0.77,0.77,0.77,862,899,0.50267,-0.00873,200,617.85
2025-06-30,2026-01-16,285.0,call,336.27,339.15,337.71,326.48,0,2,0.01488,1.0,200,617.85
2025-06-30,2026-01-16,285.0,put,0.79,0.81,0.8,0.79,175,540,0.49292,-0.00894,200,617.85
2025-06-30,2026-01-16,290.0,call,331.41,334.29,332.85,306.18,0,109,0.01488,1.0,200,617.85
2025-06-30,2026-01-16,290.0,put,0.83,0.85,0.84,0.0,0,630,0.49292,-0.01016,200,617.85
2025-06-30,2026-01-16,295.0,call,326.54,329.42,327.98,325.04,0,20,0.01488,1.0,200,617.85
2025-06-30,2026-01-16,295.0,put,0.87,0.88,0.88,0.0,0,645,0.48316,-0.01038,200,617.85
2025-06-30,2026-01-16,300.0,call,321.68,324.56,323.12,318.0,0,188,0.01488,1.0,200,617.85
2025-06-30,2026-01-16,300.0,put,0.91,0.92,0.92,0.92,11,5456,0.4734,-0.0106,200,617.85
2025-06-30,2026-01-16,305.0,call,316.73,319.7,318.22,317.3,4,6,0.01488,1.0,200,617.85
2025-06-30,2026-01-16,305.0,put,0.95,0.97,0.96,0.0,0,476,0.4734,-0.01199,200,617.85
2025-06-30,2026-01-16,310.0,call,311.96,314.84,313.4,312.05,1,8,0.01488,1.0,200,617.85
2025-06-30,2026-01-16,310.0,put,0.99,1.01,1.0,0.98,2,1056,0.46365,-0.01222,200,617.85
2025-06-30,2026-01-16,315.0,call,307.1,309.99,308.55,292.64,0,10,0.01488,1.0,200,617.85
2025-06-30,2026-01-16,315.0,put,1.04,1.05,1.04,0.0,0,2972,0.45389,-0.01243,200,617.85
2025-06-30,2026-01-16,320.0,call,302.24,305.12,303.68,285.22,0,52,0.01488,1.0,200,617.85
2025-06-30,2026-01-16,320.0,put,1.08,1.1,1.09,1.08,23,1198,0.45389,-0.01402,200,617.85
2025-06-30,2026-01-16,325.0,call,297.39,300.27,298.83,276.58,0,49,0.01488,1.0,200,617.85
2025-06-30,2026-01-16,325.0,put,1.13,1.15,1.14,1.12,126,5112,0.44414,-0.01424,200,617.85
2025-06-30,2026-01-16,330.0,call,292.54,295.41,293.98,273.91,0,50,0.01488,1.0,200,617.85
2025-06-30,2026-01-16,330.0,put,1.18,1.2,1.19,0.0,0,2674,0.43438,-0.01444,200,617.85
2025-06-30,2026-01-16,335.0,call,287.69,290.56,289.12,165.66,0,52,0.01488,1.0,200,617.85
2025-06-30,2026-01-16,335.0,put,1.23,1.25,1.24,0.0,0,815,0.43438,-0.01625,200,617.85
2025-06-30,2026-01-16,340.0,call,282.84,285.66,284.25,278.97,0,15,0.01488,1.0,200,617.85
2025-06-30,2026-01-16,340.0,put,1.29,1.31,1.3,1.27,1,904,0.42462,-0.01647,200,617.85
2025-06-30,2026-01-16,345.0,call,277.99,280.87,279.43,241.0,0,6,0.01488,1.0,200,617.85
2025-06-30,2026-01-16,345.0,put,1.34,1.36,1.35,0.0,0,748,0.41487,-0.01666,200,617.85
2025-06-30,2026-01-16,350.0,call,273.06,275.97,274.51,275.44,11,288,0.01488,1.0,200,617.85
2025-06-30,2026-01-16,350.0,put,1.4,1.42,1.41,1.39,5,4291,0.41487,-0.0187,200,617.85
2025-06-30,2026-01-16,355.0,call,268.3,271.13,269.72,248.57,0,112,0.01488,1.0,200,617.85
2025-06-30,2026-01-16,355.0,put,1.46,1.49,1.48,1.48,2,340,0.40511,-0.01891,200,617.85
2025-06-30,2026-01-16,360.0,call,263.46,266.29,264.88,258.35,0,125,0.01488,1.0,200,617.85
2025-06-30,2026-01-16,360.0,put,1.53,1.55,1.54,1.53,1,1639,0.40511,-0.02116,200,617.85
2025-06-30,2026-01-16,365.0,call,258.63,261.51,260.07,260.63,1,26,0.01488,1.0,200,617.85
2025-06-30,2026-01-16,365.0,put,1.59,1.61,1.6,0.0,0,928,0.39536,-0.02139,200,617.85
2025-06-30,2026-01-16,370.0,call,253.71,256.62,255.17,255.77,2,75,0.01488,1.0,200,617.85
2025-06-30,2026-01-16,370.0,put,1.66,1.68,1.67,0.0,0,715,0.3856,-0.02158,200,617.85
2025-06-30,2026-01-16,375.0,call,248.96,251.85,250.41,228.65,0,172,0.01488,1.0,200,617.85
2025-06-30,2026-01-16,375.0,put,1.73,1.75,1.74,0.0,0,803,0.3856,-0.02412,200,617.85
2025-06-30,2026-01-16,380.0,call,244.13,246.97,245.55,228.23,0,58,0.01488,1.0,200,617.85
2025-06-30,2026-01-16,380.0,put,1.81,1.83,1.82,1.81,4,850,0.37584,-0.02433,200,617.85
2025-06-30,2026-01-16,385.0,call,239.31,242.14,240.72,220.19,0,178,0.01488,1.0,200,617.85
2025-06-30,2026-01-16,385.0,put,1.89,1.91,1.9,1.88,3,1519,0.37584,-0.02714,200,617.85
2025-06-30,2026-01-16,390.0,call,234.49,237.32,235.91,218.32,0,224,0.01488,1.0,200,617.85
2025-06-30,2026-01-16,390.0,put,1.97,1.99,1.98,0.0,0,2416,0.36609,-0.02737,200,617.85
2025-06-30,2026-01-16,395.0,call,229.67,232.51,231.09,229.02,0,116,0.01488,1.0,200,617.85
2025-06-30,2026-01-16,395.0,put,2.06,2.08,2.07,2.06,6,1598,0.36609,-0.03047,200,617.85
2025-06-30,2026-01-16,400.0,call,224.76,227.7,226.23,225.3,2,809,0.01488,1.0,200,617.85
2025-06-30,2026-01-16,400.0,put,2.15,2.17,2.16,2.11,36,7685,0.35633,-0.03073,200,617.85
2025-06-30,2026-01-16,405.0,call,220.06,222.96,221.51,205.69,0,284,0.01488,1.0,200,617.85
2025-06-30,2026-01-16,405.0,put,2.24,2.27,2.25,2.25,3,738,0.34658,-0.03095,200,617.85
2025-06-30,2026-01-16,410.0,call,215.14,218.16,216.65,199.8,0,503,0.01488,1.0,200,617.85
2025-06-30,2026-01-16,410.0,put,2.35,2.37,2.36,2.35,1,5193,0.34658,-0.03444,200,617.85
2025-06-30,2026-01-16,415.0,call,210.46,213.37,211.92,192.23,0,86,0.01488,1.0,200,617.85
2025-06-30,2026-01-16,415.0,put,2.46,2.48,2.47,2.43,8,1374,0.33682,-0.03469,200,617.85
2025-06-30,2026-01-16,420.0,call,205.67,208.53,207.1,202.0,0,126,0.01488,1.0,200,617.85
2025-06-30,2026-01-16,420.0,put,2.57,2.59,2.58,2.59,2,18497,0.33682,-0.03853,200,617.85
2025-06-30,2026-01-16,425.0,call,200.89,203.75,202.32,200.0,0,167,0.01488,1.0,200,617.85
2025-06-30,2026-01-16,425.0,put,2.7,2.72,2.71,2.66,2,2580,0.32707,-0.03883,200,617.85
2025-06-30,2026-01-16,430.0,call,196.12,199.04,197.58,187.63,0,132,0.01488,1.0,200,617.85
2025-06-30,2026-01-16,430.0,put,2.83,2.85,2.84,2.82,15,2982,0.32707,-0.04307,200,617.85
2025-06-30,2026-01-16,435.0,call,191.35,194.28,192.81,176.54,0,66,0.01488,1.0,200,617.85
2025-06-30,2026-01-16,435.0,put,2.97,2.99,2.98,0.0,0,1792,0.31731,-0.04341,200,617.85
2025-06-30,2026-01-16,440.0,call,186.49,189.53,188.01,167.14,0,834,0.01488,1.0,200,617.85
2025-06-30,2026-01-16,440.0,put,3.12,3.14,3.13,3.18,611,14856,0.31731,-0.04808,200,617.85
2025-06-30,2026-01-16,445.0,call,181.85,184.79,183.32,182.23,1,138,0.16122,0.99869,200,617.85
2025-06-30,2026-01-16,445.0,put,3.28,3.3,3.29,3.2,5,3377,0.30755,-0.0485,200,617.85
2025-06-30,2026-01-16,450.0,call,177.01,180.0,178.5,178.28,12,636,0.18073,0.99552,200,617.85
2025-06-30,2026-01-16,450.0,put,3.45,3.47,3.46,3.43,483,13023,0.30755,-0.05365,200,617.85
2025-06-30,2026-01-16,455.0,call,172.4,175.29,173.84,154.32,0,253,0.20024,0.98923,200,617.85
2025-06-30,2026-01-16,455.0,put,3.62,3.65,3.63,3.7,2,3394,0.2978,-0.05416,200,617.85
2025-06-30,2026-01-16,460.0,call,167.58,170.59,169.09,151.41,0,393,0.20024,0.98694,200,617.85
2025-06-30,2026-01-16,460.0,put,3.82,3.85,3.83,3.79,20,5760,0.2978,-0.05983,200,617.85
2025-06-30,2026-01-16,465.0,call,162.87,165.9,164.38,162.06,0,392,0.20024,0.98429,200,617.85
2025-06-30,2026-01-16,465.0,put,4.03,4.07,4.05,4.0,4,2283,0.2978,-0.06589,200,617.85
2025-06-30,2026-01-16,470.0,call,158.19,161.22,159.7,149.67,0,516,0.21,0.9767,200,617.85
2025-06-30,2026-01-16,470.0,put,4.26,4.29,4.28,4.26,16,3313,0.28804,-0.06672,200,617.85
2025-06-30,2026-01-16,475.0,call,153.64,156.56,155.1,150.39,0,707,0.21,0.97269,200,617.85
2025-06-30,2026-01-16,475.0,put,4.5,4.54,4.52,4.47,101,12797,0.28804,-0.07338,200,617.85
2025-06-30,2026-01-16,480.0,call,148.99,152.0,150.5,148.55,0,1208,0.21,0.96816,200,617.85
2025-06-30,2026-01-16,480.0,put,4.76,4.8,4.78,4.73,74,6892,0.27829,-0.07441,200,617.85
2025-06-30,2026-01-16,485.0,call,144.36,147.39,145.88,143.73,0,3217,0.21,0.9631,200,617.85
2025-06-30,2026-01-16,485.0,put,5.03,5.07,5.05,5.01,36,6664,0.27829,-0.08175,200,617.85
2025-06-30,2026-01-16,490.0,call,139.75,142.8,141.28,136.82,0,1045,0.21,0.95745,200,617.85
2025-06-30,2026-01-16,490.0,put,5.33,5.37,5.35,5.37,683,10734,0.26853,-0.08301,200,617.85
2025-06-30,2026-01-16,495.0,call,135.15,138.16,136.66,132.73,0,1087,0.21,0.95119,200,617.85
2025-06-30,2026-01-16,495.0,put,5.65,5.69,5.67,5.55,40,6012,0.26853,-0.0911,200,617.85
2025-06-30,2026-01-16,500.0,call,130.58,133.67,132.12,131.99,254,4318,0.21,0.94429,200,617.85
2025-06-30,2026-01-16,500.0,put,5.98,6.03,6.01,6.0,347,18286,0.26853,-0.09967,200,617.85
2025-06-30,2026-01-16,505.0,call,126.04,129.14,127.59,118.16,0,1668,0.21,0.93672,200,617.85
2025-06-30,2026-01-16,505.0,put,6.35,6.39,6.37,6.24,17,4876,0.25877,-0.10159,200,617.85
2025-06-30,2026-01-16,510.0,call,121.52,123.18,122.35,122.55,2,1358,0.20024,0.93679,200,617.85
2025-06-30,2026-01-16,510.0,put,6.73,6.78,6.76,6.71,32,4548,0.25877,-0.11102,200,617.85
2025-06-30,2026-01-16,515.0,call,117.02,120.1,118.56,108.0,0,1498,0.21,0.9195,200,617.85
2025-06-30,2026-01-16,515.0,put,7.14,7.19,7.17,7.1,16,5626,0.24902,-0.1134,200,617.85
2025-06-30,2026-01-16,520.0,call,112.55,115.37,113.96,112.79,10,2895,0.20024,0.91885,200,617.85
2025-06-30,2026-01-16,520.0,put,7.58,7.63,7.61,7.57,235,19072,0.24902,-0.12379,200,617.85
2025-06-30,2026-01-16,525.0,call,108.11,110.91,109.51,109.25,1,3075,0.20024,0.90871,200,617.85
2025-06-30,2026-01-16,525.0,put,8.05,8.1,8.07,7.89,291,24291,0.24902,-0.13473,200,617.85
2025-06-30,2026-01-16,530.0,call,103.7,106.82,105.26,104.71,2,5174,0.20024,0.89776,200,617.85
2025-06-30,2026-01-16,530.0,put,8.55,8.6,8.57,8.65,215,10244,0.23926,-0.13819,200,617.85
2025-06-30,2026-01-16,535.0,call,99.37,102.0,100.69,100.89,3,4201,0.20024,0.886,200,617.85
2025-06-30,2026-01-16,535.0,put,9.08,9.14,9.11,9.28,5,11890,0.23926,-0.15023,200,617.85
2025-06-30,2026-01-16,540.0,call,95.08,97.71,96.39,97.78,7,5948,0.20024,0.87344,200,617.85
2025-06-30,2026-01-16,540.0,put,9.65,9.71,9.68,9.39,27,19080,0.22951,-0.1545,200,617.85
2025-06-30,2026-01-16,545.0,call,90.83,93.37,92.1,88.78,0,4543,0.19048,0.87045,200,617.85
2025-06-30,2026-01-16,545.0,put,10.26,10.31,10.29,10.05,38,13230,0.22951,-0.16775,200,617.85
2025-06-30,2026-01-16,550.0,call,86.62,89.07,87.84,88.38,306,15540,0.19048,0.85628,200,617.85
2025-06-30,2026-01-16,550.0,put,10.91,10.96,10.94,10.85,119,21800,0.22951,-0.18159,200,617.85
2025-06-30,2026-01-16,555.0,call,82.2,85.42,83.81,83.59,877,3546,0.19048,0.84125,200,617.85
2025-06-30,2026-01-16,555.0,put,11.59,11.65,11.62,11.35,899,24464,0.21975,-0.18762,200,617.85
2025-06-30,2026-01-16,560.0,call,78.01,81.17,79.59,80.64,9,3421,0.19048,0.82536,200,617.85
2025-06-30,2026-01-16,560.0,put,12.31,12.38,12.35,11.97,145,12917,0.21975,-0.20283,200,617.85
2025-06-30,2026-01-16,565.0,call,73.86,77.04,75.45,75.21,27,4437,0.19048,0.80865,200,617.85
2025-06-30,2026-01-16,565.0,put,13.09,13.15,13.12,12.8,39,15756,0.21975,-0.21861,200,617.85
2025-06-30,2026-01-16,570.0,call,70.24,72.22,71.23,71.6,9,11762,0.18073,0.80144,200,617.85
2025-06-30,2026-01-16,570.0,put,13.9,13.94,13.92,14.1,63,4687,0.21,-0.22695,200,617.85
2025-06-30,2026-01-16,575.0,call,66.2,68.18,67.19,68.42,13,5758,0.18073,0.78275,200,617.85
2025-06-30,2026-01-16,575.0,put,14.78,14.84,14.81,14.82,109115,5859,0.21,-0.24424,200,617.85
2025-06-30,2026-01-16,580.0,call,62.2,64.19,63.2,63.75,7,7054,0.18073,0.76325,200,617.85
2025-06-30,2026-01-16,580.0,put,15.7,15.77,15.73,15.55,147,8359,0.20024,-0.25441,200,617.85
2025-06-30,2026-01-16,585.0,call,58.26,60.25,59.25,59.28,265,4185,0.17097,0.75252,200,617.85
2025-06-30,2026-01-16,585.0,put,16.69,16.76,16.73,16.59,371,5413,0.20024,-0.27333,200,617.85
2025-06-30,2026-01-16,590.0,call,54.49,56.35,55.42,56.95,63,4697,0.17097,0.73079,200,617.85
2025-06-30,2026-01-16,590.0,put,17.74,17.82,17.78,17.66,82,4914,0.20024,-0.29276,200,617.85
2025-06-30,2026-01-16,595.0,call,50.75,52.47,51.61,52.15,86,6675,0.17097,0.70833,200,617.85
2025-06-30,2026-01-16,595.0,put,18.86,18.95,18.91,18.82,617,7714,0.19048,-0.30642,200,617.85
2025-06-30,2026-01-16,600.0,call,47.1,48.69,47.89,48.5,278,22328,0.16122,0.69292,200,617.85
2025-06-30,2026-01-16,600.0,put,20.07,20.15,20.11,20.1,191,9741,0.19048,-0.32755,200,617.85
2025-06-30,2026-01-16,605.0,call,43.47,45.01,44.24,45.0,8,4468,0.16122,0.66807,200,617.85
2025-06-30,2026-01-16,605.0,put,21.36,21.45,21.41,20.98,72,7528,0.19048,-0.34907,200,617.85
2025-06-30,2026-01-16,610.0,call,39.6,41.56,40.58,41.54,81,5506,0.16122,0.64268,200,617.85
2025-06-30,2026-01-16,610.0,put,22.76,22.85,22.8,22.83,685,8896,0.18073,-0.367,200,617.85
2025-06-30,2026-01-16,615.0,call,36.54,37.9,37.22,37.62,380,3915,0.15146,0.62131,200,617.85
2025-06-30,2026-01-16,615.0,put,24.27,24.36,24.31,24.26,417,4630,0.18073,-0.3902,200,617.85
2025-06-30,2026-01-16,620.0,call,33.56,34.51,34.03,34.11,366,6764,0.15146,0.59355,200,617.85
2025-06-30,2026-01-16,620.0,put,25.92,26.02,25.97,25.85,180,1882,0.18073,-0.41361,200,617.85
2025-06-30,2026-01-16,625.0,call,30.05,31.25,30.65,31.51,55,2777,0.15146,0.56555,200,617.85
2025-06-30,2026-01-16,625.0,put,27.72,27.83,27.77,27.61,8,285,0.17097,-0.43651,200,617.85
2025-06-30,2026-01-16,630.0,call,27.43,27.51,27.47,28.32,368,4619,0.1417,0.53704,200,617.85
2025-06-30,2026-01-16,630.0,put,29.68,29.79,29.73,29.0,42,301,0.17097,-0.46141,200,617.85
2025-06-30,2026-01-16,635.0,call,24.5,24.58,24.54,25.19,19,3235,0.1417,0.50703,200,617.85
2025-06-30,2026-01-16,635.0,put,31.45,32.42,31.94,0.0,0,180,0.17097,-0.48627,200,617.85
2025-06-30,2026-01-16,640.0,call,21.75,21.82,21.79,22.5,251,14601,0.1417,0.47721,200,617.85
2025-06-30,2026-01-16,640.0,put,34.05,34.43,34.24,33.18,4,544,0.17097,-0.51099,200,617.85
2025-06-30,2026-01-16,645.0,call,19.18,19.25,19.21,19.43,506,4959,0.13195,0.44096,200,617.85
2025-06-30,2026-01-16,645.0,put,36.27,37.41,36.84,35.74,16,786,0.16122,-0.54057,200,617.85
2025-06-30,2026-01-16,650.0,call,16.8,16.87,16.84,16.99,523,28346,0.13195,0.40998,200,617.85
2025-06-30,2026-01-16,650.0,put,39.01,40.29,39.65,38.54,6,2367,0.16122,-0.56615,200,617.85
2025-06-30,2026-01-16,655.0,call,14.61,14.68,14.64,15.09,79,2697,0.13195,0.37978,200,617.85
2025-06-30,2026-01-16,655.0,put,41.99,43.46,42.73,0.0,0,31,0.16122,-0.59126,200,617.85
2025-06-30,2026-01-16,660.0,call,12.63,12.69,12.66,12.81,73,6295,0.12219,0.33648,200,617.85
2025-06-30,2026-01-16,660.0,put,45.21,46.93,46.07,0.0,0,52,0.16122,-0.61582,200,617.85
2025-06-30,2026-01-16,665.0,call,10.84,10.9,10.87,11.4,103,5573,0.12219,0.3066,200,617.85
2025-06-30,2026-01-16,665.0,put,48.7,50.51,49.61,49.24,1,1,0.17097,-0.62943,200,617.85
2025-06-30,2026-01-16,670.0,call,9.24,9.31,9.28,9.4,61,7877,0.12219,0.27815,200,617.85
2025-06-30,2026-01-16,670.0,put,51.89,54.41,53.15,0.0,0,13,0.17097,-0.65155,200,617.85
2025-06-30,2026-01-16,675.0,call,7.84,7.9,7.87,8.01,97,3856,0.12219,0.25126,200,617.85
2025-06-30,2026-01-16,675.0,put,56.25,59.36,57.8,57.64,2,0,0.17097,-0.67302,200,617.85
2025-06-30,2026-01-16,680.0,call,6.61,6.66,6.63,6.84,77,7604,0.12219,0.22599,200,617.85
2025-06-30,2026-01-16,680.0,put,60.99,64.02,62.5,0.0,0,40,0.18073,-0.68161,200,617.85
2025-06-30,2026-01-16,685.0,call,5.54,5.59,5.56,5.64,50,2918,0.12219,0.20239,200,617.85
2025-06-30,2026-01-16,685.0,put,65.85,69.0,67.42,66.9,3,1,0.19048,-0.68897,200,617.85
2025-06-30,2026-01-16,690.0,call,4.62,4.67,4.64,4.81,24,1603,0.11244,0.15858,200,617.85
2025-06-30,2026-01-16,690.0,put,70.85,74.0,72.42,0.0,0,1,0.20024,-0.69531,200,617.85
2025-06-30,2026-01-16,695.0,call,3.84,3.88,3.86,3.95,64,1912,0.11244,0.1385,200,617.85
2025-06-30,2026-01-16,695.0,put,75.85,78.99,77.42,0.0,0,0,0.21,-0.70077,200,617.85
2025-06-30,2026-01-16,700.0,call,3.17,3.21,3.19,3.29,2339,19513,0.11244,0.12036,200,617.85
2025-06-30,2026-01-16,700.0,put,80.91,84.08,82.5,85.21,10,22,0.21975,-0.70548,200,617.85
2025-06-30,2026-01-16,705.0,call,2.61,2.65,2.63,2.76,190,5232,0.11244,0.10407,200,617.85
2025-06-30,2026-01-16,705.0,put,85.91,88.98,87.44,0.0,0,0,0.22951,-0.70956,200,617.85
2025-06-30,2026-01-16,710.0,call,2.14,2.18,2.16,2.27,147,8940,0.11244,0.08953,200,617.85
2025-06-30,2026-01-16,710.0,put,90.91,93.98,92.44,93.1,1,0,0.22951,-0.72364,200,617.85
2025-06-30,2026-01-16,715.0,call,1.75,1.78,1.77,1.78,126,11699,0.11244,0.07665,200,617.85
2025-06-30,2026-01-16,715.0,put,95.91,98.98,97.44,0.0,0,0,0.23926,-0.72643,200,617.85
2025-06-30,2026-01-16,720.0,call,1.43,1.46,1.44,1.52,386,4089,0.11244,0.06531,200,617.85
2025-06-30,2026-01-16,720.0,put,100.85,103.98,102.41,0.0,0,0,0.24902,-0.7288,200,617.85
2025-06-30,2026-01-16,725.0,call,1.16,1.18,1.17,1.23,19,4913,0.11244,0.05538,200,617.85
2025-06-30,2026-01-16,725.0,put,105.91,108.99,107.45,0.0,0,0,0.25877,-0.73081,200,617.85
2025-06-30,2026-01-16,730.0,call,0.94,0.97,0.95,0.98,76,7581,0.11244,0.04673,200,617.85
2025-06-30,2026-01-16,730.0,put,110.91,113.98,112.44,0.0,0,0,0.25877,-0.74252,200,617.85
2025-06-30,2026-01-16,735.0,call,0.77,0.78,0.78,0.78,102,18710,0.11244,0.03925,200,617.85
2025-06-30,2026-01-16,735.0,put,115.85,118.98,117.41,0.0,0,0,0.26853,-0.74368,200,617.85
2025-06-30,2026-01-16,740.0,call,0.62,0.64,0.63,0.65,16,18993,0.11244,0.03282,200,617.85
2025-06-30,2026-01-16,740.0,put,120.91,123.97,122.44,0.0,0,0,0.27829,-0.7446,200,617.85
2025-06-30,2026-01-16,745.0,call,0.5,0.52,0.51,0.48,76,22378,0.11244,0.02732,200,617.85
2025-06-30,2026-01-16,745.0,put,125.91,128.97,127.44,0.0,0,0,0.28804,-0.74531,200,617.85
2025-06-30,2026-01-16,750.0,call,0.42,0.43,0.42,0.42,187,5935,0.11244,0.02263,200,617.85
2025-06-30,2026-01-16,750.0,put,130.85,133.97,132.41,0.0,0,0,0.28804,-0.75527,200,617.85
2025-06-30,2026-01-16,755.0,call,0.33,0.35,0.34,0.35,22,1968,0.11244,0.01867,200,617.85
2025-06-30,2026-01-16,755.0,put,135.91,138.97,137.44,0.0,0,0,0.2978,-0.7554,200,617.85
2025-06-30,2026-01-16,760.0,call,0.27,0.29,0.28,0.27,76,2069,0.11244,0.01534,200,617.85
2025-06-30,2026-01-16,760.0,put,140.85,143.97,142.41,0.0,0,0,0.30755,-0.75538,200,617.85
2025-06-30,2026-01-16,765.0,call,0.22,0.24,0.23,0.23,13,394,0.11244,0.01254,200,617.85
2025-06-30,2026-01-16,765.0,put,145.91,148.97,147.44,0.0,0,0,0.31731,-0.75524,200,617.85
2025-06-30,2026-01-16,770.0,call,0.18,0.2,0.19,0.2,7,1077,0.11244,0.01021,200,617.85
2025-06-30,2026-01-16,770.0,put,150.85,153.97,152.41,0.0,0,0,0.31731,-0.76387,200,617.85
2025-06-30,2026-01-16,775.0,call,0.15,0.17,0.16,0.16,58,748,0.11244,0.00828,200,617.85
2025-06-30,2026-01-16,775.0,put,155.85,158.97,157.41,0.0,0,0,0.32707,-0.76331,200,617.85
2025-06-30,2026-01-16,780.0,call,0.12,0.14,0.13,0.15,1,961,0.11244,0.00669,200,617.85
2025-06-30,2026-01-16,780.0,put,160.91,163.97,162.44,0.0,0,0,0.33682,-0.76266,200,617.85
2025-06-30,2026-01-16,785.0,call,0.1,0.12,0.11,0.12,5,1060,0.11244,0.00538,200,617.85
2025-06-30,2026-01-16,785.0,put,165.91,168.97,167.44,0.0,0,0,0.33682,-0.77051,200,617.85
2025-06-30,2026-01-16,790.0,call,0.08,0.1,0.09,0.1,34,959,0.11244,0.00431,200,617.85
2025-06-30,2026-01-16,790.0,put,170.91,173.97,172.44,0.0,0,0,0.34658,-0.76953,200,617.85
2025-06-30,2026-01-16,795.0,call,0.07,0.09,0.08,0.09,47,798,0.12219,0.00658,200,617.85
2025-06-30,2026-01-16,795.0,put,175.91,178.97,177.44,0.0,0,0,0.35633,-0.7685,200,617.85
2025-06-30,2026-01-16,800.0,call,0.07,0.08,0.08,0.08,10,2748,0.12219,0.0054,200,617.85
2025-06-30,2026-01-16,800.0,put,180.85,183.97,182.41,0.0,0,0,0.35633,-0.77568,200,617.85
2025-06-30,2026-01-16,805.0,call,0.05,0.07,0.06,0.07,1,182,0.12219,0.00443,200,617.85
2025-06-30,2026-01-16,805.0,put,185.91,188.97,187.44,0.0,0,0,0.36609,-0.77438,200,617.85
2025-06-30,2026-01-16,810.0,call,0.05,0.06,0.06,0.06,0,126,0.12219,0.00361,200,617.85
2025-06-30,2026-01-16,810.0,put,190.91,193.97,192.44,0.0,0,0,0.37584,-0.77305,200,617.85
2025-06-30,2026-01-16,815.0,call,0.04,0.05,0.04,0.05,2,1689,0.12219,0.00294,200,617.85
2025-06-30,2026-01-16,815.0,put,195.91,198.97,197.44,0.0,0,0,0.37584,-0.77966,200,617.85
2025-06-30,2026-01-16,820.0,call,0.04,0.05,0.04,0.05,106,4014,0.12219,0.00239,200,617.85
2025-06-30,2026-01-16,820.0,put,200.91,203.97,202.44,0.0,0,0,0.3856,-0.77811,200,617.85
2025-06-30,2026-01-16,825.0,call,0.03,0.05,0.04,0.05,1,180,0.12219,0.00193,200,617.85
2025-06-30,2026-01-16,825.0,put,205.91,208.97,207.44,0.0,0,0,0.3856,-0.7844,200,617.85
2025-06-30,2026-01-16,830.0,call,0.03,0.04,0.04,0.04,8401,769,0.13195,0.00316,200,617.85
2025-06-30,2026-01-16,830.0,put,210.91,213.97,212.44,0.0,0,0,0.39536,-0.78267,200,617.85
2025-06-30,2026-01-16,835.0,call,0.03,0.04,0.04,0.03,40,1281,0.13195,0.00262,200,617.85
2025-06-30,2026-01-16,835.0,put,215.85,218.97,217.41,0.0,0,0,0.40511,-0.78092,200,617.85
2025-06-30,2026-01-16,840.0,call,0.03,0.04,0.04,0.04,30,9596,0.13195,0.00217,200,617.85
2025-06-30,2026-01-16,840.0,put,220.85,223.97,222.41,0.0,0,0,0.40511,-0.78676,200,617.85
2025-06-30,2026-03-20,245.0,call,376.38,379.55,377.97,364.86,0,24,0.01488,1.0,263,617.85
2025-06-30,2026-03-20,245.0,put,0.79,0.8,0.8,0.8,15,2836,0.51243,-0.00785,263,617.85
2025-06-30,2026-03-20,250.0,call,371.57,374.74,373.15,359.94,0,23,0.01488,1.0,263,617.85
2025-06-30,2026-03-20,250.0,put,0.83,0.84,0.83,0.82,15,887,0.50267,-0.00804,263,617.85
2025-06-30,2026-03-20,255.0,call,366.76,369.93,368.35,355.14,0,22,0.01488,1.0,263,617.85
2025-06-30,2026-03-20,255.0,put,0.87,0.89,0.88,0.88,10,255,0.50267,-0.00912,263,617.85
2025-06-30,2026-03-20,260.0,call,361.95,365.12,363.53,350.34,0,28,0.01488,1.0,263,617.85
2025-06-30,2026-03-20,260.0,put,0.91,0.93,0.92,0.0,0,547,0.49292,-0.00932,263,617.85
2025-06-30,2026-03-20,265.0,call,357.15,360.31,358.73,345.66,0,11,0.01488,1.0,263,617.85
2025-06-30,2026-03-20,265.0,put,0.96,0.98,0.97,0.98,21,95,0.48316,-0.00951,263,617.85
2025-06-30,2026-03-20,270.0,call,352.34,355.51,353.92,340.87,0,22,0.01488,1.0,263,617.85
2025-06-30,2026-03-20,270.0,put,1.01,1.02,1.02,0.0,0,76,0.48316,-0.01074,263,617.85
2025-06-30,2026-03-20,275.0,call,347.54,350.71,349.12,328.0,0,1,0.01488,1.0,263,617.85
2025-06-30,2026-03-20,275.0,put,1.05,1.07,1.06,0.0,0,272,0.4734,-0.01093,263,617.85
2025-06-30,2026-03-20,280.0,call,342.74,345.9,344.32,0.0,0,0,0.01488,1.0,263,617.85
2025-06-30,2026-03-20,280.0,put,1.11,1.12,1.12,0.0,0,458,0.46365,-0.0111,263,617.85
2025-06-30,2026-03-20,285.0,call,337.94,341.11,339.52,321.9,0,2,0.01488,1.0,263,617.85
2025-06-30,2026-03-20,285.0,put,1.16,1.18,1.17,0.0,0,342,0.46365,-0.01248,263,617.85
2025-06-30,2026-03-20,290.0,call,333.14,336.31,334.73,324.5,0,11,0.01488,1.0,263,617.85
2025-06-30,2026-03-20,290.0,put,1.21,1.23,1.22,0.0,0,1170,0.45389,-0.01265,263,617.85
2025-06-30,2026-03-20,295.0,call,328.34,331.51,329.92,253.05,0,17,0.01488,1.0,263,617.85
2025-06-30,2026-03-20,295.0,put,1.27,1.29,1.28,0.0,0,1135,0.45389,-0.01418,263,617.85
2025-06-30,2026-03-20,300.0,call,323.55,326.72,325.13,318.07,0,71,0.01488,1.0,263,617.85
2025-06-30,2026-03-20,300.0,put,1.33,1.34,1.33,1.35,1,3418,0.44414,-0.01435,263,617.85
2025-06-30,2026-03-20,305.0,call,318.75,321.92,320.34,263.15,0,3,0.01488,1.0,263,617.85
2025-06-30,2026-03-20,305.0,put,1.39,1.4,1.4,1.39,1,488,0.43438,-0.0145,263,617.85
2025-06-30,2026-03-20,310.0,call,313.96,317.13,315.54,260.19,0,1,0.01488,1.0,263,617.85
2025-06-30,2026-03-20,310.0,put,1.45,1.47,1.46,0.0,0,186,0.43438,-0.0162,263,617.85
2025-06-30,2026-03-20,315.0,call,309.17,312.34,310.75,290.22,0,20,0.01488,1.0,263,617.85
2025-06-30,2026-03-20,315.0,put,1.51,1.53,1.52,0.0,0,660,0.42462,-0.01635,263,617.85
2025-06-30,2026-03-20,320.0,call,304.38,307.55,305.97,224.47,0,5,0.01488,1.0,263,617.85
2025-06-30,2026-03-20,320.0,put,1.58,1.6,1.59,0.0,0,3059,0.42462,-0.01821,263,617.85
2025-06-30,2026-03-20,325.0,call,299.6,302.76,301.18,285.2,0,1,0.01488,1.0,263,617.85
2025-06-30,2026-03-20,325.0,put,1.65,1.67,1.66,1.68,137,1243,0.41487,-0.01836,263,617.85
2025-06-30,2026-03-20,330.0,call,294.81,297.98,296.39,211.07,0,5,0.01488,1.0,263,617.85
2025-06-30,2026-03-20,330.0,put,1.72,1.74,1.73,1.7,83,346,0.41487,-0.0204,263,617.85
2025-06-30,2026-03-20,335.0,call,290.03,293.2,291.62,262.0,0,2,0.01488,1.0,263,617.85
2025-06-30,2026-03-20,335.0,put,1.79,1.81,1.8,1.79,67,333,0.40511,-0.02054,263,617.85
2025-06-30,2026-03-20,340.0,call,285.25,288.42,286.84,262.29,0,16,0.01488,1.0,263,617.85
2025-06-30,2026-03-20,340.0,put,1.86,1.88,1.87,0.0,0,486,0.39536,-0.02065,263,617.85
2025-06-30,2026-03-20,345.0,call,280.48,283.65,282.06,222.12,0,7,0.01488,1.0,263,617.85
2025-06-30,2026-03-20,345.0,put,1.94,1.96,1.95,0.0,0,911,0.39536,-0.02291,263,617.85
2025-06-30,2026-03-20,350.0,call,275.71,278.88,277.29,255.35,0,41,0.01488,1.0,263,617.85
2025-06-30,2026-03-20,350.0,put,2.02,2.04,2.03,2.02,10,1022,0.3856,-0.02301,263,617.85
2025-06-30,2026-03-20,355.0,call,270.94,274.1,272.52,245.64,0,37,0.01488,1.0,263,617.85
2025-06-30,2026-03-20,355.0,put,2.1,2.12,2.11,0.0,0,4174,0.3856,-0.02547,263,617.85
2025-06-30,2026-03-20,360.0,call,266.17,269.34,267.75,263.07,0,14,0.01488,1.0,263,617.85
2025-06-30,2026-03-20,360.0,put,2.19,2.21,2.2,0.0,0,456,0.37584,-0.02557,263,617.85
2025-06-30,2026-03-20,365.0,call,261.41,264.57,262.99,195.05,0,21,0.01488,1.0,263,617.85
2025-06-30,2026-03-20,365.0,put,2.28,2.3,2.29,0.0,0,318,0.37584,-0.02825,263,617.85
2025-06-30,2026-03-20,370.0,call,256.65,259.81,258.23,247.5,0,19,0.01488,1.0,263,617.85
2025-06-30,2026-03-20,370.0,put,2.38,2.4,2.39,2.39,3,503,0.36609,-0.02834,263,617.85
2025-06-30,2026-03-20,375.0,call,251.9,255.06,253.48,232.62,0,11,0.01488,1.0,263,617.85
2025-06-30,2026-03-20,375.0,put,2.48,2.5,2.49,0.0,0,354,0.36609,-0.03126,263,617.85
2025-06-30,2026-03-20,380.0,call,247.14,250.31,248.72,238.61,0,136,0.01488,1.0,263,617.85
2025-06-30,2026-03-20,380.0,put,2.58,2.6,2.59,2.56,26,10208,0.35633,-0.03134,263,617.85
2025-06-30,2026-03-20,385.0,call,242.41,245.57,243.99,136.68,0,96,0.01488,1.0,263,617.85
2025-06-30,2026-03-20,385.0,put,2.7,2.71,2.71,0.0,0,1867,0.35633,-0.03452,263,617.85
2025-06-30,2026-03-20,390.0,call,237.67,240.78,239.22,218.24,0,122,0.01488,1.0,263,617.85
2025-06-30,2026-03-20,390.0,put,2.81,2.83,2.82,0.0,0,1008,0.34658,-0.0346,263,617.85
2025-06-30,2026-03-20,395.0,call,232.93,236.05,234.49,218.4,0,267,0.01488,1.0,263,617.85
2025-06-30,2026-03-20,395.0,put,2.93,2.95,2.94,2.89,20,2918,0.34658,-0.03805,263,617.85
2025-06-30,2026-03-20,400.0,call,228.1,231.32,229.71,220.61,0,438,0.01488,1.0,263,617.85
2025-06-30,2026-03-20,400.0,put,3.06,3.08,3.07,3.01,73,2571,0.33682,-0.03813,263,617.85
2025-06-30,2026-03-20,405.0,call,223.48,226.6,225.04,173.25,0,4,0.01488,1.0,263,617.85
2025-06-30,2026-03-20,405.0,put,3.19,3.21,3.2,3.2,1,745,0.33682,-0.04188,263,617.85
2025-06-30,2026-03-20,410.0,call,218.77,221.87,220.32,197.5,0,12,0.01488,1.0,263,617.85
2025-06-30,2026-03-20,410.0,put,3.34,3.35,3.34,0.0,0,950,0.32707,-0.04197,263,617.85
2025-06-30,2026-03-20,415.0,call,214.06,217.17,215.62,199.0,0,29,0.16122,0.99932,263,617.85
2025-06-30,2026-03-20,415.0,put,3.49,3.5,3.5,3.49,1,1339,0.32707,-0.04603,263,617.85
2025-06-30,2026-03-20,420.0,call,209.36,212.47,210.92,201.37,0,62,0.20024,0.99445,263,617.85
2025-06-30,2026-03-20,420.0,put,3.65,3.66,3.66,3.65,4,3236,0.31731,-0.04613,263,617.85
2025-06-30,2026-03-20,425.0,call,204.56,207.72,206.14,186.83,0,460,0.20024,0.99324,263,617.85
2025-06-30,2026-03-20,425.0,put,3.81,3.83,3.82,3.79,6,685,0.31731,-0.05054,263,617.85
2025-06-30,2026-03-20,430.0,call,199.99,203.05,201.52,201.13,2,11,0.21,0.98921,263,617.85
2025-06-30,2026-03-20,430.0,put,3.99,4.01,4.0,0.0,0,1474,0.30755,-0.05067,263,617.85
2025-06-30,2026-03-20,435.0,call,195.32,198.39,196.85,179.38,0,20,0.21975,0.98389,263,617.85
2025-06-30,2026-03-20,435.0,put,4.18,4.2,4.19,0.0,0,3474,0.30755,-0.05545,263,617.85
2025-06-30,2026-03-20,440.0,call,190.88,193.79,192.33,170.7,0,26,0.22951,0.97725,263,617.85
2025-06-30,2026-03-20,440.0,put,4.38,4.41,4.39,4.38,46,565,0.30755,-0.06053,263,617.85
2025-06-30,2026-03-20,445.0,call,186.01,189.15,187.58,167.0,0,116,0.21975,0.9783,263,617.85
2025-06-30,2026-03-20,445.0,put,4.6,4.63,4.62,4.61,1,1305,0.2978,-0.06081,263,617.85
2025-06-30,2026-03-20,450.0,call,181.38,184.5,182.94,178.4,0,253,0.21975,0.975,263,617.85
2025-06-30,2026-03-20,450.0,put,4.83,4.86,4.85,4.78,58,4766,0.2978,-0.06631,263,617.85
2025-06-30,2026-03-20,455.0,call,176.76,179.89,178.32,177.93,3,122,0.21975,0.97133,263,617.85
2025-06-30,2026-03-20,455.0,put,5.07,5.1,5.08,5.07,11,1032,0.28804,-0.06666,263,617.85
2025-06-30,2026-03-20,460.0,call,172.16,175.24,173.7,173.5,0,740,0.21975,0.96727,263,617.85
2025-06-30,2026-03-20,460.0,put,5.33,5.36,5.35,5.33,10,1360,0.28804,-0.07263,263,617.85
2025-06-30,2026-03-20,465.0,call,167.79,170.65,169.22,152.5,0,107,0.22951,0.95696,263,617.85
2025-06-30,2026-03-20,465.0,put,5.6,5.64,5.62,5.67,4,1726,0.28804,-0.07894,263,617.85
2025-06-30,2026-03-20,470.0,call,162.99,166.09,164.54,143.65,0,390,0.21975,0.9579,263,617.85
2025-06-30,2026-03-20,470.0,put,5.89,5.93,5.91,5.83,16,3240,0.27829,-0.07956,263,617.85
2025-06-30,2026-03-20,475.0,call,159.02,161.58,160.3,143.85,0,85,0.22951,0.94599,263,617.85
2025-06-30,2026-03-20,475.0,put,6.2,6.24,6.22,6.09,2,3625,0.27829,-0.0864,263,617.85
2025-06-30,2026-03-20,480.0,call,154.46,157.04,155.75,154.5,1,216,0.22951,0.93984,263,617.85
2025-06-30,2026-03-20,480.0,put,6.53,6.57,6.55,6.57,19,8111,0.26853,-0.08717,263,617.85
2025-06-30,2026-03-20,485.0,call,149.98,152.53,151.25,132.73,0,89,0.22951,0.93322,263,617.85
2025-06-30,2026-03-20,485.0,put,6.88,6.92,6.9,6.93,35,4047,0.26853,-0.0946,263,617.85
2025-06-30,2026-03-20,490.0,call,145.48,147.98,146.73,136.4,0,353,0.21975,0.93363,263,617.85
2025-06-30,2026-03-20,490.0,put,7.25,7.29,7.27,7.15,333,8493,0.26853,-0.10241,263,617.85
2025-06-30,2026-03-20,495.0,call,141.0,143.51,142.25,142.6,6,674,0.21975,0.92633,263,617.85
2025-06-30,2026-03-20,495.0,put,7.64,7.68,7.66,7.51,6,887,0.25877,-0.10364,263,617.85
2025-06-30,2026-03-20,500.0,call,136.55,139.06,137.81,136.75,1,1289,0.21975,0.91851,263,617.85
2025-06-30,2026-03-20,500.0,put,8.05,8.1,8.07,7.93,404,12242,0.25877,-0.11212,263,617.85
2025-06-30,2026-03-20,505.0,call,132.13,134.45,133.29,114.89,0,201,0.21975,0.91016,263,617.85
2025-06-30,2026-03-20,505.0,put,8.49,8.54,8.52,8.63,6,2514,0.25877,-0.12099,263,617.85
2025-06-30,2026-03-20,510.0,call,127.09,130.0,128.55,119.75,0,475,0.21,0.90993,263,617.85
2025-06-30,2026-03-20,510.0,put,8.95,9.0,8.97,8.79,53,2823,0.24902,-0.12286,263,617.85
2025-06-30,2026-03-20,515.0,call,122.71,125.91,124.31,125.19,5,425,0.21,0.90071,263,617.85
2025-06-30,2026-03-20,515.0,put,9.45,9.5,9.47,9.52,1,2046,0.24902,-0.1325,263,617.85
2025-06-30,2026-03-20,520.0,call,118.97,121.19,120.08,120.1,1,300,0.21,0.89091,263,617.85
2025-06-30,2026-03-20,520.0,put,9.97,10.02,10.0,9.92,9,3919,0.24902,-0.14254,263,617.85
2025-06-30,2026-03-20,525.0,call,114.63,116.83,115.73,114.7,1,498,0.21,0.88055,263,617.85
2025-06-30,2026-03-20,525.0,put,10.52,10.57,10.54,10.63,11,8211,0.23926,-0.14526,263,617.85
2025-06-30,2026-03-20,530.0,call,109.73,112.52,111.12,110.55,1,636,0.20024,0.87917,263,617.85
2025-06-30,2026-03-20,530.0,put,11.1,11.15,11.12,11.15,1,8169,0.23926,-0.15617,263,617.85
2025-06-30,2026-03-20,535.0,call,106.06,108.62,107.34,105.64,0,431,0.20024,0.86771,263,617.85
2025-06-30,2026-03-20,535.0,put,11.72,11.77,11.75,11.9,6,5107,0.23926,-0.1675,263,617.85
2025-06-30,2026-03-20,540.0,call,101.23,104.46,102.84,101.9,1,500,0.20024,0.85563,263,617.85
2025-06-30,2026-03-20,540.0,put,12.37,12.43,12.4,12.3,29,8984,0.22951,-0.17135,263,617.85
2025-06-30,2026-03-20,545.0,call,97.04,99.68,98.36,95.96,0,576,0.20024,0.84295,263,617.85
2025-06-30,2026-03-20,545.0,put,13.06,13.12,13.09,12.85,5,5475,0.22951,-0.18365,263,617.85
2025-06-30,2026-03-20,550.0,call,92.89,95.48,94.19,94.95,6,1217,0.19048,0.8397,263,617.85
2025-06-30,2026-03-20,550.0,put,13.78,13.84,13.81,13.5,36,16880,0.22951,-0.19637,263,617.85
2025-06-30,2026-03-20,555.0,call,88.73,91.91,90.32,90.1,9,549,0.19048,0.82569,263,617.85
2025-06-30,2026-03-20,555.0,put,14.54,14.61,14.57,14.61,8,2517,0.21975,-0.20168,263,617.85
2025-06-30,2026-03-20,560.0,call,84.64,87.81,86.22,84.8,4,1368,0.19048,0.81106,263,617.85
2025-06-30,2026-03-20,560.0,put,15.36,15.41,15.38,15.17,22,1983,0.21975,-0.21548,263,617.85
2025-06-30,2026-03-20,565.0,call,80.59,83.42,82.0,80.59,0,506,0.19048,0.79583,263,617.85
2025-06-30,2026-03-20,565.0,put,16.2,16.27,16.23,16.29,20,1580,0.21975,-0.22968,263,617.85
2025-06-30,2026-03-20,570.0,call,76.81,79.07,77.94,77.65,3,2138,0.18073,0.78974,263,617.85
2025-06-30,2026-03-20,570.0,put,17.09,17.16,17.12,16.92,21,1825,0.21,-0.23688,263,617.85
2025-06-30,2026-03-20,575.0,call,72.9,75.06,73.98,74.5,7,1058,0.18073,0.77295,263,617.85
2025-06-30,2026-03-20,575.0,put,18.04,18.11,18.07,18.27,6,2148,0.21,-0.25227,263,617.85
2025-06-30,2026-03-20,580.0,call,68.76,71.48,70.12,71.11,6,3134,0.18073,0.75558,263,617.85
2025-06-30,2026-03-20,580.0,put,19.04,19.11,19.07,19.0,8,1422,0.21,-0.26802,263,617.85
2025-06-30,2026-03-20,585.0,call,64.9,67.61,66.25,65.4,11,2030,0.17097,0.74665,263,617.85
2025-06-30,2026-03-20,585.0,put,20.09,20.17,20.13,20.37,17,801,0.20024,-0.27761,263,617.85
2025-06-30,2026-03-20,590.0,call,61.44,63.39,62.41,61.91,12,2981,0.17097,0.72753,263,617.85
2025-06-30,2026-03-20,590.0,put,21.21,21.29,21.25,21.61,6,2450,0.20024,-0.29463,263,617.85
2025-06-30,2026-03-20,595.0,call,57.32,60.03,58.67,59.84,27,4378,0.17097,0.70788,263,617.85
2025-06-30,2026-03-20,595.0,put,22.39,22.48,22.44,22.5,5,2267,0.20024,-0.31198,263,617.85
2025-06-30,2026-03-20,600.0,call,54.11,55.85,54.98,54.98,36,4559,0.17097,0.68777,263,617.85
2025-06-30,2026-03-20,600.0,put,23.65,23.74,23.7,23.3,43,7208,0.19048,-0.32451,263,617.85
2025-06-30,2026-03-20,605.0,call,50.54,52.21,51.38,50.66,6,1867,0.16122,0.67364,263,617.85
2025-06-30,2026-03-20,605.0,put,24.98,25.08,25.03,24.9,54,1539,0.19048,-0.34318,263,617.85
2025-06-30,2026-03-20,610.0,call,47.06,48.62,47.84,48.5,311,3540,0.16122,0.65168,263,617.85
2025-06-30,2026-03-20,610.0,put,26.41,26.51,26.46,25.98,65,3643,0.19048,-0.36209,263,617.85
2025-06-30,2026-03-20,615.0,call,43.25,45.53,44.39,45.48,357,2016,0.16122,0.62937,263,617.85
2025-06-30,2026-03-20,615.0,put,27.94,28.04,27.99,27.5,15,858,0.18073,-0.3782,263,617.85
2025-06-30,2026-03-20,620.0,call,40.32,41.72,41.02,40.57,18,8673,0.15146,0.61024,263,617.85
2025-06-30,2026-03-20,620.0,put,29.59,29.7,29.64,29.14,428,1184,0.18073,-0.39842,263,617.85
2025-06-30,2026-03-20,625.0,call,37.1,38.43,37.77,38.23,42,3259,0.15146,0.58608,263,617.85
2025-06-30,2026-03-20,625.0,put,31.37,31.48,31.43,30.79,20,759,0.18073,-0.41876,263,617.85
2025-06-30,2026-03-20,630.0,call,34.51,34.61,34.56,35.2,32,2840,0.15146,0.56178,263,617.85
2025-06-30,2026-03-20,630.0,put,33.28,33.39,33.34,32.89,102,491,0.18073,-0.43914,263,617.85
2025-06-30,2026-03-20,635.0,call,31.49,31.58,31.53,31.63,22,1107,0.1417,0.53661,263,617.85
2025-06-30,2026-03-20,635.0,put,35.33,35.45,35.39,35.81,7,35,0.17097,-0.46061,263,617.85
2025-06-30,2026-03-20,640.0,call,28.59,28.68,28.63,29.22,104,2093,0.1417,0.51065,263,617.85
2025-06-30,2026-03-20,640.0,put,37.16,38.21,37.69,0.0,0,577,0.17097,-0.48211,263,617.85
2025-06-30,2026-03-20,645.0,call,25.84,25.93,25.88,26.02,11,1797,0.1417,0.48484,263,617.85
2025-06-30,2026-03-20,645.0,put,39.51,40.65,40.08,0.0,0,12,0.17097,-0.5035,263,617.85
2025-06-30,2026-03-20,650.0,call,23.24,23.33,23.28,23.93,79,12310,0.1417,0.4593,263,617.85
2025-06-30,2026-03-20,650.0,put,40.87,43.63,42.25,43.39,5,282,0.17097,-0.52471,263,617.85
2025-06-30,2026-03-20,655.0,call,20.79,20.87,20.83,20.58,9,1959,0.13195,0.42593,263,617.85
2025-06-30,2026-03-20,655.0,put,44.78,46.19,45.48,0.0,0,13,0.17097,-0.54569,263,617.85
2025-06-30,2026-03-20,660.0,call,18.5,18.58,18.54,19.0,23,3844,0.13195,0.3995,263,617.85
2025-06-30,2026-03-20,660.0,put,47.73,49.32,48.52,49.25,4,23,0.17097,-0.56639,263,617.85
2025-06-30,2026-03-20,665.0,call,16.39,16.46,16.43,16.03,2,1888,0.13195,0.37371,263,617.85
2025-06-30,2026-03-20,665.0,put,50.31,52.56,51.44,52.6,2,5,0.17097,-0.58675,263,617.85
2025-06-30,2026-03-20,670.0,call,14.44,14.51,14.47,14.7,130,1667,0.13195,0.34867,263,617.85
2025-06-30,2026-03-20,670.0,put,54.3,56.04,55.17,54.51,2,6,0.17097,-0.60673,263,617.85
2025-06-30,2026-03-20,675.0,call,12.66,12.73,12.7,12.57,3,1101,0.12219,0.30845,263,617.85
2025-06-30,2026-03-20,675.0,put,57.94,59.81,58.88,0.0,0,0,0.18073,-0.61661,263,617.85
2025-06-30,2026-03-20,680.0,call,11.04,11.11,11.07,10.83,6,1485,0.12219,0.28386,263,617.85
2025-06-30,2026-03-20,680.0,put,61.5,64.01,62.76,0.0,0,3,0.18073,-0.63484,263,617.85
2025-06-30,2026-03-20,685.0,call,9.59,9.66,9.62,9.72,2,1192,0.12219,0.26042,263,617.85
2025-06-30,2026-03-20,685.0,put,66.08,68.47,67.28,0.0,0,2,0.18073,-0.65264,263,617.85
2025-06-30,2026-03-20,690.0,call,8.3,8.36,8.33,8.09,54,5613,0.12219,0.23818,263,617.85
2025-06-30,2026-03-20,690.0,put,70.87,74.01,72.44,0.0,0,3,0.19048,-0.65883,263,617.85
2025-06-30,2026-03-20,695.0,call,7.15,7.21,7.18,7.38,14,1175,0.12219,0.21718,263,617.85
2025-06-30,2026-03-20,695.0,put,75.91,79.0,77.45,0.0,0,0,0.20024,-0.66411,263,617.85
2025-06-30,2026-03-20,700.0,call,6.14,6.19,6.17,6.18,227,14748,0.12219,0.19742,263,617.85
2025-06-30,2026-03-20,700.0,put,80.91,84.0,82.45,0.0,0,1,0.21,-0.66864,263,617.85
2025-06-30,2026-03-20,705.0,call,5.25,5.3,5.28,5.49,19,1187,0.12219,0.17892,263,617.85
2025-06-30,2026-03-20,705.0,put,85.91,88.98,87.44,0.0,0,0,0.21975,-0.67251,263,617.85
2025-06-30,2026-03-20,710.0,call,4.48,4.52,4.5,4.43,17,5018,0.11244,0.13963,263,617.85
2025-06-30,2026-03-20,710.0,put,90.91,93.99,92.45,0.0,0,0,0.21975,-0.68607,263,617.85
2025-06-30,2026-03-20,715.0,call,3.81,3.85,3.83,3.98,50,2158,0.11244,0.12394,263,617.85
2025-06-30,2026-03-20,715.0,put,95.91,98.99,97.45,0.0,0,1,0.22951,-0.68866,263,617.85
2025-06-30,2026-03-20,720.0,call,3.23,3.28,3.25,3.25,24,1681,0.11244,0.10963,263,617.85
2025-06-30,2026-03-20,720.0,put,100.91,103.98,102.44,0.0,0,4,0.23926,-0.69082,263,617.85
2025-06-30,2026-03-20,725.0,call,2.74,2.78,2.76,2.66,60,2014,0.11244,0.09663,263,617.85
2025-06-30,2026-03-20,725.0,put,105.85,108.98,107.41,0.0,0,0,0.24902,-0.69262,263,617.85
2025-06-30,2026-03-20,730.0,call,2.32,2.35,2.33,2.32,160,2564,0.11244,0.08487,263,617.85
2025-06-30,2026-03-20,730.0,put,110.85,113.98,112.41,0.0,0,0,0.24902,-0.70395,263,617.85
2025-06-30,2026-03-20,735.0,call,1.96,1.99,1.98,1.89,1,3187,0.11244,0.07429,263,617.85
2025-06-30,2026-03-20,735.0,put,115.85,118.98,117.41,0.0,0,0,0.25877,-0.7049,263,617.85
2025-06-30,2026-03-20,740.0,call,1.66,1.69,1.67,1.69,6,4993,0.11244,0.06481,263,617.85
2025-06-30,2026-03-20,740.0,put,120.85,123.98,122.41,0.0,0,0,0.26853,-0.70561,263,617.85
2025-06-30,2026-03-20,745.0,call,1.4,1.42,1.41,1.46,5,2909,0.11244,0.05635,263,617.85
2025-06-30,2026-03-20,745.0,put,125.85,128.98,127.41,0.0,0,0,0.27829,-0.7061,263,617.85
2025-06-30,2026-03-20,750.0,call,1.18,1.2,1.19,1.25,35,18410,0.11244,0.04884,263,617.85
2025-06-30,2026-03-20,750.0,put,130.85,133.98,132.41,0.0,0,0,0.27829,-0.71578,263,617.85
2025-06-30,2026-03-20,755.0,call,1.0,1.02,1.01,1.02,17,10884,0.11244,0.04219,263,617.85
2025-06-30,2026-03-20,755.0,put,135.84,138.97,137.41,0.0,0,0,0.28804,-0.71568,263,617.85
2025-06-30,2026-03-20,760.0,call,0.84,0.86,0.85,0.87,18,4215,0.11244,0.03633,263,617.85
2025-06-30,2026-03-20,760.0,put,140.84,143.97,142.41,0.0,0,0,0.2978,-0.71544,263,617.85
2025-06-30,2026-03-20,765.0,call,0.71,0.73,0.72,0.72,2,4599,0.11244,0.03118,263,617.85
2025-06-30,2026-03-20,765.0,put,145.84,148.97,147.41,0.0,0,0,0.2978,-0.72417,263,617.85
2025-06-30,2026-03-20,770.0,call,0.6,0.62,0.61,0.65,8,4070,0.11244,0.02668,263,617.85
2025-06-30,2026-03-20,770.0,put,150.84,153.97,152.41,0.0,0,0,0.30755,-0.72348,263,617.85
2025-06-30,2026-03-20,775.0,call,0.51,0.53,0.52,0.54,1,3918,0.11244,0.02276,263,617.85
2025-06-30,2026-03-20,775.0,put,155.84,158.97,157.41,0.0,0,0,0.30755,-0.73171,263,617.85
2025-06-30,2026-03-20,780.0,call,0.43,0.45,0.44,0.44,1,2209,0.11244,0.01936,263,617.85
2025-06-30,2026-03-20,780.0,put,160.82,163.97,162.39,0.0,0,0,0.31731,-0.73063,263,617.85
2025-06-30,2026-03-20,785.0,call,0.37,0.39,0.38,0.37,2,26,0.11244,0.01642,263,617.85
2025-06-30,2026-03-20,785.0,put,165.82,168.97,167.39,0.0,0,0,0.32707,-0.72948,263,617.85
2025-06-30,2026-03-20,790.0,call,0.31,0.33,0.32,0.34,5,297,0.11244,0.01388,263,617.85
2025-06-30,2026-03-20,790.0,put,170.82,173.97,172.39,0.0,0,0,0.32707,-0.737,263,617.85
2025-06-30,2026-03-20,795.0,call,0.27,0.29,0.28,0.29,1,1525,0.11244,0.0117,263,617.85
2025-06-30,2026-03-20,795.0,put,175.82,178.97,177.39,0.0,0,0,0.33682,-0.73554,263,617.85
2025-06-30,2026-03-20,800.0,call,0.23,0.25,0.24,0.25,102,3420,0.11244,0.00984,263,617.85
2025-06-30,2026-03-20,800.0,put,180.82,183.97,182.39,0.0,0,0,0.34658,-0.73404,263,617.85
2025-06-30,2026-03-20,805.0,call,0.2,0.22,0.21,0.2,0,112,0.11244,0.00825,263,617.85
2025-06-30,2026-03-20,805.0,put,185.82,188.97,187.39,0.0,0,0,0.34658,-0.74094,263,617.85
2025-06-30,2026-03-20,810.0,call,0.17,0.19,0.18,0.18,3,1137,0.11244,0.0069,263,617.85
2025-06-30,2026-03-20,810.0,put,190.82,193.97,192.39,0.0,0,0,0.35633,-0.73919,263,617.85
2025-06-30,2026-03-20,815.0,call,0.15,0.16,0.15,0.1,0,190,0.11244,0.00575,263,617.85
2025-06-30,2026-03-20,815.0,put,195.82,198.97,197.39,0.0,0,0,0.35633,-0.74576,263,617.85
2025-06-30,2026-03-20,820.0,call,0.13,0.15,0.14,0.12,0,533,0.12219,0.00874,263,617.85
2025-06-30,2026-03-20,820.0,put,200.82,203.97,202.39,0.0,0,0,0.36609,-0.7438,263,617.85
2025-06-30,2026-03-20,825.0,call,0.11,0.13,0.12,0.1,0,388,0.12219,0.00745,263,617.85
2025-06-30,2026-03-20,825.0,put,205.82,208.97,207.39,0.0,0,0,0.37584,-0.74182,263,617.85
2025-06-30,2026-03-20,830.0,call,0.09,0.11,0.1,0.1,2,143,0.12219,0.00633,263,617.85
2025-06-30,2026-03-20,830.0,put,210.82,213.97,212.39,0.0,0,0,0.37584,-0.74791,263,617.85
2025-06-30,2026-03-20,835.0,call,0.08,0.1,0.09,0.06,0,55,0.12219,0.00537,263,617.85
2025-06-30,2026-03-20,835.0,put,215.82,218.97,217.39,0.0,0,0,0.3856,-0.74575,263,617.85
2025-06-30,2026-03-20,840.0,call,0.07,0.09,0.08,0.08,0,312,0.12219,0.00455,263,617.85
2025-06-30,2026-03-20,840.0,put,220.82,223.97,222.39,0.0,0,0,0.3856,-0.75157,263,617.85
2025-06-30,2026-03-20,845.0,call,0.07,0.09,0.08,0.09,11,798,0.12219,0.00384,263,617.85
2025-06-30,2026-03-20,845.0,put,225.82,228.97,227.39,0.0,0,0,0.39536,-0.74926,263,617.85
2025-06-30,2026-03-20,850.0,call,0.06,0.08,0.07,0.07,29,2131,0.12219,0.00324,263,617.85
2025-06-30,2026-03-20,850.0,put,230.82,233.97,232.39,0.0,0,0,0.39536,-0.75482,263,617.85
2025-06-30,2026-03-31,345.0,call,280.55,283.71,282.13,265.38,0,0,0.01488,1.0,274,617.85
2025-06-30,2026-03-31,345.0,put,2.03,2.06,2.04,2.08,10,618,0.3856,-0.0223,274,617.85
2025-06-30,2026-03-31,350.0,call,275.78,278.94,277.36,262.63,0,2,0.01488,1.0,274,617.85
2025-06-30,2026-03-31,350.0,put,2.12,2.14,2.13,0.0,0,380,0.3856,-0.02468,274,617.85
2025-06-30,2026-03-31,355.0,call,271.01,274.17,272.59,249.5,0,1,0.01488,1.0,274,617.85
2025-06-30,2026-03-31,355.0,put,2.2,2.23,2.21,0.0,0,143,0.37584,-0.02475,274,617.85
2025-06-30,2026-03-31,360.0,call,266.25,269.4,267.82,200.06,0,1,0.01488,1.0,274,617.85
2025-06-30,2026-03-31,360.0,put,2.3,2.32,2.31,0.0,0,400,0.37584,-0.02734,274,617.85
2025-06-30,2026-03-31,365.0,call,261.49,264.64,263.06,241.9,0,1,0.01488,1.0,274,617.85
2025-06-30,2026-03-31,365.0,put,2.39,2.42,2.41,0.0,0,121,0.36609,-0.0274,274,617.85
2025-06-30,2026-03-31,370.0,call,256.74,259.88,258.31,237.13,0,2,0.01488,1.0,274,617.85
2025-06-30,2026-03-31,370.0,put,2.49,2.51,2.5,2.5,2,230,0.36609,-0.03022,274,617.85
2025-06-30,2026-03-31,375.0,call,251.99,255.13,253.56,0.0,0,0,0.01488,1.0,274,617.85
2025-06-30,2026-03-31,375.0,put,2.59,2.62,2.6,0.0,0,158,0.35633,-0.03026,274,617.85
2025-06-30,2026-03-31,380.0,call,247.25,250.39,248.82,218.93,0,17,0.01488,1.0,274,617.85
2025-06-30,2026-03-31,380.0,put,2.7,2.73,2.71,0.0,0,315,0.35633,-0.03332,274,617.85
2025-06-30,2026-03-31,385.0,call,242.51,245.65,244.08,229.01,0,1,0.01488,1.0,274,617.85
2025-06-30,2026-03-31,385.0,put,2.81,2.84,2.83,0.0,0,532,0.34658,-0.03336,274,617.85
2025-06-30,2026-03-31,390.0,call,237.77,240.92,239.34,212.11,0,2,0.01488,1.0,274,617.85
2025-06-30,2026-03-31,390.0,put,2.93,2.96,2.95,0.0,0,310,0.34658,-0.03668,274,617.85
2025-06-30,2026-03-31,395.0,call,233.04,236.19,234.62,198.09,0,4,0.01488,1.0,274,617.85
2025-06-30,2026-03-31,395.0,put,3.07,3.09,3.08,3.07,1,570,0.33682,-0.03671,274,617.85
2025-06-30,2026-03-31,400.0,call,228.32,231.42,229.87,213.88,0,11,0.01488,1.0,274,617.85
2025-06-30,2026-03-31,400.0,put,3.19,3.22,3.21,3.18,11,12365,0.33682,-0.04031,274,617.85
2025-06-30,2026-03-31,405.0,call,223.61,226.7,225.16,222.92,0,1,0.01488,1.0,274,617.85
2025-06-30,2026-03-31,405.0,put,3.34,3.37,3.35,3.36,3,889,0.32707,-0.04033,274,617.85
2025-06-30,2026-03-31,410.0,call,218.9,221.99,220.44,149.06,0,2,0.01488,1.0,274,617.85
2025-06-30,2026-03-31,410.0,put,3.48,3.52,3.5,0.0,0,114,0.32707,-0.04423,274,617.85
2025-06-30,2026-03-31,415.0,call,214.2,217.3,215.75,196.49,0,3,0.01488,1.0,274,617.85
2025-06-30,2026-03-31,415.0,put,3.64,3.67,3.66,3.61,5,670,0.31731,-0.04426,274,617.85
2025-06-30,2026-03-31,420.0,call,209.51,212.61,211.06,125.02,0,4,0.01488,1.0,274,617.85
2025-06-30,2026-03-31,420.0,put,3.81,3.84,3.83,3.78,1,1111,0.31731,-0.04849,274,617.85
2025-06-30,2026-03-31,425.0,call,204.83,207.92,206.38,199.67,0,5,0.01488,1.0,274,617.85
2025-06-30,2026-03-31,425.0,put,3.98,4.02,4.0,3.95,15,336,0.31731,-0.05298,274,617.85
2025-06-30,2026-03-31,430.0,call,200.15,203.25,201.7,201.1,2,7,0.17097,0.99693,274,617.85
2025-06-30,2026-03-31,430.0,put,4.18,4.21,4.2,4.11,7,387,0.30755,-0.05311,274,617.85
2025-06-30,2026-03-31,435.0,call,195.49,198.6,197.05,176.91,0,4,0.19048,0.99193,274,617.85
2025-06-30,2026-03-31,435.0,put,4.37,4.41,4.39,4.41,4,100,0.30755,-0.05797,274,617.85
2025-06-30,2026-03-31,440.0,call,190.84,193.89,192.37,191.16,2,4,0.20024,0.98715,274,617.85
2025-06-30,2026-03-31,440.0,put,4.58,4.62,4.6,0.0,0,234,0.2978,-0.05813,274,617.85
2025-06-30,2026-03-31,445.0,call,186.2,189.25,187.72,171.28,0,21,0.20024,0.98483,274,617.85
2025-06-30,2026-03-31,445.0,put,4.81,4.85,4.83,4.83,3,243,0.2978,-0.0634,274,617.85
2025-06-30,2026-03-31,450.0,call,181.58,184.63,183.11,182.1,1,13,0.21,0.97789,274,617.85
2025-06-30,2026-03-31,450.0,put,5.05,5.09,5.07,5.0,25,549,0.2978,-0.06896,274,617.85
2025-06-30,2026-03-31,455.0,call,177.16,180.02,178.59,164.24,0,31,0.21,0.97448,274,617.85
2025-06-30,2026-03-31,455.0,put,5.3,5.35,5.32,0.0,0,174,0.28804,-0.06931,274,617.85
2025-06-30,2026-03-31,460.0,call,172.37,175.49,173.93,164.5,0,25,0.21,0.97069,274,617.85
2025-06-30,2026-03-31,460.0,put,5.57,5.62,5.6,5.55,8,1410,0.28804,-0.07534,274,617.85
2025-06-30,2026-03-31,465.0,call,168.37,170.86,169.62,155.09,0,8,0.21975,0.96068,274,617.85
2025-06-30,2026-03-31,465.0,put,5.85,5.9,5.88,5.76,8,94,0.27829,-0.07577,274,617.85
2025-06-30,2026-03-31,470.0,call,163.82,166.37,165.09,158.05,0,4,0.21975,0.95567,274,617.85
2025-06-30,2026-03-31,470.0,put,6.16,6.21,6.19,6.14,1,413,0.27829,-0.0823,274,617.85
2025-06-30,2026-03-31,475.0,call,159.27,161.82,160.55,158.76,0,6,0.21975,0.95021,274,617.85
2025-06-30,2026-03-31,475.0,put,6.48,6.53,6.51,6.43,3,204,0.27829,-0.08917,274,617.85
2025-06-30,2026-03-31,480.0,call,154.74,157.23,155.99,155.92,1,43,0.21975,0.94429,274,617.85
2025-06-30,2026-03-31,480.0,put,6.82,6.87,6.85,6.71,1,399,0.26853,-0.08994,274,617.85
2025-06-30,2026-03-31,485.0,call,150.21,152.72,151.47,151.43,1,27,0.21975,0.93791,274,617.85
2025-06-30,2026-03-31,485.0,put,7.18,7.23,7.21,0.0,0,84,0.26853,-0.09738,274,617.85
2025-06-30,2026-03-31,490.0,call,145.76,148.24,147.0,129.79,0,56,0.21,0.93869,274,617.85
2025-06-30,2026-03-31,490.0,put,7.56,7.61,7.58,7.61,2,135,0.26853,-0.10519,274,617.85
2025-06-30,2026-03-31,495.0,call,141.31,143.78,142.55,115.37,0,16,0.21,0.93163,274,617.85
2025-06-30,2026-03-31,495.0,put,7.96,8.02,7.99,0.0,0,237,0.25877,-0.10641,274,617.85
2025-06-30,2026-03-31,500.0,call,136.85,139.41,138.13,137.29,1,225,0.21,0.92405,274,617.85
2025-06-30,2026-03-31,500.0,put,8.39,8.45,8.42,8.51,7,6282,0.25877,-0.11487,274,617.85
2025-06-30,2026-03-31,504.0,call,133.34,135.81,134.57,121.21,0,24,0.21,0.91759,274,617.85
2025-06-30,2026-03-31,504.0,put,8.75,8.81,8.78,0.0,0,60,0.25877,-0.12191,274,617.85
2025-06-30,2026-03-31,505.0,call,132.45,134.99,133.72,117.1,0,165,0.21,0.91592,274,617.85
2025-06-30,2026-03-31,505.0,put,8.84,8.9,8.87,0.0,0,195,0.25877,-0.12371,274,617.85
2025-06-30,2026-03-31,506.0,call,131.57,134.04,132.81,117.39,0,2,0.21,0.91423,274,617.85
2025-06-30,2026-03-31,506.0,put,8.93,8.99,8.96,0.0,0,36,0.24902,-0.11817,274,617.85
2025-06-30,2026-03-31,507.0,call,130.69,133.23,131.96,127.3,0,1,0.21,0.91252,274,617.85
2025-06-30,2026-03-31,507.0,put,9.03,9.09,9.06,0.0,0,2,0.24902,-0.12,274,617.85
2025-06-30,2026-03-31,508.0,call,129.81,132.35,131.08,115.19,0,21,0.21,0.91078,274,617.85
2025-06-30,2026-03-31,508.0,put,9.12,9.19,9.15,0.0,0,18,0.24902,-0.12183,274,617.85
2025-06-30,2026-03-31,509.0,call,128.93,131.41,130.17,113.64,0,1,0.21,0.90902,274,617.85
2025-06-30,2026-03-31,509.0,put,9.22,9.28,9.25,0.0,0,20,0.24902,-0.12368,274,617.85
2025-06-30,2026-03-31,510.0,call,128.06,130.46,129.26,109.96,0,33,0.21,0.90725,274,617.85
2025-06-30,2026-03-31,510.0,put,9.32,9.38,9.35,9.32,7,164,0.24902,-0.12555,274,617.85
2025-06-30,2026-03-31,511.0,call,127.18,129.65,128.42,0.0,0,0,0.21,0.90545,274,617.85
2025-06-30,2026-03-31,511.0,put,9.42,9.48,9.45,0.0,0,24,0.24902,-0.12744,274,617.85
2025-06-30,2026-03-31,512.0,call,126.3,128.78,127.54,52.4,0,0,0.21,0.90362,274,617.85
2025-06-30,2026-03-31,512.0,put,9.52,9.58,9.55,9.5,2,551,0.24902,-0.12934,274,617.85
2025-06-30,2026-03-31,513.0,call,125.43,127.97,126.7,104.38,0,2,0.21,0.90178,274,617.85
2025-06-30,2026-03-31,513.0,put,9.62,9.68,9.65,0.0,0,29,0.24902,-0.13125,274,617.85
2025-06-30,2026-03-31,514.0,call,124.56,127.04,125.8,117.35,0,21,0.21,0.89991,274,617.85
2025-06-30,2026-03-31,514.0,put,9.72,9.78,9.75,0.0,0,165,0.24902,-0.13319,274,617.85
2025-06-30,2026-03-31,515.0,call,123.69,126.06,124.88,105.78,0,28,0.21,0.89802,274,617.85
2025-06-30,2026-03-31,515.0,put,9.82,9.89,9.86,0.0,0,1067,0.24902,-0.13513,274,617.85
2025-06-30,2026-03-31,516.0,call,122.81,125.29,124.05,82.7,0,10,0.21,0.89611,274,617.85
2025-06-30,2026-03-31,516.0,put,9.93,9.99,9.96,0.0,0,84,0.24902,-0.1371,274,617.85
2025-06-30,2026-03-31,517.0,call,121.94,124.43,123.19,80.59,0,1,0.21,0.89418,274,617.85
2025-06-30,2026-03-31,517.0,put,10.03,10.1,10.06,0.0,0,38,0.24902,-0.13908,274,617.85
2025-06-30,2026-03-31,518.0,call,121.08,123.62,122.35,115.8,0,11,0.21,0.89222,274,617.85
2025-06-30,2026-03-31,518.0,put,10.14,10.21,10.18,0.0,0,121,0.24902,-0.14107,274,617.85
2025-06-30,2026-03-31,519.0,call,120.2,122.69,121.44,68.0,0,0,0.21,0.89025,274,617.85
2025-06-30,2026-03-31,519.0,put,10.25,10.31,10.28,0.0,0,414,0.24902,-0.14308,274,617.85
2025-06-30,2026-03-31,520.0,call,119.34,121.83,120.59,112.06,0,197,0.21,0.88825,274,617.85
2025-06-30,2026-03-31,520.0,put,10.36,10.42,10.39,10.39,40,1051,0.23926,-0.13738,274,617.85
2025-06-30,2026-03-31,521.0,call,118.47,120.99,119.73,90.1,0,3,0.20024,0.89559,274,617.85
2025-06-30,2026-03-31,521.0,put,10.47,10.53,10.5,10.57,4,12,0.23926,-0.13943,274,617.85
2025-06-30,2026-03-31,522.0,call,117.61,120.13,118.87,71.09,0,5,0.20024,0.89358,274,617.85
2025-06-30,2026-03-31,522.0,put,10.58,10.65,10.62,0.0,0,2,0.23926,-0.14149,274,617.85
2025-06-30,2026-03-31,523.0,call,116.75,119.24,118.0,63.4,0,4,0.20024,0.89154,274,617.85
2025-06-30,2026-03-31,523.0,put,10.69,10.76,10.72,10.73,1,705,0.23926,-0.14357,274,617.85
2025-06-30,2026-03-31,524.0,call,115.88,118.38,117.13,104.96,0,9,0.20024,0.88947,274,617.85
2025-06-30,2026-03-31,524.0,put,10.8,10.87,10.84,0.0,0,463,0.23926,-0.14567,274,617.85
2025-06-30,2026-03-31,525.0,call,115.02,117.33,116.17,95.0,0,18,0.20024,0.88739,274,617.85
2025-06-30,2026-03-31,525.0,put,10.92,10.99,10.96,10.82,3,363,0.23926,-0.14778,274,617.85
2025-06-30,2026-03-31,526.0,call,114.16,116.64,115.4,97.73,0,54,0.20024,0.88528,274,617.85
2025-06-30,2026-03-31,526.0,put,11.04,11.11,11.07,0.0,0,32,0.23926,-0.14991,274,617.85
2025-06-30,2026-03-31,527.0,call,113.31,115.78,114.55,107.69,0,3,0.20024,0.88314,274,617.85
2025-06-30,2026-03-31,527.0,put,11.15,11.23,11.19,0.0,0,16,0.23926,-0.15205,274,617.85
2025-06-30,2026-03-31,528.0,call,112.45,114.91,113.68,95.16,0,4,0.20024,0.88098,274,617.85
2025-06-30,2026-03-31,528.0,put,11.27,11.35,11.31,0.0,0,19,0.23926,-0.15422,274,617.85
2025-06-30,2026-03-31,529.0,call,111.59,114.04,112.81,99.31,0,3,0.20024,0.8788,274,617.85
2025-06-30,2026-03-31,529.0,put,11.39,11.47,11.43,0.0,0,139,0.23926,-0.15639,274,617.85
2025-06-30,2026-03-31,530.0,call,110.74,113.0,111.87,89.4,0,45,0.20024,0.87659,274,617.85
2025-06-30,2026-03-31,530.0,put,11.52,11.59,11.55,11.56,1,177,0.23926,-0.15859,274,617.85
2025-06-30,2026-03-31,531.0,call,109.88,112.32,111.1,96.53,0,1,0.20024,0.87436,274,617.85
2025-06-30,2026-03-31,531.0,put,11.64,11.71,11.68,11.67,1,92,0.23926,-0.1608,274,617.85
2025-06-30,2026-03-31,532.0,call,109.03,111.46,110.25,81.59,0,3,0.20024,0.87211,274,617.85
2025-06-30,2026-03-31,532.0,put,11.76,11.84,11.8,0.0,0,33,0.23926,-0.16302,274,617.85
2025-06-30,2026-03-31,533.0,call,108.18,110.61,109.4,87.07,0,9,0.20024,0.86983,274,617.85
2025-06-30,2026-03-31,533.0,put,11.89,11.97,11.93,0.0,0,2,0.23926,-0.16526,274,617.85
2025-06-30,2026-03-31,534.0,call,107.33,109.75,108.54,60.98,0,13,0.20024,0.86753,274,617.85
2025-06-30,2026-03-31,534.0,put,12.02,12.09,12.05,0.0,0,6,0.23926,-0.16752,274,617.85
2025-06-30,2026-03-31,535.0,call,106.48,108.72,107.6,95.87,0,22,0.20024,0.8652,274,617.85
2025-06-30,2026-03-31,535.0,put,12.15,12.22,12.19,11.94,2,183,0.23926,-0.16979,274,617.85
2025-06-30,2026-03-31,536.0,call,105.64,108.15,106.9,61.22,0,4,0.20024,0.86285,274,617.85
2025-06-30,2026-03-31,536.0,put,12.28,12.35,12.31,0.0,0,9,0.22951,-0.16415,274,617.85
2025-06-30,2026-03-31,537.0,call,104.79,107.18,105.99,105.61,1,3,0.20024,0.86048,274,617.85
2025-06-30,2026-03-31,537.0,put,12.41,12.49,12.45,0.0,0,7,0.22951,-0.16648,274,617.85
2025-06-30,2026-03-31,538.0,call,103.95,106.47,105.21,88.92,0,3,0.20024,0.85809,274,617.85
2025-06-30,2026-03-31,538.0,put,12.54,12.62,12.58,0.0,0,3,0.22951,-0.16882,274,617.85
2025-06-30,2026-03-31,539.0,call,103.1,105.48,104.29,95.93,0,1,0.20024,0.85567,274,617.85
2025-06-30,2026-03-31,539.0,put,12.68,12.75,12.71,0.0,0,6,0.22951,-0.17119,274,617.85
2025-06-30,2026-03-31,540.0,call,102.26,104.46,103.36,85.36,0,84,0.20024,0.85323,274,617.85
2025-06-30,2026-03-31,540.0,put,12.81,12.89,12.85,12.97,2,183,0.22951,-0.17357,274,617.85
2025-06-30,2026-03-31,541.0,call,101.42,103.78,102.6,86.13,0,11,0.20024,0.85076,274,617.85
2025-06-30,2026-03-31,541.0,put,12.95,13.03,12.99,13.01,179,46,0.22951,-0.17596,274,617.85
2025-06-30,2026-03-31,542.0,call,100.58,102.93,101.75,85.01,0,11,0.20024,0.84828,274,617.85
2025-06-30,2026-03-31,542.0,put,13.09,13.17,13.13,0.0,0,27,0.22951,-0.17837,274,617.85
2025-06-30,2026-03-31,543.0,call,99.74,102.27,101.0,76.51,0,4,0.20024,0.84577,274,617.85
2025-06-30,2026-03-31,543.0,put,13.23,13.31,13.27,0.0,0,128,0.22951,-0.1808,274,617.85
2025-06-30,2026-03-31,544.0,call,98.91,101.24,100.07,84.78,0,6,0.19048,0.85332,274,617.85
2025-06-30,2026-03-31,544.0,put,13.37,13.45,13.41,0.0,0,22,0.22951,-0.18325,274,617.85
2025-06-30,2026-03-31,545.0,call,98.06,100.24,99.15,98.53,5,29,0.19048,0.85075,274,617.85
2025-06-30,2026-03-31,545.0,put,13.51,13.59,13.55,0.0,0,188,0.22951,-0.18571,274,617.85
2025-06-30,2026-03-31,546.0,call,97.24,99.56,98.4,92.82,0,3,0.19048,0.84815,274,617.85
2025-06-30,2026-03-31,546.0,put,13.66,13.74,13.7,0.0,0,10,0.22951,-0.18819,274,617.85
2025-06-30,2026-03-31,547.0,call,96.4,98.78,97.59,78.54,0,11,0.19048,0.84553,274,617.85
2025-06-30,2026-03-31,547.0,put,13.8,13.89,13.85,0.0,0,87,0.22951,-0.19068,274,617.85
2025-06-30,2026-03-31,548.0,call,95.56,97.88,96.72,75.85,0,14,0.19048,0.84289,274,617.85
2025-06-30,2026-03-31,548.0,put,13.95,14.03,13.99,0.0,0,73,0.22951,-0.19319,274,617.85
2025-06-30,2026-03-31,549.0,call,94.74,97.29,96.02,91.24,0,8,0.19048,0.84022,274,617.85
2025-06-30,2026-03-31,549.0,put,14.1,14.18,14.14,0.0,0,6,0.22951,-0.19571,274,617.85
2025-06-30,2026-03-31,550.0,call,93.86,96.46,95.16,94.49,6,104,0.19048,0.83752,274,617.85
2025-06-30,2026-03-31,550.0,put,14.25,14.33,14.29,14.35,12,692,0.22951,-0.19825,274,617.85
2025-06-30,2026-03-31,551.0,call,93.03,95.38,94.2,93.66,6,12,0.19048,0.8348,274,617.85
2025-06-30,2026-03-31,551.0,put,14.4,14.49,14.45,0.0,0,10,0.21975,-0.19287,274,617.85
2025-06-30,2026-03-31,552.0,call,92.25,94.82,93.53,89.35,0,6,0.19048,0.83206,274,617.85
2025-06-30,2026-03-31,552.0,put,14.56,14.64,14.6,0.0,0,142,0.21975,-0.19549,274,617.85
2025-06-30,2026-03-31,553.0,call,91.43,93.71,92.57,87.55,0,3,0.19048,0.82929,274,617.85
2025-06-30,2026-03-31,553.0,put,14.71,14.8,14.76,0.0,0,104,0.21975,-0.19813,274,617.85
2025-06-30,2026-03-31,554.0,call,90.61,93.18,91.9,83.35,0,7,0.19048,0.8265,274,617.85
2025-06-30,2026-03-31,554.0,put,14.87,14.95,14.91,0.0,0,205,0.21975,-0.20078,274,617.85
2025-06-30,2026-03-31,555.0,call,89.78,91.9,90.84,86.04,0,17,0.19048,0.82368,274,617.85
2025-06-30,2026-03-31,555.0,put,15.03,15.11,15.07,0.0,0,938,0.21975,-0.20345,274,617.85
2025-06-30,2026-03-31,556.0,call,88.96,91.23,90.09,72.53,0,1,0.19048,0.82084,274,617.85
2025-06-30,2026-03-31,556.0,put,15.19,15.27,15.23,15.0,1,100,0.21975,-0.20613,274,617.85
2025-06-30,2026-03-31,557.0,call,88.15,90.41,89.28,79.19,0,6,0.19048,0.81798,274,617.85
2025-06-30,2026-03-31,557.0,put,15.35,15.44,15.39,0.0,0,99,0.21975,-0.20884,274,617.85
2025-06-30,2026-03-31,558.0,call,87.33,89.58,88.45,75.44,0,40,0.19048,0.81509,274,617.85
2025-06-30,2026-03-31,558.0,put,15.51,15.6,15.55,15.66,1,217,0.21975,-0.21155,274,617.85
2025-06-30,2026-03-31,559.0,call,86.51,88.76,87.64,86.78,1,19,0.19048,0.81218,274,617.85
2025-06-30,2026-03-31,559.0,put,15.68,15.77,15.72,0.0,0,12,0.21975,-0.21428,274,617.85
2025-06-30,2026-03-31,560.0,call,85.7,87.79,86.75,85.95,6,48,0.19048,0.80925,274,617.85
2025-06-30,2026-03-31,560.0,put,15.85,15.93,15.89,15.99,1,483,0.21975,-0.21703,274,617.85
2025-06-30,2026-03-31,561.0,call,84.89,87.12,86.0,85.79,4,81,0.19048,0.8063,274,617.85
2025-06-30,2026-03-31,561.0,put,16.01,16.1,16.05,0.0,0,7,0.21975,-0.2198,274,617.85
2025-06-30,2026-03-31,562.0,call,84.08,86.31,85.19,61.07,0,26,0.19048,0.80332,274,617.85
2025-06-30,2026-03-31,562.0,put,16.18,16.27,16.23,0.0,0,15,0.21975,-0.22257,274,617.85
2025-06-30,2026-03-31,563.0,call,83.27,85.49,84.38,58.5,0,1,0.18073,0.81046,274,617.85
2025-06-30,2026-03-31,563.0,put,16.36,16.45,16.41,0.0,0,5,0.21975,-0.22537,274,617.85
2025-06-30,2026-03-31,564.0,call,82.46,85.13,83.79,67.64,0,14,0.19048,0.7973,274,617.85
2025-06-30,2026-03-31,564.0,put,16.53,16.62,16.58,0.0,0,40,0.21975,-0.22817,274,617.85
2025-06-30,2026-03-31,565.0,call,81.65,84.25,82.95,78.51,0,99,0.18073,0.80426,274,617.85
2025-06-30,2026-03-31,565.0,put,16.71,16.8,16.76,0.0,0,72,0.21975,-0.231,274,617.85
2025-06-30,2026-03-31,566.0,call,80.85,83.11,81.98,81.14,7,14,0.18073,0.80112,274,617.85
2025-06-30,2026-03-31,566.0,put,16.88,16.98,16.93,0.0,0,10,0.21975,-0.23383,274,617.85
2025-06-30,2026-03-31,567.0,call,80.04,82.24,81.14,67.71,0,2,0.18073,0.79796,274,617.85
2025-06-30,2026-03-31,567.0,put,17.06,17.16,17.11,17.08,1,38,0.21,-0.22914,274,617.85
2025-06-30,2026-03-31,568.0,call,79.24,81.44,80.34,62.99,0,7,0.18073,0.79478,274,617.85
2025-06-30,2026-03-31,568.0,put,17.25,17.34,17.3,0.0,0,4,0.21,-0.23209,274,617.85
2025-06-30,2026-03-31,569.0,call,78.44,80.63,79.53,71.7,0,19,0.18073,0.79157,274,617.85
2025-06-30,2026-03-31,569.0,put,17.43,17.52,17.48,0.0,0,4,0.21,-0.23505,274,617.85
2025-06-30,2026-03-31,570.0,call,77.22,79.72,78.47,78.02,7,1116,0.18073,0.78834,274,617.85
2025-06-30,2026-03-31,570.0,put,17.62,17.71,17.66,17.5,10,86,0.21,-0.23803,274,617.85
2025-06-30,2026-03-31,571.0,call,76.85,79.03,77.94,0.0,0,0,0.18073,0.78508,274,617.85
2025-06-30,2026-03-31,571.0,put,17.8,17.9,17.85,0.0,0,41,0.21,-0.24102,274,617.85
2025-06-30,2026-03-31,572.0,call,76.05,78.23,77.14,69.26,0,5,0.18073,0.7818,274,617.85
2025-06-30,2026-03-31,572.0,put,17.99,18.09,18.04,0.0,0,44,0.21,-0.24402,274,617.85
2025-06-30,2026-03-31,573.0,call,75.26,77.46,76.36,70.7,0,2,0.18073,0.7785,274,617.85
2025-06-30,2026-03-31,573.0,put,18.18,18.28,18.23,0.0,0,1,0.21,-0.24705,274,617.85
2025-06-30,2026-03-31,574.0,call,74.47,77.11,75.79,65.64,0,0,0.18073,0.77518,274,617.85
2025-06-30,2026-03-31,574.0,put,18.38,18.47,18.42,18.57,14,32,0.21,-0.25008,274,617.85
2025-06-30,2026-03-31,575.0,call,73.68,75.73,74.71,71.2,0,32,0.18073,0.77183,274,617.85
2025-06-30,2026-03-31,575.0,put,18.57,18.67,18.62,0.0,0,59,0.21,-0.25313,274,617.85
2025-06-30,2026-03-31,576.0,call,72.89,75.52,74.2,57.1,0,1,0.18073,0.76846,274,617.85
2025-06-30,2026-03-31,576.0,put,18.77,18.87,18.82,0.0,0,9,0.21,-0.2562,274,617.85
2025-06-30,2026-03-31,577.0,call,72.1,74.34,73.22,57.99,0,13,0.18073,0.76507,274,617.85
2025-06-30,2026-03-31,577.0,put,18.97,19.07,19.02,0.0,0,139,0.21,-0.25927,274,617.85
2025-06-30,2026-03-31,578.0,call,71.32,73.5,72.41,61.84,0,4,0.18073,0.76166,274,617.85
2025-06-30,2026-03-31,578.0,put,19.17,19.27,19.22,0.0,0,4,0.21,-0.26237,274,617.85
2025-06-30,2026-03-31,579.0,call,70.54,72.72,71.63,69.64,0,9,0.18073,0.75823,274,617.85
2025-06-30,2026-03-31,579.0,put,19.38,19.47,19.42,19.51,12,189,0.21,-0.26547,274,617.85
2025-06-30,2026-03-31,580.0,call,69.76,71.79,70.78,71.69,5,47,0.17097,0.76432,274,617.85
2025-06-30,2026-03-31,580.0,put,19.58,19.68,19.63,19.79,7,740,0.21,-0.26859,274,617.85
2025-06-30,2026-03-31,581.0,call,68.98,71.15,70.06,63.55,0,9,0.17097,0.76072,274,617.85
2025-06-30,2026-03-31,581.0,put,19.79,19.89,19.84,0.0,0,259,0.21,-0.27172,274,617.85
2025-06-30,2026-03-31,582.0,call,68.21,70.37,69.29,67.8,0,25,0.17097,0.7571,274,617.85
2025-06-30,2026-03-31,582.0,put,20.0,20.1,20.05,0.0,0,207,0.20024,-0.26808,274,617.85
2025-06-30,2026-03-31,583.0,call,67.43,70.07,68.75,49.57,0,5,0.17097,0.75346,274,617.85
2025-06-30,2026-03-31,583.0,put,20.22,20.32,20.27,20.4,2,45,0.20024,-0.27135,274,617.85
2025-06-30,2026-03-31,584.0,call,66.66,68.81,67.73,67.57,1,68,0.17097,0.7498,274,617.85
2025-06-30,2026-03-31,584.0,put,20.43,20.53,20.48,20.88,1,78,0.20024,-0.27463,274,617.85
2025-06-30,2026-03-31,585.0,call,65.89,67.9,66.9,66.5,2,123,0.17097,0.74611,274,617.85
2025-06-30,2026-03-31,585.0,put,20.65,20.75,20.7,0.0,0,259,0.20024,-0.27793,274,617.85
2025-06-30,2026-03-31,586.0,call,65.12,67.72,66.42,53.89,0,19,0.17097,0.74241,274,617.85
2025-06-30,2026-03-31,586.0,put,20.87,20.97,20.92,0.0,0,194,0.20024,-0.28124,274,617.85
2025-06-30,2026-03-31,590.0,call,62.07,64.06,63.06,62.2,1,133,0.17097,0.72736,274,617.85
2025-06-30,2026-03-31,590.0,put,21.78,21.88,21.83,21.41,3,1105,0.20024,-0.29461,274,617.85
2025-06-30,2026-03-31,595.0,call,58.31,60.31,59.31,58.73,1,44,0.17097,0.70812,274,617.85
2025-06-30,2026-03-31,595.0,put,22.97,23.07,23.02,0.0,0,186,0.20024,-0.3116,274,617.85
2025-06-30,2026-03-31,600.0,call,54.64,56.58,55.61,54.75,5,181,0.16122,0.69582,274,617.85
2025-06-30,2026-03-31,600.0,put,24.23,24.34,24.29,24.15,16,1824,0.19048,-0.3238,274,617.85
2025-06-30,2026-03-31,605.0,call,51.08,52.95,52.02,48.05,0,122,0.16122,0.67473,274,617.85
2025-06-30,2026-03-31,605.0,put,25.57,25.69,25.63,25.15,5,73,0.19048,-0.34207,274,617.85
2025-06-30,2026-03-31,610.0,call,47.42,49.88,48.65,48.38,11,147,0.16122,0.65324,274,617.85
2025-06-30,2026-03-31,610.0,put,27.0,27.12,27.06,26.81,116,635,0.19048,-0.36057,274,617.85
2025-06-30,2026-03-31,615.0,call,44.21,45.9,45.05,46.21,174,330,0.15146,0.63628,274,617.85
2025-06-30,2026-03-31,615.0,put,28.53,28.66,28.59,28.52,108,1505,0.18073,-0.37623,274,617.85
2025-06-30,2026-03-31,620.0,call,40.9,42.44,41.67,41.66,4,451,0.15146,0.61288,274,617.85
2025-06-30,2026-03-31,620.0,put,30.18,30.31,30.24,30.66,3,323,0.18073,-0.39601,274,617.85
2025-06-30,2026-03-31,625.0,call,37.7,39.21,38.45,37.59,0,217,0.15146,0.58926,274,617.85
2025-06-30,2026-03-31,625.0,put,31.95,32.09,32.02,0.0,0,446,0.18073,-0.4159,274,617.85
2025-06-30,2026-03-31,630.0,call,35.2,35.32,35.26,34.74,11,555,0.15146,0.56549,274,617.85
2025-06-30,2026-03-31,630.0,put,33.85,33.99,33.92,0.0,0,1038,0.18073,-0.43585,274,617.85
2025-06-30,2026-03-31,635.0,call,32.18,32.29,32.23,31.77,0,504,0.1417,0.54107,274,617.85
2025-06-30,2026-03-31,635.0,put,35.89,36.04,35.97,0.0,0,83,0.18073,-0.4558,274,617.85
2025-06-30,2026-03-31,640.0,call,29.29,29.4,29.34,28.51,4,175,0.1417,0.51566,274,617.85
2025-06-30,2026-03-31,640.0,put,38.09,38.24,38.17,0.0,0,438,0.17097,-0.47778,274,617.85
2025-06-30,2026-03-31,645.0,call,26.53,26.64,26.59,26.38,1,91,0.1417,0.49037,274,617.85
2025-06-30,2026-03-31,645.0,put,39.96,41.28,40.62,0.0,0,8,0.17097,-0.49873,274,617.85
2025-06-30,2026-03-31,650.0,call,23.92,24.02,23.97,24.41,7,201,0.13195,0.45929,274,617.85
2025-06-30,2026-03-31,650.0,put,42.48,43.9,43.19,0.0,0,241,0.17097,-0.51952,274,617.85
2025-06-30,2026-03-31,655.0,call,21.46,21.56,21.51,21.67,10,209,0.13195,0.4328,274,617.85
2025-06-30,2026-03-31,655.0,put,44.71,46.86,45.78,0.0,0,3,0.17097,-0.5401,274,617.85
2025-06-30,2026-03-31,660.0,call,19.16,19.26,19.21,19.14,22,131,0.13195,0.4068,274,617.85
2025-06-30,2026-03-31,660.0,put,47.45,49.81,48.63,49.8,2,7,0.17097,-0.56041,274,617.85
2025-06-30,2026-03-31,665.0,call,17.02,17.11,17.06,17.04,20,72,0.13195,0.3814,274,617.85
2025-06-30,2026-03-31,665.0,put,50.14,52.96,51.55,0.0,0,0,0.17097,-0.58042,274,617.85
2025-06-30,2026-03-31,670.0,call,15.04,15.13,15.09,13.25,0,131,0.12219,0.34258,274,617.85
2025-06-30,2026-03-31,670.0,put,54.55,56.38,55.47,55.16,1,2,0.17097,-0.60007,274,617.85
2025-06-30,2026-03-31,675.0,call,13.23,13.32,13.28,13.3,76,403,0.12219,0.31716,274,617.85
2025-06-30,2026-03-31,675.0,put,58.15,60.08,59.11,0.0,0,1,0.18073,-0.60991,274,617.85
2025-06-30,2026-03-31,680.0,call,11.59,11.67,11.63,11.48,10,216,0.12219,0.29275,274,617.85
2025-06-30,2026-03-31,680.0,put,61.98,64.15,63.06,0.0,0,1,0.18073,-0.62787,274,617.85
2025-06-30,2026-03-31,685.0,call,10.1,10.19,10.14,8.3,0,116,0.12219,0.26942,274,617.85
2025-06-30,2026-03-31,685.0,put,66.12,69.18,67.65,0.0,0,0,0.19048,-0.63521,274,617.85
2025-06-30,2026-03-31,690.0,call,8.77,8.85,8.81,9.1,4,283,0.12219,0.24722,274,617.85
2025-06-30,2026-03-31,690.0,put,70.94,74.01,72.47,0.0,0,0,0.19048,-0.65164,274,617.85
2025-06-30,2026-03-31,695.0,call,7.59,7.66,7.62,6.6,0,130,0.12219,0.22619,274,617.85
2025-06-30,2026-03-31,695.0,put,75.85,79.0,77.42,0.0,0,0,0.20024,-0.65694,274,617.85
2025-06-30,2026-03-31,700.0,call,6.54,6.61,6.58,6.69,74,2569,0.12219,0.20634,274,617.85
2025-06-30,2026-03-31,700.0,put,80.84,84.0,82.42,0.0,0,0,0.21,-0.66147,274,617.85
2025-06-30,2026-03-31,705.0,call,5.62,5.68,5.65,5.58,15,385,0.11244,0.16549,274,617.85
2025-06-30,2026-03-31,705.0,put,85.84,89.0,87.42,0.0,0,0,0.21975,-0.66535,274,617.85
2025-06-30,2026-03-31,710.0,call,4.81,4.87,4.84,4.62,0,177,0.11244,0.14809,274,617.85
2025-06-30,2026-03-31,710.0,put,90.84,93.99,92.41,0.0,0,0,0.21975,-0.67876,274,617.85
2025-06-30,2026-03-31,715.0,call,4.11,4.16,4.13,4.27,5,283,0.11244,0.13206,274,617.85
2025-06-30,2026-03-31,715.0,put,95.84,98.99,97.41,0.0,0,0,0.22951,-0.68137,274,617.85
2025-06-30,2026-03-31,720.0,call,3.5,3.55,3.52,3.51,9,60,0.11244,0.11737,274,617.85
2025-06-30,2026-03-31,720.0,put,100.84,103.98,102.41,0.0,0,0,0.23926,-0.68354,274,617.85
2025-06-30,2026-03-31,725.0,call,2.98,3.03,3.0,3.01,6,619,0.11244,0.10396,274,617.85
2025-06-30,2026-03-31,725.0,put,105.85,108.98,107.41,0.0,0,0,0.24902,-0.68535,274,617.85
2025-06-30,2026-03-31,730.0,call,2.53,2.57,2.55,2.55,85,21,0.11244,0.09179,274,617.85
2025-06-30,2026-03-31,730.0,put,110.84,113.98,112.41,0.0,0,0,0.24902,-0.69657,274,617.85
2025-06-30,2026-03-31,735.0,call,2.15,2.19,2.17,2.1,0,25,0.11244,0.08077,274,617.85
2025-06-30,2026-03-31,735.0,put,115.84,118.98,117.41,0.0,0,0,0.25877,-0.69753,274,617.85
2025-06-30,2026-03-31,740.0,call,1.82,1.86,1.84,1.5,0,36,0.11244,0.07085,274,617.85
2025-06-30,2026-03-31,740.0,put,120.84,123.97,122.41,0.0,0,0,0.26853,-0.69825,274,617.85
2025-06-30,2026-03-31,745.0,call,1.54,1.58,1.56,1.53,0,17,0.11244,0.06195,274,617.85
2025-06-30,2026-03-31,745.0,put,125.84,128.97,127.41,0.0,0,0,0.26853,-0.70826,274,617.85
2025-06-30,2026-03-31,750.0,call,1.3,1.33,1.31,1.29,0,400,0.11244,0.054,274,617.85
2025-06-30,2026-03-31,750.0,put,130.84,133.98,132.41,0.0,0,0,0.27829,-0.70833,274,617.85
2025-06-30,2026-03-31,755.0,call,1.1,1.14,1.12,1.01,0,240,0.11244,0.04692,274,617.85
2025-06-30,2026-03-31,755.0,put,135.84,138.97,137.41,0.0,0,0,0.28804,-0.70824,274,617.85
2025-06-30,2026-03-31,760.0,call,0.96,0.97,0.96,1.0,7,118,0.11244,0.04064,274,617.85
2025-06-30,2026-03-31,760.0,put,140.82,143.97,142.39,0.0,0,0,0.28804,-0.71725,274,617.85
2025-06-30,2026-06-18,245.0,call,377.87,381.0,379.44,361.98,0,6,0.01488,1.0,353,617.85
2025-06-30,2026-06-18,245.0,put,1.13,1.15,1.14,1.16,22,856,0.4734,-0.01046,353,617.85
2025-06-30,2026-06-18,250.0,call,373.12,376.29,374.71,363.53,0,41,0.01488,1.0,353,617.85
2025-06-30,2026-06-18,250.0,put,1.19,1.21,1.2,1.22,34,2420,0.46365,-0.01061,353,617.85
2025-06-30,2026-06-18,255.0,call,368.37,371.5,369.94,351.56,0,4,0.01488,1.0,353,617.85
2025-06-30,2026-06-18,255.0,put,1.25,1.27,1.26,1.27,2,40,0.46365,-0.01189,353,617.85
2025-06-30,2026-06-18,260.0,call,363.62,366.79,365.21,354.07,0,5,0.01488,1.0,353,617.85
2025-06-30,2026-06-18,260.0,put,1.31,1.33,1.32,1.31,1,42,0.45389,-0.01203,353,617.85
2025-06-30,2026-06-18,265.0,call,358.88,362.0,360.44,349.37,0,28,0.01488,1.0,353,617.85
2025-06-30,2026-06-18,265.0,put,1.38,1.4,1.39,0.0,0,51,0.44414,-0.01215,353,617.85
2025-06-30,2026-06-18,270.0,call,354.13,357.31,355.72,344.65,0,4,0.01488,1.0,353,617.85
2025-06-30,2026-06-18,270.0,put,1.44,1.46,1.45,1.44,6,403,0.44414,-0.01357,353,617.85
2025-06-30,2026-06-18,275.0,call,349.39,352.5,350.94,338.5,0,4,0.01488,1.0,353,617.85
2025-06-30,2026-06-18,275.0,put,1.51,1.53,1.52,1.55,10,207,0.43438,-0.01367,353,617.85
2025-06-30,2026-06-18,280.0,call,344.65,347.83,346.24,314.93,0,3,0.01488,1.0,353,617.85
2025-06-30,2026-06-18,280.0,put,1.58,1.6,1.59,0.0,0,396,0.43438,-0.01522,353,617.85
2025-06-30,2026-06-18,285.0,call,339.92,343.09,341.5,334.66,0,103,0.01488,1.0,353,617.85
2025-06-30,2026-06-18,285.0,put,1.66,1.68,1.67,0.0,0,200,0.42462,-0.01531,353,617.85
2025-06-30,2026-06-18,290.0,call,335.18,338.36,336.77,328.07,0,203,0.01488,1.0,353,617.85
2025-06-30,2026-06-18,290.0,put,1.73,1.75,1.74,1.74,6,214,0.42462,-0.01699,353,617.85
2025-06-30,2026-06-18,295.0,call,330.45,333.62,332.03,325.1,0,352,0.01488,1.0,353,617.85
2025-06-30,2026-06-18,295.0,put,1.81,1.83,1.82,0.0,0,3459,0.41487,-0.01706,353,617.85
2025-06-30,2026-06-18,300.0,call,325.63,328.83,327.23,325.89,4,426,0.01488,1.0,353,617.85
2025-06-30,2026-06-18,300.0,put,1.89,1.91,1.9,1.9,11,3908,0.41487,-0.01888,353,617.85
2025-06-30,2026-06-18,305.0,call,320.9,324.11,322.5,318.96,0,478,0.01488,1.0,353,617.85
2025-06-30,2026-06-18,305.0,put,1.97,1.99,1.98,1.97,3,189,0.40511,-0.01894,353,617.85
2025-06-30,2026-06-18,310.0,call,316.26,319.44,317.85,311.94,0,85,0.01488,1.0,353,617.85
2025-06-30,2026-06-18,310.0,put,2.05,2.08,2.06,2.04,2,58,0.40511,-0.0209,353,617.85
2025-06-30,2026-06-18,315.0,call,311.54,314.72,313.13,307.32,0,44,0.01488,1.0,353,617.85
2025-06-30,2026-06-18,315.0,put,2.14,2.16,2.15,2.14,13,46,0.39536,-0.02094,353,617.85
2025-06-30,2026-06-18,320.0,call,306.82,310.0,308.41,306.99,0,23,0.01488,1.0,353,617.85
2025-06-30,2026-06-18,320.0,put,2.23,2.25,2.24,0.0,0,112,0.39536,-0.02306,353,617.85
2025-06-30,2026-06-18,325.0,call,302.1,305.28,303.69,299.71,0,61,0.01488,1.0,353,617.85
2025-06-30,2026-06-18,325.0,put,2.32,2.34,2.33,0.0,0,1209,0.3856,-0.02307,353,617.85
2025-06-30,2026-06-18,330.0,call,297.38,300.57,298.98,290.29,0,52,0.01488,1.0,353,617.85
2025-06-30,2026-06-18,330.0,put,2.41,2.44,2.42,2.43,1,146,0.3856,-0.02536,353,617.85
2025-06-30,2026-06-18,335.0,call,292.67,295.86,294.26,276.39,0,5,0.01488,1.0,353,617.85
2025-06-30,2026-06-18,335.0,put,2.51,2.54,2.52,0.0,0,131,0.37584,-0.02534,353,617.85
2025-06-30,2026-06-18,340.0,call,287.96,291.15,289.55,273.33,0,111,0.01488,1.0,353,617.85
2025-06-30,2026-06-18,340.0,put,2.61,2.64,2.62,0.0,0,1688,0.37584,-0.0278,353,617.85
2025-06-30,2026-06-18,345.0,call,283.26,286.45,284.86,268.3,0,151,0.01488,1.0,353,617.85
2025-06-30,2026-06-18,345.0,put,2.72,2.74,2.73,2.74,1,870,0.36609,-0.02776,353,617.85
2025-06-30,2026-06-18,350.0,call,278.56,281.75,280.15,270.0,0,174,0.01488,1.0,353,617.85
2025-06-30,2026-06-18,350.0,put,2.82,2.85,2.83,2.85,402,11658,0.36609,-0.0304,353,617.85
2025-06-30,2026-06-18,355.0,call,273.87,277.05,275.46,260.65,0,383,0.01488,1.0,353,617.85
2025-06-30,2026-06-18,355.0,put,2.94,2.97,2.96,0.0,0,192,0.35633,-0.03033,353,617.85
2025-06-30,2026-06-18,360.0,call,269.18,272.36,270.77,255.71,0,99,0.01488,1.0,353,617.85
2025-06-30,2026-06-18,360.0,put,3.06,3.09,3.08,3.07,1,10522,0.35633,-0.03317,353,617.85
2025-06-30,2026-06-18,365.0,call,264.49,267.68,266.09,256.89,0,111,0.01488,1.0,353,617.85
2025-06-30,2026-06-18,365.0,put,3.18,3.21,3.2,3.17,4,133,0.34658,-0.03306,353,617.85
2025-06-30,2026-06-18,370.0,call,259.81,262.97,261.39,245.94,0,43,0.01488,1.0,353,617.85
2025-06-30,2026-06-18,370.0,put,3.31,3.34,3.33,3.29,5,278,0.34658,-0.03611,353,617.85
2025-06-30,2026-06-18,375.0,call,255.14,258.33,256.74,238.07,0,201,0.01488,1.0,353,617.85
2025-06-30,2026-06-18,375.0,put,3.45,3.48,3.46,3.48,1,684,0.33682,-0.03597,353,617.85
2025-06-30,2026-06-18,380.0,call,250.37,253.61,251.99,250.92,4,124,0.01488,1.0,353,617.85
2025-06-30,2026-06-18,380.0,put,3.59,3.62,3.6,3.58,16,238,0.33682,-0.03925,353,617.85
2025-06-30,2026-06-18,385.0,call,245.81,248.96,247.38,232.98,0,170,0.01488,1.0,353,617.85
2025-06-30,2026-06-18,385.0,put,3.74,3.77,3.75,3.74,29,384,0.32707,-0.03907,353,617.85
2025-06-30,2026-06-18,390.0,call,241.16,244.35,242.75,223.49,0,176,0.01488,1.0,353,617.85
2025-06-30,2026-06-18,390.0,put,3.9,3.93,3.92,3.85,5,759,0.32707,-0.04258,353,617.85
2025-06-30,2026-06-18,395.0,call,236.51,239.71,238.11,220.04,0,102,0.01488,1.0,353,617.85
2025-06-30,2026-06-18,395.0,put,4.07,4.1,4.08,4.07,1,811,0.32707,-0.0463,353,617.85
2025-06-30,2026-06-18,400.0,call,231.87,235.01,233.44,231.51,0,148,0.01488,1.0,353,617.85
2025-06-30,2026-06-18,400.0,put,4.24,4.27,4.25,4.25,19,3357,0.31731,-0.04614,353,617.85
2025-06-30,2026-06-18,405.0,call,227.24,230.38,228.81,227.5,4,153,0.01488,1.0,353,617.85
2025-06-30,2026-06-18,405.0,put,4.42,4.46,4.44,4.35,6,331,0.31731,-0.05012,353,617.85
2025-06-30,2026-06-18,410.0,call,222.5,225.73,224.12,224.0,9,358,0.01488,1.0,353,617.85
2025-06-30,2026-06-18,410.0,put,4.62,4.65,4.63,4.62,219,2880,0.30755,-0.04993,353,617.85
2025-06-30,2026-06-18,415.0,call,218.01,221.21,219.61,211.37,0,11,0.01488,1.0,353,617.85
2025-06-30,2026-06-18,415.0,put,4.82,4.86,4.84,0.0,0,660,0.30755,-0.0542,353,617.85
2025-06-30,2026-06-18,420.0,call,213.41,216.53,214.97,209.3,0,99,0.01488,1.0,353,617.85
2025-06-30,2026-06-18,420.0,put,5.04,5.07,5.05,5.03,19,12135,0.30755,-0.05869,353,617.85
2025-06-30,2026-06-18,425.0,call,208.82,211.94,210.38,201.5,0,170,0.16122,0.99657,353,617.85
2025-06-30,2026-06-18,425.0,put,5.26,5.3,5.28,5.26,53,9393,0.2978,-0.05856,353,617.85
2025-06-30,2026-06-18,430.0,call,204.24,207.37,205.81,205.15,4,207,0.18073,0.99096,353,617.85
2025-06-30,2026-06-18,430.0,put,5.51,5.55,5.53,5.48,58,924,0.2978,-0.06337,353,617.85
2025-06-30,2026-06-18,435.0,call,199.67,202.8,201.24,200.0,0,78,0.19048,0.98575,353,617.85
2025-06-30,2026-06-18,435.0,put,5.76,5.81,5.79,5.77,2,1825,0.2978,-0.06843,353,617.85
2025-06-30,2026-06-18,440.0,call,195.12,198.25,196.69,195.19,7,422,0.19048,0.98339,353,617.85
2025-06-30,2026-06-18,440.0,put,6.03,6.08,6.05,6.13,61,2862,0.28804,-0.06839,353,617.85
2025-06-30,2026-06-18,445.0,call,191.16,193.71,192.44,178.9,0,22,0.20024,0.97602,353,617.85
2025-06-30,2026-06-18,445.0,put,6.32,6.36,6.34,6.26,31,4124,0.28804,-0.07381,353,617.85
2025-06-30,2026-06-18,450.0,call,186.65,189.2,187.93,182.43,0,132,0.21,0.96719,353,617.85
2025-06-30,2026-06-18,450.0,put,6.61,6.66,6.63,6.56,76,4808,0.27829,-0.07379,353,617.85
2025-06-30,2026-06-18,455.0,call,182.14,184.7,183.42,182.63,2,32,0.21,0.96307,353,617.85
2025-06-30,2026-06-18,455.0,put,6.93,6.98,6.96,6.87,22,1346,0.27829,-0.0796,353,617.85
2025-06-30,2026-06-18,460.0,call,177.65,180.21,178.93,178.18,2,99,0.21,0.95859,353,617.85
2025-06-30,2026-06-18,460.0,put,7.26,7.31,7.29,7.2,16,1873,0.27829,-0.08568,353,617.85
2025-06-30,2026-06-18,465.0,call,173.16,175.74,174.45,165.11,0,59,0.21,0.95374,353,617.85
2025-06-30,2026-06-18,465.0,put,7.62,7.67,7.64,7.55,48,1001,0.26853,-0.08584,353,617.85
2025-06-30,2026-06-18,470.0,call,168.75,171.29,170.02,170.31,1,359,0.21,0.9485,353,617.85
2025-06-30,2026-06-18,470.0,put,7.99,8.04,8.02,7.99,272,1877,0.26853,-0.09236,353,617.85
2025-06-30,2026-06-18,475.0,call,164.31,166.86,165.59,153.5,0,91,0.21,0.94286,353,617.85
2025-06-30,2026-06-18,475.0,put,8.38,8.43,8.41,8.3,277,1861,0.26853,-0.09918,353,617.85
2025-06-30,2026-06-18,480.0,call,159.86,162.57,161.22,160.58,9,230,0.21,0.93681,353,617.85
2025-06-30,2026-06-18,480.0,put,8.79,8.84,8.81,8.73,33,3085,0.26853,-0.10627,353,617.85
2025-06-30,2026-06-18,485.0,call,155.51,158.06,156.78,150.5,0,111,0.21,0.93034,353,617.85
2025-06-30,2026-06-18,485.0,put,9.22,9.28,9.25,9.33,13,1051,0.25877,-0.10691,353,617.85
2025-06-30,2026-06-18,490.0,call,151.14,153.7,152.42,151.21,3,81,0.21,0.92345,353,617.85
2025-06-30,2026-06-18,490.0,put,9.67,9.74,9.71,9.56,18,1071,0.25877,-0.11452,353,617.85
2025-06-30,2026-06-18,495.0,call,146.8,149.37,148.09,147.09,3,115,0.21,0.91613,353,617.85
2025-06-30,2026-06-18,495.0,put,10.15,10.22,10.19,10.18,88,776,0.25877,-0.12243,353,617.85
2025-06-30,2026-06-18,500.0,call,141.85,145.01,143.43,143.03,10,1183,0.20024,0.9171,353,617.85
2025-06-30,2026-06-18,500.0,put,10.66,10.73,10.7,10.56,57,9634,0.24902,-0.1235,353,617.85
2025-06-30,2026-06-18,505.0,call,138.17,140.68,139.43,138.3,4,157,0.20024,0.90912,353,617.85
2025-06-30,2026-06-18,505.0,put,11.19,11.26,11.22,11.21,5,4424,0.24902,-0.13199,353,617.85
2025-06-30,2026-06-18,510.0,call,133.89,136.36,135.12,132.96,0,182,0.20024,0.90066,353,617.85
2025-06-30,2026-06-18,510.0,put,11.75,11.82,11.79,11.83,56,7028,0.24902,-0.14079,353,617.85
2025-06-30,2026-06-18,515.0,call,129.03,132.07,130.55,128.76,0,511,0.20024,0.89172,353,617.85
2025-06-30,2026-06-18,515.0,put,12.34,12.41,12.38,12.37,2,1850,0.23926,-0.14243,353,617.85
2025-06-30,2026-06-18,520.0,call,124.81,127.82,126.31,126.48,11,6137,0.20024,0.88232,353,617.85
2025-06-30,2026-06-18,520.0,put,12.96,13.03,13.0,12.79,68,4763,0.23926,-0.15188,353,617.85
2025-06-30,2026-06-18,525.0,call,121.22,123.59,122.41,121.63,1,335,0.20024,0.87246,353,617.85
2025-06-30,2026-06-18,525.0,put,13.61,13.68,13.64,13.43,10,1376,0.23926,-0.16165,353,617.85
2025-06-30,2026-06-18,530.0,call,116.46,119.79,118.12,114.0,0,454,0.19048,0.87201,353,617.85
2025-06-30,2026-06-18,530.0,put,14.29,14.37,14.33,14.47,82,3962,0.23926,-0.17171,353,617.85
2025-06-30,2026-06-18,535.0,call,112.33,115.23,113.78,112.25,0,552,0.19048,0.86122,353,617.85
2025-06-30,2026-06-18,535.0,put,15.01,15.09,15.05,15.04,9,6827,0.22951,-0.17456,353,617.85
2025-06-30,2026-06-18,540.0,call,108.24,111.1,109.67,110.26,19,3643,0.19048,0.84993,353,617.85
2025-06-30,2026-06-18,540.0,put,15.76,15.84,15.8,15.59,12,5037,0.22951,-0.18537,353,617.85
2025-06-30,2026-06-18,545.0,call,104.17,106.99,105.58,103.08,0,548,0.19048,0.83817,353,617.85
2025-06-30,2026-06-18,545.0,put,16.55,16.63,16.59,16.3,3,2400,0.22951,-0.19648,353,617.85
2025-06-30,2026-06-18,550.0,call,100.14,102.92,101.53,102.68,10,12674,0.19048,0.82593,353,617.85
2025-06-30,2026-06-18,550.0,put,17.37,17.46,17.41,17.14,75,7125,0.21975,-0.20042,353,617.85
2025-06-30,2026-06-18,555.0,call,96.7,98.89,97.8,97.75,2,401,0.19048,0.81324,353,617.85
2025-06-30,2026-06-18,555.0,put,18.24,18.33,18.28,18.28,4,3485,0.21975,-0.21237,353,617.85
2025-06-30,2026-06-18,560.0,call,92.19,94.9,93.55,94.5,6,1720,0.18073,0.80992,353,617.85
2025-06-30,2026-06-18,560.0,put,19.14,19.23,19.19,18.83,10,6684,0.21975,-0.2246,353,617.85
2025-06-30,2026-06-18,565.0,call,88.26,91.19,89.72,89.18,3,944,0.18073,0.79605,353,617.85
2025-06-30,2026-06-18,565.0,put,20.09,20.18,20.13,19.9,3,1774,0.21975,-0.23712,353,617.85
2025-06-30,2026-06-18,570.0,call,84.49,87.01,85.75,84.46,15,6171,0.18073,0.78172,353,617.85
2025-06-30,2026-06-18,570.0,put,21.08,21.17,21.12,21.11,12,3895,0.21,-0.2431,353,617.85
2025-06-30,2026-06-18,575.0,call,80.7,83.13,81.91,81.83,3,3250,0.18073,0.76696,353,617.85
2025-06-30,2026-06-18,575.0,put,22.11,22.22,22.16,21.89,1022,7118,0.21,-0.25653,353,617.85
2025-06-30,2026-06-18,580.0,call,76.72,79.67,78.19,77.85,5,2328,0.17097,0.76087,353,617.85
2025-06-30,2026-06-18,580.0,put,23.2,23.31,23.25,23.5,5,2568,0.21,-0.27022,353,617.85
2025-06-30,2026-06-18,585.0,call,73.42,75.5,74.46,73.55,7,308,0.17097,0.74475,353,617.85
2025-06-30,2026-06-18,585.0,put,24.34,24.45,24.39,24.02,5920,2240,0.21,-0.28414,353,617.85
2025-06-30,2026-06-18,590.0,call,69.6,71.75,70.67,69.6,9,1065,0.17097,0.72822,353,617.85
2025-06-30,2026-06-18,590.0,put,25.54,25.65,25.59,25.85,10,5020,0.20024,-0.29276,353,617.85
2025-06-30,2026-06-18,595.0,call,66.0,68.07,67.03,66.82,4,1190,0.17097,0.71132,353,617.85
2025-06-30,2026-06-18,595.0,put,26.79,26.91,26.85,26.5,64,1685,0.20024,-0.30766,353,617.85
2025-06-30,2026-06-18,600.0,call,62.46,64.43,63.45,63.5,32,4120,0.16122,0.70136,353,617.85
2025-06-30,2026-06-18,600.0,put,28.1,28.23,28.16,28.0,94,3064,0.20024,-0.32276,353,617.85
2025-06-30,2026-06-18,605.0,call,58.97,60.85,59.91,59.0,19,1607,0.16122,0.68295,353,617.85
2025-06-30,2026-06-18,605.0,put,29.49,29.62,29.55,29.45,152,1445,0.20024,-0.33803,353,617.85
2025-06-30,2026-06-18,610.0,call,55.53,57.36,56.45,56.73,53,1171,0.16122,0.66424,353,617.85
2025-06-30,2026-06-18,610.0,put,30.97,31.1,31.04,30.75,48,1757,0.19048,-0.34994,353,617.85
2025-06-30,2026-06-18,615.0,call,52.15,53.94,53.05,53.42,96,2245,0.16122,0.64526,353,617.85
2025-06-30,2026-06-18,615.0,put,32.52,32.66,32.59,32.0,220,1978,0.19048,-0.36622,353,617.85
2025-06-30,2026-06-18,620.0,call,48.87,50.58,49.72,50.03,615,3850,0.15146,0.63017,353,617.85
2025-06-30,2026-06-18,620.0,put,34.17,34.32,34.25,34.13,65,382,0.19048,-0.3826,353,617.85
2025-06-30,2026-06-18,625.0,call,45.24,47.67,46.45,47.53,276,1473,0.15146,0.60964,353,617.85
2025-06-30,2026-06-18,625.0,put,35.93,36.08,36.0,35.66,24,5220,0.19048,-0.39906,353,617.85
2025-06-30,2026-06-18,630.0,call,42.04,44.44,43.24,43.87,99,1528,0.15146,0.58896,353,617.85
2025-06-30,2026-06-18,630.0,put,37.8,37.95,37.88,37.33,12,340,0.18073,-0.41492,353,617.85
2025-06-30,2026-06-18,635.0,call,40.14,40.27,40.2,40.41,20,2781,0.15146,0.5682,353,617.85
2025-06-30,2026-06-18,635.0,put,39.78,39.94,39.86,39.58,4,29,0.18073,-0.43233,353,617.85
2025-06-30,2026-06-18,640.0,call,37.17,37.3,37.23,37.76,49,1468,0.1417,0.54674,353,617.85
2025-06-30,2026-06-18,640.0,put,41.89,42.05,41.97,42.63,2,1549,0.18073,-0.44975,353,617.85
2025-06-30,2026-06-18,645.0,call,34.31,34.43,34.37,34.97,56,1495,0.1417,0.52455,353,617.85
2025-06-30,2026-06-18,645.0,put,44.15,44.31,44.23,44.96,2,3225,0.18073,-0.46712,353,617.85
2025-06-30,2026-06-18,650.0,call,31.55,31.68,31.62,32.25,82,5253,0.1417,0.50246,353,617.85
2025-06-30,2026-06-18,650.0,put,46.27,46.89,46.58,47.17,3,2397,0.18073,-0.48442,353,617.85
2025-06-30,2026-06-18,655.0,call,28.92,29.04,28.98,28.35,176,1852,0.1417,0.48053,353,617.85
2025-06-30,2026-06-18,655.0,put,48.59,50.04,49.31,0.0,0,8,0.18073,-0.50161,353,617.85
2025-06-30,2026-06-18,660.0,call,26.41,26.52,26.46,27.11,36,3870,0.13195,0.45185,353,617.85
2025-06-30,2026-06-18,660.0,put,50.85,52.95,51.9,52.26,1,39,0.18073,-0.51868,353,617.85
2025-06-30,2026-06-18,665.0,call,24.03,24.14,24.09,24.75,7,1414,0.13195,0.42891,353,617.85
2025-06-30,2026-06-18,665.0,put,54.16,55.84,55.0,55.51,1,217,0.18073,-0.53558,353,617.85
2025-06-30,2026-06-18,670.0,call,21.78,21.89,21.84,22.5,25,8174,0.13195,0.40638,353,617.85
2025-06-30,2026-06-18,670.0,put,56.04,58.97,57.5,58.87,7,44,0.18073,-0.55229,353,617.85
2025-06-30,2026-06-18,675.0,call,19.67,19.78,19.73,20.04,1136,5203,0.13195,0.38431,353,617.85
2025-06-30,2026-06-18,675.0,put,60.46,62.25,61.36,61.86,2,4,0.18073,-0.56878,353,617.85
2025-06-30,2026-06-18,680.0,call,17.7,17.8,17.75,17.9,123,2737,0.13195,0.36278,353,617.85
2025-06-30,2026-06-18,680.0,put,63.95,66.36,65.16,64.74,5,1240,0.18073,-0.58504,353,617.85
2025-06-30,2026-06-18,685.0,call,15.86,15.96,15.91,15.57,2,3541,0.12219,0.32635,353,617.85
2025-06-30,2026-06-18,685.0,put,67.64,69.66,68.65,69.8,1,316,0.19048,-0.59234,353,617.85
2025-06-30,2026-06-18,690.0,call,14.17,14.26,14.21,14.51,1022,4081,0.12219,0.30484,353,617.85
2025-06-30,2026-06-18,690.0,put,71.49,73.93,72.71,0.0,0,0,0.19048,-0.60734,353,617.85
2025-06-30,2026-06-18,695.0,call,12.61,12.7,12.65,12.59,3,3642,0.12219,0.28413,353,617.85
2025-06-30,2026-06-18,695.0,put,75.95,79.04,77.5,0.0,0,0,0.20024,-0.61272,353,617.85
2025-06-30,2026-06-18,700.0,call,11.19,11.27,11.23,11.61,59,6469,0.12219,0.26426,353,617.85
2025-06-30,2026-06-18,700.0,put,80.85,84.02,82.44,0.0,0,6,0.20024,-0.62658,353,617.85
2025-06-30,2026-06-18,705.0,call,9.9,9.98,9.94,9.96,12,5628,0.12219,0.24525,353,617.85
2025-06-30,2026-06-18,705.0,put,85.85,89.0,87.42,0.0,0,0,0.21,-0.6304,353,617.85
2025-06-30,2026-06-18,710.0,call,8.73,8.81,8.77,9.08,231,4669,0.12219,0.22713,353,617.85
2025-06-30,2026-06-18,710.0,put,90.84,93.99,92.41,0.0,0,0,0.21975,-0.63362,353,617.85
2025-06-30,2026-06-18,715.0,call,7.68,7.75,7.71,8.03,5,5079,0.12219,0.20992,353,617.85
2025-06-30,2026-06-18,715.0,put,95.83,99.0,97.41,0.0,0,0,0.21975,-0.64577,353,617.85
2025-06-30,2026-06-18,720.0,call,6.74,6.81,6.78,6.74,224,4907,0.12219,0.1936,353,617.85
2025-06-30,2026-06-18,720.0,put,100.83,103.99,102.41,0.0,0,1,0.22951,-0.64785,353,617.85
2025-06-30,2026-06-18,725.0,call,5.9,5.97,5.94,6.13,56,6637,0.11244,0.15569,353,617.85
2025-06-30,2026-06-18,725.0,put,105.83,108.99,107.41,0.0,0,0,0.23926,-0.64953,353,617.85
2025-06-30,2026-06-18,730.0,call,5.16,5.22,5.19,5.26,50,4275,0.11244,0.1413,353,617.85
2025-06-30,2026-06-18,730.0,put,110.83,113.98,112.41,0.0,0,0,0.24902,-0.65087,353,617.85
2025-06-30,2026-06-18,735.0,call,4.5,4.56,4.53,4.62,21,3766,0.11244,0.12793,353,617.85
2025-06-30,2026-06-18,735.0,put,115.82,118.98,117.4,0.0,0,0,0.24902,-0.66113,353,617.85
2025-06-30,2026-06-18,740.0,call,3.93,3.98,3.96,4.13,593,5185,0.11244,0.11555,353,617.85
2025-06-30,2026-06-18,740.0,put,120.82,123.98,122.4,0.0,0,0,0.25877,-0.6617,353,617.85
2025-06-30,2026-06-18,745.0,call,3.42,3.47,3.45,3.5,35,10242,0.11244,0.10412,353,617.85
2025-06-30,2026-06-18,745.0,put,125.82,128.98,127.4,0.0,0,0,0.25877,-0.67132,353,617.85
2025-06-30,2026-06-18,750.0,call,2.98,3.03,3.0,3.14,98,11201,0.11244,0.0936,353,617.85
2025-06-30,2026-06-18,750.0,put,130.82,133.98,132.4,0.0,0,3,0.26853,-0.67125,353,617.85
2025-06-30,2026-06-18,755.0,call,2.6,2.64,2.62,2.67,9,7726,0.11244,0.08394,353,617.85
2025-06-30,2026-06-18,755.0,put,135.82,138.97,137.39,0.0,0,0,0.27829,-0.671,353,617.85
2025-06-30,2026-06-18,760.0,call,2.26,2.3,2.28,2.23,281,4004,0.11244,0.07512,353,617.85
2025-06-30,2026-06-18,760.0,put,140.82,143.97,142.39,0.0,0,0,0.27829,-0.67967,353,617.85
2025-06-30,2026-06-18,765.0,call,1.97,2.0,1.98,2.03,10,3901,0.11244,0.06706,353,617.85
2025-06-30,2026-06-18,765.0,put,145.82,148.97,147.39,0.0,0,0,0.28804,-0.67893,353,617.85
2025-06-30,2026-06-18,770.0,call,1.72,1.75,1.73,1.7,9,5043,0.11244,0.05974,353,617.85
2025-06-30,2026-06-18,770.0,put,150.82,153.97,152.39,0.0,0,0,0.2978,-0.67806,353,617.85
2025-06-30,2026-06-18,775.0,call,1.5,1.53,1.52,1.55,5,703,0.11244,0.0531,353,617.85
2025-06-30,2026-06-18,775.0,put,155.82,158.97,157.39,0.0,0,0,0.2978,-0.68594,353,617.85
2025-06-30,2026-06-18,780.0,call,1.31,1.34,1.33,1.34,2,899,0.11244,0.0471,353,617.85
2025-06-30,2026-06-18,780.0,put,160.82,163.97,162.39,0.0,0,0,0.30755,-0.68468,353,617.85
2025-06-30,2026-06-18,785.0,call,1.15,1.18,1.17,1.2,214,1715,0.11244,0.04169,353,617.85
2025-06-30,2026-06-18,785.0,put,165.82,168.97,167.39,0.0,0,0,0.30755,-0.69215,353,617.85
2025-06-30,2026-06-18,790.0,call,1.01,1.04,1.02,1.0,2,179,0.11244,0.03682,353,617.85
2025-06-30,2026-06-18,790.0,put,170.82,173.97,172.39,0.0,0,0,0.31731,-0.69056,353,617.85
2025-06-30,2026-06-18,795.0,call,0.88,0.91,0.9,0.93,2,95,0.11244,0.03245,353,617.85
2025-06-30,2026-06-18,795.0,put,175.82,178.97,177.39,0.0,0,0,0.32707,-0.68891,353,617.85
2025-06-30,2026-06-18,800.0,call,0.78,0.8,0.79,0.81,17,4237,0.11244,0.02855,353,617.85
2025-06-30,2026-06-18,800.0,put,180.82,183.97,182.39,0.0,0,0,0.32707,-0.69576,353,617.85
2025-06-30,2026-06-18,805.0,call,0.69,0.71,0.7,0.53,0,192,0.11244,0.02506,353,617.85
2025-06-30,2026-06-18,805.0,put,185.82,188.97,187.39,0.0,0,0,0.33682,-0.69384,353,617.85
2025-06-30,2026-06-18,810.0,call,0.6,0.63,0.61,0.61,0,213,0.11244,0.02195,353,617.85
2025-06-30,2026-06-18,810.0,put,190.82,193.97,192.39,0.0,0,0,0.33682,-0.70037,353,617.85
2025-06-30,2026-06-18,815.0,call,0.53,0.56,0.55,0.55,32,97,0.11244,0.0192,353,617.85
2025-06-30,2026-06-18,815.0,put,195.82,198.97,197.39,0.0,0,0,0.34658,-0.69821,353,617.85
2025-06-30,2026-06-18,820.0,call,0.47,0.5,0.48,0.48,0,756,0.11244,0.01675,353,617.85
2025-06-30,2026-06-18,820.0,put,200.82,203.97,202.39,0.0,0,0,0.34658,-0.70444,353,617.85
2025-06-30,2026-06-18,825.0,call,0.42,0.44,0.43,0.45,1,100,0.11244,0.0146,353,617.85
2025-06-30,2026-06-18,825.0,put,205.82,208.97,207.39,0.0,0,0,0.35633,-0.70208,353,617.85
2025-06-30,2026-06-18,830.0,call,0.37,0.39,0.38,0.39,3,81,0.11244,0.01269,353,617.85
2025-06-30,2026-06-18,830.0,put,210.82,213.97,212.39,0.0,0,0,0.35633,-0.70803,353,617.85
2025-06-30,2026-06-18,835.0,call,0.33,0.35,0.34,0.25,0,12,0.11244,0.01101,353,617.85
2025-06-30,2026-06-18,835.0,put,215.82,218.97,217.39,0.0,0,0,0.36609,-0.70549,353,617.85
2025-06-30,2026-06-18,840.0,call,0.29,0.32,0.3,0.24,0,264,0.12219,0.01588,353,617.85
2025-06-30,2026-06-18,840.0,put,220.82,223.97,222.39,0.0,0,0,0.36609,-0.71118,353,617.85
2025-06-30,2026-06-18,845.0,call,0.26,0.28,0.27,0.27,4,69,0.12219,0.01401,353,617.85
2025-06-30,2026-06-18,845.0,put,225.82,228.97,227.39,0.0,0,0,0.37584,-0.70849,353,617.85
2025-06-30,2026-06-18,850.0,call,0.23,0.26,0.24,0.26,6,2552,0.12219,0.01235,353,617.85
2025-06-30,2026-06-18,850.0,put,230.82,233.97,232.39,0.0,0,0,0.3856,-0.7058,353,617.85
2025-06-30,2026-06-18,855.0,call,0.21,0.23,0.22,0.22,100,250,0.12219,0.01087,353,617.85
2025-06-30,2026-06-18,855.0,put,235.82,238.97,237.39,0.0,0,0,0.3856,-0.71111,353,617.85
2025-06-30,2026-06-18,860.0,call,0.18,0.21,0.2,0.18,0,600,0.12219,0.00956,353,617.85
2025-06-30,2026-06-18,860.0,put,240.82,243.97,242.39,0.0,0,0,0.39536,-0.7083,353,617.85
2025-06-30,2026-06-18,865.0,call,0.16,0.19,0.17,0.17,0,384,0.12219,0.00839,353,617.85
2025-06-30,2026-06-18,865.0,put,245.82,248.97,247.39,0.0,0,0,0.39536,-0.71339,353,617.85
2025-06-30,2026-06-18,870.0,call,0.16,0.17,0.17,0.17,7,5345,0.12219,0.00735,353,617.85
2025-06-30,2026-06-18,870.0,put,250.82,253.97,252.39,0.0,0,1,0.40511,-0.71047,353,617.85
2025-06-30,2026-06-30,410.0,call,221.5,226.0,223.75,0.0,0,0,0.01488,1.0,365,617.85
2025-06-30,2026-06-30,410.0,put,4.77,4.82,4.79,4.78,2,0,0.30755,-0.05177,365,617.85
2025-06-30,2026-06-30,420.0,call,212.0,217.0,214.5,0.0,0,0,0.01488,1.0,365,617.85
2025-06-30,2026-06-30,420.0,put,5.2,5.25,5.22,5.17,72,0,0.2978,-0.05587,365,617.85
2025-06-30,2026-06-30,430.0,call,203.0,208.0,205.5,0.0,0,0,0.01488,1.0,365,617.85
2025-06-30,2026-06-30,430.0,put,5.69,5.75,5.72,5.68,1,0,0.2978,-0.06534,365,617.85
2025-06-30,2026-06-30,440.0,call,194.0,198.5,196.25,195.32,2,0,0.01488,1.0,365,617.85
2025-06-30,2026-06-30,440.0,put,6.24,6.29,6.27,0.0,0,0,0.28804,-0.07039,365,617.85
2025-06-30,2026-06-30,450.0,call,187.0,189.5,188.25,187.75,6,0,0.20024,0.97125,365,617.85
2025-06-30,2026-06-30,450.0,put,6.84,6.89,6.87,0.0,0,0,0.27829,-0.07581,365,617.85
2025-06-30,2026-06-30,460.0,call,176.0,180.93,178.47,0.0,0,0,0.18073,0.97514,365,617.85
2025-06-30,2026-06-30,460.0,put,7.51,7.56,7.54,0.0,0,0,0.27829,-0.08773,365,617.85
2025-06-30,2026-06-30,470.0,call,167.03,172.0,169.51,170.0,1,0,0.18073,0.96736,365,617.85
2025-06-30,2026-06-30,470.0,put,8.25,8.31,8.28,0.0,0,0,0.26853,-0.09441,365,617.85
2025-06-30,2026-06-30,480.0,call,158.22,163.0,160.61,0.0,0,0,0.19048,0.95032,365,617.85
2025-06-30,2026-06-30,480.0,put,9.07,9.14,9.11,9.02,7,0,0.25877,-0.10163,365,617.85
2025-06-30,2026-06-30,490.0,call,149.5,154.0,151.75,0.0,0,0,0.19048,0.93818,365,617.85
2025-06-30,2026-06-30,490.0,put,9.98,10.05,10.02,9.93,16,0,0.25877,-0.11651,365,617.85
2025-06-30,2026-06-30,500.0,call,140.86,145.5,143.18,143.0,2,0,0.19048,0.92416,365,617.85
2025-06-30,2026-06-30,500.0,put,10.99,11.07,11.03,10.98,8,0,0.24902,-0.12543,365,617.85
2025-06-30,2026-06-30,510.0,call,132.33,137.0,134.67,134.6,1,0,0.19048,0.90818,365,617.85
2025-06-30,2026-06-30,510.0,put,12.1,12.19,12.14,12.19,8,0,0.24902,-0.14259,365,617.85
2025-06-30,2026-06-30,520.0,call,123.91,128.5,126.2,126.23,1,0,0.19048,0.89022,365,617.85
2025-06-30,2026-06-30,520.0,put,13.33,13.42,13.38,0.0,0,0,0.23926,-0.15357,365,617.85
2025-06-30,2026-06-30,530.0,call,115.61,120.5,118.06,0.0,0,0,0.19048,0.87028,365,617.85
2025-06-30,2026-06-30,530.0,put,14.69,14.79,14.74,14.7,2,0,0.23926,-0.1732,365,617.85
2025-06-30,2026-06-30,540.0,call,107.48,112.0,109.74,0.0,0,0,0.18073,0.85884,365,617.85
2025-06-30,2026-06-30,540.0,put,16.19,16.28,16.23,16.26,1,0,0.22951,-0.18667,365,617.85
2025-06-30,2026-06-30,545.0,call,103.39,108.0,105.69,106.6,3,0,0.18073,0.84712,365,617.85
2025-06-30,2026-06-30,545.0,put,16.99,17.09,17.04,17.15,2,0,0.22951,-0.19764,365,617.85
2025-06-30,2026-06-30,550.0,call,100.0,104.0,102.0,101.27,12,0,0.18073,0.83488,365,617.85
2025-06-30,2026-06-30,550.0,put,17.82,17.92,17.87,17.98,1,0,0.21975,-0.2015,365,617.85
2025-06-30,2026-06-30,554.0,call,96.21,101.0,98.6,0.0,0,0,0.18073,0.82472,365,617.85
2025-06-30,2026-06-30,554.0,put,18.52,18.62,18.57,0.0,0,0,0.21975,-0.2109,365,617.85
2025-06-30,2026-06-30,555.0,call,95.66,100.0,97.83,0.0,0,0,0.18073,0.82214,365,617.85
2025-06-30,2026-06-30,555.0,put,18.69,18.8,18.75,18.79,2915,0,0.21975,-0.21328,365,617.85
2025-06-30,2026-06-30,556.0,call,94.63,99.5,97.06,0.0,0,0,0.18073,0.81953,365,617.85
2025-06-30,2026-06-30,556.0,put,18.87,18.98,18.93,0.0,0,0,0.21975,-0.21567,365,617.85
2025-06-30,2026-06-30,557.0,call,93.85,98.5,96.17,0.0,0,0,0.18073,0.81691,365,617.85
2025-06-30,2026-06-30,557.0,put,19.05,19.16,19.11,0.0,0,0,0.21975,-0.21807,365,617.85
2025-06-30,2026-06-30,558.0,call,93.06,98.0,95.53,0.0,0,0,0.18073,0.81426,365,617.85
2025-06-30,2026-06-30,558.0,put,19.24,19.34,19.29,0.0,0,0,0.21975,-0.22048,365,617.85
2025-06-30,2026-06-30,559.0,call,92.27,97.0,94.63,0.0,0,0,0.18073,0.8116,365,617.85
2025-06-30,2026-06-30,559.0,put,19.42,19.53,19.48,0.0,0,0,0.21975,-0.22291,365,617.85
2025-06-30,2026-06-30,560.0,call,91.79,96.02,93.91,0.0,0,0,0.18073,0.80892,365,617.85
2025-06-30,2026-06-30,560.0,put,19.61,19.72,19.66,19.8,6,0,0.21975,-0.22534,365,617.85
2025-06-30,2026-06-30,561.0,call,90.71,95.5,93.1,0.0,0,0,0.18073,0.80622,365,617.85
2025-06-30,2026-06-30,561.0,put,19.79,19.9,19.84,0.0,0,0,0.21975,-0.22778,365,617.85
2025-06-30,2026-06-30,562.0,call,89.99,94.5,92.25,0.0,0,0,0.18073,0.8035,365,617.85
2025-06-30,2026-06-30,562.0,put,19.98,20.1,20.04,0.0,0,0,0.21975,-0.23024,365,617.85
2025-06-30,2026-06-30,563.0,call,89.22,93.86,91.54,0.0,0,0,0.18073,0.80076,365,617.85
2025-06-30,2026-06-30,563.0,put,20.17,20.29,20.23,0.0,0,0,0.21975,-0.2327,365,617.85
2025-06-30,2026-06-30,564.0,call,88.43,93.0,90.72,0.0,0,0,0.18073,0.79801,365,617.85
2025-06-30,2026-06-30,564.0,put,20.37,20.48,20.43,0.0,0,0,0.21975,-0.23518,365,617.85
2025-06-30,2026-06-30,565.0,call,87.6,92.5,90.05,0.0,0,0,0.18073,0.79524,365,617.85
2025-06-30,2026-06-30,565.0,put,20.56,20.68,20.62,20.75,6,0,0.21975,-0.23767,365,617.85
2025-06-30,2026-06-30,566.0,call,86.82,91.5,89.16,0.0,0,0,0.17097,0.80273,365,617.85
2025-06-30,2026-06-30,566.0,put,20.76,20.87,20.82,21.08,6,0,0.21975,-0.24016,365,617.85
2025-06-30,2026-06-30,567.0,call,86.05,91.0,88.53,0.0,0,0,0.17097,0.79985,365,617.85
2025-06-30,2026-06-30,567.0,put,20.96,21.07,21.02,0.0,0,0,0.21975,-0.24267,365,617.85
2025-06-30,2026-06-30,568.0,call,85.28,90.0,87.64,0.0,0,0,0.17097,0.79695,365,617.85
2025-06-30,2026-06-30,568.0,put,21.16,21.27,21.21,0.0,0,0,0.21975,-0.24518,365,617.85
2025-06-30,2026-06-30,569.0,call,84.51,89.0,86.75,0.0,0,0,0.17097,0.79403,365,617.85
2025-06-30,2026-06-30,569.0,put,21.36,21.48,21.42,0.0,0,0,0.21,-0.2409,365,617.85
2025-06-30,2026-06-30,570.0,call,84.16,88.15,86.16,0.0,0,0,0.17097,0.79109,365,617.85
2025-06-30,2026-06-30,570.0,put,21.56,21.68,21.62,0.0,0,0,0.21,-0.24351,365,617.85
2025-06-30,2026-06-30,571.0,call,82.97,87.5,85.23,0.0,0,0,0.17097,0.78814,365,617.85
2025-06-30,2026-06-30,571.0,put,21.77,21.89,21.83,22.07,6,0,0.21,-0.24613,365,617.85
2025-06-30,2026-06-30,572.0,call,82.4,86.8,84.6,0.0,0,0,0.17097,0.78516,365,617.85
2025-06-30,2026-06-30,572.0,put,21.98,22.09,22.04,0.0,0,0,0.21,-0.24877,365,617.85
2025-06-30,2026-06-30,573.0,call,81.65,86.0,83.83,0.0,0,0,0.17097,0.78216,365,617.85
2025-06-30,2026-06-30,573.0,put,22.19,22.31,22.25,0.0,0,0,0.21,-0.25141,365,617.85
2025-06-30,2026-06-30,574.0,call,80.68,85.5,83.09,0.0,0,0,0.17097,0.77915,365,617.85
2025-06-30,2026-06-30,574.0,put,22.4,22.52,22.46,0.0,0,0,0.21,-0.25406,365,617.85
2025-06-30,2026-06-30,575.0,call,79.92,84.5,82.21,82.5,1,0,0.17097,0.77612,365,617.85
2025-06-30,2026-06-30,575.0,put,22.61,22.73,22.67,0.0,0,0,0.21,-0.25673,365,617.85
2025-06-30,2026-06-30,576.0,call,79.41,83.7,81.56,0.0,0,0,0.17097,0.77306,365,617.85
2025-06-30,2026-06-30,576.0,put,22.83,22.95,22.89,0.0,0,0,0.21,-0.2594,365,617.85
2025-06-30,2026-06-30,577.0,call,78.41,83.0,80.7,0.0,0,0,0.17097,0.77,365,617.85
2025-06-30,2026-06-30,577.0,put,23.05,23.17,23.11,0.0,0,0,0.21,-0.26208,365,617.85
2025-06-30,2026-06-30,578.0,call,77.65,82.5,80.08,0.0,0,0,0.17097,0.76691,365,617.85
2025-06-30,2026-06-30,578.0,put,23.26,23.39,23.33,0.0,0,0,0.21,-0.26478,365,617.85
2025-06-30,2026-06-30,579.0,call,77.18,81.4,79.29,0.0,0,0,0.17097,0.7638,365,617.85
2025-06-30,2026-06-30,579.0,put,23.49,23.61,23.55,0.0,0,0,0.21,-0.26748,365,617.85
2025-06-30,2026-06-30,580.0,call,76.15,81.0,78.58,0.0,0,0,0.17097,0.76068,365,617.85
2025-06-30,2026-06-30,580.0,put,23.71,23.83,23.77,0.0,0,0,0.21,-0.27019,365,617.85
2025-06-30,2026-06-30,581.0,call,75.4,80.0,77.7,0.0,0,0,0.17097,0.75754,365,617.85
2025-06-30,2026-06-30,581.0,put,23.94,24.06,24.0,0.0,0,0,0.21,-0.27291,365,617.85
2025-06-30,2026-06-30,582.0,call,74.65,79.5,77.08,0.0,0,0,0.17097,0.75439,365,617.85
2025-06-30,2026-06-30,582.0,put,24.16,24.29,24.23,24.46,2,0,0.21,-0.27564,365,617.85
2025-06-30,2026-06-30,583.0,call,74.21,78.36,76.28,0.0,0,0,0.17097,0.75122,365,617.85
2025-06-30,2026-06-30,583.0,put,24.39,24.52,24.45,0.0,0,0,0.21,-0.27838,365,617.85
2025-06-30,2026-06-30,584.0,call,73.51,77.6,75.56,0.0,0,0,0.17097,0.74803,365,617.85
2025-06-30,2026-06-30,584.0,put,24.62,24.75,24.69,0.0,0,0,0.21,-0.28112,365,617.85
2025-06-30,2026-06-30,585.0,call,73.02,76.65,74.84,0.0,0,0,0.17097,0.74483,365,617.85
2025-06-30,2026-06-30,585.0,put,24.86,24.99,24.92,25.23,1,0,0.21,-0.28388,365,617.85
2025-06-30,2026-06-30,586.0,call,71.67,76.5,74.09,0.0,0,0,0.17097,0.74161,365,617.85
2025-06-30,2026-06-30,586.0,put,25.1,25.23,25.16,25.35,1,0,0.21,-0.28664,365,617.85
2025-06-30,2026-06-30,587.0,call,70.93,75.5,73.22,0.0,0,0,0.17097,0.73837,365,617.85
2025-06-30,2026-06-30,587.0,put,25.34,25.47,25.41,0.0,0,0,0.21,-0.28941,365,617.85
2025-06-30,2026-06-30,588.0,call,70.6,74.59,72.59,0.0,0,0,0.17097,0.73512,365,617.85
2025-06-30,2026-06-30,588.0,put,25.58,25.71,25.64,0.0,0,0,0.20024,-0.28649,365,617.85
2025-06-30,2026-06-30,589.0,call,69.88,73.85,71.86,0.0,0,0,0.17097,0.73186,365,617.85
2025-06-30,2026-06-30,589.0,put,25.82,25.95,25.88,0.0,0,0,0.20024,-0.28939,365,617.85
2025-06-30,2026-06-30,590.0,call,68.72,73.5,71.11,70.77,1,0,0.17097,0.72858,365,617.85
2025-06-30,2026-06-30,590.0,put,26.06,26.2,26.13,0.0,0,0,0.20024,-0.29229,365,617.85
2025-06-30,2026-06-30,591.0,call,68.44,72.36,70.4,0.0,0,0,0.16122,0.73394,365,617.85
2025-06-30,2026-06-30,591.0,put,26.31,26.44,26.38,0.0,0,0,0.20024,-0.2952,365,617.85
2025-06-30,2026-06-30,592.0,call,67.73,71.62,69.68,0.0,0,0,0.16122,0.73049,365,617.85
2025-06-30,2026-06-30,592.0,put,26.56,26.69,26.62,0.0,0,0,0.20024,-0.29812,365,617.85
2025-06-30,2026-06-30,593.0,call,66.53,71.5,69.02,0.0,0,0,0.16122,0.72702,365,617.85
2025-06-30,2026-06-30,593.0,put,26.81,26.95,26.88,0.0,0,0,0.20024,-0.30105,365,617.85
2025-06-30,2026-06-30,594.0,call,65.81,70.5,68.16,0.0,0,0,0.16122,0.72354,365,617.85
2025-06-30,2026-06-30,594.0,put,27.06,27.21,27.13,0.0,0,0,0.20024,-0.30399,365,617.85
2025-06-30,2026-06-30,595.0,call,65.82,69.22,67.52,0.0,0,0,0.16122,0.72003,365,617.85
2025-06-30,2026-06-30,595.0,put,27.33,27.46,27.39,0.0,0,0,0.20024,-0.30693,365,617.85
2025-06-30,2026-06-30,596.0,call,64.36,69.0,66.68,0.0,0,0,0.16122,0.71652,365,617.85
2025-06-30,2026-06-30,596.0,put,27.59,27.73,27.66,0.0,0,0,0.20024,-0.30989,365,617.85
2025-06-30,2026-06-30,597.0,call,63.64,68.5,66.07,0.0,0,0,0.16122,0.71299,365,617.85
2025-06-30,2026-06-30,597.0,put,27.85,27.99,27.92,0.0,0,0,0.20024,-0.31285,365,617.85
2025-06-30,2026-06-30,598.0,call,63.45,67.23,65.34,0.0,0,0,0.16122,0.70944,365,617.85
2025-06-30,2026-06-30,598.0,put,28.12,28.25,28.19,0.0,0,0,0.20024,-0.31581,365,617.85
2025-06-30,2026-06-30,599.0,call,62.77,66.5,64.64,0.0,0,0,0.16122,0.70588,365,617.85
2025-06-30,2026-06-30,599.0,put,28.38,28.52,28.45,0.0,0,0,0.20024,-0.31879,365,617.85
2025-06-30,2026-06-30,600.0,call,61.5,66.47,63.98,0.0,0,0,0.16122,0.7023,365,617.85
2025-06-30,2026-06-30,600.0,put,28.65,28.79,28.72,29.0,3,0,0.20024,-0.32177,365,617.85
2025-06-30,2026-06-30,601.0,call,60.78,65.5,63.14,0.0,0,0,0.16122,0.69871,365,617.85
2025-06-30,2026-06-30,601.0,put,28.93,29.07,29.0,0.0,0,0,0.20024,-0.32475,365,617.85
2025-06-30,2026-06-30,602.0,call,60.69,64.34,62.52,0.0,0,0,0.16122,0.69511,365,617.85
2025-06-30,2026-06-30,602.0,put,29.2,29.35,29.27,0.0,0,0,0.20024,-0.32775,365,617.85
2025-06-30,2026-06-30,603.0,call,59.37,64.0,61.69,0.0,0,0,0.16122,0.6915,365,617.85
2025-06-30,2026-06-30,603.0,put,29.48,29.63,29.55,0.0,0,0,0.20024,-0.33074,365,617.85
2025-06-30,2026-06-30,604.0,call,58.8,63.5,61.15,0.0,0,0,0.16122,0.68787,365,617.85
2025-06-30,2026-06-30,604.0,put,29.77,29.91,29.84,0.0,0,0,0.20024,-0.33375,365,617.85
2025-06-30,2026-06-30,605.0,call,58.84,62.02,60.43,0.0,0,0,0.16122,0.68423,365,617.85
2025-06-30,2026-06-30,605.0,put,30.05,30.2,30.12,0.0,0,0,0.20024,-0.33676,365,617.85
2025-06-30,2026-06-30,606.0,call,57.27,62.0,59.64,0.0,0,0,0.16122,0.68058,365,617.85
2025-06-30,2026-06-30,606.0,put,30.33,30.49,30.41,0.0,0,0,0.20024,-0.33978,365,617.85
2025-06-30,2026-06-30,607.0,call,57.25,60.79,59.02,0.0,0,0,0.16122,0.67691,365,617.85
2025-06-30,2026-06-30,607.0,put,30.62,30.78,30.7,0.0,0,0,0.20024,-0.3428,365,617.85
2025-06-30,2026-06-30,608.0,call,56.1,60.5,58.3,0.0,0,0,0.16122,0.67324,365,617.85
2025-06-30,2026-06-30,608.0,put,30.92,31.07,31.0,0.0,0,0,0.19048,-0.34203,365,617.85
2025-06-30,2026-06-30,609.0,call,55.43,60.0,57.72,0.0,0,0,0.16122,0.66955,365,617.85
2025-06-30,2026-06-30,609.0,put,31.22,31.37,31.3,0.0,0,0,0.19048,-0.3452,365,617.85
2025-06-30,2026-06-30,610.0,call,55.44,58.51,56.97,55.92,3,0,0.16122,0.66586,365,617.85
2025-06-30,2026-06-30,610.0,put,31.52,31.67,31.59,31.97,4,0,0.19048,-0.34838,365,617.85
2025-06-30,2026-06-30,611.0,call,53.81,58.5,56.16,0.0,0,0,0.16122,0.66215,365,617.85
2025-06-30,2026-06-30,611.0,put,31.82,31.98,31.9,0.0,0,0,0.19048,-0.35157,365,617.85
2025-06-30,2026-06-30,612.0,call,53.84,57.32,55.58,0.0,0,0,0.16122,0.65844,365,617.85
2025-06-30,2026-06-30,612.0,put,32.14,32.29,32.22,0.0,0,0,0.19048,-0.35476,365,617.85
2025-06-30,2026-06-30,613.0,call,53.2,56.63,54.92,0.0,0,0,0.15146,0.66043,365,617.85
2025-06-30,2026-06-30,613.0,put,32.44,32.6,32.52,0.0,0,0,0.19048,-0.35795,365,617.85
2025-06-30,2026-06-30,614.0,call,52.54,55.95,54.25,0.0,0,0,0.15146,0.65648,365,617.85
2025-06-30,2026-06-30,614.0,put,32.77,32.92,32.84,0.0,0,0,0.19048,-0.36115,365,617.85
2025-06-30,2026-06-30,615.0,call,52.09,55.09,53.59,0.0,0,0,0.15146,0.65252,365,617.85
2025-06-30,2026-06-30,615.0,put,33.09,33.24,33.17,33.7,1,0,0.19048,-0.36436,365,617.85
2025-06-30,2026-06-30,616.0,call,51.22,54.58,52.9,51.81,5,0,0.15146,0.64855,365,617.85
2025-06-30,2026-06-30,616.0,put,33.4,33.56,33.48,32.95,30,0,0.19048,-0.36757,365,617.85
2025-06-30,2026-06-30,617.0,call,50.54,53.9,52.22,51.51,1,0,0.15146,0.64457,365,617.85
2025-06-30,2026-06-30,617.0,put,33.73,33.89,33.81,33.82,9,0,0.19048,-0.37078,365,617.85
2025-06-30,2026-06-30,618.0,call,49.1,53.81,51.45,0.0,0,0,0.15146,0.64058,365,617.85
2025-06-30,2026-06-30,618.0,put,34.06,34.22,34.14,33.87,4,0,0.19048,-0.374,365,617.85
2025-06-30,2026-06-30,619.0,call,49.21,52.61,50.91,0.0,0,0,0.15146,0.63658,365,617.85
2025-06-30,2026-06-30,619.0,put,34.39,34.56,34.48,34.73,1,0,0.19048,-0.37722,365,617.85
2025-06-30,2026-06-30,620.0,call,48.13,52.5,50.31,0.0,0,0,0.15146,0.63257,365,617.85
2025-06-30,2026-06-30,620.0,put,34.73,34.9,34.81,34.45,2,0,0.19048,-0.38044,365,617.85
2025-06-30,2026-06-30,621.0,call,47.48,51.85,49.66,49.6,3,0,0.15146,0.62856,365,617.85
2025-06-30,2026-06-30,621.0,put,35.08,35.24,35.16,0.0,0,0,0.19048,-0.38367,365,617.85
2025-06-30,2026-06-30,622.0,call,46.85,51.18,49.02,0.0,0,0,0.15146,0.62454,365,617.85
2025-06-30,2026-06-30,622.0,put,35.42,35.59,35.51,0.0,0,0,0.19048,-0.3869,365,617.85
2025-06-30,2026-06-30,623.0,call,46.63,49.95,48.29,0.0,0,0,0.15146,0.62051,365,617.85
2025-06-30,2026-06-30,623.0,put,35.77,35.94,35.86,0.0,0,0,0.19048,-0.39013,365,617.85
2025-06-30,2026-06-30,624.0,call,46.01,49.3,47.66,0.0,0,0,0.15146,0.61647,365,617.85
2025-06-30,2026-06-30,624.0,put,36.13,36.3,36.22,0.0,0,0,0.19048,-0.39336,365,617.85
2025-06-30,2026-06-30,625.0,call,45.57,48.51,47.04,47.26,4,0,0.15146,0.61243,365,617.85
2025-06-30,2026-06-30,625.0,put,36.49,36.66,36.58,0.0,0,0,0.19048,-0.3966,365,617.85
2025-06-30,2026-06-30,626.0,call,44.76,47.99,46.38,0.0,0,0,0.15146,0.60838,365,617.85
2025-06-30,2026-06-30,626.0,put,36.85,37.02,36.94,0.0,0,0,0.19048,-0.39984,365,617.85
2025-06-30,2026-06-30,627.0,call,44.11,47.35,45.73,0.0,0,0,0.15146,0.60432,365,617.85
2025-06-30,2026-06-30,627.0,put,37.22,37.4,37.31,0.0,0,0,0.19048,-0.40308,365,617.85
2025-06-30,2026-06-30,628.0,call,43.49,46.71,45.1,0.0,0,0,0.15146,0.60026,365,617.85
2025-06-30,2026-06-30,628.0,put,37.59,37.77,37.68,37.97,1,0,0.19048,-0.40632,365,617.85
2025-06-30,2026-06-30,629.0,call,42.9,46.08,44.49,0.0,0,0,0.15146,0.5962,365,617.85
2025-06-30,2026-06-30,629.0,put,37.97,38.15,38.06,0.0,0,0,0.19048,-0.40957,365,617.85
2025-06-30,2026-06-30,630.0,call,41.5,45.96,43.73,0.0,0,0,0.15146,0.59213,365,617.85
2025-06-30,2026-06-30,630.0,put,38.35,38.53,38.44,0.0,0,0,0.19048,-0.41281,365,617.85
2025-06-30,2026-06-30,631.0,call,40.76,45.34,43.05,0.0,0,0,0.15146,0.58806,365,617.85
2025-06-30,2026-06-30,631.0,put,38.74,38.92,38.83,0.0,0,0,0.19048,-0.41605,365,617.85
2025-06-30,2026-06-30,632.0,call,41.07,44.18,42.62,0.0,0,0,0.15146,0.58399,365,617.85
2025-06-30,2026-06-30,632.0,put,39.13,39.31,39.22,0.0,0,0,0.19048,-0.4193,365,617.85
2025-06-30,2026-06-30,633.0,call,40.48,43.55,42.02,0.0,0,0,0.15146,0.57991,365,617.85
2025-06-30,2026-06-30,633.0,put,39.52,39.7,39.61,0.0,0,0,0.18073,-0.42234,365,617.85
2025-06-30,2026-06-30,634.0,call,39.0,43.92,41.46,41.15,1,0,0.15146,0.57584,365,617.85
2025-06-30,2026-06-30,634.0,put,39.92,40.11,40.02,0.0,0,0,0.18073,-0.42576,365,617.85
2025-06-30,2026-06-30,635.0,call,39.49,42.15,40.82,0.0,0,0,0.1417,0.57268,365,617.85
2025-06-30,2026-06-30,635.0,put,40.33,40.51,40.42,0.0,0,0,0.18073,-0.42918,365,617.85
2025-06-30,2026-06-30,636.0,call,38.7,41.71,40.2,0.0,0,0,0.1417,0.56832,365,617.85
2025-06-30,2026-06-30,636.0,put,40.74,40.93,40.84,0.0,0,0,0.18073,-0.4326,365,617.85
2025-06-30,2026-06-30,637.0,call,38.11,41.1,39.61,0.0,0,0,0.1417,0.56396,365,617.85
2025-06-30,2026-06-30,637.0,put,41.16,41.34,41.25,0.0,0,0,0.18073,-0.43602,365,617.85
2025-06-30,2026-06-30,638.0,call,37.5,40.49,39.0,0.0,0,0,0.1417,0.55959,365,617.85
2025-06-30,2026-06-30,638.0,put,41.58,41.76,41.67,0.0,0,0,0.18073,-0.43944,365,617.85
2025-06-30,2026-06-30,639.0,call,36.95,39.89,38.42,0.0,0,0,0.1417,0.55523,365,617.85
2025-06-30,2026-06-30,639.0,put,42.0,42.19,42.09,0.0,0,0,0.18073,-0.44286,365,617.85
2025-06-30,2026-06-30,640.0,call,36.57,39.13,37.85,37.55,1,0,0.1417,0.55087,365,617.85
2025-06-30,2026-06-30,640.0,put,42.43,42.62,42.52,42.9,1,0,0.18073,-0.44628,365,617.85
2025-06-30,2026-06-30,641.0,call,35.78,38.7,37.24,0.0,0,0,0.1417,0.54651,365,617.85
2025-06-30,2026-06-30,641.0,put,42.87,43.06,42.97,0.0,0,0,0.18073,-0.4497,365,617.85
2025-06-30,2026-06-30,642.0,call,34.19,39.0,36.59,36.69,4,0,0.1417,0.54214,365,617.85
2025-06-30,2026-06-30,642.0,put,43.31,43.5,43.41,0.0,0,0,0.18073,-0.45312,365,617.85
2025-06-30,2026-06-30,643.0,call,34.65,37.53,36.09,0.0,0,0,0.1417,0.53778,365,617.85
2025-06-30,2026-06-30,643.0,put,43.76,43.95,43.86,0.0,0,0,0.18073,-0.45653,365,617.85
2025-06-30,2026-06-30,644.0,call,35.49,35.63,35.56,0.0,0,0,0.1417,0.53343,365,617.85
2025-06-30,2026-06-30,644.0,put,44.22,44.41,44.31,0.0,0,0,0.18073,-0.45994,365,617.85
2025-06-30,2026-06-30,645.0,call,34.93,35.07,35.0,0.0,0,0,0.1417,0.52907,365,617.85
2025-06-30,2026-06-30,645.0,put,44.68,44.87,44.77,0.0,0,0,0.18073,-0.46335,365,617.85
2025-06-30,2026-06-30,650.0,call,32.18,32.31,32.25,32.28,1,0,0.1417,0.50736,365,617.85
2025-06-30,2026-06-30,650.0,put,45.98,48.39,47.19,0.0,0,0,0.18073,-0.48035,365,617.85
2025-06-30,2026-06-30,660.0,call,27.02,27.15,27.09,27.24,4,0,0.13195,0.45778,365,617.85
2025-06-30,2026-06-30,660.0,put,50.51,54.47,52.49,0.0,0,0,0.18073,-0.51404,365,617.85
2025-06-30,2026-06-30,670.0,call,22.38,22.5,22.44,0.0,0,0,0.13195,0.41294,365,617.85
2025-06-30,2026-06-30,670.0,put,56.95,60.06,58.51,57.9,6,0,0.18073,-0.54713,365,617.85
2025-06-30,2026-06-30,680.0,call,18.26,18.38,18.32,17.87,10,0,0.13195,0.36984,365,617.85
2025-06-30,2026-06-30,680.0,put,63.0,67.76,65.38,0.0,0,0,0.18073,-0.57941,365,617.85
2025-06-30,2026-06-30,690.0,call,14.69,14.8,14.75,0.0,0,0,0.12219,0.31263,365,617.85
2025-06-30,2026-06-30,690.0,put,71.0,75.67,73.34,0.0,0,0,0.19048,-0.60151,365,617.85
2025-06-30,2026-06-30,700.0,call,11.66,11.76,11.71,11.6,10,0,0.12219,0.2722,365,617.85
2025-06-30,2026-06-30,700.0,put,80.5,85.0,82.75,0.0,0,0,0.20024,-0.6206,365,617.85
2025-06-30,2026-06-30,710.0,call,9.14,9.23,9.19,8.97,16,0,0.12219,0.23507,365,617.85
2025-06-30,2026-06-30,710.0,put,90.5,95.0,92.75,0.0,0,0,0.21975,-0.62768,365,617.85
2025-06-30,2026-06-30,720.0,call,7.09,7.17,7.13,6.97,7,0,0.11244,0.17892,365,617.85
2025-06-30,2026-06-30,720.0,put,100.5,105.0,102.75,0.0,0,0,0.22951,-0.64179,365,617.85
2025-06-30,2026-06-30,730.0,call,5.46,5.53,5.5,5.47,5,0,0.11244,0.14867,365,617.85
2025-06-30,2026-06-30,730.0,put,110.5,115.0,112.75,0.0,0,0,0.24902,-0.64484,365,617.85
2025-06-30,2026-06-30,740.0,call,4.17,4.24,4.21,4.17,3,0,0.11244,0.12238,365,617.85
2025-06-30,2026-06-30,740.0,put,120.5,125.0,122.75,0.0,0,0,0.25877,-0.65558,365,617.85
2025-06-30,2026-09-18,300.0,call,326.07,331.0,328.53,326.62,0,602,0.01488,1.0,445,617.85
2025-06-30,2026-09-18,300.0,put,2.41,2.44,2.42,2.43,10,76,0.3856,-0.02099,445,617.85
2025-06-30,2026-09-18,305.0,call,321.5,326.4,323.95,313.6,0,164,0.01488,1.0,445,617.85
2025-06-30,2026-09-18,305.0,put,2.51,2.54,2.52,0.0,0,0,0.3856,-0.02303,445,617.85
2025-06-30,2026-09-18,310.0,call,316.74,321.5,319.12,317.39,0,203,0.01488,1.0,445,617.85
2025-06-30,2026-09-18,310.0,put,2.62,2.64,2.63,0.0,0,44,0.37584,-0.02293,445,617.85
2025-06-30,2026-09-18,315.0,call,312.08,317.0,314.54,312.59,0,191,0.01488,1.0,445,617.85
2025-06-30,2026-09-18,315.0,put,2.72,2.75,2.74,0.0,0,0,0.37584,-0.02511,445,617.85
2025-06-30,2026-09-18,320.0,call,307.5,312.43,309.97,302.12,0,135,0.01488,1.0,445,617.85
2025-06-30,2026-09-18,320.0,put,2.83,2.86,2.84,0.0,0,2,0.36609,-0.02498,445,617.85
2025-06-30,2026-09-18,325.0,call,303.0,307.78,305.39,303.36,0,100,0.01488,1.0,445,617.85
2025-06-30,2026-09-18,325.0,put,2.95,2.98,2.96,0.0,0,1,0.36609,-0.0273,445,617.85
2025-06-30,2026-09-18,330.0,call,298.13,303.0,300.56,290.43,0,151,0.01488,1.0,445,617.85
2025-06-30,2026-09-18,330.0,put,3.06,3.09,3.08,0.0,0,9,0.35633,-0.02712,445,617.85
2025-06-30,2026-09-18,335.0,call,293.5,298.49,296.0,0.0,0,0,0.01488,1.0,445,617.85
2025-06-30,2026-09-18,335.0,put,3.19,3.22,3.21,0.0,0,1,0.35633,-0.0296,445,617.85
2025-06-30,2026-09-18,340.0,call,289.0,293.85,291.43,0.0,0,0,0.01488,1.0,445,617.85
2025-06-30,2026-09-18,340.0,put,3.32,3.35,3.33,0.0,0,41,0.35633,-0.03223,445,617.85
2025-06-30,2026-09-18,345.0,call,284.5,289.0,286.75,276.53,0,0,0.01488,1.0,445,617.85
2025-06-30,2026-09-18,345.0,put,3.45,3.48,3.46,0.0,0,0,0.34658,-0.03201,445,617.85
2025-06-30,2026-09-18,350.0,call,279.6,284.5,282.05,0.0,0,0,0.01488,1.0,445,617.85
2025-06-30,2026-09-18,350.0,put,3.59,3.62,3.6,0.0,0,80,0.34658,-0.03481,445,617.85
2025-06-30,2026-09-18,355.0,call,275.0,279.98,277.49,0.0,0,0,0.01488,1.0,445,617.85
2025-06-30,2026-09-18,355.0,put,3.73,3.76,3.75,0.0,0,0,0.33682,-0.03454,445,617.85
2025-06-30,2026-09-18,360.0,call,270.5,275.36,272.93,0.0,0,0,0.01488,1.0,445,617.85
2025-06-30,2026-09-18,360.0,put,3.88,3.92,3.9,0.0,0,3,0.33682,-0.03752,445,617.85
2025-06-30,2026-09-18,365.0,call,266.0,270.5,268.25,0.0,0,0,0.01488,1.0,445,617.85
2025-06-30,2026-09-18,365.0,put,4.04,4.08,4.06,0.0,0,1,0.32707,-0.03719,445,617.85
2025-06-30,2026-09-18,370.0,call,261.16,266.0,263.58,0.0,0,0,0.01488,1.0,445,617.85
2025-06-30,2026-09-18,370.0,put,4.21,4.25,4.23,0.0,0,184,0.32707,-0.04036,445,617.85
2025-06-30,2026-09-18,375.0,call,256.56,261.5,259.03,0.0,0,0,0.01488,1.0,445,617.85
2025-06-30,2026-09-18,375.0,put,4.38,4.42,4.4,0.0,0,2,0.32707,-0.04369,445,617.85
2025-06-30,2026-09-18,380.0,call,252.0,256.98,254.49,0.0,0,0,0.01488,1.0,445,617.85
2025-06-30,2026-09-18,380.0,put,4.57,4.6,4.58,0.0,0,2,0.31731,-0.04334,445,617.85
2025-06-30,2026-09-18,385.0,call,247.5,252.41,249.95,0.0,0,0,0.01488,1.0,445,617.85
2025-06-30,2026-09-18,385.0,put,4.76,4.8,4.78,0.0,0,0,0.31731,-0.04688,445,617.85
2025-06-30,2026-09-18,390.0,call,243.0,247.84,245.42,228.49,0,0,0.01488,1.0,445,617.85
2025-06-30,2026-09-18,390.0,put,4.96,5.0,4.98,0.0,0,186,0.31731,-0.0506,445,617.85
2025-06-30,2026-09-18,395.0,call,238.5,243.29,240.89,0.0,0,0,0.01488,1.0,445,617.85
2025-06-30,2026-09-18,395.0,put,5.18,5.22,5.2,0.0,0,0,0.30755,-0.05023,445,617.85
2025-06-30,2026-09-18,400.0,call,234.0,238.5,236.25,226.6,0,2,0.01488,1.0,445,617.85
2025-06-30,2026-09-18,400.0,put,5.4,5.44,5.42,5.33,2,2,0.30755,-0.05419,445,617.85
2025-06-30,2026-09-18,405.0,call,229.21,234.0,231.61,231.8,2,0,0.01488,1.0,445,617.85
2025-06-30,2026-09-18,405.0,put,5.64,5.68,5.66,0.0,0,0,0.30755,-0.05833,445,617.85
2025-06-30,2026-09-18,410.0,call,224.7,229.5,227.1,226.6,2,0,0.01488,1.0,445,617.85
2025-06-30,2026-09-18,410.0,put,5.89,5.93,5.91,0.0,0,2,0.2978,-0.05796,445,617.85
2025-06-30,2026-09-18,415.0,call,220.19,225.0,222.59,221.76,2,0,0.01488,1.0,445,617.85
2025-06-30,2026-09-18,415.0,put,6.15,6.19,6.17,0.0,0,10,0.2978,-0.06236,445,617.85
2025-06-30,2026-09-18,420.0,call,215.69,220.5,218.09,214.04,0,0,0.01488,1.0,445,617.85
2025-06-30,2026-09-18,420.0,put,6.42,6.47,6.45,0.0,0,12,0.2978,-0.06696,445,617.85
2025-06-30,2026-09-18,425.0,call,211.21,216.0,213.61,212.37,2,0,0.01488,1.0,445,617.85
2025-06-30,2026-09-18,425.0,put,6.71,6.76,6.73,6.75,50,4,0.28804,-0.06662,445,617.85
2025-06-30,2026-09-18,430.0,call,206.75,211.5,209.12,209.14,618,0,0.01488,1.0,445,617.85
2025-06-30,2026-09-18,430.0,put,7.01,7.06,7.04,6.99,2,1,0.28804,-0.07151,445,617.85
2025-06-30,2026-09-18,435.0,call,202.5,207.0,204.75,204.15,8,0,0.01488,1.0,445,617.85
2025-06-30,2026-09-18,435.0,put,7.33,7.38,7.36,0.0,0,0,0.28804,-0.0766,445,617.85
2025-06-30,2026-09-18,440.0,call,198.0,202.5,200.25,201.95,4,0,0.01488,1.0,445,617.85
2025-06-30,2026-09-18,440.0,put,7.66,7.72,7.69,0.0,0,6,0.27829,-0.07633,445,617.85
2025-06-30,2026-09-18,445.0,call,193.5,198.43,195.97,196.04,2,0,0.1417,0.99402,445,617.85
2025-06-30,2026-09-18,445.0,put,8.01,8.07,8.04,0.0,0,0,0.27829,-0.08174,445,617.85
2025-06-30,2026-09-18,450.0,call,189.03,194.0,191.51,190.64,220,26,0.16122,0.98486,445,617.85
2025-06-30,2026-09-18,450.0,put,8.38,8.44,8.41,0.0,0,39,0.27829,-0.08738,445,617.85
2025-06-30,2026-09-18,455.0,call,184.64,189.5,187.07,186.35,478,1,0.16122,0.98232,445,617.85
2025-06-30,2026-09-18,455.0,put,8.77,8.83,8.8,0.0,0,182,0.26853,-0.08721,445,617.85
2025-06-30,2026-09-18,460.0,call,180.27,185.0,182.63,181.94,400,0,0.17097,0.97361,445,617.85
2025-06-30,2026-09-18,460.0,put,9.17,9.23,9.2,0.0,0,61,0.26853,-0.0932,445,617.85
2025-06-30,2026-09-18,465.0,call,176.0,180.92,178.46,177.51,6,0,0.18073,0.96316,445,617.85
2025-06-30,2026-09-18,465.0,put,9.6,9.66,9.63,9.53,101,22,0.26853,-0.09943,445,617.85
2025-06-30,2026-09-18,470.0,call,171.58,176.5,174.04,173.31,10,2,0.18073,0.95863,445,617.85
2025-06-30,2026-09-18,470.0,put,10.04,10.11,10.07,0.0,0,2,0.26853,-0.10588,445,617.85
2025-06-30,2026-09-18,475.0,call,167.27,172.0,169.63,168.92,6,4,0.18073,0.95371,445,617.85
2025-06-30,2026-09-18,475.0,put,10.51,10.57,10.54,10.51,53,66,0.25877,-0.10605,445,617.85
2025-06-30,2026-09-18,480.0,call,163.0,167.98,165.49,161.5,0,4,0.18073,0.94839,445,617.85
2025-06-30,2026-09-18,480.0,put,10.99,11.06,11.03,10.91,17,202,0.25877,-0.11291,445,617.85
2025-06-30,2026-09-18,485.0,call,158.77,163.5,161.13,160.17,16,1,0.18073,0.94266,445,617.85
2025-06-30,2026-09-18,485.0,put,11.5,11.57,11.54,11.59,5,3,0.25877,-0.12001,445,617.85
2025-06-30,2026-09-18,490.0,call,154.5,159.46,156.98,156.04,9,1,0.18073,0.93651,445,617.85
2025-06-30,2026-09-18,490.0,put,12.04,12.11,12.07,12.13,5,449,0.24902,-0.12047,445,617.85
2025-06-30,2026-09-18,495.0,call,150.4,155.0,152.7,0.0,0,0,0.18073,0.92993,445,617.85
2025-06-30,2026-09-18,495.0,put,12.59,12.67,12.63,12.62,2,2,0.24902,-0.12803,445,617.85
2025-06-30,2026-09-18,500.0,call,146.25,150.86,148.56,140.5,0,12,0.18073,0.9229,445,617.85
2025-06-30,2026-09-18,500.0,put,13.18,13.26,13.22,13.1,47,109,0.24902,-0.13584,445,617.85
2025-06-30,2026-09-18,505.0,call,142.0,146.87,144.44,144.16,2,1,0.18073,0.91544,445,617.85
2025-06-30,2026-09-18,505.0,put,13.79,13.88,13.84,13.9,5,16,0.24902,-0.14389,445,617.85
2025-06-30,2026-09-18,510.0,call,138.0,142.47,140.24,139.57,3,1,0.18073,0.90752,445,617.85
2025-06-30,2026-09-18,510.0,put,14.43,14.52,14.47,14.35,6,7,0.23926,-0.14502,445,617.85
2025-06-30,2026-09-18,515.0,call,133.61,138.5,136.06,133.44,0,12,0.18073,0.89916,445,617.85
2025-06-30,2026-09-18,515.0,put,15.11,15.19,15.15,14.96,12,40,0.23926,-0.1536,445,617.85
2025-06-30,2026-09-18,520.0,call,129.52,134.5,132.01,132.53,12,22,0.18073,0.89034,445,617.85
2025-06-30,2026-09-18,520.0,put,15.81,15.9,15.86,15.82,1,14,0.23926,-0.16242,445,617.85
2025-06-30,2026-09-18,525.0,call,125.88,130.03,127.95,128.01,3,7,0.18073,0.88108,445,617.85
2025-06-30,2026-09-18,525.0,put,16.54,16.63,16.59,16.64,6,21,0.23926,-0.17148,445,617.85
2025-06-30,2026-09-18,530.0,call,121.9,125.95,123.93,123.28,4,8,0.18073,0.87137,445,617.85
2025-06-30,2026-09-18,530.0,put,17.31,17.4,17.35,0.0,0,11,0.22951,-0.17355,445,617.85
2025-06-30,2026-09-18,535.0,call,117.95,121.89,119.92,116.61,0,10,0.18073,0.86122,445,617.85
2025-06-30,2026-09-18,535.0,put,18.1,18.2,18.15,0.0,0,21,0.22951,-0.18321,445,617.85
2025-06-30,2026-09-18,540.0,call,113.5,118.46,115.98,105.46,0,4,0.18073,0.85065,445,617.85
2025-06-30,2026-09-18,540.0,put,18.94,19.04,18.99,19.17,1,24,0.22951,-0.19311,445,617.85
2025-06-30,2026-09-18,545.0,call,109.53,114.5,112.02,107.99,0,9,0.18073,0.83965,445,617.85
2025-06-30,2026-09-18,545.0,put,19.8,19.9,19.85,20.0,1,7,0.22951,-0.20324,445,617.85
2025-06-30,2026-09-18,550.0,call,106.3,109.91,108.1,100.85,0,1,0.18073,0.82825,445,617.85
2025-06-30,2026-09-18,550.0,put,20.7,20.81,20.75,20.45,2,17,0.22951,-0.21358,445,617.85
2025-06-30,2026-09-18,555.0,call,102.48,105.98,104.23,104.2,3,0,0.18073,0.81645,445,617.85
2025-06-30,2026-09-18,555.0,put,21.64,21.75,21.7,0.0,0,12,0.21975,-0.2174,445,617.85
2025-06-30,2026-09-18,560.0,call,98.0,102.92,100.46,91.32,0,3,0.17097,0.81455,445,617.85
2025-06-30,2026-09-18,560.0,put,22.63,22.74,22.68,22.75,2,9,0.21975,-0.22842,445,617.85
2025-06-30,2026-09-18,565.0,call,94.96,98.22,96.59,87.62,0,0,0.17097,0.8017,445,617.85
2025-06-30,2026-09-18,565.0,put,23.65,23.76,23.7,0.0,0,1,0.21975,-0.23965,445,617.85
2025-06-30,2026-09-18,570.0,call,92.45,94.39,93.42,89.19,0,6,0.17097,0.78844,445,617.85
2025-06-30,2026-09-18,570.0,put,24.71,24.83,24.77,0.0,0,162,0.21975,-0.25108,445,617.85
2025-06-30,2026-09-18,575.0,call,86.64,91.45,89.05,81.55,0,57,0.17097,0.77481,445,617.85
2025-06-30,2026-09-18,575.0,put,25.82,25.95,25.88,26.18,15,91,0.21,-0.25669,445,617.85
2025-06-30,2026-09-18,580.0,call,83.92,86.87,85.4,86.5,1,7,0.17097,0.76081,445,617.85
2025-06-30,2026-09-18,580.0,put,26.98,27.11,27.05,26.59,1,200,0.21,-0.26886,445,617.85
2025-06-30,2026-09-18,585.0,call,80.32,83.23,81.78,80.9,0,11,0.17097,0.74647,445,617.85
2025-06-30,2026-09-18,585.0,put,28.19,28.32,28.26,28.14,1,53,0.21,-0.28122,445,617.85
2025-06-30,2026-09-18,590.0,call,76.79,79.57,78.18,77.37,12,13,0.16122,0.74043,445,617.85
2025-06-30,2026-09-18,590.0,put,29.44,29.57,29.51,29.43,5,84,0.21,-0.29373,445,617.85
2025-06-30,2026-09-18,595.0,call,73.28,75.93,74.61,74.0,1,14,0.16122,0.72483,445,617.85
2025-06-30,2026-09-18,595.0,put,30.75,30.89,30.82,30.68,7,8,0.21,-0.30638,445,617.85
2025-06-30,2026-09-18,600.0,call,69.83,72.37,71.1,71.36,20,26,0.16122,0.70893,445,617.85
2025-06-30,2026-09-18,600.0,put,32.12,32.27,32.2,31.85,10,97,0.20024,-0.31494,445,617.85
2025-06-30,2026-09-18,605.0,call,65.17,69.49,67.33,67.19,8,71,0.16122,0.69274,445,617.85
2025-06-30,2026-09-18,605.0,put,33.55,33.71,33.63,0.0,0,15,0.20024,-0.32839,445,617.85
2025-06-30,2026-09-18,610.0,call,63.08,65.43,64.25,64.55,2,188,0.16122,0.67631,445,617.85
2025-06-30,2026-09-18,610.0,put,35.06,35.22,35.14,35.25,93,340,0.20024,-0.34195,445,617.85
2025-06-30,2026-09-18,615.0,call,58.82,62.78,60.8,61.2,37,46,0.15146,0.66528,445,617.85
2025-06-30,2026-09-18,615.0,put,36.64,36.81,36.73,36.23,134,49,0.20024,-0.35561,445,617.85
2025-06-30,2026-09-18,620.0,call,56.56,58.72,57.64,58.1,14,28,0.15146,0.64747,445,617.85
2025-06-30,2026-09-18,620.0,put,38.3,38.47,38.38,38.17,1,6,0.20024,-0.36934,445,617.85
2025-06-30,2026-09-18,625.0,call,53.4,55.45,54.42,54.76,22,37,0.15146,0.62948,445,617.85
2025-06-30,2026-09-18,625.0,put,40.06,40.24,40.15,0.0,0,21,0.19048,-0.38154,445,617.85
2025-06-30,2026-09-18,630.0,call,50.28,52.3,51.29,51.33,0,19,0.15146,0.61135,445,617.85
2025-06-30,2026-09-18,630.0,put,41.91,42.09,42.0,0.0,0,2,0.19048,-0.39606,445,617.85
2025-06-30,2026-09-18,635.0,call,47.23,49.22,48.22,48.51,20,135,0.15146,0.59311,445,617.85
2025-06-30,2026-09-18,635.0,put,43.86,44.04,43.95,0.0,0,6,0.19048,-0.41061,445,617.85
2025-06-30,2026-09-18,640.0,call,45.15,45.3,45.22,45.56,16,163,0.15146,0.57482,445,617.85
2025-06-30,2026-09-18,640.0,put,45.92,46.11,46.02,45.69,13,18,0.19048,-0.42517,445,617.85
2025-06-30,2026-09-18,645.0,call,42.25,42.39,42.32,42.12,2,11,0.1417,0.55598,445,617.85
2025-06-30,2026-09-18,645.0,put,48.09,48.28,48.19,0.0,0,0,0.19048,-0.43972,445,617.85
2025-06-30,2026-09-18,650.0,call,39.43,39.57,39.5,39.31,16,96,0.1417,0.53642,445,617.85
2025-06-30,2026-09-18,650.0,put,50.38,50.58,50.48,50.91,1,13,0.19048,-0.45423,445,617.85
2025-06-30,2026-09-18,655.0,call,36.71,36.85,36.78,36.6,2,5,0.1417,0.51693,445,617.85
2025-06-30,2026-09-18,655.0,put,52.17,53.83,53.0,0.0,0,0,0.19048,-0.4687,445,617.85
2025-06-30,2026-09-18,660.0,call,34.07,34.21,34.14,33.99,2,324,0.1417,0.49754,445,617.85
2025-06-30,2026-09-18,660.0,put,54.23,56.86,55.55,0.0,0,2,0.19048,-0.4831,445,617.85
2025-06-30,2026-09-18,665.0,call,31.55,31.69,31.62,29.04,0,138,0.1417,0.47831,445,617.85
2025-06-30,2026-09-18,665.0,put,57.37,59.29,58.33,0.0,0,0,0.19048,-0.49741,445,617.85
2025-06-30,2026-09-18,670.0,call,29.13,29.26,29.2,29.43,14,354,0.13195,0.45185,445,617.85
2025-06-30,2026-09-18,670.0,put,60.19,62.31,61.25,0.0,0,2,0.19048,-0.51161,445,617.85
2025-06-30,2026-09-18,675.0,call,26.82,26.95,26.88,27.2,25,162,0.13195,0.43171,445,617.85
2025-06-30,2026-09-18,675.0,put,63.19,65.5,64.34,0.0,0,1,0.19048,-0.5257,445,617.85
2025-06-30,2026-09-18,680.0,call,24.62,24.74,24.68,24.99,158,275,0.13195,0.41189,445,617.85
2025-06-30,2026-09-18,680.0,put,65.59,69.51,67.55,67.9,9,2,0.19048,-0.53965,445,617.85
2025-06-30,2026-09-18,685.0,call,22.53,22.66,22.59,22.8,17,60,0.13195,0.39244,445,617.85
2025-06-30,2026-09-18,685.0,put,69.72,72.55,71.13,0.0,0,207,0.19048,-0.55345,445,617.85
2025-06-30,2026-09-18,690.0,call,20.57,20.69,20.63,20.06,0,21,0.13195,0.37339,445,617.85
2025-06-30,2026-09-18,690.0,put,72.3,77.0,74.65,0.0,0,3,0.19048,-0.56709,445,617.85
2025-06-30,2026-09-18,695.0,call,18.72,18.83,18.77,18.67,1,8,0.13195,0.35478,445,617.85
2025-06-30,2026-09-18,695.0,put,77.02,80.68,78.85,0.0,0,0,0.20024,-0.57255,445,617.85
2025-06-30,2026-09-18,700.0,call,16.99,17.1,17.05,17.0,6,49,0.12219,0.32042,445,617.85
2025-06-30,2026-09-18,700.0,put,80.5,85.33,82.91,82.75,1,10,0.20024,-0.58523,445,617.85
2025-06-30,2026-09-18,705.0,call,15.38,15.48,15.43,15.36,17,96,0.12219,0.30179,445,617.85
2025-06-30,2026-09-18,705.0,put,85.19,90.0,87.59,0.0,0,0,0.21,-0.58919,445,617.85
2025-06-30,2026-09-18,710.0,call,13.88,13.99,13.94,14.06,5,190,0.12219,0.28378,445,617.85
2025-06-30,2026-09-18,710.0,put,90.5,95.0,92.75,0.0,0,0,0.21,-0.60101,445,617.85
2025-06-30,2026-09-18,715.0,call,12.51,12.6,12.55,11.11,0,7,0.12219,0.26642,445,617.85
2025-06-30,2026-09-18,715.0,put,95.5,100.0,97.75,97.13,1,0,0.21975,-0.60372,445,617.85
2025-06-30,2026-09-18,720.0,call,11.23,11.33,11.28,11.34,132,1426,0.12219,0.24974,445,617.85
2025-06-30,2026-09-18,720.0,put,100.19,105.0,102.59,0.0,0,0,0.22951,-0.60594,445,617.85
2025-06-30,2026-09-18,725.0,call,10.08,10.16,10.12,8.88,0,70,0.12219,0.23373,445,617.85
2025-06-30,2026-09-18,725.0,put,105.5,110.0,107.75,0.0,0,0,0.22951,-0.61641,445,617.85
2025-06-30,2026-09-18,730.0,call,9.01,9.1,9.05,9.4,475,744,0.12219,0.21842,445,617.85
2025-06-30,2026-09-18,730.0,put,110.19,115.0,112.59,0.0,0,0,0.23926,-0.6177,445,617.85
2025-06-30,2026-09-18,735.0,call,8.05,8.13,8.09,7.03,0,370,0.12219,0.2038,445,617.85
2025-06-30,2026-09-18,735.0,put,115.19,120.0,117.59,117.32,5,10,0.24902,-0.61867,445,617.85
2025-06-30,2026-09-18,740.0,call,7.18,7.26,7.22,6.45,0,13,0.11244,0.16706,445,617.85
2025-06-30,2026-09-18,740.0,put,120.19,125.0,122.59,0.0,0,0,0.24902,-0.62803,445,617.85
2025-06-30,2026-09-18,745.0,call,6.39,6.46,6.42,6.22,0,10,0.11244,0.15384,445,617.85
2025-06-30,2026-09-18,745.0,put,125.18,130.0,127.59,0.0,0,0,0.25877,-0.62829,445,617.85
2025-06-30,2026-09-18,750.0,call,5.69,5.76,5.72,5.66,9,124,0.11244,0.14142,445,617.85
2025-06-30,2026-09-18,750.0,put,130.18,135.0,132.59,0.0,0,0,0.26853,-0.62832,445,617.85
2025-06-30,2026-09-18,755.0,call,5.05,5.12,5.08,5.09,1,0,0.11244,0.12977,445,617.85
2025-06-30,2026-09-18,755.0,put,135.5,140.0,137.75,0.0,0,0,0.26853,-0.63677,445,617.85
2025-06-30,2026-09-18,760.0,call,4.49,4.55,4.52,4.5,1,0,0.11244,0.11887,445,617.85
2025-06-30,2026-09-18,760.0,put,140.19,145.0,142.59,0.0,0,0,0.27829,-0.63625,445,617.85
2025-06-30,2026-09-18,765.0,call,3.99,4.05,4.02,0.0,0,0,0.11244,0.1087,445,617.85
2025-06-30,2026-09-18,765.0,put,145.19,150.0,147.59,0.0,0,0,0.27829,-0.64424,445,617.85
2025-06-30,2026-09-18,770.0,call,3.54,3.6,3.57,3.47,14,11,0.11244,0.09923,445,617.85
2025-06-30,2026-09-18,770.0,put,150.18,155.0,152.59,0.0,0,0,0.28804,-0.64326,445,617.85
2025-06-30,2026-09-18,775.0,call,3.14,3.2,3.17,3.11,0,7,0.11244,0.09044,445,617.85
2025-06-30,2026-09-18,775.0,put,155.19,160.0,157.59,0.0,0,0,0.28804,-0.65082,445,617.85
2025-06-30,2026-09-18,780.0,call,2.79,2.84,2.81,2.87,3,551,0.11244,0.08228,445,617.85
2025-06-30,2026-09-18,780.0,put,160.19,165.0,162.59,0.0,0,0,0.2978,-0.64943,445,617.85
2025-06-30,2026-09-18,785.0,call,2.48,2.53,2.5,2.46,0,6,0.11244,0.07474,445,617.85
2025-06-30,2026-09-18,785.0,put,165.19,170.0,167.59,0.0,0,0,0.30755,-0.64796,445,617.85
2025-06-30,2026-09-18,790.0,call,2.21,2.25,2.23,1.9,0,237,0.11244,0.06779,445,617.85
2025-06-30,2026-09-18,790.0,put,170.19,175.0,172.59,0.0,0,0,0.30755,-0.65488,445,617.85
2025-06-30,2026-09-18,795.0,call,1.97,2.01,1.99,1.83,0,4,0.11244,0.06138,445,617.85
2025-06-30,2026-09-18,795.0,put,175.19,180.0,177.59,0.0,0,0,0.31731,-0.65309,445,617.85
2025-06-30,2026-09-18,800.0,call,1.76,1.79,1.77,1.86,71,25,0.11244,0.05549,445,617.85
2025-06-30,2026-09-18,800.0,put,180.5,185.0,182.75,0.0,0,0,0.31731,-0.65967,445,617.85
2025-06-30,2026-09-18,805.0,call,1.57,1.6,1.58,1.57,3,748,0.11244,0.05009,445,617.85
2025-06-30,2026-09-18,805.0,put,185.19,190.0,187.59,0.0,0,0,0.32707,-0.65761,445,617.85
2025-06-30,2026-09-18,810.0,call,1.4,1.44,1.42,1.29,0,711,0.11244,0.04514,445,617.85
2025-06-30,2026-09-18,810.0,put,190.19,195.0,192.59,0.0,0,0,0.32707,-0.66388,445,617.85
2025-06-30,2026-09-18,815.0,call,1.26,1.29,1.27,1.29,2,0,0.11244,0.04063,445,617.85
2025-06-30,2026-09-18,815.0,put,195.5,200.0,197.75,0.0,0,0,0.33682,-0.66157,445,617.85
2025-06-30,2026-09-18,820.0,call,1.13,1.16,1.15,0.6,0,3,0.11244,0.03651,445,617.85
2025-06-30,2026-09-18,820.0,put,200.19,205.0,202.59,0.0,0,0,0.33682,-0.66757,445,617.85
2025-06-30,2026-09-18,830.0,call,0.91,0.94,0.93,0.7,0,13,0.11244,0.02936,445,617.85
2025-06-30,2026-09-18,830.0,put,210.19,215.0,212.59,0.0,0,0,0.34658,-0.67078,445,617.85
2025-06-30,2026-09-18,840.0,call,0.74,0.77,0.76,0.55,0,285,0.11244,0.02347,445,617.85
2025-06-30,2026-09-18,840.0,put,220.19,225.0,222.59,0.0,0,0,0.35633,-0.67356,445,617.85
2025-06-30,2026-09-18,850.0,call,0.6,0.63,0.61,0.62,2,14,0.11244,0.01866,445,617.85
2025-06-30,2026-09-18,850.0,put,230.19,235.0,232.59,0.0,0,0,0.36609,-0.67596,445,617.85
2025-06-30,2026-09-18,860.0,call,0.5,0.52,0.51,0.36,0,13,0.11244,0.01476,445,617.85
2025-06-30,2026-09-18,860.0,put,240.19,245.0,242.59,0.0,0,0,0.37584,-0.67801,445,617.85
2025-06-30,2026-09-18,870.0,call,0.41,0.43,0.42,0.42,5,14,0.12219,0.01886,445,617.85
2025-06-30,2026-09-18,870.0,put,250.5,255.0,252.75,0.0,0,0,0.3856,-0.67974,445,617.85
2025-06-30,2026-09-18,880.0,call,0.33,0.36,0.34,0.3,0,2387,0.12219,0.01528,445,617.85
2025-06-30,2026-09-18,880.0,put,260.19,265.0,262.6,0.0,0,0,0.39536,-0.68117,445,617.85
2025-06-30,2026-09-18,890.0,call,0.28,0.3,0.29,0.18,0,1,0.12219,0.01234,445,617.85
2025-06-30,2026-09-18,890.0,put,270.19,275.0,272.6,0.0,0,0,0.40511,-0.68234,445,617.85
2025-06-30,2026-09-18,900.0,call,0.23,0.25,0.24,0.25,106,141,0.12219,0.00992,445,617.85
2025-06-30,2026-09-18,900.0,put,280.19,285.0,282.6,0.0,0,0,0.41487,-0.68327,445,617.85
2025-06-30,2026-12-18,200.0,call,420.5,425.4,422.95,414.2,0,443,0.01488,1.0,536,617.85
2025-06-30,2026-12-18,200.0,put,1.1,1.13,1.11,1.12,34,2441,0.46365,-0.00816,536,617.85
2025-06-30,2026-12-18,210.0,call,411.09,416.0,413.54,389.21,0,5,0.01488,1.0,536,617.85
2025-06-30,2026-12-18,210.0,put,1.24,1.26,1.25,1.27,1,677,0.45389,-0.00932,536,617.85
2025-06-30,2026-12-18,220.0,call,402.0,406.5,404.25,398.13,0,5,0.01488,1.0,536,617.85
2025-06-30,2026-12-18,220.0,put,1.38,1.41,1.4,1.41,1,146,0.44414,-0.01056,536,617.85
2025-06-30,2026-12-18,230.0,call,392.5,397.5,395.0,343.0,0,13,0.01488,1.0,536,617.85
2025-06-30,2026-12-18,230.0,put,1.54,1.56,1.55,0.0,0,140,0.43438,-0.01187,536,617.85
2025-06-30,2026-12-18,240.0,call,383.5,388.0,385.75,345.0,0,25,0.01488,1.0,536,617.85
2025-06-30,2026-12-18,240.0,put,1.7,1.73,1.71,0.0,0,373,0.42462,-0.01326,536,617.85
2025-06-30,2026-12-18,245.0,call,378.58,383.5,381.04,0.0,0,22,0.01488,1.0,536,617.85
2025-06-30,2026-12-18,245.0,put,1.79,1.82,1.81,0.0,0,54,0.41487,-0.01329,536,617.85
2025-06-30,2026-12-18,250.0,call,374.0,378.94,376.47,361.32,0,236,0.01488,1.0,536,617.85
2025-06-30,2026-12-18,250.0,put,1.88,1.91,1.9,0.0,0,371,0.41487,-0.01472,536,617.85
2025-06-30,2026-12-18,255.0,call,369.5,374.0,371.75,344.5,0,5,0.01488,1.0,536,617.85
2025-06-30,2026-12-18,255.0,put,1.97,2.0,1.98,1.98,1,957,0.40511,-0.01471,536,617.85
2025-06-30,2026-12-18,260.0,call,364.68,369.5,367.09,272.93,0,13,0.01488,1.0,536,617.85
2025-06-30,2026-12-18,260.0,put,2.06,2.09,2.08,0.0,0,214,0.40511,-0.01625,536,617.85
2025-06-30,2026-12-18,265.0,call,360.05,365.0,362.52,360.55,0,120,0.01488,1.0,536,617.85
2025-06-30,2026-12-18,265.0,put,2.16,2.19,2.17,0.0,0,85,0.39536,-0.01621,536,617.85
2025-06-30,2026-12-18,270.0,call,355.5,360.43,357.97,355.79,0,54,0.01488,1.0,536,617.85
2025-06-30,2026-12-18,270.0,put,2.25,2.28,2.26,0.0,0,280,0.39536,-0.01786,536,617.85
2025-06-30,2026-12-18,275.0,call,351.0,355.5,353.25,347.67,0,127,0.01488,1.0,536,617.85
2025-06-30,2026-12-18,275.0,put,2.35,2.38,2.37,2.37,76,5166,0.39536,-0.01961,536,617.85
2025-06-30,2026-12-18,280.0,call,346.18,351.0,348.59,346.67,0,54,0.01488,1.0,536,617.85
2025-06-30,2026-12-18,280.0,put,2.46,2.49,2.48,0.0,0,488,0.3856,-0.01953,536,617.85
2025-06-30,2026-12-18,285.0,call,341.57,346.5,344.03,343.23,2,103,0.01488,1.0,536,617.85
2025-06-30,2026-12-18,285.0,put,2.56,2.59,2.58,2.55,2,28,0.3856,-0.0214,536,617.85
2025-06-30,2026-12-18,290.0,call,337.0,341.95,339.48,338.59,2,15,0.01488,1.0,536,617.85
2025-06-30,2026-12-18,290.0,put,2.67,2.7,2.69,0.0,0,292,0.37584,-0.02128,536,617.85
2025-06-30,2026-12-18,295.0,call,332.5,337.0,334.75,329.46,0,81,0.01488,1.0,536,617.85
2025-06-30,2026-12-18,295.0,put,2.78,2.81,2.79,0.0,0,59,0.37584,-0.02327,536,617.85
2025-06-30,2026-12-18,300.0,call,327.73,332.5,330.12,329.19,2,254,0.01488,1.0,536,617.85
2025-06-30,2026-12-18,300.0,put,2.89,2.93,2.91,2.89,19,662,0.36609,-0.02309,536,617.85
2025-06-30,2026-12-18,305.0,call,323.12,328.0,325.56,324.83,1,6,0.01488,1.0,536,617.85
2025-06-30,2026-12-18,305.0,put,3.01,3.05,3.03,0.0,0,53,0.36609,-0.02521,536,617.85
2025-06-30,2026-12-18,310.0,call,318.52,323.5,321.01,310.87,0,67,0.01488,1.0,536,617.85
2025-06-30,2026-12-18,310.0,put,3.13,3.17,3.15,0.0,0,171,0.35633,-0.02498,536,617.85
2025-06-30,2026-12-18,315.0,call,314.0,318.92,316.46,316.64,2,167,0.01488,1.0,536,617.85
2025-06-30,2026-12-18,315.0,put,3.26,3.3,3.28,0.0,0,264,0.35633,-0.02722,536,617.85
2025-06-30,2026-12-18,320.0,call,309.5,314.33,311.91,311.11,2,33,0.01488,1.0,536,617.85
2025-06-30,2026-12-18,320.0,put,3.39,3.43,3.41,0.0,0,253,0.35633,-0.02959,536,617.85
2025-06-30,2026-12-18,325.0,call,304.74,309.5,307.12,297.03,0,67,0.01488,1.0,536,617.85
2025-06-30,2026-12-18,325.0,put,3.52,3.56,3.54,3.51,1,1098,0.34658,-0.02931,536,617.85
2025-06-30,2026-12-18,330.0,call,300.16,305.0,302.58,280.6,0,24,0.01488,1.0,536,617.85
2025-06-30,2026-12-18,330.0,put,3.67,3.7,3.69,0.0,0,527,0.34658,-0.03182,536,617.85
2025-06-30,2026-12-18,335.0,call,295.58,300.5,298.04,280.43,0,8,0.01488,1.0,536,617.85
2025-06-30,2026-12-18,335.0,put,3.81,3.85,3.83,0.0,0,224,0.33682,-0.03147,536,617.85
2025-06-30,2026-12-18,340.0,call,291.01,296.0,293.5,172.0,0,54,0.01488,1.0,536,617.85
2025-06-30,2026-12-18,340.0,put,3.96,4.0,3.98,0.0,0,207,0.33682,-0.03413,536,617.85
2025-06-30,2026-12-18,345.0,call,286.5,291.44,288.97,240.95,0,3,0.01488,1.0,536,617.85
2025-06-30,2026-12-18,345.0,put,4.12,4.17,4.14,0.0,0,178,0.33682,-0.03693,536,617.85
2025-06-30,2026-12-18,350.0,call,282.0,286.88,284.44,280.0,0,82,0.01488,1.0,536,617.85
2025-06-30,2026-12-18,350.0,put,4.29,4.33,4.31,4.29,1,1407,0.32707,-0.03653,536,617.85
2025-06-30,2026-12-18,355.0,call,277.5,282.0,279.75,258.1,0,16,0.01488,1.0,536,617.85
2025-06-30,2026-12-18,355.0,put,4.46,4.51,4.48,0.0,0,839,0.32707,-0.03948,536,617.85
2025-06-30,2026-12-18,360.0,call,273.0,277.79,275.39,253.56,0,9,0.01488,1.0,536,617.85
2025-06-30,2026-12-18,360.0,put,4.65,4.69,4.67,0.0,0,1653,0.32707,-0.04259,536,617.85
2025-06-30,2026-12-18,365.0,call,268.5,273.0,270.75,270.6,1,53,0.01488,1.0,536,617.85
2025-06-30,2026-12-18,365.0,put,4.84,4.89,4.87,4.85,20,997,0.31731,-0.04213,536,617.85
2025-06-30,2026-12-18,370.0,call,264.0,268.5,266.25,244.4,0,114,0.01488,1.0,536,617.85
2025-06-30,2026-12-18,370.0,put,5.04,5.09,5.06,0.0,0,1552,0.31731,-0.04541,536,617.85
2025-06-30,2026-12-18,375.0,call,259.21,264.0,261.61,238.59,0,18,0.01488,1.0,536,617.85
2025-06-30,2026-12-18,375.0,put,5.25,5.3,5.28,0.0,0,7967,0.31731,-0.04884,536,617.85
2025-06-30,2026-12-18,380.0,call,254.71,259.5,257.11,238.56,0,36,0.01488,1.0,536,617.85
2025-06-30,2026-12-18,380.0,put,5.47,5.52,5.49,0.0,0,689,0.30755,-0.04834,536,617.85
2025-06-30,2026-12-18,385.0,call,250.21,255.0,252.61,231.72,0,23,0.01488,1.0,536,617.85
2025-06-30,2026-12-18,385.0,put,5.71,5.76,5.73,5.7,26,1608,0.30755,-0.05197,536,617.85
2025-06-30,2026-12-18,390.0,call,245.73,250.5,248.12,211.7,0,138,0.01488,1.0,536,617.85
2025-06-30,2026-12-18,390.0,put,5.95,6.01,5.98,0.0,0,1484,0.30755,-0.05575,536,617.85
2025-06-30,2026-12-18,395.0,call,241.26,246.0,243.63,237.34,0,97,0.01488,1.0,536,617.85
2025-06-30,2026-12-18,395.0,put,6.21,6.26,6.23,0.0,0,890,0.2978,-0.05521,536,617.85
2025-06-30,2026-12-18,400.0,call,237.0,241.5,239.25,234.18,0,1228,0.01488,1.0,536,617.85
2025-06-30,2026-12-18,400.0,put,6.48,6.54,6.51,6.49,1,17618,0.2978,-0.05921,536,617.85
2025-06-30,2026-12-18,405.0,call,232.5,237.35,234.93,218.32,0,18,0.01488,1.0,536,617.85
2025-06-30,2026-12-18,405.0,put,6.76,6.82,6.79,0.0,0,1355,0.2978,-0.06338,536,617.85
2025-06-30,2026-12-18,410.0,call,228.0,232.92,230.46,224.85,0,117,0.01488,1.0,536,617.85
2025-06-30,2026-12-18,410.0,put,7.06,7.12,7.09,7.07,1,16354,0.28804,-0.06282,536,617.85
2025-06-30,2026-12-18,415.0,call,223.5,228.5,226.0,226.29,0,19,0.01488,1.0,536,617.85
2025-06-30,2026-12-18,415.0,put,7.37,7.43,7.4,0.0,0,4669,0.28804,-0.06722,536,617.85
2025-06-30,2026-12-18,420.0,call,219.09,224.0,221.55,206.0,0,77,0.01488,1.0,536,617.85
2025-06-30,2026-12-18,420.0,put,7.69,7.76,7.72,0.0,0,1876,0.28804,-0.0718,536,617.85
2025-06-30,2026-12-18,425.0,call,214.7,219.5,217.1,188.56,0,15,0.01488,1.0,536,617.85
2025-06-30,2026-12-18,425.0,put,8.03,8.1,8.06,0.0,0,5428,0.27829,-0.07123,536,617.85
2025-06-30,2026-12-18,430.0,call,210.5,215.0,212.75,212.85,14,21,0.01488,1.0,536,617.85
2025-06-30,2026-12-18,430.0,put,8.39,8.46,8.43,0.0,0,1769,0.27829,-0.07607,536,617.85
2025-06-30,2026-12-18,435.0,call,206.0,210.96,208.48,190.56,0,24,0.01488,1.0,536,617.85
2025-06-30,2026-12-18,435.0,put,8.76,8.83,8.79,0.0,0,1202,0.27829,-0.0811,536,617.85
2025-06-30,2026-12-18,440.0,call,201.62,206.5,204.06,203.66,0,71,0.01488,1.0,536,617.85
2025-06-30,2026-12-18,440.0,put,9.15,9.22,9.19,9.19,1,412,0.27829,-0.08631,536,617.85
2025-06-30,2026-12-18,445.0,call,197.29,202.0,199.64,199.29,2,39,0.01488,1.0,536,617.85
2025-06-30,2026-12-18,445.0,put,9.55,9.63,9.59,9.51,17,1190,0.26853,-0.08588,536,617.85
2025-06-30,2026-12-18,450.0,call,193.0,197.98,195.49,194.85,1,214,0.01488,1.0,536,617.85
2025-06-30,2026-12-18,450.0,put,9.98,10.06,10.02,0.0,0,10120,0.26853,-0.09139,536,617.85
2025-06-30,2026-12-18,455.0,call,188.69,193.5,191.09,190.7,8,85,0.12219,0.99491,536,617.85
2025-06-30,2026-12-18,455.0,put,10.43,10.51,10.47,0.0,0,1082,0.26853,-0.09709,536,617.85
2025-06-30,2026-12-18,460.0,call,184.5,189.42,186.96,186.03,202,76,0.15146,0.9796,536,617.85
2025-06-30,2026-12-18,460.0,put,10.89,10.97,10.93,10.98,1,1296,0.26853,-0.10299,536,617.85
2025-06-30,2026-12-18,465.0,call,180.17,185.0,182.58,182.23,43,36,0.15146,0.97652,536,617.85
2025-06-30,2026-12-18,465.0,put,11.38,11.46,11.42,0.0,0,1069,0.25877,-0.10278,536,617.85
2025-06-30,2026-12-18,470.0,call,176.0,180.93,178.47,177.88,8,266,0.16122,0.96586,536,617.85
2025-06-30,2026-12-18,470.0,put,11.88,11.97,11.93,0.0,0,2236,0.25877,-0.10902,536,617.85
2025-06-30,2026-12-18,475.0,call,171.72,176.5,174.11,173.54,1,1375,0.16122,0.96155,536,617.85
2025-06-30,2026-12-18,475.0,put,12.41,12.5,12.46,0.0,0,2541,0.25877,-0.11545,536,617.85
2025-06-30,2026-12-18,480.0,call,167.53,172.5,170.01,158.86,0,390,0.16122,0.95687,536,617.85
2025-06-30,2026-12-18,480.0,put,12.96,13.05,13.01,12.97,11,2885,0.25877,-0.12208,536,617.85
2025-06-30,2026-12-18,485.0,call,163.5,168.36,165.93,166.08,1,943,0.17097,0.94283,536,617.85
2025-06-30,2026-12-18,485.0,put,13.53,13.63,13.58,0.0,0,1543,0.24902,-0.12224,536,617.85
2025-06-30,2026-12-18,490.0,call,159.22,164.0,161.61,160.88,6,1017,0.17097,0.93693,536,617.85
2025-06-30,2026-12-18,490.0,put,14.13,14.23,14.18,14.2,10,2075,0.24902,-0.12926,536,617.85
2025-06-30,2026-12-18,495.0,call,155.1,160.0,157.55,156.78,2,2259,0.17097,0.93063,536,617.85
2025-06-30,2026-12-18,495.0,put,14.76,14.86,14.81,14.91,5,1710,0.24902,-0.13649,536,617.85
2025-06-30,2026-12-18,500.0,call,151.0,155.01,153.0,153.73,3,2604,0.17097,0.92393,536,617.85
2025-06-30,2026-12-18,500.0,put,15.41,15.52,15.46,15.35,19,4175,0.24902,-0.14391,536,617.85
2025-06-30,2026-12-18,505.0,call,147.0,151.5,149.25,146.06,0,1446,0.17097,0.91681,536,617.85
2025-06-30,2026-12-18,505.0,put,16.09,16.2,16.14,16.11,4,817,0.24902,-0.15152,536,617.85
2025-06-30,2026-12-18,510.0,call,143.0,147.88,145.44,143.92,1,2585,0.17097,0.90929,536,617.85
2025-06-30,2026-12-18,510.0,put,16.8,16.91,16.86,16.89,2,3694,0.23926,-0.15247,536,617.85
2025-06-30,2026-12-18,515.0,call,139.0,143.87,141.44,136.54,0,2638,0.17097,0.90136,536,617.85
2025-06-30,2026-12-18,515.0,put,17.53,17.65,17.59,0.0,0,1936,0.23926,-0.16054,536,617.85
2025-06-30,2026-12-18,520.0,call,135.0,139.5,137.25,132.3,0,3819,0.17097,0.89301,536,617.85
2025-06-30,2026-12-18,520.0,put,18.3,18.42,18.36,18.2,2,6773,0.23926,-0.1688,536,617.85
2025-06-30,2026-12-18,525.0,call,131.0,135.5,133.25,130.15,0,1058,0.17097,0.88425,536,617.85
2025-06-30,2026-12-18,525.0,put,19.09,19.22,19.16,0.0,0,2866,0.23926,-0.17724,536,617.85
2025-06-30,2026-12-18,530.0,call,127.0,131.98,129.49,125.84,0,2327,0.17097,0.87508,536,617.85
2025-06-30,2026-12-18,530.0,put,19.92,20.05,19.98,20.05,1,4119,0.22951,-0.17901,536,617.85
2025-06-30,2026-12-18,535.0,call,123.08,128.0,125.54,116.71,0,2529,0.17097,0.86551,536,617.85
2025-06-30,2026-12-18,535.0,put,20.78,20.91,20.84,0.0,0,2835,0.22951,-0.18798,536,617.85
2025-06-30,2026-12-18,540.0,call,119.21,124.0,121.6,120.92,3,3615,0.17097,0.85555,536,617.85
2025-06-30,2026-12-18,540.0,put,21.67,21.8,21.73,21.67,7,1999,0.22951,-0.19713,536,617.85
2025-06-30,2026-12-18,545.0,call,115.37,120.0,117.69,117.38,8,2379,0.17097,0.84519,536,617.85
2025-06-30,2026-12-18,545.0,put,22.6,22.73,22.66,22.55,1,2663,0.22951,-0.20645,536,617.85
2025-06-30,2026-12-18,550.0,call,111.56,116.5,114.03,114.53,14,4329,0.17097,0.83446,536,617.85
2025-06-30,2026-12-18,550.0,put,23.56,23.7,23.63,23.87,36,3798,0.22951,-0.21595,536,617.85
2025-06-30,2026-12-18,555.0,call,107.78,112.5,110.14,109.83,1,1954,0.17097,0.82337,536,617.85
2025-06-30,2026-12-18,555.0,put,24.56,24.71,24.63,24.73,1,2849,0.21975,-0.21924,536,617.85
2025-06-30,2026-12-18,560.0,call,104.04,109.0,106.52,106.34,3,2036,0.17097,0.81192,536,617.85
2025-06-30,2026-12-18,560.0,put,25.6,25.75,25.68,25.64,3,1713,0.21975,-0.22932,536,617.85
2025-06-30,2026-12-18,565.0,call,100.33,105.0,102.66,103.2,1,1469,0.17097,0.80013,536,617.85
2025-06-30,2026-12-18,565.0,put,26.68,26.83,26.75,26.98,2,1167,0.21975,-0.23956,536,617.85
2025-06-30,2026-12-18,570.0,call,96.66,101.5,99.08,98.29,2,6201,0.17097,0.78802,536,617.85
2025-06-30,2026-12-18,570.0,put,27.81,27.96,27.88,27.92,7,748,0.21975,-0.24996,536,617.85
2025-06-30,2026-12-18,575.0,call,93.03,98.0,95.52,95.17,2,983,0.16122,0.78555,536,617.85
2025-06-30,2026-12-18,575.0,put,28.97,29.13,29.05,28.94,2,975,0.21975,-0.26049,536,617.85
2025-06-30,2026-12-18,580.0,call,89.43,94.0,91.72,91.14,0,2437,0.16122,0.77239,536,617.85
2025-06-30,2026-12-18,580.0,put,30.18,30.35,30.27,30.34,20,2469,0.21,-0.26581,536,617.85
2025-06-30,2026-12-18,585.0,call,85.87,90.5,88.19,87.73,1,1109,0.16122,0.75891,536,617.85
2025-06-30,2026-12-18,585.0,put,31.44,31.61,31.52,31.13,2,2531,0.21,-0.27699,536,617.85
2025-06-30,2026-12-18,590.0,call,82.35,87.0,84.67,83.93,0,1065,0.16122,0.74513,536,617.85
2025-06-30,2026-12-18,590.0,put,32.75,32.92,32.84,32.78,52,2063,0.21,-0.2883,536,617.85
2025-06-30,2026-12-18,595.0,call,78.87,83.5,81.19,82.5,5,1076,0.16122,0.73107,536,617.85
2025-06-30,2026-12-18,595.0,put,34.11,34.28,34.2,34.04,4,1057,0.21,-0.29972,536,617.85
2025-06-30,2026-12-18,600.0,call,75.44,80.0,77.72,78.0,8,4600,0.16122,0.71675,536,617.85
2025-06-30,2026-12-18,600.0,put,35.52,35.71,35.62,35.58,74,3033,0.21,-0.31125,536,617.85
2025-06-30,2026-12-18,605.0,call,72.05,77.0,74.53,74.04,4,1378,0.16122,0.7022,536,617.85
2025-06-30,2026-12-18,605.0,put,37.0,37.19,37.09,36.61,10,1940,0.21,-0.32287,536,617.85
2025-06-30,2026-12-18,610.0,call,68.72,73.5,71.11,70.8,21,1401,0.15146,0.69423,536,617.85
2025-06-30,2026-12-18,610.0,put,38.54,38.73,38.63,39.05,2,5429,0.20024,-0.33139,536,617.85
2025-06-30,2026-12-18,615.0,call,65.43,70.0,67.72,66.8,25,518,0.15146,0.67846,536,617.85
2025-06-30,2026-12-18,615.0,put,40.15,40.35,40.25,40.16,6,2321,0.20024,-0.34369,536,617.85
2025-06-30,2026-12-18,620.0,call,62.2,66.0,64.1,65.48,20,2548,0.15146,0.6625,536,617.85
2025-06-30,2026-12-18,620.0,put,41.83,42.04,41.94,41.97,51,8230,0.20024,-0.35604,536,617.85
2025-06-30,2026-12-18,625.0,call,59.03,64.0,61.52,61.75,6,856,0.15146,0.64636,536,617.85
2025-06-30,2026-12-18,625.0,put,43.59,43.8,43.7,0.0,0,628,0.20024,-0.36845,536,617.85
2025-06-30,2026-12-18,630.0,call,56.0,60.5,58.25,59.0,2,589,0.15146,0.6301,536,617.85
2025-06-30,2026-12-18,630.0,put,45.44,45.65,45.55,0.0,0,75,0.20024,-0.3809,536,617.85
2025-06-30,2026-12-18,635.0,call,53.0,57.5,55.25,55.27,18,463,0.15146,0.61372,536,617.85
2025-06-30,2026-12-18,635.0,put,47.37,47.59,47.48,47.86,3,52,0.20024,-0.39337,536,617.85
2025-06-30,2026-12-18,640.0,call,50.0,53.75,51.88,53.25,15,805,0.1417,0.59911,536,617.85
2025-06-30,2026-12-18,640.0,put,49.4,49.62,49.51,0.0,0,106,0.20024,-0.40586,536,617.85
2025-06-30,2026-12-18,645.0,call,49.4,49.59,49.5,49.55,3,534,0.1417,0.58149,536,617.85
2025-06-30,2026-12-18,645.0,put,51.51,51.75,51.63,51.69,4,41,0.20024,-0.41834,536,617.85
2025-06-30,2026-12-18,650.0,call,46.57,46.76,46.66,47.1,13,2698,0.1417,0.56385,536,617.85
2025-06-30,2026-12-18,650.0,put,53.74,53.99,53.87,54.52,5,165,0.19048,-0.43206,536,617.85
2025-06-30,2026-12-18,655.0,call,43.8,43.99,43.89,43.43,3,641,0.1417,0.54622,536,617.85
2025-06-30,2026-12-18,655.0,put,56.08,56.33,56.2,55.75,2,33,0.19048,-0.44515,536,617.85
2025-06-30,2026-12-18,660.0,call,41.13,41.31,41.22,41.65,2,746,0.1417,0.52863,536,617.85
2025-06-30,2026-12-18,660.0,put,56.19,61.0,58.59,58.16,4,28,0.19048,-0.4582,536,617.85
2025-06-30,2026-12-18,665.0,call,38.52,38.71,38.62,39.07,8,401,0.1417,0.51112,536,617.85
2025-06-30,2026-12-18,665.0,put,59.0,63.5,61.25,0.0,0,75,0.19048,-0.47119,536,617.85
2025-06-30,2026-12-18,670.0,call,36.02,36.19,36.11,35.52,0,646,0.1417,0.49372,536,617.85
2025-06-30,2026-12-18,670.0,put,61.5,66.5,64.0,0.0,0,11,0.19048,-0.48411,536,617.85
2025-06-30,2026-12-18,675.0,call,33.59,33.76,33.67,33.63,1,1625,0.13195,0.46984,536,617.85
2025-06-30,2026-12-18,675.0,put,64.5,69.37,66.94,0.0,0,3,0.19048,-0.49696,536,617.85
2025-06-30,2026-12-18,680.0,call,31.26,31.43,31.34,28.76,0,2850,0.13195,0.45152,536,617.85
2025-06-30,2026-12-18,680.0,put,67.5,72.4,69.95,69.0,7,35,0.20024,-0.50464,536,617.85
2025-06-30,2026-12-18,685.0,call,29.02,29.19,29.11,29.72,2,888,0.13195,0.43344,536,617.85
2025-06-30,2026-12-18,685.0,put,70.61,75.5,73.06,0.0,0,770,0.20024,-0.51668,536,617.85
2025-06-30,2026-12-18,690.0,call,26.89,27.05,26.97,25.43,0,1028,0.13195,0.41562,536,617.85
2025-06-30,2026-12-18,690.0,put,74.0,79.0,76.5,0.0,0,203,0.20024,-0.52862,536,617.85
2025-06-30,2026-12-18,695.0,call,24.85,25.01,24.93,22.57,0,1143,0.13195,0.3981,536,617.85
2025-06-30,2026-12-18,695.0,put,77.61,82.5,80.06,0.0,0,0,0.20024,-0.54044,536,617.85
2025-06-30,2026-12-18,700.0,call,22.92,23.07,23.0,23.0,175,1435,0.13195,0.38091,536,617.85
2025-06-30,2026-12-18,700.0,put,81.5,86.46,83.98,85.31,2,3,0.20024,-0.55215,536,617.85
2025-06-30,2026-12-18,705.0,call,21.09,21.23,21.16,21.22,5,733,0.12219,0.34913,536,617.85
2025-06-30,2026-12-18,705.0,put,85.61,90.5,88.06,0.0,0,0,0.21,-0.55623,536,617.85
2025-06-30,2026-12-18,710.0,call,19.37,19.52,19.45,19.35,59,798,0.12219,0.33164,536,617.85
2025-06-30,2026-12-18,710.0,put,90.5,95.0,92.75,0.0,0,0,0.21,-0.56718,536,617.85
2025-06-30,2026-12-18,715.0,call,17.74,17.88,17.81,17.3,0,899,0.12219,0.31462,536,617.85
2025-06-30,2026-12-18,715.0,put,95.5,100.0,97.75,0.0,0,0,0.21975,-0.57004,536,617.85
2025-06-30,2026-12-18,720.0,call,16.23,16.36,16.3,16.16,1,1662,0.12219,0.29811,536,617.85
2025-06-30,2026-12-18,720.0,put,100.19,105.0,102.59,0.0,0,0,0.21975,-0.58029,536,617.85
2025-06-30,2026-12-18,725.0,call,14.81,14.93,14.87,14.93,7,520,0.12219,0.28211,536,617.85
2025-06-30,2026-12-18,725.0,put,105.5,110.0,107.75,0.0,0,0,0.22951,-0.58213,536,617.85
2025-06-30,2026-12-18,730.0,call,13.49,13.62,13.55,12.22,0,458,0.12219,0.26664,536,617.85
2025-06-30,2026-12-18,730.0,put,110.5,115.0,112.75,0.0,0,0,0.23926,-0.58356,536,617.85
2025-06-30,2026-12-18,735.0,call,12.27,12.39,12.33,10.65,0,519,0.12219,0.25172,536,617.85
2025-06-30,2026-12-18,735.0,put,115.19,120.0,117.59,0.0,0,0,0.23926,-0.59272,536,617.85
2025-06-30,2026-12-18,740.0,call,11.14,11.25,11.2,11.55,8,638,0.12219,0.23734,536,617.85
2025-06-30,2026-12-18,740.0,put,120.5,125.0,122.75,0.0,0,0,0.24902,-0.59338,536,617.85
2025-06-30,2026-12-18,745.0,call,10.1,10.21,10.16,10.05,10,613,0.12219,0.22352,536,617.85
2025-06-30,2026-12-18,745.0,put,125.19,130.0,127.59,0.0,0,0,0.25877,-0.59375,536,617.85
2025-06-30,2026-12-18,750.0,call,9.13,9.24,9.19,9.19,14,11551,0.12219,0.21026,536,617.85
2025-06-30,2026-12-18,750.0,put,130.5,135.0,132.75,0.0,0,0,0.25877,-0.602,536,617.85
2025-06-30,2026-12-18,755.0,call,8.26,8.36,8.31,8.25,4,1512,0.11244,0.1745,536,617.85
2025-06-30,2026-12-18,755.0,put,135.19,140.0,137.59,0.0,0,0,0.26853,-0.60178,536,617.85
2025-06-30,2026-12-18,760.0,call,7.46,7.56,7.51,6.96,0,1497,0.11244,0.16232,536,617.85
2025-06-30,2026-12-18,760.0,put,140.18,145.0,142.59,0.0,0,0,0.26853,-0.60959,536,617.85
2025-06-30,2026-12-18,765.0,call,6.73,6.83,6.78,6.93,1,753,0.11244,0.15078,536,617.85
2025-06-30,2026-12-18,765.0,put,145.5,150.0,147.75,0.0,0,0,0.27829,-0.60885,536,617.85
2025-06-30,2026-12-18,770.0,call,6.07,6.16,6.12,6.16,13,4774,0.11244,0.13987,536,617.85
2025-06-30,2026-12-18,770.0,put,150.18,155.0,152.59,0.0,0,0,0.27829,-0.61624,536,617.85
2025-06-30,2026-12-18,775.0,call,5.47,5.56,5.51,4.84,0,6242,0.11244,0.12957,536,617.85
2025-06-30,2026-12-18,775.0,put,155.19,160.0,157.59,0.0,0,0,0.28804,-0.61506,536,617.85
2025-06-30,2026-12-18,780.0,call,4.92,5.0,4.96,4.92,27,5851,0.11244,0.11987,536,617.85
2025-06-30,2026-12-18,780.0,put,160.5,165.0,162.75,0.0,0,0,0.2978,-0.61377,536,617.85
2025-06-30,2026-12-18,785.0,call,4.44,4.51,4.47,4.63,19,7647,0.11244,0.11076,536,617.85
2025-06-30,2026-12-18,785.0,put,165.19,170.0,167.59,0.0,0,0,0.2978,-0.62052,536,617.85
2025-06-30,2026-12-18,790.0,call,3.99,4.07,4.03,4.05,16,5135,0.11244,0.1022,536,617.85
2025-06-30,2026-12-18,790.0,put,170.5,175.0,172.75,0.0,0,0,0.30755,-0.61887,536,617.85
2025-06-30,2026-12-18,795.0,call,3.6,3.67,3.63,3.34,0,1191,0.11244,0.09419,536,617.85
2025-06-30,2026-12-18,795.0,put,175.5,180.0,177.75,0.0,0,0,0.30755,-0.62531,536,617.85
2025-06-30,2026-12-18,800.0,call,3.24,3.31,3.28,3.28,10,1583,0.11244,0.08669,536,617.85
2025-06-30,2026-12-18,800.0,put,180.19,185.0,182.59,0.0,0,0,0.31731,-0.62335,536,617.85
2025-06-30,2026-12-18,805.0,call,2.93,2.99,2.96,2.24,0,52,0.11244,0.07969,536,617.85
2025-06-30,2026-12-18,805.0,put,185.5,190.0,187.75,0.0,0,0,0.31731,-0.62949,536,617.85
2025-06-30,2026-12-18,810.0,call,2.64,2.7,2.67,2.48,0,351,0.11244,0.07317,536,617.85
2025-06-30,2026-12-18,810.0,put,190.19,195.0,192.59,0.0,0,0,0.32707,-0.62726,536,617.85
2025-06-30,2026-12-18,815.0,call,2.39,2.44,2.42,2.32,0,140,0.11244,0.0671,536,617.85
2025-06-30,2026-12-18,815.0,put,195.19,200.0,197.59,0.0,0,0,0.32707,-0.63313,536,617.85
2025-06-30,2026-12-18,820.0,call,2.16,2.21,2.19,2.16,1,222,0.11244,0.06146,536,617.85
2025-06-30,2026-12-18,820.0,put,200.19,205.0,202.59,0.0,0,0,0.33682,-0.63067,536,617.85
2025-06-30,2026-12-18,825.0,call,1.96,2.01,1.98,1.93,0,227,0.11244,0.05623,536,617.85
2025-06-30,2026-12-18,825.0,put,205.19,210.0,207.59,0.0,0,0,0.33682,-0.63627,536,617.85
2025-06-30,2026-12-18,830.0,call,1.78,1.83,1.81,1.35,0,247,0.11244,0.05138,536,617.85
2025-06-30,2026-12-18,830.0,put,210.19,215.0,212.59,0.0,0,0,0.34658,-0.63361,536,617.85
2025-06-30,2026-12-18,835.0,call,1.62,1.66,1.64,1.65,2,389,0.11244,0.0469,536,617.85
2025-06-30,2026-12-18,835.0,put,215.5,220.0,217.75,0.0,0,0,0.34658,-0.63898,536,617.85
2025-06-30,2026-12-18,840.0,call,1.47,1.52,1.5,1.52,2,779,0.11244,0.04276,536,617.85
2025-06-30,2026-12-18,840.0,put,220.19,225.0,222.59,0.0,0,0,0.35633,-0.63614,536,617.85
2025-06-30,2026-12-18,845.0,call,1.35,1.39,1.37,1.09,0,200,0.11244,0.03894,536,617.85
2025-06-30,2026-12-18,845.0,put,225.19,230.0,227.59,0.0,0,0,0.35633,-0.64129,536,617.85
2025-06-30,2026-12-18,850.0,call,1.23,1.27,1.25,1.27,3,773,0.11244,0.03543,536,617.85
2025-06-30,2026-12-18,850.0,put,230.19,235.0,232.59,0.0,0,0,0.36609,-0.63829,536,617.85
2025-06-30,2026-12-18,855.0,call,1.13,1.17,1.15,1.15,0,27,0.11244,0.0322,536,617.85
2025-06-30,2026-12-18,855.0,put,235.19,240.0,237.59,0.0,0,0,0.36609,-0.64323,536,617.85
2025-06-30,2026-12-18,860.0,call,1.03,1.07,1.05,1.08,1,132,0.11244,0.02923,536,617.85
2025-06-30,2026-12-18,860.0,put,240.19,245.0,242.59,0.0,0,0,0.37584,-0.6401,536,617.85
2025-06-30,2026-12-18,865.0,call,0.95,0.99,0.97,0.69,0,42,0.11244,0.02651,536,617.85
2025-06-30,2026-12-18,865.0,put,245.18,250.0,247.59,0.0,0,0,0.37584,-0.64485,536,617.85
2025-06-30,2026-12-18,870.0,call,0.87,0.91,0.89,0.89,1,60,0.11244,0.02402,536,617.85
2025-06-30,2026-12-18,870.0,put,250.5,255.0,252.75,0.0,0,0,0.3856,-0.64159,536,617.85
2025-06-30,2026-12-18,875.0,call,0.8,0.84,0.82,0.84,0,217,0.11244,0.02174,536,617.85
2025-06-30,2026-12-18,875.0,put,255.19,260.0,257.6,0.0,0,0,0.3856,-0.64616,536,617.85
2025-06-30,2026-12-18,880.0,call,0.74,0.77,0.76,0.55,0,123,0.11244,0.01965,536,617.85
2025-06-30,2026-12-18,880.0,put,260.5,265.0,262.75,0.0,0,0,0.3856,-0.65069,536,617.85
2025-06-30,2026-12-18,885.0,call,0.68,0.71,0.7,0.66,1,104,0.12219,0.02722,536,617.85
2025-06-30,2026-12-18,885.0,put,265.5,270.0,267.75,0.0,0,0,0.39536,-0.6472,536,617.85
2025-06-30,2026-12-18,890.0,call,0.62,0.65,0.64,0.66,0,50,0.12219,0.02492,536,617.85
2025-06-30,2026-12-18,890.0,put,270.19,275.0,272.6,0.0,0,0,0.39536,-0.65156,536,617.85
2025-06-30,2026-12-18,895.0,call,0.57,0.6,0.58,0.47,0,101,0.12219,0.02279,536,617.85
2025-06-30,2026-12-18,895.0,put,275.5,280.0,277.75,0.0,0,0,0.40511,-0.64798,536,617.85
2025-06-30,2026-12-18,900.0,call,0.52,0.55,0.54,0.56,4,3250,0.12219,0.02083,536,617.85
2025-06-30,2026-12-18,900.0,put,280.2,285.0,282.6,0.0,0,0,0.40511,-0.65219,536,617.85
2025-06-30,2026-12-18,905.0,call,0.48,0.51,0.49,0.51,555,123,0.12219,0.01903,536,617.85
2025-06-30,2026-12-18,905.0,put,285.19,290.0,287.6,0.0,0,0,0.41487,-0.64853,536,617.85
2025-06-30,2026-12-18,910.0,call,0.44,0.47,0.45,0.45,75,2154,0.12219,0.01737,536,617.85
2025-06-30,2026-12-18,910.0,put,290.5,295.0,292.75,0.0,0,0,0.41487,-0.65259,536,617.85
2025-06-30,2027-01-15,200.0,call,420.5,425.46,422.98,420.07,0,127,0.01488,1.0,564,617.85
2025-06-30,2027-01-15,200.0,put,1.17,1.2,1.19,1.15,16,393,0.45389,-0.0082,564,617.85
2025-06-30,2027-01-15,205.0,call,416.0,420.5,418.25,418.0,75,1,0.01488,1.0,564,617.85
2025-06-30,2027-01-15,205.0,put,1.22,1.27,1.25,1.27,1,14,0.45389,-0.00924,564,617.85
2025-06-30,2027-01-15,210.0,call,411.15,416.0,413.57,402.4,0,10,0.01488,1.0,564,617.85
2025-06-30,2027-01-15,210.0,put,1.29,1.35,1.32,0.0,0,4,0.44414,-0.00934,564,617.85
2025-06-30,2027-01-15,215.0,call,406.51,411.5,409.0,408.8,75,75,0.01488,1.0,564,617.85
2025-06-30,2027-01-15,215.0,put,1.36,1.42,1.39,0.0,0,2,0.44414,-0.01046,564,617.85
2025-06-30,2027-01-15,220.0,call,402.0,406.5,404.25,348.67,0,1,0.01488,1.0,564,617.85
2025-06-30,2027-01-15,220.0,put,1.44,1.5,1.47,0.0,0,1,0.43438,-0.01055,564,617.85
2025-06-30,2027-01-15,225.0,call,397.22,402.0,399.61,0.0,0,0,0.01488,1.0,564,617.85
2025-06-30,2027-01-15,225.0,put,1.52,1.58,1.55,0.0,0,134,0.43438,-0.01177,564,617.85
2025-06-30,2027-01-15,230.0,call,392.58,397.5,395.04,0.0,0,0,0.01488,1.0,564,617.85
2025-06-30,2027-01-15,230.0,put,1.6,1.67,1.64,0.0,0,27,0.42462,-0.01182,564,617.85
2025-06-30,2027-01-15,235.0,call,388.0,392.94,390.47,0.0,0,0,0.01488,1.0,564,617.85
2025-06-30,2027-01-15,235.0,put,1.69,1.75,1.72,0.0,0,39,0.42462,-0.01314,564,617.85
2025-06-30,2027-01-15,240.0,call,383.5,388.0,385.75,367.7,0,0,0.01488,1.0,564,617.85
2025-06-30,2027-01-15,240.0,put,1.78,1.84,1.81,1.77,29,62,0.41487,-0.01317,564,617.85
2025-06-30,2027-01-15,245.0,call,378.67,383.5,381.09,0.0,0,0,0.01488,1.0,564,617.85
2025-06-30,2027-01-15,245.0,put,1.87,1.93,1.9,0.0,0,5,0.41487,-0.01458,564,617.85
2025-06-30,2027-01-15,250.0,call,374.04,379.0,376.52,368.5,0,21,0.01488,1.0,564,617.85
2025-06-30,2027-01-15,250.0,put,1.96,2.03,1.99,0.0,0,191,0.40511,-0.01458,564,617.85
2025-06-30,2027-01-15,255.0,call,369.5,374.0,371.75,276.0,0,2,0.01488,1.0,564,617.85
2025-06-30,2027-01-15,255.0,put,2.06,2.13,2.09,0.0,0,15,0.40511,-0.0161,564,617.85
2025-06-30,2027-01-15,260.0,call,365.0,369.5,367.25,346.98,0,12,0.01488,1.0,564,617.85
2025-06-30,2027-01-15,260.0,put,2.16,2.22,2.19,0.0,0,95,0.39536,-0.01605,564,617.85
2025-06-30,2027-01-15,265.0,call,360.17,365.0,362.59,275.85,0,2,0.01488,1.0,564,617.85
2025-06-30,2027-01-15,265.0,put,2.26,2.33,2.29,0.0,0,0,0.39536,-0.01767,564,617.85
2025-06-30,2027-01-15,270.0,call,355.55,360.5,358.02,341.42,0,1,0.01488,1.0,564,617.85
2025-06-30,2027-01-15,270.0,put,2.36,2.43,2.4,2.35,1,17,0.39536,-0.0194,564,617.85
2025-06-30,2027-01-15,275.0,call,351.0,355.93,353.47,334.1,0,1,0.01488,1.0,564,617.85
2025-06-30,2027-01-15,275.0,put,2.47,2.54,2.5,0.0,0,1,0.3856,-0.01932,564,617.85
2025-06-30,2027-01-15,280.0,call,346.5,351.0,348.75,342.73,0,52,0.01488,1.0,564,617.85
2025-06-30,2027-01-15,280.0,put,2.57,2.65,2.61,0.0,0,13,0.3856,-0.02116,564,617.85
2025-06-30,2027-01-15,285.0,call,341.71,346.5,344.11,342.47,2,156,0.01488,1.0,564,617.85
2025-06-30,2027-01-15,285.0,put,2.69,2.76,2.72,0.0,0,1213,0.37584,-0.02103,564,617.85
2025-06-30,2027-01-15,290.0,call,337.1,342.0,339.55,321.75,0,10,0.01488,1.0,564,617.85
2025-06-30,2027-01-15,290.0,put,2.8,2.88,2.84,0.0,0,21,0.37584,-0.02298,564,617.85
2025-06-30,2027-01-15,295.0,call,332.5,337.49,335.0,307.57,0,24,0.01488,1.0,564,617.85
2025-06-30,2027-01-15,295.0,put,2.92,3.0,2.96,0.0,0,45,0.36609,-0.0228,564,617.85
2025-06-30,2027-01-15,300.0,call,328.0,332.89,330.44,330.5,2,155,0.01488,1.0,564,617.85
2025-06-30,2027-01-15,300.0,put,3.04,3.12,3.08,3.08,4,2681,0.36609,-0.02487,564,617.85
2025-06-30,2027-01-15,305.0,call,323.5,328.0,325.75,319.71,0,14,0.01488,1.0,564,617.85
2025-06-30,2027-01-15,305.0,put,3.17,3.25,3.21,0.0,0,18,0.35633,-0.02463,564,617.85
2025-06-30,2027-01-15,310.0,call,318.7,323.5,321.1,319.26,0,5,0.01488,1.0,564,617.85
2025-06-30,2027-01-15,310.0,put,3.3,3.38,3.34,0.0,0,186,0.35633,-0.02683,564,617.85
2025-06-30,2027-01-15,315.0,call,314.11,319.0,316.56,315.11,0,1,0.01488,1.0,564,617.85
2025-06-30,2027-01-15,315.0,put,3.43,3.52,3.48,0.0,0,31,0.35633,-0.02915,564,617.85
2025-06-30,2027-01-15,320.0,call,309.53,314.5,312.01,305.76,0,59,0.01488,1.0,564,617.85
2025-06-30,2027-01-15,320.0,put,3.57,3.66,3.62,0.0,0,29,0.34658,-0.02886,564,617.85
2025-06-30,2027-01-15,325.0,call,305.0,309.95,307.48,302.1,0,25,0.01488,1.0,564,617.85
2025-06-30,2027-01-15,325.0,put,3.71,3.8,3.75,0.0,0,2979,0.34658,-0.03131,564,617.85
2025-06-30,2027-01-15,330.0,call,300.5,305.0,302.75,279.0,0,8,0.01488,1.0,564,617.85
2025-06-30,2027-01-15,330.0,put,3.86,3.96,3.91,0.0,0,248,0.33682,-0.03095,564,617.85
2025-06-30,2027-01-15,335.0,call,296.0,300.5,298.25,246.63,0,11,0.01488,1.0,564,617.85
2025-06-30,2027-01-15,335.0,put,4.02,4.11,4.06,0.0,0,258,0.33682,-0.03354,564,617.85
2025-06-30,2027-01-15,340.0,call,291.25,296.0,293.62,295.0,1,8,0.01488,1.0,564,617.85
2025-06-30,2027-01-15,340.0,put,4.18,4.28,4.23,0.0,0,444,0.33682,-0.03627,564,617.85
2025-06-30,2027-01-15,345.0,call,286.69,291.5,289.1,237.77,0,19,0.01488,1.0,564,617.85
2025-06-30,2027-01-15,345.0,put,4.35,4.45,4.4,0.0,0,13,0.32707,-0.03584,564,617.85
2025-06-30,2027-01-15,350.0,call,282.15,287.0,284.57,285.0,1,48,0.01488,1.0,564,617.85
2025-06-30,2027-01-15,350.0,put,4.53,4.63,4.58,0.0,0,1132,0.32707,-0.03872,564,617.85
2025-06-30,2027-01-15,355.0,call,277.61,282.5,280.06,0.0,0,1,0.01488,1.0,564,617.85
2025-06-30,2027-01-15,355.0,put,4.72,4.82,4.77,0.0,0,47,0.32707,-0.04174,564,617.85
2025-06-30,2027-01-15,360.0,call,273.08,278.0,275.54,249.51,0,8,0.01488,1.0,564,617.85
2025-06-30,2027-01-15,360.0,put,4.91,5.02,4.96,0.0,0,50,0.31731,-0.04126,564,617.85
2025-06-30,2027-01-15,365.0,call,268.56,273.5,271.03,0.0,0,0,0.01488,1.0,564,617.85
2025-06-30,2027-01-15,365.0,put,5.11,5.22,5.17,0.0,0,35,0.31731,-0.04445,564,617.85
2025-06-30,2027-01-15,370.0,call,264.05,269.0,266.52,230.59,0,28,0.01488,1.0,564,617.85
2025-06-30,2027-01-15,370.0,put,5.33,5.44,5.38,0.0,0,46,0.31731,-0.04778,564,617.85
2025-06-30,2027-01-15,375.0,call,259.55,264.5,262.02,260.63,0,50,0.01488,1.0,564,617.85
2025-06-30,2027-01-15,375.0,put,5.55,5.67,5.61,0.0,0,108,0.30755,-0.04724,564,617.85
2025-06-30,2027-01-15,380.0,call,255.06,260.0,257.53,242.72,0,37,0.01488,1.0,564,617.85
2025-06-30,2027-01-15,380.0,put,5.79,5.91,5.85,5.87,1,233,0.30755,-0.05075,564,617.85
2025-06-30,2027-01-15,385.0,call,250.58,255.5,253.04,218.0,0,5,0.01488,1.0,564,617.85
2025-06-30,2027-01-15,385.0,put,6.03,6.16,6.1,0.0,0,58,0.30755,-0.05442,564,617.85
2025-06-30,2027-01-15,390.0,call,246.11,251.0,248.56,222.12,0,15,0.01488,1.0,564,617.85
2025-06-30,2027-01-15,390.0,put,6.29,6.42,6.36,6.3,20,175,0.2978,-0.05384,564,617.85
2025-06-30,2027-01-15,395.0,call,241.66,246.5,244.08,224.37,0,7,0.01488,1.0,564,617.85
2025-06-30,2027-01-15,395.0,put,6.56,6.69,6.62,6.57,1,53,0.2978,-0.05771,564,617.85
2025-06-30,2027-01-15,400.0,call,237.22,242.0,239.61,230.0,0,136,0.01488,1.0,564,617.85
2025-06-30,2027-01-15,400.0,put,6.85,6.98,6.92,6.9,11,6888,0.2978,-0.06174,564,617.85
2025-06-30,2027-01-15,405.0,call,233.0,237.5,235.25,217.71,0,12,0.01488,1.0,564,617.85
2025-06-30,2027-01-15,405.0,put,7.14,7.28,7.21,0.0,0,33,0.28804,-0.06111,564,617.85
2025-06-30,2027-01-15,410.0,call,228.5,233.37,230.94,212.08,0,79,0.01488,1.0,564,617.85
2025-06-30,2027-01-15,410.0,put,7.46,7.59,7.53,0.0,0,1191,0.28804,-0.06537,564,617.85
2025-06-30,2027-01-15,415.0,call,224.0,228.97,226.49,215.98,0,25,0.01488,1.0,564,617.85
2025-06-30,2027-01-15,415.0,put,7.77,7.92,7.84,0.0,0,34,0.28804,-0.06979,564,617.85
2025-06-30,2027-01-15,420.0,call,219.59,224.5,222.05,217.78,0,122,0.01488,1.0,564,617.85
2025-06-30,2027-01-15,420.0,put,8.11,8.27,8.19,8.2,7,285,0.28804,-0.07438,564,617.85
2025-06-30,2027-01-15,425.0,call,215.21,220.0,217.61,212.3,0,75,0.01488,1.0,564,617.85
2025-06-30,2027-01-15,425.0,put,8.47,8.63,8.55,0.0,0,482,0.27829,-0.07381,564,617.85
2025-06-30,2027-01-15,430.0,call,211.0,215.5,213.25,204.01,0,14,0.01488,1.0,564,617.85
2025-06-30,2027-01-15,430.0,put,8.84,9.0,8.92,0.0,0,630,0.27829,-0.07866,564,617.85
2025-06-30,2027-01-15,435.0,call,206.52,211.5,209.01,189.2,0,28,0.01488,1.0,564,617.85
2025-06-30,2027-01-15,435.0,put,9.22,9.39,9.3,0.0,0,95,0.27829,-0.08368,564,617.85
2025-06-30,2027-01-15,440.0,call,202.2,207.0,204.6,199.5,0,40,0.01488,1.0,564,617.85
2025-06-30,2027-01-15,440.0,put,9.63,9.8,9.71,9.69,10,230,0.27829,-0.08888,564,617.85
2025-06-30,2027-01-15,445.0,call,198.0,202.89,200.44,191.01,0,25,0.01488,1.0,564,617.85
2025-06-30,2027-01-15,445.0,put,10.05,10.23,10.14,0.0,0,175,0.26853,-0.08843,564,617.85
2025-06-30,2027-01-15,450.0,call,193.6,198.5,196.05,190.98,0,73,0.01488,1.0,564,617.85
2025-06-30,2027-01-15,450.0,put,10.5,10.68,10.59,10.4,21,5185,0.26853,-0.09392,564,617.85
2025-06-30,2027-01-15,455.0,call,189.5,194.0,191.75,173.73,0,41,0.01488,1.0,564,617.85
2025-06-30,2027-01-15,455.0,put,10.96,11.15,11.05,0.0,0,417,0.26853,-0.09959,564,617.85
2025-06-30,2027-01-15,460.0,call,185.08,190.0,187.54,169.59,0,22,0.01488,1.0,564,617.85
2025-06-30,2027-01-15,460.0,put,11.44,11.64,11.54,11.55,13,1211,0.26853,-0.10544,564,617.85
2025-06-30,2027-01-15,465.0,call,181.0,185.85,183.43,185.0,1,32,0.13195,0.98688,564,617.85
2025-06-30,2027-01-15,465.0,put,11.94,12.14,12.04,0.0,0,1801,0.25877,-0.10522,564,617.85
2025-06-30,2027-01-15,470.0,call,176.64,181.5,179.07,178.44,3,75,0.1417,0.97834,564,617.85
2025-06-30,2027-01-15,470.0,put,12.47,12.67,12.57,0.0,0,302,0.25877,-0.1114,564,617.85
2025-06-30,2027-01-15,475.0,call,172.5,177.46,174.98,169.9,0,54,0.15146,0.96756,564,617.85
2025-06-30,2027-01-15,475.0,put,13.01,13.22,13.12,0.0,0,576,0.25877,-0.11777,564,617.85
2025-06-30,2027-01-15,480.0,call,168.29,173.0,170.64,157.46,0,49,0.15146,0.96331,564,617.85
2025-06-30,2027-01-15,480.0,put,13.58,13.8,13.69,0.0,0,3495,0.25877,-0.12432,564,617.85
2025-06-30,2027-01-15,485.0,call,164.15,169.0,166.57,161.85,0,39,0.15146,0.95866,564,617.85
2025-06-30,2027-01-15,485.0,put,14.17,14.4,14.29,0.0,0,338,0.24902,-0.12445,564,617.85
2025-06-30,2027-01-15,490.0,call,160.03,165.0,162.51,162.29,10,83,0.16122,0.94419,564,617.85
2025-06-30,2027-01-15,490.0,put,14.79,15.02,14.9,14.75,8,389,0.24902,-0.13138,564,617.85
2025-06-30,2027-01-15,495.0,call,156.0,160.93,158.47,141.96,0,38,0.16122,0.93825,564,617.85
2025-06-30,2027-01-15,495.0,put,15.44,15.67,15.55,0.0,0,129,0.24902,-0.1385,564,617.85
2025-06-30,2027-01-15,500.0,call,152.0,156.0,154.0,153.0,7,363,0.16122,0.93191,564,617.85
2025-06-30,2027-01-15,500.0,put,16.1,16.35,16.23,16.0,56,10581,0.24902,-0.1458,564,617.85
2025-06-30,2027-01-15,505.0,call,147.82,152.5,150.16,145.36,0,67,0.16122,0.92513,564,617.85
2025-06-30,2027-01-15,505.0,put,16.8,17.05,16.93,0.0,0,795,0.24902,-0.15328,564,617.85
2025-06-30,2027-01-15,510.0,call,143.81,148.5,146.16,139.36,0,128,0.16122,0.91794,564,617.85
2025-06-30,2027-01-15,510.0,put,17.53,17.78,17.66,17.5,1,1225,0.23926,-0.15418,564,617.85
2025-06-30,2027-01-15,515.0,call,139.83,144.5,142.17,138.19,0,90,0.16122,0.91031,564,617.85
2025-06-30,2027-01-15,515.0,put,18.29,18.55,18.42,0.0,0,367,0.23926,-0.1621,564,617.85
2025-06-30,2027-01-15,520.0,call,135.88,140.5,138.19,137.16,3,142,0.16122,0.90224,564,617.85
2025-06-30,2027-01-15,520.0,put,19.08,19.34,19.21,19.15,1,697,0.23926,-0.1702,564,617.85
2025-06-30,2027-01-15,525.0,call,132.0,136.95,134.47,133.74,0,146,0.17097,0.88245,564,617.85
2025-06-30,2027-01-15,525.0,put,19.89,20.16,20.02,0.0,0,352,0.23926,-0.17847,564,617.85
2025-06-30,2027-01-15,530.0,call,128.06,133.0,130.53,130.1,2,144,0.17097,0.87342,564,617.85
2025-06-30,2027-01-15,530.0,put,20.74,21.01,20.88,21.07,1,727,0.23926,-0.18691,564,617.85
2025-06-30,2027-01-15,535.0,call,124.19,129.0,126.59,125.96,39,66,0.16122,0.87545,564,617.85
2025-06-30,2027-01-15,535.0,put,21.62,21.9,21.76,0.0,0,674,0.22951,-0.18893,564,617.85
2025-06-30,2027-01-15,540.0,call,120.35,125.0,122.67,121.62,7,209,0.16122,0.86566,564,617.85
2025-06-30,2027-01-15,540.0,put,22.53,22.81,22.67,22.62,4,3647,0.22951,-0.19788,564,617.85
2025-06-30,2027-01-15,545.0,call,116.55,121.5,119.03,111.11,0,83,0.16122,0.85545,564,617.85
2025-06-30,2027-01-15,545.0,put,23.48,23.77,23.62,0.0,0,1173,0.22951,-0.20698,564,617.85
2025-06-30,2027-01-15,550.0,call,115.0,117.5,116.25,115.41,23,529,0.17097,0.83359,564,617.85
2025-06-30,2027-01-15,550.0,put,24.46,24.75,24.61,24.4,16,2401,0.22951,-0.21625,564,617.85
2025-06-30,2027-01-15,555.0,call,109.03,114.0,111.52,111.19,1,120,0.16122,0.83382,564,617.85
2025-06-30,2027-01-15,555.0,put,25.49,25.79,25.64,25.38,9,327,0.22951,-0.22567,564,617.85
2025-06-30,2027-01-15,560.0,call,105.33,110.0,107.66,106.51,0,155,0.16122,0.82242,564,617.85
2025-06-30,2027-01-15,560.0,put,26.55,26.85,26.7,0.0,0,546,0.21975,-0.22922,564,617.85
2025-06-30,2027-01-15,565.0,call,101.65,106.5,104.08,102.87,4,352,0.16122,0.81064,564,617.85
2025-06-30,2027-01-15,565.0,put,27.65,27.96,27.8,27.52,3,354,0.21975,-0.2392,564,617.85
2025-06-30,2027-01-15,570.0,call,98.01,103.0,100.5,101.3,3,500,0.16122,0.79851,564,617.85
2025-06-30,2027-01-15,570.0,put,28.79,29.11,28.95,28.94,11,1701,0.21975,-0.24933,564,617.85
2025-06-30,2027-01-15,575.0,call,94.41,99.0,96.7,96.05,2,306,0.16122,0.78603,564,617.85
2025-06-30,2027-01-15,575.0,put,29.98,30.3,30.14,29.71,6,1297,0.21975,-0.25958,564,617.85
2025-06-30,2027-01-15,580.0,call,90.85,95.5,93.17,93.02,2,689,0.16122,0.77323,564,617.85
2025-06-30,2027-01-15,580.0,put,31.21,31.53,31.37,30.93,13,312,0.21975,-0.26996,564,617.85
2025-06-30,2027-01-15,585.0,call,87.32,92.0,89.66,88.58,0,504,0.16122,0.76012,564,617.85
2025-06-30,2027-01-15,585.0,put,32.49,32.82,32.66,32.22,6,1531,0.21,-0.27554,564,617.85
2025-06-30,2027-01-15,590.0,call,83.83,88.5,86.16,86.71,9,600,0.16122,0.74673,564,617.85
2025-06-30,2027-01-15,590.0,put,33.81,34.15,33.98,0.0,0,694,0.21,-0.28654,564,617.85
2025-06-30,2027-01-15,595.0,call,80.39,85.0,82.69,81.55,0,210,0.16122,0.73307,564,617.85
2025-06-30,2027-01-15,595.0,put,35.19,35.53,35.36,0.0,0,341,0.21,-0.29764,564,617.85
2025-06-30,2027-01-15,600.0,call,77.0,81.5,79.25,80.14,19,1203,0.15146,0.72748,564,617.85
2025-06-30,2027-01-15,600.0,put,36.62,36.97,36.8,36.65,24,7072,0.21,-0.30884,564,617.85
2025-06-30,2027-01-15,605.0,call,73.63,78.5,76.06,75.4,2,757,0.15146,0.71265,564,617.85
2025-06-30,2027-01-15,605.0,put,38.12,38.47,38.3,38.0,13,636,0.21,-0.32013,564,617.85
2025-06-30,2027-01-15,610.0,call,70.32,75.0,72.66,73.0,5,247,0.15146,0.69757,564,617.85
2025-06-30,2027-01-15,610.0,put,39.67,40.03,39.85,39.29,15,675,0.21,-0.33148,564,617.85
2025-06-30,2027-01-15,615.0,call,67.06,72.0,69.53,69.97,23,239,0.15146,0.68227,564,617.85
2025-06-30,2027-01-15,615.0,put,41.29,41.66,41.47,41.61,1,229,0.20024,-0.34023,564,617.85
2025-06-30,2027-01-15,620.0,call,63.85,67.33,65.59,66.84,21,395,0.15146,0.66679,564,617.85
2025-06-30,2027-01-15,620.0,put,42.99,43.36,43.17,42.75,2,795,0.20024,-0.35223,564,617.85
2025-06-30,2027-01-15,625.0,call,60.7,65.5,63.1,63.43,33,420,0.15146,0.65114,564,617.85
2025-06-30,2027-01-15,625.0,put,44.76,45.14,44.95,45.4,3,3310,0.20024,-0.36428,564,617.85
2025-06-30,2027-01-15,630.0,call,57.61,62.5,60.05,61.04,7,439,0.15146,0.63536,564,617.85
2025-06-30,2027-01-15,630.0,put,46.61,46.99,46.8,47.43,1,196,0.20024,-0.37637,564,617.85
2025-06-30,2027-01-15,635.0,call,54.59,59.5,57.05,53.99,0,239,0.15146,0.61947,564,617.85
2025-06-30,2027-01-15,635.0,put,48.54,48.94,48.74,0.0,0,58,0.20024,-0.38849,564,617.85
2025-06-30,2027-01-15,640.0,call,51.62,56.5,54.06,54.38,9,394,0.1417,0.60563,564,617.85
2025-06-30,2027-01-15,640.0,put,50.57,50.97,50.77,0.0,0,90,0.20024,-0.40062,564,617.85
2025-06-30,2027-01-15,645.0,call,48.73,53.5,51.11,50.54,0,196,0.1417,0.58853,564,617.85
2025-06-30,2027-01-15,645.0,put,52.68,53.09,52.89,0.0,0,68,0.20024,-0.41275,564,617.85
2025-06-30,2027-01-15,650.0,call,48.23,48.57,48.4,49.1,40,3799,0.1417,0.5714,564,617.85
2025-06-30,2027-01-15,650.0,put,54.91,55.32,55.11,54.8,9,181,0.20024,-0.42487,564,617.85
2025-06-30,2027-01-15,655.0,call,45.48,45.81,45.64,42.64,0,232,0.1417,0.55426,564,617.85
2025-06-30,2027-01-15,655.0,put,57.23,57.65,57.44,0.0,0,33,0.20024,-0.43696,564,617.85
2025-06-30,2027-01-15,660.0,call,42.8,43.13,42.97,42.68,3,353,0.1417,0.53715,564,617.85
2025-06-30,2027-01-15,660.0,put,59.67,60.1,59.89,59.8,9,39,0.20024,-0.44903,564,617.85
2025-06-30,2027-01-15,665.0,call,40.2,40.52,40.36,39.97,1,141,0.1417,0.5201,564,617.85
2025-06-30,2027-01-15,665.0,put,60.0,64.96,62.48,0.0,0,16,0.20024,-0.46104,564,617.85
2025-06-30,2027-01-15,670.0,call,37.68,38.0,37.84,38.45,1,432,0.13195,0.49836,564,617.85
2025-06-30,2027-01-15,670.0,put,62.65,67.5,65.08,65.5,3,11,0.20024,-0.47301,564,617.85
2025-06-30,2027-01-15,675.0,call,35.25,35.57,35.41,34.31,1,407,0.13195,0.48029,564,617.85
2025-06-30,2027-01-15,675.0,put,65.5,70.47,67.98,0.0,0,9,0.20024,-0.48491,564,617.85
2025-06-30,2027-01-15,680.0,call,32.9,33.22,33.06,32.91,1,231,0.13195,0.46238,564,617.85
2025-06-30,2027-01-15,680.0,put,68.5,73.45,70.97,71.57,1,12,0.20024,-0.49673,564,617.85
2025-06-30,2027-01-15,685.0,call,30.65,30.96,30.8,28.18,0,122,0.13195,0.44469,564,617.85
2025-06-30,2027-01-15,685.0,put,71.59,76.5,74.05,0.0,0,8,0.20024,-0.50847,564,617.85
2025-06-30,2027-01-15,690.0,call,28.49,28.79,28.64,28.31,15,389,0.13195,0.42723,564,617.85
2025-06-30,2027-01-15,690.0,put,74.9,79.5,77.2,0.0,0,5,0.20024,-0.52012,564,617.85
2025-06-30,2027-01-15,695.0,call,26.42,26.72,26.57,26.43,1,597,0.13195,0.41003,564,617.85
2025-06-30,2027-01-15,695.0,put,78.5,83.41,80.95,0.0,0,18,0.20024,-0.53167,564,617.85
2025-06-30,2027-01-15,700.0,call,24.45,24.75,24.6,24.43,53,4465,0.13195,0.39313,564,617.85
2025-06-30,2027-01-15,700.0,put,82.13,87.0,84.56,85.0,7,14,0.20024,-0.54311,564,617.85
2025-06-30,2027-01-15,705.0,call,22.59,22.88,22.73,16.1,0,483,0.12219,0.36231,564,617.85
2025-06-30,2027-01-15,705.0,put,86.1,91.0,88.55,0.0,0,1,0.21,-0.54723,564,617.85
2025-06-30,2027-01-15,710.0,call,20.82,21.11,20.96,20.47,0,644,0.12219,0.34502,564,617.85
2025-06-30,2027-01-15,710.0,put,90.5,95.39,92.94,0.0,0,0,0.21,-0.55793,564,617.85
2025-06-30,2027-01-15,715.0,call,19.15,19.43,19.29,19.3,1,888,0.12219,0.32816,564,617.85
2025-06-30,2027-01-15,715.0,put,95.5,100.0,97.75,0.0,0,0,0.21975,-0.56084,564,617.85
2025-06-30,2027-01-15,720.0,call,17.58,17.86,17.72,17.81,16,243,0.12219,0.31175,564,617.85
2025-06-30,2027-01-15,720.0,put,100.2,105.0,102.6,0.0,0,0,0.21975,-0.57088,564,617.85
2025-06-30,2027-01-15,725.0,call,16.11,16.38,16.24,15.74,0,1419,0.12219,0.29582,564,617.85
2025-06-30,2027-01-15,725.0,put,105.19,110.0,107.59,0.0,0,0,0.22951,-0.57276,564,617.85
2025-06-30,2027-01-15,730.0,call,14.74,15.0,14.87,14.61,1,942,0.12219,0.28039,564,617.85
2025-06-30,2027-01-15,730.0,put,110.19,115.0,112.59,0.0,0,0,0.23926,-0.57423,564,617.85
2025-06-30,2027-01-15,735.0,call,13.46,13.72,13.59,13.55,2,736,0.12219,0.26545,564,617.85
2025-06-30,2027-01-15,735.0,put,115.19,120.0,117.59,0.0,0,0,0.23926,-0.58321,564,617.85
2025-06-30,2027-01-15,740.0,call,12.27,12.52,12.39,12.37,42,667,0.12219,0.25102,564,617.85
2025-06-30,2027-01-15,740.0,put,120.19,125.0,122.59,0.0,0,0,0.24902,-0.5839,564,617.85
2025-06-30,2027-01-15,745.0,call,11.17,11.41,11.29,11.25,5,230,0.12219,0.23712,564,617.85
2025-06-30,2027-01-15,745.0,put,125.5,130.0,127.75,0.0,0,2,0.25877,-0.58431,564,617.85
2025-06-30,2027-01-15,750.0,call,10.15,10.39,10.27,10.18,10,528,0.12219,0.22373,564,617.85
2025-06-30,2027-01-15,750.0,put,130.19,135.0,132.59,0.0,0,0,0.25877,-0.5924,564,617.85
2025-06-30,2027-01-15,755.0,call,9.21,9.45,9.33,9.4,2,118,0.11244,0.18788,564,617.85
2025-06-30,2027-01-15,755.0,put,135.19,140.0,137.59,0.0,0,0,0.26853,-0.59221,564,617.85
2025-06-30,2027-01-15,760.0,call,8.35,8.59,8.47,8.54,8,154,0.11244,0.17542,564,617.85
2025-06-30,2027-01-15,760.0,put,140.5,145.0,142.75,0.0,0,0,0.26853,-0.59987,564,617.85
2025-06-30,2027-01-15,765.0,call,7.57,7.79,7.68,7.6,1,140,0.11244,0.16357,564,617.85
2025-06-30,2027-01-15,765.0,put,145.18,150.0,147.59,0.0,0,0,0.27829,-0.59916,564,617.85
2025-06-30,2027-01-15,770.0,call,6.85,7.07,6.96,5.38,0,114,0.11244,0.15233,564,617.85
2025-06-30,2027-01-15,770.0,put,150.18,155.0,152.59,0.0,0,0,0.27829,-0.60642,564,617.85
2025-06-30,2027-01-15,775.0,call,6.2,6.41,6.3,5.56,0,378,0.11244,0.14168,564,617.85
2025-06-30,2027-01-15,775.0,put,155.18,160.0,157.59,0.0,0,0,0.28804,-0.60527,564,617.85
2025-06-30,2027-01-15,780.0,call,5.61,5.81,5.71,5.69,1,966,0.11244,0.13161,564,617.85
2025-06-30,2027-01-15,780.0,put,160.5,165.0,162.75,0.0,0,0,0.28804,-0.61217,564,617.85
2025-06-30,2027-01-15,785.0,call,5.07,5.27,5.17,5.28,39,83,0.11244,0.1221,564,617.85
2025-06-30,2027-01-15,785.0,put,165.5,170.0,167.75,0.0,0,0,0.2978,-0.61064,564,617.85
2025-06-30,2027-01-15,790.0,call,4.59,4.77,4.68,3.39,0,170,0.11244,0.11314,564,617.85
2025-06-30,2027-01-15,790.0,put,170.19,175.0,172.59,0.0,0,0,0.2978,-0.6172,564,617.85
2025-06-30,2027-01-15,795.0,call,4.15,4.33,4.24,3.35,0,155,0.11244,0.10472,564,617.85
2025-06-30,2027-01-15,795.0,put,175.5,180.0,177.75,0.0,0,1,0.30755,-0.61533,564,617.85
2025-06-30,2027-01-15,800.0,call,3.75,3.92,3.83,3.84,5017,13767,0.11244,0.09681,564,617.85
2025-06-30,2027-01-15,800.0,put,180.19,185.0,182.59,0.0,0,0,0.30755,-0.62158,564,617.85
2025-06-30,2027-01-15,805.0,call,3.4,3.56,3.48,2.7,0,148,0.11244,0.08939,564,617.85
2025-06-30,2027-01-15,805.0,put,185.19,190.0,187.59,0.0,0,0,0.31731,-0.61943,564,617.85
2025-06-30,2027-01-15,810.0,call,3.08,3.22,3.15,3.2,3,330,0.11244,0.08244,564,617.85
2025-06-30,2027-01-15,810.0,put,190.19,195.0,192.59,0.0,0,0,0.31731,-0.62539,564,617.85
2025-06-30,2027-01-15,815.0,call,2.79,2.93,2.86,2.77,2,27,0.11244,0.07595,564,617.85
2025-06-30,2027-01-15,815.0,put,195.5,200.0,197.75,0.0,0,0,0.32707,-0.62298,564,617.85
2025-06-30,2027-01-15,820.0,call,2.53,2.67,2.6,2.59,2,235,0.11244,0.06989,564,617.85
2025-06-30,2027-01-15,820.0,put,200.19,205.0,202.59,0.0,0,0,0.32707,-0.62869,564,617.85
2025-06-30,2027-01-15,825.0,call,2.3,2.43,2.37,2.2,0,73,0.11244,0.06424,564,617.85
2025-06-30,2027-01-15,825.0,put,205.19,210.0,207.59,0.0,0,0,0.33682,-0.62606,564,617.85
2025-06-30,2027-01-15,830.0,call,2.09,2.22,2.16,2.12,1,60,0.11244,0.05898,564,617.85
2025-06-30,2027-01-15,830.0,put,210.5,215.0,212.75,0.0,0,0,0.34658,-0.62341,564,617.85
2025-06-30,2027-01-15,835.0,call,1.91,2.03,1.97,2.03,1,63,0.11244,0.0541,564,617.85
2025-06-30,2027-01-15,835.0,put,215.5,220.0,217.75,0.0,0,0,0.34658,-0.62869,564,617.85
2025-06-30,2027-01-15,840.0,call,1.74,1.86,1.8,1.79,0,243,0.11244,0.04957,564,617.85
2025-06-30,2027-01-15,840.0,put,220.5,225.0,222.75,0.0,0,0,0.35633,-0.62586,564,617.85
2025-06-30,2027-01-15,845.0,call,1.59,1.68,1.64,1.68,2,131,0.11244,0.04537,564,617.85
2025-06-30,2027-01-15,845.0,put,225.5,230.0,227.75,0.0,0,0,0.35633,-0.63093,564,617.85
2025-06-30,2027-01-15,850.0,call,1.5,1.56,1.53,1.45,582,20529,0.11244,0.04148,564,617.85
2025-06-30,2027-01-15,850.0,put,230.5,235.0,232.75,0.0,0,0,0.35633,-0.63594,564,617.85
2025-06-30,2027-01-15,855.0,call,1.34,1.44,1.39,1.24,0,132,0.11244,0.03789,564,617.85
2025-06-30,2027-01-15,855.0,put,235.5,240.0,237.75,0.0,0,0,0.36609,-0.63281,564,617.85
2025-06-30,2027-01-15,860.0,call,1.23,1.33,1.28,1.22,0,182,0.11244,0.03458,564,617.85
2025-06-30,2027-01-15,860.0,put,240.19,245.0,242.59,0.0,0,0,0.36609,-0.63762,564,617.85
2025-06-30,2027-01-15,865.0,call,1.13,1.23,1.18,1.16,3,117,0.11244,0.03152,564,617.85
2025-06-30,2027-01-15,865.0,put,245.5,250.0,247.75,0.0,0,0,0.37584,-0.63435,564,617.85
2025-06-30,2027-01-15,870.0,call,1.04,1.13,1.08,1.14,1,121,0.11244,0.02871,564,617.85
2025-06-30,2027-01-15,870.0,put,250.19,255.0,252.59,0.0,0,0,0.37584,-0.63898,564,617.85
2025-06-30,2027-01-15,875.0,call,0.96,1.05,1.0,1.06,3,155,0.11244,0.02612,564,617.85
2025-06-30,2027-01-15,875.0,put,255.5,260.0,257.75,0.0,0,0,0.3856,-0.6356,564,617.85
2025-06-30,2027-01-15,880.0,call,0.89,0.97,0.93,0.83,0,137,0.11244,0.02375,564,617.85
2025-06-30,2027-01-15,880.0,put,260.19,265.0,262.6,0.0,0,0,0.3856,-0.64006,564,617.85
2025-06-30,2027-01-15,885.0,call,0.86,0.9,0.88,0.89,1,66,0.12219,0.03221,564,617.85
2025-06-30,2027-01-15,885.0,put,265.19,270.0,267.6,0.0,0,0,0.39536,-0.63657,564,617.85
2025-06-30,2027-01-15,890.0,call,0.76,0.84,0.8,0.83,2,98,0.12219,0.02962,564,617.85
2025-06-30,2027-01-15,890.0,put,270.5,275.0,272.75,0.0,0,0,0.39536,-0.64087,564,617.85
2025-06-30,2027-01-15,895.0,call,0.72,0.78,0.75,0.72,13,204,0.12219,0.02722,564,617.85
2025-06-30,2027-01-15,895.0,put,275.19,280.0,277.6,0.0,0,0,0.40511,-0.63729,564,617.85
2025-06-30,2027-01-15,900.0,call,0.65,0.73,0.69,0.67,117,22642,0.12219,0.025,564,617.85
2025-06-30,2027-01-15,900.0,put,280.19,285.0,282.6,0.0,0,0,0.40511,-0.64143,564,617.85
2025-06-30,2027-01-15,905.0,call,0.6,0.68,0.64,0.62,2,747,0.12219,0.02294,564,617.85
2025-06-30,2027-01-15,905.0,put,285.5,290.0,287.75,0.0,0,0,0.40511,-0.64554,564,617.85
2025-06-30,2027-01-15,910.0,call,0.58,0.61,0.59,0.58,12,3456,0.12219,0.02104,564,617.85
2025-06-30,2027-01-15,910.0,put,290.2,295.0,292.6,0.0,0,0,0.41487,-0.64178,564,617.85
2025-06-30,2027-12-17,200.0,call,423.5,428.31,425.9,426.0,1,196,0.01488,1.0,900,617.85
2025-06-30,2027-12-17,200.0,put,1.86,1.91,1.89,1.85,7,1107,0.40511,-0.01194,900,617.85
2025-06-30,2027-12-17,205.0,call,419.0,423.85,421.43,399.0,0,5,0.01488,1.0,900,617.85
2025-06-30,2027-12-17,205.0,put,1.96,2.02,1.99,0.0,0,6,0.39536,-0.01193,900,617.85
2025-06-30,2027-12-17,210.0,call,414.5,419.4,416.95,406.39,0,10,0.01488,1.0,900,617.85
2025-06-30,2027-12-17,210.0,put,2.07,2.13,2.1,0.0,0,12,0.39536,-0.01319,900,617.85
2025-06-30,2027-12-17,215.0,call,410.0,414.95,412.48,392.0,0,2,0.01488,1.0,900,617.85
2025-06-30,2027-12-17,215.0,put,2.19,2.25,2.22,0.0,0,7,0.3856,-0.01313,900,617.85
2025-06-30,2027-12-17,220.0,call,405.5,410.5,408.0,381.09,0,35,0.01488,1.0,900,617.85
2025-06-30,2027-12-17,220.0,put,2.3,2.37,2.33,0.0,0,1,0.3856,-0.01446,900,617.85
2025-06-30,2027-12-17,225.0,call,401.06,406.0,403.53,327.0,0,1,0.01488,1.0,900,617.85
2025-06-30,2027-12-17,225.0,put,2.43,2.49,2.46,0.0,0,794,0.3856,-0.01588,900,617.85
2025-06-30,2027-12-17,230.0,call,396.62,401.5,399.06,314.0,0,3,0.01488,1.0,900,617.85
2025-06-30,2027-12-17,230.0,put,2.55,2.61,2.58,0.0,0,38,0.37584,-0.01576,900,617.85
2025-06-30,2027-12-17,235.0,call,392.5,397.0,394.75,373.97,0,1,0.01488,1.0,900,617.85
2025-06-30,2027-12-17,235.0,put,2.68,2.74,2.71,0.0,0,29,0.37584,-0.01726,900,617.85
2025-06-30,2027-12-17,240.0,call,388.0,392.74,390.37,267.91,0,3,0.01488,1.0,900,617.85
2025-06-30,2027-12-17,240.0,put,2.81,2.87,2.84,0.0,0,59,0.36609,-0.01708,900,617.85
2025-06-30,2027-12-17,245.0,call,383.5,388.31,385.9,0.0,0,0,0.01488,1.0,900,617.85
2025-06-30,2027-12-17,245.0,put,2.94,3.01,2.97,0.0,0,49,0.36609,-0.01866,900,617.85
2025-06-30,2027-12-17,250.0,call,379.0,383.89,381.44,379.28,0,30,0.01488,1.0,900,617.85
2025-06-30,2027-12-17,250.0,put,3.08,3.15,3.12,0.0,0,220,0.36609,-0.02032,900,617.85
2025-06-30,2027-12-17,255.0,call,374.5,379.46,376.98,366.99,0,19,0.01488,1.0,900,617.85
2025-06-30,2027-12-17,255.0,put,3.22,3.29,3.25,0.0,0,8,0.35633,-0.02007,900,617.85
2025-06-30,2027-12-17,260.0,call,370.04,375.0,372.52,355.25,0,15,0.01488,1.0,900,617.85
2025-06-30,2027-12-17,260.0,put,3.37,3.44,3.41,0.0,0,30,0.35633,-0.02182,900,617.85
2025-06-30,2027-12-17,265.0,call,365.63,370.5,368.06,348.5,0,15,0.01488,1.0,900,617.85
2025-06-30,2027-12-17,265.0,put,3.52,3.59,3.55,0.0,0,33,0.35633,-0.02366,900,617.85
2025-06-30,2027-12-17,270.0,call,361.5,366.0,363.75,346.91,0,5,0.01488,1.0,900,617.85
2025-06-30,2027-12-17,270.0,put,3.67,3.75,3.71,0.0,0,11,0.34658,-0.02333,900,617.85
2025-06-30,2027-12-17,275.0,call,357.0,361.81,359.4,283.21,0,6,0.01488,1.0,900,617.85
2025-06-30,2027-12-17,275.0,put,3.83,3.91,3.87,0.0,0,129,0.34658,-0.02525,900,617.85
2025-06-30,2027-12-17,280.0,call,352.5,357.41,354.96,329.14,0,10,0.01488,1.0,900,617.85
2025-06-30,2027-12-17,280.0,put,4.0,4.08,4.04,0.0,0,128,0.34658,-0.02727,900,617.85
2025-06-30,2027-12-17,285.0,call,348.01,353.0,350.5,303.66,0,6,0.01488,1.0,900,617.85
2025-06-30,2027-12-17,285.0,put,4.17,4.25,4.21,0.0,0,44,0.33682,-0.02685,900,617.85
2025-06-30,2027-12-17,290.0,call,343.62,348.5,346.06,309.64,0,38,0.01488,1.0,900,617.85
2025-06-30,2027-12-17,290.0,put,4.35,4.43,4.39,0.0,0,27,0.33682,-0.02895,900,617.85
2025-06-30,2027-12-17,295.0,call,339.5,344.23,341.87,316.3,0,7,0.01488,1.0,900,617.85
2025-06-30,2027-12-17,295.0,put,4.53,4.61,4.57,0.0,0,305,0.33682,-0.03116,900,617.85
2025-06-30,2027-12-17,300.0,call,335.0,339.85,337.43,338.0,11,220,0.01488,1.0,900,617.85
2025-06-30,2027-12-17,300.0,put,4.72,4.81,4.76,4.77,43,612,0.32707,-0.03065,900,617.85
2025-06-30,2027-12-17,305.0,call,330.5,335.48,332.99,325.53,0,3,0.01488,1.0,900,617.85
2025-06-30,2027-12-17,305.0,put,4.91,5.0,4.96,0.0,0,37,0.32707,-0.03294,900,617.85
2025-06-30,2027-12-17,310.0,call,326.12,331.0,328.56,319.06,0,20,0.01488,1.0,900,617.85
2025-06-30,2027-12-17,310.0,put,5.12,5.21,5.17,0.0,0,36,0.32707,-0.03534,900,617.85
2025-06-30,2027-12-17,315.0,call,322.0,326.76,324.38,304.79,0,5,0.01488,1.0,900,617.85
2025-06-30,2027-12-17,315.0,put,5.33,5.42,5.38,0.0,0,150,0.31731,-0.03473,900,617.85
2025-06-30,2027-12-17,320.0,call,317.5,322.41,319.96,300.0,0,11,0.01488,1.0,900,617.85
2025-06-30,2027-12-17,320.0,put,5.55,5.65,5.6,0.0,0,31,0.31731,-0.03722,900,617.85
2025-06-30,2027-12-17,325.0,call,313.07,318.0,315.53,314.72,2,12,0.01488,1.0,900,617.85
2025-06-30,2027-12-17,325.0,put,5.78,5.88,5.83,0.0,0,131,0.31731,-0.03982,900,617.85
2025-06-30,2027-12-17,330.0,call,309.0,313.5,311.25,302.5,0,36,0.01488,1.0,900,617.85
2025-06-30,2027-12-17,330.0,put,6.02,6.12,6.07,0.0,0,136,0.30755,-0.03911,900,617.85
2025-06-30,2027-12-17,335.0,call,304.5,309.41,306.96,285.09,0,15,0.01488,1.0,900,617.85
2025-06-30,2027-12-17,335.0,put,6.27,6.37,6.32,0.0,0,21,0.30755,-0.04181,900,617.85
2025-06-30,2027-12-17,340.0,call,300.1,305.0,302.55,281.36,0,7,0.01488,1.0,900,617.85
2025-06-30,2027-12-17,340.0,put,6.52,6.63,6.57,0.0,0,6088,0.30755,-0.04463,900,617.85
2025-06-30,2027-12-17,345.0,call,296.0,300.81,298.4,297.32,0,16,0.01488,1.0,900,617.85
2025-06-30,2027-12-17,345.0,put,6.79,6.91,6.85,0.0,0,85,0.30755,-0.04755,900,617.85
2025-06-30,2027-12-17,350.0,call,292.0,296.5,294.25,293.63,3,112,0.01488,1.0,900,617.85
2025-06-30,2027-12-17,350.0,put,7.08,7.19,7.13,7.14,1,3423,0.2978,-0.04673,900,617.85
2025-06-30,2027-12-17,355.0,call,287.5,292.0,289.75,288.62,0,10,0.01488,1.0,900,617.85
2025-06-30,2027-12-17,355.0,put,7.37,7.49,7.43,0.0,0,203,0.2978,-0.04977,900,617.85
2025-06-30,2027-12-17,360.0,call,283.0,287.97,285.49,259.03,0,9,0.01488,1.0,900,617.85
2025-06-30,2027-12-17,360.0,put,7.68,7.8,7.74,0.0,0,6130,0.2978,-0.05292,900,617.85
2025-06-30,2027-12-17,365.0,call,279.0,283.5,281.25,278.75,0,10,0.01488,1.0,900,617.85
2025-06-30,2027-12-17,365.0,put,8.0,8.12,8.06,0.0,0,251,0.2978,-0.05618,900,617.85
2025-06-30,2027-12-17,370.0,call,274.5,279.48,276.99,265.0,0,22,0.01488,1.0,900,617.85
2025-06-30,2027-12-17,370.0,put,8.33,8.46,8.39,0.0,0,3498,0.28804,-0.05526,900,617.85
2025-06-30,2027-12-17,375.0,call,270.5,275.0,272.75,247.92,0,2,0.01488,1.0,900,617.85
2025-06-30,2027-12-17,375.0,put,8.68,8.81,8.75,0.0,0,97,0.28804,-0.05866,900,617.85
2025-06-30,2027-12-17,380.0,call,266.03,271.0,268.51,260.58,0,35,0.01488,1.0,900,617.85
2025-06-30,2027-12-17,380.0,put,9.04,9.18,9.11,9.11,6,3444,0.28804,-0.06216,900,617.85
2025-06-30,2027-12-17,385.0,call,262.0,266.83,264.41,251.76,0,17,0.01488,1.0,900,617.85
2025-06-30,2027-12-17,385.0,put,9.42,9.56,9.49,9.5,2,85,0.28804,-0.06578,900,617.85
2025-06-30,2027-12-17,390.0,call,257.65,262.5,260.07,259.5,0,26,0.01488,1.0,900,617.85
2025-06-30,2027-12-17,390.0,put,9.8,9.95,9.88,0.0,0,145,0.28804,-0.06951,900,617.85
2025-06-30,2027-12-17,395.0,call,253.5,258.47,255.99,241.55,0,126,0.01488,1.0,900,617.85
2025-06-30,2027-12-17,395.0,put,10.21,10.36,10.29,0.0,0,154,0.27829,-0.06857,900,617.85
2025-06-30,2027-12-17,400.0,call,249.5,254.0,251.75,248.5,0,405,0.01488,1.0,900,617.85
2025-06-30,2027-12-17,400.0,put,10.68,10.79,10.73,10.75,9,12791,0.27829,-0.07245,900,617.85
2025-06-30,2027-12-17,405.0,call,245.18,250.0,247.59,228.99,0,41,0.01488,1.0,900,617.85
2025-06-30,2027-12-17,405.0,put,11.07,11.23,11.15,11.22,6,477,0.27829,-0.07645,900,617.85
2025-06-30,2027-12-17,410.0,call,241.05,246.0,243.53,232.78,0,155,0.01488,1.0,900,617.85
2025-06-30,2027-12-17,410.0,put,11.52,11.69,11.61,0.0,0,323,0.27829,-0.08057,900,617.85
2025-06-30,2027-12-17,415.0,call,237.0,241.94,239.47,231.0,0,106,0.01488,1.0,900,617.85
2025-06-30,2027-12-17,415.0,put,12.0,12.17,12.09,12.13,6,96,0.27829,-0.08479,900,617.85
2025-06-30,2027-12-17,420.0,call,233.0,237.84,235.42,219.19,0,34,0.01488,1.0,900,617.85
2025-06-30,2027-12-17,420.0,put,12.48,12.66,12.57,0.0,0,1261,0.26853,-0.08388,900,617.85
2025-06-30,2027-12-17,425.0,call,229.0,233.5,231.25,212.96,0,140,0.01488,1.0,900,617.85
2025-06-30,2027-12-17,425.0,put,12.99,13.17,13.08,13.12,40,303,0.26853,-0.08829,900,617.85
2025-06-30,2027-12-17,430.0,call,224.71,229.5,227.11,227.84,4,23,0.01488,1.0,900,617.85
2025-06-30,2027-12-17,430.0,put,13.51,13.7,13.61,13.61,8,446,0.26853,-0.09281,900,617.85
2025-06-30,2027-12-17,435.0,call,220.67,225.0,222.83,218.3,0,11,0.01488,1.0,900,617.85
2025-06-30,2027-12-17,435.0,put,14.06,14.25,14.16,0.0,0,146,0.26853,-0.09745,900,617.85
2025-06-30,2027-12-17,440.0,call,216.64,221.0,218.82,201.11,0,31,0.01488,1.0,900,617.85
2025-06-30,2027-12-17,440.0,put,14.62,14.82,14.72,14.56,7,1717,0.26853,-0.1022,900,617.85
2025-06-30,2027-12-17,445.0,call,212.64,217.5,215.07,201.0,0,20,0.01488,1.0,900,617.85
2025-06-30,2027-12-17,445.0,put,15.21,15.41,15.31,0.0,0,615,0.25877,-0.10141,900,617.85
2025-06-30,2027-12-17,450.0,call,208.66,213.5,211.08,213.0,2,447,0.01488,1.0,900,617.85
2025-06-30,2027-12-17,450.0,put,15.81,16.02,15.91,15.93,56,7269,0.25877,-0.10637,900,617.85
2025-06-30,2027-12-17,455.0,call,204.69,209.5,207.09,202.02,0,23,0.01488,1.0,900,617.85
2025-06-30,2027-12-17,455.0,put,16.44,16.65,16.55,0.0,0,1025,0.25877,-0.11145,900,617.85
2025-06-30,2027-12-17,460.0,call,200.74,205.5,203.12,199.47,0,86,0.01488,1.0,900,617.85
2025-06-30,2027-12-17,460.0,put,17.09,17.31,17.2,17.33,1,5481,0.25877,-0.11664,900,617.85
2025-06-30,2027-12-17,465.0,call,197.0,201.82,199.41,199.66,1,54,0.01488,1.0,900,617.85
2025-06-30,2027-12-17,465.0,put,17.76,17.99,17.88,17.8,1,954,0.25877,-0.12194,900,617.85
2025-06-30,2027-12-17,470.0,call,193.0,197.5,195.25,195.82,1,33,0.01488,1.0,900,617.85
2025-06-30,2027-12-17,470.0,put,18.51,18.68,18.59,18.6,3,333,0.25877,-0.12735,900,617.85
2025-06-30,2027-12-17,475.0,call,189.03,194.0,191.51,192.0,5,71,0.11244,0.98545,900,617.85
2025-06-30,2027-12-17,475.0,put,19.17,19.41,19.29,0.0,0,703,0.24902,-0.12694,900,617.85
2025-06-30,2027-12-17,480.0,call,185.17,190.0,187.58,189.0,0,160,0.12219,0.97547,900,617.85
2025-06-30,2027-12-17,480.0,put,19.91,20.16,20.04,19.85,5,4707,0.24902,-0.1326,900,617.85
2025-06-30,2027-12-17,485.0,call,181.34,186.0,183.67,182.59,6,44,0.13195,0.96306,900,617.85
2025-06-30,2027-12-17,485.0,put,20.67,20.93,20.8,20.97,2,405,0.24902,-0.13837,900,617.85
2025-06-30,2027-12-17,490.0,call,177.52,182.5,180.01,179.7,1,107,0.13195,0.95888,900,617.85
2025-06-30,2027-12-17,490.0,put,21.46,21.73,21.59,21.5,25,629,0.24902,-0.14424,900,617.85
2025-06-30,2027-12-17,495.0,call,173.73,178.5,176.12,160.0,0,46,0.1417,0.94379,900,617.85
2025-06-30,2027-12-17,495.0,put,22.28,22.55,22.41,22.57,2,509,0.24902,-0.15022,900,617.85
2025-06-30,2027-12-17,500.0,call,170.0,174.5,172.25,173.88,46,1060,0.1417,0.93849,900,617.85
2025-06-30,2027-12-17,500.0,put,23.13,23.4,23.27,23.34,21,4819,0.24902,-0.1563,900,617.85
2025-06-30,2027-12-17,505.0,call,166.22,171.0,168.61,165.1,0,407,0.1417,0.93287,900,617.85
2025-06-30,2027-12-17,505.0,put,24.0,24.28,24.14,24.38,2,395,0.24902,-0.16247,900,617.85
2025-06-30,2027-12-17,510.0,call,162.5,167.5,165.0,160.58,0,686,0.1417,0.92692,900,617.85
2025-06-30,2027-12-17,510.0,put,24.9,25.18,25.04,25.0,100,1206,0.23926,-0.1629,900,617.85
2025-06-30,2027-12-17,515.0,call,158.81,163.5,161.16,159.35,0,173,0.15146,0.9088,900,617.85
2025-06-30,2027-12-17,515.0,put,25.83,26.11,25.97,25.97,21,5758,0.23926,-0.16937,900,617.85
2025-06-30,2027-12-17,520.0,call,155.14,160.0,157.57,157.35,10,343,0.15146,0.90196,900,617.85
2025-06-30,2027-12-17,520.0,put,26.79,27.08,26.93,26.8,2,468,0.23926,-0.17594,900,617.85
2025-06-30,2027-12-17,525.0,call,151.5,156.5,154.0,156.0,7,493,0.15146,0.89481,900,617.85
2025-06-30,2027-12-17,525.0,put,27.77,28.07,27.92,0.0,0,535,0.23926,-0.18261,900,617.85
2025-06-30,2027-12-17,530.0,call,147.88,152.5,150.19,149.61,4,699,0.15146,0.88738,900,617.85
2025-06-30,2027-12-17,530.0,put,28.79,29.09,28.94,0.0,0,4404,0.23926,-0.18936,900,617.85
2025-06-30,2027-12-17,535.0,call,144.29,149.0,146.64,146.5,1,359,0.15146,0.87964,900,617.85
2025-06-30,2027-12-17,535.0,put,29.84,30.14,29.99,29.85,1,330,0.23926,-0.19621,900,617.85
2025-06-30,2027-12-17,540.0,call,142.1,145.5,143.8,139.34,0,1434,0.15146,0.87162,900,617.85
2025-06-30,2027-12-17,540.0,put,30.91,31.23,31.07,30.94,12,1023,0.23926,-0.20313,900,617.85
2025-06-30,2027-12-17,545.0,call,137.19,142.0,139.59,138.58,1,342,0.15146,0.86332,900,617.85
2025-06-30,2027-12-17,545.0,put,32.03,32.34,32.19,32.12,11,1741,0.23926,-0.21013,900,617.85
2025-06-30,2027-12-17,550.0,call,133.68,137.4,135.54,137.0,32,1424,0.15146,0.85473,900,617.85
2025-06-30,2027-12-17,550.0,put,33.17,33.48,33.33,32.96,7,961,0.22951,-0.21208,900,617.85
2025-06-30,2027-12-17,555.0,call,130.21,135.0,132.61,133.44,4,706,0.15146,0.84587,900,617.85
2025-06-30,2027-12-17,555.0,put,34.35,34.68,34.52,34.6,4,269,0.22951,-0.21943,900,617.85
2025-06-30,2027-12-17,560.0,call,126.76,131.5,129.13,129.25,6,1409,0.15146,0.83675,900,617.85
2025-06-30,2027-12-17,560.0,put,35.57,35.9,35.73,35.5,8,672,0.22951,-0.22686,900,617.85
2025-06-30,2027-12-17,565.0,call,123.33,128.0,125.66,125.0,1,1962,0.15146,0.82737,900,617.85
2025-06-30,2027-12-17,565.0,put,36.82,37.16,36.99,0.0,0,684,0.22951,-0.23436,900,617.85
2025-06-30,2027-12-17,570.0,call,119.94,124.5,122.22,122.3,2,971,0.15146,0.81773,900,617.85
2025-06-30,2027-12-17,570.0,put,38.1,38.45,38.28,38.38,1,401,0.22951,-0.24192,900,617.85
2025-06-30,2027-12-17,575.0,call,116.58,121.0,118.79,118.22,11,831,0.15146,0.80786,900,617.85
2025-06-30,2027-12-17,575.0,put,39.43,39.79,39.61,39.7,2,204,0.22951,-0.24956,900,617.85
2025-06-30,2027-12-17,580.0,call,113.25,118.0,115.62,116.0,2,1024,0.15146,0.79776,900,617.85
2025-06-30,2027-12-17,580.0,put,40.8,41.16,40.98,41.0,5,574,0.22951,-0.25724,900,617.85
2025-06-30,2027-12-17,585.0,call,109.95,114.5,112.22,110.91,4,927,0.15146,0.78743,900,617.85
2025-06-30,2027-12-17,585.0,put,42.2,42.57,42.39,42.5,5,265,0.22951,-0.26499,900,617.85
2025-06-30,2027-12-17,590.0,call,106.68,111.5,109.09,109.0,37,1998,0.15146,0.7769,900,617.85
2025-06-30,2027-12-17,590.0,put,43.65,44.03,43.84,43.65,27,679,0.21975,-0.26908,900,617.85
2025-06-30,2027-12-17,595.0,call,103.45,108.0,105.72,105.12,36,3188,0.15146,0.76617,900,617.85
2025-06-30,2027-12-17,595.0,put,45.14,45.52,45.33,45.42,6,495,0.21975,-0.27721,900,617.85
2025-06-30,2027-12-17,600.0,call,100.24,105.0,102.62,103.0,50,4599,0.15146,0.75525,900,617.85
2025-06-30,2027-12-17,600.0,put,46.68,47.07,46.88,46.56,35,4224,0.21975,-0.28539,900,617.85
2025-06-30,2027-12-17,605.0,call,97.07,101.5,99.28,99.2,170,2786,0.15146,0.74415,900,617.85
2025-06-30,2027-12-17,605.0,put,48.27,48.66,48.47,48.47,10,824,0.21975,-0.29362,900,617.85
2025-06-30,2027-12-17,610.0,call,93.94,97.37,95.66,96.36,23,2183,0.15146,0.7329,900,617.85
2025-06-30,2027-12-17,610.0,put,49.9,50.3,50.1,49.69,5,1200,0.21975,-0.30188,900,617.85
2025-06-30,2027-12-17,615.0,call,92.0,95.5,93.75,93.9,102,184,0.15146,0.72149,900,617.85
2025-06-30,2027-12-17,615.0,put,51.59,52.0,51.8,51.22,63,2583,0.21975,-0.31018,900,617.85
2025-06-30,2027-12-17,620.0,call,89.6,92.5,91.05,91.42,27,270,0.15146,0.70995,900,617.85
2025-06-30,2027-12-17,620.0,put,53.33,53.75,53.54,53.83,2,108,0.21975,-0.31851,900,617.85
2025-06-30,2027-12-17,625.0,call,84.76,89.5,87.13,88.19,172,438,0.15146,0.69828,900,617.85
2025-06-30,2027-12-17,625.0,put,55.12,55.54,55.33,54.77,31,43,0.21975,-0.32686,900,617.85
2025-06-30,2027-12-17,630.0,call,81.77,86.5,84.13,86.33,34,398,0.15146,0.6865,900,617.85
2025-06-30,2027-12-17,630.0,put,56.98,57.41,57.19,57.43,1,1465,0.21975,-0.33523,900,617.85
2025-06-30,2027-12-17,635.0,call,78.82,83.5,81.16,79.22,0,170,0.1417,0.68012,900,617.85
2025-06-30,2027-12-17,635.0,put,58.9,59.33,59.11,0.0,0,283,0.21975,-0.34362,900,617.85
2025-06-30,2027-12-17,640.0,call,75.93,80.5,78.22,76.47,0,148,0.1417,0.66741,900,617.85
2025-06-30,2027-12-17,640.0,put,60.88,61.33,61.11,0.0,0,175,0.21975,-0.35202,900,617.85
2025-06-30,2027-12-17,645.0,call,73.07,78.0,75.53,75.27,1,477,0.1417,0.65462,900,617.85
2025-06-30,2027-12-17,645.0,put,62.93,63.38,63.16,0.0,0,18,0.21975,-0.36043,900,617.85
2025-06-30,2027-12-17,650.0,call,70.25,75.0,72.62,71.43,16,1678,0.1417,0.64174,900,617.85
2025-06-30,2027-12-17,650.0,put,65.05,65.5,65.28,65.98,3,441,0.21975,-0.36884,900,617.85
2025-06-30,2027-12-17,655.0,call,67.5,72.48,69.99,69.6,0,2098,0.1417,0.6288,900,617.85
2025-06-30,2027-12-17,655.0,put,67.25,67.71,67.48,0.0,0,89,0.21975,-0.37724,900,617.85
2025-06-30,2027-12-17,660.0,call,66.5,69.5,68.0,66.91,29,603,0.1417,0.61581,900,617.85
2025-06-30,2027-12-17,660.0,put,69.52,69.99,69.75,68.83,6,1565,0.21975,-0.38564,900,617.85
2025-06-30,2027-12-17,665.0,call,62.07,67.0,64.53,63.91,0,199,0.1417,0.60279,900,617.85
2025-06-30,2027-12-17,665.0,put,71.87,72.35,72.11,0.0,0,29,0.21975,-0.39403,900,617.85
2025-06-30,2027-12-17,670.0,call,61.75,62.14,61.95,61.76,2,225,0.1417,0.58975,900,617.85
2025-06-30,2027-12-17,670.0,put,74.31,74.79,74.55,0.0,0,56,0.21975,-0.40241,900,617.85
2025-06-30,2027-12-17,675.0,call,59.17,59.55,59.36,59.42,2,235,0.1417,0.57672,900,617.85
2025-06-30,2027-12-17,675.0,put,76.84,77.33,77.09,78.0,6,32,0.21975,-0.41077,900,617.85
2025-06-30,2027-12-17,680.0,call,56.63,57.02,56.83,56.78,4,169,0.1417,0.56369,900,617.85
2025-06-30,2027-12-17,680.0,put,79.46,79.96,79.71,80.0,12,255,0.21975,-0.41911,900,617.85
2025-06-30,2027-12-17,685.0,call,54.17,54.54,54.36,50.13,0,264,0.1417,0.55069,900,617.85
2025-06-30,2027-12-17,685.0,put,82.18,82.68,82.43,0.0,0,49,0.21975,-0.42742,900,617.85
2025-06-30,2027-12-17,690.0,call,51.73,52.11,51.92,51.6,20,149,0.1417,0.53773,900,617.85
2025-06-30,2027-12-17,690.0,put,82.78,87.5,85.14,0.0,0,20,0.21975,-0.4357,900,617.85
2025-06-30,2027-12-17,695.0,call,49.36,49.73,49.55,49.58,7,119,0.13195,0.52034,900,617.85
2025-06-30,2027-12-17,695.0,put,85.72,90.5,88.11,0.0,0,0,0.21975,-0.44395,900,617.85
2025-06-30,2027-12-17,700.0,call,47.05,47.42,47.23,46.8,115,2640,0.13195,0.50654,900,617.85
2025-06-30,2027-12-17,700.0,put,88.79,93.5,91.15,91.9,1,91,0.21975,-0.45217,900,617.85
2025-06-30,2027-12-17,705.0,call,44.78,45.15,44.97,42.82,0,132,0.13195,0.49284,900,617.85
2025-06-30,2027-12-17,705.0,put,92.0,96.99,94.5,0.0,0,15,0.21975,-0.46035,900,617.85
2025-06-30,2027-12-17,710.0,call,42.6,42.95,42.78,42.55,0,167,0.13195,0.47924,900,617.85
2025-06-30,2027-12-17,710.0,put,95.34,100.0,97.67,0.0,0,20,0.21975,-0.46849,900,617.85
2025-06-30,2027-12-17,715.0,call,40.47,40.82,40.64,40.64,21,139,0.13195,0.46576,900,617.85
2025-06-30,2027-12-17,715.0,put,99.0,103.85,101.42,0.0,0,12,0.22951,-0.47161,900,617.85
2025-06-30,2027-12-17,720.0,call,38.38,38.73,38.55,39.07,3,260,0.13195,0.45241,900,617.85
2025-06-30,2027-12-17,720.0,put,102.55,107.5,105.03,0.0,0,34,0.22951,-0.47931,900,617.85
2025-06-30,2027-12-17,725.0,call,36.39,36.74,36.56,36.23,1,200,0.13195,0.43921,900,617.85
2025-06-30,2027-12-17,725.0,put,106.5,111.45,108.97,0.0,0,0,0.22951,-0.48696,900,617.85
2025-06-30,2027-12-17,730.0,call,34.44,34.78,34.61,34.29,81,129,0.13195,0.42617,900,617.85
2025-06-30,2027-12-17,730.0,put,112.0,115.5,113.75,114.5,2,8,0.23926,-0.4888,900,617.85
2025-06-30,2027-12-17,735.0,call,32.57,32.91,32.74,33.09,30,121,0.13195,0.41329,900,617.85
2025-06-30,2027-12-17,735.0,put,115.5,120.0,117.75,0.0,0,0,0.23926,-0.49605,900,617.85
2025-06-30,2027-12-17,740.0,call,30.78,31.1,30.94,31.01,2,177,0.13195,0.4006,900,617.85
2025-06-30,2027-12-17,740.0,put,120.18,125.0,122.59,0.0,0,0,0.23926,-0.50325,900,617.85
2025-06-30,2027-12-17,745.0,call,29.02,29.34,29.18,29.51,4,77,0.12219,0.37337,900,617.85
2025-06-30,2027-12-17,745.0,put,125.18,130.0,127.59,0.0,0,0,0.24902,-0.504,900,617.85
2025-06-30,2027-12-17,750.0,call,27.38,27.69,27.54,27.3,34,868,0.12219,0.36025,900,617.85
2025-06-30,2027-12-17,750.0,put,130.18,135.0,132.59,0.0,0,0,0.25877,-0.50442,900,617.85
2025-06-30,2027-12-17,755.0,call,25.77,26.08,25.92,26.07,40,162,0.12219,0.34737,900,617.85
2025-06-30,2027-12-17,755.0,put,135.18,140.0,137.59,0.0,0,0,0.25877,-0.51094,900,617.85
2025-06-30,2027-12-17,760.0,call,24.25,24.55,24.4,23.98,0,317,0.12219,0.33475,900,617.85
2025-06-30,2027-12-17,760.0,put,140.5,145.0,142.75,0.0,0,0,0.26853,-0.51079,900,617.85
2025-06-30,2027-12-17,765.0,call,22.79,23.09,22.94,22.5,0,242,0.12219,0.3224,900,617.85
2025-06-30,2027-12-17,765.0,put,145.5,150.0,147.75,0.0,0,0,0.26853,-0.51699,900,617.85
2025-06-30,2027-12-17,770.0,call,21.39,21.68,21.54,21.26,0,328,0.12219,0.31032,900,617.85
2025-06-30,2027-12-17,770.0,put,150.18,155.0,152.59,0.0,0,0,0.27829,-0.51634,900,617.85
2025-06-30,2027-12-17,775.0,call,20.09,20.37,20.23,20.37,1,1308,0.12219,0.29851,900,617.85
2025-06-30,2027-12-17,775.0,put,155.5,160.0,157.75,0.0,0,0,0.27829,-0.52224,900,617.85
2025-06-30,2027-12-17,780.0,call,18.81,19.09,18.95,18.52,0,93,0.12219,0.28699,900,617.85
2025-06-30,2027-12-17,780.0,put,160.18,165.0,162.59,0.0,0,0,0.28804,-0.52115,900,617.85
2025-06-30,2027-12-17,785.0,call,17.64,17.91,17.77,17.87,12,92,0.12219,0.27575,900,617.85
2025-06-30,2027-12-17,785.0,put,165.18,170.0,167.59,0.0,0,0,0.28804,-0.52678,900,617.85
2025-06-30,2027-12-17,790.0,call,16.5,16.77,16.63,16.44,1,94,0.12219,0.26481,900,617.85
2025-06-30,2027-12-17,790.0,put,170.5,175.0,172.75,0.0,0,0,0.2978,-0.52531,900,617.85
2025-06-30,2027-12-17,795.0,call,15.43,15.7,15.56,15.57,2,31,0.12219,0.25415,900,617.85
2025-06-30,2027-12-17,795.0,put,175.18,180.0,177.59,0.0,0,0,0.2978,-0.53068,900,617.85
2025-06-30,2027-12-17,800.0,call,14.43,14.69,14.56,14.74,600,3812,0.12219,0.24379,900,617.85
2025-06-30,2027-12-17,800.0,put,180.5,185.0,182.75,0.0,0,0,0.30755,-0.52887,900,617.85
2025-06-30,2027-12-17,805.0,call,13.46,13.72,13.59,13.53,20,130,0.12219,0.23373,900,617.85
2025-06-30,2027-12-17,805.0,put,185.19,190.0,187.59,0.0,0,0,0.30755,-0.534,900,617.85
2025-06-30,2027-12-17,810.0,call,12.59,12.84,12.71,12.32,0,109,0.12219,0.22396,900,617.85
2025-06-30,2027-12-17,810.0,put,190.19,195.0,192.59,0.0,0,0,0.31731,-0.5319,900,617.85
2025-06-30,2027-12-17,815.0,call,11.73,11.97,11.85,11.21,0,34,0.11244,0.19063,900,617.85
2025-06-30,2027-12-17,815.0,put,195.19,200.0,197.59,0.0,0,0,0.31731,-0.53681,900,617.85
2025-06-30,2027-12-17,820.0,call,10.95,11.19,11.07,7.75,0,54,0.11244,0.18135,900,617.85
2025-06-30,2027-12-17,820.0,put,200.5,205.0,202.75,0.0,0,0,0.31731,-0.54169,900,617.85
2025-06-30,2027-12-17,825.0,call,10.21,10.44,10.32,10.17,6,40,0.11244,0.17242,900,617.85
2025-06-30,2027-12-17,825.0,put,205.5,210.0,207.75,0.0,0,0,0.32707,-0.53915,900,617.85
2025-06-30,2027-12-17,830.0,call,9.5,9.73,9.62,9.69,550,146,0.11244,0.16382,900,617.85
2025-06-30,2027-12-17,830.0,put,210.19,215.0,212.59,0.0,0,0,0.32707,-0.54382,900,617.85
2025-06-30,2027-12-17,835.0,call,8.86,9.09,8.97,8.76,0,26,0.11244,0.15555,900,617.85
2025-06-30,2027-12-17,835.0,put,215.5,220.0,217.75,0.0,0,0,0.33682,-0.54107,900,617.85
2025-06-30,2027-12-17,840.0,call,8.24,8.46,8.35,7.26,0,87,0.11244,0.14762,900,617.85
2025-06-30,2027-12-17,840.0,put,220.5,225.0,222.75,0.0,0,0,0.33682,-0.54555,900,617.85
2025-06-30,2027-12-17,845.0,call,7.69,7.9,7.79,7.5,1,163,0.11244,0.14,900,617.85
2025-06-30,2027-12-17,845.0,put,225.19,230.0,227.59,0.0,0,0,0.34658,-0.54261,900,617.85
2025-06-30,2027-12-17,850.0,call,7.15,7.35,7.25,7.37,76,650,0.11244,0.1327,900,617.85
2025-06-30,2027-12-17,850.0,put,230.19,235.0,232.59,0.0,0,0,0.34658,-0.54691,900,617.85
2025-06-30,2027-12-17,855.0,call,6.66,6.85,6.75,6.57,0,172,0.11244,0.1257,900,617.85
2025-06-30,2027-12-17,855.0,put,235.19,240.0,237.59,0.0,0,0,0.35633,-0.54379,900,617.85
2025-06-30,2027-12-17,860.0,call,6.21,6.4,6.3,6.33,7,145,0.11244,0.119,900,617.85
2025-06-30,2027-12-17,860.0,put,240.19,245.0,242.59,0.0,0,0,0.35633,-0.54792,900,617.85
2025-06-30,2027-12-17,865.0,call,5.77,5.95,5.86,5.35,0,51,0.11244,0.1126,900,617.85
2025-06-30,2027-12-17,865.0,put,245.19,250.0,247.59,0.0,0,0,0.35633,-0.55202,900,617.85
2025-06-30,2027-12-17,870.0,call,5.39,5.56,5.47,5.39,1,417,0.11244,0.10648,900,617.85
2025-06-30,2027-12-17,870.0,put,250.19,255.0,252.59,0.0,0,0,0.36609,-0.54863,900,617.85
2025-06-30,2027-12-17,875.0,call,5.02,5.18,5.1,5.25,1,48,0.11244,0.10064,900,617.85
2025-06-30,2027-12-17,875.0,put,255.19,260.0,257.6,0.0,0,0,0.36609,-0.55258,900,617.85
2025-06-30,2027-12-17,880.0,call,4.67,4.83,4.75,4.58,9,495,0.11244,0.09506,900,617.85
2025-06-30,2027-12-17,880.0,put,260.19,265.0,262.6,0.0,0,0,0.37584,-0.54906,900,617.85
2025-06-30,2027-12-17,885.0,call,4.36,4.51,4.44,3.8,0,53,0.11244,0.08975,900,617.85
2025-06-30,2027-12-17,885.0,put,265.19,270.0,267.6,0.0,0,0,0.37584,-0.55285,900,617.85
2025-06-30,2027-12-17,890.0,call,4.06,4.21,4.13,4.17,2,23,0.11244,0.08469,900,617.85
2025-06-30,2027-12-17,890.0,put,270.19,275.0,272.6,0.0,0,0,0.3856,-0.54922,900,617.85
2025-06-30,2027-12-17,895.0,call,3.8,3.94,3.87,3.91,1,362,0.11244,0.07987,900,617.85
2025-06-30,2027-12-17,895.0,put,275.19,280.0,277.6,0.0,0,0,0.3856,-0.55288,900,617.85
2025-06-30,2027-12-17,900.0,call,3.55,3.68,3.62,3.7,1341,7601,0.11244,0.07529,900,617.85
2025-06-30,2027-12-17,900.0,put,280.5,285.0,282.75,0.0,0,0,0.3856,-0.55652,900,617.85
2025-06-30,2027-12-17,905.0,call,3.31,3.44,3.38,2.76,0,232,0.11244,0.07094,900,617.85
2025-06-30,2027-12-17,905.0,put,285.5,290.0,287.75,0.0,0,0,0.39536,-0.55268,900,617.85
2025-06-30,2027-12-17,910.0,call,3.1,3.23,3.17,3.19,104,569,0.11244,0.0668,900,617.85
2025-06-30,2027-12-17,910.0,put,290.5,295.0,292.75,0.0,0,0,0.39536,-0.55619,900,617.85
2025-06-30,2027-12-17,915.0,call,2.93,3.02,2.98,3.0,127,3056,0.11244,0.06287,900,617.85
2025-06-30,2027-12-17,915.0,put,295.19,300.0,297.6,300.66,210,31,0.40511,-0.55226,900,617.85
