date,expiration,strike,type,bid,ask,mark,last,volume,open_interest,implied_volatility,delta,dte,spot
2020-03-16,2020-03-16,180.0,call,63.12,63.91,63.52,71.69,10,0,4.97085,0.89129,0,239.85
2020-03-16,2020-03-16,185.0,call,58.12,58.91,58.52,0.0,0,0,4.61964,0.88391,0,239.85
2020-03-16,2020-03-16,190.0,call,53.12,53.91,53.52,0.0,0,0,4.27819,0.87543,0,239.85
2020-03-16,2020-03-16,195.0,call,48.12,48.91,48.52,0.0,0,0,3.93673,0.866,0,239.85
2020-03-16,2020-03-16,200.0,call,43.13,43.92,43.53,0.0,0,0,3.60503,0.85481,0,239.85
2020-03-16,2020-03-16,205.0,call,38.13,38.92,38.53,0.0,0,0,3.26358,0.84244,0,239.85
2020-03-16,2020-03-16,210.0,call,33.13,33.92,33.53,40.79,11,12,2.93188,0.82712,0,239.85
2020-03-16,2020-03-16,215.0,call,28.13,28.82,28.48,43.55,0,7,2.58067,0.80984,0,239.85
2020-03-16,2020-03-16,218.0,call,25.13,25.73,25.43,25.27,2,39,2.36604,0.79765,0,239.85
2020-03-16,2020-03-16,219.0,call,24.29,24.73,24.51,36.76,0,32,2.31726,0.79117,0,239.85
2020-03-16,2020-03-16,220.0,call,23.26,23.73,23.5,22.51,1,164,2.24897,0.78604,0,239.85
2020-03-16,2020-03-16,221.0,call,22.28,22.73,22.51,33.51,0,1,2.18068,0.7806,0,239.85
2020-03-16,2020-03-16,222.0,call,21.27,21.7,21.48,20.0,4,0,2.11239,0.77481,0,239.85
2020-03-16,2020-03-16,223.0,call,20.27,20.73,20.5,35.07,0,5,2.0441,0.76864,0,239.85
2020-03-16,2020-03-16,224.0,call,19.23,19.69,19.46,33.39,0,5,1.96605,0.76297,0,239.85
2020-03-16,2020-03-16,225.0,call,18.25,18.72,18.48,18.57,20,16,1.89776,0.7559,0,239.85
2020-03-16,2020-03-16,226.0,call,17.26,17.69,17.48,15.97,1,5,1.82947,0.74828,0,239.85
2020-03-16,2020-03-16,227.0,call,16.25,16.69,16.47,27.01,6,110,1.75142,0.74104,0,239.85
2020-03-16,2020-03-16,228.0,call,15.24,15.68,15.46,15.45,1,20,1.68313,0.73213,0,239.85
2020-03-16,2020-03-16,229.0,call,14.23,14.71,14.47,16.26,1,101,1.61484,0.72241,0,239.85
2020-03-16,2020-03-16,229.0,put,0.01,0.02,0.01,0.01,6997,2600,0.35633,-0.00636,0,239.85
2020-03-16,2020-03-16,230.0,call,13.22,13.69,13.46,13.05,118,524,1.53679,0.71281,0,239.85
2020-03-16,2020-03-16,231.0,call,12.25,12.72,12.48,16.39,7,66,1.4685,0.70113,0,239.85
2020-03-16,2020-03-16,231.0,put,0.01,0.02,0.01,0.02,6316,2937,0.2978,-0.00776,0,239.85
2020-03-16,2020-03-16,232.0,call,11.24,11.72,11.48,7.33,28,124,1.39045,0.68924,0,239.85
2020-03-16,2020-03-16,232.0,put,0.01,0.03,0.02,0.03,11164,1756,0.2978,-0.01605,0,239.85
2020-03-16,2020-03-16,233.0,call,10.23,10.68,10.46,17.27,6,221,1.31241,0.67589,0,239.85
2020-03-16,2020-03-16,233.0,put,0.02,0.03,0.03,0.03,10059,1763,0.27829,-0.02291,0,239.85
2020-03-16,2020-03-16,234.0,call,9.31,9.71,9.51,14.42,146,205,1.24412,0.65978,0,239.85
2020-03-16,2020-03-16,234.0,put,0.03,0.04,0.04,0.04,5299,1281,0.25877,-0.0336,0,239.85
2020-03-16,2020-03-16,235.0,call,8.29,8.73,8.51,9.9,444,130,1.16607,0.64257,0,239.85
2020-03-16,2020-03-16,235.0,put,0.05,0.08,0.07,0.06,38680,3547,0.23926,-0.05071,0,239.85
2020-03-16,2020-03-16,236.0,call,7.33,7.73,7.53,7.28,307,79,1.08802,0.62276,0,239.85
2020-03-16,2020-03-16,236.0,put,0.09,0.13,0.11,0.11,11468,1047,0.22951,-0.08793,0,239.85
2020-03-16,2020-03-16,237.0,call,6.36,6.75,6.55,4.7,141,110,1.00022,0.6005,0,239.85
2020-03-16,2020-03-16,237.0,put,0.12,0.15,0.14,0.2,15442,1788,0.19048,-0.11418,0,239.85
2020-03-16,2020-03-16,238.0,call,5.56,5.96,5.76,4.53,2358,268,0.9612,0.57111,0,239.85
2020-03-16,2020-03-16,238.0,put,0.18,0.27,0.23,0.2,12844,1654,0.17097,-0.19202,0,239.85
2020-03-16,2020-03-16,239.0,call,4.61,4.89,4.75,4.62,2952,187,0.86364,0.54034,0,239.85
2020-03-16,2020-03-16,239.0,put,0.3,0.35,0.32,0.3,19913,1830,0.13195,-0.30206,0,239.85
2020-03-16,2020-03-16,240.0,call,3.64,4.0,3.82,3.95,5755,210,0.77583,0.50203,0,239.85
2020-03-16,2020-03-16,240.0,put,0.38,0.5,0.44,0.41,138588,7970,0.07341,-0.56316,0,239.85
2020-03-16,2020-03-16,241.0,call,2.96,3.27,3.12,3.16,4555,137,0.72706,0.4576,0,239.85
2020-03-16,2020-03-16,241.0,put,0.62,0.7,0.66,0.62,11231,2715,0.01488,-1.0,0,239.85
2020-03-16,2020-03-16,242.0,call,2.3,2.5,2.4,2.48,4146,183,0.66852,0.4062,0,239.85
2020-03-16,2020-03-16,242.0,put,0.81,1.01,0.91,0.9,62947,2170,0.01488,-1.0,0,239.85
2020-03-16,2020-03-16,243.0,call,1.95,1.96,1.96,1.95,3718,124,0.65876,0.35906,0,239.85
2020-03-16,2020-03-16,243.0,put,1.31,1.4,1.35,1.32,47125,1391,0.01488,-1.0,0,239.85
2020-03-16,2020-03-16,244.0,call,1.19,1.39,1.29,1.25,6293,458,0.57096,0.28814,0,239.85
2020-03-16,2020-03-16,244.0,put,1.71,1.9,1.8,1.76,22097,1433,0.01488,-1.0,0,239.85
2020-03-16,2020-03-16,245.0,call,0.84,1.04,0.94,0.88,17793,627,0.55145,0.23535,0,239.85
2020-03-16,2020-03-16,245.0,put,2.21,2.55,2.38,2.36,142781,8149,0.01488,-1.0,0,239.85
2020-03-16,2020-03-16,246.0,call,0.61,0.77,0.69,0.72,8026,607,0.54169,0.18983,0,239.85
2020-03-16,2020-03-16,246.0,put,3.16,3.45,3.31,3.5,20108,4197,0.01488,-1.0,0,239.85
2020-03-16,2020-03-16,247.0,call,0.43,0.5,0.46,0.5,11472,925,0.51243,0.13973,0,239.85
2020-03-16,2020-03-16,247.0,put,3.88,4.2,4.04,4.0,17912,4452,0.01488,-1.0,0,239.85
2020-03-16,2020-03-16,248.0,call,0.3,0.4,0.35,0.38,11306,442,0.52218,0.1134,0,239.85
2020-03-16,2020-03-16,248.0,put,4.83,5.15,4.99,5.1,17453,3401,0.01488,-1.0,0,239.85
2020-03-16,2020-03-16,249.0,call,0.27,0.3,0.29,0.27,12850,592,0.53194,0.09168,0,239.85
2020-03-16,2020-03-16,249.0,put,5.61,5.99,5.8,5.92,10516,0,0.01488,-1.0,0,239.85
2020-03-16,2020-03-16,250.0,call,0.16,0.18,0.17,0.15,63547,932,0.51243,0.06281,0,239.85
2020-03-16,2020-03-16,250.0,put,6.51,6.94,6.72,6.57,93657,16731,0.01488,-1.0,0,239.85
2020-03-16,2020-03-16,251.0,call,0.09,0.14,0.12,0.09,11844,1026,0.51243,0.04643,0,239.85
2020-03-16,2020-03-16,251.0,put,7.48,7.88,7.68,7.83,10316,2120,0.01488,-1.0,0,239.85
2020-03-16,2020-03-16,252.0,call,0.06,0.09,0.07,0.07,15809,1286,0.49292,0.02858,0,239.85
2020-03-16,2020-03-16,252.0,put,8.44,8.83,8.63,8.51,7097,2557,0.01488,-1.0,0,239.85
2020-03-16,2020-03-16,253.0,call,0.04,0.08,0.06,0.04,21242,1734,0.51243,0.02406,0,239.85
2020-03-16,2020-03-16,253.0,put,9.36,9.75,9.55,10.63,11206,6843,0.01488,-1.0,0,239.85
2020-03-16,2020-03-16,254.0,call,0.02,0.03,0.03,0.02,16776,1303,0.49292,0.0136,0,239.85
2020-03-16,2020-03-16,254.0,put,10.36,10.82,10.59,11.04,6193,4685,0.01488,-1.0,0,239.85
2020-03-16,2020-03-16,255.0,put,11.34,11.82,11.58,12.31,22883,7795,0.01488,-1.0,0,239.85
2020-03-16,2020-03-16,256.0,call,0.01,0.02,0.01,0.01,12759,1956,0.48316,0.00518,0,239.85
2020-03-16,2020-03-16,256.0,put,12.37,12.86,12.61,16.88,2620,4520,0.01488,-1.0,0,239.85
2020-03-16,2020-03-16,257.0,put,13.28,13.74,13.51,14.68,6321,2547,0.01488,-1.0,0,239.85
2020-03-16,2020-03-16,258.0,put,14.31,14.79,14.55,15.36,4122,3352,0.01488,-1.0,0,239.85
2020-03-16,2020-03-16,259.0,put,15.32,15.78,15.55,15.81,3128,9447,0.01488,-1.0,0,239.85
2020-03-16,2020-03-16,260.0,put,16.29,16.78,16.54,17.99,12850,8644,0.01488,-1.0,0,239.85
2020-03-16,2020-03-16,261.0,put,17.27,17.72,17.49,21.7,3727,1466,0.01488,-1.0,0,239.85
2020-03-16,2020-03-16,262.0,call,0.01,0.02,0.01,0.01,9603,1684,0.6295,0.00386,0,239.85
2020-03-16,2020-03-16,262.0,put,18.31,18.8,18.55,19.09,747,2522,0.01488,-1.0,0,239.85
2020-03-16,2020-03-16,263.0,put,19.35,19.81,19.58,19.25,591,1677,0.01488,-1.0,0,239.85
2020-03-16,2020-03-16,264.0,put,20.27,20.74,20.5,22.22,317,2022,0.01488,-1.0,0,239.85
2020-03-16,2020-03-16,265.0,put,21.25,21.73,21.49,23.86,5033,13894,0.01488,-1.0,0,239.85
2020-03-16,2020-03-16,266.0,put,22.29,22.76,22.52,25.55,2702,2520,0.01488,-1.0,0,239.85
2020-03-16,2020-03-16,267.0,put,23.27,23.74,23.5,24.69,359,928,0.01488,-1.0,0,239.85
2020-03-16,2020-03-16,268.0,put,24.18,24.88,24.53,27.5,638,1081,0.01488,-1.0,0,239.85
2020-03-16,2020-03-16,269.0,put,25.22,25.76,25.49,27.6,393,1515,0.01488,-1.0,0,239.85
2020-03-16,2020-03-16,270.0,put,26.22,26.81,26.52,27.77,1770,6778,0.01488,-1.0,0,239.85
2020-03-16,2020-03-16,271.0,put,27.27,27.78,27.52,31.7,98,822,0.01488,-1.0,0,239.85
2020-03-16,2020-03-16,272.0,put,28.23,28.85,28.54,32.43,129,1885,0.01488,-1.0,0,239.85
2020-03-16,2020-03-16,273.0,put,29.13,29.86,29.49,33.33,179,910,0.01488,-1.0,0,239.85
2020-03-16,2020-03-16,274.0,put,30.07,30.86,30.46,31.86,1129,5825,0.01488,-1.0,0,239.85
2020-03-16,2020-03-16,275.0,put,31.19,31.93,31.56,33.25,906,10853,0.01488,-1.0,0,239.85
2020-03-16,2020-03-16,276.0,put,32.06,32.85,32.45,33.74,240,2394,0.01488,-1.0,0,239.85
2020-03-16,2020-03-16,277.0,put,33.05,33.84,33.45,37.8,115,2426,0.01488,-1.0,0,239.85
2020-03-16,2020-03-16,278.0,put,34.05,34.84,34.45,35.45,140,1188,0.01488,-1.0,0,239.85
2020-03-16,2020-03-16,279.0,put,35.1,35.89,35.5,34.13,157,1689,0.01488,-1.0,0,239.85
2020-03-16,2020-03-16,280.0,put,36.43,36.84,36.64,36.39,597,5940,0.01488,-1.0,0,239.85
2020-03-16,2020-03-16,281.0,put,37.07,37.84,37.45,38.44,117,2248,0.01488,-1.0,0,239.85
2020-03-16,2020-03-16,282.0,put,38.11,38.86,38.48,39.56,110,1270,0.01488,-1.0,0,239.85
2020-03-16,2020-03-16,283.0,put,39.05,39.84,39.45,38.11,70,2084,0.01488,-1.0,0,239.85
2020-03-16,2020-03-16,284.0,put,40.05,40.84,40.45,43.48,23,1801,0.01488,-1.0,0,239.85
2020-03-16,2020-03-16,285.0,put,41.11,41.84,41.48,45.82,185,7315,0.01488,-1.0,0,239.85
2020-03-16,2020-03-16,286.0,put,42.08,42.87,42.47,44.6,23,1054,0.01488,-1.0,0,239.85
2020-03-16,2020-03-16,287.0,put,43.09,43.88,43.48,40.45,5,703,0.01488,-1.0,0,239.85
2020-03-16,2020-03-16,288.0,put,44.08,44.87,44.47,39.67,16,726,0.01488,-1.0,0,239.85
2020-03-16,2020-03-16,289.0,put,45.1,45.89,45.5,42.03,12,1359,0.01488,-1.0,0,239.85
2020-03-16,2020-03-16,290.0,put,46.38,46.88,46.63,50.23,431,3931,0.01488,-1.0,0,239.85
2020-03-16,2020-03-16,291.0,put,47.06,47.85,47.45,47.95,120,1385,0.01488,-1.0,0,239.85
2020-03-16,2020-03-16,292.0,put,48.09,48.88,48.48,46.5,162,1228,0.01488,-1.0,0,239.85
2020-03-16,2020-03-16,293.0,put,49.13,49.89,49.51,50.66,1115,2403,0.01488,-1.0,0,239.85
2020-03-16,2020-03-16,294.0,put,50.08,50.87,50.47,45.88,43,1338,0.01488,-1.0,0,239.85
2020-03-16,2020-03-16,295.0,put,51.12,51.85,51.48,45.32,1061,4124,0.01488,-1.0,0,239.85
2020-03-16,2020-03-16,296.0,put,52.09,52.88,52.48,48.25,7,829,0.01488,-1.0,0,239.85
2020-03-16,2020-03-16,297.0,put,53.09,53.88,53.48,54.5,40,567,0.01488,-1.0,0,239.85
2020-03-16,2020-03-16,298.0,put,54.11,54.88,54.5,40.59,0,849,0.01488,-1.0,0,239.85
2020-03-16,2020-03-16,299.0,put,55.08,55.87,55.47,52.75,1,715,0.01488,-1.0,0,239.85
2020-03-16,2020-03-16,300.0,put,56.14,56.87,56.5,60.8,193,1974,0.01488,-1.0,0,239.85
2020-03-16,2020-03-16,301.0,put,57.09,57.88,57.48,59.0,13,1800,0.01488,-1.0,0,239.85
2020-03-16,2020-03-16,302.0,put,58.11,58.87,58.49,56.0,10,1683,0.01488,-1.0,0,239.85
2020-03-16,2020-03-16,303.0,put,59.1,59.87,59.48,49.43,1020,1838,0.01488,-1.0,0,239.85
2020-03-16,2020-03-16,304.0,put,60.15,60.89,60.52,56.48,7,1454,0.01488,-1.0,0,239.85
2020-03-16,2020-03-16,305.0,put,61.15,61.88,61.52,49.26,120,1532,0.01488,-1.0,0,239.85
2020-03-16,2020-03-16,306.0,put,62.1,62.84,62.47,67.0,254,1790,0.01488,-1.0,0,239.85
2020-03-16,2020-03-16,307.0,put,63.13,63.87,63.5,55.96,100,1854,0.01488,-1.0,0,239.85
2020-03-16,2020-03-16,308.0,put,64.16,64.88,64.52,60.45,100,1533,0.01488,-1.0,0,239.85
2020-03-16,2020-03-16,309.0,put,65.14,65.88,65.51,58.78,5,1127,0.01488,-1.0,0,239.85
2020-03-16,2020-03-16,310.0,put,66.15,66.88,66.52,65.8,311,1833,0.01488,-1.0,0,239.85
2020-03-16,2020-03-16,311.0,put,67.14,67.88,67.51,57.47,3,1416,0.01488,-1.0,0,239.85
2020-03-16,2020-03-16,312.0,put,68.14,68.87,68.5,64.41,18,786,0.01488,-1.0,0,239.85
2020-03-16,2020-03-16,313.0,put,69.14,69.88,69.51,64.97,381,1099,0.01488,-1.0,0,239.85
2020-03-16,2020-03-16,314.0,put,70.14,70.88,70.51,63.0,362,739,0.01488,-1.0,0,239.85
2020-03-16,2020-03-16,315.0,put,71.14,71.87,71.5,75.18,29,1292,0.01488,-1.0,0,239.85
2020-03-16,2020-03-16,316.0,put,72.14,72.88,72.51,65.0,11,662,0.01488,-1.0,0,239.85
2020-03-16,2020-03-16,317.0,put,73.13,73.87,73.5,70.9,1,657,0.01488,-1.0,0,239.85
2020-03-16,2020-03-16,318.0,put,74.14,74.87,74.5,77.0,4,2203,0.01488,-1.0,0,239.85
2020-03-16,2020-03-16,319.0,put,75.14,75.87,75.5,76.87,4,446,0.01488,-1.0,0,239.85
2020-03-16,2020-03-16,320.0,put,76.14,76.88,76.51,71.7,142,1334,0.01488,-1.0,0,239.85
2020-03-16,2020-03-16,321.0,put,77.14,77.87,77.5,73.78,13,408,0.01488,-1.0,0,239.85
2020-03-16,2020-03-16,322.0,put,78.14,78.88,78.51,70.43,11,348,0.01488,-1.0,0,239.85
2020-03-16,2020-03-16,323.0,put,79.14,79.88,79.51,79.66,2,1125,0.01488,-1.0,0,239.85
2020-03-16,2020-03-16,324.0,put,80.16,80.88,80.52,76.16,6,1344,0.01488,-1.0,0,239.85
2020-03-16,2020-03-16,325.0,put,81.15,81.88,81.52,76.6,2,2457,0.01488,-1.0,0,239.85
2020-03-16,2020-03-16,326.0,put,82.15,82.88,82.52,40.25,0,1393,0.01488,-1.0,0,239.85
2020-03-16,2020-03-16,327.0,put,83.15,83.88,83.52,76.29,51,1198,0.01488,-1.0,0,239.85
2020-03-16,2020-03-16,328.0,put,84.15,84.88,84.52,84.84,2,951,0.01488,-1.0,0,239.85
2020-03-16,2020-03-16,329.0,put,85.14,85.88,85.51,80.7,2,778,0.01488,-1.0,0,239.85
2020-03-16,2020-03-16,330.0,put,86.15,86.88,86.52,74.48,3,1380,0.01488,-1.0,0,239.85
2020-03-16,2020-03-16,331.0,put,87.14,87.87,87.5,37.11,0,488,0.01488,-1.0,0,239.85
2020-03-16,2020-03-16,332.0,put,88.14,88.87,88.5,79.93,21,484,0.01488,-1.0,0,239.85
2020-03-16,2020-03-16,333.0,put,89.14,89.88,89.51,86.65,0,1176,0.01488,-1.0,0,239.85
2020-03-16,2020-03-16,334.0,put,90.14,90.87,90.5,90.66,12,617,0.01488,-1.0,0,239.85
2020-03-16,2020-03-16,335.0,put,91.14,91.87,91.5,82.45,1,566,0.01488,-1.0,0,239.85
2020-03-16,2020-03-16,336.0,put,92.14,92.87,92.5,87.07,0,675,0.01488,-1.0,0,239.85
2020-03-16,2020-03-16,337.0,put,93.14,93.87,93.5,81.5,1,352,0.01488,-1.0,0,239.85
2020-03-16,2020-03-16,338.0,put,94.14,94.87,94.5,85.47,1,452,0.01488,-1.0,0,239.85
2020-03-16,2020-03-16,339.0,put,95.14,95.87,95.5,26.22,0,170,0.01488,-1.0,0,239.85
2020-03-16,2020-03-16,340.0,put,96.14,96.87,96.5,84.72,0,11,0.01488,-1.0,0,239.85
2020-03-16,2020-03-16,341.0,put,97.14,97.87,97.5,28.55,0,0,0.01488,-1.0,0,239.85
2020-03-16,2020-03-16,342.0,put,98.14,98.87,98.5,28.33,0,0,0.01488,-1.0,0,239.85
2020-03-16,2020-03-16,343.0,put,99.14,99.87,99.5,90.93,1,0,0.01488,-1.0,0,239.85
2020-03-16,2020-03-16,344.0,put,100.14,100.87,100.5,18.9,0,0,0.01488,-1.0,0,239.85
2020-03-16,2020-03-16,345.0,put,101.14,101.87,101.5,28.66,0,0,0.01488,-1.0,0,239.85
2020-03-16,2020-03-16,346.0,put,102.14,102.87,102.5,10.03,0,0,0.01488,-1.0,0,239.85
2020-03-16,2020-03-16,347.0,put,103.14,103.87,103.5,0.0,0,0,0.01488,-1.0,0,239.85
2020-03-16,2020-03-16,348.0,put,104.14,104.87,104.5,14.45,0,0,0.01488,-1.0,0,239.85
2020-03-16,2020-03-16,349.0,put,105.14,105.87,105.5,12.99,0,0,0.01488,-1.0,0,239.85
2020-03-16,2020-03-16,350.0,put,106.14,106.87,106.5,24.25,0,0,0.01488,-1.0,0,239.85
2020-03-16,2020-03-16,351.0,put,107.14,107.87,107.5,0.0,0,0,0.01488,-1.0,0,239.85
2020-03-16,2020-03-16,352.0,put,108.14,108.87,108.5,0.0,0,0,0.01488,-1.0,0,239.85
2020-03-16,2020-03-16,353.0,put,109.14,109.87,109.5,0.0,0,0,0.01488,-1.0,0,239.85
2020-03-16,2020-03-16,354.0,put,110.14,110.87,110.5,0.0,0,0,0.01488,-1.0,0,239.85
2020-03-16,2020-03-16,355.0,put,111.14,111.87,111.5,0.0,0,0,0.01488,-1.0,0,239.85
2020-03-16,2020-03-16,356.0,put,112.14,112.87,112.5,104.32,5,0,0.01488,-1.0,0,239.85
2020-03-16,2020-03-16,357.0,put,113.14,113.87,113.5,110.64,0,21,0.01488,-1.0,0,239.85
2020-03-16,2020-03-16,358.0,put,114.14,114.87,114.5,107.29,49,0,0.01488,-1.0,0,239.85
2020-03-16,2020-03-16,359.0,put,115.14,115.87,115.5,108.29,49,0,0.01488,-1.0,0,239.85
2020-03-16,2020-03-16,360.0,put,116.14,116.87,116.5,108.32,7,0,0.01488,-1.0,0,239.85
2020-03-16,2020-03-16,361.0,put,117.14,117.87,117.5,0.0,0,0,0.01488,-1.0,0,239.85
2020-03-16,2020-03-16,362.0,put,118.14,118.87,118.5,110.1,7,0,0.01488,-1.0,0,239.85
2020-03-16,2020-03-16,363.0,put,119.14,119.87,119.5,112.29,155,0,0.01488,-1.0,0,239.85
2020-03-16,2020-03-16,364.0,put,120.14,120.87,120.5,90.0,0,0,0.01488,-1.0,0,239.85
2020-03-16,2020-03-16,365.0,put,121.14,121.87,121.5,118.64,0,21,0.01488,-1.0,0,239.85
2020-03-16,2020-03-16,366.0,put,122.14,122.87,122.5,120.94,99,0,0.01488,-1.0,0,239.85
2020-03-16,2020-03-16,367.0,put,123.14,123.87,123.5,121.94,99,0,0.01488,-1.0,0,239.85
2020-03-16,2020-03-16,368.0,put,124.14,124.87,124.5,122.94,99,21,0.01488,-1.0,0,239.85
2020-03-16,2020-03-16,369.0,put,125.14,125.87,125.5,126.1,221,0,0.01488,-1.0,0,239.85
2020-03-16,2020-03-16,370.0,put,126.14,126.87,126.5,118.77,105,0,0.01488,-1.0,0,239.85
2020-03-16,2020-03-16,371.0,put,127.14,127.87,127.5,119.77,207,0,0.01488,-1.0,0,239.85
2020-03-16,2020-03-18,175.0,call,67.87,69.17,68.52,70.0,15,0,3.77088,0.89777,2,239.85
2020-03-16,2020-03-18,175.0,put,0.14,0.15,0.15,0.15,6568,0,1.94654,-0.01191,2,239.85
2020-03-16,2020-03-18,180.0,call,63.19,63.99,63.59,0.0,0,0,3.53674,0.89017,2,239.85
2020-03-16,2020-03-18,180.0,put,0.2,0.22,0.21,0.22,4216,0,1.888,-0.01684,2,239.85
2020-03-16,2020-03-18,185.0,call,58.48,59.11,58.8,61.1,2,0,3.35138,0.87915,2,239.85
2020-03-16,2020-03-18,185.0,put,0.32,0.38,0.35,0.36,3889,0,1.87825,-0.02636,2,239.85
2020-03-16,2020-03-18,190.0,call,53.74,54.17,53.95,58.31,98,50,3.13675,0.86856,2,239.85
2020-03-16,2020-03-18,190.0,put,0.47,0.52,0.49,0.52,10954,4395,1.81971,-0.03616,2,239.85
2020-03-16,2020-03-18,195.0,call,48.84,49.41,49.12,65.92,0,149,2.93188,0.85598,2,239.85
2020-03-16,2020-03-18,195.0,put,0.7,0.79,0.74,0.83,3426,1525,1.8002,-0.05259,2,239.85
2020-03-16,2020-03-18,200.0,call,43.99,44.79,44.39,43.91,18,49,2.75627,0.83955,2,239.85
2020-03-16,2020-03-18,200.0,put,1.06,1.1,1.08,1.09,13309,2409,1.77093,-0.07329,2,239.85
2020-03-16,2020-03-18,205.0,call,39.69,40.26,39.97,39.62,2,15,2.62945,0.81701,2,239.85
2020-03-16,2020-03-18,205.0,put,1.41,1.49,1.45,1.42,4999,1474,1.7124,-0.09644,2,239.85
2020-03-16,2020-03-18,210.0,call,35.17,35.72,35.45,32.41,7,13,2.47335,0.79319,2,239.85
2020-03-16,2020-03-18,210.0,put,1.93,2.0,1.96,1.96,12741,6281,1.66362,-0.12695,2,239.85
2020-03-16,2020-03-18,211.0,call,34.36,34.73,34.55,41.0,5,11,2.44409,0.78782,2,239.85
2020-03-16,2020-03-18,211.0,put,2.03,2.12,2.08,2.06,1464,3039,1.65386,-0.1339,2,239.85
2020-03-16,2020-03-18,212.0,call,33.34,34.06,33.7,38.6,2,2,2.41482,0.78229,2,239.85
2020-03-16,2020-03-18,212.0,put,2.14,2.24,2.19,2.72,1272,1702,1.63435,-0.13989,2,239.85
2020-03-16,2020-03-18,213.0,call,32.59,32.96,32.78,46.97,0,10,2.3758,0.77729,2,239.85
2020-03-16,2020-03-18,213.0,put,2.26,2.37,2.31,2.48,1814,1539,1.62459,-0.14744,2,239.85
2020-03-16,2020-03-18,214.0,call,31.66,32.13,31.9,35.42,20,0,2.34653,0.7714,2,239.85
2020-03-16,2020-03-18,214.0,put,2.38,2.51,2.44,2.53,2063,675,1.61484,-0.15532,2,239.85
2020-03-16,2020-03-18,215.0,call,30.83,31.26,31.05,28.16,331,198,2.32702,0.7646,2,239.85
2020-03-16,2020-03-18,215.0,put,2.5,2.65,2.58,2.55,7522,1651,1.59533,-0.16222,2,239.85
2020-03-16,2020-03-18,216.0,call,29.97,30.52,30.24,62.19,0,10,2.3075,0.75762,2,239.85
2020-03-16,2020-03-18,216.0,put,2.64,2.78,2.71,3.59,1763,1631,1.58557,-0.17076,2,239.85
2020-03-16,2020-03-18,217.0,call,29.12,29.57,29.34,32.02,23,10,2.26848,0.75183,2,239.85
2020-03-16,2020-03-18,217.0,put,2.78,2.92,2.85,2.73,2578,1816,1.56606,-0.17834,2,239.85
2020-03-16,2020-03-18,218.0,call,28.31,28.63,28.47,28.33,2,0,2.23921,0.74513,2,239.85
2020-03-16,2020-03-18,218.0,put,2.93,3.07,3.0,3.03,1851,723,1.5563,-0.18758,2,239.85
2020-03-16,2020-03-18,219.0,call,27.47,27.8,27.63,27.64,7,97,2.20995,0.7382,2,239.85
2020-03-16,2020-03-18,219.0,put,3.09,3.24,3.17,3.24,3262,601,1.54655,-0.19718,2,239.85
2020-03-16,2020-03-18,220.0,call,26.59,26.96,26.77,26.83,34,16,2.18068,0.73104,2,239.85
2020-03-16,2020-03-18,220.0,put,3.26,3.41,3.33,3.33,20330,7827,1.52704,-0.20586,2,239.85
2020-03-16,2020-03-18,221.0,call,25.78,26.13,25.95,25.1,196,12,2.15141,0.72364,2,239.85
2020-03-16,2020-03-18,221.0,put,3.43,3.6,3.52,3.63,1447,1461,1.51728,-0.21621,2,239.85
2020-03-16,2020-03-18,222.0,call,24.96,25.33,25.14,25.55,1,10,2.1319,0.71534,2,239.85
2020-03-16,2020-03-18,222.0,put,3.61,3.78,3.69,3.72,1684,1722,1.49777,-0.22569,2,239.85
2020-03-16,2020-03-18,223.0,call,24.15,24.52,24.34,21.3,54,23,2.10263,0.70744,2,239.85
2020-03-16,2020-03-18,223.0,put,3.81,3.98,3.9,3.98,895,972,1.48801,-0.23684,2,239.85
2020-03-16,2020-03-18,224.0,call,23.37,23.81,23.59,24.43,22,1,2.09288,0.69807,2,239.85
2020-03-16,2020-03-18,224.0,put,4.01,4.19,4.1,4.09,1732,571,1.47826,-0.24837,2,239.85
2020-03-16,2020-03-18,225.0,call,22.59,22.95,22.77,21.63,99,28,2.06361,0.68965,2,239.85
2020-03-16,2020-03-18,225.0,put,4.23,4.41,4.32,4.24,6427,2838,1.4685,-0.26029,2,239.85
2020-03-16,2020-03-18,226.0,call,21.81,22.2,22.0,23.06,19,131,2.03434,0.68095,2,239.85
2020-03-16,2020-03-18,226.0,put,4.45,4.64,4.54,4.97,2214,898,1.44899,-0.2715,2,239.85
2020-03-16,2020-03-18,227.0,call,21.05,21.43,21.24,20.62,22,264,2.01483,0.67143,2,239.85
2020-03-16,2020-03-18,227.0,put,4.69,4.9,4.79,4.86,2033,809,1.43923,-0.28425,2,239.85
2020-03-16,2020-03-18,228.0,call,20.3,20.69,20.5,19.5,69,261,1.99532,0.66166,2,239.85
2020-03-16,2020-03-18,228.0,put,4.94,5.14,5.04,5.66,1875,659,1.42948,-0.29741,2,239.85
2020-03-16,2020-03-18,229.0,call,19.57,19.96,19.77,17.66,290,205,1.97581,0.65163,2,239.85
2020-03-16,2020-03-18,229.0,put,5.19,5.42,5.3,5.26,2388,776,1.40997,-0.31,2,239.85
2020-03-16,2020-03-18,230.0,call,18.84,19.24,19.04,16.32,1015,455,1.95629,0.64135,2,239.85
2020-03-16,2020-03-18,230.0,put,5.46,5.7,5.58,5.61,28997,6382,1.40021,-0.324,2,239.85
2020-03-16,2020-03-18,231.0,call,18.13,18.53,18.33,17.1,222,283,1.93678,0.63082,2,239.85
2020-03-16,2020-03-18,231.0,put,5.75,6.0,5.88,6.57,2653,1953,1.39045,-0.33839,2,239.85
2020-03-16,2020-03-18,232.0,call,17.43,17.83,17.63,16.4,195,735,1.91727,0.62002,2,239.85
2020-03-16,2020-03-18,232.0,put,6.04,6.31,6.17,6.58,2027,1041,1.3807,-0.35315,2,239.85
2020-03-16,2020-03-18,233.0,call,16.74,17.14,16.94,14.59,35,659,1.89776,0.60896,2,239.85
2020-03-16,2020-03-18,233.0,put,6.34,6.63,6.48,6.87,2102,1283,1.36119,-0.36765,2,239.85
2020-03-16,2020-03-18,234.0,call,16.05,16.47,16.26,15.68,40,366,1.87825,0.59763,2,239.85
2020-03-16,2020-03-18,234.0,put,6.65,6.95,6.8,7.44,2617,3507,1.35143,-0.38324,2,239.85
2020-03-16,2020-03-18,235.0,call,15.38,15.81,15.6,15.08,309,555,1.85874,0.58604,2,239.85
2020-03-16,2020-03-18,235.0,put,7.0,7.31,7.15,7.02,10703,5269,1.34167,-0.39917,2,239.85
2020-03-16,2020-03-18,236.0,call,14.72,15.16,14.94,12.51,41,979,1.83922,0.57418,2,239.85
2020-03-16,2020-03-18,236.0,put,7.31,7.67,7.49,7.8,3268,1496,1.32216,-0.41511,2,239.85
2020-03-16,2020-03-18,237.0,call,14.07,14.51,14.29,12.81,354,696,1.81971,0.56206,2,239.85
2020-03-16,2020-03-18,237.0,put,7.66,8.03,7.84,8.18,3509,1148,1.30265,-0.43159,2,239.85
2020-03-16,2020-03-18,238.0,call,13.45,13.89,13.67,11.38,63,849,1.8002,0.54967,2,239.85
2020-03-16,2020-03-18,238.0,put,8.03,8.42,8.22,8.2,3656,2008,1.2929,-0.44872,2,239.85
2020-03-16,2020-03-18,239.0,call,12.88,13.29,13.09,12.1,196,236,1.79044,0.53711,2,239.85
2020-03-16,2020-03-18,239.0,put,8.42,8.81,8.62,8.63,1776,999,1.28314,-0.46613,2,239.85
2020-03-16,2020-03-18,240.0,call,12.28,12.69,12.48,12.1,1081,358,1.77093,0.52427,2,239.85
2020-03-16,2020-03-18,240.0,put,8.99,9.15,9.07,9.22,25683,6330,1.27338,-0.48379,2,239.85
2020-03-16,2020-03-18,241.0,call,11.69,12.0,11.84,11.8,504,186,1.75142,0.51118,2,239.85
2020-03-16,2020-03-18,241.0,put,9.22,9.61,9.41,9.46,1760,1094,1.24412,-0.50229,2,239.85
2020-03-16,2020-03-18,242.0,call,11.11,11.53,11.32,10.8,958,243,1.74167,0.49814,2,239.85
2020-03-16,2020-03-18,242.0,put,9.65,10.03,9.84,9.8,3270,889,1.2246,-0.52112,2,239.85
2020-03-16,2020-03-18,243.0,call,10.54,10.93,10.73,10.55,1491,601,1.72215,0.48464,2,239.85
2020-03-16,2020-03-18,243.0,put,10.15,10.47,10.31,10.27,3775,1828,1.21485,-0.53982,2,239.85
2020-03-16,2020-03-18,244.0,call,9.99,10.37,10.18,10.15,1726,319,1.70264,0.47091,2,239.85
2020-03-16,2020-03-18,244.0,put,10.51,10.91,10.71,10.74,4365,1814,1.18558,-0.56018,2,239.85
2020-03-16,2020-03-18,245.0,call,9.5,9.81,9.66,9.7,5267,850,1.68313,0.45695,2,239.85
2020-03-16,2020-03-18,245.0,put,11.0,11.37,11.18,11.24,13783,4664,1.16607,-0.58036,2,239.85
2020-03-16,2020-03-18,246.0,call,8.93,9.29,9.11,9.1,3161,652,1.66362,0.44279,2,239.85
2020-03-16,2020-03-18,246.0,put,11.44,11.86,11.65,11.66,4746,1931,1.14656,-0.60091,2,239.85
2020-03-16,2020-03-18,247.0,call,8.43,8.78,8.61,9.01,3769,583,1.64411,0.42842,2,239.85
2020-03-16,2020-03-18,247.0,put,11.94,12.36,12.15,13.19,8903,1944,1.12705,-0.6218,2,239.85
2020-03-16,2020-03-18,248.0,call,7.94,8.25,8.1,8.01,4422,988,1.62459,0.41386,2,239.85
2020-03-16,2020-03-18,248.0,put,12.45,12.87,12.66,13.35,6598,1665,1.09778,-0.64446,2,239.85
2020-03-16,2020-03-18,249.0,call,7.5,7.8,7.65,7.5,4053,609,1.61484,0.40001,2,239.85
2020-03-16,2020-03-18,249.0,put,12.97,13.39,13.18,14.84,2805,1716,1.07827,-0.66603,2,239.85
2020-03-16,2020-03-18,250.0,call,7.03,7.33,7.18,7.0,17177,964,1.59533,0.38521,2,239.85
2020-03-16,2020-03-18,250.0,put,13.49,13.92,13.71,13.36,14751,7600,1.049,-0.68962,2,239.85
2020-03-16,2020-03-18,251.0,call,6.57,6.87,6.72,6.55,3225,1441,1.57582,0.37028,2,239.85
2020-03-16,2020-03-18,251.0,put,14.06,14.47,14.27,14.12,2631,2088,1.01973,-0.71364,2,239.85
2020-03-16,2020-03-18,252.0,call,6.16,6.42,6.29,5.77,5035,1094,1.56606,0.35637,2,239.85
2020-03-16,2020-03-18,252.0,put,14.63,15.03,14.83,17.92,2255,3273,0.99046,-0.73799,2,239.85
2020-03-16,2020-03-18,253.0,call,5.73,5.99,5.86,5.8,2861,1481,1.54655,0.34131,2,239.85
2020-03-16,2020-03-18,253.0,put,15.21,15.6,15.41,18.5,2839,2132,0.95144,-0.76499,2,239.85
2020-03-16,2020-03-18,254.0,call,5.34,5.57,5.46,5.34,3823,6684,1.52704,0.32619,2,239.85
2020-03-16,2020-03-18,254.0,put,15.79,16.17,15.98,16.18,1365,7797,0.91242,-0.79238,2,239.85
2020-03-16,2020-03-18,255.0,call,4.94,5.17,5.05,5.0,8313,2442,1.50752,0.31102,2,239.85
2020-03-16,2020-03-18,255.0,put,16.39,16.78,16.59,16.73,5227,5606,0.86364,-0.82275,2,239.85
2020-03-16,2020-03-18,256.0,call,4.55,4.78,4.67,4.65,5862,1426,1.48801,0.29584,2,239.85
2020-03-16,2020-03-18,256.0,put,17.02,17.4,17.21,16.57,1470,2004,0.81486,-0.85313,2,239.85
2020-03-16,2020-03-18,257.0,call,4.22,4.4,4.31,4.23,2954,2059,1.4685,0.28067,2,239.85
2020-03-16,2020-03-18,257.0,put,17.65,18.04,17.84,20.83,782,2484,0.74657,-0.88911,2,239.85
2020-03-16,2020-03-18,258.0,call,3.91,4.05,3.98,3.54,2859,2248,1.45875,0.26716,2,239.85
2020-03-16,2020-03-18,258.0,put,18.32,18.7,18.51,19.62,1915,2317,0.65876,-0.92939,2,239.85
2020-03-16,2020-03-18,259.0,call,3.54,3.71,3.62,4.0,2665,1331,1.42948,0.25051,2,239.85
2020-03-16,2020-03-18,259.0,put,18.98,19.35,19.16,19.38,577,1383,0.40511,-0.99455,2,239.85
2020-03-16,2020-03-18,260.0,call,3.26,3.39,3.33,3.27,23583,3172,1.41972,0.23733,2,239.85
2020-03-16,2020-03-18,260.0,put,19.66,20.04,19.85,20.21,3773,8009,0.01488,-1.0,2,239.85
2020-03-16,2020-03-18,261.0,call,2.95,3.09,3.02,3.33,1712,3973,1.40021,0.22262,2,239.85
2020-03-16,2020-03-18,261.0,put,20.37,20.74,20.55,24.1,276,1406,0.01488,-1.0,2,239.85
2020-03-16,2020-03-18,262.0,call,2.67,2.79,2.73,2.74,3189,2714,1.3807,0.2081,2,239.85
2020-03-16,2020-03-18,262.0,put,21.09,21.46,21.27,20.98,365,669,0.01488,-1.0,2,239.85
2020-03-16,2020-03-18,263.0,call,2.44,2.53,2.48,2.43,2518,3024,1.36119,0.19381,2,239.85
2020-03-16,2020-03-18,263.0,put,21.83,22.19,22.01,23.11,191,1227,0.01488,-1.0,2,239.85
2020-03-16,2020-03-18,264.0,call,2.17,2.27,2.22,2.23,1689,2403,1.34167,0.17979,2,239.85
2020-03-16,2020-03-18,264.0,put,22.57,22.94,22.76,26.11,286,1308,0.01488,-1.0,2,239.85
2020-03-16,2020-03-18,265.0,call,1.95,2.04,2.0,2.02,6173,3668,1.32216,0.16608,2,239.85
2020-03-16,2020-03-18,265.0,put,23.33,23.7,23.52,23.52,825,4061,0.01488,-1.0,2,239.85
2020-03-16,2020-03-18,266.0,call,1.75,1.82,1.79,1.8,3291,2182,1.31241,0.1547,2,239.85
2020-03-16,2020-03-18,266.0,put,24.12,24.49,24.3,28.0,432,1449,0.01488,-1.0,2,239.85
2020-03-16,2020-03-18,267.0,call,1.53,1.63,1.58,1.56,2171,1684,1.2929,0.14175,2,239.85
2020-03-16,2020-03-18,267.0,put,24.92,25.31,25.12,26.06,222,1328,0.01488,-1.0,2,239.85
2020-03-16,2020-03-18,268.0,call,1.36,1.45,1.41,1.41,2886,1593,1.27338,0.12923,2,239.85
2020-03-16,2020-03-18,268.0,put,25.75,26.13,25.94,29.78,504,1450,0.01488,-1.0,2,239.85
2020-03-16,2020-03-18,269.0,call,1.19,1.29,1.24,1.21,2697,2891,1.25387,0.11718,2,239.85
2020-03-16,2020-03-18,269.0,put,26.58,26.96,26.77,28.14,390,1704,0.01488,-1.0,2,239.85
2020-03-16,2020-03-18,270.0,call,1.05,1.1,1.08,1.09,16655,6721,1.23436,0.10564,2,239.85
2020-03-16,2020-03-18,270.0,put,27.4,27.81,27.6,28.98,650,3377,0.01488,-1.0,2,239.85
2020-03-16,2020-03-18,271.0,call,0.92,1.0,0.96,0.79,2488,4103,1.2246,0.09654,2,239.85
2020-03-16,2020-03-18,271.0,put,28.28,28.69,28.48,32.28,119,1291,0.01488,-1.0,2,239.85
2020-03-16,2020-03-18,272.0,call,0.83,0.88,0.85,0.77,2782,3580,1.21485,0.08792,2,239.85
2020-03-16,2020-03-18,272.0,put,29.06,29.58,29.32,28.74,128,724,0.01488,-1.0,2,239.85
2020-03-16,2020-03-18,273.0,call,0.7,0.77,0.73,0.6,2049,2378,1.19534,0.07799,2,239.85
2020-03-16,2020-03-18,273.0,put,30.05,30.47,30.26,33.76,170,2503,0.01488,-1.0,2,239.85
2020-03-16,2020-03-18,274.0,call,0.6,0.68,0.64,0.57,3807,4426,1.18558,0.07041,2,239.85
2020-03-16,2020-03-18,274.0,put,30.77,31.57,31.17,31.0,90,2802,0.01488,-1.0,2,239.85
2020-03-16,2020-03-18,275.0,call,0.52,0.6,0.56,0.54,17501,4985,1.17583,0.06331,2,239.85
2020-03-16,2020-03-18,275.0,put,31.71,32.3,32.0,35.0,226,3709,0.01488,-1.0,2,239.85
2020-03-16,2020-03-18,276.0,call,0.45,0.53,0.49,0.45,6792,9070,1.16607,0.0567,2,239.85
2020-03-16,2020-03-18,276.0,put,32.65,33.33,32.99,36.42,161,1780,0.01488,-1.0,2,239.85
2020-03-16,2020-03-18,277.0,call,0.39,0.47,0.43,0.36,2260,4236,1.15631,0.05056,2,239.85
2020-03-16,2020-03-18,277.0,put,33.67,34.49,34.08,35.12,88,2502,0.01488,-1.0,2,239.85
2020-03-16,2020-03-18,278.0,call,0.33,0.41,0.37,0.38,4891,8167,1.14656,0.04489,2,239.85
2020-03-16,2020-03-18,278.0,put,34.55,35.15,34.85,35.56,110,3396,0.01488,-1.0,2,239.85
2020-03-16,2020-03-18,279.0,call,0.29,0.36,0.32,0.3,3616,4762,1.1368,0.03967,2,239.85
2020-03-16,2020-03-18,279.0,put,35.54,36.22,35.88,36.47,48,2152,0.01488,-1.0,2,239.85
2020-03-16,2020-03-18,280.0,call,0.25,0.32,0.29,0.32,10973,8252,1.14656,0.03745,2,239.85
2020-03-16,2020-03-18,280.0,put,36.6,37.13,36.87,37.21,231,3777,0.01488,-1.0,2,239.85
2020-03-16,2020-03-18,281.0,call,0.22,0.28,0.25,0.23,1950,0,1.1368,0.03293,2,239.85
2020-03-16,2020-03-18,281.0,put,37.53,38.06,37.8,35.7,111,1773,0.01488,-1.0,2,239.85
2020-03-16,2020-03-18,282.0,call,0.2,0.24,0.22,0.23,3687,3389,1.12705,0.02881,2,239.85
2020-03-16,2020-03-18,282.0,put,38.34,39.33,38.84,38.6,117,1576,0.01488,-1.0,2,239.85
2020-03-16,2020-03-18,283.0,call,0.17,0.21,0.19,0.19,2935,3210,1.12705,0.02612,2,239.85
2020-03-16,2020-03-18,283.0,put,39.36,40.09,39.73,43.62,22,1583,0.01488,-1.0,2,239.85
2020-03-16,2020-03-18,284.0,call,0.14,0.16,0.15,0.17,5128,8967,1.10753,0.0217,2,239.85
2020-03-16,2020-03-18,284.0,put,40.32,40.94,40.63,42.55,13,2058,0.01488,-1.0,2,239.85
2020-03-16,2020-03-18,285.0,call,0.14,0.16,0.15,0.14,11013,5931,1.12705,0.02141,2,239.85
2020-03-16,2020-03-18,285.0,put,41.2,42.57,41.89,44.0,176,2226,0.01488,-1.0,2,239.85
2020-03-16,2020-03-18,286.0,call,0.11,0.14,0.12,0.1,6218,7210,1.10753,0.01763,2,239.85
2020-03-16,2020-03-18,286.0,put,42.22,43.32,42.77,41.03,45,2876,0.01488,-1.0,2,239.85
2020-03-16,2020-03-18,287.0,call,0.1,0.12,0.11,0.12,2207,5016,1.10753,0.01586,2,239.85
2020-03-16,2020-03-18,287.0,put,43.4,43.89,43.64,35.98,4,1232,0.01488,-1.0,2,239.85
2020-03-16,2020-03-18,288.0,call,0.08,0.11,0.1,0.06,4303,6704,1.11729,0.01498,2,239.85
2020-03-16,2020-03-18,288.0,put,44.41,45.05,44.73,42.24,3,1713,0.01488,-1.0,2,239.85
2020-03-16,2020-03-18,289.0,call,0.07,0.1,0.09,0.06,1786,5465,1.11729,0.01347,2,239.85
2020-03-16,2020-03-18,289.0,put,45.23,45.85,45.54,41.96,3,2091,0.01488,-1.0,2,239.85
2020-03-16,2020-03-18,290.0,call,0.06,0.07,0.07,0.07,6727,8137,1.09778,0.01085,2,239.85
2020-03-16,2020-03-18,290.0,put,46.21,46.95,46.58,51.0,329,3432,0.01488,-1.0,2,239.85
2020-03-16,2020-03-18,291.0,call,0.06,0.07,0.07,0.07,2353,4027,1.11729,0.01084,2,239.85
2020-03-16,2020-03-18,291.0,put,47.37,47.98,47.67,48.38,5,1060,0.01488,-1.0,2,239.85
2020-03-16,2020-03-18,292.0,call,0.05,0.07,0.06,0.06,1200,2247,1.10753,0.00917,2,239.85
2020-03-16,2020-03-18,292.0,put,48.34,48.97,48.66,49.74,75,1958,0.01488,-1.0,2,239.85
2020-03-16,2020-03-18,293.0,call,0.04,0.06,0.05,0.05,1295,4499,1.09778,0.00771,2,239.85
2020-03-16,2020-03-18,293.0,put,49.19,49.99,49.59,44.67,13,3590,0.01488,-1.0,2,239.85
2020-03-16,2020-03-18,294.0,call,0.04,0.05,0.04,0.04,380,3057,1.08802,0.00644,2,239.85
2020-03-16,2020-03-18,294.0,put,50.08,51.26,50.67,44.38,9,1787,0.01488,-1.0,2,239.85
2020-03-16,2020-03-18,295.0,call,0.03,0.04,0.04,0.04,2128,3484,1.10753,0.00651,2,239.85
2020-03-16,2020-03-18,295.0,put,51.16,51.81,51.48,52.68,174,3097,0.01488,-1.0,2,239.85
2020-03-16,2020-03-18,296.0,call,0.03,0.04,0.04,0.04,679,2351,1.11729,0.00618,2,239.85
2020-03-16,2020-03-18,296.0,put,52.09,52.96,52.53,53.56,2,1723,0.01488,-1.0,2,239.85
2020-03-16,2020-03-18,297.0,call,0.03,0.05,0.04,0.05,318,1640,1.1368,0.00625,2,239.85
2020-03-16,2020-03-18,297.0,put,53.16,54.15,53.66,41.58,19,814,0.01488,-1.0,2,239.85
2020-03-16,2020-03-18,298.0,call,0.02,0.05,0.04,0.04,520,1495,1.15631,0.00633,2,239.85
2020-03-16,2020-03-18,298.0,put,54.15,55.07,54.61,41.21,0,1645,0.01488,-1.0,2,239.85
2020-03-16,2020-03-18,299.0,call,0.03,0.04,0.04,0.04,376,2423,1.16607,0.00603,2,239.85
2020-03-16,2020-03-18,299.0,put,55.28,56.01,55.64,52.88,13,1735,0.01488,-1.0,2,239.85
2020-03-16,2020-03-18,300.0,call,0.01,0.03,0.02,0.03,9919,13886,1.09778,0.00333,2,239.85
2020-03-16,2020-03-18,300.0,put,56.08,56.95,56.52,60.0,575,3683,0.01488,-1.0,2,239.85
2020-03-16,2020-03-18,301.0,call,0.01,0.04,0.03,0.03,392,2637,1.16607,0.00483,2,239.85
2020-03-16,2020-03-18,301.0,put,57.17,58.18,57.67,55.48,5,1165,0.01488,-1.0,2,239.85
2020-03-16,2020-03-18,302.0,call,0.01,0.04,0.03,0.04,145,1922,1.17583,0.00461,2,239.85
2020-03-16,2020-03-18,302.0,put,57.57,59.66,58.61,53.88,61,2086,0.01488,-1.0,2,239.85
2020-03-16,2020-03-18,303.0,call,0.03,0.04,0.04,0.03,109,2015,1.23436,0.006,2,239.85
2020-03-16,2020-03-18,303.0,put,58.57,60.66,59.61,57.0,9,2034,0.01488,-1.0,2,239.85
2020-03-16,2020-03-18,304.0,call,0.01,0.04,0.03,0.02,32,2065,1.20509,0.0045,2,239.85
2020-03-16,2020-03-18,304.0,put,59.57,61.66,60.61,49.0,9,1389,0.01488,-1.0,2,239.85
2020-03-16,2020-03-18,305.0,call,0.01,0.02,0.01,0.02,314,2854,1.09778,0.00177,2,239.85
2020-03-16,2020-03-18,305.0,put,60.93,62.19,61.56,58.0,101,1350,0.01488,-1.0,2,239.85
2020-03-16,2020-03-18,306.0,call,0.01,0.02,0.01,0.01,45,1521,1.11729,0.00185,2,239.85
2020-03-16,2020-03-18,306.0,put,61.57,63.65,62.61,67.0,1,2161,0.01488,-1.0,2,239.85
2020-03-16,2020-03-18,307.0,call,0.01,0.04,0.03,0.04,120,1848,1.25387,0.00449,2,239.85
2020-03-16,2020-03-18,307.0,put,62.57,64.65,63.61,55.84,11,1547,0.01488,-1.0,2,239.85
2020-03-16,2020-03-18,308.0,call,0.01,0.02,0.01,0.02,522,2698,1.1368,0.0017,2,239.85
2020-03-16,2020-03-18,308.0,put,63.57,65.65,64.61,59.37,100,852,0.01488,-1.0,2,239.85
2020-03-16,2020-03-18,309.0,call,0.01,0.02,0.01,0.01,301,5727,1.15631,0.00177,2,239.85
2020-03-16,2020-03-18,309.0,put,64.57,66.65,65.61,57.0,5,1717,0.01488,-1.0,2,239.85
2020-03-16,2020-03-18,310.0,call,0.01,0.02,0.01,0.02,428,7026,1.16607,0.0017,2,239.85
2020-03-16,2020-03-18,310.0,put,65.57,67.65,66.61,65.74,236,1050,0.01488,-1.0,2,239.85
2020-03-16,2020-03-18,311.0,put,66.92,68.18,67.55,63.65,103,1531,0.01488,-1.0,2,239.85
2020-03-16,2020-03-18,312.0,call,0.01,0.02,0.01,0.03,104,4362,1.19534,0.00171,2,239.85
2020-03-16,2020-03-18,312.0,put,67.57,69.65,68.61,63.36,104,1025,0.01488,-1.0,2,239.85
2020-03-16,2020-03-18,313.0,call,0.01,0.02,0.01,0.02,52,2011,1.20509,0.00165,2,239.85
2020-03-16,2020-03-18,313.0,put,68.94,70.18,69.56,60.46,5,786,0.01488,-1.0,2,239.85
2020-03-16,2020-03-18,314.0,put,69.92,71.18,70.55,66.63,11,753,0.01488,-1.0,2,239.85
2020-03-16,2020-03-18,315.0,call,0.01,0.02,0.01,0.02,66,2145,1.23436,0.00166,2,239.85
2020-03-16,2020-03-18,315.0,put,70.92,72.17,71.55,58.31,0,665,0.01488,-1.0,2,239.85
2020-03-16,2020-03-18,316.0,put,71.57,73.65,72.61,68.12,18,650,0.01488,-1.0,2,239.85
2020-03-16,2020-03-18,317.0,put,72.57,74.65,73.61,64.2,0,568,0.01488,-1.0,2,239.85
2020-03-16,2020-03-18,318.0,put,73.57,75.65,74.61,65.06,0,545,0.01488,-1.0,2,239.85
2020-03-16,2020-03-18,319.0,call,0.01,0.02,0.01,0.01,27,8181,1.28314,0.00156,2,239.85
2020-03-16,2020-03-18,319.0,put,74.57,76.65,75.61,62.31,0,503,0.01488,-1.0,2,239.85
2020-03-16,2020-03-18,320.0,put,75.57,77.65,76.61,77.24,10,1369,0.01488,-1.0,2,239.85
2020-03-16,2020-03-18,321.0,put,76.91,78.17,77.54,78.24,23,431,0.01488,-1.0,2,239.85
2020-03-16,2020-03-18,322.0,put,77.57,79.65,78.61,79.24,10,984,0.01488,-1.0,2,239.85
2020-03-16,2020-03-18,323.0,put,78.57,80.65,79.61,77.1,9,844,0.01488,-1.0,2,239.85
2020-03-16,2020-03-18,324.0,put,79.57,81.65,80.61,65.22,0,421,0.01488,-1.0,2,239.85
2020-03-16,2020-03-18,325.0,put,80.91,82.17,81.54,57.03,0,850,0.01488,-1.0,2,239.85
2020-03-16,2020-03-18,326.0,put,81.91,83.16,82.53,78.14,54,1035,0.01488,-1.0,2,239.85
2020-03-16,2020-03-18,327.0,put,82.91,84.16,83.53,79.14,58,1276,0.01488,-1.0,2,239.85
2020-03-16,2020-03-18,328.0,put,83.91,85.16,84.53,74.0,0,1784,0.01488,-1.0,2,239.85
2020-03-16,2020-03-18,329.0,put,84.57,86.65,85.61,73.2,0,519,0.01488,-1.0,2,239.85
2020-03-16,2020-03-18,330.0,put,85.57,87.65,86.61,90.31,1,2864,0.01488,-1.0,2,239.85
2020-03-16,2020-03-18,331.0,put,86.9,88.16,87.53,73.74,0,908,0.01488,-1.0,2,239.85
2020-03-16,2020-03-18,332.0,put,87.91,89.16,88.53,55.87,0,687,0.01488,-1.0,2,239.85
2020-03-16,2020-03-18,333.0,put,88.91,90.16,89.53,76.26,0,413,0.01488,-1.0,2,239.85
2020-03-16,2020-03-18,334.0,put,89.91,91.16,90.53,77.28,0,677,0.01488,-1.0,2,239.85
2020-03-16,2020-03-18,335.0,put,90.57,92.65,91.61,86.81,28,874,0.01488,-1.0,2,239.85
2020-03-16,2020-03-18,336.0,put,91.91,93.16,92.53,84.83,1,395,0.01488,-1.0,2,239.85
2020-03-16,2020-03-18,337.0,put,92.57,94.65,93.61,82.0,0,111,0.01488,-1.0,2,239.85
2020-03-16,2020-03-18,338.0,put,93.57,95.65,94.61,60.66,0,31,0.01488,-1.0,2,239.85
2020-03-16,2020-03-18,339.0,put,94.57,96.65,95.61,94.19,21,43,0.01488,-1.0,2,239.85
2020-03-16,2020-03-18,340.0,put,95.91,97.16,96.53,95.0,2,3,0.01488,-1.0,2,239.85
2020-03-16,2020-03-18,341.0,put,96.57,98.65,97.61,39.4,0,0,0.01488,-1.0,2,239.85
2020-03-16,2020-03-18,342.0,put,97.57,99.65,98.61,97.19,10,0,0.01488,-1.0,2,239.85
2020-03-16,2020-03-18,343.0,put,98.91,100.16,99.53,24.34,0,0,0.01488,-1.0,2,239.85
2020-03-16,2020-03-18,344.0,put,99.91,101.16,100.53,35.5,0,0,0.01488,-1.0,2,239.85
2020-03-16,2020-03-18,345.0,put,100.91,102.16,101.53,28.7,0,0,0.01488,-1.0,2,239.85
2020-03-16,2020-03-18,346.0,put,101.65,103.72,102.69,29.04,0,0,0.01488,-1.0,2,239.85
2020-03-16,2020-03-18,347.0,put,102.65,104.72,103.69,30.44,0,0,0.01488,-1.0,2,239.85
2020-03-16,2020-03-18,348.0,put,103.65,105.72,104.69,44.98,0,0,0.01488,-1.0,2,239.85
2020-03-16,2020-03-18,349.0,put,104.65,106.72,105.69,102.83,0,2,0.01488,-1.0,2,239.85
2020-03-16,2020-03-18,350.0,put,105.91,107.16,106.53,89.0,0,96,0.01488,-1.0,2,239.85
2020-03-16,2020-03-18,351.0,put,106.65,108.72,107.69,27.59,0,0,0.01488,-1.0,2,239.85
2020-03-16,2020-03-18,352.0,put,107.65,109.72,108.69,106.06,0,2,0.01488,-1.0,2,239.85
2020-03-16,2020-03-18,353.0,put,108.65,110.72,109.69,106.83,0,2,0.01488,-1.0,2,239.85
2020-03-16,2020-03-18,354.0,put,109.65,111.72,110.69,107.82,0,1,0.01488,-1.0,2,239.85
2020-03-16,2020-03-18,355.0,put,110.65,112.72,111.69,108.82,0,1,0.01488,-1.0,2,239.85
2020-03-16,2020-03-18,356.0,put,111.65,113.72,112.69,0.0,0,0,0.01488,-1.0,2,239.85
2020-03-16,2020-03-18,357.0,put,112.65,114.72,113.69,112.19,10,0,0.01488,-1.0,2,239.85
2020-03-16,2020-03-18,358.0,put,113.65,115.72,114.69,20.0,0,0,0.01488,-1.0,2,239.85
2020-03-16,2020-03-18,359.0,put,114.65,116.72,115.69,0.0,0,0,0.01488,-1.0,2,239.85
2020-03-16,2020-03-18,360.0,put,115.91,117.16,116.53,57.89,0,0,0.01488,-1.0,2,239.85
2020-03-16,2020-03-18,361.0,put,116.65,118.72,117.69,114.74,0,124,0.01488,-1.0,2,239.85
2020-03-16,2020-03-18,362.0,put,117.65,119.72,118.69,0.0,0,0,0.01488,-1.0,2,239.85
2020-03-16,2020-03-18,363.0,put,118.65,120.72,119.69,61.23,0,0,0.01488,-1.0,2,239.85
2020-03-16,2020-03-18,364.0,put,119.65,121.72,120.69,0.0,0,0,0.01488,-1.0,2,239.85
2020-03-16,2020-03-18,365.0,put,120.65,122.72,121.69,62.97,0,0,0.01488,-1.0,2,239.85
2020-03-16,2020-03-18,366.0,put,121.65,123.72,122.69,0.0,0,0,0.01488,-1.0,2,239.85
2020-03-16,2020-03-18,367.0,put,122.65,124.72,123.69,64.88,0,0,0.01488,-1.0,2,239.85
2020-03-16,2020-03-18,368.0,put,123.65,125.72,124.69,116.13,99,0,0.01488,-1.0,2,239.85
2020-03-16,2020-03-18,369.0,put,124.65,126.72,125.69,117.0,4,0,0.01488,-1.0,2,239.85
2020-03-16,2020-03-18,370.0,put,125.65,127.72,126.69,118.13,99,0,0.01488,-1.0,2,239.85
2020-03-16,2020-03-18,371.0,put,126.65,128.72,127.69,76.0,0,1,0.01488,-1.0,2,239.85
2020-03-16,2020-03-20,50.0,call,192.85,194.11,193.48,202.86,0,2,9.99512,0.9784,4,239.85
2020-03-16,2020-03-20,55.0,call,186.82,190.06,188.44,198.45,0,2,9.77074,0.97449,4,239.85
2020-03-16,2020-03-20,60.0,call,182.85,184.11,183.48,192.86,0,2,9.23417,0.97237,4,239.85
2020-03-16,2020-03-20,65.0,call,176.82,180.06,178.44,187.86,0,2,8.69759,0.97057,4,239.85
2020-03-16,2020-03-20,70.0,call,172.85,174.11,173.48,182.86,0,18,8.24882,0.96841,4,239.85
2020-03-16,2020-03-20,75.0,call,166.82,170.06,168.44,177.86,0,2,7.80005,0.96653,4,239.85
2020-03-16,2020-03-20,80.0,call,162.85,164.11,163.48,171.99,0,2,7.41958,0.96423,4,239.85
2020-03-16,2020-03-20,85.0,call,156.82,160.06,158.44,166.99,0,2,7.02934,0.96227,4,239.85
2020-03-16,2020-03-20,90.0,call,151.82,155.06,153.44,161.99,0,13,6.67813,0.96009,4,239.85
2020-03-16,2020-03-20,90.0,put,0.01,0.02,0.01,0.01,1771,13300,2.9709,-0.00047,4,239.85
2020-03-16,2020-03-20,95.0,call,146.82,150.06,148.44,157.0,0,1,6.34643,0.95785,4,239.85
2020-03-16,2020-03-20,95.0,put,0.01,0.02,0.01,0.01,520,0,2.81481,-0.0005,4,239.85
2020-03-16,2020-03-20,100.0,call,141.82,145.06,143.44,147.19,2,19,6.03424,0.95551,4,239.85
2020-03-16,2020-03-20,100.0,put,0.01,0.02,0.01,0.01,4510,21955,2.66847,-0.00053,4,239.85
2020-03-16,2020-03-20,105.0,call,136.82,140.06,138.44,142.19,2,32,5.74157,0.95302,4,239.85
2020-03-16,2020-03-20,105.0,put,0.01,0.02,0.01,0.01,951,8678,2.52213,-0.00056,4,239.85
2020-03-16,2020-03-20,110.0,call,131.82,135.06,133.44,144.74,0,2,5.45865,0.95052,4,239.85
2020-03-16,2020-03-20,110.0,put,0.02,0.03,0.03,0.03,774,9311,2.62945,-0.00149,4,239.85
2020-03-16,2020-03-20,115.0,call,126.82,130.06,128.44,139.74,0,2,5.19524,0.94777,4,239.85
2020-03-16,2020-03-20,115.0,put,0.02,0.03,0.03,0.03,882,18747,2.48311,-0.00155,4,239.85
2020-03-16,2020-03-20,120.0,call,121.82,125.06,123.44,134.74,0,2,4.94159,0.94491,4,239.85
2020-03-16,2020-03-20,120.0,put,0.03,0.04,0.04,0.04,1604,13345,2.41482,-0.00208,4,239.85
2020-03-16,2020-03-20,125.0,call,116.82,120.06,118.44,126.9,1,2,4.69769,0.94192,4,239.85
2020-03-16,2020-03-20,125.0,put,0.03,0.04,0.04,0.04,1133,10572,2.28799,-0.00225,4,239.85
2020-03-16,2020-03-20,129.0,call,112.82,116.06,114.44,0.0,0,0,4.50257,0.93961,4,239.85
2020-03-16,2020-03-20,129.0,put,0.03,0.05,0.04,0.05,135,21,2.18068,-0.00232,4,239.85
2020-03-16,2020-03-20,130.0,call,111.83,115.06,113.44,124.75,0,1,4.45379,0.93905,4,239.85
2020-03-16,2020-03-20,130.0,put,0.04,0.05,0.04,0.05,1518,8811,2.15141,-0.00231,4,239.85
2020-03-16,2020-03-20,131.0,call,110.83,114.06,112.44,0.0,0,0,4.41477,0.9382,4,239.85
2020-03-16,2020-03-20,131.0,put,0.04,0.07,0.06,0.05,15,14,2.2197,-0.00327,4,239.85
2020-03-16,2020-03-20,132.0,call,109.83,113.06,111.44,0.0,0,0,4.36599,0.93764,4,239.85
2020-03-16,2020-03-20,132.0,put,0.04,0.07,0.06,0.05,45,0,2.20019,-0.00338,4,239.85
2020-03-16,2020-03-20,133.0,call,108.83,112.06,110.44,0.0,0,0,4.31721,0.93709,4,239.85
2020-03-16,2020-03-20,133.0,put,0.04,0.07,0.06,0.07,2327,4,2.17092,-0.00338,4,239.85
2020-03-16,2020-03-20,134.0,call,107.83,111.06,109.44,0.0,0,0,4.27819,0.93623,4,239.85
2020-03-16,2020-03-20,134.0,put,0.04,0.07,0.06,0.05,20,6,2.14166,-0.00338,4,239.85
2020-03-16,2020-03-20,135.0,call,106.83,110.06,108.44,105.12,1,2,4.22941,0.93569,4,239.85
2020-03-16,2020-03-20,135.0,put,0.04,0.07,0.06,0.07,2078,10534,2.12214,-0.00348,4,239.85
2020-03-16,2020-03-20,136.0,call,105.84,109.07,107.45,0.0,0,0,4.19039,0.93483,4,239.85
2020-03-16,2020-03-20,136.0,put,0.06,0.08,0.07,0.05,4,6,2.1319,-0.00398,4,239.85
2020-03-16,2020-03-20,137.0,call,104.84,108.07,106.45,0.0,0,0,4.14161,0.93429,4,239.85
2020-03-16,2020-03-20,137.0,put,0.05,0.08,0.07,0.07,124,5,2.10263,-0.00397,4,239.85
2020-03-16,2020-03-20,138.0,call,103.84,107.07,105.45,0.0,0,0,4.10258,0.93343,4,239.85
2020-03-16,2020-03-20,138.0,put,0.07,0.08,0.08,0.09,41,5,2.11239,-0.00452,4,239.85
2020-03-16,2020-03-20,139.0,call,102.84,106.07,104.45,0.0,0,0,4.0538,0.9329,4,239.85
2020-03-16,2020-03-20,139.0,put,0.07,0.09,0.08,0.1,40,77,2.08312,-0.00452,4,239.85
2020-03-16,2020-03-20,140.0,call,101.85,105.07,103.46,107.0,6,2,4.01478,0.93204,4,239.85
2020-03-16,2020-03-20,140.0,put,0.06,0.08,0.07,0.1,3382,11921,2.03434,-0.00421,4,239.85
2020-03-16,2020-03-20,141.0,call,100.85,104.07,102.46,0.0,0,0,3.97576,0.93118,4,239.85
2020-03-16,2020-03-20,141.0,put,0.06,0.09,0.07,0.1,16,14,2.00507,-0.00419,4,239.85
2020-03-16,2020-03-20,142.0,call,99.85,103.07,101.46,0.0,0,0,3.93673,0.9303,4,239.85
2020-03-16,2020-03-20,142.0,put,0.07,0.1,0.09,0.09,42,13,2.03434,-0.00511,4,239.85
2020-03-16,2020-03-20,143.0,call,98.86,102.07,100.47,0.0,0,0,3.89771,0.92943,4,239.85
2020-03-16,2020-03-20,143.0,put,0.07,0.1,0.09,0.13,114,3,2.01483,-0.00527,4,239.85
2020-03-16,2020-03-20,144.0,call,97.86,101.08,99.47,0.0,0,0,3.84893,0.92892,4,239.85
2020-03-16,2020-03-20,144.0,put,0.08,0.11,0.1,0.11,76,15,2.01483,-0.00579,4,239.85
2020-03-16,2020-03-20,145.0,call,96.86,100.08,98.47,109.77,0,9,3.80991,0.92804,4,239.85
2020-03-16,2020-03-20,145.0,put,0.09,0.12,0.1,0.13,1349,5802,1.98556,-0.00578,4,239.85
2020-03-16,2020-03-20,146.0,call,95.87,99.08,97.47,0.0,0,0,3.77088,0.92716,4,239.85
2020-03-16,2020-03-20,146.0,put,0.09,0.12,0.1,0.12,49,38,1.96605,-0.00595,4,239.85
2020-03-16,2020-03-20,147.0,call,94.87,98.08,96.47,0.0,0,0,3.7221,0.92666,4,239.85
2020-03-16,2020-03-20,147.0,put,0.1,0.13,0.12,0.16,76,10,1.98556,-0.00696,4,239.85
2020-03-16,2020-03-20,148.0,call,94.9,96.19,95.55,0.0,0,0,3.70259,0.92499,4,239.85
2020-03-16,2020-03-20,148.0,put,0.11,0.14,0.12,0.17,42,10,1.95629,-0.00695,4,239.85
2020-03-16,2020-03-20,149.0,call,93.78,95.31,94.55,0.0,0,0,3.66357,0.92409,4,239.85
2020-03-16,2020-03-20,149.0,put,0.11,0.15,0.13,0.2,305,223,1.95629,-0.00761,4,239.85
2020-03-16,2020-03-20,150.0,call,93.21,93.83,93.52,98.0,2,13,3.61479,0.92359,4,239.85
2020-03-16,2020-03-20,150.0,put,0.13,0.15,0.14,0.15,20335,14667,1.94654,-0.00808,4,239.85
2020-03-16,2020-03-20,151.0,call,92.25,92.81,92.53,0.0,0,0,3.57577,0.92269,4,239.85
2020-03-16,2020-03-20,151.0,put,0.13,0.17,0.15,0.22,764,120,1.93678,-0.00857,4,239.85
2020-03-16,2020-03-20,152.0,call,91.26,91.93,91.59,0.0,0,0,3.55625,0.92094,4,239.85
2020-03-16,2020-03-20,152.0,put,0.14,0.18,0.16,0.24,182,95,1.92703,-0.00909,4,239.85
2020-03-16,2020-03-20,153.0,call,89.81,91.34,90.58,0.0,0,0,3.50748,0.92044,4,239.85
2020-03-16,2020-03-20,153.0,put,0.15,0.2,0.17,0.24,259,631,1.91727,-0.00963,4,239.85
2020-03-16,2020-03-20,154.0,call,89.06,90.11,89.59,0.0,0,0,3.47821,0.91909,4,239.85
2020-03-16,2020-03-20,154.0,put,0.17,0.21,0.19,0.19,730,184,1.92703,-0.0108,4,239.85
2020-03-16,2020-03-20,155.0,call,87.88,89.33,88.6,145.7,0,88,3.43918,0.91815,4,239.85
2020-03-16,2020-03-20,155.0,put,0.18,0.19,0.18,0.2,1738,3025,1.888,-0.0105,4,239.85
2020-03-16,2020-03-20,156.0,call,86.88,88.25,87.56,0.0,0,0,3.39041,0.91766,4,239.85
2020-03-16,2020-03-20,156.0,put,0.19,0.24,0.21,0.23,726,79,1.89776,-0.01177,4,239.85
2020-03-16,2020-03-20,157.0,call,85.87,87.4,86.64,0.0,0,0,3.37089,0.91581,4,239.85
2020-03-16,2020-03-20,157.0,put,0.21,0.25,0.23,0.31,1447,347,1.89776,-0.01279,4,239.85
2020-03-16,2020-03-20,158.0,call,84.98,86.27,85.62,0.0,0,0,3.32211,0.91531,4,239.85
2020-03-16,2020-03-20,158.0,put,0.22,0.27,0.24,0.31,371,20,1.888,-0.01352,4,239.85
2020-03-16,2020-03-20,159.0,call,84.32,84.87,84.59,0.0,0,0,3.27333,0.91483,4,239.85
2020-03-16,2020-03-20,159.0,put,0.24,0.28,0.26,0.32,1478,39,1.888,-0.01467,4,239.85
2020-03-16,2020-03-20,160.0,call,83.15,84.0,83.58,84.93,1,3,3.23431,0.91388,4,239.85
2020-03-16,2020-03-20,160.0,put,0.25,0.3,0.28,0.29,9917,14537,1.87825,-0.01549,4,239.85
2020-03-16,2020-03-20,161.0,call,81.94,83.31,82.62,0.0,0,0,3.20504,0.91243,4,239.85
2020-03-16,2020-03-20,161.0,put,0.27,0.32,0.3,0.41,1015,906,1.87825,-0.01676,4,239.85
2020-03-16,2020-03-20,162.0,call,81.37,81.9,81.64,0.0,0,0,3.17578,0.91096,4,239.85
2020-03-16,2020-03-20,162.0,put,0.29,0.34,0.32,0.33,717,127,1.86849,-0.01768,4,239.85
2020-03-16,2020-03-20,163.0,call,80.3,81.11,80.7,0.0,0,0,3.14651,0.90946,4,239.85
2020-03-16,2020-03-20,163.0,put,0.31,0.36,0.33,0.36,385,133,1.84898,-0.0182,4,239.85
2020-03-16,2020-03-20,164.0,call,79.39,79.94,79.66,0.0,0,0,3.10749,0.90846,4,239.85
2020-03-16,2020-03-20,164.0,put,0.33,0.38,0.35,0.41,1227,1462,1.83922,-0.01919,4,239.85
2020-03-16,2020-03-20,165.0,call,78.05,79.38,78.72,127.67,0,8,3.07822,0.90692,4,239.85
2020-03-16,2020-03-20,165.0,put,0.35,0.4,0.38,0.41,1548,5743,1.83922,-0.02071,4,239.85
2020-03-16,2020-03-20,166.0,call,77.06,78.39,77.72,0.0,0,0,3.03919,0.9059,4,239.85
2020-03-16,2020-03-20,166.0,put,0.38,0.43,0.41,0.42,363,853,1.83922,-0.02233,4,239.85
2020-03-16,2020-03-20,167.0,call,76.35,77.11,76.73,0.0,0,0,3.00993,0.90432,4,239.85
2020-03-16,2020-03-20,167.0,put,0.4,0.45,0.43,0.54,416,989,1.82947,-0.02351,4,239.85
2020-03-16,2020-03-20,168.0,call,75.38,76.17,75.78,0.0,0,0,2.98066,0.90272,4,239.85
2020-03-16,2020-03-20,168.0,put,0.42,0.47,0.44,0.56,361,1212,1.80996,-0.02419,4,239.85
2020-03-16,2020-03-20,169.0,call,74.5,75.21,74.85,0.0,0,0,2.96115,0.90052,4,239.85
2020-03-16,2020-03-20,169.0,put,0.45,0.5,0.47,0.66,387,375,1.8002,-0.02546,4,239.85
2020-03-16,2020-03-20,170.0,call,73.47,74.21,73.84,70.0,23,263,2.92212,0.89943,4,239.85
2020-03-16,2020-03-20,170.0,put,0.48,0.53,0.51,0.51,7124,20034,1.8002,-0.02737,4,239.85
2020-03-16,2020-03-20,171.0,call,72.47,73.05,72.76,0.0,0,0,2.86359,0.89949,4,239.85
2020-03-16,2020-03-20,171.0,put,0.5,0.55,0.53,0.56,759,653,1.79044,-0.02878,4,239.85
2020-03-16,2020-03-20,172.0,call,71.24,72.45,71.84,0.0,0,0,2.84408,0.89721,4,239.85
2020-03-16,2020-03-20,172.0,put,0.53,0.58,0.55,0.74,1134,879,1.77093,-0.02962,4,239.85
2020-03-16,2020-03-20,173.0,call,70.45,71.27,70.86,0.0,0,0,2.81481,0.89548,4,239.85
2020-03-16,2020-03-20,173.0,put,0.56,0.62,0.59,0.77,561,156,1.77093,-0.03178,4,239.85
2020-03-16,2020-03-20,174.0,call,69.53,70.33,69.93,0.0,0,0,2.78554,0.89372,4,239.85
2020-03-16,2020-03-20,174.0,put,0.59,0.65,0.62,0.64,555,250,1.76118,-0.03339,4,239.85
2020-03-16,2020-03-20,175.0,call,68.52,69.34,68.93,129.72,0,240,2.75627,0.89193,4,239.85
2020-03-16,2020-03-20,175.0,put,0.63,0.68,0.66,0.65,3376,14868,1.75142,-0.03506,4,239.85
2020-03-16,2020-03-20,176.0,call,67.53,68.34,67.94,0.0,0,0,2.71725,0.89074,4,239.85
2020-03-16,2020-03-20,176.0,put,0.66,0.72,0.69,0.84,949,77,1.74167,-0.03681,4,239.85
2020-03-16,2020-03-20,177.0,call,66.71,67.33,67.02,0.0,0,0,2.69774,0.88825,4,239.85
2020-03-16,2020-03-20,177.0,put,0.7,0.76,0.73,0.96,1869,768,1.73191,-0.03863,4,239.85
2020-03-16,2020-03-20,178.0,call,65.67,66.31,65.99,0.0,0,0,2.65872,0.88701,4,239.85
2020-03-16,2020-03-20,178.0,put,0.74,0.8,0.77,0.85,1467,292,1.73191,-0.04131,4,239.85
2020-03-16,2020-03-20,179.0,call,64.53,65.58,65.06,0.0,0,0,2.62945,0.88509,4,239.85
2020-03-16,2020-03-20,179.0,put,0.78,0.85,0.81,1.0,1435,215,1.72215,-0.04331,4,239.85
2020-03-16,2020-03-20,180.0,call,63.7,64.34,64.02,65.29,10,45,2.59042,0.88381,4,239.85
2020-03-16,2020-03-20,180.0,put,0.83,0.89,0.86,0.86,6963,11930,1.7124,-0.04541,4,239.85
2020-03-16,2020-03-20,181.0,call,62.81,63.33,63.07,0.0,0,0,2.56116,0.88182,4,239.85
2020-03-16,2020-03-20,181.0,put,0.86,0.94,0.9,1.08,652,68,1.70264,-0.04759,4,239.85
2020-03-16,2020-03-20,182.0,call,61.88,62.39,62.14,60.0,60,0,2.54165,0.8791,4,239.85
2020-03-16,2020-03-20,182.0,put,0.91,0.99,0.95,0.94,768,255,1.69289,-0.04986,4,239.85
2020-03-16,2020-03-20,183.0,call,60.81,61.58,61.2,0.0,0,0,2.51238,0.87702,4,239.85
2020-03-16,2020-03-20,183.0,put,0.96,1.04,1.0,1.29,1821,27,1.68313,-0.05223,4,239.85
2020-03-16,2020-03-20,184.0,call,59.84,60.61,60.23,0.0,0,0,2.48311,0.87489,4,239.85
2020-03-16,2020-03-20,184.0,put,1.01,1.1,1.06,0.96,255,94,1.68313,-0.05562,4,239.85
2020-03-16,2020-03-20,185.0,call,58.58,60.03,59.3,60.85,1,270,2.4636,0.87199,4,239.85
2020-03-16,2020-03-20,185.0,put,1.07,1.15,1.11,1.15,10712,20565,1.67337,-0.05821,4,239.85
2020-03-16,2020-03-20,186.0,call,57.96,58.71,58.34,0.0,0,0,2.43433,0.86977,4,239.85
2020-03-16,2020-03-20,186.0,put,1.13,1.22,1.17,1.54,862,132,1.66362,-0.0609,4,239.85
2020-03-16,2020-03-20,187.0,call,57.12,57.71,57.41,0.0,0,0,2.41482,0.86674,4,239.85
2020-03-16,2020-03-20,187.0,put,1.18,1.28,1.23,1.64,1367,56,1.65386,-0.06371,4,239.85
2020-03-16,2020-03-20,188.0,call,56.19,56.65,56.42,0.0,0,0,2.3758,0.86516,4,239.85
2020-03-16,2020-03-20,188.0,put,1.25,1.35,1.3,1.42,654,162,1.64411,-0.06663,4,239.85
2020-03-16,2020-03-20,189.0,call,54.8,56.17,55.48,0.0,0,0,2.35628,0.86201,4,239.85
2020-03-16,2020-03-20,189.0,put,1.32,1.42,1.37,1.86,559,133,1.63435,-0.06966,4,239.85
2020-03-16,2020-03-20,190.0,call,54.17,54.86,54.52,52.64,9,340,2.32702,0.85956,4,239.85
2020-03-16,2020-03-20,190.0,put,1.39,1.49,1.44,1.3,8621,13397,1.63435,-0.07388,4,239.85
2020-03-16,2020-03-20,190.5,call,53.7,54.29,54.0,85.93,0,90,2.29775,0.8595,4,239.85
2020-03-16,2020-03-20,190.5,put,1.42,1.53,1.48,1.77,1092,1954,1.62459,-0.07498,4,239.85
2020-03-16,2020-03-20,191.0,call,53.26,53.93,53.59,62.57,1,105,2.29775,0.85705,4,239.85
2020-03-16,2020-03-20,191.0,put,1.46,1.56,1.51,1.96,782,1655,1.62459,-0.07718,4,239.85
2020-03-16,2020-03-20,191.5,call,52.89,53.54,53.22,57.03,0,61,2.3075,0.8538,4,239.85
2020-03-16,2020-03-20,191.5,put,1.5,1.6,1.55,2.04,575,1932,1.61484,-0.07833,4,239.85
2020-03-16,2020-03-20,192.0,call,52.25,52.98,52.61,85.54,0,129,2.26848,0.85449,4,239.85
2020-03-16,2020-03-20,192.0,put,1.54,1.63,1.58,1.63,3421,1872,1.61484,-0.08061,4,239.85
2020-03-16,2020-03-20,192.5,call,51.87,52.45,52.16,84.19,0,68,2.25873,0.85277,4,239.85
2020-03-16,2020-03-20,192.5,put,1.58,1.68,1.63,2.02,2920,1144,1.61484,-0.08294,4,239.85
2020-03-16,2020-03-20,193.0,call,51.5,52.03,51.77,84.06,0,56,2.25873,0.85023,4,239.85
2020-03-16,2020-03-20,193.0,put,1.62,1.72,1.67,1.63,540,881,1.60508,-0.08417,4,239.85
2020-03-16,2020-03-20,193.5,call,50.79,51.78,51.28,83.58,0,51,2.23921,0.84929,4,239.85
2020-03-16,2020-03-20,193.5,put,1.66,1.77,1.71,1.89,635,2460,1.60508,-0.08657,4,239.85
2020-03-16,2020-03-20,194.0,call,50.57,51.03,50.8,82.53,0,118,2.22946,0.84751,4,239.85
2020-03-16,2020-03-20,194.0,put,1.7,1.81,1.75,2.0,1942,8016,1.59533,-0.08787,4,239.85
2020-03-16,2020-03-20,194.5,call,50.07,50.73,50.4,79.81,0,84,2.22946,0.8449,4,239.85
2020-03-16,2020-03-20,194.5,put,1.74,1.85,1.79,1.79,1728,7200,1.59533,-0.09035,4,239.85
2020-03-16,2020-03-20,195.0,call,49.16,50.73,49.94,49.96,71,33,2.2197,0.84308,4,239.85
2020-03-16,2020-03-20,195.0,put,1.78,1.9,1.84,1.86,4735,17772,1.58557,-0.0917,4,239.85
2020-03-16,2020-03-20,195.5,call,49.05,49.75,49.4,84.32,0,25,2.19043,0.84289,4,239.85
2020-03-16,2020-03-20,195.5,put,1.83,1.94,1.89,2.52,427,1118,1.58557,-0.09427,4,239.85
2020-03-16,2020-03-20,196.0,call,48.65,49.17,48.91,81.09,0,35,2.17092,0.84186,4,239.85
2020-03-16,2020-03-20,196.0,put,1.87,1.99,1.93,1.98,595,2425,1.58557,-0.09688,4,239.85
2020-03-16,2020-03-20,196.5,call,48.16,48.76,48.46,79.77,0,48,2.16117,0.83998,4,239.85
2020-03-16,2020-03-20,196.5,put,1.92,2.04,1.98,1.92,690,1763,1.57582,-0.09833,4,239.85
2020-03-16,2020-03-20,197.0,call,47.7,48.25,47.98,80.24,0,60,2.15141,0.83808,4,239.85
2020-03-16,2020-03-20,197.0,put,1.96,2.09,2.02,2.0,825,1139,1.57582,-0.10103,4,239.85
2020-03-16,2020-03-20,197.5,call,47.33,47.98,47.66,78.78,0,0,2.16117,0.83446,4,239.85
2020-03-16,2020-03-20,197.5,put,2.01,2.14,2.08,2.3,414,909,1.56606,-0.10255,4,239.85
2020-03-16,2020-03-20,198.0,call,46.76,47.52,47.14,62.25,0,50,2.14166,0.83335,4,239.85
2020-03-16,2020-03-20,198.0,put,2.06,2.19,2.12,2.36,652,1072,1.56606,-0.10533,4,239.85
2020-03-16,2020-03-20,198.5,call,46.33,46.99,46.66,76.83,0,50,2.12214,0.83222,4,239.85
2020-03-16,2020-03-20,198.5,put,2.11,2.24,2.17,2.18,608,1575,1.5563,-0.10692,4,239.85
2020-03-16,2020-03-20,199.0,call,45.38,47.07,46.23,134.12,0,44,2.11239,0.83021,4,239.85
2020-03-16,2020-03-20,199.0,put,2.17,2.29,2.23,2.2,2973,6897,1.5563,-0.10979,4,239.85
2020-03-16,2020-03-20,199.5,call,45.43,46.14,45.78,77.1,0,45,2.10263,0.82819,4,239.85
2020-03-16,2020-03-20,199.5,put,2.22,2.34,2.28,2.3,1871,1804,1.5563,-0.11271,4,239.85
2020-03-16,2020-03-20,200.0,call,44.95,45.7,45.33,44.48,38,97,2.09288,0.82613,4,239.85
2020-03-16,2020-03-20,200.0,put,2.27,2.39,2.33,2.3,46509,40315,1.54655,-0.11441,4,239.85
2020-03-16,2020-03-20,201.0,call,43.92,44.62,44.27,54.83,0,72,2.05385,0.82369,4,239.85
2020-03-16,2020-03-20,201.0,put,2.39,2.51,2.45,2.45,2513,1935,1.53679,-0.1192,4,239.85
2020-03-16,2020-03-20,202.0,call,43.08,43.72,43.4,72.81,0,34,2.03434,0.8194,4,239.85
2020-03-16,2020-03-20,202.0,put,2.5,2.62,2.56,2.57,3163,2757,1.53679,-0.12545,4,239.85
2020-03-16,2020-03-20,203.0,call,42.28,42.94,42.61,40.15,1,46,2.02458,0.81411,4,239.85
2020-03-16,2020-03-20,203.0,put,2.63,2.75,2.69,3.25,840,1144,1.52704,-0.1306,4,239.85
2020-03-16,2020-03-20,204.0,call,41.26,41.93,41.59,72.73,0,70,1.98556,0.81136,4,239.85
2020-03-16,2020-03-20,204.0,put,2.75,2.88,2.81,2.81,1198,2040,1.51728,-0.13592,4,239.85
2020-03-16,2020-03-20,205.0,call,40.63,41.13,40.88,43.0,14,1617,1.99532,0.80406,4,239.85
2020-03-16,2020-03-20,205.0,put,2.87,3.0,2.94,2.93,4234,13498,1.50752,-0.14142,4,239.85
2020-03-16,2020-03-20,206.0,call,39.59,40.16,39.88,71.36,0,90,1.95629,0.80106,4,239.85
2020-03-16,2020-03-20,206.0,put,3.0,3.13,3.06,3.03,1859,2371,1.49777,-0.14712,4,239.85
2020-03-16,2020-03-20,207.0,call,38.38,39.73,39.05,70.19,0,89,1.94654,0.79527,4,239.85
2020-03-16,2020-03-20,207.0,put,3.14,3.27,3.21,3.16,2050,2739,1.48801,-0.153,4,239.85
2020-03-16,2020-03-20,208.0,call,37.88,38.41,38.14,69.21,0,114,1.91727,0.79113,4,239.85
2020-03-16,2020-03-20,208.0,put,3.28,3.4,3.34,3.32,13391,3324,1.47826,-0.15908,4,239.85
2020-03-16,2020-03-20,209.0,call,37.11,37.54,37.33,38.5,6,75,1.90751,0.78508,4,239.85
2020-03-16,2020-03-20,209.0,put,3.43,3.57,3.5,3.47,3111,2186,1.4685,-0.16537,4,239.85
2020-03-16,2020-03-20,210.0,call,35.8,37.11,36.45,35.5,19,151,1.888,0.77977,4,239.85
2020-03-16,2020-03-20,210.0,put,3.59,3.72,3.66,3.63,17656,20339,1.4685,-0.1732,4,239.85
2020-03-16,2020-03-20,211.0,call,35.34,36.05,35.7,34.74,13,97,1.87825,0.77344,4,239.85
2020-03-16,2020-03-20,211.0,put,3.75,3.89,3.82,3.78,1214,1036,1.45875,-0.1799,4,239.85
2020-03-16,2020-03-20,212.0,call,34.56,34.98,34.77,36.31,2,79,1.84898,0.76871,4,239.85
2020-03-16,2020-03-20,212.0,put,3.92,4.05,3.98,4.06,1241,1509,1.44899,-0.18681,4,239.85
2020-03-16,2020-03-20,213.0,call,33.62,34.14,33.88,33.0,3,139,1.82947,0.76294,4,239.85
2020-03-16,2020-03-20,213.0,put,4.1,4.23,4.17,4.18,2753,1255,1.43923,-0.19393,4,239.85
2020-03-16,2020-03-20,214.0,call,32.92,33.31,33.12,63.78,0,162,1.81971,0.75617,4,239.85
2020-03-16,2020-03-20,214.0,put,4.28,4.41,4.35,4.3,2286,3955,1.42948,-0.20128,4,239.85
2020-03-16,2020-03-20,215.0,call,32.07,32.51,32.29,29.19,47,7,1.8002,0.75009,4,239.85
2020-03-16,2020-03-20,215.0,put,4.47,4.61,4.54,4.57,8453,12078,1.41972,-0.20885,4,239.85
2020-03-16,2020-03-20,216.0,call,31.24,31.78,31.51,62.51,0,101,1.79044,0.74301,4,239.85
2020-03-16,2020-03-20,216.0,put,4.66,4.81,4.73,4.8,1609,1802,1.40997,-0.21665,4,239.85
2020-03-16,2020-03-20,217.0,call,30.45,30.85,30.65,38.27,0,168,1.76118,0.7374,4,239.85
2020-03-16,2020-03-20,217.0,put,4.86,5.02,4.94,5.23,1979,1725,1.40021,-0.22468,4,239.85
2020-03-16,2020-03-20,218.0,call,29.66,30.05,29.86,33.52,3,112,1.75142,0.72999,4,239.85
2020-03-16,2020-03-20,218.0,put,5.07,5.23,5.15,6.61,2589,940,1.40021,-0.23419,4,239.85
2020-03-16,2020-03-20,219.0,call,28.86,29.26,29.06,36.79,2,225,1.73191,0.72321,4,239.85
2020-03-16,2020-03-20,219.0,put,5.29,5.45,5.37,5.65,5038,3190,1.39045,-0.24267,4,239.85
2020-03-16,2020-03-20,220.0,call,28.04,28.48,28.26,25.41,115,59,1.72215,0.71548,4,239.85
2020-03-16,2020-03-20,220.0,put,5.53,5.6,5.56,5.55,54076,37366,1.37094,-0.2502,4,239.85
2020-03-16,2020-03-20,221.0,call,27.28,27.68,27.48,31.65,52,141,1.70264,0.70832,4,239.85
2020-03-16,2020-03-20,221.0,put,5.74,5.91,5.83,5.86,2934,1767,1.37094,-0.26035,4,239.85
2020-03-16,2020-03-20,222.0,call,26.47,26.99,26.73,28.22,162,196,1.69289,0.70026,4,239.85
2020-03-16,2020-03-20,222.0,put,5.98,6.15,6.07,6.91,2951,1622,1.36119,-0.26955,4,239.85
2020-03-16,2020-03-20,223.0,call,25.73,26.14,25.94,29.91,86,174,1.67337,0.69272,4,239.85
2020-03-16,2020-03-20,223.0,put,6.19,6.41,6.3,6.34,2663,2381,1.35143,-0.279,4,239.85
2020-03-16,2020-03-20,224.0,call,24.97,25.37,25.17,22.4,40,104,1.65386,0.68496,4,239.85
2020-03-16,2020-03-20,224.0,put,6.47,6.67,6.57,7.21,2740,2677,1.34167,-0.2887,4,239.85
2020-03-16,2020-03-20,225.0,call,24.19,24.64,24.41,24.2,173,125,1.64411,0.67637,4,239.85
2020-03-16,2020-03-20,225.0,put,6.77,6.93,6.85,6.7,43389,40440,1.33192,-0.29865,4,239.85
2020-03-16,2020-03-20,226.0,call,23.46,23.87,23.66,27.8,49,63,1.62459,0.66819,4,239.85
2020-03-16,2020-03-20,226.0,put,6.99,7.21,7.1,7.54,1987,11713,1.32216,-0.30884,4,239.85
2020-03-16,2020-03-20,227.0,call,22.72,23.12,22.92,26.99,13,72,1.60508,0.65979,4,239.85
2020-03-16,2020-03-20,227.0,put,7.27,7.48,7.38,9.12,1780,2198,1.31241,-0.31929,4,239.85
2020-03-16,2020-03-20,228.0,call,21.95,22.39,22.17,19.44,15,92,1.59533,0.65064,4,239.85
2020-03-16,2020-03-20,228.0,put,7.54,7.77,7.65,8.07,2465,7868,1.30265,-0.32999,4,239.85
2020-03-16,2020-03-20,229.0,call,21.25,21.66,21.45,24.85,12,187,1.57582,0.6418,4,239.85
2020-03-16,2020-03-20,229.0,put,7.83,8.05,7.94,8.2,1833,2026,1.2929,-0.34094,4,239.85
2020-03-16,2020-03-20,230.0,call,20.51,20.96,20.73,21.0,18686,344,1.56606,0.63229,4,239.85
2020-03-16,2020-03-20,230.0,put,8.15,8.34,8.25,8.29,55674,42599,1.28314,-0.35214,4,239.85
2020-03-16,2020-03-20,231.0,call,19.82,20.23,20.02,24.43,29,369,1.54655,0.62299,4,239.85
2020-03-16,2020-03-20,231.0,put,8.42,8.65,8.54,9.0,3806,17704,1.27338,-0.36359,4,239.85
2020-03-16,2020-03-20,232.0,call,19.12,19.53,19.33,18.13,15,412,1.53679,0.61312,4,239.85
2020-03-16,2020-03-20,232.0,put,8.73,8.97,8.85,8.53,7672,3999,1.25387,-0.37473,4,239.85
2020-03-16,2020-03-20,233.0,call,18.41,18.84,18.62,17.4,145,575,1.51728,0.60334,4,239.85
2020-03-16,2020-03-20,233.0,put,9.05,9.3,9.18,9.59,2003,12774,1.24412,-0.38675,4,239.85
2020-03-16,2020-03-20,234.0,call,17.72,18.15,17.93,17.14,287,568,1.49777,0.59331,4,239.85
2020-03-16,2020-03-20,234.0,put,9.37,9.64,9.5,9.59,2800,3685,1.23436,-0.39901,4,239.85
2020-03-16,2020-03-20,235.0,call,17.08,17.52,17.3,16.53,518,1427,1.48801,0.58286,4,239.85
2020-03-16,2020-03-20,235.0,put,9.74,10.0,9.87,9.88,31390,44519,1.2246,-0.41151,4,239.85
2020-03-16,2020-03-20,236.0,call,16.42,16.87,16.65,16.22,177,1412,1.47826,0.57226,4,239.85
2020-03-16,2020-03-20,236.0,put,10.05,10.36,10.21,10.7,6631,5083,1.21485,-0.42425,4,239.85
2020-03-16,2020-03-20,237.0,call,15.9,16.21,16.05,15.59,131,1752,1.4685,0.56151,4,239.85
2020-03-16,2020-03-20,237.0,put,10.4,10.76,10.58,11.1,4147,3366,1.20509,-0.43721,4,239.85
2020-03-16,2020-03-20,238.0,call,15.27,15.59,15.43,15.32,414,1903,1.44899,0.55056,4,239.85
2020-03-16,2020-03-20,238.0,put,10.79,11.14,10.96,10.93,5450,5032,1.18558,-0.45039,4,239.85
2020-03-16,2020-03-20,239.0,call,14.65,14.97,14.81,14.75,206,1054,1.43923,0.53946,4,239.85
2020-03-16,2020-03-20,239.0,put,11.19,11.54,11.36,11.26,4013,3008,1.17583,-0.4639,4,239.85
2020-03-16,2020-03-20,240.0,call,14.03,14.36,14.2,14.21,3029,1832,1.42948,0.52823,4,239.85
2020-03-16,2020-03-20,240.0,put,11.6,11.96,11.78,11.71,59034,45936,1.16607,-0.47762,4,239.85
2020-03-16,2020-03-20,241.0,call,13.42,13.76,13.59,12.94,476,1335,1.40997,0.51658,4,239.85
2020-03-16,2020-03-20,241.0,put,12.01,12.37,12.19,12.94,3611,3104,1.15631,-0.49153,4,239.85
2020-03-16,2020-03-20,242.0,call,12.83,13.16,13.0,12.95,792,772,1.40021,0.50503,4,239.85
2020-03-16,2020-03-20,242.0,put,12.42,12.79,12.61,13.05,7175,8117,1.14656,-0.50563,4,239.85
2020-03-16,2020-03-20,243.0,call,12.24,12.57,12.41,12.13,1190,695,1.3807,0.49289,4,239.85
2020-03-16,2020-03-20,243.0,put,12.84,13.21,13.03,13.4,8731,2309,1.12705,-0.52048,4,239.85
2020-03-16,2020-03-20,244.0,call,11.65,11.97,11.81,11.74,2251,1092,1.36119,0.48048,4,239.85
2020-03-16,2020-03-20,244.0,put,13.26,13.63,13.45,14.33,5323,3142,1.11729,-0.53504,4,239.85
2020-03-16,2020-03-20,245.0,call,11.08,11.37,11.22,11.21,5737,3063,1.35143,0.46842,4,239.85
2020-03-16,2020-03-20,245.0,put,13.7,14.06,13.88,13.9,41443,33012,1.09778,-0.55059,4,239.85
2020-03-16,2020-03-20,246.0,call,10.52,10.65,10.59,10.65,2177,635,1.32216,0.45481,4,239.85
2020-03-16,2020-03-20,246.0,put,14.14,14.52,14.33,15.3,4668,13730,1.08802,-0.56556,4,239.85
2020-03-16,2020-03-20,247.0,call,9.97,10.27,10.12,9.93,2443,766,1.32216,0.44321,4,239.85
2020-03-16,2020-03-20,247.0,put,14.58,14.98,14.78,15.84,4933,7236,1.06851,-0.58177,4,239.85
2020-03-16,2020-03-20,248.0,call,9.43,9.73,9.58,9.08,7263,1260,1.30265,0.42989,4,239.85
2020-03-16,2020-03-20,248.0,put,15.07,15.47,15.27,16.3,4028,8127,1.049,-0.59837,4,239.85
2020-03-16,2020-03-20,249.0,call,8.9,9.21,9.05,8.75,2743,1265,1.28314,0.41631,4,239.85
2020-03-16,2020-03-20,249.0,put,15.55,15.95,15.75,16.18,5294,9467,1.03924,-0.61389,4,239.85
2020-03-16,2020-03-20,250.0,call,8.45,8.6,8.52,8.6,29458,15010,1.27338,0.40359,4,239.85
2020-03-16,2020-03-20,250.0,put,16.06,16.4,16.23,16.1,67983,98408,1.01973,-0.63105,4,239.85
2020-03-16,2020-03-20,251.0,call,7.87,8.15,8.01,7.5,1703,2609,1.25387,0.38961,4,239.85
2020-03-16,2020-03-20,251.0,put,16.56,16.94,16.75,17.4,10964,22614,1.00022,-0.64853,4,239.85
2020-03-16,2020-03-20,252.0,call,7.37,7.65,7.51,7.82,7217,4478,1.23436,0.3754,4,239.85
2020-03-16,2020-03-20,252.0,put,17.08,17.44,17.26,19.73,9555,15487,0.98071,-0.6663,4,239.85
2020-03-16,2020-03-20,253.0,call,7.0,7.15,7.08,6.9,4240,5258,1.2246,0.3624,4,239.85
2020-03-16,2020-03-20,253.0,put,17.6,17.96,17.78,20.13,4437,10252,0.9612,-0.68434,4,239.85
2020-03-16,2020-03-20,254.0,call,6.42,6.68,6.55,6.5,2594,5190,1.19534,0.34631,4,239.85
2020-03-16,2020-03-20,254.0,put,18.11,18.5,18.3,21.52,2285,9438,0.93193,-0.70488,4,239.85
2020-03-16,2020-03-20,255.0,call,5.96,6.22,6.09,6.0,23028,8386,1.18558,0.33315,4,239.85
2020-03-16,2020-03-20,255.0,put,18.66,19.11,18.88,19.79,17577,38990,0.91242,-0.72348,4,239.85
2020-03-16,2020-03-20,256.0,call,5.52,5.76,5.64,5.65,3316,8227,1.16607,0.31826,4,239.85
2020-03-16,2020-03-20,256.0,put,19.22,19.6,19.41,20.28,3280,11022,0.88315,-0.74483,4,239.85
2020-03-16,2020-03-20,257.0,call,5.09,5.32,5.21,4.8,4854,4675,1.14656,0.30322,4,239.85
2020-03-16,2020-03-20,257.0,put,19.82,20.2,20.01,23.17,5436,10232,0.86364,-0.76374,4,239.85
2020-03-16,2020-03-20,258.0,call,4.68,4.91,4.79,4.82,3921,7002,1.12705,0.28807,4,239.85
2020-03-16,2020-03-20,258.0,put,20.43,20.8,20.62,21.24,3055,10843,0.83437,-0.78557,4,239.85
2020-03-16,2020-03-20,259.0,call,4.28,4.51,4.39,4.54,3129,2302,1.10753,0.27282,4,239.85
2020-03-16,2020-03-20,259.0,put,21.05,21.42,21.23,21.88,1928,9557,0.8051,-0.80756,4,239.85
2020-03-16,2020-03-20,260.0,call,4.01,4.13,4.07,4.1,58351,11844,1.09778,0.25971,4,239.85
2020-03-16,2020-03-20,260.0,put,21.65,22.04,21.84,22.83,43314,59821,0.77583,-0.82952,4,239.85
2020-03-16,2020-03-20,261.0,call,3.57,3.75,3.66,3.41,8477,2852,1.06851,0.24218,4,239.85
2020-03-16,2020-03-20,261.0,put,22.31,22.68,22.49,25.71,2565,8955,0.73681,-0.85467,4,239.85
2020-03-16,2020-03-20,262.0,call,3.22,3.39,3.31,3.1,10977,5079,1.049,0.22687,4,239.85
2020-03-16,2020-03-20,262.0,put,22.96,23.33,23.14,26.64,1584,10740,0.69779,-0.87947,4,239.85
2020-03-16,2020-03-20,263.0,call,2.91,3.07,2.99,3.02,9583,2244,1.03924,0.2141,4,239.85
2020-03-16,2020-03-20,263.0,put,23.65,24.01,23.83,26.0,9832,19174,0.64901,-0.90688,4,239.85
2020-03-16,2020-03-20,264.0,call,2.61,2.75,2.68,2.39,8088,4582,1.01973,0.19904,4,239.85
2020-03-16,2020-03-20,264.0,put,24.35,24.71,24.53,28.08,1177,12557,0.58072,-0.9391,4,239.85
2020-03-16,2020-03-20,265.0,call,2.35,2.45,2.4,2.29,23857,10916,1.00022,0.18414,4,239.85
2020-03-16,2020-03-20,265.0,put,25.06,25.46,25.26,25.26,10779,40460,0.48316,-0.97415,4,239.85
2020-03-16,2020-03-20,266.0,call,2.07,2.2,2.13,1.88,8654,4839,0.98071,0.16944,4,239.85
2020-03-16,2020-03-20,266.0,put,25.83,26.2,26.02,29.6,617,13375,0.01488,-1.0,4,239.85
2020-03-16,2020-03-20,267.0,call,1.83,1.96,1.9,1.81,8637,7089,0.97095,0.15771,4,239.85
2020-03-16,2020-03-20,267.0,put,26.56,26.98,26.77,30.0,565,8048,0.01488,-1.0,4,239.85
2020-03-16,2020-03-20,268.0,call,1.61,1.74,1.68,1.44,8030,3558,0.95144,0.14364,4,239.85
2020-03-16,2020-03-20,268.0,put,27.35,27.77,27.56,31.46,577,14192,0.01488,-1.0,4,239.85
2020-03-16,2020-03-20,269.0,call,1.4,1.52,1.46,1.4,7144,3808,0.93193,0.12995,4,239.85
2020-03-16,2020-03-20,269.0,put,28.13,28.57,28.35,32.0,706,16907,0.01488,-1.0,4,239.85
2020-03-16,2020-03-20,270.0,call,1.24,1.34,1.29,1.24,37144,20737,0.92217,0.1194,4,239.85
2020-03-16,2020-03-20,270.0,put,28.95,29.4,29.17,29.0,19216,96454,0.01488,-1.0,4,239.85
2020-03-16,2020-03-20,271.0,call,1.06,1.18,1.12,1.15,7150,26092,0.90266,0.10663,4,239.85
2020-03-16,2020-03-20,271.0,put,29.75,30.34,30.05,30.93,288,11204,0.01488,-1.0,4,239.85
2020-03-16,2020-03-20,272.0,call,0.92,1.04,0.98,0.88,7224,6743,0.89291,0.09703,4,239.85
2020-03-16,2020-03-20,272.0,put,30.67,31.11,30.89,34.99,973,12224,0.01488,-1.0,4,239.85
2020-03-16,2020-03-20,273.0,call,0.83,0.93,0.88,0.73,14510,8578,0.88315,0.08791,4,239.85
2020-03-16,2020-03-20,273.0,put,31.49,32.12,31.8,35.89,144,18223,0.01488,-1.0,4,239.85
2020-03-16,2020-03-20,274.0,call,0.7,0.82,0.76,0.64,8591,13267,0.87339,0.07929,4,239.85
2020-03-16,2020-03-20,274.0,put,32.32,33.01,32.66,36.61,791,17883,0.01488,-1.0,4,239.85
2020-03-16,2020-03-20,275.0,call,0.63,0.69,0.66,0.66,35182,32616,0.86364,0.07117,4,239.85
2020-03-16,2020-03-20,275.0,put,32.85,34.26,33.55,35.0,7769,72510,0.01488,-1.0,4,239.85
2020-03-16,2020-03-20,276.0,call,0.53,0.63,0.58,0.56,13425,27237,0.85388,0.06356,4,239.85
2020-03-16,2020-03-20,276.0,put,33.78,35.19,34.48,33.95,362,11932,0.01488,-1.0,4,239.85
2020-03-16,2020-03-20,277.0,call,0.46,0.5,0.48,0.5,11056,36323,0.84413,0.05647,4,239.85
2020-03-16,2020-03-20,277.0,put,35.16,35.67,35.41,39.51,305,31593,0.01488,-1.0,4,239.85
2020-03-16,2020-03-20,278.0,call,0.41,0.49,0.45,0.39,11811,18636,0.84413,0.05199,4,239.85
2020-03-16,2020-03-20,278.0,put,36.07,36.81,36.44,40.69,249,61946,0.01488,-1.0,4,239.85
2020-03-16,2020-03-20,279.0,call,0.37,0.44,0.41,0.37,3125,6769,0.84413,0.0478,4,239.85
2020-03-16,2020-03-20,279.0,put,37.02,37.71,37.37,37.94,284,14984,0.01488,-1.0,4,239.85
2020-03-16,2020-03-20,280.0,call,0.35,0.38,0.36,0.34,45905,90588,0.84413,0.04391,4,239.85
2020-03-16,2020-03-20,280.0,put,37.95,38.67,38.31,39.8,5383,69730,0.01488,-1.0,4,239.85
2020-03-16,2020-03-20,281.0,call,0.31,0.36,0.33,0.32,7310,21337,0.84413,0.04029,4,239.85
2020-03-16,2020-03-20,281.0,put,38.48,40.01,39.24,39.75,116,18027,0.01488,-1.0,4,239.85
2020-03-16,2020-03-20,282.0,call,0.29,0.32,0.3,0.32,16008,41970,0.84413,0.03692,4,239.85
2020-03-16,2020-03-20,282.0,put,39.57,40.94,40.25,41.91,372,24874,0.01488,-1.0,4,239.85
2020-03-16,2020-03-20,283.0,call,0.27,0.3,0.29,0.3,8466,8451,0.85388,0.03548,4,239.85
2020-03-16,2020-03-20,283.0,put,41.01,41.45,41.23,45.68,182,19824,0.01488,-1.0,4,239.85
2020-03-16,2020-03-20,284.0,call,0.2,0.27,0.24,0.22,18060,15929,0.84413,0.03091,4,239.85
2020-03-16,2020-03-20,284.0,put,41.74,42.61,42.17,43.33,241,13603,0.01488,-1.0,4,239.85
2020-03-16,2020-03-20,285.0,call,0.22,0.24,0.23,0.24,28874,34559,0.84413,0.02824,4,239.85
2020-03-16,2020-03-20,285.0,put,42.84,43.55,43.2,44.75,13497,69841,0.01488,-1.0,4,239.85
2020-03-16,2020-03-20,286.0,call,0.17,0.23,0.2,0.19,8178,16955,0.84413,0.02577,4,239.85
2020-03-16,2020-03-20,286.0,put,43.53,44.74,44.14,48.43,156,16782,0.01488,-1.0,4,239.85
2020-03-16,2020-03-20,287.0,call,0.14,0.21,0.17,0.2,7805,10129,0.83437,0.02218,4,239.85
2020-03-16,2020-03-20,287.0,put,44.72,45.54,45.13,40.49,599,22606,0.01488,-1.0,4,239.85
2020-03-16,2020-03-20,288.0,call,0.15,0.2,0.17,0.16,10293,14439,0.85388,0.02266,4,239.85
2020-03-16,2020-03-20,288.0,put,45.83,46.36,46.09,50.5,473,20270,0.01488,-1.0,4,239.85
2020-03-16,2020-03-20,289.0,call,0.14,0.19,0.17,0.16,4777,20658,0.86364,0.02188,4,239.85
2020-03-16,2020-03-20,289.0,put,46.69,47.5,47.09,47.38,89,14995,0.01488,-1.0,4,239.85
2020-03-16,2020-03-20,290.0,call,0.11,0.15,0.13,0.15,39489,72198,0.84413,0.01768,4,239.85
2020-03-16,2020-03-20,290.0,put,47.78,48.5,48.14,48.07,4621,61893,0.01488,-1.0,4,239.85
2020-03-16,2020-03-20,291.0,call,0.1,0.15,0.12,0.11,2919,15045,0.84413,0.01605,4,239.85
2020-03-16,2020-03-20,291.0,put,48.69,49.42,49.05,47.15,45,14420,0.01488,-1.0,4,239.85
2020-03-16,2020-03-20,292.0,call,0.09,0.12,0.1,0.11,1535,15911,0.83437,0.01361,4,239.85
2020-03-16,2020-03-20,292.0,put,49.65,50.3,49.97,49.36,106,12659,0.01488,-1.0,4,239.85
2020-03-16,2020-03-20,293.0,call,0.08,0.13,0.11,0.1,661,16614,0.86364,0.01506,4,239.85
2020-03-16,2020-03-20,293.0,put,50.64,51.48,51.06,52.61,116,20435,0.01488,-1.0,4,239.85
2020-03-16,2020-03-20,294.0,call,0.07,0.12,0.1,0.09,2182,11374,0.86364,0.01369,4,239.85
2020-03-16,2020-03-20,294.0,put,51.62,52.46,52.04,47.0,63,14132,0.01488,-1.0,4,239.85
2020-03-16,2020-03-20,295.0,call,0.09,0.12,0.1,0.1,7199,25874,0.87339,0.01329,4,239.85
2020-03-16,2020-03-20,295.0,put,52.64,53.28,52.96,56.9,3221,44933,0.01488,-1.0,4,239.85
2020-03-16,2020-03-20,296.0,call,0.07,0.11,0.09,0.06,3402,13635,0.87339,0.01208,4,239.85
2020-03-16,2020-03-20,296.0,put,53.78,54.41,54.09,54.67,36,17218,0.01488,-1.0,4,239.85
2020-03-16,2020-03-20,297.0,call,0.07,0.11,0.09,0.07,948,12484,0.88315,0.01175,4,239.85
2020-03-16,2020-03-20,297.0,put,54.77,55.32,55.05,55.96,122,13453,0.01488,-1.0,4,239.85
2020-03-16,2020-03-20,298.0,call,0.05,0.08,0.07,0.07,2265,14831,0.87339,0.00995,4,239.85
2020-03-16,2020-03-20,298.0,put,55.64,56.4,56.02,56.34,145,25077,0.01488,-1.0,4,239.85
2020-03-16,2020-03-20,299.0,call,0.05,0.08,0.07,0.07,1053,18379,0.88315,0.0097,4,239.85
2020-03-16,2020-03-20,299.0,put,56.64,57.44,57.04,58.0,386,11219,0.01488,-1.0,4,239.85
2020-03-16,2020-03-20,300.0,call,0.07,0.09,0.08,0.08,32909,111719,0.91242,0.01088,4,239.85
2020-03-16,2020-03-20,300.0,put,57.63,58.42,58.03,59.39,3115,111728,0.01488,-1.0,4,239.85
2020-03-16,2020-03-20,301.0,call,0.05,0.09,0.07,0.05,977,29454,0.90266,0.00924,4,239.85
2020-03-16,2020-03-20,301.0,put,58.57,59.26,58.91,57.31,310,20101,0.01488,-1.0,4,239.85
2020-03-16,2020-03-20,302.0,call,0.05,0.08,0.07,0.05,736,32617,0.91242,0.00903,4,239.85
2020-03-16,2020-03-20,302.0,put,59.19,60.8,59.99,62.0,75,39290,0.01488,-1.0,4,239.85
2020-03-16,2020-03-20,303.0,call,0.03,0.06,0.04,0.04,450,28217,0.87339,0.00603,4,239.85
2020-03-16,2020-03-20,303.0,put,60.65,61.43,61.04,62.23,79,26709,0.01488,-1.0,4,239.85
2020-03-16,2020-03-20,304.0,call,0.03,0.08,0.06,0.06,786,24185,0.92217,0.00805,4,239.85
2020-03-16,2020-03-20,304.0,put,61.51,62.52,62.02,63.76,173,31570,0.01488,-1.0,4,239.85
2020-03-16,2020-03-20,305.0,call,0.03,0.04,0.04,0.04,2097,47688,0.89291,0.00581,4,239.85
2020-03-16,2020-03-20,305.0,put,62.67,63.38,63.03,64.01,1145,63165,0.01488,-1.0,4,239.85
2020-03-16,2020-03-20,306.0,call,0.03,0.05,0.04,0.04,631,31066,0.90266,0.0057,4,239.85
2020-03-16,2020-03-20,306.0,put,63.58,64.35,63.96,67.32,671,14829,0.01488,-1.0,4,239.85
2020-03-16,2020-03-20,307.0,call,0.03,0.06,0.04,0.05,228,13850,0.91242,0.0056,4,239.85
2020-03-16,2020-03-20,307.0,put,64.76,65.41,65.09,67.99,124,16104,0.01488,-1.0,4,239.85
2020-03-16,2020-03-20,308.0,call,0.02,0.05,0.04,0.03,1634,15751,0.92217,0.00551,4,239.85
2020-03-16,2020-03-20,308.0,put,65.55,66.24,65.89,70.0,139,26763,0.01488,-1.0,4,239.85
2020-03-16,2020-03-20,309.0,call,0.02,0.06,0.04,0.02,115,29173,0.93193,0.00542,4,239.85
2020-03-16,2020-03-20,309.0,put,66.3,67.63,66.97,70.62,109,19932,0.01488,-1.0,4,239.85
2020-03-16,2020-03-20,310.0,call,0.02,0.04,0.03,0.04,1850,80529,0.91242,0.00417,4,239.85
2020-03-16,2020-03-20,310.0,put,67.36,68.23,67.8,68.75,3160,82900,0.01488,-1.0,4,239.85
2020-03-16,2020-03-20,311.0,call,0.02,0.04,0.03,0.04,1061,21027,0.92217,0.00412,4,239.85
2020-03-16,2020-03-20,311.0,put,68.54,69.3,68.92,69.91,19,24748,0.01488,-1.0,4,239.85
2020-03-16,2020-03-20,312.0,call,0.01,0.03,0.02,0.02,157,30357,0.90266,0.00311,4,239.85
2020-03-16,2020-03-20,312.0,put,69.38,70.59,69.98,64.4,33,37543,0.01488,-1.0,4,239.85
2020-03-16,2020-03-20,313.0,call,0.02,0.04,0.03,0.04,347,17582,0.94168,0.00402,4,239.85
2020-03-16,2020-03-20,313.0,put,70.76,71.34,71.05,73.98,98,27969,0.01488,-1.0,4,239.85
2020-03-16,2020-03-20,314.0,call,0.01,0.05,0.03,0.04,133,16018,0.95144,0.00397,4,239.85
2020-03-16,2020-03-20,314.0,put,70.4,73.69,72.05,69.44,567,20802,0.01488,-1.0,4,239.85
2020-03-16,2020-03-20,315.0,call,0.03,0.05,0.04,0.03,447,55985,1.00022,0.00538,4,239.85
2020-03-16,2020-03-20,315.0,put,72.37,73.61,72.99,72.88,505,74186,0.01488,-1.0,4,239.85
2020-03-16,2020-03-20,316.0,call,0.01,0.05,0.03,0.01,204,27645,0.98071,0.00422,4,239.85
2020-03-16,2020-03-20,316.0,put,72.34,75.63,73.98,76.0,949,18817,0.01488,-1.0,4,239.85
2020-03-16,2020-03-20,317.0,call,0.01,0.05,0.03,0.04,69,28410,0.99046,0.00417,4,239.85
2020-03-16,2020-03-20,317.0,put,73.34,76.63,74.98,73.0,150,18564,0.01488,-1.0,4,239.85
2020-03-16,2020-03-20,318.0,call,0.01,0.03,0.02,0.04,483,27641,0.9612,0.00296,4,239.85
2020-03-16,2020-03-20,318.0,put,74.4,77.68,76.04,76.78,271,46885,0.01488,-1.0,4,239.85
2020-03-16,2020-03-20,319.0,call,0.01,0.04,0.03,0.03,158,22372,1.00998,0.0041,4,239.85
2020-03-16,2020-03-20,319.0,put,75.4,78.68,77.04,78.5,242,16798,0.01488,-1.0,4,239.85
2020-03-16,2020-03-20,320.0,call,0.02,0.03,0.03,0.05,2242,61646,1.01973,0.00406,4,239.85
2020-03-16,2020-03-20,320.0,put,77.34,78.6,77.97,82.02,2554,78442,0.01488,-1.0,4,239.85
2020-03-16,2020-03-20,321.0,call,0.02,0.03,0.03,0.02,163,29005,1.02949,0.00402,4,239.85
2020-03-16,2020-03-20,321.0,put,77.39,80.68,79.03,79.39,1842,34176,0.01488,-1.0,4,239.85
2020-03-16,2020-03-20,322.0,put,78.39,81.68,80.03,80.06,856,22719,0.01488,-1.0,4,239.85
2020-03-16,2020-03-20,323.0,call,0.02,0.04,0.03,0.04,80,32668,1.049,0.00396,4,239.85
2020-03-16,2020-03-20,323.0,put,79.34,82.62,80.98,81.14,5072,26530,0.01488,-1.0,4,239.85
2020-03-16,2020-03-20,324.0,call,0.01,0.03,0.02,0.01,208,0,1.00998,0.00263,4,239.85
2020-03-16,2020-03-20,324.0,put,80.34,83.62,81.98,82.69,4504,27151,0.01488,-1.0,4,239.85
2020-03-16,2020-03-20,325.0,call,0.02,0.03,0.03,0.02,532,68627,1.06851,0.00391,4,239.85
2020-03-16,2020-03-20,325.0,put,82.36,83.6,82.98,85.08,1398,46806,0.01488,-1.0,4,239.85
2020-03-16,2020-03-20,326.0,put,82.34,85.62,83.98,84.2,19,22462,0.01488,-1.0,4,239.85
2020-03-16,2020-03-20,327.0,call,0.01,0.03,0.02,0.03,44,13845,1.03924,0.0026,4,239.85
2020-03-16,2020-03-20,327.0,put,83.34,86.62,84.98,83.36,3132,30094,0.01488,-1.0,4,239.85
2020-03-16,2020-03-20,327.5,put,83.84,87.12,85.48,85.88,1408,1018,0.01488,-1.0,4,239.85
2020-03-16,2020-03-20,328.0,call,0.01,0.04,0.03,0.01,72,20797,1.08802,0.00356,4,239.85
2020-03-16,2020-03-20,328.0,put,84.39,87.67,86.03,90.0,3207,13805,0.01488,-1.0,4,239.85
2020-03-16,2020-03-20,329.0,call,0.01,0.04,0.03,0.03,5,22155,1.09778,0.00355,4,239.85
2020-03-16,2020-03-20,329.0,put,85.39,88.67,87.03,90.17,988,17986,0.01488,-1.0,4,239.85
2020-03-16,2020-03-20,330.0,call,0.01,0.03,0.02,0.04,728,76242,1.06851,0.00258,4,239.85
2020-03-16,2020-03-20,330.0,put,87.33,88.59,87.96,89.08,8495,72248,0.01488,-1.0,4,239.85
2020-03-16,2020-03-20,331.0,call,0.01,0.02,0.01,0.03,225,21424,1.00998,0.00138,4,239.85
2020-03-16,2020-03-20,331.0,put,87.39,90.67,89.03,87.4,1012,21930,0.01488,-1.0,4,239.85
2020-03-16,2020-03-20,332.0,call,0.01,0.02,0.01,0.02,63,21733,1.01973,0.00139,4,239.85
2020-03-16,2020-03-20,332.0,put,88.39,91.67,90.03,90.7,207,23803,0.01488,-1.0,4,239.85
2020-03-16,2020-03-20,332.5,call,0.01,0.02,0.01,0.01,91,4717,1.02949,0.00146,4,239.85
2020-03-16,2020-03-20,332.5,put,88.89,92.17,90.53,86.17,18,418,0.01488,-1.0,4,239.85
2020-03-16,2020-03-20,333.0,put,89.39,92.67,91.03,94.99,85,18900,0.01488,-1.0,4,239.85
2020-03-16,2020-03-20,334.0,put,90.33,93.61,91.97,86.26,78,18884,0.01488,-1.0,4,239.85
2020-03-16,2020-03-20,335.0,call,0.01,0.02,0.01,0.02,188,109966,1.049,0.00141,4,239.85
2020-03-16,2020-03-20,335.0,put,91.33,94.61,92.97,95.18,237,21591,0.01488,-1.0,4,239.85
2020-03-16,2020-03-20,336.0,put,92.33,95.61,93.97,93.97,15,6088,0.01488,-1.0,4,239.85
2020-03-16,2020-03-20,337.0,put,93.33,96.61,94.97,96.07,28,5980,0.01488,-1.0,4,239.85
2020-03-16,2020-03-20,337.5,put,93.83,97.11,95.47,35.9,0,367,0.01488,-1.0,4,239.85
2020-03-16,2020-03-20,338.0,put,94.33,97.61,95.97,98.0,53,6643,0.01488,-1.0,4,239.85
2020-03-16,2020-03-20,339.0,put,95.33,98.61,96.97,94.1,7,2675,0.01488,-1.0,4,239.85
2020-03-16,2020-03-20,340.0,put,96.38,99.66,98.02,98.89,561,11880,0.01488,-1.0,4,239.85
2020-03-16,2020-03-20,341.0,put,98.32,99.58,98.95,91.24,0,1793,0.01488,-1.0,4,239.85
2020-03-16,2020-03-20,342.0,put,98.38,101.66,100.02,98.38,1,1807,0.01488,-1.0,4,239.85
2020-03-16,2020-03-20,342.5,put,98.88,102.16,100.52,94.97,2,148,0.01488,-1.0,4,239.85
2020-03-16,2020-03-20,343.0,put,99.38,102.66,101.02,90.81,2,718,0.01488,-1.0,4,239.85
2020-03-16,2020-03-20,344.0,put,100.38,103.66,102.02,90.68,0,1524,0.01488,-1.0,4,239.85
2020-03-16,2020-03-20,345.0,put,102.32,103.58,102.95,89.83,0,4866,0.01488,-1.0,4,239.85
2020-03-16,2020-03-20,346.0,put,102.38,105.66,104.02,101.99,6,1181,0.01488,-1.0,4,239.85
2020-03-16,2020-03-20,347.0,put,103.38,106.66,105.02,76.74,0,1668,0.01488,-1.0,4,239.85
2020-03-16,2020-03-20,348.0,put,104.38,107.66,106.02,75.69,0,724,0.01488,-1.0,4,239.85
2020-03-16,2020-03-20,349.0,put,105.38,108.66,107.02,104.51,0,991,0.01488,-1.0,4,239.85
2020-03-16,2020-03-20,350.0,put,107.34,108.58,107.96,104.33,2003,15290,0.01488,-1.0,4,239.85
2020-03-16,2020-03-20,351.0,put,107.38,110.66,109.02,106.51,0,1390,0.01488,-1.0,4,239.85
2020-03-16,2020-03-20,352.0,put,108.38,111.66,110.02,45.12,0,2803,0.01488,-1.0,4,239.85
2020-03-16,2020-03-20,353.0,put,109.38,112.65,111.02,49.5,0,1887,0.01488,-1.0,4,239.85
2020-03-16,2020-03-20,354.0,put,110.38,113.65,112.02,54.79,0,3319,0.01488,-1.0,4,239.85
2020-03-16,2020-03-20,355.0,put,111.38,114.65,113.02,60.1,0,2088,0.01488,-1.0,4,239.85
2020-03-16,2020-03-20,356.0,put,112.38,115.65,114.02,56.79,0,683,0.01488,-1.0,4,239.85
2020-03-16,2020-03-20,357.0,put,113.38,116.65,115.02,85.46,0,549,0.01488,-1.0,4,239.85
2020-03-16,2020-03-20,358.0,put,114.37,117.65,116.01,56.48,0,332,0.01488,-1.0,4,239.85
2020-03-16,2020-03-20,359.0,put,115.37,118.65,117.01,22.21,0,353,0.01488,-1.0,4,239.85
2020-03-16,2020-03-20,360.0,put,116.37,119.65,118.01,108.33,2000,719,0.01488,-1.0,4,239.85
2020-03-16,2020-03-20,361.0,put,117.37,120.65,119.01,115.02,4,406,0.01488,-1.0,4,239.85
2020-03-16,2020-03-20,362.0,put,118.37,121.65,120.01,62.78,0,369,0.01488,-1.0,4,239.85
2020-03-16,2020-03-20,363.0,put,119.37,122.65,121.01,67.33,0,34,0.01488,-1.0,4,239.85
2020-03-16,2020-03-20,364.0,put,120.37,123.65,122.01,63.77,0,33,0.01488,-1.0,4,239.85
2020-03-16,2020-03-20,365.0,put,121.37,124.65,123.01,64.63,0,8,0.01488,-1.0,4,239.85
2020-03-16,2020-03-20,366.0,put,123.34,124.57,123.95,69.95,0,36,0.01488,-1.0,4,239.85
2020-03-16,2020-03-20,367.0,put,123.37,126.65,125.01,57.4,0,1,0.01488,-1.0,4,239.85
2020-03-16,2020-03-20,368.0,put,124.37,127.65,126.01,96.39,0,32,0.01488,-1.0,4,239.85
2020-03-16,2020-03-20,369.0,put,125.37,128.65,127.01,113.91,0,1,0.01488,-1.0,4,239.85
2020-03-16,2020-03-20,370.0,put,126.37,129.65,128.01,68.67,0,34,0.01488,-1.0,4,239.85
2020-03-16,2020-03-20,371.0,put,127.37,130.64,129.0,94.66,0,0,0.01488,-1.0,4,239.85
2020-03-16,2020-03-20,375.0,put,131.37,134.64,133.0,45.2,0,2,0.01488,-1.0,4,239.85
2020-03-16,2020-03-20,380.0,put,136.36,139.64,138.0,78.58,0,437,0.01488,-1.0,4,239.85
2020-03-16,2020-03-20,385.0,put,141.36,144.64,143.0,82.44,0,8,0.01488,-1.0,4,239.85
2020-03-16,2020-03-20,390.0,put,146.36,149.63,148.0,140.85,0,71,0.01488,-1.0,4,239.85
2020-03-16,2020-03-20,395.0,put,151.36,154.63,153.0,138.8,0,218,0.01488,-1.0,4,239.85
2020-03-16,2020-03-20,400.0,put,156.36,159.63,158.0,106.39,0,150,0.01488,-1.0,4,239.85
2020-03-16,2020-03-20,405.0,put,161.35,164.63,162.99,151.04,0,1025,0.01488,-1.0,4,239.85
2020-03-16,2020-03-20,410.0,put,166.35,169.62,167.99,154.4,0,815,0.01488,-1.0,4,239.85
2020-03-16,2020-03-20,415.0,put,171.35,174.62,172.99,138.64,0,213,0.01488,-1.0,4,239.85
2020-03-16,2020-03-20,420.0,put,176.35,179.62,177.99,164.88,0,727,0.01488,-1.0,4,239.85
2020-03-16,2020-03-20,425.0,put,181.35,184.62,182.99,170.63,0,104,0.01488,-1.0,4,239.85
2020-03-16,2020-03-23,130.0,call,111.91,114.98,113.44,0.0,0,0,3.37089,0.93889,7,239.85
2020-03-16,2020-03-23,130.0,put,0.09,0.12,0.1,0.12,44,0,1.8002,-0.00492,7,239.85
2020-03-16,2020-03-23,131.0,call,110.91,113.98,112.44,0.0,0,0,3.33187,0.93841,7,239.85
2020-03-16,2020-03-23,131.0,put,0.09,0.13,0.11,0.15,4,0,1.8002,-0.00537,7,239.85
2020-03-16,2020-03-23,132.0,call,109.91,112.98,111.44,0.0,0,0,3.3026,0.93755,7,239.85
2020-03-16,2020-03-23,132.0,put,0.1,0.13,0.12,0.11,14,0,1.8002,-0.00586,7,239.85
2020-03-16,2020-03-23,133.0,call,108.91,111.98,110.44,0.0,0,0,3.26358,0.93709,7,239.85
2020-03-16,2020-03-23,133.0,put,0.1,0.14,0.12,0.13,3,0,1.78069,-0.00596,7,239.85
2020-03-16,2020-03-23,134.0,call,107.92,110.98,109.45,0.0,0,0,3.23431,0.93622,7,239.85
2020-03-16,2020-03-23,134.0,put,0.11,0.14,0.12,0.15,7,0,1.75142,-0.00584,7,239.85
2020-03-16,2020-03-23,135.0,call,106.92,109.99,108.45,0.0,0,0,3.20504,0.93536,7,239.85
2020-03-16,2020-03-23,135.0,put,0.11,0.15,0.13,0.15,99,0,1.75142,-0.00637,7,239.85
2020-03-16,2020-03-23,136.0,call,105.92,108.99,107.45,0.0,0,0,3.16602,0.93491,7,239.85
2020-03-16,2020-03-23,136.0,put,0.12,0.16,0.14,0.14,23,0,1.75142,-0.00693,7,239.85
2020-03-16,2020-03-23,137.0,call,104.92,107.99,106.45,0.0,0,0,3.13675,0.93404,7,239.85
2020-03-16,2020-03-23,137.0,put,0.13,0.16,0.15,0.13,11,0,1.74167,-0.00729,7,239.85
2020-03-16,2020-03-23,138.0,call,103.93,106.99,105.46,0.0,0,0,3.09773,0.9336,7,239.85
2020-03-16,2020-03-23,138.0,put,0.13,0.17,0.15,0.15,3,0,1.72215,-0.0074,7,239.85
2020-03-16,2020-03-23,139.0,call,102.93,105.99,104.46,0.0,0,0,3.06846,0.93272,7,239.85
2020-03-16,2020-03-23,139.0,put,0.14,0.18,0.16,0.17,28,0,1.7124,-0.00778,7,239.85
2020-03-16,2020-03-23,140.0,call,101.93,104.99,103.46,0.0,0,0,3.03919,0.93185,7,239.85
2020-03-16,2020-03-23,140.0,put,0.15,0.19,0.17,0.22,6,0,1.7124,-0.00845,7,239.85
2020-03-16,2020-03-23,141.0,call,100.94,104.0,102.47,0.0,0,0,3.00993,0.93097,7,239.85
2020-03-16,2020-03-23,141.0,put,0.15,0.19,0.17,0.18,14,0,1.69289,-0.00857,7,239.85
2020-03-16,2020-03-23,142.0,call,101.18,101.83,101.5,0.0,0,0,2.98066,0.93008,7,239.85
2020-03-16,2020-03-23,142.0,put,0.16,0.2,0.18,0.2,8,0,1.68313,-0.009,7,239.85
2020-03-16,2020-03-23,143.0,call,100.24,100.92,100.58,0.0,0,0,2.9709,0.92825,7,239.85
2020-03-16,2020-03-23,143.0,put,0.17,0.21,0.19,0.24,188,0,1.67337,-0.00944,7,239.85
2020-03-16,2020-03-23,144.0,call,99.13,99.86,99.5,0.0,0,0,2.91237,0.92878,7,239.85
2020-03-16,2020-03-23,144.0,put,0.18,0.22,0.2,0.25,52,0,1.66362,-0.0099,7,239.85
2020-03-16,2020-03-23,145.0,call,98.04,99.04,98.54,0.0,0,0,2.89286,0.9274,7,239.85
2020-03-16,2020-03-23,145.0,put,0.19,0.23,0.21,0.23,502,579,1.65386,-0.01039,7,239.85
2020-03-16,2020-03-23,146.0,call,97.26,97.83,97.55,0.0,0,0,2.86359,0.92649,7,239.85
2020-03-16,2020-03-23,146.0,put,0.2,0.24,0.22,0.25,73,0,1.64411,-0.01089,7,239.85
2020-03-16,2020-03-23,147.0,call,95.91,97.13,96.52,0.0,0,0,2.82457,0.9261,7,239.85
2020-03-16,2020-03-23,147.0,put,0.21,0.25,0.23,0.32,94,0,1.63435,-0.01141,7,239.85
2020-03-16,2020-03-23,148.0,call,95.15,95.82,95.48,0.0,0,0,2.78554,0.92571,7,239.85
2020-03-16,2020-03-23,148.0,put,0.22,0.27,0.24,0.21,53,0,1.62459,-0.01195,7,239.85
2020-03-16,2020-03-23,149.0,call,94.21,94.87,94.54,0.0,0,0,2.76603,0.92428,7,239.85
2020-03-16,2020-03-23,149.0,put,0.23,0.26,0.24,0.3,228,0,1.60508,-0.01213,7,239.85
2020-03-16,2020-03-23,150.0,call,93.22,94.0,93.61,90.07,6,0,2.75627,0.92229,7,239.85
2020-03-16,2020-03-23,150.0,put,0.25,0.29,0.27,0.27,1931,222,1.61484,-0.01352,7,239.85
2020-03-16,2020-03-23,155.0,call,88.27,89.04,88.66,0.0,0,0,2.60994,0.91755,7,239.85
2020-03-16,2020-03-23,155.0,put,0.32,0.37,0.34,0.35,469,61,1.56606,-0.01693,7,239.85
2020-03-16,2020-03-23,160.0,call,83.04,84.37,83.71,0.0,0,0,2.47335,0.91203,7,239.85
2020-03-16,2020-03-23,160.0,put,0.41,0.47,0.44,0.43,548,470,1.52704,-0.02167,7,239.85
2020-03-16,2020-03-23,165.0,call,78.49,79.01,78.75,0.0,0,0,2.33677,0.90623,7,239.85
2020-03-16,2020-03-23,165.0,put,0.54,0.6,0.57,0.52,3246,6241,1.48801,-0.02752,7,239.85
2020-03-16,2020-03-23,170.0,call,73.25,74.54,73.9,80.02,10,10,2.2197,0.8986,7,239.85
2020-03-16,2020-03-23,170.0,put,0.69,0.76,0.72,0.92,1149,2045,1.44899,-0.03469,7,239.85
2020-03-16,2020-03-23,175.0,call,68.32,69.69,69.0,73.69,3,3,2.09288,0.89116,7,239.85
2020-03-16,2020-03-23,175.0,put,0.89,0.97,0.93,0.92,957,1144,1.41972,-0.04439,7,239.85
2020-03-16,2020-03-23,180.0,call,63.89,64.46,64.17,70.24,20,10,1.97581,0.88221,7,239.85
2020-03-16,2020-03-23,180.0,put,1.13,1.23,1.18,1.15,888,482,1.39045,-0.05622,7,239.85
2020-03-16,2020-03-23,180.5,call,63.48,64.11,63.8,69.24,10,10,1.98556,0.87931,7,239.85
2020-03-16,2020-03-23,180.5,put,1.16,1.26,1.21,1.41,68,44,1.3807,-0.05675,7,239.85
2020-03-16,2020-03-23,181.0,call,62.9,63.66,63.28,0.0,0,0,1.96605,0.87906,7,239.85
2020-03-16,2020-03-23,181.0,put,1.19,1.29,1.24,1.11,81,94,1.3807,-0.05842,7,239.85
2020-03-16,2020-03-23,181.5,call,62.46,63.17,62.81,68.25,10,10,1.95629,0.8779,7,239.85
2020-03-16,2020-03-23,181.5,put,1.22,1.32,1.27,1.28,21,84,1.3807,-0.06012,7,239.85
2020-03-16,2020-03-23,182.0,call,61.98,62.71,62.34,66.92,3,3,1.94654,0.87674,7,239.85
2020-03-16,2020-03-23,182.0,put,1.25,1.35,1.3,1.33,247,46,1.37094,-0.0607,7,239.85
2020-03-16,2020-03-23,182.5,call,61.26,62.2,61.73,0.0,0,0,1.91727,0.87741,7,239.85
2020-03-16,2020-03-23,182.5,put,1.29,1.38,1.33,1.72,23,36,1.37094,-0.06245,7,239.85
2020-03-16,2020-03-23,183.0,call,61.11,61.59,61.35,0.0,0,0,1.92703,0.87438,7,239.85
2020-03-16,2020-03-23,183.0,put,1.32,1.41,1.36,1.72,181,165,1.37094,-0.06424,7,239.85
2020-03-16,2020-03-23,183.5,call,60.17,61.7,60.94,0.0,0,0,1.92703,0.87225,7,239.85
2020-03-16,2020-03-23,183.5,put,1.35,1.45,1.4,1.81,299,28,1.36119,-0.06487,7,239.85
2020-03-16,2020-03-23,184.0,call,60.09,60.76,60.42,0.0,0,0,1.90751,0.87197,7,239.85
2020-03-16,2020-03-23,184.0,put,1.39,1.48,1.44,1.38,303,91,1.36119,-0.06671,7,239.85
2020-03-16,2020-03-23,184.5,call,59.69,60.33,60.01,0.0,0,0,1.90751,0.8698,7,239.85
2020-03-16,2020-03-23,184.5,put,1.42,1.52,1.47,1.49,21,123,1.36119,-0.0686,7,239.85
2020-03-16,2020-03-23,185.0,call,59.18,59.86,59.52,0.0,0,0,1.89776,0.86856,7,239.85
2020-03-16,2020-03-23,185.0,put,1.46,1.55,1.5,1.46,660,448,1.35143,-0.06927,7,239.85
2020-03-16,2020-03-23,185.5,call,58.74,59.36,59.05,0.0,0,0,1.888,0.8673,7,239.85
2020-03-16,2020-03-23,185.5,put,1.49,1.59,1.54,1.6,85,113,1.35143,-0.07121,7,239.85
2020-03-16,2020-03-23,186.0,call,58.28,58.93,58.61,0.0,0,0,1.87825,0.86602,7,239.85
2020-03-16,2020-03-23,186.0,put,1.52,1.62,1.57,1.71,207,91,1.35143,-0.07319,7,239.85
2020-03-16,2020-03-23,186.5,call,57.52,58.55,58.03,0.0,0,0,1.84898,0.86666,7,239.85
2020-03-16,2020-03-23,186.5,put,1.56,1.66,1.61,1.99,14,18,1.34167,-0.07392,7,239.85
2020-03-16,2020-03-23,187.0,call,57.34,57.98,57.66,0.0,0,0,1.85874,0.86343,7,239.85
2020-03-16,2020-03-23,187.0,put,1.6,1.7,1.65,2.13,64,121,1.34167,-0.07596,7,239.85
2020-03-16,2020-03-23,187.5,call,56.74,57.68,57.21,0.0,0,0,1.84898,0.86211,7,239.85
2020-03-16,2020-03-23,187.5,put,1.64,1.74,1.69,2.17,79,19,1.34167,-0.07803,7,239.85
2020-03-16,2020-03-23,188.0,call,55.99,57.28,56.64,0.0,0,0,1.82947,0.86176,7,239.85
2020-03-16,2020-03-23,188.0,put,1.67,1.78,1.73,2.1,151,57,1.34167,-0.08015,7,239.85
2020-03-16,2020-03-23,188.5,call,55.87,56.59,56.23,0.0,0,0,1.82947,0.85943,7,239.85
2020-03-16,2020-03-23,188.5,put,1.71,1.82,1.77,1.64,108,20,1.33192,-0.08096,7,239.85
2020-03-16,2020-03-23,189.0,call,55.27,56.05,55.66,0.0,0,0,1.8002,0.86006,7,239.85
2020-03-16,2020-03-23,189.0,put,1.75,1.86,1.81,2.2,227,114,1.33192,-0.08314,7,239.85
2020-03-16,2020-03-23,189.5,call,54.88,55.66,55.27,0.0,0,0,1.8002,0.85769,7,239.85
2020-03-16,2020-03-23,189.5,put,1.79,1.9,1.84,2.04,86,50,1.32216,-0.084,7,239.85
2020-03-16,2020-03-23,190.0,call,54.45,55.01,54.73,0.0,0,0,1.78069,0.85731,7,239.85
2020-03-16,2020-03-23,190.0,put,1.84,1.95,1.9,1.95,828,771,1.32216,-0.08624,7,239.85
2020-03-16,2020-03-23,190.5,call,54.04,54.69,54.36,0.0,0,0,1.79044,0.85388,7,239.85
2020-03-16,2020-03-23,190.5,put,1.89,1.99,1.94,2.47,167,78,1.32216,-0.08852,7,239.85
2020-03-16,2020-03-23,191.0,call,53.62,54.08,53.85,0.0,0,0,1.77093,0.85347,7,239.85
2020-03-16,2020-03-23,191.0,put,1.93,2.04,1.98,2.57,85,59,1.32216,-0.09084,7,239.85
2020-03-16,2020-03-23,191.5,call,52.7,54.06,53.38,0.0,0,0,1.76118,0.85203,7,239.85
2020-03-16,2020-03-23,191.5,put,1.97,2.08,2.02,2.49,97,35,1.31241,-0.09179,7,239.85
2020-03-16,2020-03-23,192.0,call,52.6,53.32,52.96,0.0,0,0,1.76118,0.84955,7,239.85
2020-03-16,2020-03-23,192.0,put,2.02,2.13,2.08,2.31,341,78,1.31241,-0.09418,7,239.85
2020-03-16,2020-03-23,192.5,call,51.74,53.2,52.47,0.0,0,0,1.75142,0.84807,7,239.85
2020-03-16,2020-03-23,192.5,put,2.06,2.18,2.12,2.11,46,52,1.31241,-0.0966,7,239.85
2020-03-16,2020-03-23,193.0,call,51.73,52.23,51.98,0.0,0,0,1.73191,0.84761,7,239.85
2020-03-16,2020-03-23,193.0,put,2.11,2.23,2.17,2.77,752,45,1.30265,-0.09763,7,239.85
2020-03-16,2020-03-23,193.5,call,51.31,51.88,51.59,0.0,0,0,1.73191,0.84505,7,239.85
2020-03-16,2020-03-23,193.5,put,2.15,2.28,2.21,2.79,101,126,1.30265,-0.10013,7,239.85
2020-03-16,2020-03-23,194.0,call,50.85,51.45,51.15,0.0,0,0,1.73191,0.84247,7,239.85
2020-03-16,2020-03-23,194.0,put,2.21,2.33,2.27,2.3,1037,518,1.30265,-0.10267,7,239.85
2020-03-16,2020-03-23,194.5,call,50.11,51.07,50.59,0.0,0,0,1.70264,0.84302,7,239.85
2020-03-16,2020-03-23,194.5,put,2.25,2.38,2.31,2.95,70,154,1.2929,-0.10377,7,239.85
2020-03-16,2020-03-23,195.0,call,49.95,50.4,50.17,0.0,0,0,1.70264,0.84039,7,239.85
2020-03-16,2020-03-23,195.0,put,2.31,2.43,2.37,2.4,743,1025,1.2929,-0.10638,7,239.85
2020-03-16,2020-03-23,195.5,call,49.42,49.99,49.7,0.0,0,0,1.69289,0.8388,7,239.85
2020-03-16,2020-03-23,195.5,put,2.36,2.49,2.42,2.42,126,292,1.2929,-0.10903,7,239.85
2020-03-16,2020-03-23,196.0,call,48.92,49.49,49.2,0.0,0,0,1.68313,0.83718,7,239.85
2020-03-16,2020-03-23,196.0,put,2.42,2.54,2.48,3.06,139,500,1.28314,-0.11023,7,239.85
2020-03-16,2020-03-23,196.5,call,48.58,49.03,48.8,0.0,0,0,1.67337,0.83555,7,239.85
2020-03-16,2020-03-23,196.5,put,2.47,2.6,2.54,2.59,336,19,1.28314,-0.11295,7,239.85
2020-03-16,2020-03-23,197.0,call,48.01,48.69,48.35,0.0,0,0,1.67337,0.83282,7,239.85
2020-03-16,2020-03-23,197.0,put,2.53,2.65,2.59,2.65,727,202,1.28314,-0.11571,7,239.85
2020-03-16,2020-03-23,197.5,call,47.59,48.28,47.94,0.0,0,0,1.66362,0.83114,7,239.85
2020-03-16,2020-03-23,197.5,put,2.58,2.71,2.65,2.66,116,49,1.28314,-0.11852,7,239.85
2020-03-16,2020-03-23,198.0,call,47.11,47.82,47.47,0.0,0,0,1.65386,0.82943,7,239.85
2020-03-16,2020-03-23,198.0,put,2.64,2.75,2.7,2.69,884,146,1.27338,-0.11984,7,239.85
2020-03-16,2020-03-23,198.5,call,46.68,47.23,46.95,0.0,0,0,1.64411,0.82771,7,239.85
2020-03-16,2020-03-23,198.5,put,2.69,2.84,2.76,2.72,94,35,1.27338,-0.12272,7,239.85
2020-03-16,2020-03-23,199.0,call,46.34,46.88,46.61,0.0,0,0,1.64411,0.82487,7,239.85
2020-03-16,2020-03-23,199.0,put,2.76,2.88,2.82,2.86,527,425,1.26363,-0.1241,7,239.85
2020-03-16,2020-03-23,199.5,call,45.44,46.74,46.09,0.0,0,0,1.62459,0.82419,7,239.85
2020-03-16,2020-03-23,199.5,put,2.81,2.96,2.88,2.87,1029,47,1.26363,-0.12706,7,239.85
2020-03-16,2020-03-23,200.0,call,45.24,45.88,45.56,0.0,0,0,1.61484,0.82239,7,239.85
2020-03-16,2020-03-23,200.0,put,2.88,3.0,2.94,2.95,12264,3063,1.26363,-0.13007,7,239.85
2020-03-16,2020-03-23,201.0,call,44.47,45.51,44.99,0.0,0,0,1.63435,0.81437,7,239.85
2020-03-16,2020-03-23,201.0,put,3.01,3.16,3.08,3.14,859,145,1.25387,-0.13463,7,239.85
2020-03-16,2020-03-23,202.0,call,43.64,44.11,43.88,0.0,0,0,1.59533,0.81275,7,239.85
2020-03-16,2020-03-23,202.0,put,3.14,3.28,3.21,3.18,990,366,1.25387,-0.14092,7,239.85
2020-03-16,2020-03-23,203.0,call,42.79,43.35,43.07,0.0,0,0,1.58557,0.80776,7,239.85
2020-03-16,2020-03-23,203.0,put,3.28,3.41,3.34,3.4,433,311,1.24412,-0.14581,7,239.85
2020-03-16,2020-03-23,204.0,call,41.93,42.36,42.14,0.0,0,0,1.56606,0.80376,7,239.85
2020-03-16,2020-03-23,204.0,put,3.42,3.57,3.5,3.51,1236,96,1.23436,-0.15084,7,239.85
2020-03-16,2020-03-23,205.0,call,40.98,41.49,41.23,0.0,0,0,1.54655,0.79965,7,239.85
2020-03-16,2020-03-23,205.0,put,3.57,3.72,3.65,3.67,3774,1818,1.23436,-0.15764,7,239.85
2020-03-16,2020-03-23,206.0,call,40.18,40.75,40.47,0.0,0,0,1.53679,0.79432,7,239.85
2020-03-16,2020-03-23,206.0,put,3.72,3.86,3.79,3.86,326,263,1.2246,-0.16301,7,239.85
2020-03-16,2020-03-23,207.0,call,39.35,39.78,39.56,0.0,0,0,1.51728,0.78996,7,239.85
2020-03-16,2020-03-23,207.0,put,3.88,4.03,3.96,4.05,577,351,1.21485,-0.16855,7,239.85
2020-03-16,2020-03-23,208.0,call,37.97,39.2,38.59,0.0,0,0,1.49777,0.78548,7,239.85
2020-03-16,2020-03-23,208.0,put,4.04,4.19,4.12,4.2,337,352,1.21485,-0.17586,7,239.85
2020-03-16,2020-03-23,209.0,call,37.65,38.21,37.93,0.0,0,0,1.49777,0.77867,7,239.85
2020-03-16,2020-03-23,209.0,put,4.21,4.36,4.29,4.38,261,665,1.20509,-0.18175,7,239.85
2020-03-16,2020-03-23,210.0,call,36.81,37.23,37.02,49.71,0,0,1.47826,0.77392,7,239.85
2020-03-16,2020-03-23,210.0,put,4.39,4.55,4.47,4.57,2255,5625,1.19534,-0.18782,7,239.85
2020-03-16,2020-03-23,211.0,call,35.98,36.51,36.24,0.0,0,0,1.47826,0.76688,7,239.85
2020-03-16,2020-03-23,211.0,put,4.57,4.72,4.64,5.3,596,452,1.19534,-0.19566,7,239.85
2020-03-16,2020-03-23,212.0,call,35.15,35.58,35.36,0.0,0,0,1.45875,0.76184,7,239.85
2020-03-16,2020-03-23,212.0,put,4.75,4.91,4.83,5.81,320,445,1.18558,-0.2021,7,239.85
2020-03-16,2020-03-23,213.0,call,34.38,34.76,34.57,0.0,0,0,1.44899,0.7556,7,239.85
2020-03-16,2020-03-23,213.0,put,4.94,5.1,5.02,5.26,279,321,1.17583,-0.20874,7,239.85
2020-03-16,2020-03-23,214.0,call,33.56,33.95,33.76,0.0,0,0,1.43923,0.74923,7,239.85
2020-03-16,2020-03-23,214.0,put,5.14,5.31,5.22,5.74,290,433,1.17583,-0.21709,7,239.85
2020-03-16,2020-03-23,215.0,call,32.71,33.14,32.92,45.19,0,0,1.41972,0.74372,7,239.85
2020-03-16,2020-03-23,215.0,put,5.35,5.54,5.45,5.31,2274,1110,1.16607,-0.22412,7,239.85
2020-03-16,2020-03-23,216.0,call,31.95,32.35,32.15,30.45,3,0,1.40997,0.73705,7,239.85
2020-03-16,2020-03-23,216.0,put,5.56,5.76,5.66,6.07,938,936,1.15631,-0.23135,7,239.85
2020-03-16,2020-03-23,217.0,call,31.16,31.56,31.36,38.68,2,0,1.40021,0.73023,7,239.85
2020-03-16,2020-03-23,217.0,put,5.78,5.99,5.88,6.41,1469,317,1.15631,-0.24023,7,239.85
2020-03-16,2020-03-23,218.0,call,30.37,30.78,30.58,34.12,2,0,1.39045,0.72327,7,239.85
2020-03-16,2020-03-23,218.0,put,6.01,6.22,6.12,7.57,695,425,1.14656,-0.24785,7,239.85
2020-03-16,2020-03-23,219.0,call,29.58,29.99,29.78,0.0,0,0,1.37094,0.71708,7,239.85
2020-03-16,2020-03-23,219.0,put,6.23,6.46,6.35,6.54,939,462,1.14656,-0.25706,7,239.85
2020-03-16,2020-03-23,220.0,call,28.78,29.22,29.0,33.43,8,0,1.36119,0.70979,7,239.85
2020-03-16,2020-03-23,220.0,put,6.47,6.71,6.59,6.64,5875,2274,1.1368,-0.26508,7,239.85
2020-03-16,2020-03-23,221.0,call,28.05,28.47,28.26,0.0,0,0,1.35143,0.70235,7,239.85
2020-03-16,2020-03-23,221.0,put,6.72,6.95,6.83,8.44,1661,164,1.12705,-0.27333,7,239.85
2020-03-16,2020-03-23,222.0,call,27.29,27.73,27.51,35.85,0,1,1.34167,0.69476,7,239.85
2020-03-16,2020-03-23,222.0,put,6.95,7.22,7.08,8.16,1981,436,1.11729,-0.2818,7,239.85
2020-03-16,2020-03-23,223.0,call,26.54,26.97,26.75,24.72,52,0,1.33192,0.68701,7,239.85
2020-03-16,2020-03-23,223.0,put,7.22,7.48,7.35,8.81,310,766,1.11729,-0.29169,7,239.85
2020-03-16,2020-03-23,224.0,call,25.74,26.24,25.99,0.0,0,0,1.32216,0.67911,7,239.85
2020-03-16,2020-03-23,224.0,put,7.5,7.77,7.63,9.25,593,404,1.10753,-0.30057,7,239.85
2020-03-16,2020-03-23,225.0,call,25.09,25.51,25.3,22.94,13,4,1.31241,0.67104,7,239.85
2020-03-16,2020-03-23,225.0,put,7.77,8.07,7.92,9.33,941,3417,1.09778,-0.30969,7,239.85
2020-03-16,2020-03-23,226.0,call,24.34,24.79,24.56,24.3,1,0,1.30265,0.66282,7,239.85
2020-03-16,2020-03-23,226.0,put,8.06,8.36,8.21,10.0,849,4418,1.09778,-0.32005,7,239.85
2020-03-16,2020-03-23,227.0,call,23.6,24.07,23.84,24.88,1,0,1.2929,0.65444,7,239.85
2020-03-16,2020-03-23,227.0,put,8.34,8.64,8.49,10.36,369,279,1.08802,-0.32957,7,239.85
2020-03-16,2020-03-23,228.0,call,22.9,23.36,23.13,24.44,129,0,1.28314,0.64589,7,239.85
2020-03-16,2020-03-23,228.0,put,8.61,8.95,8.78,10.53,334,343,1.07827,-0.33933,7,239.85
2020-03-16,2020-03-23,229.0,call,22.19,22.66,22.43,25.06,14,1,1.27338,0.63719,7,239.85
2020-03-16,2020-03-23,229.0,put,8.91,9.27,9.09,10.67,616,357,1.06851,-0.34932,7,239.85
2020-03-16,2020-03-23,230.0,call,21.49,21.96,21.73,20.82,141,26,1.26363,0.62832,7,239.85
2020-03-16,2020-03-23,230.0,put,9.22,9.59,9.41,9.24,2648,2326,1.05875,-0.35956,7,239.85
2020-03-16,2020-03-23,231.0,call,20.8,21.27,21.04,20.26,98,0,1.25387,0.61929,7,239.85
2020-03-16,2020-03-23,231.0,put,9.52,9.91,9.71,11.4,1577,6116,1.049,-0.37003,7,239.85
2020-03-16,2020-03-23,232.0,call,20.11,20.6,20.36,22.14,33,0,1.23436,0.61042,7,239.85
2020-03-16,2020-03-23,232.0,put,9.85,10.25,10.05,10.01,186,295,1.049,-0.38131,7,239.85
2020-03-16,2020-03-23,233.0,call,19.43,19.92,19.68,26.2,24,5,1.2246,0.601,7,239.85
2020-03-16,2020-03-23,233.0,put,10.18,10.59,10.38,11.17,562,195,1.03924,-0.39219,7,239.85
2020-03-16,2020-03-23,234.0,call,18.76,19.32,19.04,20.73,75,4,1.21485,0.59141,7,239.85
2020-03-16,2020-03-23,234.0,put,10.5,10.93,10.71,12.95,285,757,1.02949,-0.4033,7,239.85
2020-03-16,2020-03-23,235.0,call,18.1,18.59,18.34,16.07,58,147,1.20509,0.58166,7,239.85
2020-03-16,2020-03-23,235.0,put,10.87,11.28,11.07,11.21,3087,3440,1.01973,-0.41465,7,239.85
2020-03-16,2020-03-23,236.0,call,17.45,17.95,17.7,24.78,41,101,1.19534,0.57174,7,239.85
2020-03-16,2020-03-23,236.0,put,11.21,11.66,11.44,12.42,259,298,1.00998,-0.42623,7,239.85
2020-03-16,2020-03-23,237.0,call,16.77,17.3,17.04,19.69,346,23,1.18558,0.56166,7,239.85
2020-03-16,2020-03-23,237.0,put,11.58,12.03,11.8,12.0,595,279,1.00022,-0.43806,7,239.85
2020-03-16,2020-03-23,238.0,call,16.17,16.67,16.42,15.99,443,32,1.17583,0.55143,7,239.85
2020-03-16,2020-03-23,238.0,put,11.94,12.4,12.17,12.07,909,351,0.99046,-0.45011,7,239.85
2020-03-16,2020-03-23,239.0,call,15.53,16.04,15.79,14.23,130,0,1.16607,0.54103,7,239.85
2020-03-16,2020-03-23,239.0,put,12.32,12.8,12.56,12.58,520,419,0.98071,-0.4624,7,239.85
2020-03-16,2020-03-23,240.0,call,14.9,15.44,15.17,14.44,372,127,1.14656,0.53019,7,239.85
2020-03-16,2020-03-23,240.0,put,12.73,13.2,12.96,13.0,4897,4431,0.97095,-0.47491,7,239.85
2020-03-16,2020-03-23,241.0,call,14.29,14.84,14.56,12.75,109,0,1.1368,0.5194,7,239.85
2020-03-16,2020-03-23,241.0,put,13.11,13.61,13.36,13.91,191,780,0.9612,-0.48764,7,239.85
2020-03-16,2020-03-23,242.0,call,13.7,14.26,13.98,12.2,380,0,1.12705,0.50845,7,239.85
2020-03-16,2020-03-23,242.0,put,13.53,14.04,13.79,13.73,1447,527,0.95144,-0.50059,7,239.85
2020-03-16,2020-03-23,243.0,call,13.17,13.68,13.43,11.5,350,4,1.11729,0.49735,7,239.85
2020-03-16,2020-03-23,243.0,put,13.96,14.48,14.22,16.41,458,733,0.94168,-0.51375,7,239.85
2020-03-16,2020-03-23,244.0,call,12.59,13.0,12.79,12.75,400,1,1.10753,0.4861,7,239.85
2020-03-16,2020-03-23,244.0,put,14.41,14.92,14.66,16.95,696,1229,0.93193,-0.52712,7,239.85
2020-03-16,2020-03-23,245.0,call,12.04,12.55,12.29,12.08,1766,48,1.09778,0.47472,7,239.85
2020-03-16,2020-03-23,245.0,put,14.85,15.37,15.11,15.46,6436,5190,0.92217,-0.54067,7,239.85
2020-03-16,2020-03-23,246.0,call,11.49,11.99,11.74,9.98,258,82,1.08802,0.4632,7,239.85
2020-03-16,2020-03-23,246.0,put,15.33,15.82,15.57,17.52,1104,912,0.91242,-0.55441,7,239.85
2020-03-16,2020-03-23,247.0,call,10.94,11.42,11.18,9.86,505,314,1.07827,0.45155,7,239.85
2020-03-16,2020-03-23,247.0,put,15.78,16.27,16.02,15.52,937,1113,0.90266,-0.56832,7,239.85
2020-03-16,2020-03-23,248.0,call,10.4,10.87,10.63,8.89,501,384,1.06851,0.43979,7,239.85
2020-03-16,2020-03-23,248.0,put,16.25,16.72,16.48,19.0,1226,194,0.89291,-0.58239,7,239.85
2020-03-16,2020-03-23,249.0,call,9.88,10.33,10.11,8.53,309,397,1.049,0.42671,7,239.85
2020-03-16,2020-03-23,249.0,put,16.73,17.22,16.98,19.38,674,428,0.88315,-0.59661,7,239.85
2020-03-16,2020-03-23,250.0,call,9.38,9.82,9.6,9.74,2404,1076,1.03924,0.41461,7,239.85
2020-03-16,2020-03-23,250.0,put,17.22,17.7,17.46,20.2,2650,3715,0.86364,-0.61269,7,239.85
2020-03-16,2020-03-23,251.0,call,8.89,9.29,9.09,7.58,880,250,1.02949,0.40242,7,239.85
2020-03-16,2020-03-23,251.0,put,17.73,18.18,17.95,20.72,808,509,0.85388,-0.62731,7,239.85
2020-03-16,2020-03-23,252.0,call,8.41,8.79,8.6,8.68,919,351,1.01973,0.39013,7,239.85
2020-03-16,2020-03-23,252.0,put,18.1,18.75,18.43,21.5,630,412,0.83437,-0.64411,7,239.85
2020-03-16,2020-03-23,253.0,call,7.93,8.3,8.12,8.22,436,252,1.00998,0.37777,7,239.85
2020-03-16,2020-03-23,253.0,put,18.78,19.21,19.0,21.42,806,284,0.82461,-0.65905,7,239.85
2020-03-16,2020-03-23,254.0,call,7.45,7.82,7.63,6.62,580,524,0.99046,0.36356,7,239.85
2020-03-16,2020-03-23,254.0,put,19.25,19.75,19.5,21.22,550,489,0.8051,-0.6765,7,239.85
2020-03-16,2020-03-23,255.0,call,7.0,7.36,7.18,7.68,1664,489,0.98071,0.35096,7,239.85
2020-03-16,2020-03-23,255.0,put,19.85,20.29,20.07,23.22,4274,1975,0.79535,-0.69167,7,239.85
2020-03-16,2020-03-23,256.0,call,6.56,6.89,6.72,6.41,661,226,0.97095,0.33833,7,239.85
2020-03-16,2020-03-23,256.0,put,20.42,20.82,20.62,22.0,135,467,0.77583,-0.70964,7,239.85
2020-03-16,2020-03-23,257.0,call,6.14,6.45,6.29,5.15,843,141,0.9612,0.32566,7,239.85
2020-03-16,2020-03-23,257.0,put,21.01,21.39,21.2,22.28,260,420,0.76608,-0.72491,7,239.85
2020-03-16,2020-03-23,258.0,call,5.72,6.02,5.87,4.82,552,336,0.94168,0.31073,7,239.85
2020-03-16,2020-03-23,258.0,put,21.59,21.96,21.77,21.2,265,641,0.74657,-0.74325,7,239.85
2020-03-16,2020-03-23,259.0,call,5.33,5.61,5.47,5.05,606,262,0.93193,0.29795,7,239.85
2020-03-16,2020-03-23,259.0,put,22.17,22.55,22.36,21.93,63,392,0.72706,-0.7618,7,239.85
2020-03-16,2020-03-23,260.0,call,5.0,5.2,5.1,4.56,2121,2185,0.92217,0.28521,7,239.85
2020-03-16,2020-03-23,260.0,put,22.76,23.18,22.97,24.0,607,2865,0.70754,-0.78047,7,239.85
2020-03-16,2020-03-23,261.0,call,4.56,4.81,4.68,3.72,1160,120,0.90266,0.26989,7,239.85
2020-03-16,2020-03-23,261.0,put,23.42,23.77,23.59,23.94,125,197,0.68803,-0.7992,7,239.85
2020-03-16,2020-03-23,262.0,call,4.19,4.42,4.3,3.43,1400,230,0.89291,0.25716,7,239.85
2020-03-16,2020-03-23,262.0,put,24.06,24.5,24.28,25.0,29,542,0.66852,-0.81787,7,239.85
2020-03-16,2020-03-23,263.0,call,3.84,4.06,3.95,3.13,1208,1689,0.87339,0.24168,7,239.85
2020-03-16,2020-03-23,263.0,put,24.64,25.09,24.87,28.0,90,880,0.63925,-0.84038,7,239.85
2020-03-16,2020-03-23,264.0,call,3.51,3.7,3.6,3.02,2316,967,0.86364,0.22907,7,239.85
2020-03-16,2020-03-23,264.0,put,25.36,25.76,25.56,26.5,22,503,0.61974,-0.85866,7,239.85
2020-03-16,2020-03-23,265.0,call,3.18,3.36,3.27,2.92,3191,922,0.85388,0.2166,7,239.85
2020-03-16,2020-03-23,265.0,put,26.02,26.41,26.21,28.37,175,2445,0.58072,-0.88476,7,239.85
2020-03-16,2020-03-23,266.0,call,2.88,3.05,2.96,2.25,3054,1371,0.83437,0.20119,7,239.85
2020-03-16,2020-03-23,266.0,put,26.72,27.06,26.89,22.92,467,1713,0.54169,-0.91009,7,239.85
2020-03-16,2020-03-23,267.0,call,2.58,2.74,2.66,2.09,1510,928,0.82461,0.18902,7,239.85
2020-03-16,2020-03-23,267.0,put,27.42,27.75,27.59,30.0,113,1490,0.50267,-0.93383,7,239.85
2020-03-16,2020-03-23,268.0,call,2.3,2.45,2.38,2.34,2871,1327,0.8051,0.17383,7,239.85
2020-03-16,2020-03-23,268.0,put,28.02,28.52,28.27,27.0,54,729,0.40511,-0.97436,7,239.85
2020-03-16,2020-03-23,269.0,call,2.03,2.17,2.1,1.7,3876,790,0.78559,0.15879,7,239.85
2020-03-16,2020-03-23,269.0,put,28.87,29.57,29.22,26.54,34,914,0.3856,-0.98301,7,239.85
2020-03-16,2020-03-23,270.0,call,1.79,1.92,1.85,1.58,7745,1034,0.77583,0.14734,7,239.85
2020-03-16,2020-03-23,270.0,put,29.59,30.04,29.81,33.43,272,3545,0.01488,-1.0,7,239.85
2020-03-16,2020-03-23,271.0,call,1.57,1.69,1.63,1.35,2429,435,0.75632,0.13286,7,239.85
2020-03-16,2020-03-23,271.0,put,30.33,30.89,30.61,31.29,29,938,0.01488,-1.0,7,239.85
2020-03-16,2020-03-23,272.0,call,1.37,1.49,1.43,1.02,3422,820,0.74657,0.12211,7,239.85
2020-03-16,2020-03-23,272.0,put,30.97,31.66,31.31,32.1,30,681,0.01488,-1.0,7,239.85
2020-03-16,2020-03-23,273.0,call,1.19,1.31,1.25,1.0,1613,494,0.73681,0.11176,7,239.85
2020-03-16,2020-03-23,273.0,put,31.61,32.73,32.17,34.0,66,1170,0.01488,-1.0,7,239.85
2020-03-16,2020-03-23,274.0,call,1.02,1.14,1.08,1.06,1470,1013,0.7173,0.09854,7,239.85
2020-03-16,2020-03-23,274.0,put,32.7,33.35,33.03,33.65,18,1937,0.01488,-1.0,7,239.85
2020-03-16,2020-03-23,275.0,call,0.88,1.01,0.95,0.77,4224,1389,0.70754,0.08911,7,239.85
2020-03-16,2020-03-23,275.0,put,33.69,34.24,33.97,36.11,90,2668,0.01488,-1.0,7,239.85
2020-03-16,2020-03-23,276.0,call,0.76,0.88,0.82,0.55,1729,1268,0.69779,0.08016,7,239.85
2020-03-16,2020-03-23,276.0,put,34.42,35.15,34.78,36.25,81,407,0.01488,-1.0,7,239.85
2020-03-16,2020-03-23,277.0,call,0.66,0.77,0.72,0.5,2177,1296,0.68803,0.07171,7,239.85
2020-03-16,2020-03-23,277.0,put,35.28,35.96,35.62,31.65,3,483,0.01488,-1.0,7,239.85
2020-03-16,2020-03-23,278.0,call,0.57,0.68,0.62,0.44,5650,1825,0.67828,0.06376,7,239.85
2020-03-16,2020-03-23,278.0,put,36.2,36.97,36.59,32.51,81,791,0.01488,-1.0,7,239.85
2020-03-16,2020-03-23,279.0,call,0.5,0.59,0.54,0.49,4037,2362,0.67828,0.05912,7,239.85
2020-03-16,2020-03-23,279.0,put,37.04,37.87,37.45,36.81,25,712,0.01488,-1.0,7,239.85
2020-03-16,2020-03-23,280.0,call,0.44,0.52,0.48,0.39,5797,3759,0.66852,0.05208,7,239.85
2020-03-16,2020-03-23,280.0,put,38.05,38.77,38.41,40.07,145,1287,0.01488,-1.0,7,239.85
2020-03-16,2020-03-23,281.0,call,0.36,0.44,0.4,0.3,2116,1948,0.65876,0.04556,7,239.85
2020-03-16,2020-03-23,281.0,put,38.78,39.9,39.34,34.97,5,721,0.01488,-1.0,7,239.85
2020-03-16,2020-03-23,282.0,call,0.32,0.39,0.35,0.3,4423,1762,0.65876,0.04195,7,239.85
2020-03-16,2020-03-23,282.0,put,39.84,40.69,40.27,37.92,1,1377,0.01488,-1.0,7,239.85
2020-03-16,2020-03-23,283.0,call,0.26,0.34,0.3,0.27,3133,1426,0.64901,0.03631,7,239.85
2020-03-16,2020-03-23,283.0,put,40.96,41.64,41.3,36.31,23,998,0.01488,-1.0,7,239.85
2020-03-16,2020-03-23,284.0,call,0.24,0.3,0.27,0.26,15883,856,0.64901,0.0333,7,239.85
2020-03-16,2020-03-23,284.0,put,41.93,42.61,42.27,43.35,33,643,0.01488,-1.0,7,239.85
2020-03-16,2020-03-23,285.0,call,0.21,0.27,0.24,0.18,12350,3357,0.64901,0.0305,7,239.85
2020-03-16,2020-03-23,285.0,put,42.77,43.56,43.17,45.0,638,1703,0.01488,-1.0,7,239.85
2020-03-16,2020-03-23,286.0,call,0.19,0.25,0.22,0.16,5643,1883,0.64901,0.02791,7,239.85
2020-03-16,2020-03-23,286.0,put,43.78,44.51,44.14,22.01,0,317,0.01488,-1.0,7,239.85
2020-03-16,2020-03-23,287.0,call,0.17,0.23,0.2,0.17,1184,1259,0.64901,0.02551,7,239.85
2020-03-16,2020-03-23,287.0,put,44.53,45.55,45.04,43.2,81,387,0.01488,-1.0,7,239.85
2020-03-16,2020-03-23,288.0,call,0.16,0.2,0.18,0.15,524,2074,0.64901,0.02329,7,239.85
2020-03-16,2020-03-23,288.0,put,45.34,46.87,46.11,43.47,2,415,0.01488,-1.0,7,239.85
2020-03-16,2020-03-23,289.0,call,0.14,0.19,0.17,0.15,1919,4587,0.64901,0.02125,7,239.85
2020-03-16,2020-03-23,289.0,put,46.75,47.42,47.09,43.53,6,215,0.01488,-1.0,7,239.85
2020-03-16,2020-03-23,290.0,call,0.13,0.18,0.15,0.13,7575,10018,0.64901,0.01937,7,239.85
2020-03-16,2020-03-23,290.0,put,47.71,48.48,48.09,50.0,14,1003,0.01488,-1.0,7,239.85
2020-03-16,2020-03-23,291.0,call,0.12,0.17,0.15,0.11,1430,1387,0.65876,0.01909,7,239.85
2020-03-16,2020-03-23,291.0,put,48.7,49.47,49.09,45.0,1,288,0.01488,-1.0,7,239.85
2020-03-16,2020-03-23,292.0,call,0.11,0.15,0.13,0.12,1003,2071,0.65876,0.01741,7,239.85
2020-03-16,2020-03-23,292.0,put,49.68,50.61,50.14,49.43,2,370,0.01488,-1.0,7,239.85
2020-03-16,2020-03-23,293.0,call,0.1,0.14,0.12,0.1,556,11550,0.65876,0.01586,7,239.85
2020-03-16,2020-03-23,293.0,put,50.46,51.67,51.06,28.77,0,440,0.01488,-1.0,7,239.85
2020-03-16,2020-03-23,294.0,call,0.1,0.14,0.12,0.09,1052,1250,0.66852,0.0157,7,239.85
2020-03-16,2020-03-23,294.0,put,51.7,52.44,52.07,50.51,1,291,0.01488,-1.0,7,239.85
2020-03-16,2020-03-23,295.0,call,0.1,0.13,0.12,0.1,1179,0,0.67828,0.01555,7,239.85
2020-03-16,2020-03-23,295.0,put,52.79,53.4,53.09,41.75,21,1812,0.01488,-1.0,7,239.85
2020-03-16,2020-03-23,296.0,call,0.08,0.12,0.1,0.09,639,722,0.66852,0.01303,7,239.85
2020-03-16,2020-03-23,296.0,put,53.57,54.47,54.02,48.37,3,630,0.01488,-1.0,7,239.85
2020-03-16,2020-03-23,297.0,call,0.07,0.12,0.1,0.12,212,1437,0.67828,0.01295,7,239.85
2020-03-16,2020-03-23,297.0,put,54.66,55.43,55.05,47.01,0,903,0.01488,-1.0,7,239.85
2020-03-16,2020-03-23,298.0,call,0.08,0.11,0.1,0.08,308,1490,0.68803,0.01287,7,239.85
2020-03-16,2020-03-23,298.0,put,55.82,56.3,56.06,47.74,1,567,0.01488,-1.0,7,239.85
2020-03-16,2020-03-23,299.0,call,0.07,0.11,0.09,0.06,841,1582,0.68803,0.01175,7,239.85
2020-03-16,2020-03-23,299.0,put,56.81,57.29,57.05,49.65,0,335,0.01488,-1.0,7,239.85
2020-03-16,2020-03-23,300.0,call,0.08,0.1,0.09,0.09,2676,7969,0.69779,0.0117,7,239.85
2020-03-16,2020-03-23,300.0,put,57.82,58.29,58.05,61.0,64,1909,0.01488,-1.0,7,239.85
2020-03-16,2020-03-23,301.0,call,0.06,0.1,0.08,0.07,301,2391,0.69779,0.01069,7,239.85
2020-03-16,2020-03-23,301.0,put,58.8,59.38,59.09,56.43,2,679,0.01488,-1.0,7,239.85
2020-03-16,2020-03-23,302.0,call,0.05,0.09,0.07,0.06,327,1489,0.68803,0.00889,7,239.85
2020-03-16,2020-03-23,302.0,put,59.4,60.69,60.05,60.0,2,262,0.01488,-1.0,7,239.85
2020-03-16,2020-03-23,303.0,call,0.05,0.09,0.07,0.05,417,0,0.69779,0.0089,7,239.85
2020-03-16,2020-03-23,303.0,put,60.61,61.36,60.98,59.0,3,1188,0.01488,-1.0,7,239.85
2020-03-16,2020-03-23,304.0,call,0.05,0.09,0.07,0.12,33,598,0.70754,0.00891,7,239.85
2020-03-16,2020-03-23,304.0,put,61.73,62.32,62.02,51.13,0,372,0.01488,-1.0,7,239.85
2020-03-16,2020-03-23,305.0,call,0.05,0.09,0.07,0.06,424,2564,0.7173,0.00892,7,239.85
2020-03-16,2020-03-23,305.0,put,62.79,63.28,63.03,50.91,2,512,0.01488,-1.0,7,239.85
2020-03-16,2020-03-23,306.0,call,0.04,0.08,0.06,0.05,1017,1391,0.7173,0.00816,7,239.85
2020-03-16,2020-03-23,306.0,put,63.6,64.28,63.94,55.8,1,70,0.01488,-1.0,7,239.85
2020-03-16,2020-03-23,307.0,call,0.04,0.08,0.06,0.06,1162,1121,0.7173,0.00745,7,239.85
2020-03-16,2020-03-23,307.0,put,64.62,65.38,65.0,37.06,0,163,0.01488,-1.0,7,239.85
2020-03-16,2020-03-23,308.0,call,0.04,0.08,0.06,0.06,706,1584,0.72706,0.00749,7,239.85
2020-03-16,2020-03-23,308.0,put,65.59,66.37,65.98,59.16,1,138,0.01488,-1.0,7,239.85
2020-03-16,2020-03-23,309.0,call,0.04,0.08,0.06,0.07,4,3802,0.73681,0.00752,7,239.85
2020-03-16,2020-03-23,309.0,put,66.63,67.34,66.98,55.21,2,364,0.01488,-1.0,7,239.85
2020-03-16,2020-03-23,310.0,call,0.04,0.08,0.06,0.04,1399,2561,0.74657,0.00756,7,239.85
2020-03-16,2020-03-23,310.0,put,67.68,68.38,68.03,62.45,18,546,0.01488,-1.0,7,239.85
2020-03-16,2020-03-23,311.0,call,0.03,0.07,0.05,0.07,1,1813,0.73681,0.00631,7,239.85
2020-03-16,2020-03-23,311.0,put,68.35,69.64,69.0,65.48,1,341,0.01488,-1.0,7,239.85
2020-03-16,2020-03-23,312.0,call,0.05,0.07,0.06,0.07,10,726,0.76608,0.00765,7,239.85
2020-03-16,2020-03-23,312.0,put,69.75,70.48,70.12,32.29,0,240,0.01488,-1.0,7,239.85
2020-03-16,2020-03-23,313.0,call,0.03,0.05,0.04,0.05,14,1954,0.73681,0.00528,7,239.85
2020-03-16,2020-03-23,313.0,put,70.74,71.32,71.03,74.59,117,170,0.01488,-1.0,7,239.85
2020-03-16,2020-03-23,314.0,call,0.03,0.05,0.04,0.04,9,1773,0.74657,0.00533,7,239.85
2020-03-16,2020-03-23,314.0,put,71.64,72.39,72.02,68.48,1,188,0.01488,-1.0,7,239.85
2020-03-16,2020-03-23,315.0,call,0.03,0.07,0.05,0.07,61,5399,0.77583,0.00652,7,239.85
2020-03-16,2020-03-23,315.0,put,72.77,73.64,73.2,67.99,7,335,0.01488,-1.0,7,239.85
2020-03-16,2020-03-23,316.0,call,0.03,0.05,0.04,0.05,59,5548,0.75632,0.00494,7,239.85
2020-03-16,2020-03-23,316.0,put,73.64,74.42,74.03,75.22,5,172,0.01488,-1.0,7,239.85
2020-03-16,2020-03-23,317.0,call,0.02,0.06,0.04,0.03,5,3604,0.76608,0.00501,7,239.85
2020-03-16,2020-03-23,317.0,put,74.59,75.47,75.03,62.86,1,22,0.01488,-1.0,7,239.85
2020-03-16,2020-03-23,318.0,call,0.02,0.06,0.04,0.04,0,2846,0.77583,0.00507,7,239.85
2020-03-16,2020-03-23,318.0,put,75.73,76.38,76.06,69.37,1,147,0.01488,-1.0,7,239.85
2020-03-16,2020-03-23,319.0,call,0.02,0.05,0.04,0.03,13,0,0.78559,0.00514,7,239.85
2020-03-16,2020-03-23,319.0,put,76.58,77.32,76.95,78.7,16,126,0.01488,-1.0,7,239.85
2020-03-16,2020-03-23,320.0,call,0.03,0.04,0.04,0.03,120,3683,0.79535,0.0052,7,239.85
2020-03-16,2020-03-23,320.0,put,77.36,78.65,78.0,75.36,33,258,0.01488,-1.0,7,239.85
2020-03-16,2020-03-23,321.0,call,0.02,0.05,0.04,0.04,42,2758,0.79535,0.00479,7,239.85
2020-03-16,2020-03-23,321.0,put,78.59,79.37,78.98,70.56,1,68,0.01488,-1.0,7,239.85
2020-03-16,2020-03-23,322.0,call,0.02,0.05,0.04,0.06,34,2987,0.8051,0.00486,7,239.85
2020-03-16,2020-03-23,322.0,put,79.47,80.4,79.94,67.02,0,68,0.01488,-1.0,7,239.85
2020-03-16,2020-03-23,323.0,call,0.02,0.05,0.04,0.04,46,2852,0.81486,0.00493,7,239.85
2020-03-16,2020-03-23,323.0,put,79.48,82.61,81.05,74.39,1,280,0.01488,-1.0,7,239.85
2020-03-16,2020-03-23,324.0,call,0.02,0.05,0.04,0.03,1,2895,0.82461,0.005,7,239.85
2020-03-16,2020-03-23,324.0,put,80.48,83.61,82.05,79.66,3,132,0.01488,-1.0,7,239.85
2020-03-16,2020-03-23,325.0,call,0.01,0.05,0.03,0.03,0,3529,0.8051,0.00381,7,239.85
2020-03-16,2020-03-23,325.0,put,81.48,84.61,83.05,80.0,4,1169,0.01488,-1.0,7,239.85
2020-03-16,2020-03-23,326.0,call,0.01,0.05,0.03,0.03,193,0,0.81486,0.00388,7,239.85
2020-03-16,2020-03-23,326.0,put,82.48,85.61,84.05,72.5,0,457,0.01488,-1.0,7,239.85
2020-03-16,2020-03-23,327.0,call,0.03,0.05,0.04,0.04,24,1488,0.84413,0.00476,7,239.85
2020-03-16,2020-03-23,327.0,put,83.48,86.61,85.05,85.46,4,288,0.01488,-1.0,7,239.85
2020-03-16,2020-03-23,328.0,call,0.01,0.04,0.03,0.02,0,1667,0.82461,0.00364,7,239.85
2020-03-16,2020-03-23,328.0,put,84.48,87.61,86.05,81.88,4,197,0.01488,-1.0,7,239.85
2020-03-16,2020-03-23,329.0,call,0.01,0.05,0.03,0.03,3,1166,0.83437,0.00371,7,239.85
2020-03-16,2020-03-23,329.0,put,85.48,88.61,87.05,82.38,8,511,0.01488,-1.0,7,239.85
2020-03-16,2020-03-23,330.0,call,0.01,0.03,0.02,0.03,59,0,0.8051,0.00251,7,239.85
2020-03-16,2020-03-23,330.0,put,86.47,89.61,88.04,52.1,0,300,0.01488,-1.0,7,239.85
2020-03-16,2020-03-23,331.0,call,0.01,0.03,0.02,0.03,44,3528,0.81486,0.00257,7,239.85
2020-03-16,2020-03-23,331.0,put,87.47,90.6,89.03,81.43,2,165,0.01488,-1.0,7,239.85
2020-03-16,2020-03-23,332.0,call,0.01,0.04,0.03,0.03,1,0,0.85388,0.00357,7,239.85
2020-03-16,2020-03-23,332.0,put,88.47,91.6,90.03,82.48,2,453,0.01488,-1.0,7,239.85
2020-03-16,2020-03-23,333.0,call,0.01,0.02,0.01,0.02,24,4126,0.77583,0.00135,7,239.85
2020-03-16,2020-03-23,333.0,put,89.47,92.6,91.03,52.0,0,225,0.01488,-1.0,7,239.85
2020-03-16,2020-03-23,334.0,call,0.01,0.04,0.03,0.02,1,4439,0.86364,0.00338,7,239.85
2020-03-16,2020-03-23,334.0,put,90.47,93.6,92.03,69.56,0,109,0.01488,-1.0,7,239.85
2020-03-16,2020-03-23,335.0,put,91.47,94.6,93.03,80.51,0,134,0.01488,-1.0,7,239.85
2020-03-16,2020-03-23,336.0,put,92.47,95.6,94.03,31.32,0,171,0.01488,-1.0,7,239.85
2020-03-16,2020-03-23,337.0,put,93.47,96.6,95.03,55.72,0,9,0.01488,-1.0,7,239.85
2020-03-16,2020-03-23,338.0,put,94.47,97.6,96.03,46.84,0,18,0.01488,-1.0,7,239.85
2020-03-16,2020-03-23,339.0,put,95.47,98.6,97.03,8.28,0,0,0.01488,-1.0,7,239.85
2020-03-16,2020-03-23,340.0,put,96.47,99.6,98.03,17.15,0,10,0.01488,-1.0,7,239.85
2020-03-16,2020-03-23,341.0,put,97.47,100.6,99.03,54.26,0,3,0.01488,-1.0,7,239.85
2020-03-16,2020-03-23,342.0,put,98.47,101.6,100.03,100.01,1,0,0.01488,-1.0,7,239.85
2020-03-16,2020-03-23,343.0,put,99.47,102.59,101.03,0.0,0,0,0.01488,-1.0,7,239.85
2020-03-16,2020-03-23,344.0,put,100.47,103.59,102.03,20.96,0,1,0.01488,-1.0,7,239.85
2020-03-16,2020-03-23,345.0,put,101.47,104.59,103.03,20.93,0,4,0.01488,-1.0,7,239.85
2020-03-16,2020-03-23,346.0,put,102.47,105.59,104.03,21.91,0,4,0.01488,-1.0,7,239.85
2020-03-16,2020-03-23,347.0,put,103.47,106.59,105.03,0.0,0,0,0.01488,-1.0,7,239.85
2020-03-16,2020-03-23,348.0,put,104.46,107.59,106.03,97.75,0,1,0.01488,-1.0,7,239.85
2020-03-16,2020-03-23,349.0,put,105.46,108.59,107.03,0.0,0,0,0.01488,-1.0,7,239.85
2020-03-16,2020-03-23,350.0,put,106.46,109.59,108.03,67.6,0,120,0.01488,-1.0,7,239.85
2020-03-16,2020-03-23,351.0,put,107.46,110.59,109.03,0.0,0,0,0.01488,-1.0,7,239.85
2020-03-16,2020-03-23,352.0,put,108.46,111.59,110.03,0.0,0,0,0.01488,-1.0,7,239.85
2020-03-16,2020-03-23,353.0,put,109.46,112.59,111.03,0.0,0,0,0.01488,-1.0,7,239.85
2020-03-16,2020-03-23,354.0,put,110.46,113.59,112.03,0.0,0,0,0.01488,-1.0,7,239.85
2020-03-16,2020-03-23,355.0,put,111.46,114.59,113.03,0.0,0,0,0.01488,-1.0,7,239.85
2020-03-16,2020-03-23,356.0,put,112.46,115.59,114.03,0.0,0,0,0.01488,-1.0,7,239.85
2020-03-16,2020-03-23,357.0,put,113.46,116.58,115.02,0.0,0,0,0.01488,-1.0,7,239.85
2020-03-16,2020-03-23,358.0,put,114.46,117.58,116.02,0.0,0,0,0.01488,-1.0,7,239.85
2020-03-16,2020-03-23,359.0,put,115.46,118.58,117.02,0.0,0,0,0.01488,-1.0,7,239.85
2020-03-16,2020-03-23,360.0,put,116.46,119.58,118.02,0.0,0,0,0.01488,-1.0,7,239.85
2020-03-16,2020-03-23,361.0,put,117.46,120.58,119.02,0.0,0,0,0.01488,-1.0,7,239.85
2020-03-16,2020-03-23,362.0,put,118.46,121.58,120.02,0.0,0,0,0.01488,-1.0,7,239.85
2020-03-16,2020-03-23,363.0,put,119.46,122.58,121.02,0.0,0,0,0.01488,-1.0,7,239.85
2020-03-16,2020-03-23,365.0,put,121.46,124.58,123.02,63.54,0,3,0.01488,-1.0,7,239.85
2020-03-16,2020-03-23,370.0,put,126.45,129.58,128.02,114.48,0,151,0.01488,-1.0,7,239.85
2020-03-16,2020-03-25,130.0,call,111.94,114.94,113.44,0.0,0,0,2.9709,0.93898,9,239.85
2020-03-16,2020-03-25,130.0,put,0.17,0.21,0.19,0.2,511,0,1.72215,-0.00819,9,239.85
2020-03-16,2020-03-25,135.0,call,106.96,109.94,108.45,0.0,0,0,2.82457,0.93546,9,239.85
2020-03-16,2020-03-25,135.0,put,0.21,0.25,0.23,0.25,169,0,1.66362,-0.00988,9,239.85
2020-03-16,2020-03-25,140.0,call,102.82,104.35,103.58,0.0,0,0,2.69774,0.93094,9,239.85
2020-03-16,2020-03-25,140.0,put,0.27,0.31,0.29,0.34,370,838,1.62459,-0.0126,9,239.85
2020-03-16,2020-03-25,145.0,call,98.29,98.96,98.62,0.0,0,0,2.57091,0.92628,9,239.85
2020-03-16,2020-03-25,145.0,put,0.33,0.38,0.35,0.43,1130,278,1.57582,-0.01547,9,239.85
2020-03-16,2020-03-25,150.0,call,93.22,93.88,93.55,0.0,0,0,2.41482,0.9233,9,239.85
2020-03-16,2020-03-25,150.0,put,0.41,0.47,0.44,0.54,1087,22,1.53679,-0.01942,9,239.85
2020-03-16,2020-03-25,155.0,call,88.37,88.99,88.68,93.67,10,10,2.3075,0.91716,9,239.85
2020-03-16,2020-03-25,155.0,put,0.52,0.58,0.55,0.68,743,4,1.49777,-0.02418,9,239.85
2020-03-16,2020-03-25,160.0,call,83.33,84.21,83.77,0.0,0,0,2.19043,0.91136,9,239.85
2020-03-16,2020-03-25,160.0,put,0.65,0.71,0.68,0.85,762,127,1.45875,-0.02991,9,239.85
2020-03-16,2020-03-25,165.0,call,78.21,79.44,78.82,83.81,10,10,2.06361,0.90601,9,239.85
2020-03-16,2020-03-25,165.0,put,0.81,0.88,0.84,0.99,1037,3320,1.41972,-0.03675,9,239.85
2020-03-16,2020-03-25,170.0,call,73.22,74.81,74.02,79.2,10,10,1.97581,0.89703,9,239.85
2020-03-16,2020-03-25,170.0,put,1.02,1.1,1.06,1.27,214,531,1.39045,-0.0459,9,239.85
2020-03-16,2020-03-25,170.5,call,73.21,73.94,73.57,0.0,0,0,1.96605,0.89617,9,239.85
2020-03-16,2020-03-25,170.5,put,1.05,1.12,1.08,0.75,63,124,1.3807,-0.04621,9,239.85
2020-03-16,2020-03-25,171.0,call,72.45,73.61,73.03,0.0,0,0,1.94654,0.89616,9,239.85
2020-03-16,2020-03-25,171.0,put,1.07,1.15,1.11,0.81,69,44,1.3807,-0.04753,9,239.85
2020-03-16,2020-03-25,171.5,call,72.13,72.81,72.47,0.0,0,0,1.92703,0.89617,9,239.85
2020-03-16,2020-03-25,171.5,put,1.1,1.17,1.14,0.01,1,257,1.3807,-0.04888,9,239.85
2020-03-16,2020-03-25,172.0,call,71.72,72.53,72.12,77.23,10,10,1.93678,0.89355,9,239.85
2020-03-16,2020-03-25,172.0,put,1.12,1.2,1.16,1.14,11,16,1.37094,-0.04921,9,239.85
2020-03-16,2020-03-25,172.5,call,71.26,72.02,71.64,0.0,0,0,1.92703,0.89266,9,239.85
2020-03-16,2020-03-25,172.5,put,1.15,1.22,1.19,1.13,9,236,1.37094,-0.0506,9,239.85
2020-03-16,2020-03-25,173.0,call,70.72,71.55,71.13,0.0,0,0,1.91727,0.89176,9,239.85
2020-03-16,2020-03-25,173.0,put,1.17,1.25,1.21,1.23,138,326,1.37094,-0.05202,9,239.85
2020-03-16,2020-03-25,173.5,call,69.9,71.37,70.64,0.0,0,0,1.89776,0.89175,9,239.85
2020-03-16,2020-03-25,173.5,put,1.2,1.28,1.24,1.13,14,49,1.36119,-0.05238,9,239.85
2020-03-16,2020-03-25,174.0,call,69.8,70.61,70.2,0.0,0,0,1.89776,0.88995,9,239.85
2020-03-16,2020-03-25,174.0,put,1.23,1.31,1.27,0.95,45,245,1.36119,-0.05383,9,239.85
2020-03-16,2020-03-25,174.5,call,69.41,70.11,69.76,0.0,0,0,1.89776,0.88813,9,239.85
2020-03-16,2020-03-25,174.5,put,1.25,1.33,1.29,1.62,28,328,1.36119,-0.05532,9,239.85
2020-03-16,2020-03-25,175.0,call,68.55,69.84,69.19,0.0,0,0,1.86849,0.88901,9,239.85
2020-03-16,2020-03-25,175.0,put,1.29,1.36,1.33,1.34,83,369,1.35143,-0.05571,9,239.85
2020-03-16,2020-03-25,175.5,call,68.46,69.12,68.79,0.0,0,0,1.86849,0.88716,9,239.85
2020-03-16,2020-03-25,175.5,put,1.31,1.39,1.35,1.71,38,38,1.35143,-0.05724,9,239.85
2020-03-16,2020-03-25,176.0,call,67.85,68.63,68.24,0.0,0,0,1.85874,0.88622,9,239.85
2020-03-16,2020-03-25,176.0,put,1.35,1.42,1.39,1.04,34,115,1.35143,-0.05879,9,239.85
2020-03-16,2020-03-25,176.5,call,67.42,68.19,67.81,72.15,0,1,1.84898,0.88526,9,239.85
2020-03-16,2020-03-25,176.5,put,1.38,1.45,1.42,1.73,29,11,1.35143,-0.06038,9,239.85
2020-03-16,2020-03-25,177.0,call,66.75,67.79,67.27,0.0,0,0,1.82947,0.88524,9,239.85
2020-03-16,2020-03-25,177.0,put,1.41,1.49,1.45,1.25,47,200,1.34167,-0.06082,9,239.85
2020-03-16,2020-03-25,177.5,call,66.5,67.23,66.87,0.0,0,0,1.83922,0.88238,9,239.85
2020-03-16,2020-03-25,177.5,put,1.44,1.52,1.48,1.49,24,41,1.34167,-0.06245,9,239.85
2020-03-16,2020-03-25,178.0,call,65.95,66.63,66.29,0.0,0,0,1.80996,0.8833,9,239.85
2020-03-16,2020-03-25,178.0,put,1.47,1.55,1.51,1.88,15,259,1.33192,-0.06291,9,239.85
2020-03-16,2020-03-25,178.5,call,65.59,66.22,65.91,0.0,0,0,1.81971,0.8804,9,239.85
2020-03-16,2020-03-25,178.5,put,1.51,1.58,1.54,1.62,25,302,1.33192,-0.06458,9,239.85
2020-03-16,2020-03-25,179.0,call,65.08,65.8,65.44,0.0,0,0,1.80996,0.87939,9,239.85
2020-03-16,2020-03-25,179.0,put,1.54,1.62,1.58,1.51,125,127,1.33192,-0.06629,9,239.85
2020-03-16,2020-03-25,179.5,call,64.33,65.48,64.91,0.0,0,0,1.79044,0.87934,9,239.85
2020-03-16,2020-03-25,179.5,put,1.57,1.65,1.61,1.97,16,494,1.32216,-0.06679,9,239.85
2020-03-16,2020-03-25,180.0,call,63.66,65.16,64.41,0.0,0,0,1.78069,0.87832,9,239.85
2020-03-16,2020-03-25,180.0,put,1.61,1.69,1.65,1.63,1010,1628,1.32216,-0.06854,9,239.85
2020-03-16,2020-03-25,180.5,call,63.56,64.38,63.97,0.0,0,0,1.77093,0.87729,9,239.85
2020-03-16,2020-03-25,180.5,put,1.64,1.72,1.68,1.62,120,110,1.32216,-0.07032,9,239.85
2020-03-16,2020-03-25,181.0,call,63.24,63.75,63.5,0.0,0,0,1.76118,0.87625,9,239.85
2020-03-16,2020-03-25,181.0,put,1.68,1.76,1.72,2.04,146,37,1.32216,-0.07214,9,239.85
2020-03-16,2020-03-25,181.5,call,62.62,63.43,63.02,0.0,0,0,1.75142,0.8752,9,239.85
2020-03-16,2020-03-25,181.5,put,1.71,1.8,1.75,1.6,3,12,1.31241,-0.0727,9,239.85
2020-03-16,2020-03-25,182.0,call,62.12,62.93,62.52,0.0,0,0,1.74167,0.87414,9,239.85
2020-03-16,2020-03-25,182.0,put,1.76,1.84,1.8,1.78,81,6,1.31241,-0.07456,9,239.85
2020-03-16,2020-03-25,182.5,call,61.79,62.51,62.15,0.0,0,0,1.75142,0.87105,9,239.85
2020-03-16,2020-03-25,182.5,put,1.79,1.88,1.83,1.77,232,23,1.31241,-0.07646,9,239.85
2020-03-16,2020-03-25,183.0,call,61.15,62.04,61.59,0.0,0,0,1.73191,0.87096,9,239.85
2020-03-16,2020-03-25,183.0,put,1.84,1.92,1.88,2.02,138,191,1.31241,-0.07838,9,239.85
2020-03-16,2020-03-25,183.5,call,60.72,61.52,61.12,0.0,0,0,1.72215,0.86986,9,239.85
2020-03-16,2020-03-25,183.5,put,1.87,1.96,1.92,1.58,70,35,1.30265,-0.07901,9,239.85
2020-03-16,2020-03-25,184.0,call,60.42,60.98,60.7,0.0,0,0,1.7124,0.86875,9,239.85
2020-03-16,2020-03-25,184.0,put,1.92,2.0,1.96,2.47,155,268,1.30265,-0.08099,9,239.85
2020-03-16,2020-03-25,184.5,call,59.86,60.63,60.25,0.0,0,0,1.7124,0.86659,9,239.85
2020-03-16,2020-03-25,184.5,put,1.96,2.04,2.0,2.1,15,27,1.30265,-0.08299,9,239.85
2020-03-16,2020-03-25,185.0,call,59.39,60.18,59.78,0.0,0,0,1.70264,0.86544,9,239.85
2020-03-16,2020-03-25,185.0,put,2.01,2.08,2.04,2.48,334,233,1.2929,-0.08367,9,239.85
2020-03-16,2020-03-25,185.5,call,58.6,59.91,59.25,0.0,0,0,1.68313,0.86534,9,239.85
2020-03-16,2020-03-25,185.5,put,2.05,2.13,2.09,2.56,35,18,1.2929,-0.08573,9,239.85
2020-03-16,2020-03-25,186.0,call,58.4,59.19,58.8,0.0,0,0,1.68313,0.86312,9,239.85
2020-03-16,2020-03-25,186.0,put,2.09,2.17,2.13,2.2,212,129,1.2929,-0.08783,9,239.85
2020-03-16,2020-03-25,186.5,call,58.11,58.77,58.44,0.0,0,0,1.68313,0.86088,9,239.85
2020-03-16,2020-03-25,186.5,put,2.14,2.22,2.18,2.39,52,32,1.28314,-0.08856,9,239.85
2020-03-16,2020-03-25,187.0,call,57.52,58.13,57.83,0.0,0,0,1.65386,0.86182,9,239.85
2020-03-16,2020-03-25,187.0,put,2.19,2.27,2.23,2.1,128,175,1.28314,-0.09071,9,239.85
2020-03-16,2020-03-25,187.5,call,56.9,57.88,57.39,0.0,0,0,1.65386,0.85954,9,239.85
2020-03-16,2020-03-25,187.5,put,2.23,2.31,2.27,1.63,99,43,1.28314,-0.0929,9,239.85
2020-03-16,2020-03-25,188.0,call,56.62,57.27,56.95,0.0,0,0,1.64411,0.85832,9,239.85
2020-03-16,2020-03-25,188.0,put,2.28,2.36,2.32,2.83,130,9,1.28314,-0.09511,9,239.85
2020-03-16,2020-03-25,188.5,call,56.28,56.75,56.52,0.0,0,0,1.64411,0.85599,9,239.85
2020-03-16,2020-03-25,188.5,put,2.32,2.41,2.37,2.38,44,16,1.27338,-0.09592,9,239.85
2020-03-16,2020-03-25,189.0,call,55.83,56.3,56.06,0.0,0,0,1.63435,0.85474,9,239.85
2020-03-16,2020-03-25,189.0,put,2.38,2.46,2.42,1.66,210,513,1.27338,-0.0982,9,239.85
2020-03-16,2020-03-25,189.5,call,55.37,56.05,55.71,0.0,0,0,1.64411,0.85129,9,239.85
2020-03-16,2020-03-25,189.5,put,2.43,2.51,2.47,1.97,10,29,1.27338,-0.10051,9,239.85
2020-03-16,2020-03-25,190.0,call,54.92,55.4,55.16,0.0,0,0,1.62459,0.85109,9,239.85
2020-03-16,2020-03-25,190.0,put,2.5,2.56,2.53,3.11,645,1677,1.27338,-0.10285,9,239.85
2020-03-16,2020-03-25,190.5,call,54.46,54.95,54.7,0.0,0,0,1.61484,0.84978,9,239.85
2020-03-16,2020-03-25,190.5,put,2.53,2.61,2.57,3.16,61,208,1.26363,-0.10375,9,239.85
2020-03-16,2020-03-25,191.0,call,53.87,54.49,54.18,0.0,0,0,1.60508,0.84846,9,239.85
2020-03-16,2020-03-25,191.0,put,2.59,2.67,2.63,2.19,85,123,1.26363,-0.10615,9,239.85
2020-03-16,2020-03-25,191.5,call,53.22,54.26,53.74,0.0,0,0,1.59533,0.84712,9,239.85
2020-03-16,2020-03-25,191.5,put,2.64,2.72,2.68,2.0,65,88,1.26363,-0.10858,9,239.85
2020-03-16,2020-03-25,192.0,call,53.1,53.59,53.34,0.0,0,0,1.59533,0.84465,9,239.85
2020-03-16,2020-03-25,192.0,put,2.7,2.78,2.74,3.39,477,74,1.25387,-0.10955,9,239.85
2020-03-16,2020-03-25,192.5,call,52.52,53.28,52.9,0.0,0,0,1.58557,0.84328,9,239.85
2020-03-16,2020-03-25,192.5,put,2.76,2.83,2.79,1.97,7,102,1.25387,-0.11205,9,239.85
2020-03-16,2020-03-25,193.0,call,51.88,52.86,52.37,0.0,0,0,1.57582,0.84189,9,239.85
2020-03-16,2020-03-25,193.0,put,2.81,2.89,2.85,2.41,1681,258,1.25387,-0.11458,9,239.85
2020-03-16,2020-03-25,193.5,call,51.32,52.42,51.87,0.0,0,0,1.5563,0.84162,9,239.85
2020-03-16,2020-03-25,193.5,put,2.87,2.95,2.91,2.65,175,196,1.24412,-0.11562,9,239.85
2020-03-16,2020-03-25,194.0,call,51.31,51.78,51.55,0.0,0,0,1.56606,0.83792,9,239.85
2020-03-16,2020-03-25,194.0,put,2.93,3.01,2.97,3.38,184,54,1.24412,-0.11821,9,239.85
2020-03-16,2020-03-25,194.5,call,50.86,51.48,51.17,0.0,0,0,1.56606,0.83533,9,239.85
2020-03-16,2020-03-25,194.5,put,2.99,3.07,3.03,3.67,191,21,1.24412,-0.12084,9,239.85
2020-03-16,2020-03-25,195.0,call,50.17,50.87,50.52,0.0,0,0,1.53679,0.83615,9,239.85
2020-03-16,2020-03-25,195.0,put,3.05,3.13,3.09,3.71,571,538,1.24412,-0.1235,9,239.85
2020-03-16,2020-03-25,195.5,call,49.48,50.92,50.2,0.0,0,0,1.54655,0.83237,9,239.85
2020-03-16,2020-03-25,195.5,put,3.11,3.21,3.16,2.49,19,27,1.23436,-0.12465,9,239.85
2020-03-16,2020-03-25,196.0,call,49.53,49.97,49.75,0.0,0,0,1.53679,0.83086,9,239.85
2020-03-16,2020-03-25,196.0,put,3.17,3.27,3.22,3.86,131,374,1.23436,-0.12738,9,239.85
2020-03-16,2020-03-25,196.5,call,49.08,49.73,49.41,0.0,0,0,1.54655,0.82705,9,239.85
2020-03-16,2020-03-25,196.5,put,3.23,3.34,3.29,4.09,214,206,1.23436,-0.13014,9,239.85
2020-03-16,2020-03-25,197.0,call,48.55,49.12,48.83,0.0,0,0,1.52704,0.82663,9,239.85
2020-03-16,2020-03-25,197.0,put,3.3,3.4,3.35,3.08,327,323,1.2246,-0.13137,9,239.85
2020-03-16,2020-03-25,197.5,call,47.85,48.85,48.35,0.0,0,0,1.50752,0.82621,9,239.85
2020-03-16,2020-03-25,197.5,put,3.36,3.47,3.42,4.14,62,38,1.2246,-0.1342,9,239.85
2020-03-16,2020-03-25,198.0,call,47.56,48.2,47.88,0.0,0,0,1.50752,0.82346,9,239.85
2020-03-16,2020-03-25,198.0,put,3.43,3.54,3.49,4.2,176,488,1.2246,-0.13706,9,239.85
2020-03-16,2020-03-25,198.5,call,47.32,47.76,47.54,0.0,0,0,1.50752,0.82068,9,239.85
2020-03-16,2020-03-25,198.5,put,3.5,3.61,3.55,4.19,225,5,1.2246,-0.13996,9,239.85
2020-03-16,2020-03-25,199.0,call,46.88,47.32,47.1,0.0,0,0,1.49777,0.81904,9,239.85
2020-03-16,2020-03-25,199.0,put,3.57,3.68,3.62,4.48,235,100,1.21485,-0.14131,9,239.85
2020-03-16,2020-03-25,199.5,call,46.09,47.14,46.62,0.0,0,0,1.48801,0.81738,9,239.85
2020-03-16,2020-03-25,199.5,put,3.64,3.75,3.7,3.76,39,213,1.21485,-0.14428,9,239.85
2020-03-16,2020-03-25,200.0,call,45.99,46.5,46.25,54.0,1,1,1.48801,0.81453,9,239.85
2020-03-16,2020-03-25,200.0,put,3.72,3.82,3.77,3.66,3085,2234,1.21485,-0.14728,9,239.85
2020-03-16,2020-03-25,201.0,call,44.97,45.58,45.27,0.0,0,0,1.4685,0.81108,9,239.85
2020-03-16,2020-03-25,201.0,put,3.86,3.97,3.92,4.84,294,796,1.20509,-0.1518,9,239.85
2020-03-16,2020-03-25,202.0,call,44.14,44.74,44.44,0.0,0,0,1.45875,0.80636,9,239.85
2020-03-16,2020-03-25,202.0,put,4.01,4.13,4.07,5.0,687,335,1.20509,-0.15804,9,239.85
2020-03-16,2020-03-25,203.0,call,43.13,44.0,43.56,42.81,1,0,1.43923,0.80272,9,239.85
2020-03-16,2020-03-25,203.0,put,4.17,4.3,4.23,4.34,611,372,1.19534,-0.16284,9,239.85
2020-03-16,2020-03-25,204.0,call,42.53,43.09,42.81,0.0,0,0,1.43923,0.79662,9,239.85
2020-03-16,2020-03-25,204.0,put,4.33,4.45,4.39,5.42,162,147,1.18558,-0.16777,9,239.85
2020-03-16,2020-03-25,205.0,call,41.64,42.3,41.97,48.2,1,1,1.42948,0.79159,9,239.85
2020-03-16,2020-03-25,205.0,put,4.5,4.62,4.56,5.65,523,555,1.18558,-0.17444,9,239.85
2020-03-16,2020-03-25,206.0,call,40.69,41.34,41.02,0.0,0,0,1.40997,0.7876,9,239.85
2020-03-16,2020-03-25,206.0,put,4.66,4.79,4.72,5.58,214,205,1.17583,-0.17967,9,239.85
2020-03-16,2020-03-25,207.0,call,40.06,40.61,40.34,0.0,0,0,1.40997,0.7812,9,239.85
2020-03-16,2020-03-25,207.0,put,4.83,4.97,4.9,5.84,1316,72,1.16607,-0.18504,9,239.85
2020-03-16,2020-03-25,208.0,call,39.22,39.66,39.44,0.0,0,0,1.40021,0.77584,9,239.85
2020-03-16,2020-03-25,208.0,put,5.01,5.15,5.08,5.25,154,117,1.16607,-0.19215,9,239.85
2020-03-16,2020-03-25,209.0,call,38.38,38.85,38.62,0.0,0,0,1.3807,0.77148,9,239.85
2020-03-16,2020-03-25,209.0,put,5.19,5.34,5.27,6.4,133,561,1.15631,-0.19783,9,239.85
2020-03-16,2020-03-25,210.0,call,37.56,38.01,37.78,0.0,0,0,1.37094,0.76587,9,239.85
2020-03-16,2020-03-25,210.0,put,5.37,5.53,5.45,6.19,956,1491,1.15631,-0.20523,9,239.85
2020-03-16,2020-03-25,211.0,call,36.59,37.19,36.89,47.71,3,0,1.35143,0.76124,9,239.85
2020-03-16,2020-03-25,211.0,put,5.56,5.73,5.64,6.42,353,734,1.14656,-0.21123,9,239.85
2020-03-16,2020-03-25,212.0,call,35.92,36.38,36.15,45.36,3,0,1.35143,0.75428,9,239.85
2020-03-16,2020-03-25,212.0,put,5.76,5.94,5.85,6.94,816,279,1.1368,-0.21739,9,239.85
2020-03-16,2020-03-25,213.0,call,34.96,35.56,35.26,43.29,2,0,1.33192,0.74937,9,239.85
2020-03-16,2020-03-25,213.0,put,5.96,6.15,6.05,7.4,190,199,1.1368,-0.22522,9,239.85
2020-03-16,2020-03-25,214.0,call,34.21,34.75,34.48,0.0,0,0,1.32216,0.74324,9,239.85
2020-03-16,2020-03-25,214.0,put,6.15,6.35,6.25,6.49,242,211,1.12705,-0.23172,9,239.85
2020-03-16,2020-03-25,215.0,call,33.51,33.97,33.74,41.65,5,0,1.32216,0.73595,9,239.85
2020-03-16,2020-03-25,215.0,put,6.36,6.58,6.47,7.65,304,816,1.11729,-0.23839,9,239.85
2020-03-16,2020-03-25,216.0,call,32.68,33.17,32.92,40.72,1,0,1.30265,0.73059,9,239.85
2020-03-16,2020-03-25,216.0,put,6.58,6.8,6.69,7.93,149,499,1.10753,-0.24524,9,239.85
2020-03-16,2020-03-25,217.0,call,31.97,32.39,32.18,39.9,1,1,1.30265,0.72308,9,239.85
2020-03-16,2020-03-25,217.0,put,6.8,7.01,6.9,7.04,160,384,1.10753,-0.25367,9,239.85
2020-03-16,2020-03-25,218.0,call,31.07,31.61,31.34,39.08,16,0,1.28314,0.71739,9,239.85
2020-03-16,2020-03-25,218.0,put,7.03,7.25,7.14,8.73,102,237,1.09778,-0.26087,9,239.85
2020-03-16,2020-03-25,219.0,call,30.42,30.84,30.63,38.12,28,0,1.28314,0.70966,9,239.85
2020-03-16,2020-03-25,219.0,put,7.27,7.52,7.39,8.12,95,299,1.08802,-0.26826,9,239.85
2020-03-16,2020-03-25,220.0,call,29.61,30.09,29.85,35.0,1,0,1.26363,0.70364,9,239.85
2020-03-16,2020-03-25,220.0,put,7.52,7.78,7.65,7.91,2662,1402,1.08802,-0.27712,9,239.85
2020-03-16,2020-03-25,221.0,call,28.9,29.35,29.12,37.21,7,0,1.26363,0.69568,9,239.85
2020-03-16,2020-03-25,221.0,put,7.77,8.03,7.9,8.98,65,317,1.07827,-0.28487,9,239.85
2020-03-16,2020-03-25,222.0,call,28.16,28.61,28.38,38.28,28,0,1.25387,0.68848,9,239.85
2020-03-16,2020-03-25,222.0,put,8.02,8.3,8.16,9.54,127,213,1.06851,-0.29281,9,239.85
2020-03-16,2020-03-25,223.0,call,27.42,27.88,27.65,36.1,3,0,1.24412,0.68113,9,239.85
2020-03-16,2020-03-25,223.0,put,8.29,8.58,8.43,10.13,465,123,1.06851,-0.30209,9,239.85
2020-03-16,2020-03-25,224.0,call,26.69,27.15,26.92,29.56,10,0,1.23436,0.67363,9,239.85
2020-03-16,2020-03-25,224.0,put,8.57,8.87,8.72,10.01,74,543,1.05875,-0.3104,9,239.85
2020-03-16,2020-03-25,225.0,call,25.93,26.43,26.18,28.81,166,0,1.2246,0.66598,9,239.85
2020-03-16,2020-03-25,225.0,put,8.85,9.17,9.01,9.5,800,457,1.049,-0.31891,9,239.85
2020-03-16,2020-03-25,226.0,call,25.21,25.77,25.49,29.96,3,0,1.21485,0.65818,9,239.85
2020-03-16,2020-03-25,226.0,put,9.14,9.47,9.3,10.49,212,305,1.049,-0.32859,9,239.85
2020-03-16,2020-03-25,227.0,call,24.53,25.01,24.77,27.93,24,10,1.20509,0.65022,9,239.85
2020-03-16,2020-03-25,227.0,put,9.44,9.78,9.61,10.21,150,128,1.03924,-0.33746,9,239.85
2020-03-16,2020-03-25,228.0,call,23.79,24.31,24.05,26.69,84,0,1.19534,0.64212,9,239.85
2020-03-16,2020-03-25,228.0,put,9.74,10.09,9.91,11.63,200,232,1.02949,-0.34655,9,239.85
2020-03-16,2020-03-25,229.0,call,23.11,23.61,23.36,26.59,141,0,1.18558,0.63385,9,239.85
2020-03-16,2020-03-25,229.0,put,10.04,10.39,10.21,10.69,95,163,1.01973,-0.35586,9,239.85
2020-03-16,2020-03-25,230.0,call,22.42,22.92,22.67,26.95,265,49,1.17583,0.62543,9,239.85
2020-03-16,2020-03-25,230.0,put,10.34,10.71,10.53,10.57,4313,3111,1.01973,-0.36605,9,239.85
2020-03-16,2020-03-25,231.0,call,21.72,22.24,21.98,26.19,178,0,1.16607,0.61685,9,239.85
2020-03-16,2020-03-25,231.0,put,10.64,11.04,10.84,11.0,204,64,1.00998,-0.37572,9,239.85
2020-03-16,2020-03-25,232.0,call,21.06,21.56,21.31,25.49,62,0,1.15631,0.60811,9,239.85
2020-03-16,2020-03-25,232.0,put,10.97,11.37,11.17,13.12,276,168,1.00022,-0.38561,9,239.85
2020-03-16,2020-03-25,233.0,call,20.37,20.89,20.63,25.47,120,0,1.14656,0.59921,9,239.85
2020-03-16,2020-03-25,233.0,put,11.3,11.72,11.51,11.98,329,631,0.99046,-0.39571,9,239.85
2020-03-16,2020-03-25,234.0,call,19.71,20.24,19.98,25.59,103,1,1.1368,0.59015,9,239.85
2020-03-16,2020-03-25,234.0,put,11.64,12.08,11.86,12.35,472,292,0.98071,-0.40604,9,239.85
2020-03-16,2020-03-25,235.0,call,19.05,19.59,19.32,22.74,164,1,1.12705,0.58093,9,239.85
2020-03-16,2020-03-25,235.0,put,11.99,12.44,12.21,12.01,567,1114,0.98071,-0.41681,9,239.85
2020-03-16,2020-03-25,236.0,call,18.41,18.95,18.68,21.59,18,2,1.11729,0.57154,9,239.85
2020-03-16,2020-03-25,236.0,put,12.34,12.81,12.57,14.97,393,414,0.97095,-0.42749,9,239.85
2020-03-16,2020-03-25,237.0,call,17.77,18.31,18.04,20.29,66,1,1.10753,0.562,9,239.85
2020-03-16,2020-03-25,237.0,put,12.7,13.19,12.95,15.3,199,207,0.9612,-0.43838,9,239.85
2020-03-16,2020-03-25,238.0,call,17.15,17.68,17.41,15.36,73,10,1.09778,0.5523,9,239.85
2020-03-16,2020-03-25,238.0,put,13.08,13.57,13.32,13.93,312,573,0.95144,-0.44949,9,239.85
2020-03-16,2020-03-25,239.0,call,16.51,17.06,16.79,14.99,239,11,1.08802,0.54243,9,239.85
2020-03-16,2020-03-25,239.0,put,13.46,13.96,13.71,15.4,133,603,0.94168,-0.46082,9,239.85
2020-03-16,2020-03-25,240.0,call,15.92,16.3,16.11,14.34,337,22,1.07827,0.53241,9,239.85
2020-03-16,2020-03-25,240.0,put,13.88,14.36,14.12,14.5,2348,1343,0.93193,-0.47237,9,239.85
2020-03-16,2020-03-25,241.0,call,15.3,15.87,15.59,13.65,134,36,1.07827,0.52264,9,239.85
2020-03-16,2020-03-25,241.0,put,14.26,14.78,14.52,16.9,450,311,0.92217,-0.48413,9,239.85
2020-03-16,2020-03-25,242.0,call,14.72,15.29,15.0,13.65,168,40,1.06851,0.51239,9,239.85
2020-03-16,2020-03-25,242.0,put,14.67,15.21,14.94,15.0,451,707,0.92217,-0.49553,9,239.85
2020-03-16,2020-03-25,243.0,call,14.16,14.73,14.45,13.15,144,111,1.05875,0.502,9,239.85
2020-03-16,2020-03-25,243.0,put,15.11,15.65,15.38,17.86,200,550,0.91242,-0.50758,9,239.85
2020-03-16,2020-03-25,244.0,call,13.6,14.16,13.88,12.1,262,253,1.049,0.49146,9,239.85
2020-03-16,2020-03-25,244.0,put,15.55,16.09,15.82,15.11,428,622,0.90266,-0.51983,9,239.85
2020-03-16,2020-03-25,245.0,call,13.05,13.6,13.32,11.52,351,224,1.03924,0.48077,9,239.85
2020-03-16,2020-03-25,245.0,put,15.99,16.54,16.27,18.58,1434,1736,0.89291,-0.53227,9,239.85
2020-03-16,2020-03-25,246.0,call,12.6,13.04,12.82,10.98,414,243,1.02949,0.46995,9,239.85
2020-03-16,2020-03-25,246.0,put,16.47,16.99,16.73,19.32,205,1159,0.88315,-0.5449,9,239.85
2020-03-16,2020-03-25,247.0,call,11.98,12.5,12.24,10.47,747,316,1.01973,0.45898,9,239.85
2020-03-16,2020-03-25,247.0,put,16.93,17.46,17.2,17.0,1025,278,0.87339,-0.55771,9,239.85
2020-03-16,2020-03-25,248.0,call,11.45,11.97,11.71,10.01,150,463,1.00998,0.44788,9,239.85
2020-03-16,2020-03-25,248.0,put,17.41,18.09,17.75,18.38,497,367,0.87339,-0.56931,9,239.85
2020-03-16,2020-03-25,249.0,call,10.93,11.43,11.18,9.62,328,169,1.00022,0.43666,9,239.85
2020-03-16,2020-03-25,249.0,put,17.52,18.56,18.04,20.19,369,583,0.84413,-0.58539,9,239.85
2020-03-16,2020-03-25,250.0,call,10.42,10.91,10.66,10.2,454,1251,0.99046,0.42531,9,239.85
2020-03-16,2020-03-25,250.0,put,18.32,18.88,18.6,18.7,1419,2406,0.84413,-0.59714,9,239.85
2020-03-16,2020-03-25,251.0,call,9.92,10.39,10.16,9.15,335,189,0.98071,0.41385,9,239.85
2020-03-16,2020-03-25,251.0,put,18.81,19.76,19.29,21.42,330,361,0.84413,-0.60875,9,239.85
2020-03-16,2020-03-25,252.0,call,9.43,9.89,9.66,8.91,118,394,0.97095,0.40227,9,239.85
2020-03-16,2020-03-25,252.0,put,19.29,19.98,19.63,22.31,198,982,0.82461,-0.62415,9,239.85
2020-03-16,2020-03-25,253.0,call,8.97,9.39,9.18,10.12,309,236,0.9612,0.3906,9,239.85
2020-03-16,2020-03-25,253.0,put,19.9,20.38,20.14,23.0,107,731,0.8051,-0.64002,9,239.85
2020-03-16,2020-03-25,254.0,call,8.5,8.89,8.7,7.34,498,258,0.95144,0.37883,9,239.85
2020-03-16,2020-03-25,254.0,put,20.43,21.0,20.71,22.51,70,347,0.8051,-0.65162,9,239.85
2020-03-16,2020-03-25,255.0,call,8.02,8.43,8.22,6.96,2566,573,0.94168,0.36698,9,239.85
2020-03-16,2020-03-25,255.0,put,20.96,21.44,21.2,24.3,355,1209,0.78559,-0.66798,9,239.85
2020-03-16,2020-03-25,256.0,call,7.58,7.97,7.78,6.51,182,357,0.93193,0.35506,9,239.85
2020-03-16,2020-03-25,256.0,put,21.52,21.97,21.74,22.0,147,762,0.77583,-0.68206,9,239.85
2020-03-16,2020-03-25,257.0,call,7.13,7.5,7.31,6.71,259,227,0.92217,0.34307,9,239.85
2020-03-16,2020-03-25,257.0,put,22.08,22.51,22.3,25.5,106,532,0.75632,-0.69903,9,239.85
2020-03-16,2020-03-25,258.0,call,6.69,7.04,6.87,7.44,244,547,0.90266,0.32876,9,239.85
2020-03-16,2020-03-25,258.0,put,22.64,23.06,22.85,26.03,58,518,0.74657,-0.71332,9,239.85
2020-03-16,2020-03-25,259.0,call,6.28,6.62,6.45,6.12,38,298,0.89291,0.31657,9,239.85
2020-03-16,2020-03-25,259.0,put,23.21,23.76,23.48,20.1,38,582,0.73681,-0.72759,9,239.85
2020-03-16,2020-03-25,260.0,call,5.87,6.19,6.03,6.0,780,1110,0.88315,0.30436,9,239.85
2020-03-16,2020-03-25,260.0,put,23.78,24.23,24.01,27.15,300,1177,0.7173,-0.74515,9,239.85
2020-03-16,2020-03-25,261.0,call,5.48,5.76,5.62,4.84,320,233,0.87339,0.29214,9,239.85
2020-03-16,2020-03-25,261.0,put,24.39,24.79,24.59,27.56,67,424,0.69779,-0.76297,9,239.85
2020-03-16,2020-03-25,262.0,call,5.07,5.35,5.21,4.9,923,696,0.86364,0.27992,9,239.85
2020-03-16,2020-03-25,262.0,put,24.88,25.42,25.15,21.0,11,444,0.67828,-0.78098,9,239.85
2020-03-16,2020-03-25,263.0,call,4.69,4.96,4.83,4.5,269,1015,0.84413,0.26487,9,239.85
2020-03-16,2020-03-25,263.0,put,25.6,25.99,25.8,27.0,76,604,0.65876,-0.7991,9,239.85
2020-03-16,2020-03-25,264.0,call,4.33,4.57,4.45,3.64,969,1040,0.83437,0.25263,9,239.85
2020-03-16,2020-03-25,264.0,put,26.24,26.87,26.55,27.76,67,445,0.64901,-0.81321,9,239.85
2020-03-16,2020-03-25,265.0,call,3.97,4.2,4.08,3.32,603,1386,0.82461,0.24045,9,239.85
2020-03-16,2020-03-25,265.0,put,26.87,27.29,27.08,30.0,54,1607,0.61974,-0.83531,9,239.85
2020-03-16,2020-03-25,266.0,call,3.63,3.84,3.73,3.0,296,760,0.8051,0.22517,9,239.85
2020-03-16,2020-03-25,266.0,put,27.55,27.91,27.73,27.71,48,217,0.59047,-0.85748,9,239.85
2020-03-16,2020-03-25,267.0,call,3.35,3.5,3.42,2.72,574,938,0.79535,0.21311,9,239.85
2020-03-16,2020-03-25,267.0,put,28.22,28.58,28.4,26.68,38,269,0.57096,-0.87504,9,239.85
2020-03-16,2020-03-25,268.0,call,3.01,3.19,3.1,3.06,576,969,0.78559,0.20118,9,239.85
2020-03-16,2020-03-25,268.0,put,28.81,29.31,29.06,32.9,550,318,0.53194,-0.90079,9,239.85
2020-03-16,2020-03-25,269.0,call,2.72,2.88,2.8,2.82,1495,380,0.76608,0.18598,9,239.85
2020-03-16,2020-03-25,269.0,put,29.62,29.97,29.8,32.6,66,198,0.50267,-0.92115,9,239.85
2020-03-16,2020-03-25,270.0,call,2.45,2.6,2.53,2.14,2509,649,0.75632,0.17435,9,239.85
2020-03-16,2020-03-25,270.0,put,30.22,30.73,30.48,32.11,81,639,0.45389,-0.9479,9,239.85
2020-03-16,2020-03-25,271.0,call,2.19,2.33,2.26,2.41,977,586,0.74657,0.16294,9,239.85
2020-03-16,2020-03-25,271.0,put,31.09,31.6,31.34,29.38,9,233,0.41487,-0.96718,9,239.85
2020-03-16,2020-03-25,272.0,call,1.96,2.08,2.02,1.53,1816,59,0.72706,0.1482,9,239.85
2020-03-16,2020-03-25,272.0,put,31.71,32.4,32.05,31.85,3,669,0.01488,-1.0,9,239.85
2020-03-16,2020-03-25,273.0,call,1.73,1.85,1.79,1.7,773,735,0.7173,0.13731,9,239.85
2020-03-16,2020-03-25,273.0,put,32.61,33.06,32.84,34.48,4,390,0.01488,-1.0,9,239.85
2020-03-16,2020-03-25,274.0,call,1.52,1.65,1.58,1.27,1009,341,0.70754,0.12673,9,239.85
2020-03-16,2020-03-25,274.0,put,33.41,33.94,33.67,35.0,7,323,0.01488,-1.0,9,239.85
2020-03-16,2020-03-25,275.0,call,1.33,1.47,1.4,1.32,1644,181,0.69779,0.11648,9,239.85
2020-03-16,2020-03-25,275.0,put,34.16,34.74,34.45,34.22,111,600,0.01488,-1.0,9,239.85
2020-03-16,2020-03-25,276.0,call,1.16,1.29,1.23,0.87,601,507,0.67828,0.10307,9,239.85
2020-03-16,2020-03-25,276.0,put,34.91,35.58,35.24,33.74,28,680,0.01488,-1.0,9,239.85
2020-03-16,2020-03-25,277.0,call,1.01,1.13,1.07,0.94,639,682,0.66852,0.09363,9,239.85
2020-03-16,2020-03-25,277.0,put,35.63,36.51,36.07,34.51,16,459,0.01488,-1.0,9,239.85
2020-03-16,2020-03-25,278.0,call,0.87,1.0,0.94,0.66,1333,1298,0.65876,0.08463,9,239.85
2020-03-16,2020-03-25,278.0,put,36.57,37.3,36.94,33.0,2,650,0.01488,-1.0,9,239.85
2020-03-16,2020-03-25,279.0,call,0.75,0.87,0.81,0.84,782,3296,0.64901,0.07606,9,239.85
2020-03-16,2020-03-25,279.0,put,37.44,38.19,37.81,29.52,6,519,0.01488,-1.0,9,239.85
2020-03-16,2020-03-25,280.0,call,0.65,0.77,0.71,0.72,3069,5463,0.63925,0.06797,9,239.85
2020-03-16,2020-03-25,280.0,put,38.3,39.15,38.72,42.0,110,687,0.01488,-1.0,9,239.85
2020-03-16,2020-03-25,281.0,call,0.56,0.67,0.61,0.57,4412,8203,0.6295,0.06035,9,239.85
2020-03-16,2020-03-25,281.0,put,39.27,39.96,39.62,36.2,18,1590,0.01488,-1.0,9,239.85
2020-03-16,2020-03-25,282.0,call,0.49,0.59,0.54,0.44,4091,6099,0.6295,0.05617,9,239.85
2020-03-16,2020-03-25,282.0,put,40.34,40.91,40.62,42.5,21,420,0.01488,-1.0,9,239.85
2020-03-16,2020-03-25,283.0,call,0.43,0.52,0.47,0.35,1242,3962,0.61974,0.0494,9,239.85
2020-03-16,2020-03-25,283.0,put,40.77,42.14,41.45,35.3,10,186,0.01488,-1.0,9,239.85
2020-03-16,2020-03-25,284.0,call,0.38,0.46,0.42,0.3,1773,2715,0.61974,0.04581,9,239.85
2020-03-16,2020-03-25,284.0,put,42.03,42.8,42.41,36.22,11,373,0.01488,-1.0,9,239.85
2020-03-16,2020-03-25,285.0,call,0.33,0.41,0.37,0.29,2650,4641,0.60999,0.03988,9,239.85
2020-03-16,2020-03-25,285.0,put,42.9,43.77,43.34,39.13,10,480,0.01488,-1.0,9,239.85
2020-03-16,2020-03-25,286.0,call,0.3,0.37,0.33,0.24,3533,5232,0.60999,0.03683,9,239.85
2020-03-16,2020-03-25,286.0,put,44.04,44.67,44.36,41.33,4,2805,0.01488,-1.0,9,239.85
2020-03-16,2020-03-25,287.0,call,0.27,0.34,0.31,0.23,1703,2734,0.60999,0.03399,9,239.85
2020-03-16,2020-03-25,287.0,put,44.91,45.71,45.31,39.14,2,330,0.01488,-1.0,9,239.85
2020-03-16,2020-03-25,288.0,call,0.24,0.31,0.28,0.22,2047,1927,0.60999,0.03134,9,239.85
2020-03-16,2020-03-25,288.0,put,45.88,46.65,46.27,46.47,1,219,0.01488,-1.0,9,239.85
2020-03-16,2020-03-25,289.0,call,0.22,0.28,0.25,0.2,1511,2539,0.60999,0.02887,9,239.85
2020-03-16,2020-03-25,289.0,put,46.85,47.7,47.28,41.52,2,411,0.01488,-1.0,9,239.85
2020-03-16,2020-03-25,290.0,call,0.2,0.26,0.23,0.2,4414,3660,0.60999,0.02657,9,239.85
2020-03-16,2020-03-25,290.0,put,47.83,48.61,48.22,50.22,39,1260,0.01488,-1.0,9,239.85
2020-03-16,2020-03-25,291.0,call,0.18,0.24,0.21,0.17,3319,2563,0.60999,0.02444,9,239.85
2020-03-16,2020-03-25,291.0,put,48.8,49.46,49.13,41.2,1,194,0.01488,-1.0,9,239.85
2020-03-16,2020-03-25,292.0,call,0.17,0.22,0.2,0.18,2987,3703,0.61974,0.02428,9,239.85
2020-03-16,2020-03-25,292.0,put,49.9,50.57,50.23,42.16,2,136,0.01488,-1.0,9,239.85
2020-03-16,2020-03-25,293.0,call,0.15,0.2,0.17,0.14,4251,1134,0.60999,0.02062,9,239.85
2020-03-16,2020-03-25,293.0,put,50.96,51.43,51.2,47.54,3,419,0.01488,-1.0,9,239.85
2020-03-16,2020-03-25,294.0,call,0.14,0.19,0.17,0.15,1579,937,0.61974,0.02055,9,239.85
2020-03-16,2020-03-25,294.0,put,51.66,53.07,52.36,45.75,13,318,0.01488,-1.0,9,239.85
2020-03-16,2020-03-25,295.0,call,0.13,0.18,0.15,0.12,1405,1892,0.61974,0.01888,9,239.85
2020-03-16,2020-03-25,295.0,put,52.76,53.41,53.08,51.76,7,411,0.01488,-1.0,9,239.85
2020-03-16,2020-03-25,296.0,call,0.12,0.17,0.15,0.14,868,1333,0.6295,0.01886,9,239.85
2020-03-16,2020-03-25,296.0,put,53.75,54.4,54.08,60.1,1,102,0.01488,-1.0,9,239.85
2020-03-16,2020-03-25,297.0,call,0.11,0.16,0.14,0.11,232,1724,0.6295,0.01734,9,239.85
2020-03-16,2020-03-25,297.0,put,54.71,55.6,55.16,29.06,0,197,0.01488,-1.0,9,239.85
2020-03-16,2020-03-25,298.0,call,0.1,0.15,0.12,0.1,240,662,0.61974,0.01458,9,239.85
2020-03-16,2020-03-25,298.0,put,55.81,56.53,56.17,52.44,2,251,0.01488,-1.0,9,239.85
2020-03-16,2020-03-25,299.0,call,0.1,0.14,0.12,0.1,514,0,0.6295,0.01463,9,239.85
2020-03-16,2020-03-25,299.0,put,56.69,57.59,57.14,59.0,2,109,0.01488,-1.0,9,239.85
2020-03-16,2020-03-25,300.0,call,0.09,0.13,0.11,0.11,2380,4575,0.6295,0.01342,9,239.85
2020-03-16,2020-03-25,300.0,put,57.72,58.42,58.07,56.35,4,2866,0.01488,-1.0,9,239.85
2020-03-16,2020-03-25,301.0,call,0.08,0.13,0.11,0.1,112,1204,0.63925,0.0135,9,239.85
2020-03-16,2020-03-25,301.0,put,58.71,59.45,59.08,57.32,1,62,0.01488,-1.0,9,239.85
2020-03-16,2020-03-25,302.0,call,0.08,0.12,0.1,0.07,73,2062,0.63925,0.0124,9,239.85
2020-03-16,2020-03-25,302.0,put,59.88,60.48,60.18,60.5,7,131,0.01488,-1.0,9,239.85
2020-03-16,2020-03-25,303.0,call,0.07,0.12,0.1,0.09,47,3141,0.64901,0.01249,9,239.85
2020-03-16,2020-03-25,303.0,put,60.68,61.54,61.11,33.75,0,2007,0.01488,-1.0,9,239.85
2020-03-16,2020-03-25,304.0,call,0.07,0.08,0.08,0.11,58,1759,0.63925,0.01043,9,239.85
2020-03-16,2020-03-25,304.0,put,61.85,62.34,62.09,54.0,0,556,0.01488,-1.0,9,239.85
2020-03-16,2020-03-25,305.0,call,0.06,0.11,0.08,0.06,50,2815,0.63925,0.00956,9,239.85
2020-03-16,2020-03-25,305.0,put,62.68,63.39,63.03,48.75,0,762,0.01488,-1.0,9,239.85
2020-03-16,2020-03-25,306.0,call,0.06,0.1,0.08,0.08,23,853,0.64901,0.00968,9,239.85
2020-03-16,2020-03-25,306.0,put,63.64,64.45,64.05,57.43,0,301,0.01488,-1.0,9,239.85
2020-03-16,2020-03-25,307.0,call,0.06,0.1,0.08,0.07,16,1215,0.65876,0.0098,9,239.85
2020-03-16,2020-03-25,307.0,put,64.84,65.45,65.15,60.69,2,43,0.01488,-1.0,9,239.85
2020-03-16,2020-03-25,308.0,call,0.05,0.09,0.07,0.06,188,728,0.65876,0.00901,9,239.85
2020-03-16,2020-03-25,308.0,put,65.83,66.53,66.18,55.66,1,157,0.01488,-1.0,9,239.85
2020-03-16,2020-03-25,309.0,call,0.05,0.09,0.07,0.1,21,961,0.65876,0.00827,9,239.85
2020-03-16,2020-03-25,309.0,put,66.67,67.48,67.08,57.7,0,149,0.01488,-1.0,9,239.85
2020-03-16,2020-03-25,310.0,call,0.05,0.07,0.06,0.04,97,3447,0.65876,0.00759,9,239.85
2020-03-16,2020-03-25,310.0,put,67.78,68.4,68.09,62.0,4,166,0.01488,-1.0,9,239.85
2020-03-16,2020-03-25,311.0,call,0.04,0.08,0.06,0.05,11,810,0.66852,0.00773,9,239.85
2020-03-16,2020-03-25,311.0,put,68.74,69.44,69.09,63.61,4,86,0.01488,-1.0,9,239.85
2020-03-16,2020-03-25,312.0,call,0.04,0.07,0.06,0.07,13,0,0.66852,0.0071,9,239.85
2020-03-16,2020-03-25,312.0,put,69.73,70.27,70.0,57.3,0,51,0.01488,-1.0,9,239.85
2020-03-16,2020-03-25,313.0,call,0.04,0.08,0.06,0.06,4,0,0.67828,0.00723,9,239.85
2020-03-16,2020-03-25,313.0,put,70.69,71.31,71.0,65.16,10,124,0.01488,-1.0,9,239.85
2020-03-16,2020-03-25,314.0,call,0.04,0.07,0.06,0.06,2,1167,0.68803,0.00737,9,239.85
2020-03-16,2020-03-25,314.0,put,71.83,72.43,72.13,66.32,4,746,0.01488,-1.0,9,239.85
2020-03-16,2020-03-25,315.0,call,0.03,0.06,0.04,0.05,12,1019,0.66852,0.00549,9,239.85
2020-03-16,2020-03-25,315.0,put,72.81,73.31,73.06,70.2,3,588,0.01488,-1.0,9,239.85
2020-03-16,2020-03-25,316.0,call,0.03,0.07,0.05,0.04,0,504,0.68803,0.00625,9,239.85
2020-03-16,2020-03-25,316.0,put,73.58,74.55,74.06,58.71,0,48,0.01488,-1.0,9,239.85
2020-03-16,2020-03-25,317.0,call,0.03,0.07,0.05,0.03,0,377,0.69779,0.00639,9,239.85
2020-03-16,2020-03-25,317.0,put,74.82,75.63,75.22,52.42,0,52,0.01488,-1.0,9,239.85
2020-03-16,2020-03-25,318.0,call,0.03,0.07,0.05,0.05,0,662,0.69779,0.00589,9,239.85
2020-03-16,2020-03-25,318.0,put,75.64,76.4,76.02,41.91,0,16,0.01488,-1.0,9,239.85
2020-03-16,2020-03-25,319.0,call,0.03,0.07,0.05,0.02,0,1707,0.70754,0.00603,9,239.85
2020-03-16,2020-03-25,319.0,put,76.24,77.77,77.0,17.2,0,29,0.01488,-1.0,9,239.85
2020-03-16,2020-03-25,320.0,call,0.04,0.05,0.04,0.04,63,3326,0.69779,0.005,9,239.85
2020-03-16,2020-03-25,320.0,put,77.66,78.39,78.03,72.18,3,169,0.01488,-1.0,9,239.85
2020-03-16,2020-03-25,321.0,call,0.03,0.06,0.04,0.06,0,2005,0.70754,0.00513,9,239.85
2020-03-16,2020-03-25,321.0,put,78.63,79.38,79.0,67.0,0,12,0.01488,-1.0,9,239.85
2020-03-16,2020-03-25,322.0,call,0.02,0.05,0.04,0.04,1,166,0.70754,0.00473,9,239.85
2020-03-16,2020-03-25,322.0,put,79.69,80.47,80.08,47.46,0,48,0.01488,-1.0,9,239.85
2020-03-16,2020-03-25,323.0,call,0.04,0.05,0.04,0.01,1,333,0.7173,0.00486,9,239.85
2020-03-16,2020-03-25,323.0,put,80.67,81.47,81.07,45.78,0,152,0.01488,-1.0,9,239.85
2020-03-16,2020-03-25,324.0,call,0.02,0.06,0.04,0.03,20,857,0.72706,0.00499,9,239.85
2020-03-16,2020-03-25,324.0,put,81.8,82.37,82.09,50.03,0,117,0.01488,-1.0,9,239.85
2020-03-16,2020-03-25,325.0,call,0.02,0.06,0.04,0.06,142,908,0.72706,0.00461,9,239.85
2020-03-16,2020-03-25,325.0,put,82.65,83.32,82.98,70.0,0,144,0.01488,-1.0,9,239.85
2020-03-16,2020-03-25,326.0,call,0.02,0.06,0.04,0.03,20,0,0.73681,0.00474,9,239.85
2020-03-16,2020-03-25,326.0,put,83.56,84.55,84.06,26.95,0,77,0.01488,-1.0,9,239.85
2020-03-16,2020-03-25,327.0,call,0.02,0.06,0.04,0.02,0,257,0.74657,0.00487,9,239.85
2020-03-16,2020-03-25,327.0,put,84.62,85.41,85.02,67.24,0,697,0.01488,-1.0,9,239.85
2020-03-16,2020-03-25,328.0,call,0.02,0.05,0.04,0.04,3,307,0.74657,0.00452,9,239.85
2020-03-16,2020-03-25,328.0,put,84.52,87.58,86.05,81.84,2,66,0.01488,-1.0,9,239.85
2020-03-16,2020-03-25,329.0,call,0.02,0.05,0.04,0.01,3,0,0.75632,0.00464,9,239.85
2020-03-16,2020-03-25,329.0,put,85.52,88.58,87.05,47.46,0,78,0.01488,-1.0,9,239.85
2020-03-16,2020-03-25,330.0,call,0.02,0.05,0.04,0.03,240,1463,0.76608,0.00477,9,239.85
2020-03-16,2020-03-25,330.0,put,86.52,89.58,88.05,84.44,1,186,0.01488,-1.0,9,239.85
2020-03-16,2020-03-25,331.0,call,0.01,0.04,0.03,0.02,3,684,0.74657,0.00359,9,239.85
2020-03-16,2020-03-25,331.0,put,87.52,90.57,89.04,30.85,0,50,0.01488,-1.0,9,239.85
2020-03-16,2020-03-25,332.0,call,0.01,0.04,0.03,0.02,0,0,0.75632,0.00371,9,239.85
2020-03-16,2020-03-25,332.0,put,88.52,91.57,90.04,31.87,0,823,0.01488,-1.0,9,239.85
2020-03-16,2020-03-25,333.0,call,0.01,0.05,0.03,0.03,0,0,0.75632,0.00344,9,239.85
2020-03-16,2020-03-25,333.0,put,89.52,92.57,91.04,53.4,0,72,0.01488,-1.0,9,239.85
2020-03-16,2020-03-25,334.0,call,0.01,0.05,0.03,0.02,0,645,0.76608,0.00355,9,239.85
2020-03-16,2020-03-25,334.0,put,90.52,93.57,92.04,65.95,0,70,0.01488,-1.0,9,239.85
2020-03-16,2020-03-25,335.0,call,0.02,0.04,0.03,0.03,14,1521,0.77583,0.00367,9,239.85
2020-03-16,2020-03-25,335.0,put,91.52,94.57,93.04,36.18,0,285,0.01488,-1.0,9,239.85
2020-03-16,2020-03-25,336.0,call,0.01,0.04,0.03,0.02,0,991,0.77583,0.00341,9,239.85
2020-03-16,2020-03-25,336.0,put,92.52,95.57,94.04,26.25,0,477,0.01488,-1.0,9,239.85
2020-03-16,2020-03-25,337.0,call,0.01,0.04,0.03,0.0,0,0,0.78559,0.00352,9,239.85
2020-03-16,2020-03-25,337.0,put,93.52,96.57,95.04,38.24,0,1462,0.01488,-1.0,9,239.85
2020-03-16,2020-03-25,338.0,call,0.01,0.04,0.03,0.01,1,1355,0.78559,0.00328,9,239.85
2020-03-16,2020-03-25,338.0,put,94.52,97.57,96.04,34.83,0,2,0.01488,-1.0,9,239.85
2020-03-16,2020-03-25,339.0,call,0.01,0.04,0.03,0.02,5,853,0.79535,0.00339,9,239.85
2020-03-16,2020-03-25,339.0,put,95.52,98.57,97.04,36.52,0,4,0.01488,-1.0,9,239.85
2020-03-16,2020-03-25,340.0,call,0.01,0.04,0.03,0.03,76,916,0.8051,0.00351,9,239.85
2020-03-16,2020-03-25,340.0,put,96.51,99.57,98.04,99.86,1,34,0.01488,-1.0,9,239.85
2020-03-16,2020-03-25,341.0,put,97.51,100.57,99.04,17.99,0,3,0.01488,-1.0,9,239.85
2020-03-16,2020-03-25,342.0,put,98.52,101.57,100.04,100.01,1,0,0.01488,-1.0,9,239.85
2020-03-16,2020-03-25,343.0,put,99.51,102.56,101.03,10.6,0,5,0.01488,-1.0,9,239.85
2020-03-16,2020-03-25,344.0,put,100.51,103.56,102.03,0.0,0,0,0.01488,-1.0,9,239.85
2020-03-16,2020-03-25,345.0,put,101.51,104.56,103.03,20.51,0,2,0.01488,-1.0,9,239.85
2020-03-16,2020-03-25,346.0,put,102.51,105.56,104.03,0.0,0,0,0.01488,-1.0,9,239.85
2020-03-16,2020-03-25,347.0,put,103.51,106.56,105.03,0.0,0,0,0.01488,-1.0,9,239.85
2020-03-16,2020-03-25,348.0,put,104.51,107.56,106.03,103.17,0,1,0.01488,-1.0,9,239.85
2020-03-16,2020-03-25,349.0,put,105.51,108.56,107.03,16.72,0,0,0.01488,-1.0,9,239.85
2020-03-16,2020-03-25,350.0,put,106.51,109.56,108.03,105.4,0,1,0.01488,-1.0,9,239.85
2020-03-16,2020-03-25,351.0,put,107.51,110.56,109.03,0.0,0,0,0.01488,-1.0,9,239.85
2020-03-16,2020-03-25,352.0,put,108.51,111.56,110.03,107.16,0,1,0.01488,-1.0,9,239.85
2020-03-16,2020-03-25,353.0,put,109.51,112.56,111.03,0.0,0,0,0.01488,-1.0,9,239.85
2020-03-16,2020-03-25,354.0,put,110.51,113.55,112.03,0.0,0,0,0.01488,-1.0,9,239.85
2020-03-16,2020-03-25,355.0,put,111.51,114.55,113.03,0.0,0,0,0.01488,-1.0,9,239.85
2020-03-16,2020-03-25,356.0,put,112.51,115.55,114.03,0.0,0,0,0.01488,-1.0,9,239.85
2020-03-16,2020-03-25,357.0,put,113.5,116.55,115.03,0.0,0,0,0.01488,-1.0,9,239.85
2020-03-16,2020-03-25,360.0,put,116.5,119.55,118.03,0.0,0,0,0.01488,-1.0,9,239.85
2020-03-16,2020-03-25,365.0,call,0.01,0.02,0.01,0.02,100,0,0.85388,0.00109,9,239.85
2020-03-16,2020-03-25,365.0,put,121.5,124.55,123.03,0.0,0,0,0.01488,-1.0,9,239.85
2020-03-16,2020-03-25,370.0,put,126.5,129.54,128.02,130.0,1,2,0.01488,-1.0,9,239.85
2020-03-16,2020-03-27,130.0,call,112.02,114.86,113.44,0.0,0,0,2.68798,0.93895,11,239.85
2020-03-16,2020-03-27,130.0,put,0.24,0.28,0.26,0.27,1878,0,1.62459,-0.01036,11,239.85
2020-03-16,2020-03-27,135.0,call,108.2,108.81,108.5,0.0,0,0,2.56116,0.93513,11,239.85
2020-03-16,2020-03-27,135.0,put,0.29,0.33,0.31,0.34,264,0,1.57582,-0.01261,11,239.85
2020-03-16,2020-03-27,140.0,call,102.81,104.34,103.58,0.0,0,0,2.44409,0.93072,11,239.85
2020-03-16,2020-03-27,140.0,put,0.36,0.4,0.38,0.43,1145,1983,1.52704,-0.01524,11,239.85
2020-03-16,2020-03-27,145.0,call,98.11,98.87,98.49,0.0,0,0,2.29775,0.92804,11,239.85
2020-03-16,2020-03-27,145.0,put,0.44,0.49,0.46,0.56,436,274,1.48801,-0.01887,11,239.85
2020-03-16,2020-03-27,150.0,call,93.33,93.92,93.62,0.0,0,0,2.20019,0.92221,11,239.85
2020-03-16,2020-03-27,150.0,put,0.54,0.59,0.56,0.66,2432,1465,1.43923,-0.02254,11,239.85
2020-03-16,2020-03-27,155.0,call,88.06,89.39,88.72,0.0,0,0,2.09288,0.91675,11,239.85
2020-03-16,2020-03-27,155.0,put,0.66,0.71,0.69,0.76,1963,1492,1.40997,-0.0283,11,239.85
2020-03-16,2020-03-27,160.0,call,83.48,84.13,83.81,0.0,0,0,1.98556,0.91102,11,239.85
2020-03-16,2020-03-27,160.0,put,0.81,0.86,0.83,0.87,942,728,1.37094,-0.03435,11,239.85
2020-03-16,2020-03-27,165.0,call,78.61,79.18,78.9,0.0,0,0,1.87825,0.90498,11,239.85
2020-03-16,2020-03-27,165.0,put,1.0,1.06,1.03,1.06,2420,3333,1.33192,-0.04148,11,239.85
2020-03-16,2020-03-27,170.0,call,73.29,74.82,74.06,132.74,0,1,1.79044,0.89672,11,239.85
2020-03-16,2020-03-27,170.0,put,1.23,1.3,1.27,1.17,2629,2883,1.30265,-0.05097,11,239.85
2020-03-16,2020-03-27,175.0,call,68.86,69.6,69.23,0.0,0,0,1.70264,0.88773,11,239.85
2020-03-16,2020-03-27,175.0,put,1.55,1.61,1.58,1.77,3046,1240,1.27338,-0.06216,11,239.85
2020-03-16,2020-03-27,180.0,call,64.27,65.0,64.63,81.65,0,3,1.63435,0.87572,11,239.85
2020-03-16,2020-03-27,180.0,put,1.9,1.98,1.94,2.0,4808,3273,1.25387,-0.07665,11,239.85
2020-03-16,2020-03-27,185.0,call,59.47,60.17,59.82,71.77,0,1,1.54655,0.86469,11,239.85
2020-03-16,2020-03-27,185.0,put,2.33,2.42,2.38,2.37,10205,1490,1.2246,-0.09208,11,239.85
2020-03-16,2020-03-27,190.0,call,54.88,55.81,55.34,58.9,1,0,1.48801,0.84882,11,239.85
2020-03-16,2020-03-27,190.0,put,2.85,2.94,2.9,2.81,21169,2035,1.19534,-0.10993,11,239.85
2020-03-16,2020-03-27,195.0,call,50.57,51.21,50.89,67.01,0,1,1.42948,0.83112,11,239.85
2020-03-16,2020-03-27,195.0,put,3.46,3.58,3.52,3.55,1492,972,1.16607,-0.13046,11,239.85
2020-03-16,2020-03-27,200.0,call,46.14,46.95,46.55,43.11,43,20,1.37094,0.81132,11,239.85
2020-03-16,2020-03-27,200.0,put,4.11,4.2,4.16,4.11,33643,11845,1.1368,-0.15393,11,239.85
2020-03-16,2020-03-27,205.0,call,42.03,42.59,42.31,0.0,0,0,1.32216,0.78789,11,239.85
2020-03-16,2020-03-27,205.0,put,4.94,5.15,5.04,5.2,6411,3556,1.11729,-0.18225,11,239.85
2020-03-16,2020-03-27,210.0,call,37.8,38.56,38.18,46.1,1,0,1.27338,0.7618,11,239.85
2020-03-16,2020-03-27,210.0,put,5.87,6.13,6.0,5.73,3445,4197,1.08802,-0.21229,11,239.85
2020-03-16,2020-03-27,215.0,call,33.94,34.52,34.23,37.52,10,0,1.2246,0.73275,11,239.85
2020-03-16,2020-03-27,215.0,put,6.96,7.24,7.1,8.38,2087,3914,1.05875,-0.24592,11,239.85
2020-03-16,2020-03-27,220.0,call,30.14,30.76,30.45,29.5,6,7,1.18558,0.69951,11,239.85
2020-03-16,2020-03-27,220.0,put,8.2,8.36,8.28,8.45,6439,5554,1.02949,-0.28327,11,239.85
2020-03-16,2020-03-27,225.0,call,26.63,27.19,26.91,26.34,125,14,1.15631,0.66244,11,239.85
2020-03-16,2020-03-27,225.0,put,9.59,9.92,9.75,11.21,1877,5327,1.00022,-0.32443,11,239.85
2020-03-16,2020-03-27,230.0,call,23.18,23.75,23.46,20.99,35,13,1.11729,0.62308,11,239.85
2020-03-16,2020-03-27,230.0,put,11.16,11.54,11.35,11.4,5397,6122,0.97095,-0.36937,11,239.85
2020-03-16,2020-03-27,231.0,call,22.45,23.09,22.77,24.45,1,0,1.10753,0.61488,11,239.85
2020-03-16,2020-03-27,231.0,put,11.46,11.88,11.67,13.6,65,0,0.9612,-0.37859,11,239.85
2020-03-16,2020-03-27,232.0,call,21.79,22.43,22.11,23.77,2,0,1.09778,0.60653,11,239.85
2020-03-16,2020-03-27,232.0,put,11.8,12.23,12.02,12.76,305,427,0.9612,-0.38847,11,239.85
2020-03-16,2020-03-27,233.0,call,21.2,21.77,21.48,23.09,1,0,1.08802,0.59803,11,239.85
2020-03-16,2020-03-27,233.0,put,12.14,12.59,12.37,14.12,204,799,0.95144,-0.39802,11,239.85
2020-03-16,2020-03-27,234.0,call,20.56,21.13,20.84,22.44,14,0,1.08802,0.58923,11,239.85
2020-03-16,2020-03-27,234.0,put,12.5,12.95,12.72,14.5,179,1033,0.94168,-0.40779,11,239.85
2020-03-16,2020-03-27,235.0,call,19.92,20.4,20.16,18.05,98,129,1.06851,0.58054,11,239.85
2020-03-16,2020-03-27,235.0,put,12.9,13.32,13.11,13.5,5481,2568,0.94168,-0.41794,11,239.85
2020-03-16,2020-03-27,236.0,call,19.3,19.77,19.54,17.53,76,1,1.06851,0.57158,11,239.85
2020-03-16,2020-03-27,236.0,put,13.24,13.7,13.47,14.13,130,523,0.93193,-0.42803,11,239.85
2020-03-16,2020-03-27,237.0,call,18.68,19.15,18.91,19.21,129,0,1.05875,0.56251,11,239.85
2020-03-16,2020-03-27,237.0,put,13.62,14.08,13.85,15.3,160,153,0.92217,-0.43834,11,239.85
2020-03-16,2020-03-27,238.0,call,18.07,18.53,18.3,17.55,129,1,1.049,0.55329,11,239.85
2020-03-16,2020-03-27,238.0,put,14.01,14.47,14.24,16.8,137,45,0.91242,-0.44885,11,239.85
2020-03-16,2020-03-27,239.0,call,17.46,17.93,17.7,15.67,271,0,1.03924,0.54392,11,239.85
2020-03-16,2020-03-27,239.0,put,14.4,14.87,14.63,16.8,220,288,0.91242,-0.45934,11,239.85
2020-03-16,2020-03-27,240.0,call,16.87,17.33,17.1,17.0,1199,129,1.03924,0.53473,11,239.85
2020-03-16,2020-03-27,240.0,put,14.9,15.28,15.09,14.88,8168,15438,0.90266,-0.47017,11,239.85
2020-03-16,2020-03-27,241.0,call,16.28,16.74,16.51,16.05,239,0,1.02949,0.52512,11,239.85
2020-03-16,2020-03-27,241.0,put,15.22,15.7,15.46,18.0,239,47,0.89291,-0.4812,11,239.85
2020-03-16,2020-03-27,242.0,call,15.75,16.16,15.96,15.15,97,0,1.01973,0.51537,11,239.85
2020-03-16,2020-03-27,242.0,put,15.64,16.12,15.88,16.73,589,1312,0.88315,-0.49244,11,239.85
2020-03-16,2020-03-27,242.5,call,15.42,15.87,15.64,14.33,118,162,1.00998,0.51014,11,239.85
2020-03-16,2020-03-27,242.5,put,15.85,16.33,16.09,17.0,552,418,0.88315,-0.49781,11,239.85
2020-03-16,2020-03-27,243.0,call,15.14,15.58,15.36,13.5,85,8,1.00998,0.50546,11,239.85
2020-03-16,2020-03-27,243.0,put,16.21,16.55,16.38,18.54,305,67,0.88315,-0.50317,11,239.85
2020-03-16,2020-03-27,244.0,call,14.58,15.02,14.8,14.23,36,12,1.00022,0.4954,11,239.85
2020-03-16,2020-03-27,244.0,put,16.5,16.99,16.74,17.99,539,1012,0.87339,-0.51469,11,239.85
2020-03-16,2020-03-27,245.0,call,14.03,14.46,14.25,13.43,1985,348,1.00022,0.486,11,239.85
2020-03-16,2020-03-27,245.0,put,16.95,17.44,17.2,17.79,4760,6986,0.86364,-0.5264,11,239.85
2020-03-16,2020-03-27,246.0,call,13.48,13.91,13.7,13.13,634,101,0.99046,0.47575,11,239.85
2020-03-16,2020-03-27,246.0,put,17.36,18.04,17.7,20.36,415,378,0.85388,-0.53831,11,239.85
2020-03-16,2020-03-27,247.0,call,12.95,13.36,13.15,11.82,114,118,0.98071,0.46535,11,239.85
2020-03-16,2020-03-27,247.0,put,17.84,18.51,18.18,19.79,360,606,0.85388,-0.54916,11,239.85
2020-03-16,2020-03-27,247.5,call,12.66,13.1,12.88,11.3,201,10,0.97095,0.45956,11,239.85
2020-03-16,2020-03-27,247.5,put,18.07,18.74,18.41,20.85,93,623,0.84413,-0.55586,11,239.85
2020-03-16,2020-03-27,248.0,call,12.43,12.83,12.63,10.89,343,11,0.97095,0.45481,11,239.85
2020-03-16,2020-03-27,248.0,put,18.31,18.98,18.64,20.95,396,334,0.84413,-0.56129,11,239.85
2020-03-16,2020-03-27,249.0,call,11.92,12.3,12.11,10.78,424,56,0.9612,0.44414,11,239.85
2020-03-16,2020-03-27,249.0,put,18.79,19.45,19.12,21.94,914,832,0.83437,-0.57359,11,239.85
2020-03-16,2020-03-27,250.0,call,11.42,11.79,11.61,11.86,1667,1167,0.95144,0.43333,11,239.85
2020-03-16,2020-03-27,250.0,put,19.27,19.94,19.61,20.4,4857,10775,0.82461,-0.58606,11,239.85
2020-03-16,2020-03-27,251.0,call,10.89,11.28,11.09,9.61,208,208,0.94168,0.4224,11,239.85
2020-03-16,2020-03-27,251.0,put,19.66,20.53,20.09,22.67,355,981,0.81486,-0.59869,11,239.85
2020-03-16,2020-03-27,252.0,call,10.4,10.77,10.59,9.07,379,544,0.93193,0.41135,11,239.85
2020-03-16,2020-03-27,252.0,put,20.29,20.94,20.62,23.15,833,993,0.8051,-0.61146,11,239.85
2020-03-16,2020-03-27,253.0,call,9.92,10.28,10.1,9.93,385,340,0.93193,0.40185,11,239.85
2020-03-16,2020-03-27,253.0,put,20.82,21.44,21.13,23.61,204,2135,0.79535,-0.62438,11,239.85
2020-03-16,2020-03-27,254.0,call,9.44,9.8,9.62,8.95,93,349,0.92217,0.39068,11,239.85
2020-03-16,2020-03-27,254.0,put,21.35,21.99,21.67,24.58,203,609,0.78559,-0.63742,11,239.85
2020-03-16,2020-03-27,255.0,call,8.99,9.3,9.14,9.0,1961,677,0.91242,0.37942,11,239.85
2020-03-16,2020-03-27,255.0,put,21.87,22.5,22.19,24.57,1197,7649,0.77583,-0.65057,11,239.85
2020-03-16,2020-03-27,256.0,call,8.52,8.85,8.68,8.74,499,1284,0.90266,0.36805,11,239.85
2020-03-16,2020-03-27,256.0,put,22.43,23.13,22.78,23.68,372,482,0.76608,-0.66382,11,239.85
2020-03-16,2020-03-27,257.0,call,8.08,8.4,8.24,6.93,395,509,0.89291,0.3566,11,239.85
2020-03-16,2020-03-27,257.0,put,22.98,23.62,23.3,24.17,215,503,0.75632,-0.67716,11,239.85
2020-03-16,2020-03-27,258.0,call,7.63,7.95,7.79,6.55,474,803,0.88315,0.34508,11,239.85
2020-03-16,2020-03-27,258.0,put,23.54,24.1,23.82,26.8,118,1516,0.73681,-0.69348,11,239.85
2020-03-16,2020-03-27,259.0,call,7.19,7.52,7.36,6.98,101,1362,0.87339,0.33348,11,239.85
2020-03-16,2020-03-27,259.0,put,24.0,24.71,24.36,27.5,217,810,0.72706,-0.70708,11,239.85
2020-03-16,2020-03-27,260.0,call,6.77,7.09,6.93,6.6,6607,4909,0.86364,0.32183,11,239.85
2020-03-16,2020-03-27,260.0,put,24.68,25.25,24.96,28.14,1163,4147,0.7173,-0.72071,11,239.85
2020-03-16,2020-03-27,261.0,call,6.36,6.67,6.52,5.86,776,922,0.85388,0.31014,11,239.85
2020-03-16,2020-03-27,261.0,put,25.28,25.87,25.58,28.06,82,1363,0.70754,-0.73433,11,239.85
2020-03-16,2020-03-27,262.0,call,5.93,6.26,6.09,5.18,184,5058,0.83437,0.29568,11,239.85
2020-03-16,2020-03-27,262.0,put,25.89,26.39,26.14,29.52,173,3719,0.68803,-0.75149,11,239.85
2020-03-16,2020-03-27,263.0,call,5.56,5.86,5.71,4.86,254,1777,0.82461,0.28381,11,239.85
2020-03-16,2020-03-27,263.0,put,26.5,26.99,26.74,28.22,112,561,0.67828,-0.76516,11,239.85
2020-03-16,2020-03-27,264.0,call,5.21,5.48,5.35,5.21,1128,1777,0.82461,0.2749,11,239.85
2020-03-16,2020-03-27,264.0,put,27.12,27.71,27.41,31.5,57,2266,0.65876,-0.78261,11,239.85
2020-03-16,2020-03-27,265.0,call,4.84,5.1,4.97,4.61,1314,2062,0.8051,0.2601,11,239.85
2020-03-16,2020-03-27,265.0,put,27.73,28.23,27.98,31.5,2840,3998,0.63925,-0.80021,11,239.85
2020-03-16,2020-03-27,266.0,call,4.45,4.74,4.6,3.72,844,938,0.79535,0.24828,11,239.85
2020-03-16,2020-03-27,266.0,put,28.4,28.84,28.62,26.5,134,1817,0.6295,-0.8137,11,239.85
2020-03-16,2020-03-27,267.0,call,4.11,4.39,4.25,3.48,842,276,0.78559,0.23651,11,239.85
2020-03-16,2020-03-27,267.0,put,29.0,29.58,29.29,31.32,120,221,0.60999,-0.83122,11,239.85
2020-03-16,2020-03-27,268.0,call,3.8,4.05,3.92,4.17,695,497,0.77583,0.22481,11,239.85
2020-03-16,2020-03-27,268.0,put,29.73,30.15,29.94,32.03,99,338,0.59047,-0.84864,11,239.85
2020-03-16,2020-03-27,269.0,call,3.49,3.72,3.61,3.83,1639,834,0.76608,0.2132,11,239.85
2020-03-16,2020-03-27,269.0,put,30.27,30.94,30.61,34.0,118,1342,0.56121,-0.8703,11,239.85
2020-03-16,2020-03-27,270.0,call,3.21,3.39,3.3,3.37,5775,3100,0.75632,0.20169,11,239.85
2020-03-16,2020-03-27,270.0,put,31.08,31.54,31.31,34.01,512,6875,0.54169,-0.88712,11,239.85
2020-03-16,2020-03-27,271.0,call,2.9,3.1,3.0,2.36,308,5085,0.73681,0.18671,11,239.85
2020-03-16,2020-03-27,271.0,put,31.64,32.35,32.0,31.76,260,952,0.51243,-0.9078,11,239.85
2020-03-16,2020-03-27,272.0,call,2.62,2.81,2.71,2.88,296,558,0.72706,0.17544,11,239.85
2020-03-16,2020-03-27,272.0,put,32.39,33.05,32.72,34.5,35,1640,0.4734,-0.9317,11,239.85
2020-03-16,2020-03-27,273.0,call,2.36,2.54,2.45,1.92,748,688,0.7173,0.16434,11,239.85
2020-03-16,2020-03-27,273.0,put,33.16,33.71,33.44,36.39,31,831,0.42462,-0.95713,11,239.85
2020-03-16,2020-03-27,274.0,call,2.11,2.29,2.2,1.81,757,2840,0.70754,0.15346,11,239.85
2020-03-16,2020-03-27,274.0,put,33.91,34.98,34.44,37.71,39,872,0.43438,-0.95788,11,239.85
2020-03-16,2020-03-27,275.0,call,1.87,2.04,1.96,1.75,5656,2313,0.68803,0.13905,11,239.85
2020-03-16,2020-03-27,275.0,put,34.74,35.47,35.11,38.81,233,7933,0.01488,-1.0,11,239.85
2020-03-16,2020-03-27,276.0,call,1.65,1.82,1.73,1.34,593,1452,0.67828,0.12866,11,239.85
2020-03-16,2020-03-27,276.0,put,35.45,36.1,35.78,39.92,25,1819,0.01488,-1.0,11,239.85
2020-03-16,2020-03-27,277.0,call,1.45,1.61,1.53,1.17,1567,635,0.66852,0.11857,11,239.85
2020-03-16,2020-03-27,277.0,put,36.26,36.79,36.52,38.65,17,1534,0.01488,-1.0,11,239.85
2020-03-16,2020-03-27,278.0,call,1.27,1.42,1.34,1.0,1050,6344,0.65876,0.10881,11,239.85
2020-03-16,2020-03-27,278.0,put,37.16,37.84,37.5,41.62,36,1584,0.01488,-1.0,11,239.85
2020-03-16,2020-03-27,279.0,call,1.1,1.25,1.18,0.85,1227,676,0.64901,0.0994,11,239.85
2020-03-16,2020-03-27,279.0,put,37.88,38.44,38.16,42.07,16,666,0.01488,-1.0,11,239.85
2020-03-16,2020-03-27,280.0,call,1.0,1.09,1.04,0.99,8649,17747,0.63925,0.09036,11,239.85
2020-03-16,2020-03-27,280.0,put,38.73,39.42,39.08,42.31,221,4975,0.01488,-1.0,11,239.85
2020-03-16,2020-03-27,281.0,call,0.83,0.96,0.9,0.86,1716,1325,0.61974,0.0782,11,239.85
2020-03-16,2020-03-27,281.0,put,39.56,40.3,39.93,41.15,13,1644,0.01488,-1.0,11,239.85
2020-03-16,2020-03-27,282.0,call,0.75,0.84,0.79,0.68,1074,2995,0.61974,0.07349,11,239.85
2020-03-16,2020-03-27,282.0,put,40.43,41.22,40.83,43.3,28,2871,0.01488,-1.0,11,239.85
2020-03-16,2020-03-27,283.0,call,0.62,0.74,0.68,0.67,470,6217,0.60999,0.0657,11,239.85
2020-03-16,2020-03-27,283.0,put,41.36,41.93,41.64,45.69,18,930,0.01488,-1.0,11,239.85
2020-03-16,2020-03-27,284.0,call,0.54,0.65,0.59,0.44,1470,4244,0.60023,0.05836,11,239.85
2020-03-16,2020-03-27,284.0,put,42.2,43.03,42.62,46.63,5,825,0.01488,-1.0,11,239.85
2020-03-16,2020-03-27,285.0,call,0.47,0.57,0.52,0.48,3151,7711,0.59047,0.05149,11,239.85
2020-03-16,2020-03-27,285.0,put,43.24,43.77,43.51,47.72,264,4433,0.01488,-1.0,11,239.85
2020-03-16,2020-03-27,286.0,call,0.42,0.51,0.46,0.35,1213,1311,0.59047,0.04798,11,239.85
2020-03-16,2020-03-27,286.0,put,44.25,44.85,44.55,48.0,25,2042,0.01488,-1.0,11,239.85
2020-03-16,2020-03-27,287.0,call,0.37,0.45,0.41,0.32,547,1718,0.58072,0.0419,11,239.85
2020-03-16,2020-03-27,287.0,put,44.97,45.81,45.39,49.6,3,1287,0.01488,-1.0,11,239.85
2020-03-16,2020-03-27,288.0,call,0.33,0.41,0.37,0.27,545,2455,0.58072,0.0389,11,239.85
2020-03-16,2020-03-27,288.0,put,46.03,46.79,46.41,50.47,26,334,0.01488,-1.0,11,239.85
2020-03-16,2020-03-27,289.0,call,0.3,0.37,0.33,0.27,521,1948,0.58072,0.03609,11,239.85
2020-03-16,2020-03-27,289.0,put,46.92,47.69,47.3,51.47,4,534,0.01488,-1.0,11,239.85
2020-03-16,2020-03-27,290.0,call,0.27,0.33,0.3,0.33,4793,12754,0.58072,0.03346,11,239.85
2020-03-16,2020-03-27,290.0,put,47.93,48.69,48.31,52.56,1074,10472,0.01488,-1.0,11,239.85
2020-03-16,2020-03-27,291.0,call,0.25,0.31,0.28,0.29,525,1725,0.58072,0.031,11,239.85
2020-03-16,2020-03-27,291.0,put,48.48,50.01,49.24,48.5,2,641,0.01488,-1.0,11,239.85
2020-03-16,2020-03-27,292.0,call,0.23,0.28,0.26,0.28,1605,4133,0.58072,0.02869,11,239.85
2020-03-16,2020-03-27,292.0,put,49.46,50.69,50.08,46.14,40,973,0.01488,-1.0,11,239.85
2020-03-16,2020-03-27,293.0,call,0.21,0.26,0.23,0.2,1234,1682,0.58072,0.02654,11,239.85
2020-03-16,2020-03-27,293.0,put,50.93,51.87,51.4,42.52,15,776,0.01488,-1.0,11,239.85
2020-03-16,2020-03-27,294.0,call,0.19,0.24,0.21,0.18,388,2305,0.58072,0.02453,11,239.85
2020-03-16,2020-03-27,294.0,put,51.84,52.61,52.23,49.97,1,1490,0.01488,-1.0,11,239.85
2020-03-16,2020-03-27,295.0,call,0.18,0.22,0.2,0.2,3681,4648,0.58072,0.02265,11,239.85
2020-03-16,2020-03-27,295.0,put,52.82,53.48,53.15,51.49,44,2478,0.01488,-1.0,11,239.85
2020-03-16,2020-03-27,296.0,call,0.17,0.21,0.19,0.15,1676,1369,0.58072,0.02091,11,239.85
2020-03-16,2020-03-27,296.0,put,53.66,54.46,54.06,47.2,63,2648,0.01488,-1.0,11,239.85
2020-03-16,2020-03-27,297.0,call,0.16,0.19,0.17,0.16,1872,2448,0.58072,0.01928,11,239.85
2020-03-16,2020-03-27,297.0,put,54.67,55.76,55.22,57.07,8,1088,0.01488,-1.0,11,239.85
2020-03-16,2020-03-27,297.5,call,0.15,0.19,0.17,0.15,686,1160,0.59047,0.02021,11,239.85
2020-03-16,2020-03-27,297.5,put,55.23,55.94,55.58,54.0,16,2805,0.01488,-1.0,11,239.85
2020-03-16,2020-03-27,298.0,call,0.15,0.16,0.15,0.15,580,1472,0.58072,0.01777,11,239.85
2020-03-16,2020-03-27,298.0,put,55.85,56.44,56.14,57.1,5,1048,0.01488,-1.0,11,239.85
2020-03-16,2020-03-27,299.0,call,0.14,0.17,0.16,0.13,578,1791,0.59047,0.01793,11,239.85
2020-03-16,2020-03-27,299.0,put,56.8,57.55,57.17,54.4,9,752,0.01488,-1.0,11,239.85
2020-03-16,2020-03-27,300.0,call,0.14,0.16,0.15,0.15,11397,19358,0.60023,0.0181,11,239.85
2020-03-16,2020-03-27,300.0,put,57.3,58.99,58.14,57.25,78,7241,0.01488,-1.0,11,239.85
2020-03-16,2020-03-27,301.0,call,0.12,0.15,0.14,0.1,774,5463,0.60023,0.01673,11,239.85
2020-03-16,2020-03-27,301.0,put,58.72,59.64,59.18,59.96,1,1476,0.01488,-1.0,11,239.85
2020-03-16,2020-03-27,302.0,call,0.12,0.15,0.14,0.12,508,2697,0.60023,0.01545,11,239.85
2020-03-16,2020-03-27,302.0,put,59.72,60.4,60.06,54.24,7,4220,0.01488,-1.0,11,239.85
2020-03-16,2020-03-27,302.5,call,0.11,0.14,0.12,0.08,610,1589,0.60023,0.01484,11,239.85
2020-03-16,2020-03-27,302.5,put,60.18,61.02,60.6,45.9,0,1166,0.01488,-1.0,11,239.85
2020-03-16,2020-03-27,303.0,call,0.11,0.14,0.12,0.1,552,1449,0.60023,0.01426,11,239.85
2020-03-16,2020-03-27,303.0,put,60.38,61.83,61.11,65.0,4,3190,0.01488,-1.0,11,239.85
2020-03-16,2020-03-27,304.0,call,0.1,0.13,0.12,0.11,46,1806,0.60999,0.01446,11,239.85
2020-03-16,2020-03-27,304.0,put,61.67,62.51,62.09,49.59,0,878,0.01488,-1.0,11,239.85
2020-03-16,2020-03-27,305.0,call,0.1,0.13,0.12,0.1,2260,4483,0.60999,0.01336,11,239.85
2020-03-16,2020-03-27,305.0,put,62.72,63.51,63.11,65.5,49,733,0.01488,-1.0,11,239.85
2020-03-16,2020-03-27,306.0,call,0.09,0.12,0.1,0.1,88,2298,0.60999,0.01234,11,239.85
2020-03-16,2020-03-27,306.0,put,63.85,64.5,64.17,65.73,940,3234,0.01488,-1.0,11,239.85
2020-03-16,2020-03-27,307.0,call,0.09,0.1,0.1,0.1,133,2336,0.60999,0.01138,11,239.85
2020-03-16,2020-03-27,307.0,put,64.73,65.37,65.05,57.0,0,825,0.01488,-1.0,11,239.85
2020-03-16,2020-03-27,307.5,call,0.08,0.12,0.1,0.11,1040,1914,0.61974,0.01207,11,239.85
2020-03-16,2020-03-27,307.5,put,65.15,66.04,65.59,52.09,0,568,0.01488,-1.0,11,239.85
2020-03-16,2020-03-27,308.0,call,0.08,0.12,0.1,0.07,46,2307,0.61974,0.0116,11,239.85
2020-03-16,2020-03-27,308.0,put,65.84,66.49,66.16,50.94,0,743,0.01488,-1.0,11,239.85
2020-03-16,2020-03-27,309.0,call,0.08,0.11,0.1,0.1,20,2770,0.6295,0.01182,11,239.85
2020-03-16,2020-03-27,309.0,put,66.68,67.49,67.09,63.68,3,549,0.01488,-1.0,11,239.85
2020-03-16,2020-03-27,310.0,call,0.07,0.1,0.09,0.06,967,6270,0.6295,0.01094,11,239.85
2020-03-16,2020-03-27,310.0,put,67.68,68.48,68.08,61.04,70,1668,0.01488,-1.0,11,239.85
2020-03-16,2020-03-27,311.0,call,0.07,0.11,0.09,0.07,84,4100,0.6295,0.01012,11,239.85
2020-03-16,2020-03-27,311.0,put,68.66,69.48,69.07,65.96,2,498,0.01488,-1.0,11,239.85
2020-03-16,2020-03-27,312.0,call,0.08,0.1,0.09,0.08,26,784,0.63925,0.01034,11,239.85
2020-03-16,2020-03-27,312.0,put,69.74,70.39,70.06,54.31,0,350,0.01488,-1.0,11,239.85
2020-03-16,2020-03-27,312.5,call,0.06,0.1,0.08,0.08,10,1303,0.6295,0.00899,11,239.85
2020-03-16,2020-03-27,312.5,put,70.22,71.04,70.63,68.15,1,454,0.01488,-1.0,11,239.85
2020-03-16,2020-03-27,313.0,call,0.06,0.09,0.07,0.09,100,1797,0.6295,0.00864,11,239.85
2020-03-16,2020-03-27,313.0,put,70.69,71.53,71.11,64.41,4,1491,0.01488,-1.0,11,239.85
2020-03-16,2020-03-27,314.0,call,0.06,0.1,0.08,0.07,0,521,0.63925,0.00886,11,239.85
2020-03-16,2020-03-27,314.0,put,71.81,72.44,72.12,74.17,2,1677,0.01488,-1.0,11,239.85
2020-03-16,2020-03-27,315.0,call,0.06,0.1,0.08,0.08,32,3063,0.64901,0.00909,11,239.85
2020-03-16,2020-03-27,315.0,put,72.61,73.48,73.05,67.38,14,1524,0.01488,-1.0,11,239.85
2020-03-16,2020-03-27,316.0,call,0.05,0.08,0.07,0.06,39,1464,0.64901,0.00842,11,239.85
2020-03-16,2020-03-27,316.0,put,73.65,74.34,74.0,74.85,5,478,0.01488,-1.0,11,239.85
2020-03-16,2020-03-27,317.0,call,0.05,0.09,0.07,0.06,129,1649,0.64901,0.0078,11,239.85
2020-03-16,2020-03-27,317.0,put,74.8,75.42,75.11,68.0,5,742,0.01488,-1.0,11,239.85
2020-03-16,2020-03-27,317.5,call,0.05,0.09,0.07,0.08,0,1705,0.65876,0.00832,11,239.85
2020-03-16,2020-03-27,317.5,put,75.05,76.13,75.59,69.04,2,500,0.01488,-1.0,11,239.85
2020-03-16,2020-03-27,318.0,call,0.05,0.09,0.07,0.06,6,1777,0.65876,0.00801,11,239.85
2020-03-16,2020-03-27,318.0,put,75.7,76.48,76.09,68.79,1,711,0.01488,-1.0,11,239.85
2020-03-16,2020-03-27,319.0,call,0.04,0.08,0.06,0.09,70,0,0.64901,0.00668,11,239.85
2020-03-16,2020-03-27,319.0,put,76.63,77.42,77.03,79.16,1,445,0.01488,-1.0,11,239.85
2020-03-16,2020-03-27,320.0,call,0.04,0.06,0.05,0.05,72,6757,0.64901,0.00618,11,239.85
2020-03-16,2020-03-27,320.0,put,77.79,78.5,78.15,71.0,5,1218,0.01488,-1.0,11,239.85
2020-03-16,2020-03-27,321.0,call,0.04,0.08,0.06,0.07,36,2056,0.66852,0.00709,11,239.85
2020-03-16,2020-03-27,321.0,put,78.62,79.37,79.0,64.11,0,930,0.01488,-1.0,11,239.85
2020-03-16,2020-03-27,322.0,call,0.04,0.06,0.05,0.07,3,1840,0.65876,0.00591,11,239.85
2020-03-16,2020-03-27,322.0,put,79.63,80.34,79.98,64.68,0,471,0.01488,-1.0,11,239.85
2020-03-16,2020-03-27,322.5,call,0.04,0.07,0.06,0.06,95,1136,0.67828,0.00704,11,239.85
2020-03-16,2020-03-27,322.5,put,80.1,80.99,80.54,72.93,0,446,0.01488,-1.0,11,239.85
2020-03-16,2020-03-27,323.0,call,0.04,0.07,0.06,0.05,18,1660,0.67828,0.00679,11,239.85
2020-03-16,2020-03-27,323.0,put,80.53,81.65,81.09,82.53,51,802,0.01488,-1.0,11,239.85
2020-03-16,2020-03-27,324.0,call,0.03,0.05,0.04,0.05,66,2038,0.65876,0.00506,11,239.85
2020-03-16,2020-03-27,324.0,put,81.72,82.5,82.11,75.37,1,1397,0.01488,-1.0,11,239.85
2020-03-16,2020-03-27,325.0,call,0.04,0.06,0.05,0.06,68,2551,0.67828,0.00586,11,239.85
2020-03-16,2020-03-27,325.0,put,82.59,83.46,83.03,69.3,0,1683,0.01488,-1.0,11,239.85
2020-03-16,2020-03-27,326.0,call,0.03,0.05,0.04,0.04,23,2041,0.66852,0.00486,11,239.85
2020-03-16,2020-03-27,326.0,put,83.6,84.34,83.97,66.0,0,1262,0.01488,-1.0,11,239.85
2020-03-16,2020-03-27,327.0,call,0.03,0.06,0.04,0.05,2,1319,0.66852,0.0045,11,239.85
2020-03-16,2020-03-27,327.0,put,84.6,85.46,85.03,79.71,3,611,0.01488,-1.0,11,239.85
2020-03-16,2020-03-27,327.5,call,0.03,0.07,0.05,0.04,0,895,0.68803,0.00543,11,239.85
2020-03-16,2020-03-27,327.5,put,85.27,86.04,85.66,55.32,0,301,0.01488,-1.0,11,239.85
2020-03-16,2020-03-27,328.0,call,0.03,0.07,0.05,0.03,1,844,0.69779,0.00582,11,239.85
2020-03-16,2020-03-27,328.0,put,85.63,86.46,86.04,87.96,6,165,0.01488,-1.0,11,239.85
2020-03-16,2020-03-27,329.0,call,0.03,0.06,0.04,0.03,73,1029,0.68803,0.00486,11,239.85
2020-03-16,2020-03-27,329.0,put,86.6,87.32,86.96,77.92,0,276,0.01488,-1.0,11,239.85
2020-03-16,2020-03-27,330.0,call,0.02,0.06,0.04,0.05,195,2285,0.68803,0.00451,11,239.85
2020-03-16,2020-03-27,330.0,put,87.66,88.49,88.07,91.75,5,569,0.01488,-1.0,11,239.85
2020-03-16,2020-03-27,331.0,call,0.04,0.06,0.05,0.05,10,1657,0.70754,0.00523,11,239.85
2020-03-16,2020-03-27,331.0,put,88.7,89.45,89.08,85.76,2,395,0.01488,-1.0,11,239.85
2020-03-16,2020-03-27,332.0,call,0.02,0.06,0.04,0.04,0,1242,0.69779,0.00436,11,239.85
2020-03-16,2020-03-27,332.0,put,89.76,90.46,90.11,69.78,0,250,0.01488,-1.0,11,239.85
2020-03-16,2020-03-27,332.5,call,0.02,0.06,0.04,0.06,1,0,0.70754,0.0047,11,239.85
2020-03-16,2020-03-27,332.5,put,90.12,90.95,90.53,85.54,1,694,0.01488,-1.0,11,239.85
2020-03-16,2020-03-27,333.0,call,0.02,0.05,0.04,0.04,1,1093,0.70754,0.00454,11,239.85
2020-03-16,2020-03-27,333.0,put,90.34,91.32,90.83,87.86,1,851,0.01488,-1.0,11,239.85
2020-03-16,2020-03-27,334.0,call,0.02,0.05,0.04,0.03,0,688,0.7173,0.00471,11,239.85
2020-03-16,2020-03-27,334.0,put,91.78,92.31,92.05,85.36,2,2340,0.01488,-1.0,11,239.85
2020-03-16,2020-03-27,335.0,call,0.02,0.06,0.04,0.04,8,1870,0.7173,0.00439,11,239.85
2020-03-16,2020-03-27,335.0,put,92.45,93.66,93.06,89.45,7,1777,0.01488,-1.0,11,239.85
2020-03-16,2020-03-27,336.0,call,0.02,0.04,0.03,0.0,26,3100,0.70754,0.00365,11,239.85
2020-03-16,2020-03-27,336.0,put,93.69,94.49,94.09,64.0,0,2386,0.01488,-1.0,11,239.85
2020-03-16,2020-03-27,337.0,call,0.02,0.05,0.04,0.02,6,0,0.72706,0.00426,11,239.85
2020-03-16,2020-03-27,337.0,put,93.62,96.51,95.06,77.0,0,1267,0.01488,-1.0,11,239.85
2020-03-16,2020-03-27,337.5,call,0.02,0.05,0.04,0.04,41,1469,0.73681,0.00458,11,239.85
2020-03-16,2020-03-27,337.5,put,94.12,97.01,95.56,81.53,0,1062,0.01488,-1.0,11,239.85
2020-03-16,2020-03-27,338.0,call,0.02,0.05,0.04,0.05,24,961,0.73681,0.00443,11,239.85
2020-03-16,2020-03-27,338.0,put,94.62,97.51,96.06,34.37,0,1221,0.01488,-1.0,11,239.85
2020-03-16,2020-03-27,339.0,call,0.04,0.05,0.04,0.04,1,1739,0.73681,0.00414,11,239.85
2020-03-16,2020-03-27,339.0,put,95.62,98.51,97.06,67.14,0,327,0.01488,-1.0,11,239.85
2020-03-16,2020-03-27,340.0,call,0.03,0.04,0.04,0.03,41,1453,0.74657,0.00431,11,239.85
2020-03-16,2020-03-27,340.0,put,96.62,99.51,98.06,90.14,0,109,0.01488,-1.0,11,239.85
2020-03-16,2020-03-27,341.0,call,0.01,0.05,0.03,0.04,12,988,0.72706,0.00322,11,239.85
2020-03-16,2020-03-27,341.0,put,97.61,100.51,99.06,31.64,0,70,0.01488,-1.0,11,239.85
2020-03-16,2020-03-27,342.0,call,0.01,0.05,0.03,0.02,20,1415,0.73681,0.00337,11,239.85
2020-03-16,2020-03-27,342.0,put,98.6,101.5,100.05,90.53,0,96,0.01488,-1.0,11,239.85
2020-03-16,2020-03-27,342.5,call,0.01,0.05,0.03,0.03,83,2063,0.73681,0.00326,11,239.85
2020-03-16,2020-03-27,342.5,put,99.1,102.0,100.55,33.12,0,11,0.01488,-1.0,11,239.85
2020-03-16,2020-03-27,343.0,call,0.01,0.04,0.03,0.02,14,2332,0.73681,0.00315,11,239.85
2020-03-16,2020-03-27,343.0,put,99.6,102.5,101.05,33.62,0,71,0.01488,-1.0,11,239.85
2020-03-16,2020-03-27,344.0,call,0.01,0.05,0.03,0.03,1,4539,0.74657,0.00329,11,239.85
2020-03-16,2020-03-27,344.0,put,100.6,103.5,102.05,34.61,0,1027,0.01488,-1.0,11,239.85
2020-03-16,2020-03-27,345.0,call,0.01,0.03,0.02,0.03,48,5520,0.72706,0.00243,11,239.85
2020-03-16,2020-03-27,345.0,put,101.6,104.5,103.05,69.89,0,239,0.01488,-1.0,11,239.85
2020-03-16,2020-03-27,346.0,call,0.01,0.04,0.03,0.03,125,2070,0.75632,0.00322,11,239.85
2020-03-16,2020-03-27,346.0,put,102.6,105.5,104.05,36.6,0,22,0.01488,-1.0,11,239.85
2020-03-16,2020-03-27,347.0,call,0.01,0.04,0.03,0.03,0,1594,0.76608,0.00337,11,239.85
2020-03-16,2020-03-27,347.0,put,103.6,106.49,105.04,71.99,0,2,0.01488,-1.0,11,239.85
2020-03-16,2020-03-27,347.5,call,0.01,0.04,0.03,0.02,0,1768,0.76608,0.00326,11,239.85
2020-03-16,2020-03-27,347.5,put,104.1,106.99,105.54,38.09,0,1,0.01488,-1.0,11,239.85
2020-03-16,2020-03-27,348.0,call,0.02,0.03,0.03,0.04,124,1005,0.76608,0.00315,11,239.85
2020-03-16,2020-03-27,348.0,put,104.6,107.49,106.04,38.59,0,16,0.01488,-1.0,11,239.85
2020-03-16,2020-03-27,349.0,call,0.01,0.04,0.03,0.06,0,0,0.77583,0.0033,11,239.85
2020-03-16,2020-03-27,349.0,put,105.6,108.49,107.04,39.46,0,2,0.01488,-1.0,11,239.85
2020-03-16,2020-03-27,350.0,call,0.01,0.04,0.03,0.04,258,0,0.77583,0.00309,11,239.85
2020-03-16,2020-03-27,350.0,put,106.6,109.49,108.04,40.59,0,12,0.01488,-1.0,11,239.85
2020-03-16,2020-03-27,351.0,call,0.01,0.04,0.03,0.03,10,346,0.78559,0.00323,11,239.85
2020-03-16,2020-03-27,351.0,put,108.41,109.66,109.03,28.08,0,10,0.01488,-1.0,11,239.85
2020-03-16,2020-03-27,352.0,call,0.01,0.03,0.02,0.02,15,329,0.75632,0.00215,11,239.85
2020-03-16,2020-03-27,352.0,put,109.41,110.67,110.04,29.05,0,21,0.01488,-1.0,11,239.85
2020-03-16,2020-03-27,352.5,call,0.01,0.04,0.03,0.03,0,1265,0.79535,0.00327,11,239.85
2020-03-16,2020-03-27,352.5,put,109.1,111.99,110.54,43.08,0,43,0.01488,-1.0,11,239.85
2020-03-16,2020-03-27,353.0,put,110.4,111.66,111.03,31.06,0,1,0.01488,-1.0,11,239.85
2020-03-16,2020-03-27,354.0,put,111.38,112.66,112.02,16.32,0,1,0.01488,-1.0,11,239.85
2020-03-16,2020-03-27,355.0,call,0.02,0.03,0.03,0.01,0,163,0.8051,0.00312,11,239.85
2020-03-16,2020-03-27,355.0,put,111.59,114.49,113.04,45.57,0,1,0.01488,-1.0,11,239.85
2020-03-16,2020-03-27,356.0,put,112.59,115.49,114.04,46.41,0,11,0.01488,-1.0,11,239.85
2020-03-16,2020-03-27,357.0,call,0.02,0.03,0.03,0.02,1,43,0.81486,0.00307,11,239.85
2020-03-16,2020-03-27,357.0,put,114.41,115.66,115.03,0.0,0,0,0.01488,-1.0,11,239.85
2020-03-16,2020-03-27,357.5,put,114.09,116.99,115.54,48.07,0,1,0.01488,-1.0,11,239.85
2020-03-16,2020-03-27,358.0,put,115.38,116.67,116.03,0.0,0,0,0.01488,-1.0,11,239.85
2020-03-16,2020-03-27,359.0,put,115.59,118.48,117.03,0.0,0,0,0.01488,-1.0,11,239.85
2020-03-16,2020-03-27,360.0,put,116.59,119.48,118.03,50.56,0,7,0.01488,-1.0,11,239.85
2020-03-16,2020-03-27,361.0,put,118.38,119.65,119.02,0.0,0,0,0.01488,-1.0,11,239.85
2020-03-16,2020-03-27,362.0,put,119.37,120.65,120.01,52.4,0,1,0.01488,-1.0,11,239.85
2020-03-16,2020-03-27,362.5,put,119.09,121.98,120.53,53.06,0,1,0.01488,-1.0,11,239.85
2020-03-16,2020-03-27,363.0,put,120.37,121.65,121.01,0.0,0,0,0.01488,-1.0,11,239.85
2020-03-16,2020-03-27,364.0,put,121.37,122.65,122.01,0.0,0,0,0.01488,-1.0,11,239.85
2020-03-16,2020-03-27,365.0,put,121.59,124.48,123.03,55.55,0,1,0.01488,-1.0,11,239.85
2020-03-16,2020-03-27,366.0,put,123.37,124.65,124.01,65.63,0,1,0.01488,-1.0,11,239.85
2020-03-16,2020-03-27,367.0,put,123.59,126.48,125.03,0.0,0,0,0.01488,-1.0,11,239.85
2020-03-16,2020-03-27,367.5,put,124.09,126.98,125.53,58.05,0,1,0.01488,-1.0,11,239.85
2020-03-16,2020-03-27,368.0,put,124.59,127.48,126.03,0.0,0,0,0.01488,-1.0,11,239.85
2020-03-16,2020-03-27,369.0,put,125.59,128.48,127.03,0.0,0,0,0.01488,-1.0,11,239.85
2020-03-16,2020-03-27,370.0,put,126.59,129.48,128.03,111.0,0,4,0.01488,-1.0,11,239.85
2020-03-16,2020-03-27,371.0,put,127.59,130.48,129.03,0.0,0,0,0.01488,-1.0,11,239.85
2020-03-16,2020-03-27,372.5,put,129.08,131.97,130.53,0.0,0,0,0.01488,-1.0,11,239.85
2020-03-16,2020-03-27,375.0,put,131.58,134.47,133.03,63.5,0,0,0.01488,-1.0,11,239.85
2020-03-16,2020-03-30,130.0,call,112.02,114.86,113.44,0.0,0,0,2.38555,0.9388,14,239.85
2020-03-16,2020-03-30,130.0,put,0.26,0.3,0.28,0.29,758,0,1.45875,-0.0111,14,239.85
2020-03-16,2020-03-30,135.0,call,107.02,109.86,108.44,0.0,0,0,2.25873,0.93582,14,239.85
2020-03-16,2020-03-30,135.0,put,0.31,0.36,0.33,0.33,301,0,1.40997,-0.01322,14,239.85
2020-03-16,2020-03-30,140.0,call,103.04,104.07,103.56,0.0,0,0,2.16117,0.93107,14,239.85
2020-03-16,2020-03-30,140.0,put,0.38,0.43,0.41,0.44,572,2627,1.37094,-0.01619,14,239.85
2020-03-16,2020-03-30,145.0,call,97.98,99.14,98.56,0.0,0,0,2.0441,0.92752,14,239.85
2020-03-16,2020-03-30,145.0,put,0.47,0.52,0.49,0.63,295,53,1.33192,-0.01969,14,239.85
2020-03-16,2020-03-30,150.0,call,93.13,94.16,93.64,0.0,0,0,1.94654,0.9225,14,239.85
2020-03-16,2020-03-30,150.0,put,0.58,0.64,0.61,0.62,2911,214,1.30265,-0.02455,14,239.85
2020-03-16,2020-03-30,155.0,call,88.11,89.24,88.67,0.0,0,0,1.84898,0.91728,14,239.85
2020-03-16,2020-03-30,155.0,put,0.71,0.78,0.74,0.76,345,782,1.26363,-0.02949,14,239.85
2020-03-16,2020-03-30,160.0,call,83.3,84.33,83.81,0.0,0,0,1.76118,0.91092,14,239.85
2020-03-16,2020-03-30,160.0,put,0.87,0.95,0.91,0.88,692,571,1.23436,-0.03625,14,239.85
2020-03-16,2020-03-30,165.0,call,78.32,79.44,78.88,141.6,0,1,1.66362,0.90512,14,239.85
2020-03-16,2020-03-30,165.0,put,1.08,1.16,1.12,1.11,2459,2956,1.20509,-0.04425,14,239.85
2020-03-16,2020-03-30,170.0,call,73.43,74.62,74.03,78.96,10,10,1.58557,0.89689,14,239.85
2020-03-16,2020-03-30,170.0,put,1.34,1.43,1.39,1.72,1736,940,1.17583,-0.05366,14,239.85
2020-03-16,2020-03-30,175.0,call,68.69,69.62,69.16,74.13,10,10,1.49777,0.88908,14,239.85
2020-03-16,2020-03-30,175.0,put,1.65,1.75,1.7,1.7,1580,1655,1.15631,-0.06608,14,239.85
2020-03-16,2020-03-30,180.0,call,64.06,65.13,64.59,0.0,0,0,1.43923,0.87691,14,239.85
2020-03-16,2020-03-30,180.0,put,2.05,2.14,2.09,2.17,3369,2981,1.12705,-0.07908,14,239.85
2020-03-16,2020-03-30,185.0,call,59.55,60.48,60.02,0.0,0,0,1.39045,0.86215,14,239.85
2020-03-16,2020-03-30,185.0,put,2.52,2.61,2.56,2.7,2265,718,1.10753,-0.09578,14,239.85
2020-03-16,2020-03-30,190.0,call,55.04,55.74,55.39,0.0,0,0,1.32216,0.8484,14,239.85
2020-03-16,2020-03-30,190.0,put,3.07,3.16,3.12,3.05,1421,1792,1.08802,-0.11499,14,239.85
2020-03-16,2020-03-30,195.0,call,50.62,51.31,50.97,0.0,0,0,1.27338,0.83025,14,239.85
2020-03-16,2020-03-30,195.0,put,3.7,3.82,3.76,4.45,1133,478,1.05875,-0.13512,14,239.85
2020-03-16,2020-03-30,200.0,call,46.25,47.22,46.73,57.9,2,8,1.23436,0.80863,14,239.85
2020-03-16,2020-03-30,200.0,put,4.4,4.59,4.5,4.46,6285,4400,1.03924,-0.15988,14,239.85
2020-03-16,2020-03-30,205.0,call,42.25,43.04,42.64,0.0,0,0,1.19534,0.78469,14,239.85
2020-03-16,2020-03-30,205.0,put,5.24,5.47,5.36,6.23,1773,705,1.00998,-0.18589,14,239.85
2020-03-16,2020-03-30,210.0,call,38.17,38.78,38.48,41.9,10,0,1.14656,0.75946,14,239.85
2020-03-16,2020-03-30,210.0,put,6.2,6.46,6.33,6.6,2663,2125,0.99046,-0.21692,14,239.85
2020-03-16,2020-03-30,215.0,call,34.03,34.88,34.45,44.32,0,0,1.10753,0.73011,14,239.85
2020-03-16,2020-03-30,215.0,put,7.32,7.62,7.47,7.4,405,912,0.9612,-0.24963,14,239.85
2020-03-16,2020-03-30,220.0,call,30.27,31.44,30.86,40.08,0,0,1.07827,0.69676,14,239.85
2020-03-16,2020-03-30,220.0,put,8.58,8.91,8.75,8.99,2737,2626,0.94168,-0.28735,14,239.85
2020-03-16,2020-03-30,225.0,call,26.98,27.63,27.3,26.65,52,0,1.049,0.66067,14,239.85
2020-03-16,2020-03-30,225.0,put,10.0,10.37,10.18,10.55,1030,1741,0.91242,-0.32724,14,239.85
2020-03-16,2020-03-30,230.0,call,23.56,24.22,23.89,23.05,46,54,1.00998,0.62225,14,239.85
2020-03-16,2020-03-30,230.0,put,11.59,12.0,11.79,12.4,2244,3824,0.88315,-0.3709,14,239.85
2020-03-16,2020-03-30,231.0,call,22.85,23.56,23.2,22.87,30,0,1.00022,0.61423,14,239.85
2020-03-16,2020-03-30,231.0,put,11.89,12.38,12.14,12.47,36,0,0.88315,-0.38041,14,239.85
2020-03-16,2020-03-30,232.0,call,22.2,22.91,22.55,22.43,118,0,1.00022,0.60577,14,239.85
2020-03-16,2020-03-30,232.0,put,12.24,12.73,12.48,14.37,142,145,0.87339,-0.3895,14,239.85
2020-03-16,2020-03-30,233.0,call,21.62,22.27,21.95,19.67,2,0,0.99046,0.59749,14,239.85
2020-03-16,2020-03-30,233.0,put,12.59,13.09,12.84,13.69,25,157,0.87339,-0.39918,14,239.85
2020-03-16,2020-03-30,234.0,call,20.99,21.63,21.31,0.0,0,0,0.99046,0.58892,14,239.85
2020-03-16,2020-03-30,234.0,put,12.95,13.46,13.21,15.2,37,34,0.86364,-0.40861,14,239.85
2020-03-16,2020-03-30,235.0,call,20.36,20.99,20.67,18.58,9,10,0.98071,0.58039,14,239.85
2020-03-16,2020-03-30,235.0,put,13.36,13.8,13.58,14.93,887,1035,0.85388,-0.41826,14,239.85
2020-03-16,2020-03-30,236.0,call,19.74,20.39,20.06,0.0,0,0,0.97095,0.57169,14,239.85
2020-03-16,2020-03-30,236.0,put,13.69,14.22,13.96,16.17,137,74,0.85388,-0.4282,14,239.85
2020-03-16,2020-03-30,237.0,call,19.13,19.78,19.45,18.86,1,0,0.97095,0.56295,14,239.85
2020-03-16,2020-03-30,237.0,put,14.07,14.61,14.34,15.55,106,31,0.84413,-0.4382,14,239.85
2020-03-16,2020-03-30,238.0,call,18.53,19.17,18.85,21.89,30,0,0.9612,0.554,14,239.85
2020-03-16,2020-03-30,238.0,put,14.46,15.0,14.73,17.2,385,29,0.84413,-0.44825,14,239.85
2020-03-16,2020-03-30,239.0,call,17.93,18.56,18.24,16.57,50,0,0.95144,0.54488,14,239.85
2020-03-16,2020-03-30,239.0,put,14.86,15.41,15.13,15.09,120,75,0.83437,-0.45858,14,239.85
2020-03-16,2020-03-30,240.0,call,17.36,17.93,17.64,16.97,248,38,0.94168,0.5356,14,239.85
2020-03-16,2020-03-30,240.0,put,15.31,15.79,15.55,15.59,2317,2068,0.82461,-0.46912,14,239.85
2020-03-16,2020-03-30,241.0,call,16.76,17.4,17.08,15.06,58,9,0.94168,0.52663,14,239.85
2020-03-16,2020-03-30,241.0,put,15.67,16.25,15.96,17.04,675,91,0.82461,-0.47937,14,239.85
2020-03-16,2020-03-30,242.0,call,16.19,16.82,16.51,14.5,18,0,0.93193,0.5171,14,239.85
2020-03-16,2020-03-30,242.0,put,16.09,16.68,16.38,17.12,37,158,0.81486,-0.49024,14,239.85
2020-03-16,2020-03-30,243.0,call,15.63,16.24,15.93,14.37,35,1,0.92217,0.50742,14,239.85
2020-03-16,2020-03-30,243.0,put,16.52,17.11,16.81,17.0,215,52,0.8051,-0.50132,14,239.85
2020-03-16,2020-03-30,244.0,call,15.07,15.68,15.38,14.15,23,99,0.92217,0.49834,14,239.85
2020-03-16,2020-03-30,244.0,put,16.96,17.56,17.26,20.0,134,163,0.79535,-0.51262,14,239.85
2020-03-16,2020-03-30,245.0,call,14.53,15.07,14.8,13.01,149,106,0.91242,0.48843,14,239.85
2020-03-16,2020-03-30,245.0,put,17.45,17.97,17.71,19.15,1275,2153,0.79535,-0.52308,14,239.85
2020-03-16,2020-03-30,246.0,call,13.93,14.58,14.25,13.4,98,1,0.90266,0.47836,14,239.85
2020-03-16,2020-03-30,246.0,put,17.75,18.91,18.33,18.92,171,169,0.79535,-0.53349,14,239.85
2020-03-16,2020-03-30,247.0,call,13.46,14.04,13.75,12.0,99,2,0.90266,0.46922,14,239.85
2020-03-16,2020-03-30,247.0,put,18.2,19.15,18.67,21.24,192,216,0.78559,-0.54513,14,239.85
2020-03-16,2020-03-30,248.0,call,12.93,13.5,13.21,12.5,161,27,0.89291,0.45894,14,239.85
2020-03-16,2020-03-30,248.0,put,18.55,19.65,19.1,20.58,145,165,0.77583,-0.55698,14,239.85
2020-03-16,2020-03-30,249.0,call,12.42,12.98,12.7,13.0,106,6,0.88315,0.44851,14,239.85
2020-03-16,2020-03-30,249.0,put,19.06,20.27,19.66,21.0,136,48,0.76608,-0.56902,14,239.85
2020-03-16,2020-03-30,250.0,call,11.91,12.41,12.16,11.01,491,129,0.87339,0.43793,14,239.85
2020-03-16,2020-03-30,250.0,put,19.54,20.79,20.16,20.82,1887,4266,0.75632,-0.58125,14,239.85
2020-03-16,2020-03-30,251.0,call,11.41,11.95,11.68,11.14,320,86,0.87339,0.42875,14,239.85
2020-03-16,2020-03-30,251.0,put,20.24,21.07,20.66,21.27,201,329,0.75632,-0.59175,14,239.85
2020-03-16,2020-03-30,252.0,call,10.92,11.45,11.18,10.03,123,18,0.86364,0.418,14,239.85
2020-03-16,2020-03-30,252.0,put,20.53,21.8,21.16,23.83,74,334,0.74657,-0.60419,14,239.85
2020-03-16,2020-03-30,253.0,call,10.43,10.96,10.7,12.17,83,372,0.85388,0.40711,14,239.85
2020-03-16,2020-03-30,253.0,put,21.3,22.31,21.8,24.47,123,852,0.74657,-0.61459,14,239.85
2020-03-16,2020-03-30,254.0,call,9.96,10.47,10.21,9.21,128,18,0.84413,0.39609,14,239.85
2020-03-16,2020-03-30,254.0,put,21.55,22.83,22.19,24.76,66,184,0.72706,-0.62956,14,239.85
2020-03-16,2020-03-30,255.0,call,9.49,9.95,9.72,9.14,366,78,0.83437,0.38494,14,239.85
2020-03-16,2020-03-30,255.0,put,22.18,23.34,22.76,23.65,591,1194,0.7173,-0.64247,14,239.85
2020-03-16,2020-03-30,256.0,call,8.98,9.53,9.25,8.31,77,262,0.82461,0.37367,14,239.85
2020-03-16,2020-03-30,256.0,put,22.66,23.63,23.14,26.16,126,469,0.69779,-0.65829,14,239.85
2020-03-16,2020-03-30,257.0,call,8.53,9.06,8.79,10.08,19,103,0.82461,0.36456,14,239.85
2020-03-16,2020-03-30,257.0,put,23.2,24.37,23.79,27.25,133,131,0.69779,-0.6687,14,239.85
2020-03-16,2020-03-30,258.0,call,8.14,8.61,8.38,7.89,41,292,0.81486,0.3532,14,239.85
2020-03-16,2020-03-30,258.0,put,23.79,24.92,24.36,27.32,101,387,0.68803,-0.68199,14,239.85
2020-03-16,2020-03-30,259.0,call,7.71,8.17,7.94,9.71,2,234,0.8051,0.34174,14,239.85
2020-03-16,2020-03-30,259.0,put,24.37,25.44,24.91,26.35,29,389,0.67828,-0.69536,14,239.85
2020-03-16,2020-03-30,260.0,call,7.28,7.69,7.49,7.67,2473,258,0.79535,0.33019,14,239.85
2020-03-16,2020-03-30,260.0,put,25.18,26.04,25.61,28.62,348,1177,0.67828,-0.70544,14,239.85
2020-03-16,2020-03-30,261.0,call,6.83,7.3,7.06,7.6,7,40,0.78559,0.31857,14,239.85
2020-03-16,2020-03-30,261.0,put,25.54,26.41,25.98,22.0,8,118,0.64901,-0.72593,14,239.85
2020-03-16,2020-03-30,262.0,call,6.46,6.84,6.65,5.6,125,219,0.77583,0.30687,14,239.85
2020-03-16,2020-03-30,262.0,put,26.22,27.21,26.71,27.95,27,69,0.64901,-0.73586,14,239.85
2020-03-16,2020-03-30,263.0,call,6.06,6.43,6.24,5.24,25,35,0.76608,0.29513,14,239.85
2020-03-16,2020-03-30,263.0,put,26.82,27.79,27.3,27.09,11,69,0.63925,-0.7494,14,239.85
2020-03-16,2020-03-30,264.0,call,5.67,6.03,5.85,5.5,215,80,0.75632,0.28334,14,239.85
2020-03-16,2020-03-30,264.0,put,27.62,28.36,27.99,23.13,6,346,0.6295,-0.76292,14,239.85
2020-03-16,2020-03-30,265.0,call,5.29,5.65,5.47,5.29,347,146,0.74657,0.27152,14,239.85
2020-03-16,2020-03-30,265.0,put,28.24,28.96,28.6,29.51,42,679,0.61974,-0.7764,14,239.85
2020-03-16,2020-03-30,266.0,call,4.94,5.27,5.11,4.85,14,1343,0.73681,0.25969,14,239.85
2020-03-16,2020-03-30,266.0,put,28.89,29.6,29.25,30.69,30,559,0.60023,-0.79409,14,239.85
2020-03-16,2020-03-30,267.0,call,4.61,4.9,4.76,4.45,32,76,0.72706,0.24786,14,239.85
2020-03-16,2020-03-30,267.0,put,29.32,30.22,29.77,29.72,32,150,0.58072,-0.81197,14,239.85
2020-03-16,2020-03-30,268.0,call,4.25,4.54,4.39,3.65,152,165,0.7173,0.23606,14,239.85
2020-03-16,2020-03-30,268.0,put,29.99,30.86,30.42,29.4,8,359,0.56121,-0.82992,14,239.85
2020-03-16,2020-03-30,269.0,call,3.93,4.2,4.07,3.33,53,374,0.70754,0.2243,14,239.85
2020-03-16,2020-03-30,269.0,put,30.86,31.5,31.18,28.3,32,88,0.55145,-0.84306,14,239.85
2020-03-16,2020-03-30,270.0,call,3.61,3.87,3.74,3.19,801,533,0.69779,0.21261,14,239.85
2020-03-16,2020-03-30,270.0,put,31.36,32.02,31.69,35.15,362,2432,0.52218,-0.86558,14,239.85
2020-03-16,2020-03-30,271.0,call,3.32,3.55,3.43,3.4,61,138,0.68803,0.20099,14,239.85
2020-03-16,2020-03-30,271.0,put,32.05,32.86,32.45,33.32,15,331,0.50267,-0.883,14,239.85
2020-03-16,2020-03-30,272.0,call,3.03,3.25,3.14,2.45,324,230,0.67828,0.18949,14,239.85
2020-03-16,2020-03-30,272.0,put,32.76,33.58,33.17,34.05,10,157,0.48316,-0.8999,14,239.85
2020-03-16,2020-03-30,273.0,call,2.76,2.96,2.86,3.21,538,409,0.66852,0.17811,14,239.85
2020-03-16,2020-03-30,273.0,put,33.47,34.25,33.86,29.79,8,361,0.45389,-0.92085,14,239.85
2020-03-16,2020-03-30,274.0,call,2.5,2.68,2.59,2.54,39,645,0.65876,0.1669,14,239.85
2020-03-16,2020-03-30,274.0,put,34.2,35.02,34.61,32.08,15,111,0.42462,-0.94038,14,239.85
2020-03-16,2020-03-30,275.0,call,2.25,2.42,2.33,2.21,2599,2696,0.64901,0.15586,14,239.85
2020-03-16,2020-03-30,275.0,put,34.97,35.72,35.34,37.36,100,600,0.36609,-0.96927,14,239.85
2020-03-16,2020-03-30,276.0,call,2.01,2.18,2.09,2.1,276,235,0.63925,0.14503,14,239.85
2020-03-16,2020-03-30,276.0,put,35.74,36.51,36.12,34.91,2,129,0.01488,-1.0,14,239.85
2020-03-16,2020-03-30,277.0,call,1.79,1.95,1.87,1.76,117,396,0.6295,0.13444,14,239.85
2020-03-16,2020-03-30,277.0,put,36.52,37.27,36.9,38.0,124,1187,0.01488,-1.0,14,239.85
2020-03-16,2020-03-30,278.0,call,1.59,1.74,1.67,1.24,170,347,0.61974,0.12412,14,239.85
2020-03-16,2020-03-30,278.0,put,37.31,38.14,37.73,34.88,6,1100,0.01488,-1.0,14,239.85
2020-03-16,2020-03-30,279.0,call,1.4,1.54,1.47,1.23,284,450,0.60999,0.11408,14,239.85
2020-03-16,2020-03-30,279.0,put,38.12,38.85,38.48,34.73,30,170,0.01488,-1.0,14,239.85
2020-03-16,2020-03-30,280.0,call,1.23,1.36,1.29,1.28,3904,3096,0.59047,0.10032,14,239.85
2020-03-16,2020-03-30,280.0,put,38.93,39.68,39.3,43.1,100,1358,0.01488,-1.0,14,239.85
2020-03-16,2020-03-30,281.0,call,1.07,1.2,1.14,1.1,308,0,0.59047,0.095,14,239.85
2020-03-16,2020-03-30,281.0,put,39.76,40.42,40.09,40.0,1,1027,0.01488,-1.0,14,239.85
2020-03-16,2020-03-30,282.0,call,0.93,1.07,1.0,1.04,230,1395,0.58072,0.08601,14,239.85
2020-03-16,2020-03-30,282.0,put,40.56,41.53,41.05,39.53,1,1049,0.01488,-1.0,14,239.85
2020-03-16,2020-03-30,283.0,call,0.81,0.94,0.88,0.64,290,1497,0.57096,0.07742,14,239.85
2020-03-16,2020-03-30,283.0,put,41.3,42.52,41.91,38.84,53,1069,0.01488,-1.0,14,239.85
2020-03-16,2020-03-30,284.0,call,0.71,0.82,0.76,0.62,392,0,0.56121,0.06925,14,239.85
2020-03-16,2020-03-30,284.0,put,42.4,43.18,42.79,38.12,32,90,0.01488,-1.0,14,239.85
2020-03-16,2020-03-30,285.0,call,0.62,0.72,0.67,0.53,555,1613,0.55145,0.06152,14,239.85
2020-03-16,2020-03-30,285.0,put,43.29,44.07,43.68,40.0,55,4728,0.01488,-1.0,14,239.85
2020-03-16,2020-03-30,286.0,call,0.54,0.64,0.59,0.51,618,1828,0.55145,0.05768,14,239.85
2020-03-16,2020-03-30,286.0,put,44.11,45.13,44.62,41.43,1,4122,0.01488,-1.0,14,239.85
2020-03-16,2020-03-30,287.0,call,0.47,0.57,0.52,0.41,230,1562,0.54169,0.05074,14,239.85
2020-03-16,2020-03-30,287.0,put,45.01,46.07,45.54,43.1,15,289,0.01488,-1.0,14,239.85
2020-03-16,2020-03-30,288.0,call,0.42,0.5,0.46,0.42,405,805,0.54169,0.04741,14,239.85
2020-03-16,2020-03-30,288.0,put,46.03,46.95,46.49,45.0,7,119,0.01488,-1.0,14,239.85
2020-03-16,2020-03-30,289.0,call,0.37,0.45,0.41,0.34,152,355,0.53194,0.04125,14,239.85
2020-03-16,2020-03-30,289.0,put,46.9,47.96,47.43,50.48,9,130,0.01488,-1.0,14,239.85
2020-03-16,2020-03-30,290.0,call,0.33,0.41,0.37,0.31,2477,2928,0.53194,0.0384,14,239.85
2020-03-16,2020-03-30,290.0,put,47.94,48.79,48.36,48.5,19,570,0.01488,-1.0,14,239.85
2020-03-16,2020-03-30,291.0,call,0.3,0.37,0.33,0.27,88,803,0.53194,0.03573,14,239.85
2020-03-16,2020-03-30,291.0,put,48.9,49.84,49.37,45.52,5,8047,0.01488,-1.0,14,239.85
2020-03-16,2020-03-30,292.0,call,0.27,0.34,0.31,0.24,281,544,0.53194,0.03322,14,239.85
2020-03-16,2020-03-30,292.0,put,49.88,50.93,50.41,51.54,21,123,0.01488,-1.0,14,239.85
2020-03-16,2020-03-30,293.0,call,0.25,0.31,0.28,0.24,54,0,0.53194,0.03086,14,239.85
2020-03-16,2020-03-30,293.0,put,50.83,51.75,51.29,45.0,2,345,0.01488,-1.0,14,239.85
2020-03-16,2020-03-30,294.0,call,0.22,0.28,0.25,0.2,38,723,0.52218,0.02628,14,239.85
2020-03-16,2020-03-30,294.0,put,51.66,52.87,52.27,45.0,2,345,0.01488,-1.0,14,239.85
2020-03-16,2020-03-30,295.0,call,0.21,0.26,0.23,0.21,944,4040,0.52218,0.02432,14,239.85
2020-03-16,2020-03-30,295.0,put,52.79,53.69,53.24,56.93,4,514,0.01488,-1.0,14,239.85
2020-03-16,2020-03-30,296.0,call,0.19,0.25,0.22,0.2,561,1951,0.53194,0.02464,14,239.85
2020-03-16,2020-03-30,296.0,put,53.77,54.67,54.22,50.0,2,4064,0.01488,-1.0,14,239.85
2020-03-16,2020-03-30,297.0,call,0.18,0.23,0.21,0.16,346,780,0.53194,0.02283,14,239.85
2020-03-16,2020-03-30,297.0,put,54.79,55.67,55.23,46.91,1,108,0.01488,-1.0,14,239.85
2020-03-16,2020-03-30,298.0,call,0.17,0.21,0.19,0.16,299,1068,0.53194,0.02114,14,239.85
2020-03-16,2020-03-30,298.0,put,55.68,56.73,56.2,50.3,3,102,0.01488,-1.0,14,239.85
2020-03-16,2020-03-30,299.0,call,0.16,0.2,0.18,0.17,59,473,0.53194,0.01956,14,239.85
2020-03-16,2020-03-30,299.0,put,56.58,57.8,57.19,45.0,0,348,0.01488,-1.0,14,239.85
2020-03-16,2020-03-30,300.0,call,0.17,0.19,0.18,0.18,3185,3041,0.54169,0.01993,14,239.85
2020-03-16,2020-03-30,300.0,put,57.65,58.72,58.19,59.54,72,993,0.01488,-1.0,14,239.85
2020-03-16,2020-03-30,301.0,call,0.13,0.18,0.15,0.13,101,513,0.53194,0.01672,14,239.85
2020-03-16,2020-03-30,301.0,put,58.56,59.79,59.17,55.02,1,161,0.01488,-1.0,14,239.85
2020-03-16,2020-03-30,302.0,call,0.12,0.17,0.15,0.26,3,1315,0.54169,0.01709,14,239.85
2020-03-16,2020-03-30,302.0,put,59.64,60.66,60.15,47.93,0,239,0.01488,-1.0,14,239.85
2020-03-16,2020-03-30,303.0,call,0.12,0.16,0.14,0.18,15,302,0.54169,0.01581,14,239.85
2020-03-16,2020-03-30,303.0,put,60.69,61.61,61.15,56.46,3,89,0.01488,-1.0,14,239.85
2020-03-16,2020-03-30,304.0,call,0.12,0.15,0.14,0.11,34,375,0.55145,0.01619,14,239.85
2020-03-16,2020-03-30,304.0,put,61.7,62.58,62.14,51.31,0,149,0.01488,-1.0,14,239.85
2020-03-16,2020-03-30,305.0,call,0.1,0.14,0.12,0.11,210,966,0.54169,0.01351,14,239.85
2020-03-16,2020-03-30,305.0,put,62.61,63.68,63.14,60.35,16,1426,0.01488,-1.0,14,239.85
2020-03-16,2020-03-30,306.0,call,0.09,0.14,0.12,0.19,31,352,0.55145,0.01389,14,239.85
2020-03-16,2020-03-30,306.0,put,63.53,64.75,64.14,59.05,1,65,0.01488,-1.0,14,239.85
2020-03-16,2020-03-30,307.0,call,0.09,0.13,0.11,0.1,50,0,0.55145,0.01285,14,239.85
2020-03-16,2020-03-30,307.0,put,64.65,65.63,65.14,61.48,2,73,0.01488,-1.0,14,239.85
2020-03-16,2020-03-30,308.0,call,0.08,0.13,0.11,0.11,130,452,0.55145,0.01189,14,239.85
2020-03-16,2020-03-30,308.0,put,65.65,66.6,66.12,61.91,4,144,0.01488,-1.0,14,239.85
2020-03-16,2020-03-30,309.0,call,0.08,0.12,0.1,0.09,89,437,0.55145,0.01099,14,239.85
2020-03-16,2020-03-30,309.0,put,66.84,67.57,67.2,63.45,2,35,0.01488,-1.0,14,239.85
2020-03-16,2020-03-30,310.0,call,0.07,0.11,0.09,0.12,86,1691,0.55145,0.01015,14,239.85
2020-03-16,2020-03-30,310.0,put,67.62,68.58,68.1,69.9,14,662,0.01488,-1.0,14,239.85
2020-03-16,2020-03-30,311.0,call,0.07,0.11,0.09,0.11,2,777,0.56121,0.01051,14,239.85
2020-03-16,2020-03-30,311.0,put,68.83,69.57,69.2,64.62,1,55,0.01488,-1.0,14,239.85
2020-03-16,2020-03-30,312.0,call,0.06,0.11,0.08,0.09,31,0,0.56121,0.00972,14,239.85
2020-03-16,2020-03-30,312.0,put,69.82,70.52,70.17,56.29,0,77,0.01488,-1.0,14,239.85
2020-03-16,2020-03-30,313.0,call,0.06,0.1,0.08,0.14,106,0,0.56121,0.00899,14,239.85
2020-03-16,2020-03-30,313.0,put,70.54,71.68,71.11,67.14,10,86,0.01488,-1.0,14,239.85
2020-03-16,2020-03-30,314.0,call,0.05,0.1,0.08,0.09,51,854,0.57096,0.00933,14,239.85
2020-03-16,2020-03-30,314.0,put,71.6,72.55,72.07,42.85,0,62,0.01488,-1.0,14,239.85
2020-03-16,2020-03-30,315.0,call,0.05,0.09,0.07,0.06,36,1641,0.57096,0.00864,14,239.85
2020-03-16,2020-03-30,315.0,put,72.53,73.61,73.07,68.82,11,414,0.01488,-1.0,14,239.85
2020-03-16,2020-03-30,316.0,call,0.05,0.09,0.07,0.08,1,243,0.57096,0.008,14,239.85
2020-03-16,2020-03-30,316.0,put,73.49,74.71,74.1,71.35,1,75,0.01488,-1.0,14,239.85
2020-03-16,2020-03-30,317.0,call,0.04,0.09,0.07,0.07,10,433,0.58072,0.00832,14,239.85
2020-03-16,2020-03-30,317.0,put,74.8,75.54,75.17,60.33,0,13,0.01488,-1.0,14,239.85
2020-03-16,2020-03-30,318.0,call,0.04,0.08,0.06,0.21,0,286,0.57096,0.00684,14,239.85
2020-03-16,2020-03-30,318.0,put,75.79,76.52,76.16,72.14,10,193,0.01488,-1.0,14,239.85
2020-03-16,2020-03-30,319.0,call,0.04,0.08,0.06,0.07,12,214,0.58072,0.00715,14,239.85
2020-03-16,2020-03-30,319.0,put,76.52,77.6,77.06,14.22,0,5,0.01488,-1.0,14,239.85
2020-03-16,2020-03-30,320.0,call,0.06,0.08,0.07,0.07,254,1545,0.59047,0.00746,14,239.85
2020-03-16,2020-03-30,320.0,put,77.76,78.52,78.14,73.82,10,283,0.01488,-1.0,14,239.85
2020-03-16,2020-03-30,321.0,call,0.03,0.08,0.06,0.07,2,1114,0.59047,0.00692,14,239.85
2020-03-16,2020-03-30,321.0,put,78.78,79.51,79.15,41.51,0,370,0.01488,-1.0,14,239.85
2020-03-16,2020-03-30,322.0,call,0.03,0.07,0.05,0.08,26,316,0.58072,0.00567,14,239.85
2020-03-16,2020-03-30,322.0,put,79.58,80.51,80.05,20.84,0,12,0.01488,-1.0,14,239.85
2020-03-16,2020-03-30,323.0,call,0.03,0.07,0.05,0.07,1,701,0.59047,0.00595,14,239.85
2020-03-16,2020-03-30,323.0,put,80.64,81.61,81.12,23.25,0,3,0.01488,-1.0,14,239.85
2020-03-16,2020-03-30,324.0,call,0.03,0.06,0.04,0.04,8,595,0.58072,0.00485,14,239.85
2020-03-16,2020-03-30,324.0,put,81.58,82.52,82.05,43.01,0,13,0.01488,-1.0,14,239.85
2020-03-16,2020-03-30,325.0,call,0.03,0.07,0.05,0.05,406,1777,0.60023,0.00579,14,239.85
2020-03-16,2020-03-30,325.0,put,82.74,83.5,83.12,70.42,4,1037,0.01488,-1.0,14,239.85
2020-03-16,2020-03-30,326.0,call,0.02,0.07,0.05,0.05,14,0,0.60023,0.00537,14,239.85
2020-03-16,2020-03-30,326.0,put,83.76,84.52,84.14,20.3,0,2,0.01488,-1.0,14,239.85
2020-03-16,2020-03-30,327.0,call,0.02,0.07,0.05,0.03,84,736,0.60999,0.00564,14,239.85
2020-03-16,2020-03-30,327.0,put,84.55,85.61,85.08,70.33,0,9,0.01488,-1.0,14,239.85
2020-03-16,2020-03-30,328.0,call,0.02,0.06,0.04,0.04,1,546,0.60023,0.00462,14,239.85
2020-03-16,2020-03-30,328.0,put,85.57,86.53,86.05,76.46,0,22,0.01488,-1.0,14,239.85
2020-03-16,2020-03-30,329.0,call,0.02,0.06,0.04,0.06,90,625,0.60999,0.00487,14,239.85
2020-03-16,2020-03-30,329.0,put,86.57,87.61,87.09,83.68,1,2,0.01488,-1.0,14,239.85
2020-03-16,2020-03-30,330.0,call,0.04,0.06,0.05,0.05,165,1378,0.6295,0.00577,14,239.85
2020-03-16,2020-03-30,330.0,put,87.56,88.61,88.09,62.0,0,32,0.01488,-1.0,14,239.85
2020-03-16,2020-03-30,331.0,call,0.02,0.05,0.04,0.05,105,521,0.61974,0.00477,14,239.85
2020-03-16,2020-03-30,331.0,put,88.76,89.5,89.13,79.06,0,1,0.01488,-1.0,14,239.85
2020-03-16,2020-03-30,332.0,call,0.01,0.06,0.03,0.02,22,276,0.60023,0.0034,14,239.85
2020-03-16,2020-03-30,332.0,put,88.62,91.52,90.07,0.0,0,0,0.01488,-1.0,14,239.85
2020-03-16,2020-03-30,333.0,call,0.01,0.06,0.03,0.05,13,103,0.60999,0.00361,14,239.85
2020-03-16,2020-03-30,333.0,put,89.62,92.52,91.07,57.07,0,11,0.01488,-1.0,14,239.85
2020-03-16,2020-03-30,334.0,call,0.01,0.06,0.03,0.04,5,125,0.60999,0.00335,14,239.85
2020-03-16,2020-03-30,334.0,put,90.62,93.52,92.07,32.99,0,7,0.01488,-1.0,14,239.85
2020-03-16,2020-03-30,335.0,call,0.01,0.05,0.03,0.04,164,784,0.61974,0.00356,14,239.85
2020-03-16,2020-03-30,335.0,put,91.62,94.52,93.07,30.58,0,22,0.01488,-1.0,14,239.85
2020-03-16,2020-03-30,336.0,call,0.01,0.05,0.03,0.04,43,113,0.61974,0.00331,14,239.85
2020-03-16,2020-03-30,336.0,put,92.62,95.52,94.07,28.08,0,13,0.01488,-1.0,14,239.85
2020-03-16,2020-03-30,337.0,call,0.01,0.05,0.03,0.04,6,0,0.6295,0.00351,14,239.85
2020-03-16,2020-03-30,337.0,put,93.61,96.51,95.06,35.02,0,4,0.01488,-1.0,14,239.85
2020-03-16,2020-03-30,338.0,call,0.01,0.04,0.03,0.03,133,352,0.6295,0.00326,14,239.85
2020-03-16,2020-03-30,338.0,put,94.61,97.51,96.06,35.37,0,8,0.01488,-1.0,14,239.85
2020-03-16,2020-03-30,339.0,call,0.01,0.05,0.03,0.03,8,36,0.63925,0.00346,14,239.85
2020-03-16,2020-03-30,339.0,put,95.61,98.51,97.06,0.0,0,0,0.01488,-1.0,14,239.85
2020-03-16,2020-03-30,340.0,call,0.02,0.05,0.04,0.03,88,4406,0.65876,0.00415,14,239.85
2020-03-16,2020-03-30,340.0,put,96.61,99.51,98.06,17.99,0,3,0.01488,-1.0,14,239.85
2020-03-16,2020-03-30,345.0,put,101.6,104.49,103.04,0.0,0,0,0.01488,-1.0,14,239.85
2020-03-16,2020-03-30,350.0,put,106.59,109.49,108.04,76.85,0,11,0.01488,-1.0,14,239.85
2020-03-16,2020-03-30,355.0,put,111.59,114.48,113.03,0.0,0,0,0.01488,-1.0,14,239.85
2020-03-16,2020-03-30,360.0,put,116.59,119.48,118.03,0.0,0,0,0.01488,-1.0,14,239.85
2020-03-16,2020-03-30,365.0,put,121.58,124.48,123.03,0.0,0,0,0.01488,-1.0,14,239.85
2020-03-16,2020-03-30,370.0,put,126.58,129.47,128.03,0.0,0,0,0.01488,-1.0,14,239.85
2020-03-16,2020-03-31,185.0,call,59.52,60.67,60.09,60.0,1,0,1.35143,0.86107,15,239.85
2020-03-16,2020-03-31,185.0,put,2.59,2.73,2.66,2.89,1054,1064,1.07827,-0.0972,15,239.85
2020-03-16,2020-03-31,190.0,call,55.14,56.12,55.63,0.0,0,0,1.30265,0.84488,15,239.85
2020-03-16,2020-03-31,190.0,put,3.15,3.31,3.23,3.93,730,923,1.05875,-0.11637,15,239.85
2020-03-16,2020-03-31,195.0,call,50.66,51.47,51.06,0.0,0,0,1.23436,0.82966,15,239.85
2020-03-16,2020-03-31,195.0,put,3.82,3.98,3.9,4.79,453,1020,1.03924,-0.1382,15,239.85
2020-03-16,2020-03-31,200.0,call,46.43,47.33,46.88,52.65,52,357,1.20509,0.80684,15,239.85
2020-03-16,2020-03-31,200.0,put,4.57,4.77,4.67,4.85,7580,19854,1.01973,-0.16285,15,239.85
2020-03-16,2020-03-31,204.0,call,43.07,44.08,43.58,0.0,0,0,1.17583,0.7878,15,239.85
2020-03-16,2020-03-31,204.0,put,5.27,5.48,5.38,6.2,594,1483,1.00022,-0.18398,15,239.85
2020-03-16,2020-03-31,205.0,call,42.44,43.25,42.84,49.69,0,10,1.16607,0.78313,15,239.85
2020-03-16,2020-03-31,205.0,put,5.45,5.67,5.56,6.75,399,5008,0.99046,-0.18866,15,239.85
2020-03-16,2020-03-31,206.0,call,41.46,42.2,41.83,0.0,0,0,1.14656,0.77971,15,239.85
2020-03-16,2020-03-31,206.0,put,5.64,5.86,5.75,6.93,196,1767,0.99046,-0.19528,15,239.85
2020-03-16,2020-03-31,207.0,call,40.8,41.6,41.2,37.92,3,0,1.15631,0.77217,15,239.85
2020-03-16,2020-03-31,207.0,put,5.84,6.06,5.95,7.33,23,1103,0.99046,-0.202,15,239.85
2020-03-16,2020-03-31,208.0,call,39.99,40.8,40.39,0.0,0,0,1.14656,0.76719,15,239.85
2020-03-16,2020-03-31,208.0,put,6.04,6.27,6.15,6.18,113,1191,0.98071,-0.20709,15,239.85
2020-03-16,2020-03-31,209.0,call,39.19,39.99,39.59,0.0,0,0,1.1368,0.76211,15,239.85
2020-03-16,2020-03-31,209.0,put,6.24,6.48,6.36,7.31,398,1117,0.98071,-0.21405,15,239.85
2020-03-16,2020-03-31,210.0,call,38.4,39.2,38.8,45.83,0,18,1.12705,0.75691,15,239.85
2020-03-16,2020-03-31,210.0,put,6.46,6.7,6.58,6.8,2276,10558,0.97095,-0.21942,15,239.85
2020-03-16,2020-03-31,211.0,call,37.45,38.19,37.82,0.0,0,0,1.10753,0.75286,15,239.85
2020-03-16,2020-03-31,211.0,put,6.67,6.92,6.79,6.92,264,828,0.97095,-0.22662,15,239.85
2020-03-16,2020-03-31,212.0,call,36.65,37.41,37.03,0.0,0,0,1.10753,0.74616,15,239.85
2020-03-16,2020-03-31,212.0,put,6.89,7.15,7.02,6.25,128,1349,0.9612,-0.23227,15,239.85
2020-03-16,2020-03-31,213.0,call,36.07,36.77,36.42,0.0,0,0,1.10753,0.7394,15,239.85
2020-03-16,2020-03-31,213.0,put,7.12,7.39,7.25,8.65,54,1613,0.9612,-0.23971,15,239.85
2020-03-16,2020-03-31,214.0,call,35.29,36.07,35.68,43.99,1,0,1.09778,0.73374,15,239.85
2020-03-16,2020-03-31,214.0,put,7.36,7.63,7.5,7.5,83,1335,0.95144,-0.24566,15,239.85
2020-03-16,2020-03-31,215.0,call,34.52,35.33,34.92,41.35,0,21,1.09778,0.72682,15,239.85
2020-03-16,2020-03-31,215.0,put,7.59,7.88,7.73,8.25,422,4676,0.95144,-0.25333,15,239.85
2020-03-16,2020-03-31,216.0,call,33.76,34.54,34.15,0.0,0,0,1.08802,0.72093,15,239.85
2020-03-16,2020-03-31,216.0,put,7.84,8.13,7.99,9.5,285,1801,0.94168,-0.25958,15,239.85
2020-03-16,2020-03-31,217.0,call,33.01,33.78,33.39,60.4,0,2,1.07827,0.71491,15,239.85
2020-03-16,2020-03-31,217.0,put,8.09,8.39,8.24,9.63,438,1717,0.94168,-0.26749,15,239.85
2020-03-16,2020-03-31,218.0,call,32.26,32.85,32.55,59.44,0,2,1.06851,0.70875,15,239.85
2020-03-16,2020-03-31,218.0,put,8.35,8.66,8.5,8.97,98,1571,0.93193,-0.27405,15,239.85
2020-03-16,2020-03-31,219.0,call,31.53,32.12,31.82,0.0,0,0,1.05875,0.70247,15,239.85
2020-03-16,2020-03-31,219.0,put,8.61,8.93,8.77,8.7,134,982,0.93193,-0.28218,15,239.85
2020-03-16,2020-03-31,220.0,call,30.81,31.64,31.23,29.82,14,27,1.05875,0.69507,15,239.85
2020-03-16,2020-03-31,220.0,put,8.88,9.21,9.05,9.0,5127,10000,0.92217,-0.28907,15,239.85
2020-03-16,2020-03-31,221.0,call,30.09,30.79,30.44,0.0,0,0,1.049,0.68854,15,239.85
2020-03-16,2020-03-31,221.0,put,9.16,9.49,9.32,9.51,64,1370,0.92217,-0.29741,15,239.85
2020-03-16,2020-03-31,222.0,call,29.4,30.06,29.73,0.0,0,0,1.049,0.68099,15,239.85
2020-03-16,2020-03-31,222.0,put,9.44,9.78,9.61,11.33,172,804,0.91242,-0.30462,15,239.85
2020-03-16,2020-03-31,223.0,call,28.66,29.34,29.0,0.0,0,0,1.03924,0.67421,15,239.85
2020-03-16,2020-03-31,223.0,put,9.73,10.08,9.91,10.17,30,399,0.91242,-0.31318,15,239.85
2020-03-16,2020-03-31,224.0,call,27.97,28.63,28.3,34.35,38,0,1.02949,0.66729,15,239.85
2020-03-16,2020-03-31,224.0,put,10.02,10.39,10.21,11.14,81,721,0.90266,-0.32072,15,239.85
2020-03-16,2020-03-31,225.0,call,27.26,27.93,27.59,26.42,1,34,1.02949,0.6595,15,239.85
2020-03-16,2020-03-31,225.0,put,10.33,10.7,10.52,11.99,5431,4486,0.90266,-0.32949,15,239.85
2020-03-16,2020-03-31,226.0,call,26.57,27.24,26.91,25.77,10,1,1.01973,0.65232,15,239.85
2020-03-16,2020-03-31,226.0,put,10.64,11.01,10.82,10.5,156,1231,0.89291,-0.33737,15,239.85
2020-03-16,2020-03-31,227.0,call,25.9,26.55,26.23,0.0,0,0,1.00998,0.64498,15,239.85
2020-03-16,2020-03-31,227.0,put,10.95,11.34,11.14,12.7,61,1351,0.89291,-0.34632,15,239.85
2020-03-16,2020-03-31,228.0,call,25.24,25.87,25.55,36.35,0,0,1.00998,0.63696,15,239.85
2020-03-16,2020-03-31,228.0,put,11.27,11.67,11.47,13.59,74,840,0.88315,-0.35454,15,239.85
2020-03-16,2020-03-31,229.0,call,24.57,25.19,24.88,35.55,0,0,1.00022,0.62937,15,239.85
2020-03-16,2020-03-31,229.0,put,11.6,12.0,11.8,13.4,40,757,0.88315,-0.36367,15,239.85
2020-03-16,2020-03-31,230.0,call,23.91,24.53,24.22,22.9,184,86,0.99046,0.62163,15,239.85
2020-03-16,2020-03-31,230.0,put,12.0,12.34,12.17,12.78,4198,40685,0.87339,-0.37223,15,239.85
2020-03-16,2020-03-31,231.0,call,23.26,23.86,23.56,21.65,27,6,0.99046,0.61338,15,239.85
2020-03-16,2020-03-31,231.0,put,12.28,12.69,12.48,14.58,196,1573,0.87339,-0.38154,15,239.85
2020-03-16,2020-03-31,232.0,call,22.61,23.21,22.91,29.12,0,1,0.98071,0.60538,15,239.85
2020-03-16,2020-03-31,232.0,put,12.63,13.05,12.84,14.64,91,948,0.86364,-0.39043,15,239.85
2020-03-16,2020-03-31,233.0,call,22.01,22.5,22.26,28.38,0,17,0.97095,0.59722,15,239.85
2020-03-16,2020-03-31,233.0,put,12.98,13.41,13.2,14.11,38,1453,0.86364,-0.39989,15,239.85
2020-03-16,2020-03-31,234.0,call,21.38,21.86,21.62,24.14,19,275,0.97095,0.58877,15,239.85
2020-03-16,2020-03-31,234.0,put,13.35,13.78,13.56,15.0,84,572,0.85388,-0.40913,15,239.85
2020-03-16,2020-03-31,235.0,call,20.75,21.24,20.99,19.04,53,404,0.9612,0.58035,15,239.85
2020-03-16,2020-03-31,235.0,put,13.72,14.16,13.94,14.18,4522,3162,0.84413,-0.41858,15,239.85
2020-03-16,2020-03-31,236.0,call,20.14,20.62,20.38,23.07,2,59,0.9612,0.57182,15,239.85
2020-03-16,2020-03-31,236.0,put,14.1,14.54,14.32,15.46,243,1992,0.84413,-0.42829,15,239.85
2020-03-16,2020-03-31,237.0,call,19.53,20.01,19.77,22.37,1,21,0.95144,0.56314,15,239.85
2020-03-16,2020-03-31,237.0,put,14.49,14.94,14.71,13.56,254,1142,0.83437,-0.43808,15,239.85
2020-03-16,2020-03-31,238.0,call,18.92,19.4,19.16,18.06,1,126,0.94168,0.55431,15,239.85
2020-03-16,2020-03-31,238.0,put,14.89,15.34,15.12,17.06,43,1388,0.83437,-0.4479,15,239.85
2020-03-16,2020-03-31,239.0,call,18.33,18.8,18.56,17.1,1,145,0.94168,0.54561,15,239.85
2020-03-16,2020-03-31,239.0,put,15.29,15.75,15.52,17.42,315,1421,0.82461,-0.45802,15,239.85
2020-03-16,2020-03-31,240.0,call,17.74,18.21,17.98,18.18,72,2549,0.93193,0.53653,15,239.85
2020-03-16,2020-03-31,240.0,put,15.7,16.16,15.93,15.84,2740,19848,0.81486,-0.46834,15,239.85
2020-03-16,2020-03-31,241.0,call,17.16,17.63,17.39,15.58,61,157,0.92217,0.52728,15,239.85
2020-03-16,2020-03-31,241.0,put,16.12,16.58,16.35,17.63,140,2255,0.81486,-0.47836,15,239.85
2020-03-16,2020-03-31,242.0,call,16.59,17.05,16.82,16.1,119,348,0.92217,0.51846,15,239.85
2020-03-16,2020-03-31,242.0,put,16.54,17.01,16.77,18.05,339,1691,0.8051,-0.48901,15,239.85
2020-03-16,2020-03-31,243.0,call,16.02,16.48,16.25,14.37,63,237,0.91242,0.50897,15,239.85
2020-03-16,2020-03-31,243.0,put,16.97,17.45,17.21,19.5,407,1233,0.79535,-0.49987,15,239.85
2020-03-16,2020-03-31,244.0,call,15.46,15.92,15.69,14.11,61,143,0.90266,0.49933,15,239.85
2020-03-16,2020-03-31,244.0,put,17.41,17.9,17.66,20.2,152,1436,0.79535,-0.51003,15,239.85
2020-03-16,2020-03-31,245.0,call,14.91,15.37,15.14,15.03,130,126,0.90266,0.49041,15,239.85
2020-03-16,2020-03-31,245.0,put,17.86,18.35,18.11,18.2,13497,58546,0.78559,-0.52118,15,239.85
2020-03-16,2020-03-31,246.0,call,14.37,14.82,14.59,14.21,59,242,0.89291,0.48054,15,239.85
2020-03-16,2020-03-31,246.0,put,18.25,18.97,18.61,20.0,159,2070,0.78559,-0.53137,15,239.85
2020-03-16,2020-03-31,247.0,call,13.84,14.28,14.06,13.35,113,114,0.88315,0.47051,15,239.85
2020-03-16,2020-03-31,247.0,put,18.67,19.54,19.11,21.65,1725,593,0.77583,-0.54279,15,239.85
2020-03-16,2020-03-31,248.0,call,13.33,13.74,13.54,12.48,939,486,0.87339,0.46032,15,239.85
2020-03-16,2020-03-31,248.0,put,19.15,19.95,19.55,21.5,310,1774,0.76608,-0.55443,15,239.85
2020-03-16,2020-03-31,249.0,call,12.8,13.22,13.01,12.0,80,630,0.87339,0.45131,15,239.85
2020-03-16,2020-03-31,249.0,put,19.64,20.42,20.03,22.7,463,908,0.75632,-0.56626,15,239.85
2020-03-16,2020-03-31,250.0,call,12.29,12.71,12.5,12.0,486,534,0.86364,0.44093,15,239.85
2020-03-16,2020-03-31,250.0,put,20.13,21.14,20.63,21.5,3316,16893,0.75632,-0.57652,15,239.85
2020-03-16,2020-03-31,251.0,call,11.79,12.2,11.99,10.65,380,406,0.85388,0.4304,15,239.85
2020-03-16,2020-03-31,251.0,put,20.46,21.55,21.01,22.01,206,1414,0.74657,-0.58858,15,239.85
2020-03-16,2020-03-31,252.0,call,11.3,11.69,11.5,10.8,307,547,0.85388,0.42139,15,239.85
2020-03-16,2020-03-31,252.0,put,20.95,22.1,21.52,24.12,1197,1694,0.73681,-0.60082,15,239.85
2020-03-16,2020-03-31,253.0,call,10.83,11.2,11.02,9.43,587,0,0.84413,0.4107,15,239.85
2020-03-16,2020-03-31,253.0,put,21.65,22.58,22.11,22.3,276,599,0.73681,-0.61102,15,239.85
2020-03-16,2020-03-31,254.0,call,10.35,10.72,10.54,9.12,101,1777,0.83437,0.39986,15,239.85
2020-03-16,2020-03-31,254.0,put,21.99,23.04,22.52,25.25,379,1682,0.7173,-0.62581,15,239.85
2020-03-16,2020-03-31,255.0,call,9.87,10.24,10.05,9.94,640,3028,0.82461,0.38889,15,239.85
2020-03-16,2020-03-31,255.0,put,22.59,23.56,23.07,24.65,1520,28965,0.7173,-0.63601,15,239.85
2020-03-16,2020-03-31,256.0,call,9.42,9.77,9.59,8.09,183,719,0.81486,0.3778,15,239.85
2020-03-16,2020-03-31,256.0,put,23.16,24.11,23.63,26.63,495,3025,0.70754,-0.64872,15,239.85
2020-03-16,2020-03-31,257.0,call,8.97,9.31,9.14,8.73,91,703,0.81486,0.36886,15,239.85
2020-03-16,2020-03-31,257.0,put,23.7,24.71,24.2,26.0,182,1279,0.69779,-0.66158,15,239.85
2020-03-16,2020-03-31,258.0,call,8.51,8.86,8.68,8.24,131,405,0.8051,0.35767,15,239.85
2020-03-16,2020-03-31,258.0,put,24.19,25.18,24.69,26.33,148,1451,0.68803,-0.67455,15,239.85
2020-03-16,2020-03-31,259.0,call,8.07,8.41,8.24,7.9,406,1083,0.79535,0.34636,15,239.85
2020-03-16,2020-03-31,259.0,put,24.72,25.72,25.22,28.35,81,2026,0.67828,-0.68763,15,239.85
2020-03-16,2020-03-31,260.0,call,7.64,7.98,7.81,7.41,443,1543,0.78559,0.33496,15,239.85
2020-03-16,2020-03-31,260.0,put,25.38,26.25,25.81,29.1,1446,27672,0.66852,-0.7008,15,239.85
2020-03-16,2020-03-31,261.0,call,7.22,7.55,7.38,7.0,361,887,0.77583,0.32347,15,239.85
2020-03-16,2020-03-31,261.0,put,25.89,26.9,26.39,29.0,34,3200,0.65876,-0.71405,15,239.85
2020-03-16,2020-03-31,262.0,call,6.81,7.14,6.97,6.57,102,733,0.76608,0.3119,15,239.85
2020-03-16,2020-03-31,262.0,put,26.47,27.49,26.98,28.0,22,3107,0.63925,-0.73106,15,239.85
2020-03-16,2020-03-31,263.0,call,6.41,6.74,6.58,5.83,1049,685,0.76608,0.30328,15,239.85
2020-03-16,2020-03-31,263.0,put,27.17,28.04,27.61,29.42,34,1176,0.6295,-0.74454,15,239.85
2020-03-16,2020-03-31,264.0,call,6.03,6.34,6.19,5.17,1155,688,0.75632,0.29172,15,239.85
2020-03-16,2020-03-31,264.0,put,27.73,28.64,28.19,25.69,20,3951,0.61974,-0.75803,15,239.85
2020-03-16,2020-03-31,265.0,call,5.63,5.96,5.79,5.58,1893,1368,0.74657,0.28011,15,239.85
2020-03-16,2020-03-31,265.0,put,28.56,29.22,28.89,31.23,3750,12254,0.60999,-0.77148,15,239.85
2020-03-16,2020-03-31,266.0,call,5.27,5.58,5.42,4.77,1025,878,0.73681,0.26847,15,239.85
2020-03-16,2020-03-31,266.0,put,28.93,29.73,29.33,24.0,19,1895,0.59047,-0.78924,15,239.85
2020-03-16,2020-03-31,267.0,call,4.89,5.22,5.05,4.1,98,765,0.72706,0.25682,15,239.85
2020-03-16,2020-03-31,267.0,put,29.58,30.52,30.05,29.59,30,2121,0.58072,-0.80266,15,239.85
2020-03-16,2020-03-31,268.0,call,4.54,4.86,4.7,4.3,328,1014,0.7173,0.24517,15,239.85
2020-03-16,2020-03-31,268.0,put,30.24,31.16,30.7,33.3,10,1672,0.56121,-0.8206,15,239.85
2020-03-16,2020-03-31,269.0,call,4.21,4.52,4.37,3.61,151,1463,0.70754,0.23355,15,239.85
2020-03-16,2020-03-31,269.0,put,31.14,31.87,31.51,29.89,29,1497,0.56121,-0.82904,15,239.85
2020-03-16,2020-03-31,270.0,call,3.88,4.18,4.03,3.77,784,4868,0.69779,0.22195,15,239.85
2020-03-16,2020-03-31,270.0,put,31.82,32.48,32.15,33.85,532,18955,0.54169,-0.84671,15,239.85
2020-03-16,2020-03-31,271.0,call,3.57,3.85,3.71,3.25,433,708,0.68803,0.21042,15,239.85
2020-03-16,2020-03-31,271.0,put,32.27,32.99,32.63,35.9,831,7363,0.50267,-0.87416,15,239.85
2020-03-16,2020-03-31,272.0,call,3.27,3.53,3.4,3.58,150,1529,0.67828,0.19897,15,239.85
2020-03-16,2020-03-31,272.0,put,33.21,33.81,33.51,37.03,32,2196,0.50267,-0.88149,15,239.85
2020-03-16,2020-03-31,273.0,call,2.98,3.23,3.1,3.26,205,1095,0.66852,0.18761,15,239.85
2020-03-16,2020-03-31,273.0,put,33.68,34.53,34.11,35.88,69,2539,0.4734,-0.90318,15,239.85
2020-03-16,2020-03-31,274.0,call,2.71,2.95,2.83,2.29,106,1305,0.65876,0.17639,15,239.85
2020-03-16,2020-03-31,274.0,put,34.45,35.26,34.86,35.0,54,2678,0.44414,-0.92397,15,239.85
2020-03-16,2020-03-31,275.0,call,2.45,2.68,2.57,2.57,6929,3773,0.64901,0.16531,15,239.85
2020-03-16,2020-03-31,275.0,put,35.15,35.83,35.49,34.91,1334,5018,0.39536,-0.95204,15,239.85
2020-03-16,2020-03-31,276.0,call,2.21,2.42,2.31,2.0,122,1385,0.63925,0.1544,15,239.85
2020-03-16,2020-03-31,276.0,put,35.94,36.58,36.26,39.3,533,4230,0.33682,-0.97833,15,239.85
2020-03-16,2020-03-31,277.0,call,1.99,2.19,2.09,2.0,96,1092,0.6295,0.1437,15,239.85
2020-03-16,2020-03-31,277.0,put,36.9,37.48,37.19,37.8,2105,6001,0.31731,-0.98627,15,239.85
2020-03-16,2020-03-31,278.0,call,1.77,1.96,1.86,1.62,70,1316,0.60999,0.12902,15,239.85
2020-03-16,2020-03-31,278.0,put,37.5,38.26,37.88,37.52,71,2434,0.01488,-1.0,15,239.85
2020-03-16,2020-03-31,279.0,call,1.57,1.75,1.66,1.3,455,1552,0.60023,0.11882,15,239.85
2020-03-16,2020-03-31,279.0,put,38.28,39.05,38.66,37.26,33,2253,0.01488,-1.0,15,239.85
2020-03-16,2020-03-31,280.0,call,1.4,1.5,1.45,1.29,3797,2067,0.59047,0.10892,15,239.85
2020-03-16,2020-03-31,280.0,put,39.1,39.89,39.5,41.56,4173,21079,0.01488,-1.0,15,239.85
2020-03-16,2020-03-31,281.0,call,1.23,1.38,1.3,0.98,505,0,0.58072,0.09935,15,239.85
2020-03-16,2020-03-31,281.0,put,39.94,40.71,40.33,37.66,37,3020,0.01488,-1.0,15,239.85
2020-03-16,2020-03-31,282.0,call,1.08,1.22,1.15,0.88,519,12900,0.58072,0.09418,15,239.85
2020-03-16,2020-03-31,282.0,put,40.74,41.56,41.15,40.0,23,2258,0.01488,-1.0,15,239.85
2020-03-16,2020-03-31,283.0,call,0.95,1.08,1.02,1.08,149,1475,0.57096,0.08526,15,239.85
2020-03-16,2020-03-31,283.0,put,41.59,42.45,42.02,43.73,7,3114,0.01488,-1.0,15,239.85
2020-03-16,2020-03-31,284.0,call,0.83,0.95,0.89,0.68,1288,3786,0.56121,0.07674,15,239.85
2020-03-16,2020-03-31,284.0,put,42.47,43.33,42.9,44.54,31,1679,0.01488,-1.0,15,239.85
2020-03-16,2020-03-31,285.0,call,0.73,0.85,0.79,0.7,777,5577,0.55145,0.06864,15,239.85
2020-03-16,2020-03-31,285.0,put,43.36,44.22,43.79,44.0,79,12746,0.01488,-1.0,15,239.85
2020-03-16,2020-03-31,286.0,call,0.64,0.75,0.7,0.53,1699,3579,0.55145,0.06459,15,239.85
2020-03-16,2020-03-31,286.0,put,44.3,45.13,44.72,47.0,21,9404,0.01488,-1.0,15,239.85
2020-03-16,2020-03-31,287.0,call,0.56,0.66,0.61,0.58,1104,1852,0.54169,0.05723,15,239.85
2020-03-16,2020-03-31,287.0,put,45.18,46.03,45.61,42.44,549,6210,0.01488,-1.0,15,239.85
2020-03-16,2020-03-31,288.0,call,0.49,0.59,0.54,0.55,4890,2171,0.53194,0.05033,15,239.85
2020-03-16,2020-03-31,288.0,put,46.08,47.0,46.54,45.5,18,3134,0.01488,-1.0,15,239.85
2020-03-16,2020-03-31,289.0,call,0.5,0.53,0.52,0.38,21274,3223,0.54169,0.05033,15,239.85
2020-03-16,2020-03-31,289.0,put,47.04,47.91,47.47,45.49,22,3333,0.01488,-1.0,15,239.85
2020-03-16,2020-03-31,290.0,call,0.4,0.47,0.43,0.41,3017,22022,0.53194,0.04402,15,239.85
2020-03-16,2020-03-31,290.0,put,48.06,48.88,48.47,52.73,894,9857,0.01488,-1.0,15,239.85
2020-03-16,2020-03-31,291.0,call,0.35,0.43,0.39,0.39,460,17000,0.52218,0.03818,15,239.85
2020-03-16,2020-03-31,291.0,put,48.95,49.86,49.41,46.42,34,2700,0.01488,-1.0,15,239.85
2020-03-16,2020-03-31,292.0,call,0.32,0.39,0.35,0.28,229,6606,0.52218,0.03557,15,239.85
2020-03-16,2020-03-31,292.0,put,49.87,50.83,50.35,52.0,150,5087,0.01488,-1.0,15,239.85
2020-03-16,2020-03-31,293.0,call,0.31,0.35,0.33,0.26,295,3604,0.52218,0.03311,15,239.85
2020-03-16,2020-03-31,293.0,put,50.85,51.81,51.33,46.0,3,1736,0.01488,-1.0,15,239.85
2020-03-16,2020-03-31,294.0,call,0.26,0.32,0.29,0.25,285,9118,0.52218,0.0308,15,239.85
2020-03-16,2020-03-31,294.0,put,51.8,52.77,52.28,50.7,2,2901,0.01488,-1.0,15,239.85
2020-03-16,2020-03-31,295.0,call,0.24,0.3,0.27,0.28,13433,4310,0.52218,0.02864,15,239.85
2020-03-16,2020-03-31,295.0,put,52.78,53.71,53.25,57.0,64,10802,0.01488,-1.0,15,239.85
2020-03-16,2020-03-31,296.0,call,0.22,0.28,0.25,0.25,94,3303,0.52218,0.02661,15,239.85
2020-03-16,2020-03-31,296.0,put,53.78,54.53,54.16,56.2,69,2250,0.01488,-1.0,15,239.85
2020-03-16,2020-03-31,297.0,call,0.2,0.26,0.23,0.2,230,1605,0.52218,0.02471,15,239.85
2020-03-16,2020-03-31,297.0,put,54.77,55.7,55.23,58.68,16,3181,0.01488,-1.0,15,239.85
2020-03-16,2020-03-31,298.0,call,0.19,0.24,0.21,0.24,11,2800,0.52218,0.02292,15,239.85
2020-03-16,2020-03-31,298.0,put,55.53,56.91,56.22,50.44,1,2777,0.01488,-1.0,15,239.85
2020-03-16,2020-03-31,299.0,call,0.18,0.22,0.2,0.18,63,3230,0.52218,0.02126,15,239.85
2020-03-16,2020-03-31,299.0,put,56.75,57.67,57.21,53.81,5,7282,0.01488,-1.0,15,239.85
2020-03-16,2020-03-31,300.0,call,0.16,0.19,0.17,0.19,10025,16974,0.52218,0.0197,15,239.85
2020-03-16,2020-03-31,300.0,put,57.68,58.67,58.17,58.68,867,17660,0.01488,-1.0,15,239.85
2020-03-16,2020-03-31,301.0,call,0.15,0.2,0.17,0.16,45,9195,0.52218,0.01825,15,239.85
2020-03-16,2020-03-31,301.0,put,58.69,59.65,59.17,53.62,12,3887,0.01488,-1.0,15,239.85
2020-03-16,2020-03-31,302.0,call,0.14,0.19,0.17,0.33,41,6507,0.53194,0.01868,15,239.85
2020-03-16,2020-03-31,302.0,put,59.67,60.63,60.15,64.0,7,6437,0.01488,-1.0,15,239.85
2020-03-16,2020-03-31,303.0,call,0.13,0.18,0.15,0.14,258,7203,0.53194,0.01732,15,239.85
2020-03-16,2020-03-31,303.0,put,60.66,61.64,61.15,62.3,8,4162,0.01488,-1.0,15,239.85
2020-03-16,2020-03-31,304.0,call,0.12,0.17,0.15,0.14,51,8673,0.53194,0.01605,15,239.85
2020-03-16,2020-03-31,304.0,put,61.66,62.64,62.15,64.0,4,2489,0.01488,-1.0,15,239.85
2020-03-16,2020-03-31,305.0,call,0.12,0.16,0.14,0.11,6350,6734,0.53194,0.01487,15,239.85
2020-03-16,2020-03-31,305.0,put,62.65,63.63,63.14,67.0,899,7257,0.01488,-1.0,15,239.85
2020-03-16,2020-03-31,306.0,call,0.11,0.15,0.13,0.16,13,5971,0.54169,0.0153,15,239.85
2020-03-16,2020-03-31,306.0,put,63.61,64.58,64.09,56.11,28,2612,0.01488,-1.0,15,239.85
2020-03-16,2020-03-31,307.0,call,0.11,0.15,0.13,0.13,905,26300,0.54169,0.01419,15,239.85
2020-03-16,2020-03-31,307.0,put,64.45,65.83,65.14,58.76,4,2281,0.01488,-1.0,15,239.85
2020-03-16,2020-03-31,308.0,call,0.1,0.14,0.12,0.11,88,8057,0.54169,0.01316,15,239.85
2020-03-16,2020-03-31,308.0,put,65.86,66.59,66.22,69.0,94,4474,0.01488,-1.0,15,239.85
2020-03-16,2020-03-31,309.0,call,0.09,0.13,0.11,0.1,103,3727,0.54169,0.01219,15,239.85
2020-03-16,2020-03-31,309.0,put,66.67,67.54,67.11,64.55,25,6311,0.01488,-1.0,15,239.85
2020-03-16,2020-03-31,310.0,call,0.08,0.13,0.11,0.09,1921,9833,0.55145,0.0126,15,239.85
2020-03-16,2020-03-31,310.0,put,67.61,68.57,68.09,63.32,58,13336,0.01488,-1.0,15,239.85
2020-03-16,2020-03-31,311.0,call,0.09,0.12,0.1,0.11,44,5983,0.55145,0.0117,15,239.85
2020-03-16,2020-03-31,311.0,put,68.58,69.58,69.08,64.93,3,5063,0.01488,-1.0,15,239.85
2020-03-16,2020-03-31,312.0,call,0.07,0.1,0.09,0.09,18,3986,0.55145,0.01085,15,239.85
2020-03-16,2020-03-31,312.0,put,69.62,70.6,70.11,70.0,10,1469,0.01488,-1.0,15,239.85
2020-03-16,2020-03-31,313.0,call,0.07,0.11,0.09,0.12,17,3905,0.55145,0.01005,15,239.85
2020-03-16,2020-03-31,313.0,put,70.83,71.54,71.19,58.65,0,5969,0.01488,-1.0,15,239.85
2020-03-16,2020-03-31,314.0,call,0.06,0.11,0.08,0.12,56,4890,0.55145,0.00931,15,239.85
2020-03-16,2020-03-31,314.0,put,71.61,72.58,72.09,64.35,49,1779,0.01488,-1.0,15,239.85
2020-03-16,2020-03-31,315.0,call,0.06,0.1,0.08,0.1,229,11098,0.55145,0.00863,15,239.85
2020-03-16,2020-03-31,315.0,put,72.66,73.57,73.11,75.23,26,8141,0.01488,-1.0,15,239.85
2020-03-16,2020-03-31,316.0,call,0.06,0.1,0.08,0.08,3,7378,0.56121,0.009,15,239.85
2020-03-16,2020-03-31,316.0,put,73.55,74.57,74.06,67.34,15,1628,0.01488,-1.0,15,239.85
2020-03-16,2020-03-31,317.0,call,0.05,0.09,0.07,0.07,3,2735,0.56121,0.00834,15,239.85
2020-03-16,2020-03-31,317.0,put,74.81,75.54,75.18,73.72,22,5306,0.01488,-1.0,15,239.85
2020-03-16,2020-03-31,318.0,call,0.05,0.09,0.07,0.09,266,3596,0.56121,0.00773,15,239.85
2020-03-16,2020-03-31,318.0,put,75.57,76.54,76.06,66.43,11,8161,0.01488,-1.0,15,239.85
2020-03-16,2020-03-31,319.0,call,0.05,0.09,0.07,0.06,0,4600,0.57096,0.00808,15,239.85
2020-03-16,2020-03-31,319.0,put,76.7,77.49,77.09,75.73,22,3762,0.01488,-1.0,15,239.85
2020-03-16,2020-03-31,320.0,call,0.06,0.08,0.07,0.08,193,7745,0.57096,0.00751,15,239.85
2020-03-16,2020-03-31,320.0,put,77.81,78.57,78.19,80.0,57,10877,0.01488,-1.0,15,239.85
2020-03-16,2020-03-31,321.0,call,0.05,0.08,0.07,0.09,30,8937,0.58072,0.00785,15,239.85
2020-03-16,2020-03-31,321.0,put,78.54,79.52,79.03,73.75,534,5286,0.01488,-1.0,15,239.85
2020-03-16,2020-03-31,322.0,call,0.04,0.08,0.06,0.08,62,5912,0.57096,0.00646,15,239.85
2020-03-16,2020-03-31,322.0,put,79.57,80.55,80.06,77.88,36,8060,0.01488,-1.0,15,239.85
2020-03-16,2020-03-31,323.0,call,0.04,0.08,0.06,0.07,71,6374,0.58072,0.00678,15,239.85
2020-03-16,2020-03-31,323.0,put,80.57,81.57,81.07,76.0,636,8146,0.01488,-1.0,15,239.85
2020-03-16,2020-03-31,324.0,call,0.06,0.07,0.07,0.07,7,3557,0.60023,0.00798,15,239.85
2020-03-16,2020-03-31,324.0,put,81.59,82.56,82.08,76.7,198,4389,0.01488,-1.0,15,239.85
2020-03-16,2020-03-31,325.0,call,0.04,0.07,0.06,0.05,409,17340,0.59047,0.00662,15,239.85
2020-03-16,2020-03-31,325.0,put,82.51,83.52,83.02,77.92,186,9556,0.01488,-1.0,15,239.85
2020-03-16,2020-03-31,326.0,call,0.04,0.07,0.06,0.04,1,7063,0.60023,0.00694,15,239.85
2020-03-16,2020-03-31,326.0,put,83.79,84.55,84.17,78.17,6,5098,0.01488,-1.0,15,239.85
2020-03-16,2020-03-31,327.0,call,0.05,0.07,0.06,0.06,30,6184,0.60023,0.00647,15,239.85
2020-03-16,2020-03-31,327.0,put,84.55,85.55,85.05,83.74,2,6216,0.01488,-1.0,15,239.85
2020-03-16,2020-03-31,328.0,call,0.04,0.07,0.06,0.05,10,5197,0.60999,0.00678,15,239.85
2020-03-16,2020-03-31,328.0,put,85.58,86.55,86.06,84.3,3,5897,0.01488,-1.0,15,239.85
2020-03-16,2020-03-31,329.0,call,0.04,0.06,0.05,0.06,0,5357,0.60023,0.00561,15,239.85
2020-03-16,2020-03-31,329.0,put,86.55,87.55,87.05,78.86,0,402,0.01488,-1.0,15,239.85
2020-03-16,2020-03-31,330.0,call,0.04,0.06,0.05,0.05,128,15894,0.60023,0.00522,15,239.85
2020-03-16,2020-03-31,330.0,put,87.78,88.54,88.16,91.05,32,6965,0.01488,-1.0,15,239.85
2020-03-16,2020-03-31,331.0,call,0.03,0.06,0.04,0.06,18,17574,0.60023,0.00486,15,239.85
2020-03-16,2020-03-31,331.0,put,88.75,89.56,89.16,83.29,4,2930,0.01488,-1.0,15,239.85
2020-03-16,2020-03-31,332.0,call,0.03,0.06,0.04,0.06,6,8943,0.60023,0.00452,15,239.85
2020-03-16,2020-03-31,332.0,put,89.56,90.51,90.03,81.0,4,3801,0.01488,-1.0,15,239.85
2020-03-16,2020-03-31,333.0,call,0.03,0.06,0.04,0.03,10,0,0.60999,0.00479,15,239.85
2020-03-16,2020-03-31,333.0,put,90.55,91.47,91.01,90.0,3,2346,0.01488,-1.0,15,239.85
2020-03-16,2020-03-31,334.0,call,0.03,0.05,0.04,0.05,5,6743,0.60999,0.00446,15,239.85
2020-03-16,2020-03-31,334.0,put,91.54,92.48,92.01,77.58,0,5529,0.01488,-1.0,15,239.85
2020-03-16,2020-03-31,335.0,call,0.04,0.05,0.04,0.05,9,6128,0.61974,0.00472,15,239.85
2020-03-16,2020-03-31,335.0,put,92.77,93.61,93.19,91.63,21,7000,0.01488,-1.0,15,239.85
2020-03-16,2020-03-31,336.0,call,0.03,0.05,0.04,0.03,1,4576,0.61974,0.0044,15,239.85
2020-03-16,2020-03-31,336.0,put,93.75,94.46,94.1,80.5,0,3468,0.01488,-1.0,15,239.85
2020-03-16,2020-03-31,337.0,call,0.03,0.05,0.04,0.05,131,7191,0.61974,0.00411,15,239.85
2020-03-16,2020-03-31,337.0,put,94.55,95.53,95.04,80.61,0,3511,0.01488,-1.0,15,239.85
2020-03-16,2020-03-31,338.0,call,0.02,0.05,0.04,0.05,102,0,0.6295,0.00435,15,239.85
2020-03-16,2020-03-31,338.0,put,95.58,96.5,96.04,82.75,0,2896,0.01488,-1.0,15,239.85
2020-03-16,2020-03-31,339.0,call,0.02,0.05,0.04,0.05,18,14986,0.6295,0.00407,15,239.85
2020-03-16,2020-03-31,339.0,put,96.56,97.51,97.03,89.87,0,2310,0.01488,-1.0,15,239.85
2020-03-16,2020-03-31,340.0,call,0.02,0.05,0.04,0.02,84,10299,0.63925,0.00431,15,239.85
2020-03-16,2020-03-31,340.0,put,97.55,98.5,98.03,96.0,7,2543,0.01488,-1.0,15,239.85
2020-03-16,2020-03-31,341.0,call,0.02,0.05,0.04,0.05,12,11412,0.63925,0.00403,15,239.85
2020-03-16,2020-03-31,341.0,put,98.55,99.47,99.01,49.64,0,1817,0.01488,-1.0,15,239.85
2020-03-16,2020-03-31,342.0,call,0.02,0.05,0.04,0.03,0,24448,0.64901,0.00427,15,239.85
2020-03-16,2020-03-31,342.0,put,98.6,101.5,100.05,66.89,0,2652,0.01488,-1.0,15,239.85
2020-03-16,2020-03-31,343.0,call,0.02,0.04,0.03,0.03,37,3140,0.63925,0.00352,15,239.85
2020-03-16,2020-03-31,343.0,put,99.6,102.49,101.04,90.62,2,717,0.01488,-1.0,15,239.85
2020-03-16,2020-03-31,344.0,call,0.02,0.04,0.03,0.03,11,19305,0.63925,0.00329,15,239.85
2020-03-16,2020-03-31,344.0,put,100.6,103.49,102.04,9.88,0,532,0.01488,-1.0,15,239.85
2020-03-16,2020-03-31,345.0,call,0.02,0.04,0.03,0.04,500,205886,0.63925,0.00308,15,239.85
2020-03-16,2020-03-31,345.0,put,101.6,104.49,103.04,92.49,2,1465,0.01488,-1.0,15,239.85
2020-03-16,2020-03-31,346.0,call,0.02,0.04,0.03,0.04,105,0,0.64901,0.00328,15,239.85
2020-03-16,2020-03-31,346.0,put,102.59,105.49,104.04,34.77,0,161,0.01488,-1.0,15,239.85
2020-03-16,2020-03-31,347.0,call,0.02,0.04,0.03,0.03,54,2638,0.64901,0.00307,15,239.85
2020-03-16,2020-03-31,347.0,put,103.59,106.49,105.04,53.4,0,51,0.01488,-1.0,15,239.85
2020-03-16,2020-03-31,348.0,call,0.01,0.04,0.03,0.03,3,2676,0.65876,0.00327,15,239.85
2020-03-16,2020-03-31,348.0,put,104.59,107.49,106.04,73.35,0,72,0.01488,-1.0,15,239.85
2020-03-16,2020-03-31,349.0,call,0.01,0.04,0.03,0.03,39,0,0.65876,0.00306,15,239.85
2020-03-16,2020-03-31,349.0,put,105.59,108.49,107.04,45.26,0,26,0.01488,-1.0,15,239.85
2020-03-16,2020-03-31,350.0,call,0.01,0.03,0.02,0.03,65,30219,0.63925,0.00218,15,239.85
2020-03-16,2020-03-31,350.0,put,106.59,109.49,108.04,103.48,2,7675,0.01488,-1.0,15,239.85
2020-03-16,2020-03-31,351.0,call,0.01,0.04,0.03,0.01,0,7243,0.66852,0.00306,15,239.85
2020-03-16,2020-03-31,351.0,put,107.59,110.49,109.04,76.42,0,142,0.01488,-1.0,15,239.85
2020-03-16,2020-03-31,352.0,call,0.01,0.04,0.03,0.03,7,0,0.67828,0.00326,15,239.85
2020-03-16,2020-03-31,352.0,put,108.59,111.49,110.04,58.07,0,138,0.01488,-1.0,15,239.85
2020-03-16,2020-03-31,353.0,call,0.01,0.04,0.03,0.02,2,1201,0.67828,0.00306,15,239.85
2020-03-16,2020-03-31,353.0,put,109.59,112.48,111.03,25.57,0,2,0.01488,-1.0,15,239.85
2020-03-16,2020-03-31,354.0,call,0.01,0.03,0.02,0.01,0,0,0.65876,0.0022,15,239.85
2020-03-16,2020-03-31,354.0,put,110.59,113.48,112.03,29.48,0,316,0.01488,-1.0,15,239.85
2020-03-16,2020-03-31,355.0,call,0.01,0.03,0.02,0.03,4,13025,0.65876,0.00206,15,239.85
2020-03-16,2020-03-31,355.0,put,111.59,114.48,113.03,23.05,0,97,0.01488,-1.0,15,239.85
2020-03-16,2020-03-31,356.0,call,0.01,0.03,0.02,0.02,1,0,0.66852,0.00222,15,239.85
2020-03-16,2020-03-31,356.0,put,112.59,115.48,114.03,32.32,0,4,0.01488,-1.0,15,239.85
2020-03-16,2020-03-31,357.0,call,0.02,0.03,0.03,0.02,0,1756,0.69779,0.00307,15,239.85
2020-03-16,2020-03-31,357.0,put,113.59,116.48,115.03,39.56,0,55,0.01488,-1.0,15,239.85
2020-03-16,2020-03-31,358.0,call,0.01,0.03,0.02,0.02,0,280,0.67828,0.00223,15,239.85
2020-03-16,2020-03-31,358.0,put,114.59,117.48,116.03,27.98,0,1,0.01488,-1.0,15,239.85
2020-03-16,2020-03-31,359.0,call,0.01,0.03,0.02,0.01,0,0,0.67828,0.00209,15,239.85
2020-03-16,2020-03-31,359.0,put,115.59,118.48,117.03,0.0,0,0,0.01488,-1.0,15,239.85
2020-03-16,2020-03-31,360.0,call,0.01,0.03,0.02,0.02,105,0,0.68803,0.00225,15,239.85
2020-03-16,2020-03-31,360.0,put,116.58,119.48,118.03,57.26,0,82,0.01488,-1.0,15,239.85
2020-03-16,2020-03-31,361.0,call,0.01,0.03,0.02,0.02,0,0,0.68803,0.00211,15,239.85
2020-03-16,2020-03-31,361.0,put,117.58,120.48,119.03,87.94,0,18,0.01488,-1.0,15,239.85
2020-03-16,2020-03-31,362.0,put,118.58,121.48,120.03,24.42,0,0,0.01488,-1.0,15,239.85
2020-03-16,2020-03-31,363.0,put,119.58,122.48,121.03,84.0,0,10,0.01488,-1.0,15,239.85
2020-03-16,2020-03-31,364.0,put,120.58,123.48,122.03,39.97,0,5,0.01488,-1.0,15,239.85
2020-03-16,2020-03-31,365.0,put,121.58,124.47,123.03,55.56,0,2,0.01488,-1.0,15,239.85
2020-03-16,2020-03-31,366.0,put,123.4,124.66,124.03,0.0,0,0,0.01488,-1.0,15,239.85
2020-03-16,2020-03-31,367.0,put,123.58,126.47,125.03,0.0,0,0,0.01488,-1.0,15,239.85
2020-03-16,2020-03-31,368.0,put,124.58,127.47,126.03,0.0,0,0,0.01488,-1.0,15,239.85
2020-03-16,2020-03-31,369.0,put,125.58,128.47,127.03,0.0,0,0,0.01488,-1.0,15,239.85
2020-03-16,2020-03-31,370.0,put,126.58,129.47,128.03,0.0,0,0,0.01488,-1.0,15,239.85
2020-03-16,2020-03-31,371.0,put,127.58,130.47,129.03,0.0,0,0,0.01488,-1.0,15,239.85
2020-03-16,2020-04-01,130.0,call,112.02,114.86,113.44,0.0,0,0,2.22946,0.93892,16,239.85
2020-03-16,2020-04-01,130.0,put,0.31,0.35,0.33,0.31,1931,0,1.39045,-0.01223,16,239.85
2020-03-16,2020-04-01,135.0,call,107.92,109.1,108.51,0.0,0,0,2.12214,0.93523,16,239.85
2020-03-16,2020-04-01,135.0,put,0.37,0.42,0.4,0.4,142,0,1.35143,-0.01489,16,239.85
2020-03-16,2020-04-01,140.0,call,102.92,104.12,103.52,0.0,0,0,2.01483,0.93155,16,239.85
2020-03-16,2020-04-01,140.0,put,0.46,0.51,0.48,0.47,641,800,1.31241,-0.01799,16,239.85
2020-03-16,2020-04-01,145.0,call,98.08,99.14,98.61,0.0,0,0,1.92703,0.92639,16,239.85
2020-03-16,2020-04-01,145.0,put,0.56,0.62,0.59,0.64,536,379,1.28314,-0.02232,16,239.85
2020-03-16,2020-04-01,150.0,call,93.12,94.2,93.66,0.0,0,0,1.82947,0.92179,16,239.85
2020-03-16,2020-04-01,150.0,put,0.69,0.75,0.72,0.76,2162,328,1.25387,-0.02745,16,239.85
2020-03-16,2020-04-01,155.0,call,88.14,89.28,88.71,0.0,0,0,1.73191,0.91707,16,239.85
2020-03-16,2020-04-01,155.0,put,0.84,0.92,0.88,0.91,198,270,1.2246,-0.03352,16,239.85
2020-03-16,2020-04-01,160.0,call,83.34,84.39,83.87,0.0,0,0,1.65386,0.9103,16,239.85
2020-03-16,2020-04-01,160.0,put,1.04,1.12,1.08,1.07,799,196,1.19534,-0.04065,16,239.85
2020-03-16,2020-04-01,165.0,call,78.5,79.51,79.0,0.0,0,0,1.57582,0.90304,16,239.85
2020-03-16,2020-04-01,165.0,put,1.28,1.37,1.33,1.34,1852,2739,1.16607,-0.04899,16,239.85
2020-03-16,2020-04-01,170.0,call,73.71,74.72,74.22,0.0,0,0,1.49777,0.89523,16,239.85
2020-03-16,2020-04-01,170.0,put,1.57,1.67,1.62,1.81,982,908,1.14656,-0.06005,16,239.85
2020-03-16,2020-04-01,175.0,call,69.0,69.97,69.48,0.0,0,0,1.42948,0.88556,16,239.85
2020-03-16,2020-04-01,175.0,put,1.93,2.04,1.98,1.87,719,639,1.11729,-0.07146,16,239.85
2020-03-16,2020-04-01,180.0,call,64.32,65.31,64.81,61.73,1,0,1.37094,0.87368,16,239.85
2020-03-16,2020-04-01,180.0,put,2.36,2.48,2.42,2.37,3166,17281,1.09778,-0.08623,16,239.85
2020-03-16,2020-04-01,185.0,call,59.83,60.74,60.28,0.0,0,0,1.32216,0.85922,16,239.85
2020-03-16,2020-04-01,185.0,put,2.87,3.01,2.94,3.02,952,836,1.07827,-0.1032,16,239.85
2020-03-16,2020-04-01,190.0,call,55.33,56.04,55.69,0.0,0,0,1.26363,0.84455,16,239.85
2020-03-16,2020-04-01,190.0,put,3.47,3.63,3.55,3.71,1932,715,1.05875,-0.12254,16,239.85
2020-03-16,2020-04-01,195.0,call,50.99,51.68,51.34,62.3,0,6,1.21485,0.82677,16,239.85
2020-03-16,2020-04-01,195.0,put,4.16,4.35,4.25,4.89,695,725,1.03924,-0.14441,16,239.85
2020-03-16,2020-04-01,200.0,call,46.89,47.67,47.28,54.25,2,0,1.19534,0.80278,16,239.85
2020-03-16,2020-04-01,200.0,put,4.96,5.17,5.06,4.87,7525,4158,1.01973,-0.16896,16,239.85
2020-03-16,2020-04-01,205.0,call,42.78,43.6,43.19,0.0,0,0,1.15631,0.77936,16,239.85
2020-03-16,2020-04-01,205.0,put,5.88,6.11,6.0,5.9,790,31602,0.99046,-0.19453,16,239.85
2020-03-16,2020-04-01,210.0,call,38.79,39.66,39.22,36.73,1,0,1.11729,0.75351,16,239.85
2020-03-16,2020-04-01,210.0,put,6.92,7.19,7.05,8.23,874,1084,0.97095,-0.22483,16,239.85
2020-03-16,2020-04-01,215.0,call,34.91,35.83,35.37,35.4,1,0,1.08802,0.72392,16,239.85
2020-03-16,2020-04-01,215.0,put,8.1,8.4,8.25,8.25,1263,892,0.95144,-0.2581,16,239.85
2020-03-16,2020-04-01,220.0,call,31.29,31.94,31.62,0.0,0,0,1.049,0.69274,16,239.85
2020-03-16,2020-04-01,220.0,put,9.42,9.76,9.59,11.21,2807,3757,0.93193,-0.2943,16,239.85
2020-03-16,2020-04-01,225.0,call,27.77,28.44,28.11,42.08,0,3,1.01973,0.65786,16,239.85
2020-03-16,2020-04-01,225.0,put,10.9,11.27,11.09,11.57,380,1753,0.90266,-0.33241,16,239.85
2020-03-16,2020-04-01,230.0,call,24.44,25.1,24.77,27.5,4,3,0.99046,0.62036,16,239.85
2020-03-16,2020-04-01,230.0,put,12.54,12.94,12.74,12.85,2840,18036,0.88315,-0.37455,16,239.85
2020-03-16,2020-04-01,231.0,call,23.74,24.47,24.1,0.0,0,0,0.98071,0.61268,16,239.85
2020-03-16,2020-04-01,231.0,put,12.84,13.33,13.09,15.1,19,0,0.87339,-0.38299,16,239.85
2020-03-16,2020-04-01,232.0,call,23.17,23.82,23.5,0.0,0,0,0.98071,0.6046,16,239.85
2020-03-16,2020-04-01,232.0,put,13.2,13.69,13.45,14.88,151,9,0.87339,-0.39204,16,239.85
2020-03-16,2020-04-01,233.0,call,22.47,23.19,22.83,0.0,0,0,0.97095,0.59666,16,239.85
2020-03-16,2020-04-01,233.0,put,13.55,14.05,13.8,15.91,52,54,0.86364,-0.40081,16,239.85
2020-03-16,2020-04-01,234.0,call,21.91,22.55,22.23,20.04,1,0,0.97095,0.58848,16,239.85
2020-03-16,2020-04-01,234.0,put,13.92,14.43,14.18,15.29,47,67,0.85388,-0.40978,16,239.85
2020-03-16,2020-04-01,235.0,call,21.29,21.9,21.59,29.67,0,1,0.9612,0.58031,16,239.85
2020-03-16,2020-04-01,235.0,put,14.34,14.78,14.56,15.55,528,941,0.85388,-0.41907,16,239.85
2020-03-16,2020-04-01,236.0,call,20.68,21.32,21.0,0.0,0,0,0.9612,0.57204,16,239.85
2020-03-16,2020-04-01,236.0,put,14.67,15.2,14.93,17.13,45,20,0.84413,-0.42836,16,239.85
2020-03-16,2020-04-01,237.0,call,20.07,20.7,20.38,18.5,5,0,0.95144,0.56362,16,239.85
2020-03-16,2020-04-01,237.0,put,15.06,15.59,15.32,17.31,23,22,0.84413,-0.43777,16,239.85
2020-03-16,2020-04-01,238.0,call,19.41,20.1,19.76,23.52,21,0,0.94168,0.55504,16,239.85
2020-03-16,2020-04-01,238.0,put,15.45,15.99,15.72,17.9,72,139,0.83437,-0.44737,16,239.85
2020-03-16,2020-04-01,239.0,call,18.82,19.5,19.16,17.0,27,1,0.94168,0.54663,16,239.85
2020-03-16,2020-04-01,239.0,put,15.86,16.4,16.13,18.64,509,206,0.82461,-0.45719,16,239.85
2020-03-16,2020-04-01,240.0,call,18.32,18.88,18.6,18.22,51,17,0.93193,0.53781,16,239.85
2020-03-16,2020-04-01,240.0,put,16.31,16.79,16.55,17.2,1808,1728,0.82461,-0.46679,16,239.85
2020-03-16,2020-04-01,241.0,call,17.73,18.35,18.04,16.23,261,1,0.93193,0.52934,16,239.85
2020-03-16,2020-04-01,241.0,put,16.68,17.24,16.96,19.35,583,114,0.81486,-0.47691,16,239.85
2020-03-16,2020-04-01,242.0,call,17.16,17.78,17.47,15.78,676,19,0.92217,0.52029,16,239.85
2020-03-16,2020-04-01,242.0,put,17.1,17.68,17.39,19.25,65,24,0.81486,-0.48658,16,239.85
2020-03-16,2020-04-01,243.0,call,16.6,17.21,16.91,15.8,64,175,0.91242,0.51108,16,239.85
2020-03-16,2020-04-01,243.0,put,17.53,18.12,17.83,18.88,77,220,0.8051,-0.497,16,239.85
2020-03-16,2020-04-01,244.0,call,16.05,16.65,16.35,14.43,117,14,0.91242,0.50251,16,239.85
2020-03-16,2020-04-01,244.0,put,17.97,18.56,18.27,18.55,253,143,0.79535,-0.50762,16,239.85
2020-03-16,2020-04-01,245.0,call,15.5,16.04,15.77,15.58,270,195,0.90266,0.49308,16,239.85
2020-03-16,2020-04-01,245.0,put,18.47,18.98,18.73,19.49,629,479,0.79535,-0.51741,16,239.85
2020-03-16,2020-04-01,246.0,call,14.96,15.56,15.26,13.47,47,3,0.89291,0.4835,16,239.85
2020-03-16,2020-04-01,246.0,put,18.6,19.83,19.21,21.85,307,257,0.78559,-0.52831,16,239.85
2020-03-16,2020-04-01,247.0,call,14.43,15.01,14.72,14.29,139,10,0.89291,0.47486,16,239.85
2020-03-16,2020-04-01,247.0,put,19.12,20.45,19.79,20.46,159,71,0.78559,-0.53812,16,239.85
2020-03-16,2020-04-01,248.0,call,13.91,14.48,14.2,15.95,378,43,0.88315,0.46507,16,239.85
2020-03-16,2020-04-01,248.0,put,19.54,20.94,20.24,22.88,157,189,0.77583,-0.54927,16,239.85
2020-03-16,2020-04-01,249.0,call,13.34,13.96,13.65,14.79,466,13,0.87339,0.45513,16,239.85
2020-03-16,2020-04-01,249.0,put,20.03,21.23,20.63,22.35,91,56,0.76608,-0.56062,16,239.85
2020-03-16,2020-04-01,250.0,call,12.89,13.39,13.14,13.01,972,159,0.87339,0.44645,16,239.85
2020-03-16,2020-04-01,250.0,put,20.6,21.81,21.2,23.56,1020,1478,0.76608,-0.57045,16,239.85
2020-03-16,2020-04-01,251.0,call,12.33,12.93,12.63,11.07,214,76,0.86364,0.43633,16,239.85
2020-03-16,2020-04-01,251.0,put,21.1,22.36,21.73,23.0,650,203,0.75632,-0.58203,16,239.85
2020-03-16,2020-04-01,252.0,call,11.89,12.43,12.16,10.88,371,75,0.85388,0.42606,16,239.85
2020-03-16,2020-04-01,252.0,put,21.59,22.89,22.24,20.97,77,148,0.75632,-0.59181,16,239.85
2020-03-16,2020-04-01,253.0,call,11.41,11.93,11.67,10.15,111,328,0.85388,0.4174,16,239.85
2020-03-16,2020-04-01,253.0,put,22.37,23.36,22.87,25.0,170,318,0.74657,-0.60358,16,239.85
2020-03-16,2020-04-01,254.0,call,10.93,11.45,11.19,9.71,232,338,0.84413,0.40697,16,239.85
2020-03-16,2020-04-01,254.0,put,22.58,23.89,23.23,26.19,74,323,0.73681,-0.61552,16,239.85
2020-03-16,2020-04-01,255.0,call,10.46,10.92,10.69,9.25,224,220,0.83437,0.39641,16,239.85
2020-03-16,2020-04-01,255.0,put,23.14,24.42,23.78,26.24,667,1289,0.72706,-0.62761,16,239.85
2020-03-16,2020-04-01,256.0,call,9.99,10.49,10.24,10.39,209,19,0.82461,0.38573,16,239.85
2020-03-16,2020-04-01,256.0,put,23.69,24.95,24.32,26.13,58,170,0.7173,-0.63986,16,239.85
2020-03-16,2020-04-01,257.0,call,9.54,10.03,9.79,8.79,76,62,0.82461,0.37712,16,239.85
2020-03-16,2020-04-01,257.0,put,24.52,25.49,25.0,27.6,95,141,0.7173,-0.64953,16,239.85
2020-03-16,2020-04-01,258.0,call,9.09,9.57,9.33,9.46,68,228,0.81486,0.36632,16,239.85
2020-03-16,2020-04-01,258.0,put,24.81,26.0,25.41,28.41,63,201,0.70754,-0.66188,16,239.85
2020-03-16,2020-04-01,259.0,call,8.65,9.12,8.88,9.5,4,81,0.8051,0.35541,16,239.85
2020-03-16,2020-04-01,259.0,put,25.38,26.43,25.91,23.48,30,0,0.68803,-0.6774,16,239.85
2020-03-16,2020-04-01,260.0,call,8.23,8.63,8.43,7.84,903,380,0.79535,0.34439,16,239.85
2020-03-16,2020-04-01,260.0,put,26.21,27.14,26.68,29.54,463,1454,0.69779,-0.6838,16,239.85
2020-03-16,2020-04-01,261.0,call,7.79,8.24,8.02,7.96,198,45,0.78559,0.33328,16,239.85
2020-03-16,2020-04-01,261.0,put,26.79,27.56,27.17,30.2,12,35,0.67828,-0.69962,16,239.85
2020-03-16,2020-04-01,262.0,call,7.34,7.81,7.57,6.91,116,173,0.77583,0.32208,16,239.85
2020-03-16,2020-04-01,262.0,put,27.38,28.23,27.8,30.83,58,86,0.66852,-0.71237,16,239.85
2020-03-16,2020-04-01,263.0,call,6.97,7.36,7.17,7.16,798,180,0.77583,0.31372,16,239.85
2020-03-16,2020-04-01,263.0,put,27.97,28.67,28.32,23.42,15,42,0.65876,-0.72518,16,239.85
2020-03-16,2020-04-01,264.0,call,6.57,6.95,6.76,6.02,242,28,0.76608,0.30249,16,239.85
2020-03-16,2020-04-01,264.0,put,28.34,29.38,28.86,30.03,15,172,0.63925,-0.74185,16,239.85
2020-03-16,2020-04-01,265.0,call,6.19,6.55,6.37,6.2,287,366,0.75632,0.29121,16,239.85
2020-03-16,2020-04-01,265.0,put,28.95,29.96,29.45,32.73,121,1209,0.6295,-0.75486,16,239.85
2020-03-16,2020-04-01,266.0,call,5.8,6.15,5.97,6.5,292,32,0.74657,0.27988,16,239.85
2020-03-16,2020-04-01,266.0,put,29.58,30.38,29.98,26.0,4,287,0.60999,-0.77203,16,239.85
2020-03-16,2020-04-01,267.0,call,5.42,5.77,5.59,4.75,39,233,0.73681,0.26852,16,239.85
2020-03-16,2020-04-01,267.0,put,30.43,31.19,30.81,25.72,12,146,0.60999,-0.78081,16,239.85
2020-03-16,2020-04-01,268.0,call,5.06,5.4,5.23,4.82,127,136,0.72706,0.25714,16,239.85
2020-03-16,2020-04-01,268.0,put,30.86,31.62,31.24,23.52,3,45,0.59047,-0.79813,16,239.85
2020-03-16,2020-04-01,269.0,call,4.71,5.04,4.88,4.95,99,75,0.7173,0.24575,16,239.85
2020-03-16,2020-04-01,269.0,put,31.5,32.43,31.96,30.48,7,218,0.58072,-0.81102,16,239.85
2020-03-16,2020-04-01,270.0,call,4.38,4.68,4.53,4.27,2768,4780,0.70754,0.23438,16,239.85
2020-03-16,2020-04-01,270.0,put,32.17,32.98,32.58,36.14,139,1294,0.56121,-0.82845,16,239.85
2020-03-16,2020-04-01,271.0,call,4.04,4.35,4.2,3.56,102,29,0.69779,0.22303,16,239.85
2020-03-16,2020-04-01,271.0,put,32.86,33.71,33.28,35.0,7,207,0.55145,-0.84108,16,239.85
2020-03-16,2020-04-01,272.0,call,3.74,4.02,3.88,3.51,78,185,0.68803,0.21173,16,239.85
2020-03-16,2020-04-01,272.0,put,33.55,34.22,33.88,29.0,27,245,0.52218,-0.86322,16,239.85
2020-03-16,2020-04-01,273.0,call,3.44,3.71,3.58,2.93,38,316,0.67828,0.2005,16,239.85
2020-03-16,2020-04-01,273.0,put,34.23,35.05,34.64,29.91,4,238,0.51243,-0.87534,16,239.85
2020-03-16,2020-04-01,274.0,call,3.15,3.4,3.27,3.0,30,32,0.66852,0.18936,16,239.85
2020-03-16,2020-04-01,274.0,put,34.96,35.76,35.36,36.75,14,271,0.49292,-0.89199,16,239.85
2020-03-16,2020-04-01,275.0,call,2.86,3.12,2.99,2.73,1890,2517,0.65876,0.17832,16,239.85
2020-03-16,2020-04-01,275.0,put,35.66,36.32,35.99,39.73,108,1167,0.46365,-0.91295,16,239.85
2020-03-16,2020-04-01,276.0,call,2.6,2.85,2.73,4.59,16,129,0.64901,0.16742,16,239.85
2020-03-16,2020-04-01,276.0,put,36.4,37.18,36.79,36.8,3,33,0.44414,-0.92814,16,239.85
2020-03-16,2020-04-01,277.0,call,2.36,2.59,2.47,1.95,119,79,0.63925,0.15668,16,239.85
2020-03-16,2020-04-01,277.0,put,37.18,37.89,37.53,40.15,8,129,0.40511,-0.95095,16,239.85
2020-03-16,2020-04-01,278.0,call,2.13,2.35,2.24,1.71,32,65,0.6295,0.14612,16,239.85
2020-03-16,2020-04-01,278.0,put,37.93,38.73,38.33,38.3,2,65,0.36609,-0.97035,16,239.85
2020-03-16,2020-04-01,279.0,call,1.91,2.12,2.02,1.54,25,177,0.61974,0.13577,16,239.85
2020-03-16,2020-04-01,279.0,put,38.73,39.34,39.03,41.75,10,149,0.01488,-1.0,16,239.85
2020-03-16,2020-04-01,280.0,call,1.71,1.9,1.8,1.38,619,1106,0.60999,0.12565,16,239.85
2020-03-16,2020-04-01,280.0,put,39.51,40.28,39.89,43.65,96,501,0.01488,-1.0,16,239.85
2020-03-16,2020-04-01,281.0,call,1.53,1.7,1.61,1.45,77,646,0.60023,0.1158,16,239.85
2020-03-16,2020-04-01,281.0,put,40.33,40.94,40.63,31.02,2,93,0.01488,-1.0,16,239.85
2020-03-16,2020-04-01,282.0,call,1.36,1.52,1.44,1.08,100,413,0.59047,0.10623,16,239.85
2020-03-16,2020-04-01,282.0,put,41.13,41.9,41.52,36.4,2,94,0.01488,-1.0,16,239.85
2020-03-16,2020-04-01,283.0,call,1.21,1.35,1.28,0.93,86,491,0.58072,0.09698,16,239.85
2020-03-16,2020-04-01,283.0,put,41.7,42.6,42.15,36.1,10,151,0.01488,-1.0,16,239.85
2020-03-16,2020-04-01,284.0,call,1.06,1.2,1.13,1.03,89,960,0.57096,0.08807,16,239.85
2020-03-16,2020-04-01,284.0,put,42.82,43.69,43.25,42.0,2,90,0.01488,-1.0,16,239.85
2020-03-16,2020-04-01,285.0,call,0.94,1.07,1.0,0.85,523,0,0.56121,0.07954,16,239.85
2020-03-16,2020-04-01,285.0,put,43.36,44.72,44.04,42.6,8,671,0.01488,-1.0,16,239.85
2020-03-16,2020-04-01,286.0,call,0.83,0.95,0.89,0.77,71,485,0.56121,0.07522,16,239.85
2020-03-16,2020-04-01,286.0,put,44.53,45.39,44.96,37.0,5,44,0.01488,-1.0,16,239.85
2020-03-16,2020-04-01,287.0,call,0.73,0.84,0.78,0.61,123,464,0.55145,0.06736,16,239.85
2020-03-16,2020-04-01,287.0,put,45.46,46.23,45.84,47.0,9,240,0.01488,-1.0,16,239.85
2020-03-16,2020-04-01,288.0,call,0.64,0.75,0.7,0.57,145,589,0.54169,0.05992,16,239.85
2020-03-16,2020-04-01,288.0,put,46.21,47.24,46.73,45.0,3,258,0.01488,-1.0,16,239.85
2020-03-16,2020-04-01,289.0,call,0.57,0.67,0.62,0.49,252,457,0.54169,0.05637,16,239.85
2020-03-16,2020-04-01,289.0,put,47.25,48.13,47.69,43.0,5,201,0.01488,-1.0,16,239.85
2020-03-16,2020-04-01,290.0,call,0.52,0.59,0.55,0.49,1243,1914,0.53194,0.04966,16,239.85
2020-03-16,2020-04-01,290.0,put,48.2,49.04,48.62,48.39,24,593,0.01488,-1.0,16,239.85
2020-03-16,2020-04-01,291.0,call,0.45,0.53,0.49,0.4,264,223,0.53194,0.04657,16,239.85
2020-03-16,2020-04-01,291.0,put,49.12,50.01,49.56,50.66,17,499,0.01488,-1.0,16,239.85
2020-03-16,2020-04-01,292.0,call,0.4,0.48,0.44,0.35,296,129,0.53194,0.04365,16,239.85
2020-03-16,2020-04-01,292.0,put,50.06,50.93,50.5,48.49,8,124,0.01488,-1.0,16,239.85
2020-03-16,2020-04-01,293.0,call,0.36,0.44,0.4,0.33,17,114,0.52218,0.03794,16,239.85
2020-03-16,2020-04-01,293.0,put,50.8,52.01,51.41,0.0,0,235,0.01488,-1.0,16,239.85
2020-03-16,2020-04-01,294.0,call,0.33,0.4,0.36,0.4,92,1336,0.52218,0.03544,16,239.85
2020-03-16,2020-04-01,294.0,put,51.99,52.87,52.43,47.59,20,177,0.01488,-1.0,16,239.85
2020-03-16,2020-04-01,295.0,call,0.3,0.37,0.33,0.29,366,590,0.52218,0.03308,16,239.85
2020-03-16,2020-04-01,295.0,put,52.97,53.83,53.4,51.33,10,509,0.01488,-1.0,16,239.85
2020-03-16,2020-04-01,296.0,call,0.27,0.34,0.31,0.26,146,847,0.52218,0.03086,16,239.85
2020-03-16,2020-04-01,296.0,put,53.91,54.99,54.45,47.38,0,122,0.01488,-1.0,16,239.85
2020-03-16,2020-04-01,297.0,call,0.25,0.31,0.28,0.25,110,1114,0.52218,0.02877,16,239.85
2020-03-16,2020-04-01,297.0,put,54.88,55.83,55.36,53.07,104,108,0.01488,-1.0,16,239.85
2020-03-16,2020-04-01,298.0,call,0.23,0.29,0.26,0.24,65,225,0.52218,0.02681,16,239.85
2020-03-16,2020-04-01,298.0,put,55.88,56.77,56.33,62.58,1,227,0.01488,-1.0,16,239.85
2020-03-16,2020-04-01,299.0,call,0.22,0.27,0.24,0.21,329,654,0.52218,0.02497,16,239.85
2020-03-16,2020-04-01,299.0,put,56.86,57.77,57.31,52.0,9,141,0.01488,-1.0,16,239.85
2020-03-16,2020-04-01,300.0,call,0.2,0.26,0.23,0.21,6397,4078,0.52218,0.02324,16,239.85
2020-03-16,2020-04-01,300.0,put,57.7,58.84,58.27,58.69,18,421,0.01488,-1.0,16,239.85
2020-03-16,2020-04-01,301.0,call,0.19,0.24,0.21,0.18,96,0,0.52218,0.02161,16,239.85
2020-03-16,2020-04-01,301.0,put,58.65,59.83,59.24,56.88,3,65,0.01488,-1.0,16,239.85
2020-03-16,2020-04-01,302.0,call,0.18,0.23,0.21,0.18,143,0,0.53194,0.0221,16,239.85
2020-03-16,2020-04-01,302.0,put,59.82,60.72,60.27,42.0,0,185,0.01488,-1.0,16,239.85
2020-03-16,2020-04-01,303.0,call,0.16,0.21,0.18,0.22,235,1236,0.52218,0.01867,16,239.85
2020-03-16,2020-04-01,303.0,put,60.5,61.89,61.2,58.9,4,134,0.01488,-1.0,16,239.85
2020-03-16,2020-04-01,304.0,call,0.15,0.2,0.17,0.16,137,1233,0.53194,0.01916,16,239.85
2020-03-16,2020-04-01,304.0,put,61.61,62.8,62.2,63.0,1,60,0.01488,-1.0,16,239.85
2020-03-16,2020-04-01,305.0,call,0.15,0.19,0.17,0.14,319,1418,0.53194,0.01782,16,239.85
2020-03-16,2020-04-01,305.0,put,62.68,63.79,63.23,55.41,14,454,0.01488,-1.0,16,239.85
2020-03-16,2020-04-01,306.0,call,0.13,0.18,0.15,0.13,75,0,0.53194,0.01657,16,239.85
2020-03-16,2020-04-01,306.0,put,63.77,64.66,64.22,65.8,2,108,0.01488,-1.0,16,239.85
2020-03-16,2020-04-01,307.0,call,0.12,0.17,0.15,0.19,7,1684,0.53194,0.0154,16,239.85
2020-03-16,2020-04-01,307.0,put,64.67,65.74,65.2,62.5,6,97,0.01488,-1.0,16,239.85
2020-03-16,2020-04-01,308.0,call,0.12,0.16,0.14,0.13,206,999,0.54169,0.01588,16,239.85
2020-03-16,2020-04-01,308.0,put,65.77,66.68,66.22,62.99,1,362,0.01488,-1.0,16,239.85
2020-03-16,2020-04-01,309.0,call,0.11,0.15,0.13,0.15,11,1180,0.54169,0.01478,16,239.85
2020-03-16,2020-04-01,309.0,put,66.74,67.65,67.19,61.06,0,22,0.01488,-1.0,16,239.85
2020-03-16,2020-04-01,310.0,call,0.1,0.12,0.11,0.1,1910,1600,0.53194,0.01232,16,239.85
2020-03-16,2020-04-01,310.0,put,67.7,68.75,68.22,66.76,6,621,0.01488,-1.0,16,239.85
2020-03-16,2020-04-01,311.0,call,0.1,0.14,0.12,0.1,78,235,0.54169,0.01278,16,239.85
2020-03-16,2020-04-01,311.0,put,68.72,69.66,69.19,61.03,3,485,0.01488,-1.0,16,239.85
2020-03-16,2020-04-01,312.0,call,0.09,0.13,0.11,0.12,32,510,0.54169,0.01187,16,239.85
2020-03-16,2020-04-01,312.0,put,69.72,70.65,70.19,60.01,0,42,0.01488,-1.0,16,239.85
2020-03-16,2020-04-01,313.0,call,0.08,0.13,0.11,0.11,86,369,0.55145,0.01232,16,239.85
2020-03-16,2020-04-01,313.0,put,70.9,71.7,71.3,16.77,0,21,0.01488,-1.0,16,239.85
2020-03-16,2020-04-01,314.0,call,0.08,0.12,0.1,0.08,12,359,0.55145,0.01147,16,239.85
2020-03-16,2020-04-01,314.0,put,71.7,72.63,72.16,23.36,0,17,0.01488,-1.0,16,239.85
2020-03-16,2020-04-01,315.0,call,0.08,0.12,0.1,0.12,15,0,0.55145,0.01067,16,239.85
2020-03-16,2020-04-01,315.0,put,72.89,73.63,73.26,52.83,0,108,0.01488,-1.0,16,239.85
2020-03-16,2020-04-01,316.0,call,0.07,0.11,0.09,0.1,33,2179,0.55145,0.00992,16,239.85
2020-03-16,2020-04-01,316.0,put,73.68,74.63,74.16,18.93,0,6,0.01488,-1.0,16,239.85
2020-03-16,2020-04-01,317.0,call,0.07,0.11,0.09,0.08,649,955,0.56121,0.01034,16,239.85
2020-03-16,2020-04-01,317.0,put,74.68,75.62,75.15,16.45,0,428,0.01488,-1.0,16,239.85
2020-03-16,2020-04-01,318.0,call,0.06,0.1,0.08,0.1,11,487,0.55145,0.00856,16,239.85
2020-03-16,2020-04-01,318.0,put,75.67,76.62,76.15,71.92,6,25,0.01488,-1.0,16,239.85
2020-03-16,2020-04-01,319.0,call,0.06,0.1,0.08,0.1,3,602,0.56121,0.00896,16,239.85
2020-03-16,2020-04-01,319.0,put,76.67,77.63,77.15,63.93,0,40,0.01488,-1.0,16,239.85
2020-03-16,2020-04-01,320.0,call,0.08,0.1,0.09,0.09,75,2108,0.57096,0.00936,16,239.85
2020-03-16,2020-04-01,320.0,put,77.64,78.63,78.13,63.52,0,304,0.01488,-1.0,16,239.85
2020-03-16,2020-04-01,321.0,call,0.05,0.09,0.07,0.09,9,137,0.56121,0.00775,16,239.85
2020-03-16,2020-04-01,321.0,put,78.86,79.62,79.24,31.17,0,1,0.01488,-1.0,16,239.85
2020-03-16,2020-04-01,322.0,call,0.05,0.09,0.07,0.1,2,188,0.57096,0.00813,16,239.85
2020-03-16,2020-04-01,322.0,put,79.65,80.58,80.12,45.81,0,10,0.01488,-1.0,16,239.85
2020-03-16,2020-04-01,323.0,call,0.04,0.09,0.07,0.1,16,78,0.57096,0.00757,16,239.85
2020-03-16,2020-04-01,323.0,put,80.64,81.62,81.13,61.5,0,10,0.01488,-1.0,16,239.85
2020-03-16,2020-04-01,324.0,call,0.04,0.08,0.06,0.1,1,1897,0.57096,0.00704,16,239.85
2020-03-16,2020-04-01,324.0,put,81.61,82.62,82.12,75.36,1,0,0.01488,-1.0,16,239.85
2020-03-16,2020-04-01,325.0,call,0.04,0.07,0.06,0.07,18,848,0.57096,0.00655,16,239.85
2020-03-16,2020-04-01,325.0,put,82.84,83.6,83.22,74.68,3,17,0.01488,-1.0,16,239.85
2020-03-16,2020-04-01,326.0,call,0.03,0.08,0.06,0.02,0,54,0.58072,0.0069,16,239.85
2020-03-16,2020-04-01,326.0,put,83.83,84.7,84.27,32.08,0,2,0.01488,-1.0,16,239.85
2020-03-16,2020-04-01,327.0,call,0.03,0.07,0.05,0.07,5,46,0.57096,0.00567,16,239.85
2020-03-16,2020-04-01,327.0,put,84.47,85.73,85.1,51.38,0,110,0.01488,-1.0,16,239.85
2020-03-16,2020-04-01,328.0,call,0.03,0.07,0.05,0.05,70,183,0.57096,0.00527,16,239.85
2020-03-16,2020-04-01,328.0,put,85.69,86.77,86.23,27.44,0,0,0.01488,-1.0,16,239.85
2020-03-16,2020-04-01,329.0,call,0.03,0.07,0.05,0.06,1,147,0.58072,0.00558,16,239.85
2020-03-16,2020-04-01,329.0,put,86.6,87.73,87.16,0.0,0,0,0.01488,-1.0,16,239.85
2020-03-16,2020-04-01,330.0,call,0.05,0.07,0.06,0.07,63,0,0.60023,0.00666,16,239.85
2020-03-16,2020-04-01,330.0,put,87.82,88.69,88.25,50.99,0,25,0.01488,-1.0,16,239.85
2020-03-16,2020-04-01,331.0,call,0.02,0.07,0.05,0.07,5,186,0.59047,0.0055,16,239.85
2020-03-16,2020-04-01,331.0,put,88.55,89.6,89.07,0.0,0,0,0.01488,-1.0,16,239.85
2020-03-16,2020-04-01,332.0,call,0.05,0.06,0.06,0.06,13,187,0.60999,0.00655,16,239.85
2020-03-16,2020-04-01,332.0,put,89.59,90.6,90.09,31.21,0,3,0.01488,-1.0,16,239.85
2020-03-16,2020-04-01,333.0,call,0.02,0.06,0.04,0.05,1,0,0.59047,0.00478,16,239.85
2020-03-16,2020-04-01,333.0,put,90.59,91.54,91.06,0.0,0,0,0.01488,-1.0,16,239.85
2020-03-16,2020-04-01,334.0,call,0.02,0.06,0.04,0.06,0,0,0.59047,0.00445,16,239.85
2020-03-16,2020-04-01,334.0,put,91.59,92.56,92.08,85.3,1,0,0.01488,-1.0,16,239.85
2020-03-16,2020-04-01,335.0,call,0.02,0.06,0.04,0.05,18,681,0.60023,0.00473,16,239.85
2020-03-16,2020-04-01,335.0,put,92.6,93.57,93.08,29.51,0,4,0.01488,-1.0,16,239.85
2020-03-16,2020-04-01,336.0,call,0.02,0.05,0.04,0.03,23,174,0.60023,0.00441,16,239.85
2020-03-16,2020-04-01,336.0,put,93.58,94.55,94.06,0.0,0,0,0.01488,-1.0,16,239.85
2020-03-16,2020-04-01,337.0,call,0.02,0.06,0.04,0.03,1,355,0.60023,0.00412,16,239.85
2020-03-16,2020-04-01,337.0,put,94.83,95.54,95.19,0.0,0,0,0.01488,-1.0,16,239.85
2020-03-16,2020-04-01,338.0,call,0.01,0.06,0.03,0.05,2,84,0.59047,0.00334,16,239.85
2020-03-16,2020-04-01,338.0,put,95.64,96.67,96.16,0.0,0,0,0.01488,-1.0,16,239.85
2020-03-16,2020-04-01,339.0,call,0.01,0.06,0.03,0.04,2,4,0.60023,0.00358,16,239.85
2020-03-16,2020-04-01,339.0,put,95.61,98.51,97.06,0.0,0,0,0.01488,-1.0,16,239.85
2020-03-16,2020-04-01,340.0,call,0.01,0.05,0.03,0.04,14,1679,0.60023,0.00334,16,239.85
2020-03-16,2020-04-01,340.0,put,96.61,99.51,98.06,61.5,0,7,0.01488,-1.0,16,239.85
2020-03-16,2020-04-01,341.0,call,0.01,0.05,0.03,0.04,10,18,0.60999,0.00357,16,239.85
2020-03-16,2020-04-01,341.0,put,97.61,100.51,99.06,100.01,1,0,0.01488,-1.0,16,239.85
2020-03-16,2020-04-01,342.0,call,0.01,0.05,0.03,0.05,0,8,0.60999,0.00333,16,239.85
2020-03-16,2020-04-01,342.0,put,98.6,101.5,100.05,0.0,0,0,0.01488,-1.0,16,239.85
2020-03-16,2020-04-01,345.0,call,0.01,0.03,0.02,0.04,22,350,0.60023,0.00233,16,239.85
2020-03-16,2020-04-01,345.0,put,101.6,104.49,103.04,0.0,0,0,0.01488,-1.0,16,239.85
2020-03-16,2020-04-01,350.0,call,0.02,0.04,0.03,0.03,154,1108,0.64901,0.00334,16,239.85
2020-03-16,2020-04-01,350.0,put,106.59,109.49,108.04,104.75,2,0,0.01488,-1.0,16,239.85
2020-03-16,2020-04-01,355.0,call,0.02,0.03,0.03,0.02,4,344,0.66852,0.00316,16,239.85
2020-03-16,2020-04-01,355.0,put,111.59,114.48,113.03,0.0,0,0,0.01488,-1.0,16,239.85
2020-03-16,2020-04-01,360.0,call,0.02,0.03,0.03,0.02,143,696,0.68803,0.00301,16,239.85
2020-03-16,2020-04-01,360.0,put,116.58,119.48,118.03,110.5,0,2,0.01488,-1.0,16,239.85
2020-03-16,2020-04-03,130.0,call,112.02,114.86,113.44,0.0,0,0,2.10263,0.93888,18,239.85
2020-03-16,2020-04-03,130.0,put,0.35,0.4,0.38,0.39,421,0,1.34167,-0.01372,18,239.85
2020-03-16,2020-04-03,135.0,call,107.98,109.08,108.53,0.0,0,0,2.00507,0.93495,18,239.85
2020-03-16,2020-04-03,135.0,put,0.46,0.48,0.47,0.48,444,2866,1.31241,-0.01708,18,239.85
2020-03-16,2020-04-03,140.0,call,103.03,104.11,103.57,0.0,0,0,1.90751,0.93097,18,239.85
2020-03-16,2020-04-03,140.0,put,0.53,0.59,0.56,0.64,529,432,1.27338,-0.02039,18,239.85
2020-03-16,2020-04-03,145.0,call,98.01,99.16,98.59,0.0,0,0,1.80996,0.92695,18,239.85
2020-03-16,2020-04-03,145.0,put,0.66,0.72,0.69,0.85,179,124,1.24412,-0.02499,18,239.85
2020-03-16,2020-04-03,150.0,call,93.12,94.23,93.68,0.0,0,0,1.72215,0.92203,18,239.85
2020-03-16,2020-04-03,150.0,put,0.81,0.88,0.84,1.02,1238,450,1.21485,-0.03038,18,239.85
2020-03-16,2020-04-03,155.0,call,88.27,89.31,88.79,0.0,0,0,1.64411,0.916,18,239.85
2020-03-16,2020-04-03,155.0,put,1.0,1.07,1.04,1.04,383,369,1.18558,-0.0367,18,239.85
2020-03-16,2020-04-03,160.0,call,83.41,84.45,83.93,0.0,0,0,1.56606,0.90961,18,239.85
2020-03-16,2020-04-03,160.0,put,1.22,1.31,1.27,1.29,1387,1301,1.16607,-0.04519,18,239.85
2020-03-16,2020-04-03,165.0,call,78.59,79.61,79.1,0.0,0,0,1.48801,0.90279,18,239.85
2020-03-16,2020-04-03,165.0,put,1.51,1.6,1.56,1.49,1829,4257,1.14656,-0.05514,18,239.85
2020-03-16,2020-04-03,170.0,call,73.86,74.85,74.35,0.0,0,0,1.42948,0.89315,18,239.85
2020-03-16,2020-04-03,170.0,put,1.85,1.95,1.9,2.23,1028,1885,1.11729,-0.06528,18,239.85
2020-03-16,2020-04-03,175.0,call,69.19,70.14,69.66,0.0,0,0,1.37094,0.88259,18,239.85
2020-03-16,2020-04-03,175.0,put,2.26,2.38,2.32,2.73,1084,584,1.09778,-0.07847,18,239.85
2020-03-16,2020-04-03,180.0,call,64.59,65.54,65.06,0.0,0,0,1.31241,0.87099,18,239.85
2020-03-16,2020-04-03,180.0,put,2.74,2.87,2.81,2.87,1730,1412,1.07827,-0.09358,18,239.85
2020-03-16,2020-04-03,185.0,call,60.14,61.02,60.58,62.65,1,0,1.27338,0.85544,18,239.85
2020-03-16,2020-04-03,185.0,put,3.3,3.45,3.38,4.0,773,1015,1.05875,-0.11077,18,239.85
2020-03-16,2020-04-03,190.0,call,55.76,56.43,56.09,0.0,0,0,1.2246,0.83969,18,239.85
2020-03-16,2020-04-03,190.0,put,3.96,4.13,4.04,4.2,747,1083,1.03924,-0.13019,18,239.85
2020-03-16,2020-04-03,195.0,call,51.44,52.35,51.89,49.96,1,1,1.18558,0.82079,18,239.85
2020-03-16,2020-04-03,195.0,put,4.72,4.91,4.81,5.66,296,826,1.01973,-0.15199,18,239.85
2020-03-16,2020-04-03,200.0,call,47.42,48.2,47.81,0.0,0,0,1.15631,0.79855,18,239.85
2020-03-16,2020-04-03,200.0,put,5.58,5.79,5.69,5.88,4954,6877,1.00022,-0.17628,18,239.85
2020-03-16,2020-04-03,205.0,call,43.17,43.95,43.56,45.4,2,4,1.11729,0.77558,18,239.85
2020-03-16,2020-04-03,205.0,put,6.56,6.81,6.68,7.68,1460,2711,0.98071,-0.20317,18,239.85
2020-03-16,2020-04-03,210.0,call,39.42,40.04,39.73,0.0,0,0,1.08802,0.74901,18,239.85
2020-03-16,2020-04-03,210.0,put,7.66,7.94,7.8,8.0,1533,15022,0.9612,-0.23271,18,239.85
2020-03-16,2020-04-03,215.0,call,35.6,36.28,35.94,44.29,0,19,1.05875,0.72015,18,239.85
2020-03-16,2020-04-03,215.0,put,8.89,9.2,9.04,9.0,440,2956,0.94168,-0.26494,18,239.85
2020-03-16,2020-04-03,220.0,call,32.11,32.78,32.45,32.8,1,7,1.03924,0.68802,18,239.85
2020-03-16,2020-04-03,220.0,put,10.27,10.6,10.43,10.43,1599,3248,0.92217,-0.29985,18,239.85
2020-03-16,2020-04-03,225.0,call,28.65,29.29,28.97,32.22,353,1,1.00998,0.65456,18,239.85
2020-03-16,2020-04-03,225.0,put,11.79,12.15,11.97,12.91,544,2427,0.90266,-0.33736,18,239.85
2020-03-16,2020-04-03,230.0,call,25.35,25.98,25.66,24.0,405,5,0.98071,0.61868,18,239.85
2020-03-16,2020-04-03,230.0,put,13.46,13.86,13.66,13.25,3027,25187,0.87339,-0.37683,18,239.85
2020-03-16,2020-04-03,231.0,call,24.67,25.33,25.0,0.0,0,0,0.97095,0.61131,18,239.85
2020-03-16,2020-04-03,231.0,put,13.77,14.25,14.01,15.27,24,0,0.87339,-0.38535,18,239.85
2020-03-16,2020-04-03,232.0,call,24.04,24.69,24.37,24.86,1,0,0.97095,0.60361,18,239.85
2020-03-16,2020-04-03,232.0,put,14.13,14.61,14.37,14.7,118,118,0.86364,-0.39356,18,239.85
2020-03-16,2020-04-03,233.0,call,23.41,24.06,23.73,22.85,3,0,0.9612,0.59602,18,239.85
2020-03-16,2020-04-03,233.0,put,14.5,14.99,14.75,14.46,51,238,0.86364,-0.40222,18,239.85
2020-03-16,2020-04-03,234.0,call,22.79,23.45,23.12,0.0,0,0,0.9612,0.58823,18,239.85
2020-03-16,2020-04-03,234.0,put,14.87,15.36,15.11,17.25,29,192,0.85388,-0.41072,18,239.85
2020-03-16,2020-04-03,235.0,call,22.24,22.83,22.53,23.24,2,5,0.95144,0.5804,18,239.85
2020-03-16,2020-04-03,235.0,put,15.29,15.72,15.5,17.46,360,813,0.85388,-0.41949,18,239.85
2020-03-16,2020-04-03,236.0,call,21.57,22.2,21.88,22.64,2,0,0.94168,0.57242,18,239.85
2020-03-16,2020-04-03,236.0,put,15.63,16.14,15.89,15.01,71,32,0.84413,-0.4283,18,239.85
2020-03-16,2020-04-03,237.0,call,20.97,21.6,21.29,21.35,10,0,0.94168,0.56447,18,239.85
2020-03-16,2020-04-03,237.0,put,16.02,16.54,16.28,18.61,81,480,0.83437,-0.4373,18,239.85
2020-03-16,2020-04-03,238.0,call,20.44,21.02,20.73,19.13,5,0,0.93193,0.55626,18,239.85
2020-03-16,2020-04-03,238.0,put,16.42,16.95,16.69,19.1,60,243,0.83437,-0.44627,18,239.85
2020-03-16,2020-04-03,239.0,call,19.79,20.42,20.11,18.1,194,0,0.93193,0.54824,18,239.85
2020-03-16,2020-04-03,239.0,put,16.83,17.36,17.09,19.3,1368,75,0.82461,-0.45556,18,239.85
2020-03-16,2020-04-03,240.0,call,19.26,19.84,19.55,17.5,145,115,0.92217,0.53981,18,239.85
2020-03-16,2020-04-03,240.0,put,17.28,17.75,17.52,18.02,2959,2265,0.82461,-0.46461,18,239.85
2020-03-16,2020-04-03,241.0,call,18.7,19.26,18.98,18.1,6,0,0.92217,0.53174,18,239.85
2020-03-16,2020-04-03,241.0,put,17.66,18.21,17.94,20.16,683,120,0.81486,-0.4742,18,239.85
2020-03-16,2020-04-03,242.0,call,18.07,18.71,18.39,16.58,10,0,0.91242,0.52308,18,239.85
2020-03-16,2020-04-03,242.0,put,18.08,18.64,18.36,20.48,122,24,0.81486,-0.48331,18,239.85
2020-03-16,2020-04-03,242.5,call,17.85,18.44,18.15,16.78,72,101,0.91242,0.51902,18,239.85
2020-03-16,2020-04-03,242.5,put,18.3,18.86,18.58,17.0,208,59,0.8051,-0.48858,18,239.85
2020-03-16,2020-04-03,243.0,call,17.52,18.17,17.84,16.0,6,0,0.90266,0.51426,18,239.85
2020-03-16,2020-04-03,243.0,put,18.52,19.08,18.8,21.34,133,47,0.8051,-0.49318,18,239.85
2020-03-16,2020-04-03,244.0,call,16.97,17.62,17.3,17.0,7,0,0.90266,0.50609,18,239.85
2020-03-16,2020-04-03,244.0,put,18.96,19.53,19.25,19.72,145,489,0.79535,-0.50324,18,239.85
2020-03-16,2020-04-03,245.0,call,16.48,17.01,16.75,15.63,75,162,0.89291,0.49706,18,239.85
2020-03-16,2020-04-03,245.0,put,19.45,19.95,19.7,20.41,15957,1243,0.79535,-0.51247,18,239.85
2020-03-16,2020-04-03,246.0,call,15.89,16.52,16.2,14.33,42,139,0.89291,0.48886,18,239.85
2020-03-16,2020-04-03,246.0,put,19.89,20.45,20.17,20.0,760,114,0.78559,-0.5228,18,239.85
2020-03-16,2020-04-03,247.0,call,15.41,15.98,15.7,17.05,21,338,0.88315,0.47963,18,239.85
2020-03-16,2020-04-03,247.0,put,20.06,21.42,20.74,21.3,82,195,0.78559,-0.53206,18,239.85
2020-03-16,2020-04-03,247.5,call,15.15,15.72,15.44,17.25,4,0,0.88315,0.47552,18,239.85
2020-03-16,2020-04-03,247.5,put,20.29,21.68,20.98,23.5,53,12,0.78559,-0.53667,18,239.85
2020-03-16,2020-04-03,248.0,call,14.89,15.45,15.17,17.0,206,136,0.88315,0.47142,18,239.85
2020-03-16,2020-04-03,248.0,put,20.7,21.73,21.21,23.21,332,91,0.77583,-0.54264,18,239.85
2020-03-16,2020-04-03,249.0,call,14.32,14.93,14.62,15.65,24,104,0.87339,0.46199,18,239.85
2020-03-16,2020-04-03,249.0,put,21.02,22.4,21.71,24.14,259,402,0.77583,-0.55189,18,239.85
2020-03-16,2020-04-03,250.0,call,13.88,14.36,14.12,13.77,838,118,0.86364,0.45241,18,239.85
2020-03-16,2020-04-03,250.0,put,22.1,22.81,22.45,23.79,2250,14103,0.77583,-0.56108,18,239.85
2020-03-16,2020-04-03,251.0,call,13.36,13.9,13.63,17.19,18,271,0.86364,0.44418,18,239.85
2020-03-16,2020-04-03,251.0,put,22.18,23.2,22.69,24.93,119,640,0.76608,-0.57194,18,239.85
2020-03-16,2020-04-03,252.0,call,12.87,13.4,13.13,12.0,192,89,0.85388,0.43442,18,239.85
2020-03-16,2020-04-03,252.0,put,22.56,23.92,23.24,25.95,266,1188,0.75632,-0.58297,18,239.85
2020-03-16,2020-04-03,253.0,call,12.38,12.9,12.64,12.38,46,59,0.84413,0.42452,18,239.85
2020-03-16,2020-04-03,253.0,put,23.08,24.39,23.73,24.11,244,319,0.74657,-0.59418,18,239.85
2020-03-16,2020-04-03,254.0,call,11.9,12.41,12.16,17.4,14,122,0.84413,0.41629,18,239.85
2020-03-16,2020-04-03,254.0,put,23.6,24.92,24.26,26.0,39,179,0.74657,-0.60338,18,239.85
2020-03-16,2020-04-03,255.0,call,11.44,11.88,11.66,10.29,404,320,0.83437,0.40623,18,239.85
2020-03-16,2020-04-03,255.0,put,24.13,25.42,24.77,27.0,323,1434,0.73681,-0.61477,18,239.85
2020-03-16,2020-04-03,256.0,call,10.96,11.45,11.21,10.55,123,44,0.82461,0.39604,18,239.85
2020-03-16,2020-04-03,256.0,put,24.67,25.91,25.29,27.8,154,352,0.72706,-0.62631,18,239.85
2020-03-16,2020-04-03,257.0,call,10.5,10.99,10.75,12.07,67,71,0.82461,0.38786,18,239.85
2020-03-16,2020-04-03,257.0,put,25.25,26.46,25.86,28.0,181,300,0.7173,-0.63801,18,239.85
2020-03-16,2020-04-03,258.0,call,10.05,10.52,10.29,9.0,70,1068,0.81486,0.37754,18,239.85
2020-03-16,2020-04-03,258.0,put,25.78,26.99,26.38,29.3,44,191,0.70754,-0.64985,18,239.85
2020-03-16,2020-04-03,259.0,call,9.6,10.07,9.84,9.0,84,126,0.8051,0.3671,18,239.85
2020-03-16,2020-04-03,259.0,put,26.34,27.49,26.91,22.96,6,259,0.70754,-0.65892,18,239.85
2020-03-16,2020-04-03,260.0,call,9.16,9.58,9.37,8.7,914,565,0.79535,0.35654,18,239.85
2020-03-16,2020-04-03,260.0,put,26.93,28.09,27.51,30.58,277,1098,0.69779,-0.67087,18,239.85
2020-03-16,2020-04-03,261.0,call,8.69,9.18,8.93,8.68,43,547,0.78559,0.34588,18,239.85
2020-03-16,2020-04-03,261.0,put,27.76,28.64,28.2,26.22,66,322,0.69779,-0.67978,18,239.85
2020-03-16,2020-04-03,262.0,call,8.31,8.75,8.53,7.47,41,639,0.78559,0.33783,18,239.85
2020-03-16,2020-04-03,262.0,put,28.34,29.22,28.78,28.27,44,179,0.68803,-0.69178,18,239.85
2020-03-16,2020-04-03,263.0,call,7.9,8.28,8.09,9.28,118,641,0.77583,0.3271,18,239.85
2020-03-16,2020-04-03,263.0,put,28.7,29.65,29.17,30.0,20,108,0.66852,-0.70733,18,239.85
2020-03-16,2020-04-03,264.0,call,7.49,7.87,7.68,10.0,4,688,0.76608,0.31628,18,239.85
2020-03-16,2020-04-03,264.0,put,29.31,30.36,29.84,26.9,32,250,0.65876,-0.71965,18,239.85
2020-03-16,2020-04-03,265.0,call,7.1,7.46,7.28,6.71,2405,0,0.75632,0.30538,18,239.85
2020-03-16,2020-04-03,265.0,put,30.12,30.93,30.52,30.98,604,2760,0.65876,-0.72829,18,239.85
2020-03-16,2020-04-03,266.0,call,6.7,7.06,6.88,8.0,92,580,0.75632,0.29757,18,239.85
2020-03-16,2020-04-03,266.0,put,30.74,31.55,31.14,30.0,37,205,0.64901,-0.74056,18,239.85
2020-03-16,2020-04-03,267.0,call,6.31,6.67,6.49,7.58,91,230,0.74657,0.28666,18,239.85
2020-03-16,2020-04-03,267.0,put,31.08,32.13,31.61,35.0,33,261,0.6295,-0.75689,18,239.85
2020-03-16,2020-04-03,268.0,call,5.94,6.28,6.11,5.64,9,685,0.73681,0.2757,18,239.85
2020-03-16,2020-04-03,268.0,put,31.74,32.57,32.16,35.23,21,411,0.60999,-0.77355,18,239.85
2020-03-16,2020-04-03,269.0,call,5.57,5.91,5.74,5.7,238,361,0.72706,0.26471,18,239.85
2020-03-16,2020-04-03,269.0,put,32.61,33.38,33.0,32.43,2,512,0.60999,-0.78174,18,239.85
2020-03-16,2020-04-03,270.0,call,5.21,5.54,5.38,4.57,427,7180,0.7173,0.25369,18,239.85
2020-03-16,2020-04-03,270.0,put,33.02,33.98,33.5,36.15,1957,3750,0.59047,-0.79856,18,239.85
2020-03-16,2020-04-03,271.0,call,4.87,5.18,5.03,4.5,56,2374,0.70754,0.24266,18,239.85
2020-03-16,2020-04-03,271.0,put,33.7,34.61,34.16,30.0,17,0,0.58072,-0.81095,18,239.85
2020-03-16,2020-04-03,272.0,call,4.55,4.84,4.7,4.81,31,1478,0.69779,0.23163,18,239.85
2020-03-16,2020-04-03,272.0,put,34.35,35.1,34.73,27.29,5,623,0.56121,-0.82793,18,239.85
2020-03-16,2020-04-03,273.0,call,4.21,4.51,4.36,4.28,166,723,0.68803,0.22062,18,239.85
2020-03-16,2020-04-03,273.0,put,35.25,35.92,35.59,33.62,27,331,0.56121,-0.83533,18,239.85
2020-03-16,2020-04-03,274.0,call,3.9,4.19,4.04,3.37,66,763,0.67828,0.20966,18,239.85
2020-03-16,2020-04-03,274.0,put,35.72,36.44,36.08,37.0,7,562,0.53194,-0.85696,18,239.85
2020-03-16,2020-04-03,275.0,call,3.61,3.76,3.68,3.07,1699,1998,0.66852,0.19874,18,239.85
2020-03-16,2020-04-03,275.0,put,36.45,37.13,36.79,40.51,176,1815,0.51243,-0.87365,18,239.85
2020-03-16,2020-04-03,276.0,call,3.33,3.58,3.46,3.54,227,1176,0.66852,0.19199,18,239.85
2020-03-16,2020-04-03,276.0,put,37.15,37.98,37.56,28.86,6,235,0.50267,-0.88507,18,239.85
2020-03-16,2020-04-03,277.0,call,3.05,3.29,3.17,2.91,221,1462,0.65876,0.18131,18,239.85
2020-03-16,2020-04-03,277.0,put,37.89,38.78,38.34,41.0,16,282,0.49292,-0.89611,18,239.85
2020-03-16,2020-04-03,278.0,call,2.79,3.02,2.91,2.3,433,0,0.64901,0.17074,18,239.85
2020-03-16,2020-04-03,278.0,put,38.61,39.28,38.95,40.0,9,101,0.45389,-0.92114,18,239.85
2020-03-16,2020-04-03,279.0,call,2.55,2.76,2.65,2.32,290,607,0.63925,0.1603,18,239.85
2020-03-16,2020-04-03,279.0,put,39.39,40.19,39.79,33.55,23,582,0.44414,-0.93089,18,239.85
2020-03-16,2020-04-03,280.0,call,2.31,2.52,2.42,2.18,1216,1535,0.6295,0.15001,18,239.85
2020-03-16,2020-04-03,280.0,put,40.04,40.79,40.41,43.51,412,2323,0.3856,-0.96107,18,239.85
2020-03-16,2020-04-03,281.0,call,2.09,2.29,2.19,1.87,423,1030,0.61974,0.13989,18,239.85
2020-03-16,2020-04-03,281.0,put,40.91,41.69,41.3,42.5,3,169,0.35633,-0.975,18,239.85
2020-03-16,2020-04-03,282.0,call,1.89,2.08,1.98,1.72,754,1813,0.60999,0.12998,18,239.85
2020-03-16,2020-04-03,282.0,put,41.51,42.58,42.05,36.49,9,384,0.01488,-1.0,18,239.85
2020-03-16,2020-04-03,283.0,call,1.7,1.87,1.79,1.51,565,12499,0.60023,0.12029,18,239.85
2020-03-16,2020-04-03,283.0,put,42.54,43.31,42.92,41.26,1,177,0.01488,-1.0,18,239.85
2020-03-16,2020-04-03,284.0,call,1.53,1.69,1.61,1.25,343,2501,0.59047,0.11085,18,239.85
2020-03-16,2020-04-03,284.0,put,43.35,44.21,43.78,40.15,22,994,0.01488,-1.0,18,239.85
2020-03-16,2020-04-03,285.0,call,1.36,1.52,1.44,1.25,461,1857,0.58072,0.10169,18,239.85
2020-03-16,2020-04-03,285.0,put,44.19,44.82,44.5,48.39,131,1307,0.01488,-1.0,18,239.85
2020-03-16,2020-04-03,286.0,call,1.21,1.36,1.29,0.98,56,2218,0.57096,0.09283,18,239.85
2020-03-16,2020-04-03,286.0,put,44.66,46.0,45.33,46.74,11,769,0.01488,-1.0,18,239.85
2020-03-16,2020-04-03,287.0,call,1.08,1.21,1.15,0.86,4,891,0.57096,0.08834,18,239.85
2020-03-16,2020-04-03,287.0,put,45.88,46.66,46.27,37.6,0,289,0.01488,-1.0,18,239.85
2020-03-16,2020-04-03,288.0,call,0.96,1.08,1.02,0.8,44,1730,0.56121,0.08006,18,239.85
2020-03-16,2020-04-03,288.0,put,46.76,47.54,47.15,46.5,5,447,0.01488,-1.0,18,239.85
2020-03-16,2020-04-03,289.0,call,0.85,0.97,0.91,0.77,114,1175,0.55145,0.07215,18,239.85
2020-03-16,2020-04-03,289.0,put,47.65,48.43,48.04,43.0,22,292,0.01488,-1.0,18,239.85
2020-03-16,2020-04-03,290.0,call,0.75,0.87,0.81,0.69,445,1783,0.55145,0.06835,18,239.85
2020-03-16,2020-04-03,290.0,put,48.53,49.34,48.94,47.79,704,1296,0.01488,-1.0,18,239.85
2020-03-16,2020-04-03,291.0,call,0.67,0.78,0.73,0.55,270,1794,0.54169,0.06108,18,239.85
2020-03-16,2020-04-03,291.0,put,49.43,50.3,49.86,45.11,8,217,0.01488,-1.0,18,239.85
2020-03-16,2020-04-03,292.0,call,0.6,0.7,0.65,0.51,273,608,0.53194,0.0542,18,239.85
2020-03-16,2020-04-03,292.0,put,50.36,51.18,50.77,40.0,17,658,0.01488,-1.0,18,239.85
2020-03-16,2020-04-03,293.0,call,0.53,0.62,0.57,0.46,80,2491,0.53194,0.0511,18,239.85
2020-03-16,2020-04-03,293.0,put,51.3,52.12,51.71,46.74,3,519,0.01488,-1.0,18,239.85
2020-03-16,2020-04-03,294.0,call,0.48,0.56,0.52,0.45,41,1368,0.53194,0.04814,18,239.85
2020-03-16,2020-04-03,294.0,put,52.01,53.18,52.59,49.31,5,1099,0.01488,-1.0,18,239.85
2020-03-16,2020-04-03,295.0,call,0.43,0.51,0.47,0.38,1473,5916,0.52218,0.0422,18,239.85
2020-03-16,2020-04-03,295.0,put,53.16,54.02,53.59,54.02,55,1840,0.01488,-1.0,18,239.85
2020-03-16,2020-04-03,296.0,call,0.39,0.47,0.43,0.39,94,799,0.52218,0.03964,18,239.85
2020-03-16,2020-04-03,296.0,put,54.13,54.98,54.55,56.0,17,917,0.01488,-1.0,18,239.85
2020-03-16,2020-04-03,297.0,call,0.36,0.43,0.4,0.35,504,2835,0.52218,0.03721,18,239.85
2020-03-16,2020-04-03,297.0,put,55.06,55.96,55.51,57.5,9,1584,0.01488,-1.0,18,239.85
2020-03-16,2020-04-03,298.0,call,0.33,0.4,0.36,0.31,458,829,0.52218,0.03492,18,239.85
2020-03-16,2020-04-03,298.0,put,56.03,56.94,56.48,45.08,7,816,0.01488,-1.0,18,239.85
2020-03-16,2020-04-03,299.0,call,0.3,0.37,0.33,0.31,78,2027,0.52218,0.03275,18,239.85
2020-03-16,2020-04-03,299.0,put,57.02,57.89,57.45,54.02,4,851,0.01488,-1.0,18,239.85
2020-03-16,2020-04-03,300.0,call,0.28,0.34,0.31,0.27,3624,6293,0.52218,0.0307,18,239.85
2020-03-16,2020-04-03,300.0,put,57.99,58.87,58.43,62.77,180,4477,0.01488,-1.0,18,239.85
2020-03-16,2020-04-03,301.0,call,0.26,0.32,0.29,0.25,532,1225,0.52218,0.02876,18,239.85
2020-03-16,2020-04-03,301.0,put,58.97,59.85,59.41,54.49,5,945,0.01488,-1.0,18,239.85
2020-03-16,2020-04-03,302.0,call,0.24,0.3,0.27,0.23,65,1101,0.52218,0.02693,18,239.85
2020-03-16,2020-04-03,302.0,put,59.93,60.62,60.27,55.24,1,1136,0.01488,-1.0,18,239.85
2020-03-16,2020-04-03,302.5,call,0.23,0.29,0.26,0.28,237,931,0.52218,0.02606,18,239.85
2020-03-16,2020-04-03,302.5,put,60.42,61.34,60.88,62.15,34,266,0.01488,-1.0,18,239.85
2020-03-16,2020-04-03,303.0,call,0.22,0.28,0.25,0.28,15,1098,0.52218,0.02521,18,239.85
2020-03-16,2020-04-03,303.0,put,60.94,61.83,61.38,58.83,3,1084,0.01488,-1.0,18,239.85
2020-03-16,2020-04-03,304.0,call,0.21,0.26,0.23,0.21,396,738,0.52218,0.02358,18,239.85
2020-03-16,2020-04-03,304.0,put,61.63,62.9,62.27,50.49,3,158,0.01488,-1.0,18,239.85
2020-03-16,2020-04-03,305.0,call,0.2,0.25,0.23,0.18,455,2779,0.52218,0.02205,18,239.85
2020-03-16,2020-04-03,305.0,put,62.87,63.81,63.34,61.27,20,849,0.01488,-1.0,18,239.85
2020-03-16,2020-04-03,306.0,call,0.18,0.23,0.21,0.23,43,740,0.52218,0.0206,18,239.85
2020-03-16,2020-04-03,306.0,put,63.87,64.81,64.34,60.86,2,1394,0.01488,-1.0,18,239.85
2020-03-16,2020-04-03,307.0,call,0.17,0.19,0.18,0.2,91,558,0.52218,0.01925,18,239.85
2020-03-16,2020-04-03,307.0,put,64.59,65.86,65.22,54.21,0,199,0.01488,-1.0,18,239.85
2020-03-16,2020-04-03,307.5,call,0.17,0.22,0.2,0.32,1,1756,0.53194,0.02052,18,239.85
2020-03-16,2020-04-03,307.5,put,65.36,66.25,65.81,66.22,9,555,0.01488,-1.0,18,239.85
2020-03-16,2020-04-03,308.0,call,0.16,0.21,0.18,0.19,5,921,0.52218,0.01797,18,239.85
2020-03-16,2020-04-03,308.0,put,65.84,66.8,66.32,62.88,2,211,0.01488,-1.0,18,239.85
2020-03-16,2020-04-03,309.0,call,0.15,0.2,0.17,0.2,5,1208,0.52218,0.01677,18,239.85
2020-03-16,2020-04-03,309.0,put,66.81,67.75,67.28,56.95,0,157,0.01488,-1.0,18,239.85
2020-03-16,2020-04-03,310.0,call,0.14,0.19,0.17,0.14,672,3828,0.53194,0.01735,18,239.85
2020-03-16,2020-04-03,310.0,put,67.8,68.78,68.29,69.38,9,1265,0.01488,-1.0,18,239.85
2020-03-16,2020-04-03,311.0,call,0.13,0.18,0.15,0.15,14,0,0.53194,0.01622,18,239.85
2020-03-16,2020-04-03,311.0,put,68.81,69.74,69.28,69.0,3,79,0.01488,-1.0,18,239.85
2020-03-16,2020-04-03,312.0,call,0.12,0.17,0.15,0.2,5,2120,0.53194,0.01515,18,239.85
2020-03-16,2020-04-03,312.0,put,69.79,70.73,70.26,71.56,3,469,0.01488,-1.0,18,239.85
2020-03-16,2020-04-03,312.5,call,0.12,0.17,0.15,0.12,0,2046,0.53194,0.01464,18,239.85
2020-03-16,2020-04-03,312.5,put,70.08,71.32,70.7,71.23,13,1139,0.01488,-1.0,18,239.85
2020-03-16,2020-04-03,313.0,call,0.12,0.16,0.14,0.13,49,4238,0.53194,0.01414,18,239.85
2020-03-16,2020-04-03,313.0,put,70.76,71.81,71.28,61.3,5,254,0.01488,-1.0,18,239.85
2020-03-16,2020-04-03,314.0,call,0.11,0.15,0.13,0.15,9,1495,0.53194,0.0132,18,239.85
2020-03-16,2020-04-03,314.0,put,71.76,72.82,72.29,61.9,5,198,0.01488,-1.0,18,239.85
2020-03-16,2020-04-03,315.0,call,0.11,0.15,0.13,0.11,262,0,0.54169,0.01374,18,239.85
2020-03-16,2020-04-03,315.0,put,72.98,73.73,73.36,73.81,8,942,0.01488,-1.0,18,239.85
2020-03-16,2020-04-03,316.0,call,0.1,0.14,0.12,0.11,12,1921,0.54169,0.01284,18,239.85
2020-03-16,2020-04-03,316.0,put,73.76,74.69,74.22,63.46,2,526,0.01488,-1.0,18,239.85
2020-03-16,2020-04-03,317.0,call,0.09,0.13,0.11,0.11,48,1750,0.54169,0.012,18,239.85
2020-03-16,2020-04-03,317.0,put,74.74,75.72,75.23,63.01,0,378,0.01488,-1.0,18,239.85
2020-03-16,2020-04-03,317.5,call,0.09,0.13,0.11,0.12,50,860,0.54169,0.01159,18,239.85
2020-03-16,2020-04-03,317.5,put,75.24,76.22,75.73,65.39,6,562,0.01488,-1.0,18,239.85
2020-03-16,2020-04-03,318.0,call,0.09,0.13,0.11,0.1,1,671,0.54169,0.0112,18,239.85
2020-03-16,2020-04-03,318.0,put,75.74,76.72,76.23,66.27,7,607,0.01488,-1.0,18,239.85
2020-03-16,2020-04-03,319.0,call,0.08,0.12,0.1,0.12,12,1455,0.54169,0.01046,18,239.85
2020-03-16,2020-04-03,319.0,put,76.72,77.69,77.2,79.09,7,394,0.01488,-1.0,18,239.85
2020-03-16,2020-04-03,320.0,call,0.08,0.12,0.1,0.08,96,4460,0.55145,0.01095,18,239.85
2020-03-16,2020-04-03,320.0,put,77.73,78.68,78.21,82.9,28,886,0.01488,-1.0,18,239.85
2020-03-16,2020-04-03,321.0,call,0.07,0.11,0.09,0.11,124,1411,0.54169,0.0091,18,239.85
2020-03-16,2020-04-03,321.0,put,78.71,79.68,79.19,70.36,16,187,0.01488,-1.0,18,239.85
2020-03-16,2020-04-03,322.0,call,0.07,0.11,0.09,0.09,14,493,0.55145,0.00957,18,239.85
2020-03-16,2020-04-03,322.0,put,79.71,80.7,80.2,84.63,122,350,0.01488,-1.0,18,239.85
2020-03-16,2020-04-03,322.5,call,0.06,0.1,0.08,0.08,0,589,0.54169,0.00819,18,239.85
2020-03-16,2020-04-03,322.5,put,80.19,81.2,80.69,72.23,7,128,0.01488,-1.0,18,239.85
2020-03-16,2020-04-03,323.0,call,0.06,0.1,0.08,0.07,2,759,0.55145,0.00894,18,239.85
2020-03-16,2020-04-03,323.0,put,80.92,81.77,81.34,66.56,0,355,0.01488,-1.0,18,239.85
2020-03-16,2020-04-03,324.0,call,0.06,0.1,0.08,0.09,3,769,0.55145,0.00834,18,239.85
2020-03-16,2020-04-03,324.0,put,81.71,82.65,82.18,70.44,0,485,0.01488,-1.0,18,239.85
2020-03-16,2020-04-03,325.0,call,0.05,0.09,0.07,0.08,32,2201,0.55145,0.00779,18,239.85
2020-03-16,2020-04-03,325.0,put,82.71,83.69,83.2,82.04,2,845,0.01488,-1.0,18,239.85
2020-03-16,2020-04-03,326.0,call,0.05,0.09,0.07,0.07,39,797,0.55145,0.00727,18,239.85
2020-03-16,2020-04-03,326.0,put,83.88,84.65,84.27,79.63,5,228,0.01488,-1.0,18,239.85
2020-03-16,2020-04-03,327.0,call,0.05,0.09,0.07,0.08,2,1442,0.56121,0.00768,18,239.85
2020-03-16,2020-04-03,327.0,put,84.68,85.65,85.17,86.1,14,353,0.01488,-1.0,18,239.85
2020-03-16,2020-04-03,327.5,call,0.05,0.08,0.07,0.2,0,325,0.56121,0.00743,18,239.85
2020-03-16,2020-04-03,327.5,put,85.21,86.15,85.68,77.24,4,278,0.01488,-1.0,18,239.85
2020-03-16,2020-04-03,328.0,call,0.04,0.08,0.06,0.08,1,0,0.55145,0.00632,18,239.85
2020-03-16,2020-04-03,328.0,put,85.69,86.64,86.16,72.38,0,565,0.01488,-1.0,18,239.85
2020-03-16,2020-04-03,329.0,call,0.04,0.08,0.06,0.06,72,248,0.56121,0.00671,18,239.85
2020-03-16,2020-04-03,329.0,put,86.89,87.67,87.28,69.64,0,185,0.01488,-1.0,18,239.85
2020-03-16,2020-04-03,330.0,call,0.04,0.07,0.06,0.08,703,2598,0.56121,0.00626,18,239.85
2020-03-16,2020-04-03,330.0,put,87.66,88.68,88.17,68.32,0,634,0.01488,-1.0,18,239.85
2020-03-16,2020-04-03,331.0,call,0.04,0.07,0.06,0.07,0,868,0.57096,0.00664,18,239.85
2020-03-16,2020-04-03,331.0,put,88.68,89.62,89.15,61.89,0,91,0.01488,-1.0,18,239.85
2020-03-16,2020-04-03,332.0,call,0.03,0.07,0.05,0.07,5,551,0.56121,0.00546,18,239.85
2020-03-16,2020-04-03,332.0,put,89.65,90.7,90.18,81.09,0,67,0.01488,-1.0,18,239.85
2020-03-16,2020-04-03,332.5,call,0.03,0.07,0.05,0.06,0,0,0.56121,0.00527,18,239.85
2020-03-16,2020-04-03,332.5,put,90.15,91.17,90.66,22.32,0,141,0.01488,-1.0,18,239.85
2020-03-16,2020-04-03,333.0,call,0.03,0.07,0.05,0.06,111,629,0.56121,0.00509,18,239.85
2020-03-16,2020-04-03,333.0,put,90.65,91.62,91.14,89.11,1,71,0.01488,-1.0,18,239.85
2020-03-16,2020-04-03,334.0,call,0.03,0.07,0.05,0.05,3,0,0.57096,0.00543,18,239.85
2020-03-16,2020-04-03,334.0,put,91.87,92.63,92.25,91.12,1,265,0.01488,-1.0,18,239.85
2020-03-16,2020-04-03,335.0,call,0.05,0.06,0.06,0.06,4,465,0.59047,0.00654,18,239.85
2020-03-16,2020-04-03,335.0,put,92.68,93.65,93.17,78.6,0,1183,0.01488,-1.0,18,239.85
2020-03-16,2020-04-03,336.0,call,0.03,0.06,0.04,0.05,4,639,0.56121,0.00413,18,239.85
2020-03-16,2020-04-03,336.0,put,93.63,94.64,94.13,82.38,0,241,0.01488,-1.0,18,239.85
2020-03-16,2020-04-03,337.0,call,0.02,0.06,0.04,0.06,75,568,0.57096,0.00443,18,239.85
2020-03-16,2020-04-03,337.0,put,94.65,95.61,95.13,92.83,1,1163,0.01488,-1.0,18,239.85
2020-03-16,2020-04-03,337.5,call,0.02,0.06,0.04,0.05,3,0,0.57096,0.00428,18,239.85
2020-03-16,2020-04-03,337.5,put,95.15,96.15,95.65,63.67,0,21,0.01488,-1.0,18,239.85
2020-03-16,2020-04-03,338.0,call,0.02,0.06,0.04,0.03,0,1319,0.57096,0.00413,18,239.85
2020-03-16,2020-04-03,338.0,put,95.86,96.63,96.25,89.5,1,195,0.01488,-1.0,18,239.85
2020-03-16,2020-04-03,339.0,call,0.04,0.06,0.05,0.05,98,542,0.59047,0.00505,18,239.85
2020-03-16,2020-04-03,339.0,put,96.86,97.61,97.23,96.16,1,25,0.01488,-1.0,18,239.85
2020-03-16,2020-04-03,340.0,call,0.02,0.06,0.04,0.05,182,8610,0.58072,0.00414,18,239.85
2020-03-16,2020-04-03,340.0,put,97.63,98.64,98.13,99.36,5,38,0.01488,-1.0,18,239.85
2020-03-16,2020-04-03,341.0,call,0.02,0.06,0.04,0.05,0,1201,0.59047,0.00444,18,239.85
2020-03-16,2020-04-03,341.0,put,98.63,99.6,99.11,33.49,0,3,0.01488,-1.0,18,239.85
2020-03-16,2020-04-03,342.0,call,0.02,0.06,0.04,0.04,0,153,0.59047,0.00415,18,239.85
2020-03-16,2020-04-03,342.0,put,99.63,100.61,100.12,29.76,0,9,0.01488,-1.0,18,239.85
2020-03-16,2020-04-03,342.5,call,0.02,0.06,0.04,0.04,0,154,0.59047,0.00402,18,239.85
2020-03-16,2020-04-03,342.5,put,100.14,101.13,100.63,85.99,0,7,0.01488,-1.0,18,239.85
2020-03-16,2020-04-03,343.0,call,0.02,0.05,0.04,0.08,0,0,0.60023,0.00445,18,239.85
2020-03-16,2020-04-03,343.0,put,100.85,101.6,101.22,27.85,0,55,0.01488,-1.0,18,239.85
2020-03-16,2020-04-03,344.0,call,0.02,0.05,0.04,0.05,50,490,0.60023,0.00417,18,239.85
2020-03-16,2020-04-03,344.0,put,100.6,103.5,102.05,0.0,0,0,0.01488,-1.0,18,239.85
2020-03-16,2020-04-03,345.0,call,0.03,0.05,0.04,0.02,24,1484,0.60023,0.00391,18,239.85
2020-03-16,2020-04-03,345.0,put,101.6,104.5,103.05,65.99,0,4,0.01488,-1.0,18,239.85
2020-03-16,2020-04-03,346.0,call,0.01,0.05,0.03,0.04,0,1559,0.59047,0.00319,18,239.85
2020-03-16,2020-04-03,346.0,put,102.6,105.5,104.05,0.0,0,0,0.01488,-1.0,18,239.85
2020-03-16,2020-04-03,347.0,call,0.01,0.05,0.03,0.04,0,246,0.60023,0.00343,18,239.85
2020-03-16,2020-04-03,347.0,put,103.6,106.49,105.04,0.0,0,0,0.01488,-1.0,18,239.85
2020-03-16,2020-04-03,347.5,call,0.01,0.05,0.03,0.02,0,525,0.60023,0.00332,18,239.85
2020-03-16,2020-04-03,347.5,put,104.09,106.99,105.54,0.0,0,0,0.01488,-1.0,18,239.85
2020-03-16,2020-04-03,348.0,call,0.01,0.05,0.03,0.03,0,722,0.60023,0.00322,18,239.85
2020-03-16,2020-04-03,348.0,put,104.59,107.49,106.04,44.0,0,1,0.01488,-1.0,18,239.85
2020-03-16,2020-04-03,349.0,call,0.01,0.05,0.03,0.04,1,1573,0.60023,0.00301,18,239.85
2020-03-16,2020-04-03,349.0,put,105.59,108.49,107.04,0.0,0,0,0.01488,-1.0,18,239.85
2020-03-16,2020-04-03,350.0,call,0.01,0.05,0.03,0.06,2,1792,0.60999,0.00325,18,239.85
2020-03-16,2020-04-03,350.0,put,106.59,109.49,108.04,50.65,0,13,0.01488,-1.0,18,239.85
2020-03-16,2020-04-03,351.0,call,0.01,0.05,0.03,0.05,6,99,0.60999,0.00305,18,239.85
2020-03-16,2020-04-03,351.0,put,107.59,110.49,109.04,0.0,0,0,0.01488,-1.0,18,239.85
2020-03-16,2020-04-03,352.0,call,0.01,0.04,0.03,0.01,0,260,0.61974,0.00329,18,239.85
2020-03-16,2020-04-03,352.0,put,108.59,111.49,110.04,0.0,0,0,0.01488,-1.0,18,239.85
2020-03-16,2020-04-03,352.5,call,0.01,0.04,0.03,0.04,3,61,0.61974,0.00319,18,239.85
2020-03-16,2020-04-03,352.5,put,109.09,111.99,110.54,0.0,0,0,0.01488,-1.0,18,239.85
2020-03-16,2020-04-03,353.0,call,0.01,0.03,0.02,0.03,7,291,0.60023,0.00232,18,239.85
2020-03-16,2020-04-03,353.0,put,109.59,112.49,111.04,0.0,0,0,0.01488,-1.0,18,239.85
2020-03-16,2020-04-03,354.0,call,0.01,0.04,0.03,0.0,0,74,0.61974,0.0029,18,239.85
2020-03-16,2020-04-03,354.0,put,110.59,113.49,112.04,0.0,0,0,0.01488,-1.0,18,239.85
2020-03-16,2020-04-03,355.0,call,0.01,0.04,0.03,0.02,0,0,0.6295,0.00313,18,239.85
2020-03-16,2020-04-03,355.0,put,111.59,114.48,113.03,0.0,0,0,0.01488,-1.0,18,239.85
2020-03-16,2020-04-03,356.0,put,112.59,115.48,114.03,0.0,0,0,0.01488,-1.0,18,239.85
2020-03-16,2020-04-03,357.0,put,113.59,116.48,115.03,0.0,0,0,0.01488,-1.0,18,239.85
2020-03-16,2020-04-03,357.5,put,114.09,116.98,115.53,0.0,0,0,0.01488,-1.0,18,239.85
2020-03-16,2020-04-03,358.0,put,114.59,117.48,116.03,0.0,0,0,0.01488,-1.0,18,239.85
2020-03-16,2020-04-03,359.0,put,115.58,118.48,117.03,49.28,0,1,0.01488,-1.0,18,239.85
2020-03-16,2020-04-03,360.0,put,116.58,119.48,118.03,0.0,0,0,0.01488,-1.0,18,239.85
2020-03-16,2020-04-03,361.0,put,117.58,120.48,119.03,0.0,0,0,0.01488,-1.0,18,239.85
2020-03-16,2020-04-03,362.0,put,118.58,121.48,120.03,0.0,0,0,0.01488,-1.0,18,239.85
2020-03-16,2020-04-03,362.5,put,119.08,121.98,120.53,0.0,0,0,0.01488,-1.0,18,239.85
2020-03-16,2020-04-03,363.0,put,119.58,122.48,121.03,0.0,0,0,0.01488,-1.0,18,239.85
2020-03-16,2020-04-03,364.0,put,120.58,123.48,122.03,0.0,0,0,0.01488,-1.0,18,239.85
2020-03-16,2020-04-03,365.0,put,121.58,124.47,123.03,0.0,0,0,0.01488,-1.0,18,239.85
2020-03-16,2020-04-03,366.0,put,122.58,125.47,124.03,0.0,0,0,0.01488,-1.0,18,239.85
2020-03-16,2020-04-03,367.0,put,123.58,126.47,125.03,0.0,0,0,0.01488,-1.0,18,239.85
2020-03-16,2020-04-03,367.5,put,124.08,126.97,125.53,0.0,0,0,0.01488,-1.0,18,239.85
2020-03-16,2020-04-03,370.0,put,126.58,129.47,128.03,0.0,0,0,0.01488,-1.0,18,239.85
2020-03-16,2020-04-03,372.5,put,129.08,131.97,130.53,0.0,0,0,0.01488,-1.0,18,239.85
2020-03-16,2020-04-03,375.0,put,131.57,134.47,133.02,0.0,0,0,0.01488,-1.0,18,239.85
2020-03-16,2020-04-06,130.0,call,112.02,114.86,113.44,0.0,0,0,1.94654,0.93889,21,239.85
2020-03-16,2020-04-06,130.0,put,0.38,0.42,0.4,0.39,493,0,1.25387,-0.01436,21,239.85
2020-03-16,2020-04-06,135.0,call,107.0,109.83,108.41,0.0,0,0,1.83922,0.93621,21,239.85
2020-03-16,2020-04-06,135.0,put,0.47,0.52,0.49,0.59,358,224,1.2246,-0.01769,21,239.85
2020-03-16,2020-04-06,140.0,call,102.05,104.85,103.45,0.0,0,0,1.75142,0.93214,21,239.85
2020-03-16,2020-04-06,140.0,put,0.57,0.63,0.6,0.73,346,118,1.19534,-0.02161,21,239.85
2020-03-16,2020-04-06,145.0,call,97.14,99.91,98.53,0.0,0,0,1.66362,0.92801,21,239.85
2020-03-16,2020-04-06,145.0,put,0.71,0.77,0.74,0.9,271,123,1.16607,-0.02621,21,239.85
2020-03-16,2020-04-06,150.0,call,92.23,94.96,93.59,0.0,0,0,1.58557,0.92288,21,239.85
2020-03-16,2020-04-06,150.0,put,0.87,0.94,0.91,0.92,715,51,1.1368,-0.03157,21,239.85
2020-03-16,2020-04-06,155.0,call,87.36,90.05,88.7,0.0,0,0,1.50752,0.91752,21,239.85
2020-03-16,2020-04-06,155.0,put,1.07,1.15,1.11,1.36,267,419,1.11729,-0.0389,21,239.85
2020-03-16,2020-04-06,160.0,call,82.53,85.18,83.86,0.0,0,0,1.43923,0.91081,21,239.85
2020-03-16,2020-04-06,160.0,put,1.32,1.41,1.36,1.68,620,1490,1.09778,-0.04749,21,239.85
2020-03-16,2020-04-06,165.0,call,77.76,80.36,79.06,82.85,5,1,1.3807,0.90243,21,239.85
2020-03-16,2020-04-06,165.0,put,1.62,1.72,1.67,2.03,428,1992,1.07827,-0.05749,21,239.85
2020-03-16,2020-04-06,170.0,call,73.07,75.6,74.33,78.1,5,0,1.32216,0.89332,21,239.85
2020-03-16,2020-04-06,170.0,put,1.99,2.09,2.04,2.15,304,287,1.05875,-0.06904,21,239.85
2020-03-16,2020-04-06,175.0,call,68.46,70.92,69.69,0.0,0,0,1.27338,0.88204,21,239.85
2020-03-16,2020-04-06,175.0,put,2.42,2.53,2.47,2.96,661,197,1.03924,-0.0823,21,239.85
2020-03-16,2020-04-06,180.0,call,63.94,66.33,65.13,0.0,0,0,1.2246,0.86962,21,239.85
2020-03-16,2020-04-06,180.0,put,2.92,3.06,2.99,3.12,434,233,1.01973,-0.0974,21,239.85
2020-03-16,2020-04-06,185.0,call,59.52,61.83,60.67,0.0,0,0,1.18558,0.85446,21,239.85
2020-03-16,2020-04-06,185.0,put,3.5,3.66,3.58,3.85,153,209,1.00022,-0.11452,21,239.85
2020-03-16,2020-04-06,190.0,call,55.21,57.44,56.33,0.0,0,0,1.14656,0.83774,21,239.85
2020-03-16,2020-04-06,190.0,put,4.2,4.38,4.29,4.47,271,260,0.98071,-0.13378,21,239.85
2020-03-16,2020-04-06,195.0,call,51.01,53.16,52.08,0.0,0,0,1.11729,0.81779,21,239.85
2020-03-16,2020-04-06,195.0,put,4.98,5.18,5.08,5.96,220,263,0.97095,-0.15722,21,239.85
2020-03-16,2020-04-06,200.0,call,46.93,49.0,47.97,56.41,0,10,1.07827,0.79741,21,239.85
2020-03-16,2020-04-06,200.0,put,5.87,6.1,5.98,6.3,1598,1058,0.95144,-0.18117,21,239.85
2020-03-16,2020-04-06,205.0,call,42.98,44.96,43.97,0.0,0,0,1.05875,0.7721,21,239.85
2020-03-16,2020-04-06,205.0,put,6.87,7.13,7.0,7.37,944,711,0.93193,-0.2076,21,239.85
2020-03-16,2020-04-06,210.0,call,39.15,41.06,40.11,46.16,0,10,1.02949,0.7461,21,239.85
2020-03-16,2020-04-06,210.0,put,8.0,8.28,8.14,9.55,437,1618,0.91242,-0.23657,21,239.85
2020-03-16,2020-04-06,215.0,call,35.42,37.25,36.34,42.19,0,10,1.00022,0.71784,21,239.85
2020-03-16,2020-04-06,215.0,put,9.26,9.57,9.41,10.69,149,233,0.89291,-0.26814,21,239.85
2020-03-16,2020-04-06,220.0,call,32.5,33.21,32.86,0.0,0,0,0.98071,0.68633,21,239.85
2020-03-16,2020-04-06,220.0,put,10.65,10.99,10.82,12.5,2548,608,0.87339,-0.3023,21,239.85
2020-03-16,2020-04-06,225.0,call,29.08,29.74,29.41,31.57,0,10,0.95144,0.6535,21,239.85
2020-03-16,2020-04-06,225.0,put,12.2,12.56,12.38,14.15,242,227,0.85388,-0.33901,21,239.85
2020-03-16,2020-04-06,230.0,call,25.8,26.44,26.12,26.95,4,0,0.93193,0.61791,21,239.85
2020-03-16,2020-04-06,230.0,put,13.89,14.29,14.09,14.47,3367,1971,0.83437,-0.37816,21,239.85
2020-03-16,2020-04-06,231.0,call,25.11,25.85,25.48,0.0,0,0,0.92217,0.61073,21,239.85
2020-03-16,2020-04-06,231.0,put,14.2,14.68,14.44,15.0,18,0,0.82461,-0.38602,21,239.85
2020-03-16,2020-04-06,232.0,call,24.48,25.22,24.85,0.0,0,0,0.92217,0.60322,21,239.85
2020-03-16,2020-04-06,232.0,put,14.57,15.05,14.81,13.97,15,8,0.82461,-0.3944,21,239.85
2020-03-16,2020-04-06,233.0,call,23.86,24.59,24.23,0.0,0,0,0.91242,0.5958,21,239.85
2020-03-16,2020-04-06,233.0,put,14.93,15.42,15.18,15.46,3,7,0.81486,-0.40257,21,239.85
2020-03-16,2020-04-06,234.0,call,23.24,23.96,23.6,0.0,0,0,0.90266,0.58822,21,239.85
2020-03-16,2020-04-06,234.0,put,15.31,15.8,15.55,17.68,7,6,0.81486,-0.41107,21,239.85
2020-03-16,2020-04-06,235.0,call,22.67,23.29,22.98,21.67,4,2,0.90266,0.58054,21,239.85
2020-03-16,2020-04-06,235.0,put,15.73,16.16,15.95,18.24,192,470,0.8051,-0.41953,21,239.85
2020-03-16,2020-04-06,236.0,call,22.09,22.73,22.41,21.42,10,4,0.90266,0.57286,21,239.85
2020-03-16,2020-04-06,236.0,put,16.08,16.59,16.34,18.5,44,4,0.8051,-0.42815,21,239.85
2020-03-16,2020-04-06,237.0,call,21.43,22.13,21.78,19.43,4,4,0.89291,0.56497,21,239.85
2020-03-16,2020-04-06,237.0,put,16.47,16.99,16.73,19.16,31,23,0.79535,-0.43691,21,239.85
2020-03-16,2020-04-06,238.0,call,20.9,21.53,21.21,0.0,0,0,0.88315,0.55691,21,239.85
2020-03-16,2020-04-06,238.0,put,16.88,17.4,17.14,19.01,26,15,0.79535,-0.44562,21,239.85
2020-03-16,2020-04-06,239.0,call,20.26,20.94,20.6,0.0,0,0,0.88315,0.54909,21,239.85
2020-03-16,2020-04-06,239.0,put,17.28,17.81,17.55,18.33,45,3,0.78559,-0.45469,21,239.85
2020-03-16,2020-04-06,240.0,call,19.76,20.3,20.03,18.11,20,1,0.87339,0.5408,21,239.85
2020-03-16,2020-04-06,240.0,put,17.74,18.21,17.98,18.47,1559,370,0.78559,-0.46348,21,239.85
2020-03-16,2020-04-06,241.0,call,19.17,19.78,19.48,0.0,0,0,0.87339,0.53292,21,239.85
2020-03-16,2020-04-06,241.0,put,18.12,18.66,18.39,20.79,7,1,0.77583,-0.47285,21,239.85
2020-03-16,2020-04-06,242.0,call,18.61,19.21,18.91,18.39,83,0,0.86364,0.5244,21,239.85
2020-03-16,2020-04-06,242.0,put,18.55,19.1,18.83,20.2,63,7,0.77583,-0.48171,21,239.85
2020-03-16,2020-04-06,243.0,call,18.03,18.64,18.34,16.5,16,0,0.86364,0.51647,21,239.85
2020-03-16,2020-04-06,243.0,put,18.98,19.54,19.26,21.5,94,23,0.76608,-0.49136,21,239.85
2020-03-16,2020-04-06,244.0,call,17.5,18.09,17.8,17.52,1,0,0.85388,0.50772,21,239.85
2020-03-16,2020-04-06,244.0,put,19.42,19.99,19.7,21.1,223,74,0.75632,-0.50122,21,239.85
2020-03-16,2020-04-06,245.0,call,16.94,17.48,17.21,16.32,199,12,0.85388,0.49975,21,239.85
2020-03-16,2020-04-06,245.0,put,19.92,20.41,20.16,22.08,269,794,0.75632,-0.51021,21,239.85
2020-03-16,2020-04-06,246.0,call,16.42,16.99,16.7,16.01,44,0,0.84413,0.49079,21,239.85
2020-03-16,2020-04-06,246.0,put,20.32,20.91,20.62,21.06,70,25,0.74657,-0.52035,21,239.85
2020-03-16,2020-04-06,247.0,call,15.89,16.45,16.17,17.71,35,25,0.84413,0.4828,21,239.85
2020-03-16,2020-04-06,247.0,put,20.3,21.97,21.13,21.25,50,33,0.74657,-0.52937,21,239.85
2020-03-16,2020-04-06,248.0,call,15.31,15.92,15.62,14.83,30,1,0.83437,0.47362,21,239.85
2020-03-16,2020-04-06,248.0,put,20.68,22.45,21.56,21.0,165,65,0.73681,-0.53978,21,239.85
2020-03-16,2020-04-06,249.0,call,14.85,15.4,15.12,13.49,2,25,0.82461,0.46428,21,239.85
2020-03-16,2020-04-06,249.0,put,21.15,22.94,22.05,24.02,11,10,0.73681,-0.54881,21,239.85
2020-03-16,2020-04-06,250.0,call,14.34,14.83,14.59,13.5,881,794,0.82461,0.45624,21,239.85
2020-03-16,2020-04-06,250.0,put,21.63,23.44,22.54,25.0,315,5637,0.72706,-0.55948,21,239.85
2020-03-16,2020-04-06,251.0,call,13.84,14.37,14.11,13.9,58,0,0.81486,0.44669,21,239.85
2020-03-16,2020-04-06,251.0,put,22.11,23.94,23.02,24.19,22,52,0.7173,-0.57034,21,239.85
2020-03-16,2020-04-06,252.0,call,13.34,13.87,13.61,15.31,1,2,0.81486,0.43866,21,239.85
2020-03-16,2020-04-06,252.0,put,22.67,24.45,23.56,26.1,74,97,0.7173,-0.5794,21,239.85
2020-03-16,2020-04-06,253.0,call,12.8,13.37,13.09,12.33,8,3,0.8051,0.42893,21,239.85
2020-03-16,2020-04-06,253.0,put,23.1,24.97,24.04,24.9,95,492,0.70754,-0.59049,21,239.85
2020-03-16,2020-04-06,254.0,call,12.32,12.89,12.61,15.13,7,53,0.79535,0.41905,21,239.85
2020-03-16,2020-04-06,254.0,put,23.6,25.49,24.55,26.8,286,490,0.69779,-0.60177,21,239.85
2020-03-16,2020-04-06,255.0,call,11.9,12.35,12.12,13.79,1644,1538,0.79535,0.41102,21,239.85
2020-03-16,2020-04-06,255.0,put,24.11,26.02,25.06,27.05,122,268,0.69779,-0.6108,21,239.85
2020-03-16,2020-04-06,256.0,call,11.43,11.93,11.68,13.6,36,98,0.78559,0.40097,21,239.85
2020-03-16,2020-04-06,256.0,put,24.69,26.65,25.67,25.8,48,95,0.68803,-0.62228,21,239.85
2020-03-16,2020-04-06,257.0,call,10.97,11.46,11.21,13.46,18,20,0.77583,0.39078,21,239.85
2020-03-16,2020-04-06,257.0,put,25.21,27.19,26.2,25.45,19,142,0.68803,-0.63122,21,239.85
2020-03-16,2020-04-06,258.0,call,10.47,10.99,10.73,10.15,6,102,0.77583,0.38279,21,239.85
2020-03-16,2020-04-06,258.0,put,25.74,27.75,26.74,29.5,10,44,0.67828,-0.64287,21,239.85
2020-03-16,2020-04-06,259.0,call,10.07,10.54,10.3,11.5,5,335,0.76608,0.37245,21,239.85
2020-03-16,2020-04-06,259.0,put,26.28,28.31,27.3,29.0,7,15,0.66852,-0.65467,21,239.85
2020-03-16,2020-04-06,260.0,call,9.63,10.04,9.84,8.45,837,920,0.75632,0.36198,21,239.85
2020-03-16,2020-04-06,260.0,put,26.77,28.81,27.79,29.25,166,381,0.65876,-0.66662,21,239.85
2020-03-16,2020-04-06,261.0,call,9.15,9.65,9.4,15.38,0,150,0.75632,0.35408,21,239.85
2020-03-16,2020-04-06,261.0,put,27.32,29.39,28.36,24.0,4,96,0.64901,-0.67871,21,239.85
2020-03-16,2020-04-06,262.0,call,8.77,9.21,8.99,12.6,15,101,0.74657,0.3435,21,239.85
2020-03-16,2020-04-06,262.0,put,27.88,29.94,28.91,27.17,13,15,0.63925,-0.69092,21,239.85
2020-03-16,2020-04-06,263.0,call,8.31,8.79,8.55,11.2,28,205,0.73681,0.33281,21,239.85
2020-03-16,2020-04-06,263.0,put,28.44,30.53,29.48,24.5,1,12,0.6295,-0.70325,21,239.85
2020-03-16,2020-04-06,264.0,call,7.94,8.36,8.15,7.7,13,40,0.73681,0.32504,21,239.85
2020-03-16,2020-04-06,264.0,put,29.12,31.26,30.19,25.71,2,284,0.6295,-0.71189,21,239.85
2020-03-16,2020-04-06,265.0,call,7.55,7.91,7.73,6.75,44,322,0.72706,0.31428,21,239.85
2020-03-16,2020-04-06,265.0,put,29.6,31.82,30.71,31.3,20,353,0.61974,-0.72425,21,239.85
2020-03-16,2020-04-06,266.0,call,7.1,7.51,7.3,9.83,201,219,0.7173,0.30342,21,239.85
2020-03-16,2020-04-06,266.0,put,30.19,32.44,31.31,28.17,2,15,0.60999,-0.73668,21,239.85
2020-03-16,2020-04-06,267.0,call,6.75,7.11,6.93,16.28,0,222,0.70754,0.29248,21,239.85
2020-03-16,2020-04-06,267.0,put,30.89,33.17,32.03,28.2,2,142,0.60999,-0.74498,21,239.85
2020-03-16,2020-04-06,268.0,call,6.37,6.72,6.54,6.91,22,321,0.69779,0.28147,21,239.85
2020-03-16,2020-04-06,268.0,put,31.48,33.79,32.63,30.03,3,142,0.59047,-0.76167,21,239.85
2020-03-16,2020-04-06,269.0,call,6.0,6.34,6.17,5.15,5,454,0.69779,0.27401,21,239.85
2020-03-16,2020-04-06,269.0,put,31.97,34.38,33.17,34.0,8,30,0.58072,-0.7742,21,239.85
2020-03-16,2020-04-06,270.0,call,5.64,5.97,5.8,5.13,62,75,0.68803,0.26301,21,239.85
2020-03-16,2020-04-06,270.0,put,32.67,35.03,33.85,32.72,64,283,0.57096,-0.78671,21,239.85
2020-03-16,2020-04-06,271.0,call,5.3,5.61,5.46,5.36,2,9,0.67828,0.25197,21,239.85
2020-03-16,2020-04-06,271.0,put,33.22,35.69,34.45,31.25,6,525,0.56121,-0.79918,21,239.85
2020-03-16,2020-04-06,272.0,call,4.95,5.26,5.11,5.14,7,495,0.66852,0.24091,21,239.85
2020-03-16,2020-04-06,272.0,put,33.98,36.41,35.19,35.0,1,406,0.55145,-0.81159,21,239.85
2020-03-16,2020-04-06,273.0,call,4.61,4.91,4.76,5.35,2,417,0.65876,0.22984,21,239.85
2020-03-16,2020-04-06,273.0,put,34.63,37.09,35.86,28.05,0,6,0.54169,-0.82389,21,239.85
2020-03-16,2020-04-06,274.0,call,4.29,4.58,4.44,5.43,10,13,0.65876,0.22288,21,239.85
2020-03-16,2020-04-06,274.0,put,35.29,37.78,36.53,30.99,0,18,0.52218,-0.8411,21,239.85
2020-03-16,2020-04-06,275.0,call,3.98,4.26,4.12,3.34,235,575,0.64901,0.21193,21,239.85
2020-03-16,2020-04-06,275.0,put,35.91,38.43,37.17,40.59,14,125,0.51243,-0.85314,21,239.85
2020-03-16,2020-04-06,276.0,call,3.69,3.96,3.83,3.59,9,7,0.63925,0.20103,21,239.85
2020-03-16,2020-04-06,276.0,put,36.59,38.0,37.3,36.4,3,39,0.44414,-0.89674,21,239.85
2020-03-16,2020-04-06,277.0,call,3.4,3.66,3.53,7.29,5,70,0.6295,0.19017,21,239.85
2020-03-16,2020-04-06,277.0,put,37.23,39.82,38.52,38.86,12,33,0.4734,-0.88689,21,239.85
2020-03-16,2020-04-06,278.0,call,3.14,3.38,3.26,3.85,12,157,0.61974,0.1794,21,239.85
2020-03-16,2020-04-06,278.0,put,37.93,40.55,39.24,40.48,14,75,0.45389,-0.90321,21,239.85
2020-03-16,2020-04-06,279.0,call,2.88,3.11,3.0,5.85,7,108,0.60999,0.16872,21,239.85
2020-03-16,2020-04-06,279.0,put,38.64,41.3,39.97,43.47,2,20,0.43438,-0.91889,21,239.85
2020-03-16,2020-04-06,280.0,call,2.65,2.85,2.75,2.65,89,228,0.60023,0.15816,21,239.85
2020-03-16,2020-04-06,280.0,put,39.37,42.05,40.71,41.5,73,697,0.40511,-0.93855,21,239.85
2020-03-16,2020-04-06,281.0,call,2.4,2.61,2.5,1.95,16,50,0.59047,0.14775,21,239.85
2020-03-16,2020-04-06,281.0,put,40.11,42.82,41.47,36.01,1,4,0.37584,-0.95634,21,239.85
2020-03-16,2020-04-06,282.0,call,2.17,2.38,2.27,1.85,4,0,0.59047,0.14204,21,239.85
2020-03-16,2020-04-06,282.0,put,40.86,43.6,42.23,39.06,1,47,0.31731,-0.98156,21,239.85
2020-03-16,2020-04-06,283.0,call,1.97,2.16,2.06,2.63,6,64,0.58072,0.132,21,239.85
2020-03-16,2020-04-06,283.0,put,41.63,44.4,43.02,31.0,0,133,0.01488,-1.0,21,239.85
2020-03-16,2020-04-06,284.0,call,1.78,1.95,1.86,1.43,10,111,0.57096,0.12217,21,239.85
2020-03-16,2020-04-06,284.0,put,42.48,45.28,43.88,47.47,3,266,0.01488,-1.0,21,239.85
2020-03-16,2020-04-06,285.0,call,1.6,1.76,1.68,1.61,218,330,0.56121,0.11258,21,239.85
2020-03-16,2020-04-06,285.0,put,43.28,46.1,44.69,48.51,6,381,0.01488,-1.0,21,239.85
2020-03-16,2020-04-06,286.0,call,1.44,1.59,1.52,2.21,6,215,0.55145,0.10326,21,239.85
2020-03-16,2020-04-06,286.0,put,44.1,46.94,45.52,42.7,2,9,0.01488,-1.0,21,239.85
2020-03-16,2020-04-06,287.0,call,1.29,1.43,1.36,1.19,170,102,0.55145,0.0986,21,239.85
2020-03-16,2020-04-06,287.0,put,44.93,47.78,46.36,43.28,26,187,0.01488,-1.0,21,239.85
2020-03-16,2020-04-06,288.0,call,1.15,1.28,1.21,1.06,12,20,0.54169,0.08981,21,239.85
2020-03-16,2020-04-06,288.0,put,45.78,48.65,47.22,36.0,0,131,0.01488,-1.0,21,239.85
2020-03-16,2020-04-06,289.0,call,1.02,1.16,1.09,0.95,9,27,0.53194,0.08135,21,239.85
2020-03-16,2020-04-06,289.0,put,46.64,49.52,48.08,20.51,0,6,0.01488,-1.0,21,239.85
2020-03-16,2020-04-06,290.0,call,0.91,1.04,0.98,0.74,74,168,0.53194,0.07735,21,239.85
2020-03-16,2020-04-06,290.0,put,47.5,50.38,48.94,49.6,4,449,0.01488,-1.0,21,239.85
2020-03-16,2020-04-06,291.0,call,0.81,0.93,0.87,1.13,10,18,0.52218,0.06949,21,239.85
2020-03-16,2020-04-06,291.0,put,48.4,51.28,49.84,42.31,0,20,0.01488,-1.0,21,239.85
2020-03-16,2020-04-06,292.0,call,0.72,0.83,0.77,1.11,10,139,0.51243,0.06202,21,239.85
2020-03-16,2020-04-06,292.0,put,49.31,52.19,50.75,23.52,0,41,0.01488,-1.0,21,239.85
2020-03-16,2020-04-06,293.0,call,0.65,0.75,0.7,0.52,152,40,0.51243,0.05869,21,239.85
2020-03-16,2020-04-06,293.0,put,50.23,53.11,51.67,19.68,0,110,0.01488,-1.0,21,239.85
2020-03-16,2020-04-06,294.0,call,0.58,0.67,0.62,0.9,330,65,0.50267,0.05188,21,239.85
2020-03-16,2020-04-06,294.0,put,51.16,54.04,52.6,51.58,2,30,0.01488,-1.0,21,239.85
2020-03-16,2020-04-06,295.0,call,0.52,0.61,0.56,0.47,66,123,0.50267,0.04896,21,239.85
2020-03-16,2020-04-06,295.0,put,52.1,54.98,53.54,51.85,7,326,0.01488,-1.0,21,239.85
2020-03-16,2020-04-06,296.0,call,0.47,0.55,0.51,0.39,21,43,0.50267,0.04618,21,239.85
2020-03-16,2020-04-06,296.0,put,53.05,55.93,54.49,31.89,0,5,0.01488,-1.0,21,239.85
2020-03-16,2020-04-06,297.0,call,0.43,0.5,0.46,0.66,108,103,0.49292,0.04029,21,239.85
2020-03-16,2020-04-06,297.0,put,54.0,56.89,55.45,38.4,0,12,0.01488,-1.0,21,239.85
2020-03-16,2020-04-06,298.0,call,0.39,0.46,0.43,0.87,17,0,0.49292,0.03789,21,239.85
2020-03-16,2020-04-06,298.0,put,54.96,57.85,56.41,19.91,0,169,0.01488,-1.0,21,239.85
2020-03-16,2020-04-06,299.0,call,0.36,0.43,0.4,0.31,179,140,0.49292,0.03561,21,239.85
2020-03-16,2020-04-06,299.0,put,55.93,58.82,57.38,25.15,0,10,0.01488,-1.0,21,239.85
2020-03-16,2020-04-06,300.0,call,0.33,0.4,0.36,0.31,1193,2507,0.49292,0.03345,21,239.85
2020-03-16,2020-04-06,300.0,put,56.9,59.79,58.34,52.56,2,551,0.01488,-1.0,21,239.85
2020-03-16,2020-04-06,301.0,call,0.3,0.37,0.33,0.32,59,519,0.49292,0.03141,21,239.85
2020-03-16,2020-04-06,301.0,put,57.87,60.76,59.31,58.06,2,67,0.01488,-1.0,21,239.85
2020-03-16,2020-04-06,302.0,call,0.28,0.34,0.31,0.29,3,456,0.49292,0.02948,21,239.85
2020-03-16,2020-04-06,302.0,put,58.84,61.74,60.29,47.84,0,37,0.01488,-1.0,21,239.85
2020-03-16,2020-04-06,303.0,call,0.26,0.32,0.29,0.26,29,185,0.49292,0.02765,21,239.85
2020-03-16,2020-04-06,303.0,put,59.82,62.72,61.27,58.52,2,84,0.01488,-1.0,21,239.85
2020-03-16,2020-04-06,304.0,call,0.24,0.3,0.27,0.45,12,422,0.49292,0.02593,21,239.85
2020-03-16,2020-04-06,304.0,put,60.8,63.7,62.25,50.5,0,39,0.01488,-1.0,21,239.85
2020-03-16,2020-04-06,305.0,call,0.23,0.28,0.26,0.25,22,444,0.49292,0.0243,21,239.85
2020-03-16,2020-04-06,305.0,put,61.79,64.69,63.24,50.4,0,168,0.01488,-1.0,21,239.85
2020-03-16,2020-04-06,306.0,call,0.21,0.27,0.24,0.23,27,234,0.49292,0.02276,21,239.85
2020-03-16,2020-04-06,306.0,put,62.77,65.67,64.22,57.55,0,108,0.01488,-1.0,21,239.85
2020-03-16,2020-04-06,307.0,call,0.2,0.25,0.23,0.18,5,100,0.50267,0.02353,21,239.85
2020-03-16,2020-04-06,307.0,put,63.76,66.66,65.21,53.3,0,73,0.01488,-1.0,21,239.85
2020-03-16,2020-04-06,308.0,call,0.19,0.24,0.21,0.24,62,420,0.49292,0.01995,21,239.85
2020-03-16,2020-04-06,308.0,put,64.75,67.65,66.2,53.64,0,52,0.01488,-1.0,21,239.85
2020-03-16,2020-04-06,309.0,call,0.18,0.23,0.21,0.17,18,258,0.50267,0.0207,21,239.85
2020-03-16,2020-04-06,309.0,put,65.73,68.64,67.19,64.86,5,48,0.01488,-1.0,21,239.85
2020-03-16,2020-04-06,310.0,call,0.17,0.21,0.19,0.14,372,473,0.50267,0.0194,21,239.85
2020-03-16,2020-04-06,310.0,put,66.72,69.63,68.17,65.0,1,62,0.01488,-1.0,21,239.85
2020-03-16,2020-04-06,311.0,call,0.15,0.2,0.17,0.2,5,264,0.49292,0.0163,21,239.85
2020-03-16,2020-04-06,311.0,put,67.72,70.62,69.17,57.98,0,10,0.01488,-1.0,21,239.85
2020-03-16,2020-04-06,312.0,call,0.14,0.19,0.17,0.1,0,54,0.50267,0.01702,21,239.85
2020-03-16,2020-04-06,312.0,put,68.71,71.62,70.16,37.14,0,25,0.01488,-1.0,21,239.85
2020-03-16,2020-04-06,313.0,call,0.14,0.18,0.16,0.5,105,114,0.50267,0.01593,21,239.85
2020-03-16,2020-04-06,313.0,put,69.7,72.61,71.16,40.44,0,33,0.01488,-1.0,21,239.85
2020-03-16,2020-04-06,314.0,call,0.13,0.18,0.15,0.48,24,179,0.50267,0.0149,21,239.85
2020-03-16,2020-04-06,314.0,put,70.69,73.6,72.14,66.12,1,1,0.01488,-1.0,21,239.85
2020-03-16,2020-04-06,315.0,call,0.12,0.17,0.15,0.14,19,261,0.51243,0.01559,21,239.85
2020-03-16,2020-04-06,315.0,put,71.68,74.59,73.14,62.91,0,29,0.01488,-1.0,21,239.85
2020-03-16,2020-04-06,316.0,call,0.11,0.16,0.14,0.11,2,193,0.51243,0.0146,21,239.85
2020-03-16,2020-04-06,316.0,put,72.68,75.59,74.14,0.0,0,0,0.01488,-1.0,21,239.85
2020-03-16,2020-04-06,317.0,call,0.1,0.15,0.12,0.2,2,28,0.50267,0.01218,21,239.85
2020-03-16,2020-04-06,317.0,put,73.67,76.58,75.12,0.0,0,0,0.01488,-1.0,21,239.85
2020-03-16,2020-04-06,318.0,call,0.1,0.14,0.12,0.14,0,25,0.51243,0.01281,21,239.85
2020-03-16,2020-04-06,318.0,put,74.67,77.58,76.12,26.7,0,1,0.01488,-1.0,21,239.85
2020-03-16,2020-04-06,319.0,call,0.09,0.14,0.12,0.13,50,250,0.51243,0.01199,21,239.85
2020-03-16,2020-04-06,319.0,put,75.66,78.57,77.11,0.0,0,0,0.01488,-1.0,21,239.85
2020-03-16,2020-04-06,320.0,call,0.08,0.1,0.09,0.12,12,496,0.50267,0.00991,21,239.85
2020-03-16,2020-04-06,320.0,put,76.66,79.57,78.11,46.82,0,25,0.01488,-1.0,21,239.85
2020-03-16,2020-04-06,321.0,call,0.08,0.13,0.11,0.09,11,69,0.52218,0.01182,21,239.85
2020-03-16,2020-04-06,321.0,put,77.65,80.56,79.11,30.05,0,1,0.01488,-1.0,21,239.85
2020-03-16,2020-04-06,322.0,call,0.07,0.12,0.1,0.08,22,23,0.51243,0.00981,21,239.85
2020-03-16,2020-04-06,322.0,put,78.65,81.56,80.11,30.81,0,2,0.01488,-1.0,21,239.85
2020-03-16,2020-04-06,323.0,call,0.07,0.12,0.1,0.1,0,337,0.52218,0.01037,21,239.85
2020-03-16,2020-04-06,323.0,put,79.65,82.56,81.11,81.2,1,0,0.01488,-1.0,21,239.85
2020-03-16,2020-04-06,324.0,call,0.06,0.11,0.08,0.07,0,379,0.51243,0.00856,21,239.85
2020-03-16,2020-04-06,324.0,put,80.64,83.55,82.09,0.0,0,0,0.01488,-1.0,21,239.85
2020-03-16,2020-04-06,325.0,call,0.06,0.11,0.08,0.09,11,551,0.51243,0.00799,21,239.85
2020-03-16,2020-04-06,325.0,put,81.64,84.55,83.09,47.01,0,49,0.01488,-1.0,21,239.85
2020-03-16,2020-04-06,326.0,call,0.05,0.1,0.08,0.08,2,17,0.52218,0.00851,21,239.85
2020-03-16,2020-04-06,326.0,put,82.64,85.55,84.09,0.0,0,0,0.01488,-1.0,21,239.85
2020-03-16,2020-04-06,330.0,call,0.04,0.09,0.07,0.16,81,850,0.53194,0.00743,21,239.85
2020-03-16,2020-04-06,330.0,put,86.63,89.53,88.08,90.62,3,12,0.01488,-1.0,21,239.85
2020-03-16,2020-04-06,335.0,call,0.03,0.06,0.04,0.07,3,238,0.52218,0.00461,21,239.85
2020-03-16,2020-04-06,335.0,put,91.61,94.52,93.06,93.16,1,1,0.01488,-1.0,21,239.85
2020-03-16,2020-04-06,340.0,call,0.02,0.07,0.05,0.05,34,594,0.55145,0.00507,21,239.85
2020-03-16,2020-04-06,340.0,put,96.61,99.51,98.06,0.0,0,0,0.01488,-1.0,21,239.85
2020-03-16,2020-04-08,130.0,call,112.02,114.86,113.44,0.0,0,0,1.85874,0.93898,23,239.85
2020-03-16,2020-04-08,130.0,put,0.42,0.47,0.44,0.5,228,0,1.21485,-0.01533,23,239.85
2020-03-16,2020-04-08,135.0,call,107.02,109.83,108.42,0.0,0,0,1.76118,0.93592,23,239.85
2020-03-16,2020-04-08,135.0,put,0.52,0.58,0.55,0.66,980,51,1.18558,-0.01874,23,239.85
2020-03-16,2020-04-08,140.0,call,102.1,104.88,103.49,0.0,0,0,1.67337,0.93216,23,239.85
2020-03-16,2020-04-08,140.0,put,0.65,0.7,0.68,0.81,53,28,1.16607,-0.02351,23,239.85
2020-03-16,2020-04-08,145.0,call,97.17,99.92,98.55,0.0,0,0,1.59533,0.92749,23,239.85
2020-03-16,2020-04-08,145.0,put,0.8,0.86,0.83,1.01,1710,12,1.1368,-0.02827,23,239.85
2020-03-16,2020-04-08,150.0,call,92.28,94.99,93.63,0.0,0,0,1.51728,0.92266,23,239.85
2020-03-16,2020-04-08,150.0,put,0.98,1.05,1.02,1.24,400,33,1.11729,-0.03481,23,239.85
2020-03-16,2020-04-08,155.0,call,87.43,90.1,88.77,0.0,0,0,1.44899,0.91661,23,239.85
2020-03-16,2020-04-08,155.0,put,1.21,1.29,1.25,1.21,112,9,1.09778,-0.04247,23,239.85
2020-03-16,2020-04-08,160.0,call,82.64,85.25,83.94,0.0,0,0,1.3807,0.91017,23,239.85
2020-03-16,2020-04-08,160.0,put,1.48,1.57,1.52,1.6,233,65,1.06851,-0.05008,23,239.85
2020-03-16,2020-04-08,165.0,call,77.91,80.47,79.19,0.0,0,0,1.33192,0.90086,23,239.85
2020-03-16,2020-04-08,165.0,put,1.81,1.92,1.86,2.25,276,702,1.05875,-0.06166,23,239.85
2020-03-16,2020-04-08,170.0,call,73.26,75.75,74.5,0.0,0,0,1.27338,0.89199,23,239.85
2020-03-16,2020-04-08,170.0,put,2.22,2.32,2.27,2.24,746,1099,1.03924,-0.07346,23,239.85
2020-03-16,2020-04-08,175.0,call,68.7,71.12,69.91,0.0,0,0,1.23436,0.87956,23,239.85
2020-03-16,2020-04-08,175.0,put,2.69,2.81,2.75,3.32,107,125,1.01973,-0.0869,23,239.85
2020-03-16,2020-04-08,180.0,call,64.23,66.58,65.41,0.0,0,0,1.19534,0.8659,23,239.85
2020-03-16,2020-04-08,180.0,put,3.23,3.37,3.3,3.15,193,605,1.00022,-0.10214,23,239.85
2020-03-16,2020-04-08,185.0,call,59.87,62.14,61.0,0.0,0,0,1.15631,0.85088,23,239.85
2020-03-16,2020-04-08,185.0,put,3.85,4.01,3.93,3.7,318,342,0.99046,-0.12114,23,239.85
2020-03-16,2020-04-08,190.0,call,55.62,57.81,56.72,0.0,0,0,1.11729,0.83435,23,239.85
2020-03-16,2020-04-08,190.0,put,4.59,4.77,4.68,5.49,550,579,0.97095,-0.14042,23,239.85
2020-03-16,2020-04-08,195.0,call,51.47,53.58,52.52,0.0,0,0,1.08802,0.81463,23,239.85
2020-03-16,2020-04-08,195.0,put,5.41,5.62,5.52,5.61,518,73,0.95144,-0.16186,23,239.85
2020-03-16,2020-04-08,200.0,call,47.44,49.48,48.46,0.0,0,0,1.05875,0.79307,23,239.85
2020-03-16,2020-04-08,200.0,put,6.35,6.57,6.46,6.4,899,828,0.93193,-0.18557,23,239.85
2020-03-16,2020-04-08,205.0,call,43.54,45.49,44.52,0.0,0,0,1.03924,0.76818,23,239.85
2020-03-16,2020-04-08,205.0,put,7.39,7.65,7.52,8.76,77,656,0.92217,-0.21341,23,239.85
2020-03-16,2020-04-08,210.0,call,39.75,41.63,40.69,0.0,0,0,1.00998,0.74267,23,239.85
2020-03-16,2020-04-08,210.0,put,8.56,8.84,8.7,10.09,414,305,0.90266,-0.2418,23,239.85
2020-03-16,2020-04-08,215.0,call,36.04,37.93,36.98,0.0,0,0,0.99046,0.71392,23,239.85
2020-03-16,2020-04-08,215.0,put,9.85,10.15,10.0,11.1,84,119,0.88315,-0.27262,23,239.85
2020-03-16,2020-04-08,220.0,call,33.15,33.82,33.48,0.0,0,0,0.9612,0.68414,23,239.85
2020-03-16,2020-04-08,220.0,put,11.28,11.61,11.45,12.01,260,570,0.86364,-0.30587,23,239.85
2020-03-16,2020-04-08,225.0,call,29.75,30.4,30.07,32.15,0,11,0.94168,0.65145,23,239.85
2020-03-16,2020-04-08,225.0,put,12.86,13.21,13.04,13.85,340,746,0.84413,-0.34152,23,239.85
2020-03-16,2020-04-08,230.0,call,26.51,27.12,26.82,0.0,0,0,0.91242,0.61726,23,239.85
2020-03-16,2020-04-08,230.0,put,14.58,14.97,14.78,15.0,350,318,0.82461,-0.37948,23,239.85
2020-03-16,2020-04-08,231.0,call,25.83,26.54,26.18,0.0,0,0,0.91242,0.61001,23,239.85
2020-03-16,2020-04-08,231.0,put,14.9,15.36,15.13,13.2,1,0,0.81486,-0.38712,23,239.85
2020-03-16,2020-04-08,232.0,call,25.2,25.91,25.55,0.0,0,0,0.90266,0.60289,23,239.85
2020-03-16,2020-04-08,232.0,put,15.27,15.74,15.5,15.96,66,0,0.81486,-0.39523,23,239.85
2020-03-16,2020-04-08,233.0,call,24.58,25.28,24.93,25.8,30,0,0.90266,0.59556,23,239.85
2020-03-16,2020-04-08,233.0,put,15.64,16.12,15.88,18.11,4,0,0.8051,-0.40315,23,239.85
2020-03-16,2020-04-08,234.0,call,23.97,24.67,24.32,23.75,32,0,0.89291,0.58821,23,239.85
2020-03-16,2020-04-08,234.0,put,16.03,16.51,16.27,16.92,10,4,0.8051,-0.41137,23,239.85
2020-03-16,2020-04-08,235.0,call,23.4,24.0,23.7,0.0,0,0,0.89291,0.58079,23,239.85
2020-03-16,2020-04-08,235.0,put,16.45,16.87,16.66,17.35,402,204,0.8051,-0.4196,23,239.85
2020-03-16,2020-04-08,236.0,call,22.76,23.45,23.11,23.51,30,0,0.88315,0.57321,23,239.85
2020-03-16,2020-04-08,236.0,put,16.81,17.3,17.05,18.97,5,5,0.79535,-0.42792,23,239.85
2020-03-16,2020-04-08,237.0,call,22.17,22.84,22.51,23.3,40,1,0.88315,0.56572,23,239.85
2020-03-16,2020-04-08,237.0,put,17.2,17.7,17.45,17.15,10,3,0.79535,-0.43625,23,239.85
2020-03-16,2020-04-08,238.0,call,21.58,22.25,21.91,30.12,0,1,0.87339,0.5579,23,239.85
2020-03-16,2020-04-08,238.0,put,17.61,18.12,17.87,14.14,4,1,0.78559,-0.44486,23,239.85
2020-03-16,2020-04-08,239.0,call,21.06,21.66,21.36,20.5,2,0,0.87339,0.55035,23,239.85
2020-03-16,2020-04-08,239.0,put,18.02,18.53,18.27,20.67,119,1,0.78559,-0.45327,23,239.85
2020-03-16,2020-04-08,240.0,call,20.54,21.03,20.79,19.61,1,0,0.87339,0.5428,23,239.85
2020-03-16,2020-04-08,240.0,put,18.48,18.93,18.7,19.24,385,707,0.77583,-0.46217,23,239.85
2020-03-16,2020-04-08,241.0,call,19.94,20.5,20.22,0.0,0,0,0.86364,0.53469,23,239.85
2020-03-16,2020-04-08,241.0,put,18.86,19.39,19.12,21.0,166,120,0.77583,-0.47065,23,239.85
2020-03-16,2020-04-08,242.0,call,19.35,19.94,19.65,20.0,6,0,0.86364,0.52709,23,239.85
2020-03-16,2020-04-08,242.0,put,19.29,19.83,19.56,19.55,28,15,0.76608,-0.47984,23,239.85
2020-03-16,2020-04-08,243.0,call,18.8,19.37,19.09,20.0,2,0,0.85388,0.51876,23,239.85
2020-03-16,2020-04-08,243.0,put,19.73,20.27,20.0,20.18,14,2,0.76608,-0.48838,23,239.85
2020-03-16,2020-04-08,244.0,call,18.25,18.82,18.54,18.5,37,0,0.85388,0.51112,23,239.85
2020-03-16,2020-04-08,244.0,put,20.17,20.72,20.45,19.87,109,134,0.75632,-0.49784,23,239.85
2020-03-16,2020-04-08,245.0,call,17.7,18.22,17.96,16.21,61,0,0.84413,0.50257,23,239.85
2020-03-16,2020-04-08,245.0,put,20.67,21.14,20.91,23.16,443,393,0.75632,-0.50644,23,239.85
2020-03-16,2020-04-08,246.0,call,17.12,17.73,17.43,18.13,5,0,0.83437,0.49386,23,239.85
2020-03-16,2020-04-08,246.0,put,21.08,21.64,21.36,23.7,74,263,0.74657,-0.51617,23,239.85
2020-03-16,2020-04-08,247.0,call,16.59,17.19,16.89,0.0,0,0,0.83437,0.48613,23,239.85
2020-03-16,2020-04-08,247.0,put,20.99,22.75,21.87,19.23,49,38,0.74657,-0.5248,23,239.85
2020-03-16,2020-04-08,248.0,call,16.12,16.66,16.39,15.11,10,0,0.82461,0.47721,23,239.85
2020-03-16,2020-04-08,248.0,put,21.46,23.23,22.34,19.98,314,117,0.73681,-0.5348,23,239.85
2020-03-16,2020-04-08,249.0,call,15.55,16.14,15.85,0.0,0,0,0.82461,0.46947,23,239.85
2020-03-16,2020-04-08,249.0,put,22.01,23.7,22.86,24.09,262,19,0.73681,-0.54343,23,239.85
2020-03-16,2020-04-08,250.0,call,15.08,15.57,15.32,14.87,107,310,0.81486,0.46034,23,239.85
2020-03-16,2020-04-08,250.0,put,22.4,24.2,23.3,25.89,453,564,0.72706,-0.55369,23,239.85
2020-03-16,2020-04-08,251.0,call,14.54,15.12,14.83,18.26,6,6,0.81486,0.4526,23,239.85
2020-03-16,2020-04-08,251.0,put,22.97,24.7,23.84,21.0,17,11,0.72706,-0.56232,23,239.85
2020-03-16,2020-04-08,252.0,call,14.1,14.61,14.36,15.75,1062,2,0.8051,0.44327,23,239.85
2020-03-16,2020-04-08,252.0,put,23.38,25.22,24.3,24.19,1012,17,0.7173,-0.57281,23,239.85
2020-03-16,2020-04-08,253.0,call,13.61,14.12,13.86,16.07,30,10,0.8051,0.43554,23,239.85
2020-03-16,2020-04-08,253.0,put,23.96,25.72,24.84,21.03,24,225,0.70754,-0.58349,23,239.85
2020-03-16,2020-04-08,254.0,call,13.08,13.63,13.36,17.03,2,3,0.79535,0.42603,23,239.85
2020-03-16,2020-04-08,254.0,put,24.37,26.24,25.3,21.01,7,216,0.69779,-0.59435,23,239.85
2020-03-16,2020-04-08,255.0,call,12.65,13.1,12.88,14.11,435,11,0.78559,0.41637,23,239.85
2020-03-16,2020-04-08,255.0,put,24.94,26.88,25.91,28.0,136,518,0.69779,-0.60303,23,239.85
2020-03-16,2020-04-08,256.0,call,12.18,12.67,12.43,18.0,0,17,0.78559,0.40864,23,239.85
2020-03-16,2020-04-08,256.0,put,25.45,27.41,26.43,24.84,35,16,0.69779,-0.61162,23,239.85
2020-03-16,2020-04-08,257.0,call,11.72,12.2,11.96,15.3,0,6,0.77583,0.39881,23,239.85
2020-03-16,2020-04-08,257.0,put,25.93,27.84,26.88,24.76,23,52,0.68803,-0.62271,23,239.85
2020-03-16,2020-04-08,258.0,call,11.22,11.73,11.48,12.75,7,20,0.77583,0.39113,23,239.85
2020-03-16,2020-04-08,258.0,put,26.5,28.49,27.49,26.1,30,239,0.67828,-0.63396,23,239.85
2020-03-16,2020-04-08,259.0,call,10.77,11.27,11.02,10.3,5,15,0.76608,0.38115,23,239.85
2020-03-16,2020-04-08,259.0,put,26.98,28.95,27.96,30.22,22,23,0.66852,-0.64538,23,239.85
2020-03-16,2020-04-08,260.0,call,10.37,10.78,10.57,10.06,24,125,0.75632,0.37103,23,239.85
2020-03-16,2020-04-08,260.0,put,27.58,29.61,28.59,30.0,1527,311,0.66852,-0.65389,23,239.85
2020-03-16,2020-04-08,261.0,call,9.89,10.38,10.14,14.54,16,4,0.75632,0.36341,23,239.85
2020-03-16,2020-04-08,261.0,put,28.13,30.18,29.16,25.92,2,179,0.65876,-0.66545,23,239.85
2020-03-16,2020-04-08,262.0,call,9.46,9.94,9.7,0.0,0,0,0.74657,0.35317,23,239.85
2020-03-16,2020-04-08,262.0,put,28.68,30.75,29.71,27.0,1,52,0.64901,-0.67715,23,239.85
2020-03-16,2020-04-08,263.0,call,9.08,9.51,9.29,9.7,8,10,0.73681,0.3428,23,239.85
2020-03-16,2020-04-08,263.0,put,29.18,31.24,30.21,16.24,0,138,0.63925,-0.68899,23,239.85
2020-03-16,2020-04-08,264.0,call,8.62,9.08,8.85,14.32,10,9,0.73681,0.33529,23,239.85
2020-03-16,2020-04-08,264.0,put,29.81,31.93,30.87,24.22,0,212,0.63925,-0.69729,23,239.85
2020-03-16,2020-04-08,265.0,call,8.25,8.63,8.44,9.85,451,142,0.72706,0.32483,23,239.85
2020-03-16,2020-04-08,265.0,put,30.33,32.43,31.38,27.25,6,255,0.61974,-0.713,23,239.85
2020-03-16,2020-04-08,266.0,call,7.81,8.26,8.04,7.53,1,1,0.7173,0.31426,23,239.85
2020-03-16,2020-04-08,266.0,put,30.91,33.12,32.02,32.0,1,139,0.61974,-0.72119,23,239.85
2020-03-16,2020-04-08,267.0,call,7.46,7.85,7.65,8.32,60,138,0.7173,0.3069,23,239.85
2020-03-16,2020-04-08,267.0,put,31.5,33.73,32.61,26.39,6,266,0.60999,-0.73327,23,239.85
2020-03-16,2020-04-08,268.0,call,7.03,7.46,7.25,6.22,91,67,0.70754,0.29628,23,239.85
2020-03-16,2020-04-08,268.0,put,32.09,34.36,33.23,28.05,0,17,0.60023,-0.74542,23,239.85
2020-03-16,2020-04-08,269.0,call,6.65,7.07,6.86,12.02,0,116,0.69779,0.28559,23,239.85
2020-03-16,2020-04-08,269.0,put,32.76,35.05,33.91,30.45,9,16,0.59047,-0.75761,23,239.85
2020-03-16,2020-04-08,270.0,call,6.31,6.65,6.48,7.44,25,146,0.68803,0.27482,23,239.85
2020-03-16,2020-04-08,270.0,put,33.37,35.69,34.53,36.09,48,186,0.58072,-0.76983,23,239.85
2020-03-16,2020-04-08,271.0,call,5.96,6.28,6.12,5.11,2,1,0.68803,0.26772,23,239.85
2020-03-16,2020-04-08,271.0,put,33.94,36.28,35.11,30.5,1,125,0.57096,-0.78206,23,239.85
2020-03-16,2020-04-08,272.0,call,5.6,5.92,5.76,6.37,36,1,0.67828,0.25697,23,239.85
2020-03-16,2020-04-08,272.0,put,34.58,36.95,35.77,27.94,0,124,0.56121,-0.79427,23,239.85
2020-03-16,2020-04-08,273.0,call,5.23,5.57,5.4,5.5,91,31,0.66852,0.24617,23,239.85
2020-03-16,2020-04-08,273.0,put,35.21,37.62,36.41,31.5,1,7,0.55145,-0.80644,23,239.85
2020-03-16,2020-04-08,274.0,call,4.93,5.22,5.07,5.65,45,9,0.65876,0.23535,23,239.85
2020-03-16,2020-04-08,274.0,put,35.94,38.38,37.16,28.53,3,37,0.54169,-0.81853,23,239.85
2020-03-16,2020-04-08,275.0,call,4.6,4.89,4.74,5.17,1050,190,0.64901,0.22452,23,239.85
2020-03-16,2020-04-08,275.0,put,36.52,38.98,37.75,38.0,5,3275,0.52218,-0.83561,23,239.85
2020-03-16,2020-04-08,276.0,call,4.3,4.57,4.44,4.0,1045,3287,0.64901,0.21791,23,239.85
2020-03-16,2020-04-08,276.0,put,37.26,39.76,38.51,36.0,3,47,0.52218,-0.84237,23,239.85
2020-03-16,2020-04-08,277.0,call,3.99,4.26,4.12,4.56,53,107,0.63925,0.2072,23,239.85
2020-03-16,2020-04-08,277.0,put,37.89,40.42,39.16,33.2,2,57,0.50267,-0.85923,23,239.85
2020-03-16,2020-04-08,278.0,call,3.7,3.96,3.83,5.29,2,5,0.6295,0.19652,23,239.85
2020-03-16,2020-04-08,278.0,put,38.5,41.14,39.82,34.12,11,118,0.48316,-0.87597,23,239.85
2020-03-16,2020-04-08,279.0,call,3.43,3.67,3.55,2.88,2,79,0.61974,0.1859,23,239.85
2020-03-16,2020-04-08,279.0,put,39.23,41.82,40.52,35.55,2,20,0.46365,-0.89243,23,239.85
2020-03-16,2020-04-08,280.0,call,3.15,3.39,3.27,2.64,258,373,0.60999,0.17535,23,239.85
2020-03-16,2020-04-08,280.0,put,39.93,42.56,41.25,44.34,31,213,0.45389,-0.90321,23,239.85
2020-03-16,2020-04-08,281.0,call,2.91,3.13,3.02,3.81,0,26,0.60023,0.1649,23,239.85
2020-03-16,2020-04-08,281.0,put,40.65,43.31,41.98,32.64,0,59,0.42462,-0.92374,23,239.85
2020-03-16,2020-04-08,282.0,call,2.67,2.88,2.77,5.6,147,0,0.60023,0.15912,23,239.85
2020-03-16,2020-04-08,282.0,put,41.47,44.15,42.81,32.34,0,17,0.41487,-0.93332,23,239.85
2020-03-16,2020-04-08,283.0,call,2.44,2.64,2.54,2.5,3,100,0.59047,0.14895,23,239.85
2020-03-16,2020-04-08,283.0,put,42.13,44.85,43.49,31.27,0,25,0.37584,-0.95587,23,239.85
2020-03-16,2020-04-08,284.0,call,2.22,2.41,2.32,2.69,5,183,0.58072,0.13894,23,239.85
2020-03-16,2020-04-08,284.0,put,42.89,45.63,44.26,41.48,5,11,0.32707,-0.97805,23,239.85
2020-03-16,2020-04-08,285.0,call,2.02,2.2,2.11,1.83,89,210,0.57096,0.12911,23,239.85
2020-03-16,2020-04-08,285.0,put,43.66,46.43,45.05,49.0,24,40,0.01488,-1.0,23,239.85
2020-03-16,2020-04-08,286.0,call,1.83,2.0,1.92,2.47,6,18,0.56121,0.11948,23,239.85
2020-03-16,2020-04-08,286.0,put,44.52,47.32,45.92,49.8,10,20,0.01488,-1.0,23,239.85
2020-03-16,2020-04-08,287.0,call,1.66,1.81,1.73,3.2,3,5,0.56121,0.11461,23,239.85
2020-03-16,2020-04-08,287.0,put,45.33,48.14,46.73,19.71,0,1,0.01488,-1.0,23,239.85
2020-03-16,2020-04-08,288.0,call,1.5,1.65,1.57,2.65,1,392,0.55145,0.10542,23,239.85
2020-03-16,2020-04-08,288.0,put,46.15,48.98,47.56,40.04,0,478,0.01488,-1.0,23,239.85
2020-03-16,2020-04-08,289.0,call,1.35,1.49,1.42,2.19,1,0,0.54169,0.0965,23,239.85
2020-03-16,2020-04-08,289.0,put,46.99,49.83,48.41,45.86,1,2,0.01488,-1.0,23,239.85
2020-03-16,2020-04-08,290.0,call,1.21,1.34,1.27,1.05,105,512,0.53194,0.08787,23,239.85
2020-03-16,2020-04-08,290.0,put,47.84,50.7,49.27,50.04,3,297,0.01488,-1.0,23,239.85
2020-03-16,2020-04-08,291.0,call,1.08,1.21,1.15,1.33,2,492,0.53194,0.08383,23,239.85
2020-03-16,2020-04-08,291.0,put,48.71,51.57,50.14,36.98,0,13,0.01488,-1.0,23,239.85
2020-03-16,2020-04-08,292.0,call,0.97,1.09,1.03,0.75,27,174,0.52218,0.07576,23,239.85
2020-03-16,2020-04-08,292.0,put,49.56,52.44,51.0,14.03,0,11,0.01488,-1.0,23,239.85
2020-03-16,2020-04-08,293.0,call,0.87,0.98,0.93,1.21,61,587,0.52218,0.07211,23,239.85
2020-03-16,2020-04-08,293.0,put,50.41,53.28,51.84,38.72,0,26,0.01488,-1.0,23,239.85
2020-03-16,2020-04-08,294.0,call,0.78,0.89,0.83,2.07,23,171,0.51243,0.06463,23,239.85
2020-03-16,2020-04-08,294.0,put,51.37,54.25,52.81,46.87,1,380,0.01488,-1.0,23,239.85
2020-03-16,2020-04-08,295.0,call,0.7,0.8,0.75,0.74,9,475,0.51243,0.06137,23,239.85
2020-03-16,2020-04-08,295.0,put,52.29,55.17,53.73,54.54,4,49,0.01488,-1.0,23,239.85
2020-03-16,2020-04-08,296.0,call,0.63,0.73,0.68,0.72,16,0,0.50267,0.05451,23,239.85
2020-03-16,2020-04-08,296.0,put,53.22,56.1,54.66,42.21,0,102,0.01488,-1.0,23,239.85
2020-03-16,2020-04-08,297.0,call,0.57,0.66,0.61,0.6,117,255,0.50267,0.05162,23,239.85
2020-03-16,2020-04-08,297.0,put,54.15,57.03,55.59,59.8,10,50,0.01488,-1.0,23,239.85
2020-03-16,2020-04-08,298.0,call,0.52,0.6,0.56,1.39,1,180,0.50267,0.04886,23,239.85
2020-03-16,2020-04-08,298.0,put,55.1,57.98,56.54,45.23,0,100,0.01488,-1.0,23,239.85
2020-03-16,2020-04-08,299.0,call,0.47,0.55,0.51,0.45,5,576,0.49292,0.04287,23,239.85
2020-03-16,2020-04-08,299.0,put,56.05,58.93,57.49,29.95,0,465,0.01488,-1.0,23,239.85
2020-03-16,2020-04-08,300.0,call,0.43,0.51,0.47,0.39,133,565,0.49292,0.04046,23,239.85
2020-03-16,2020-04-08,300.0,put,57.01,59.89,58.45,59.35,1,212,0.01488,-1.0,23,239.85
2020-03-16,2020-04-08,301.0,call,0.4,0.47,0.43,1.18,6,391,0.49292,0.03818,23,239.85
2020-03-16,2020-04-08,301.0,put,57.97,60.86,59.41,30.45,0,297,0.01488,-1.0,23,239.85
2020-03-16,2020-04-08,302.0,call,0.36,0.43,0.4,0.44,10,230,0.49292,0.03601,23,239.85
2020-03-16,2020-04-08,302.0,put,58.93,61.82,60.38,29.0,0,508,0.01488,-1.0,23,239.85
2020-03-16,2020-04-08,303.0,call,0.34,0.4,0.37,0.81,4,0,0.49292,0.03394,23,239.85
2020-03-16,2020-04-08,303.0,put,59.9,62.8,61.35,16.0,0,72,0.01488,-1.0,23,239.85
2020-03-16,2020-04-08,304.0,call,0.31,0.38,0.34,0.42,10,414,0.49292,0.03199,23,239.85
2020-03-16,2020-04-08,304.0,put,60.88,63.77,62.33,49.0,0,31,0.01488,-1.0,23,239.85
2020-03-16,2020-04-08,305.0,call,0.29,0.35,0.32,0.3,32,686,0.49292,0.03013,23,239.85
2020-03-16,2020-04-08,305.0,put,61.85,64.75,63.3,55.92,0,75,0.01488,-1.0,23,239.85
2020-03-16,2020-04-08,306.0,call,0.27,0.33,0.3,0.52,1,665,0.49292,0.02837,23,239.85
2020-03-16,2020-04-08,306.0,put,62.83,65.73,64.28,51.51,0,107,0.01488,-1.0,23,239.85
2020-03-16,2020-04-08,307.0,call,0.26,0.31,0.29,0.44,201,244,0.49292,0.0267,23,239.85
2020-03-16,2020-04-08,307.0,put,63.81,66.72,65.27,16.0,0,1,0.01488,-1.0,23,239.85
2020-03-16,2020-04-08,308.0,call,0.24,0.29,0.27,0.34,0,214,0.49292,0.02511,23,239.85
2020-03-16,2020-04-08,308.0,put,64.8,67.7,66.25,32.85,0,4,0.01488,-1.0,23,239.85
2020-03-16,2020-04-08,309.0,call,0.23,0.28,0.26,0.47,25,102,0.49292,0.02362,23,239.85
2020-03-16,2020-04-08,309.0,put,65.78,68.69,67.23,22.28,0,0,0.01488,-1.0,23,239.85
2020-03-16,2020-04-08,310.0,call,0.21,0.26,0.23,0.22,1258,2597,0.49292,0.0222,23,239.85
2020-03-16,2020-04-08,310.0,put,66.77,69.67,68.22,61.31,0,150,0.01488,-1.0,23,239.85
2020-03-16,2020-04-08,311.0,call,0.2,0.25,0.23,0.25,12,18,0.49292,0.02086,23,239.85
2020-03-16,2020-04-08,311.0,put,67.76,70.66,69.21,0.0,0,0,0.01488,-1.0,23,239.85
2020-03-16,2020-04-08,312.0,call,0.19,0.24,0.21,0.2,0,60,0.49292,0.01959,23,239.85
2020-03-16,2020-04-08,312.0,put,68.74,71.65,70.19,59.29,0,0,0.01488,-1.0,23,239.85
2020-03-16,2020-04-08,313.0,call,0.18,0.22,0.2,0.82,0,21,0.49292,0.01839,23,239.85
2020-03-16,2020-04-08,313.0,put,69.73,72.64,71.19,66.73,1,0,0.01488,-1.0,23,239.85
2020-03-16,2020-04-08,314.0,call,0.17,0.21,0.19,0.25,0,4,0.49292,0.01726,23,239.85
2020-03-16,2020-04-08,314.0,put,70.72,73.63,72.17,58.68,0,1,0.01488,-1.0,23,239.85
2020-03-16,2020-04-08,315.0,call,0.16,0.2,0.18,0.19,1,46,0.50267,0.01805,23,239.85
2020-03-16,2020-04-08,315.0,put,71.71,74.62,73.16,58.39,0,12,0.01488,-1.0,23,239.85
2020-03-16,2020-04-08,316.0,call,0.15,0.19,0.17,0.27,2,12,0.50267,0.01697,23,239.85
2020-03-16,2020-04-08,316.0,put,72.71,75.62,74.16,0.0,0,0,0.01488,-1.0,23,239.85
2020-03-16,2020-04-08,317.0,call,0.14,0.18,0.16,0.14,1,15,0.50267,0.01594,23,239.85
2020-03-16,2020-04-08,317.0,put,73.7,76.61,75.16,27.3,0,3,0.01488,-1.0,23,239.85
2020-03-16,2020-04-08,318.0,call,0.13,0.17,0.15,0.19,62,121,0.50267,0.01497,23,239.85
2020-03-16,2020-04-08,318.0,put,74.69,77.6,76.14,0.0,0,0,0.01488,-1.0,23,239.85
2020-03-16,2020-04-08,319.0,call,0.12,0.16,0.14,0.16,3,20,0.50267,0.01406,23,239.85
2020-03-16,2020-04-08,319.0,put,75.69,78.6,77.14,42.41,0,3,0.01488,-1.0,23,239.85
2020-03-16,2020-04-08,320.0,call,0.11,0.16,0.14,0.2,30,146,0.50267,0.01319,23,239.85
2020-03-16,2020-04-08,320.0,put,76.68,79.59,78.14,76.0,1,15,0.01488,-1.0,23,239.85
2020-03-16,2020-04-08,325.0,call,0.08,0.12,0.1,0.13,27,116,0.50267,0.00956,23,239.85
2020-03-16,2020-04-08,325.0,put,81.66,84.57,83.11,68.83,0,8,0.01488,-1.0,23,239.85
2020-03-16,2020-04-08,330.0,call,0.05,0.1,0.08,0.09,68,774,0.51243,0.00787,23,239.85
2020-03-16,2020-04-08,330.0,put,86.64,89.55,88.09,51.76,0,6,0.01488,-1.0,23,239.85
2020-03-16,2020-04-08,335.0,call,0.03,0.08,0.06,0.08,12,22,0.52218,0.00653,23,239.85
2020-03-16,2020-04-08,335.0,put,91.62,94.53,93.08,0.0,0,0,0.01488,-1.0,23,239.85
2020-03-16,2020-04-08,340.0,call,0.02,0.07,0.05,0.06,24,207,0.53194,0.00546,23,239.85
2020-03-16,2020-04-08,340.0,put,96.61,99.52,98.06,0.0,0,0,0.01488,-1.0,23,239.85
2020-03-16,2020-04-09,130.0,call,112.02,114.86,113.44,0.0,0,0,1.81971,0.93898,24,239.85
2020-03-16,2020-04-09,130.0,put,0.44,0.49,0.46,0.55,168,0,1.19534,-0.0157,24,239.85
2020-03-16,2020-04-09,135.0,call,107.95,109.12,108.53,0.0,0,0,1.74167,0.93455,24,239.85
2020-03-16,2020-04-09,135.0,put,0.55,0.6,0.57,0.67,446,247,1.17583,-0.01982,24,239.85
2020-03-16,2020-04-09,140.0,call,102.91,104.18,103.55,0.0,0,0,1.65386,0.93082,24,239.85
2020-03-16,2020-04-09,140.0,put,0.68,0.73,0.71,0.85,336,164,1.14656,-0.02392,24,239.85
2020-03-16,2020-04-09,145.0,call,97.97,99.22,98.59,0.0,0,0,1.56606,0.92709,24,239.85
2020-03-16,2020-04-09,145.0,put,0.84,0.9,0.87,1.0,371,60,1.12705,-0.02961,24,239.85
2020-03-16,2020-04-09,150.0,call,93.19,94.3,93.75,0.0,0,0,1.49777,0.92141,24,239.85
2020-03-16,2020-04-09,150.0,put,1.03,1.1,1.06,1.23,616,172,1.09778,-0.03524,24,239.85
2020-03-16,2020-04-09,155.0,call,88.34,89.42,88.88,0.0,0,0,1.42948,0.9154,24,239.85
2020-03-16,2020-04-09,155.0,put,1.26,1.35,1.31,1.36,157,84,1.07827,-0.04291,24,239.85
2020-03-16,2020-04-09,160.0,call,83.52,84.57,84.04,83.39,6,0,1.36119,0.90904,24,239.85
2020-03-16,2020-04-09,160.0,put,1.55,1.64,1.59,1.65,1088,170,1.05875,-0.05181,24,239.85
2020-03-16,2020-04-09,165.0,call,78.79,79.79,79.29,0.0,0,0,1.31241,0.89978,24,239.85
2020-03-16,2020-04-09,165.0,put,1.9,2.0,1.95,2.1,1759,702,1.03924,-0.06208,24,239.85
2020-03-16,2020-04-09,170.0,call,74.13,75.12,74.62,0.0,0,0,1.26363,0.88968,24,239.85
2020-03-16,2020-04-09,170.0,put,2.31,2.43,2.37,2.9,237,843,1.02949,-0.07543,24,239.85
2020-03-16,2020-04-09,175.0,call,69.59,70.5,70.05,0.0,0,0,1.21485,0.87864,24,239.85
2020-03-16,2020-04-09,175.0,put,2.81,2.93,2.87,3.1,1627,442,1.00998,-0.08894,24,239.85
2020-03-16,2020-04-09,180.0,call,64.52,65.79,65.16,76.5,170,0,1.14656,0.86948,24,239.85
2020-03-16,2020-04-09,180.0,put,3.38,3.51,3.44,4.06,370,2763,0.99046,-0.10422,24,239.85
2020-03-16,2020-04-09,185.0,call,60.74,61.59,61.17,94.3,0,1,1.1368,0.85015,24,239.85
2020-03-16,2020-04-09,185.0,put,4.03,4.18,4.11,4.83,302,224,0.98071,-0.12324,24,239.85
2020-03-16,2020-04-09,190.0,call,56.42,57.35,56.89,0.0,0,0,1.10753,0.83222,24,239.85
2020-03-16,2020-04-09,190.0,put,4.78,4.96,4.87,4.75,285,4327,0.9612,-0.14249,24,239.85
2020-03-16,2020-04-09,195.0,call,52.26,53.16,52.71,0.0,0,0,1.07827,0.81261,24,239.85
2020-03-16,2020-04-09,195.0,put,5.61,5.84,5.72,6.28,320,892,0.95144,-0.16573,24,239.85
2020-03-16,2020-04-09,200.0,call,48.23,48.91,48.57,47.67,150,3,1.049,0.7912,24,239.85
2020-03-16,2020-04-09,200.0,put,6.58,6.82,6.7,6.9,2097,3926,0.93193,-0.18929,24,239.85
2020-03-16,2020-04-09,205.0,call,44.43,45.25,44.84,43.77,150,0,1.02949,0.7665,24,239.85
2020-03-16,2020-04-09,205.0,put,7.65,7.91,7.78,9.03,186,419,0.91242,-0.21513,24,239.85
2020-03-16,2020-04-09,210.0,call,40.62,41.46,41.04,0.0,0,0,1.00998,0.73999,24,239.85
2020-03-16,2020-04-09,210.0,put,8.84,9.12,8.98,9.46,1356,836,0.89291,-0.24332,24,239.85
2020-03-16,2020-04-09,215.0,call,36.79,37.53,37.16,44.53,0,2,0.97095,0.71378,24,239.85
2020-03-16,2020-04-09,215.0,put,10.15,10.45,10.3,11.38,418,6397,0.88315,-0.27528,24,239.85
2020-03-16,2020-04-09,220.0,call,33.47,34.09,33.78,62.55,0,1,0.9612,0.68239,24,239.85
2020-03-16,2020-04-09,220.0,put,11.59,11.93,11.76,13.25,900,1945,0.86364,-0.30799,24,239.85
2020-03-16,2020-04-09,225.0,call,30.08,30.68,30.38,35.13,51,3,0.93193,0.65085,24,239.85
2020-03-16,2020-04-09,225.0,put,13.18,13.54,13.36,15.23,515,358,0.84413,-0.34301,24,239.85
2020-03-16,2020-04-09,230.0,call,26.84,27.42,27.13,34.5,154,103,0.91242,0.61674,24,239.85
2020-03-16,2020-04-09,230.0,put,14.92,15.31,15.12,16.61,829,1474,0.82461,-0.38025,24,239.85
2020-03-16,2020-04-09,231.0,call,26.17,26.79,26.48,25.66,84,0,0.90266,0.60983,24,239.85
2020-03-16,2020-04-09,231.0,put,15.25,15.7,15.47,17.61,67,0,0.81486,-0.38775,24,239.85
2020-03-16,2020-04-09,232.0,call,25.55,26.16,25.86,26.94,30,0,0.90266,0.60265,24,239.85
2020-03-16,2020-04-09,232.0,put,15.62,16.08,15.85,17.95,70,11,0.81486,-0.39569,24,239.85
2020-03-16,2020-04-09,233.0,call,24.93,25.55,25.24,26.46,30,0,0.89291,0.59551,24,239.85
2020-03-16,2020-04-09,233.0,put,15.99,16.46,16.23,14.0,1603,6,0.8051,-0.40347,24,239.85
2020-03-16,2020-04-09,234.0,call,24.32,24.93,24.62,25.82,30,0,0.89291,0.58825,24,239.85
2020-03-16,2020-04-09,234.0,put,16.37,16.85,16.61,17.0,35,24,0.8051,-0.41152,24,239.85
2020-03-16,2020-04-09,235.0,call,23.75,24.32,24.04,28.86,61,167,0.88315,0.58089,24,239.85
2020-03-16,2020-04-09,235.0,put,16.8,17.22,17.01,18.36,133,652,0.79535,-0.41959,24,239.85
2020-03-16,2020-04-09,236.0,call,23.11,23.73,23.42,26.18,98,0,0.88315,0.57355,24,239.85
2020-03-16,2020-04-09,236.0,put,17.16,17.65,17.41,19.54,39,6,0.79535,-0.42774,24,239.85
2020-03-16,2020-04-09,237.0,call,22.52,23.14,22.83,25.55,124,0,0.87339,0.56596,24,239.85
2020-03-16,2020-04-09,237.0,put,17.56,18.06,17.81,18.38,97,5,0.78559,-0.43609,24,239.85
2020-03-16,2020-04-09,238.0,call,21.93,22.56,22.24,0.0,0,0,0.87339,0.55855,24,239.85
2020-03-16,2020-04-09,238.0,put,17.96,18.47,18.21,20.6,18,15,0.78559,-0.44434,24,239.85
2020-03-16,2020-04-09,239.0,call,21.35,21.97,21.66,21.5,38,0,0.86364,0.55073,24,239.85
2020-03-16,2020-04-09,239.0,put,18.38,18.89,18.63,19.01,3,7,0.77583,-0.45298,24,239.85
2020-03-16,2020-04-09,240.0,call,20.89,21.38,21.13,20.51,9,99,0.86364,0.54326,24,239.85
2020-03-16,2020-04-09,240.0,put,18.84,19.28,19.06,20.18,708,2746,0.77583,-0.4613,24,239.85
2020-03-16,2020-04-09,241.0,call,20.3,20.83,20.56,20.73,20,0,0.86364,0.53581,24,239.85
2020-03-16,2020-04-09,241.0,put,19.22,19.74,19.48,20.25,11,1,0.76608,-0.47022,24,239.85
2020-03-16,2020-04-09,242.0,call,19.71,20.27,19.99,18.98,12,0,0.85388,0.52769,24,239.85
2020-03-16,2020-04-09,242.0,put,19.65,20.18,19.91,19.27,44,12,0.76608,-0.47862,24,239.85
2020-03-16,2020-04-09,242.5,call,19.44,20.01,19.73,20.25,1,0,0.85388,0.52394,24,239.85
2020-03-16,2020-04-09,242.5,put,19.87,20.4,20.13,19.83,69,89,0.76608,-0.4828,24,239.85
2020-03-16,2020-04-09,243.0,call,19.12,19.73,19.43,17.48,68,0,0.85388,0.52019,24,239.85
2020-03-16,2020-04-09,243.0,put,20.09,20.63,20.36,21.11,7,32,0.75632,-0.48782,24,239.85
2020-03-16,2020-04-09,244.0,call,18.61,19.18,18.89,19.34,23,0,0.84413,0.51186,24,239.85
2020-03-16,2020-04-09,244.0,put,20.53,21.08,20.8,23.11,80,237,0.75632,-0.49626,24,239.85
2020-03-16,2020-04-09,245.0,call,18.05,18.58,18.31,17.44,8,4,0.83437,0.50337,24,239.85
2020-03-16,2020-04-09,245.0,put,21.03,21.5,21.27,22.55,331,576,0.74657,-0.50574,24,239.85
2020-03-16,2020-04-09,246.0,call,17.48,18.09,17.79,16.35,3,0,0.83437,0.49578,24,239.85
2020-03-16,2020-04-09,246.0,put,21.46,22.0,21.73,24.35,149,68,0.74657,-0.51423,24,239.85
2020-03-16,2020-04-09,247.0,call,16.95,17.55,17.25,15.41,256,11,0.82461,0.48707,24,239.85
2020-03-16,2020-04-09,247.0,put,21.93,22.47,22.2,23.58,48,255,0.73681,-0.52398,24,239.85
2020-03-16,2020-04-09,247.5,call,16.69,17.29,16.99,22.3,19,0,0.82461,0.48326,24,239.85
2020-03-16,2020-04-09,247.5,put,21.9,23.19,22.55,20.48,7,24,0.74657,-0.52688,24,239.85
2020-03-16,2020-04-09,248.0,call,16.43,17.02,16.73,15.5,503,1,0.82461,0.47945,24,239.85
2020-03-16,2020-04-09,248.0,put,22.14,23.18,22.66,24.84,90,26,0.73681,-0.53249,24,239.85
2020-03-16,2020-04-09,249.0,call,15.91,16.5,16.2,16.0,2,3,0.81486,0.47054,24,239.85
2020-03-16,2020-04-09,249.0,put,22.8,23.66,23.23,23.59,130,83,0.73681,-0.54095,24,239.85
2020-03-16,2020-04-09,250.0,call,15.46,15.94,15.7,16.4,30,14,0.81486,0.46291,24,239.85
2020-03-16,2020-04-09,250.0,put,23.15,24.16,23.66,26.2,1328,2905,0.72706,-0.55101,24,239.85
2020-03-16,2020-04-09,251.0,call,14.96,15.48,15.22,18.12,14,305,0.8051,0.45379,24,239.85
2020-03-16,2020-04-09,251.0,put,23.78,24.65,24.21,26.81,36,158,0.72706,-0.55947,24,239.85
2020-03-16,2020-04-09,252.0,call,14.41,14.98,14.7,15.99,26,28,0.8051,0.44617,24,239.85
2020-03-16,2020-04-09,252.0,put,24.13,25.14,24.63,26.08,100,99,0.7173,-0.56977,24,239.85
2020-03-16,2020-04-09,253.0,call,13.92,14.48,14.2,19.1,8,31,0.79535,0.43686,24,239.85
2020-03-16,2020-04-09,253.0,put,24.64,25.66,25.15,24.05,13,226,0.70754,-0.58026,24,239.85
2020-03-16,2020-04-09,254.0,call,13.44,13.99,13.71,12.8,132,62,0.79535,0.42925,24,239.85
2020-03-16,2020-04-09,254.0,put,25.16,26.16,25.66,26.02,30,70,0.70754,-0.58874,24,239.85
2020-03-16,2020-04-09,255.0,call,13.01,13.46,13.23,12.75,137,217,0.78559,0.41976,24,239.85
2020-03-16,2020-04-09,255.0,put,25.68,26.67,26.18,26.0,100,300,0.69779,-0.59945,24,239.85
2020-03-16,2020-04-09,256.0,call,12.5,13.03,12.77,16.84,2,6,0.78559,0.41218,24,239.85
2020-03-16,2020-04-09,256.0,put,26.21,27.19,26.7,27.72,53,86,0.68803,-0.61034,24,239.85
2020-03-16,2020-04-09,257.0,call,12.04,12.56,12.3,13.27,7,57,0.77583,0.40251,24,239.85
2020-03-16,2020-04-09,257.0,put,26.74,27.69,27.21,29.0,27,109,0.67828,-0.6214,24,239.85
2020-03-16,2020-04-09,258.0,call,11.58,12.1,11.84,14.77,2,116,0.76608,0.3927,24,239.85
2020-03-16,2020-04-09,258.0,put,27.3,28.25,27.77,30.0,37,55,0.67828,-0.62987,24,239.85
2020-03-16,2020-04-09,259.0,call,11.13,11.64,11.39,11.9,2,223,0.76608,0.38515,24,239.85
2020-03-16,2020-04-09,259.0,put,27.83,28.79,28.31,28.69,30,18,0.66852,-0.64111,24,239.85
2020-03-16,2020-04-09,260.0,call,10.72,11.14,10.93,10.44,192,231,0.75632,0.37519,24,239.85
2020-03-16,2020-04-09,260.0,put,28.38,29.34,28.86,31.85,118,2054,0.66852,-0.64947,24,239.85
2020-03-16,2020-04-09,261.0,call,10.25,10.74,10.5,10.05,125,128,0.75632,0.36771,24,239.85
2020-03-16,2020-04-09,261.0,put,28.97,29.89,29.43,27.19,28,21,0.65876,-0.66087,24,239.85
2020-03-16,2020-04-09,262.0,call,9.82,10.3,10.06,11.32,2,64,0.74657,0.35762,24,239.85
2020-03-16,2020-04-09,262.0,put,29.54,30.46,30.0,26.0,4,261,0.64901,-0.67241,24,239.85
2020-03-16,2020-04-09,263.0,call,9.39,9.87,9.63,9.19,21,161,0.73681,0.3474,24,239.85
2020-03-16,2020-04-09,263.0,put,30.12,31.02,30.57,28.15,36,77,0.63925,-0.68408,24,239.85
2020-03-16,2020-04-09,264.0,call,9.02,9.44,9.23,14.0,1,114,0.73681,0.34001,24,239.85
2020-03-16,2020-04-09,264.0,put,30.72,31.59,31.16,29.66,6,18,0.63925,-0.69227,24,239.85
2020-03-16,2020-04-09,265.0,call,8.6,8.98,8.79,9.3,81,1300,0.72706,0.32969,24,239.85
2020-03-16,2020-04-09,265.0,put,31.54,32.17,31.86,34.88,599,1319,0.6295,-0.70403,24,239.85
2020-03-16,2020-04-09,266.0,call,8.16,8.57,8.37,7.29,4,27,0.7173,0.31927,24,239.85
2020-03-16,2020-04-09,266.0,put,31.93,32.76,32.34,32.78,81,813,0.61974,-0.71589,24,239.85
2020-03-16,2020-04-09,267.0,call,7.76,8.16,7.96,7.52,104,95,0.7173,0.31201,24,239.85
2020-03-16,2020-04-09,267.0,put,32.56,33.53,33.05,36.11,16,212,0.61974,-0.72384,24,239.85
2020-03-16,2020-04-09,268.0,call,7.37,7.76,7.56,7.46,27,46,0.70754,0.30152,24,239.85
2020-03-16,2020-04-09,268.0,put,33.15,34.03,33.59,34.26,20,480,0.60999,-0.73572,24,239.85
2020-03-16,2020-04-09,269.0,call,7.02,7.37,7.2,6.14,104,102,0.69779,0.29094,24,239.85
2020-03-16,2020-04-09,269.0,put,33.76,34.62,34.19,32.0,6,663,0.60023,-0.74767,24,239.85
2020-03-16,2020-04-09,270.0,call,6.64,6.98,6.81,6.0,100,748,0.68803,0.28028,24,239.85
2020-03-16,2020-04-09,270.0,put,34.41,35.17,34.79,36.01,190,827,0.58072,-0.76412,24,239.85
2020-03-16,2020-04-09,271.0,call,6.24,6.61,6.43,6.9,157,488,0.68803,0.27327,24,239.85
2020-03-16,2020-04-09,271.0,put,35.06,35.8,35.43,32.0,4,25,0.58072,-0.77169,24,239.85
2020-03-16,2020-04-09,272.0,call,5.91,6.24,6.08,5.39,104,537,0.67828,0.26261,24,239.85
2020-03-16,2020-04-09,272.0,put,35.69,36.61,36.15,30.84,11,52,0.57096,-0.78372,24,239.85
2020-03-16,2020-04-09,272.5,call,5.74,6.05,5.89,11.29,0,14,0.66852,0.25533,24,239.85
2020-03-16,2020-04-09,272.5,put,36.02,36.83,36.42,36.5,1,315,0.56121,-0.79211,24,239.85
2020-03-16,2020-04-09,273.0,call,5.57,5.87,5.72,6.33,18,39,0.66852,0.2519,24,239.85
2020-03-16,2020-04-09,273.0,put,36.56,37.12,36.84,33.83,13,137,0.56121,-0.79574,24,239.85
2020-03-16,2020-04-09,274.0,call,5.22,5.51,5.37,6.04,50,259,0.65876,0.24116,24,239.85
2020-03-16,2020-04-09,274.0,put,37.21,37.87,37.54,35.0,1,148,0.55145,-0.80771,24,239.85
2020-03-16,2020-04-09,275.0,call,4.89,5.17,5.03,5.1,257,506,0.64901,0.23039,24,239.85
2020-03-16,2020-04-09,275.0,put,37.69,38.46,38.08,38.49,103,2275,0.53194,-0.82464,24,239.85
2020-03-16,2020-04-09,276.0,call,4.57,4.85,4.71,5.93,49,374,0.64901,0.22382,24,239.85
2020-03-16,2020-04-09,276.0,put,38.57,39.19,38.88,35.4,0,1037,0.53194,-0.83142,24,239.85
2020-03-16,2020-04-09,277.0,call,4.26,4.52,4.39,4.44,204,452,0.63925,0.21315,24,239.85
2020-03-16,2020-04-09,277.0,put,39.07,39.73,39.4,39.85,2,108,0.51243,-0.84826,24,239.85
2020-03-16,2020-04-09,277.5,call,4.12,4.37,4.25,4.28,64,217,0.63925,0.20997,24,239.85
2020-03-16,2020-04-09,277.5,put,39.41,40.21,39.81,35.52,4,868,0.50267,-0.85667,24,239.85
2020-03-16,2020-04-09,278.0,call,3.96,4.21,4.08,4.12,222,18,0.6295,0.2025,24,239.85
2020-03-16,2020-04-09,278.0,put,39.77,40.42,40.09,43.0,1,348,0.49292,-0.86506,24,239.85
2020-03-16,2020-04-09,279.0,call,3.67,3.91,3.79,3.99,4,211,0.61974,0.19189,24,239.85
2020-03-16,2020-04-09,279.0,put,40.21,41.13,40.67,41.26,26,208,0.4734,-0.88169,24,239.85
2020-03-16,2020-04-09,280.0,call,3.4,3.63,3.51,3.3,785,1468,0.60999,0.18134,24,239.85
2020-03-16,2020-04-09,280.0,put,41.2,41.98,41.59,42.57,73,1417,0.4734,-0.88743,24,239.85
2020-03-16,2020-04-09,281.0,call,3.13,3.34,3.23,2.75,138,1112,0.60999,0.1754,24,239.85
2020-03-16,2020-04-09,281.0,put,41.95,42.71,42.33,33.65,4,290,0.45389,-0.90334,24,239.85
2020-03-16,2020-04-09,282.0,call,2.88,3.08,2.98,2.5,33,138,0.60023,0.16507,24,239.85
2020-03-16,2020-04-09,282.0,put,42.7,43.43,43.06,39.12,7,855,0.43438,-0.91869,24,239.85
2020-03-16,2020-04-09,282.5,call,2.76,2.96,2.86,2.32,100,68,0.59047,0.15766,24,239.85
2020-03-16,2020-04-09,282.5,put,43.08,43.89,43.48,38.0,1,1216,0.43438,-0.92105,24,239.85
2020-03-16,2020-04-09,283.0,call,2.65,2.83,2.74,2.85,2,303,0.59047,0.15486,24,239.85
2020-03-16,2020-04-09,283.0,put,43.31,44.08,43.7,40.0,7,89,0.39536,-0.94289,24,239.85
2020-03-16,2020-04-09,284.0,call,2.42,2.6,2.51,2.0,33,111,0.58072,0.14478,24,239.85
2020-03-16,2020-04-09,284.0,put,44.21,45.05,44.63,42.72,11,62,0.39536,-0.94677,24,239.85
2020-03-16,2020-04-09,285.0,call,2.21,2.38,2.29,2.07,128,622,0.57096,0.13486,24,239.85
2020-03-16,2020-04-09,285.0,put,45.02,45.64,45.33,48.16,5,1107,0.34658,-0.97092,24,239.85
2020-03-16,2020-04-09,286.0,call,2.01,2.17,2.09,2.07,56,91,0.57096,0.12974,24,239.85
2020-03-16,2020-04-09,286.0,put,45.8,46.58,46.19,33.49,0,24,0.30755,-0.98573,24,239.85
2020-03-16,2020-04-09,287.0,call,1.82,1.98,1.9,2.91,1,23,0.56121,0.12019,24,239.85
2020-03-16,2020-04-09,287.0,put,46.46,47.45,46.95,46.48,12,19,0.01488,-1.0,24,239.85
2020-03-16,2020-04-09,287.5,call,1.74,1.89,1.81,1.62,23,144,0.55145,0.11321,24,239.85
2020-03-16,2020-04-09,287.5,put,47.04,47.82,47.43,20.09,0,294,0.01488,-1.0,24,239.85
2020-03-16,2020-04-09,288.0,call,1.65,1.8,1.73,2.06,64,188,0.55145,0.11087,24,239.85
2020-03-16,2020-04-09,288.0,put,47.46,48.08,47.77,45.14,12,167,0.01488,-1.0,24,239.85
2020-03-16,2020-04-09,289.0,call,1.49,1.64,1.56,1.38,10,170,0.54169,0.10179,24,239.85
2020-03-16,2020-04-09,289.0,put,48.28,49.06,48.67,14.95,0,607,0.01488,-1.0,24,239.85
2020-03-16,2020-04-09,290.0,call,1.34,1.48,1.41,1.12,270,1820,0.54169,0.09744,24,239.85
2020-03-16,2020-04-09,290.0,put,49.14,49.98,49.56,48.97,12,294,0.01488,-1.0,24,239.85
2020-03-16,2020-04-09,291.0,call,1.21,1.34,1.27,1.09,901,3247,0.53194,0.08886,24,239.85
2020-03-16,2020-04-09,291.0,put,49.97,50.77,50.37,47.0,1,108,0.01488,-1.0,24,239.85
2020-03-16,2020-04-09,292.0,call,1.08,1.21,1.15,0.93,732,965,0.52218,0.08059,24,239.85
2020-03-16,2020-04-09,292.0,put,50.86,51.65,51.25,50.83,2,117,0.01488,-1.0,24,239.85
2020-03-16,2020-04-09,292.5,call,1.03,1.15,1.09,1.5,0,456,0.52218,0.0787,24,239.85
2020-03-16,2020-04-09,292.5,put,51.3,52.12,51.71,38.57,0,158,0.01488,-1.0,24,239.85
2020-03-16,2020-04-09,293.0,call,0.97,1.09,1.03,1.5,34,1008,0.52218,0.07684,24,239.85
2020-03-16,2020-04-09,293.0,put,51.73,52.57,52.15,38.93,0,111,0.01488,-1.0,24,239.85
2020-03-16,2020-04-09,294.0,call,0.87,0.99,0.93,1.87,2,362,0.51243,0.06913,24,239.85
2020-03-16,2020-04-09,294.0,put,52.65,53.45,53.05,42.0,2,150,0.01488,-1.0,24,239.85
2020-03-16,2020-04-09,295.0,call,0.79,0.89,0.84,0.69,68,777,0.51243,0.06576,24,239.85
2020-03-16,2020-04-09,295.0,put,53.54,54.42,53.98,44.87,3,2912,0.01488,-1.0,24,239.85
2020-03-16,2020-04-09,296.0,call,0.71,0.81,0.76,0.59,66,313,0.50267,0.05865,24,239.85
2020-03-16,2020-04-09,296.0,put,54.47,55.3,54.88,41.89,0,91,0.01488,-1.0,24,239.85
2020-03-16,2020-04-09,297.0,call,0.64,0.73,0.69,1.08,8,133,0.50267,0.05566,24,239.85
2020-03-16,2020-04-09,297.0,put,55.14,56.35,55.75,52.0,20,155,0.01488,-1.0,24,239.85
2020-03-16,2020-04-09,297.5,call,0.61,0.7,0.66,0.64,68,787,0.50267,0.0542,24,239.85
2020-03-16,2020-04-09,297.5,put,55.61,56.81,56.21,52.8,1,70,0.01488,-1.0,24,239.85
2020-03-16,2020-04-09,298.0,call,0.58,0.67,0.62,0.71,21,234,0.49292,0.04917,24,239.85
2020-03-16,2020-04-09,298.0,put,56.29,57.22,56.75,37.77,0,99,0.01488,-1.0,24,239.85
2020-03-16,2020-04-09,299.0,call,0.53,0.61,0.57,0.58,1025,1015,0.49292,0.04653,24,239.85
2020-03-16,2020-04-09,299.0,put,56.94,58.23,57.58,52.8,5,1630,0.01488,-1.0,24,239.85
2020-03-16,2020-04-09,300.0,call,0.48,0.56,0.52,0.44,704,0,0.49292,0.04401,24,239.85
2020-03-16,2020-04-09,300.0,put,57.94,59.19,58.56,62.0,18,1297,0.01488,-1.0,24,239.85
2020-03-16,2020-04-09,301.0,call,0.44,0.52,0.48,0.39,973,0,0.49292,0.04162,24,239.85
2020-03-16,2020-04-09,301.0,put,58.77,60.18,59.48,33.26,0,45,0.01488,-1.0,24,239.85
2020-03-16,2020-04-09,302.0,call,0.41,0.48,0.44,0.36,153,2278,0.49292,0.03933,24,239.85
2020-03-16,2020-04-09,302.0,put,60.12,61.05,60.58,46.5,0,2020,0.01488,-1.0,24,239.85
2020-03-16,2020-04-09,302.5,call,0.39,0.46,0.43,0.42,6,0,0.49292,0.03823,24,239.85
2020-03-16,2020-04-09,302.5,put,60.63,61.55,61.09,55.99,1,294,0.01488,-1.0,24,239.85
2020-03-16,2020-04-09,303.0,call,0.38,0.44,0.41,0.35,5,262,0.49292,0.03716,24,239.85
2020-03-16,2020-04-09,303.0,put,61.09,62.05,61.57,55.2,1,310,0.01488,-1.0,24,239.85
2020-03-16,2020-04-09,304.0,call,0.35,0.42,0.39,0.39,12,1060,0.49292,0.0351,24,239.85
2020-03-16,2020-04-09,304.0,put,61.87,63.08,62.47,51.94,0,50,0.01488,-1.0,24,239.85
2020-03-16,2020-04-09,305.0,call,0.33,0.39,0.36,0.32,74,579,0.49292,0.03313,24,239.85
2020-03-16,2020-04-09,305.0,put,62.77,63.81,63.29,57.39,1,1585,0.01488,-1.0,24,239.85
2020-03-16,2020-04-09,306.0,call,0.3,0.37,0.33,0.33,21,437,0.48316,0.02854,24,239.85
2020-03-16,2020-04-09,306.0,put,63.97,64.97,64.47,52.05,0,15,0.01488,-1.0,24,239.85
2020-03-16,2020-04-09,307.0,call,0.28,0.34,0.31,0.29,31,619,0.48316,0.02686,24,239.85
2020-03-16,2020-04-09,307.0,put,64.69,65.76,65.22,61.5,2,12,0.01488,-1.0,24,239.85
2020-03-16,2020-04-09,307.5,call,0.28,0.33,0.31,0.58,12,443,0.49292,0.02863,24,239.85
2020-03-16,2020-04-09,307.5,put,65.49,66.27,65.88,59.01,1,155,0.01488,-1.0,24,239.85
2020-03-16,2020-04-09,308.0,call,0.27,0.32,0.3,0.27,0,182,0.49292,0.0278,24,239.85
2020-03-16,2020-04-09,308.0,put,65.63,66.74,66.19,52.5,0,104,0.01488,-1.0,24,239.85
2020-03-16,2020-04-09,309.0,call,0.25,0.31,0.28,0.4,5,254,0.49292,0.02621,24,239.85
2020-03-16,2020-04-09,309.0,put,66.92,67.93,67.43,64.31,3,113,0.01488,-1.0,24,239.85
2020-03-16,2020-04-09,310.0,call,0.24,0.29,0.27,0.25,595,0,0.49292,0.02469,24,239.85
2020-03-16,2020-04-09,310.0,put,67.76,68.97,68.37,57.75,4,1047,0.01488,-1.0,24,239.85
2020-03-16,2020-04-09,311.0,call,0.22,0.27,0.24,0.24,124,1486,0.49292,0.02325,24,239.85
2020-03-16,2020-04-09,311.0,put,68.86,69.92,69.39,55.47,0,60,0.01488,-1.0,24,239.85
2020-03-16,2020-04-09,312.0,call,0.21,0.26,0.23,0.21,18,507,0.49292,0.02189,24,239.85
2020-03-16,2020-04-09,312.0,put,69.65,70.95,70.3,59.71,2,16,0.01488,-1.0,24,239.85
2020-03-16,2020-04-09,312.5,call,0.2,0.25,0.23,0.19,2,175,0.49292,0.02124,24,239.85
2020-03-16,2020-04-09,312.5,put,70.14,71.44,70.79,59.85,0,19,0.01488,-1.0,24,239.85
2020-03-16,2020-04-09,313.0,call,0.2,0.25,0.23,0.22,3,743,0.49292,0.0206,24,239.85
2020-03-16,2020-04-09,313.0,put,70.85,71.9,71.38,33.88,0,23,0.01488,-1.0,24,239.85
2020-03-16,2020-04-09,314.0,call,0.19,0.23,0.21,0.31,1,99,0.49292,0.01938,24,239.85
2020-03-16,2020-04-09,314.0,put,71.84,72.85,72.34,39.79,0,47,0.01488,-1.0,24,239.85
2020-03-16,2020-04-09,315.0,call,0.18,0.22,0.2,0.23,47,447,0.49292,0.01822,24,239.85
2020-03-16,2020-04-09,315.0,put,72.86,73.85,73.35,61.5,0,35,0.01488,-1.0,24,239.85
2020-03-16,2020-04-09,316.0,call,0.16,0.21,0.18,0.3,8,782,0.49292,0.01713,24,239.85
2020-03-16,2020-04-09,316.0,put,73.81,74.87,74.34,71.5,4,23,0.01488,-1.0,24,239.85
2020-03-16,2020-04-09,317.0,call,0.15,0.2,0.17,0.28,1,57,0.49292,0.0161,24,239.85
2020-03-16,2020-04-09,317.0,put,74.6,75.94,75.27,43.02,0,9,0.01488,-1.0,24,239.85
2020-03-16,2020-04-09,317.5,call,0.15,0.2,0.17,0.17,1,550,0.49292,0.0156,24,239.85
2020-03-16,2020-04-09,317.5,put,75.09,76.4,75.75,42.46,0,28,0.01488,-1.0,24,239.85
2020-03-16,2020-04-09,318.0,call,0.15,0.19,0.17,0.18,2,20,0.50267,0.0169,24,239.85
2020-03-16,2020-04-09,318.0,put,75.83,76.8,76.31,40.07,0,34,0.01488,-1.0,24,239.85
2020-03-16,2020-04-09,319.0,call,0.14,0.18,0.16,0.17,0,1039,0.50267,0.01591,24,239.85
2020-03-16,2020-04-09,319.0,put,76.81,77.78,77.3,49.95,0,44,0.01488,-1.0,24,239.85
2020-03-16,2020-04-09,320.0,call,0.13,0.17,0.15,0.13,67,1567,0.50267,0.01497,24,239.85
2020-03-16,2020-04-09,320.0,put,77.81,78.81,78.31,72.78,1,29,0.01488,-1.0,24,239.85
2020-03-16,2020-04-09,321.0,call,0.12,0.16,0.14,0.18,2,0,0.50267,0.01407,24,239.85
2020-03-16,2020-04-09,321.0,put,78.61,79.88,79.25,46.77,0,19,0.01488,-1.0,24,239.85
2020-03-16,2020-04-09,322.0,call,0.11,0.15,0.13,0.18,1,148,0.50267,0.01323,24,239.85
2020-03-16,2020-04-09,322.0,put,79.76,80.79,80.28,48.07,0,26,0.01488,-1.0,24,239.85
2020-03-16,2020-04-09,322.5,call,0.11,0.15,0.13,0.16,44,3450,0.50267,0.01283,24,239.85
2020-03-16,2020-04-09,322.5,put,80.14,81.37,80.75,63.43,0,173,0.01488,-1.0,24,239.85
2020-03-16,2020-04-09,323.0,call,0.1,0.15,0.12,0.16,7,38,0.50267,0.01244,24,239.85
2020-03-16,2020-04-09,323.0,put,80.78,81.78,81.28,48.68,0,24,0.01488,-1.0,24,239.85
2020-03-16,2020-04-09,324.0,call,0.1,0.14,0.12,0.1,0,3,0.50267,0.01168,24,239.85
2020-03-16,2020-04-09,324.0,put,81.77,82.77,82.27,48.37,0,15,0.01488,-1.0,24,239.85
2020-03-16,2020-04-09,325.0,call,0.09,0.13,0.11,0.13,7,246,0.50267,0.01097,24,239.85
2020-03-16,2020-04-09,325.0,put,82.98,83.85,83.41,74.62,0,320,0.01488,-1.0,24,239.85
2020-03-16,2020-04-09,326.0,call,0.08,0.13,0.11,0.1,0,17,0.50267,0.0103,24,239.85
2020-03-16,2020-04-09,326.0,put,83.75,84.77,84.26,71.98,0,11,0.01488,-1.0,24,239.85
2020-03-16,2020-04-09,327.0,call,0.08,0.12,0.1,0.3,0,11,0.50267,0.00967,24,239.85
2020-03-16,2020-04-09,327.0,put,84.99,85.75,85.37,76.49,0,11,0.01488,-1.0,24,239.85
2020-03-16,2020-04-09,327.5,call,0.07,0.12,0.1,0.07,0,1151,0.50267,0.00937,24,239.85
2020-03-16,2020-04-09,327.5,put,85.25,86.28,85.77,74.83,4,365,0.01488,-1.0,24,239.85
2020-03-16,2020-04-09,328.0,call,0.07,0.11,0.09,0.08,0,29,0.50267,0.00907,24,239.85
2020-03-16,2020-04-09,328.0,put,85.73,86.76,86.25,53.85,0,5,0.01488,-1.0,24,239.85
2020-03-16,2020-04-09,329.0,call,0.07,0.11,0.09,0.15,0,8,0.50267,0.00851,24,239.85
2020-03-16,2020-04-09,329.0,put,86.72,87.73,87.22,87.55,2,5,0.01488,-1.0,24,239.85
2020-03-16,2020-04-09,330.0,call,0.06,0.1,0.08,0.07,34,634,0.50267,0.00798,24,239.85
2020-03-16,2020-04-09,330.0,put,87.52,88.84,88.18,83.82,4,12,0.01488,-1.0,24,239.85
2020-03-16,2020-04-09,331.0,call,0.06,0.1,0.08,0.08,8,53,0.51243,0.00855,24,239.85
2020-03-16,2020-04-09,331.0,put,88.96,89.7,89.33,84.31,4,2,0.01488,-1.0,24,239.85
2020-03-16,2020-04-09,332.5,call,0.05,0.09,0.07,0.06,0,216,0.50267,0.00679,24,239.85
2020-03-16,2020-04-09,332.5,put,89.98,91.33,90.66,60.66,0,10,0.01488,-1.0,24,239.85
2020-03-16,2020-04-09,335.0,call,0.04,0.08,0.06,0.08,40,233,0.50267,0.00576,24,239.85
2020-03-16,2020-04-09,335.0,put,92.69,93.74,93.22,81.47,0,4,0.01488,-1.0,24,239.85
2020-03-16,2020-04-09,337.5,call,0.03,0.07,0.05,0.08,6,0,0.50267,0.00488,24,239.85
2020-03-16,2020-04-09,337.5,put,95.19,96.23,95.71,90.81,2,2,0.01488,-1.0,24,239.85
2020-03-16,2020-04-09,340.0,call,0.04,0.07,0.06,0.06,21,1210,0.53194,0.00641,24,239.85
2020-03-16,2020-04-09,340.0,put,97.58,98.81,98.19,33.71,0,31,0.01488,-1.0,24,239.85
2020-03-16,2020-04-09,342.5,call,0.02,0.06,0.04,0.05,1,58,0.51243,0.00409,24,239.85
2020-03-16,2020-04-09,342.5,put,100.17,101.24,100.7,0.0,0,0,0.01488,-1.0,24,239.85
2020-03-16,2020-04-09,345.0,call,0.02,0.06,0.04,0.06,2,111,0.52218,0.00406,24,239.85
2020-03-16,2020-04-09,345.0,put,102.88,103.83,103.35,0.0,0,0,0.01488,-1.0,24,239.85
2020-03-16,2020-04-09,347.5,call,0.02,0.06,0.04,0.05,0,10,0.53194,0.00404,24,239.85
2020-03-16,2020-04-09,347.5,put,105.14,106.23,105.69,0.0,0,0,0.01488,-1.0,24,239.85
2020-03-16,2020-04-09,350.0,call,0.02,0.05,0.04,0.05,26,351,0.54169,0.00402,24,239.85
2020-03-16,2020-04-09,350.0,put,106.6,109.5,108.05,0.0,0,0,0.01488,-1.0,24,239.85
2020-03-16,2020-04-09,355.0,call,0.01,0.05,0.03,0.04,1,0,0.54169,0.00296,24,239.85
2020-03-16,2020-04-09,355.0,put,111.6,114.49,113.04,0.0,0,0,0.01488,-1.0,24,239.85
2020-03-16,2020-04-09,360.0,call,0.01,0.04,0.03,0.03,41,0,0.56121,0.00299,24,239.85
2020-03-16,2020-04-09,360.0,put,116.59,119.49,118.04,0.0,0,0,0.01488,-1.0,24,239.85
2020-03-16,2020-04-13,130.0,call,112.02,114.86,113.44,113.5,10,0,1.68313,0.93911,28,239.85
2020-03-16,2020-04-13,130.0,put,0.48,0.53,0.51,0.52,672,0,1.12705,-0.01705,28,239.85
2020-03-16,2020-04-13,135.0,call,107.03,109.83,108.43,0.0,0,0,1.59533,0.93601,28,239.85
2020-03-16,2020-04-13,135.0,put,0.59,0.64,0.61,0.69,212,466,1.09778,-0.02053,28,239.85
2020-03-16,2020-04-13,140.0,call,102.12,104.89,103.5,0.0,0,0,1.51728,0.93211,28,239.85
2020-03-16,2020-04-13,140.0,put,0.73,0.79,0.76,0.93,768,456,1.07827,-0.02543,28,239.85
2020-03-16,2020-04-13,145.0,call,97.21,99.95,98.58,0.0,0,0,1.44899,0.92719,28,239.85
2020-03-16,2020-04-13,145.0,put,0.9,0.97,0.94,0.97,97,21,1.05875,-0.03119,28,239.85
2020-03-16,2020-04-13,150.0,call,92.35,95.03,93.69,0.0,0,0,1.3807,0.92207,28,239.85
2020-03-16,2020-04-13,150.0,put,1.11,1.18,1.15,1.18,477,81,1.03924,-0.03793,28,239.85
2020-03-16,2020-04-13,155.0,call,87.53,90.17,88.85,0.0,0,0,1.32216,0.91556,28,239.85
2020-03-16,2020-04-13,155.0,put,1.36,1.44,1.4,1.67,121,105,1.01973,-0.04573,28,239.85
2020-03-16,2020-04-13,160.0,call,82.77,85.35,84.06,0.0,0,0,1.26363,0.90861,28,239.85
2020-03-16,2020-04-13,160.0,put,1.66,1.76,1.71,1.99,1252,114,1.00022,-0.05474,28,239.85
2020-03-16,2020-04-13,165.0,call,78.09,80.61,79.35,0.0,0,0,1.21485,0.89982,28,239.85
2020-03-16,2020-04-13,165.0,put,2.03,2.13,2.08,2.06,492,970,0.98071,-0.06506,28,239.85
2020-03-16,2020-04-13,170.0,call,73.49,75.95,74.72,0.0,0,0,1.17583,0.88884,28,239.85
2020-03-16,2020-04-13,170.0,put,2.46,2.57,2.51,2.57,225,729,0.9612,-0.07682,28,239.85
2020-03-16,2020-04-13,175.0,call,68.99,71.37,70.18,0.0,0,0,1.1368,0.87681,28,239.85
2020-03-16,2020-04-13,175.0,put,2.97,3.09,3.03,3.55,422,170,0.95144,-0.09197,28,239.85
2020-03-16,2020-04-13,180.0,call,64.58,66.88,65.73,0.0,0,0,1.09778,0.86363,28,239.85
2020-03-16,2020-04-13,180.0,put,3.54,3.69,3.62,3.53,1574,939,0.93193,-0.10713,28,239.85
2020-03-16,2020-04-13,185.0,call,60.27,62.5,61.39,0.0,0,0,1.06851,0.84756,28,239.85
2020-03-16,2020-04-13,185.0,put,4.22,4.39,4.3,4.74,302,305,0.92217,-0.12609,28,239.85
2020-03-16,2020-04-13,190.0,call,56.07,58.22,57.14,0.0,0,0,1.03924,0.82997,28,239.85
2020-03-16,2020-04-13,190.0,put,4.99,5.18,5.08,5.98,203,200,0.90266,-0.1451,28,239.85
2020-03-16,2020-04-13,195.0,call,51.97,54.04,53.0,0.0,0,0,1.01973,0.80917,28,239.85
2020-03-16,2020-04-13,195.0,put,5.85,6.07,5.96,7.0,360,307,0.89291,-0.16815,28,239.85
2020-03-16,2020-04-13,200.0,call,47.99,49.99,48.99,57.48,0,1,0.99046,0.7882,28,239.85
2020-03-16,2020-04-13,200.0,put,6.83,7.07,6.95,7.64,2932,2036,0.87339,-0.19137,28,239.85
2020-03-16,2020-04-13,205.0,call,44.14,46.06,45.1,0.0,0,0,0.97095,0.76393,28,239.85
2020-03-16,2020-04-13,205.0,put,7.91,8.18,8.04,9.28,235,352,0.86364,-0.21865,28,239.85
2020-03-16,2020-04-13,210.0,call,40.28,42.14,41.21,0.0,0,0,0.94168,0.73915,28,239.85
2020-03-16,2020-04-13,210.0,put,9.12,9.41,9.27,8.96,951,520,0.84413,-0.2463,28,239.85
2020-03-16,2020-04-13,215.0,call,36.67,38.46,37.56,0.0,0,0,0.92217,0.71113,28,239.85
2020-03-16,2020-04-13,215.0,put,10.45,10.6,10.52,10.5,291,170,0.82461,-0.27628,28,239.85
2020-03-16,2020-04-13,220.0,call,33.75,34.45,34.1,0.0,0,0,0.90266,0.68129,28,239.85
2020-03-16,2020-04-13,220.0,put,11.91,12.26,12.09,12.31,959,1087,0.81486,-0.30979,28,239.85
2020-03-16,2020-04-13,225.0,call,30.38,31.06,30.72,33.7,12,0,0.88315,0.64965,28,239.85
2020-03-16,2020-04-13,225.0,put,13.52,13.89,13.71,15.59,162,490,0.79535,-0.34415,28,239.85
2020-03-16,2020-04-13,230.0,call,27.16,27.81,27.48,33.15,0,2,0.85388,0.61653,28,239.85
2020-03-16,2020-04-13,230.0,put,15.27,15.67,15.47,15.16,674,715,0.77583,-0.38076,28,239.85
2020-03-16,2020-04-13,235.0,call,24.09,24.71,24.4,33.23,0,3,0.83437,0.58113,28,239.85
2020-03-16,2020-04-13,235.0,put,17.17,17.6,17.39,19.76,230,931,0.75632,-0.4195,28,239.85
2020-03-16,2020-04-13,239.0,call,21.74,22.39,22.06,20.32,1,0,0.81486,0.55149,28,239.85
2020-03-16,2020-04-13,239.0,put,18.75,19.25,19.0,21.44,11,0,0.73681,-0.45209,28,239.85
2020-03-16,2020-04-13,240.0,call,21.21,21.75,21.48,20.15,19,105,0.81486,0.54416,28,239.85
2020-03-16,2020-04-13,240.0,put,19.21,19.67,19.44,21.8,621,1970,0.73681,-0.46021,28,239.85
2020-03-16,2020-04-13,241.0,call,20.66,21.23,20.95,20.6,7,0,0.81486,0.53685,28,239.85
2020-03-16,2020-04-13,241.0,put,19.6,20.11,19.86,17.3,2,0,0.72706,-0.46896,28,239.85
2020-03-16,2020-04-13,242.0,call,20.04,20.67,20.36,19.64,3,0,0.8051,0.52883,28,239.85
2020-03-16,2020-04-13,242.0,put,20.03,20.55,20.29,21.28,49,0,0.72706,-0.47714,28,239.85
2020-03-16,2020-04-13,243.0,call,19.48,20.11,19.8,18.54,16,0,0.8051,0.52147,28,239.85
2020-03-16,2020-04-13,243.0,put,20.47,21.0,20.73,21.05,24,119,0.7173,-0.48619,28,239.85
2020-03-16,2020-04-13,244.0,call,18.94,19.56,19.25,0.0,0,0,0.79535,0.51322,28,239.85
2020-03-16,2020-04-13,244.0,put,20.91,21.45,21.18,22.05,131,4,0.7173,-0.49443,28,239.85
2020-03-16,2020-04-13,245.0,call,18.4,18.96,18.68,18.04,549,123,0.79535,0.50581,28,239.85
2020-03-16,2020-04-13,245.0,put,21.41,21.9,21.66,24.0,382,763,0.70754,-0.50377,28,239.85
2020-03-16,2020-04-13,246.0,call,17.92,18.47,18.2,18.46,4,0,0.78559,0.49733,28,239.85
2020-03-16,2020-04-13,246.0,put,21.82,22.37,22.09,20.22,16,10,0.70754,-0.51206,28,239.85
2020-03-16,2020-04-13,247.0,call,17.34,17.93,17.63,17.14,2,0,0.78559,0.4899,28,239.85
2020-03-16,2020-04-13,247.0,put,22.29,22.84,22.56,21.15,33,4,0.69779,-0.52168,28,239.85
2020-03-16,2020-04-13,248.0,call,16.87,17.41,17.14,15.85,3,0,0.77583,0.48119,28,239.85
2020-03-16,2020-04-13,248.0,put,22.26,24.02,23.14,24.73,31,16,0.69779,-0.53,28,239.85
2020-03-16,2020-04-13,249.0,call,16.3,16.88,16.59,18.19,2,0,0.77583,0.47373,28,239.85
2020-03-16,2020-04-13,249.0,put,22.73,24.51,23.62,20.07,64,28,0.69779,-0.53828,28,239.85
2020-03-16,2020-04-13,250.0,call,15.79,16.32,16.05,15.83,33,40,0.76608,0.4648,28,239.85
2020-03-16,2020-04-13,250.0,put,23.26,24.98,24.12,24.78,362,567,0.68803,-0.54824,28,239.85
2020-03-16,2020-04-13,251.0,call,15.29,15.86,15.57,16.1,797,776,0.76608,0.45733,28,239.85
2020-03-16,2020-04-13,251.0,put,23.69,25.5,24.59,21.92,16,23,0.68803,-0.55652,28,239.85
2020-03-16,2020-04-13,252.0,call,14.8,15.36,15.08,13.92,12,8,0.75632,0.44819,28,239.85
2020-03-16,2020-04-13,252.0,put,24.27,25.99,25.13,22.17,68,59,0.67828,-0.56674,28,239.85
2020-03-16,2020-04-13,253.0,call,14.31,14.86,14.59,19.24,5,2,0.75632,0.44072,28,239.85
2020-03-16,2020-04-13,253.0,put,24.76,26.61,25.69,23.4,11,22,0.67828,-0.57502,28,239.85
2020-03-16,2020-04-13,254.0,call,13.82,14.37,14.09,16.47,18,3,0.74657,0.43137,28,239.85
2020-03-16,2020-04-13,254.0,put,25.26,27.13,26.2,26.05,41,61,0.66852,-0.58549,28,239.85
2020-03-16,2020-04-13,255.0,call,13.39,13.84,13.62,13.0,26,42,0.74657,0.42391,28,239.85
2020-03-16,2020-04-13,255.0,put,25.74,27.66,26.7,29.24,136,463,0.66852,-0.59374,28,239.85
2020-03-16,2020-04-13,256.0,call,12.88,13.41,13.14,11.6,1550,1547,0.73681,0.41436,28,239.85
2020-03-16,2020-04-13,256.0,put,26.28,28.19,27.23,24.47,45,198,0.65876,-0.60444,28,239.85
2020-03-16,2020-04-13,257.0,call,12.41,12.94,12.68,13.07,35,91,0.73681,0.40693,28,239.85
2020-03-16,2020-04-13,257.0,put,26.8,28.73,27.77,29.0,47,186,0.65876,-0.61265,28,239.85
2020-03-16,2020-04-13,258.0,call,11.96,12.47,12.21,13.16,23,22,0.72706,0.3972,28,239.85
2020-03-16,2020-04-13,258.0,put,27.24,29.16,28.2,30.0,33,189,0.64901,-0.62357,28,239.85
2020-03-16,2020-04-13,259.0,call,11.5,12.01,11.75,15.67,11,26,0.7173,0.38731,28,239.85
2020-03-16,2020-04-13,259.0,put,27.86,29.83,28.84,25.55,17,77,0.63925,-0.63467,28,239.85
2020-03-16,2020-04-13,260.0,call,11.1,11.51,11.3,10.83,291,138,0.7173,0.3799,28,239.85
2020-03-16,2020-04-13,260.0,put,28.4,30.39,29.39,29.48,66,184,0.63925,-0.64282,28,239.85
2020-03-16,2020-04-13,261.0,call,10.62,11.11,10.86,12.31,752,754,0.70754,0.36985,28,239.85
2020-03-16,2020-04-13,261.0,put,28.94,30.95,29.95,29.35,12,65,0.6295,-0.6541,28,239.85
2020-03-16,2020-04-13,262.0,call,10.19,10.67,10.43,11.28,6,13,0.70754,0.3625,28,239.85
2020-03-16,2020-04-13,262.0,put,29.46,31.5,30.48,26.58,1,142,0.61974,-0.66555,28,239.85
2020-03-16,2020-04-13,263.0,call,9.76,10.24,10.0,9.2,13,4,0.69779,0.3523,28,239.85
2020-03-16,2020-04-13,263.0,put,30.02,32.08,31.05,20.5,0,2,0.61974,-0.67359,28,239.85
2020-03-16,2020-04-13,264.0,call,9.34,9.81,9.57,11.09,3,3,0.69779,0.34503,28,239.85
2020-03-16,2020-04-13,264.0,put,30.52,32.57,31.55,27.01,7,31,0.60999,-0.68518,28,239.85
2020-03-16,2020-04-13,265.0,call,8.93,9.35,9.14,8.88,136,55,0.68803,0.3347,28,239.85
2020-03-16,2020-04-13,265.0,put,31.09,33.16,32.12,32.0,54,685,0.60023,-0.69691,28,239.85
2020-03-16,2020-04-13,266.0,call,8.53,8.97,8.75,8.25,2,1,0.67828,0.32423,28,239.85
2020-03-16,2020-04-13,266.0,put,31.66,33.76,32.71,35.0,17,18,0.59047,-0.70877,28,239.85
2020-03-16,2020-04-13,267.0,call,8.13,8.56,8.35,7.0,1,10,0.67828,0.31709,28,239.85
2020-03-16,2020-04-13,267.0,put,32.25,34.44,33.34,36.0,4,7,0.58072,-0.72076,28,239.85
2020-03-16,2020-04-13,268.0,call,7.73,8.16,7.95,7.0,9,11,0.66852,0.30653,28,239.85
2020-03-16,2020-04-13,268.0,put,32.84,35.05,33.95,31.02,2,3,0.58072,-0.72852,28,239.85
2020-03-16,2020-04-13,269.0,call,7.35,7.77,7.56,9.0,164,9,0.65876,0.29586,28,239.85
2020-03-16,2020-04-13,269.0,put,33.43,35.68,34.55,32.3,6,9,0.57096,-0.74054,28,239.85
2020-03-16,2020-04-13,270.0,call,7.01,7.34,7.17,6.97,84,85,0.65876,0.28887,28,239.85
2020-03-16,2020-04-13,270.0,put,34.1,36.37,35.23,37.76,105,611,0.56121,-0.75264,28,239.85
2020-03-16,2020-04-13,271.0,call,6.6,7.0,6.8,6.07,163,63,0.64901,0.27815,28,239.85
2020-03-16,2020-04-13,271.0,put,34.65,36.94,35.8,27.75,1,20,0.55145,-0.7648,28,239.85
2020-03-16,2020-04-13,272.0,call,6.24,6.63,6.44,11.0,2,31,0.63925,0.26735,28,239.85
2020-03-16,2020-04-13,272.0,put,35.27,37.59,36.43,30.0,0,21,0.54169,-0.777,28,239.85
2020-03-16,2020-04-13,273.0,call,5.92,6.26,6.09,9.53,6,12,0.63925,0.26058,28,239.85
2020-03-16,2020-04-13,273.0,put,35.91,38.26,37.08,22.94,0,22,0.53194,-0.78922,28,239.85
2020-03-16,2020-04-13,274.0,call,5.54,5.91,5.72,5.49,6,39,0.6295,0.24977,28,239.85
2020-03-16,2020-04-13,274.0,put,36.5,38.97,37.73,22.1,0,335,0.52218,-0.80143,28,239.85
2020-03-16,2020-04-13,275.0,call,5.23,5.53,5.38,4.52,59,144,0.61974,0.23892,28,239.85
2020-03-16,2020-04-13,275.0,put,37.19,39.6,38.39,39.0,23,387,0.51243,-0.81361,28,239.85
2020-03-16,2020-04-13,276.0,call,4.91,5.23,5.07,5.2,20,183,0.61974,0.23241,28,239.85
2020-03-16,2020-04-13,276.0,put,37.84,40.28,39.06,35.54,6,36,0.50267,-0.82571,28,239.85
2020-03-16,2020-04-13,277.0,call,4.56,4.9,4.73,6.41,7,18,0.60999,0.22162,28,239.85
2020-03-16,2020-04-13,277.0,put,38.5,40.97,39.73,34.0,6,136,0.49292,-0.83772,28,239.85
2020-03-16,2020-04-13,278.0,call,4.29,4.59,4.44,6.78,3,43,0.60023,0.21081,28,239.85
2020-03-16,2020-04-13,278.0,put,39.18,41.67,40.42,43.0,5,116,0.48316,-0.84959,28,239.85
2020-03-16,2020-04-13,279.0,call,3.96,4.28,4.12,3.61,1,0,0.59047,0.20001,28,239.85
2020-03-16,2020-04-13,279.0,put,39.88,42.41,41.14,36.74,1,34,0.4734,-0.86129,28,239.85
2020-03-16,2020-04-13,280.0,call,3.72,3.96,3.84,3.06,400,1237,0.59047,0.19395,28,239.85
2020-03-16,2020-04-13,280.0,put,40.51,43.15,41.83,42.73,39,224,0.45389,-0.87835,28,239.85
2020-03-16,2020-04-13,281.0,call,3.44,3.71,3.58,2.91,240,102,0.58072,0.18331,28,239.85
2020-03-16,2020-04-13,281.0,put,41.22,43.88,42.55,25.0,0,15,0.44414,-0.88955,28,239.85
2020-03-16,2020-04-13,282.0,call,3.18,3.44,3.31,5.55,242,20,0.57096,0.17272,28,239.85
2020-03-16,2020-04-13,282.0,put,41.96,44.58,43.27,46.66,1,33,0.42462,-0.90593,28,239.85
2020-03-16,2020-04-13,283.0,call,2.93,3.15,3.04,4.62,250,298,0.56121,0.16222,28,239.85
2020-03-16,2020-04-13,283.0,put,42.69,45.34,44.02,45.83,3,11,0.40511,-0.9217,28,239.85
2020-03-16,2020-04-13,284.0,call,2.67,2.91,2.79,2.61,13,27,0.56121,0.15672,28,239.85
2020-03-16,2020-04-13,284.0,put,43.41,46.09,44.75,34.03,0,1,0.3856,-0.9366,28,239.85
2020-03-16,2020-04-13,285.0,call,2.48,2.68,2.58,2.27,51,300,0.55145,0.14649,28,239.85
2020-03-16,2020-04-13,285.0,put,44.18,46.88,45.53,39.01,0,204,0.35633,-0.95509,28,239.85
2020-03-16,2020-04-13,286.0,call,2.26,2.48,2.37,2.08,168,200,0.54169,0.1364,28,239.85
2020-03-16,2020-04-13,286.0,put,44.94,47.67,46.3,41.0,1,2,0.31731,-0.97478,28,239.85
2020-03-16,2020-04-13,287.0,call,2.04,2.27,2.16,2.01,12,307,0.54169,0.13138,28,239.85
2020-03-16,2020-04-13,287.0,put,45.72,48.48,47.1,38.62,0,0,0.21,-0.99887,28,239.85
2020-03-16,2020-04-13,288.0,call,1.88,2.05,1.96,3.04,14,0,0.53194,0.12165,28,239.85
2020-03-16,2020-04-13,288.0,put,46.61,49.4,48.0,0.0,0,0,0.01488,-1.0,28,239.85
2020-03-16,2020-04-13,289.0,call,1.72,1.88,1.8,2.75,40,242,0.52218,0.11213,28,239.85
2020-03-16,2020-04-13,289.0,put,47.42,50.23,48.83,51.41,2,13,0.01488,-1.0,28,239.85
2020-03-16,2020-04-13,290.0,call,1.56,1.7,1.63,1.26,59,76,0.51243,0.10285,28,239.85
2020-03-16,2020-04-13,290.0,put,48.22,51.04,49.63,53.99,34,69,0.01488,-1.0,28,239.85
2020-03-16,2020-04-13,291.0,call,1.41,1.55,1.48,3.2,8,85,0.51243,0.09857,28,239.85
2020-03-16,2020-04-13,291.0,put,49.06,51.89,50.48,49.0,1,1,0.01488,-1.0,28,239.85
2020-03-16,2020-04-13,292.0,call,1.27,1.4,1.33,1.19,7,101,0.50267,0.08978,28,239.85
2020-03-16,2020-04-13,292.0,put,49.91,52.76,51.33,47.45,1,3,0.01488,-1.0,28,239.85
2020-03-16,2020-04-13,293.0,call,1.15,1.27,1.21,1.03,61,58,0.50267,0.08586,28,239.85
2020-03-16,2020-04-13,293.0,put,50.78,53.64,52.21,48.39,1,1,0.01488,-1.0,28,239.85
2020-03-16,2020-04-13,294.0,call,1.03,1.16,1.09,0.89,439,63,0.49292,0.0776,28,239.85
2020-03-16,2020-04-13,294.0,put,51.64,54.5,53.07,0.0,0,0,0.01488,-1.0,28,239.85
2020-03-16,2020-04-13,295.0,call,0.93,1.04,0.99,0.8,26,347,0.49292,0.07405,28,239.85
2020-03-16,2020-04-13,295.0,put,52.48,55.35,53.91,51.27,18,30,0.01488,-1.0,28,239.85
2020-03-16,2020-04-13,296.0,call,0.84,0.95,0.9,0.71,11,476,0.48316,0.06635,28,239.85
2020-03-16,2020-04-13,296.0,put,53.44,56.31,54.88,43.91,0,0,0.01488,-1.0,28,239.85
2020-03-16,2020-04-13,297.0,call,0.76,0.87,0.81,2.2,21,198,0.48316,0.06317,28,239.85
2020-03-16,2020-04-13,297.0,put,54.35,57.23,55.79,60.02,1,1,0.01488,-1.0,28,239.85
2020-03-16,2020-04-13,298.0,call,0.69,0.79,0.74,1.03,84,239,0.4734,0.05608,28,239.85
2020-03-16,2020-04-13,298.0,put,55.28,58.16,56.72,53.5,3,1,0.01488,-1.0,28,239.85
2020-03-16,2020-04-13,299.0,call,0.63,0.72,0.68,0.54,56,75,0.4734,0.05325,28,239.85
2020-03-16,2020-04-13,299.0,put,56.22,59.09,57.66,25.4,0,6,0.01488,-1.0,28,239.85
2020-03-16,2020-04-13,300.0,call,0.57,0.66,0.61,0.46,408,846,0.4734,0.05054,28,239.85
2020-03-16,2020-04-13,300.0,put,57.16,60.04,58.6,56.39,26,34,0.01488,-1.0,28,239.85
2020-03-16,2020-04-13,301.0,call,0.52,0.61,0.56,0.5,7,0,0.46365,0.04431,28,239.85
2020-03-16,2020-04-13,301.0,put,58.11,60.99,59.55,46.42,0,0,0.01488,-1.0,28,239.85
2020-03-16,2020-04-13,302.0,call,0.48,0.56,0.52,0.45,66,371,0.46365,0.04194,28,239.85
2020-03-16,2020-04-13,302.0,put,59.06,61.94,60.5,0.0,0,0,0.01488,-1.0,28,239.85
2020-03-16,2020-04-13,303.0,call,0.44,0.52,0.48,0.44,270,87,0.46365,0.03969,28,239.85
2020-03-16,2020-04-13,303.0,put,60.02,62.9,61.46,0.0,0,0,0.01488,-1.0,28,239.85
2020-03-16,2020-04-13,304.0,call,0.41,0.48,0.44,0.4,20,70,0.46365,0.03754,28,239.85
2020-03-16,2020-04-13,304.0,put,60.98,63.87,62.42,0.0,0,0,0.01488,-1.0,28,239.85
2020-03-16,2020-04-13,305.0,call,0.38,0.45,0.42,0.93,46,122,0.46365,0.0355,28,239.85
2020-03-16,2020-04-13,305.0,put,61.95,64.84,63.4,61.12,2,15,0.01488,-1.0,28,239.85
2020-03-16,2020-04-13,310.0,call,0.28,0.33,0.31,0.26,95,654,0.46365,0.02667,28,239.85
2020-03-16,2020-04-13,310.0,put,66.83,69.73,68.28,68.91,1,19,0.01488,-1.0,28,239.85
2020-03-16,2020-04-13,315.0,call,0.21,0.26,0.23,0.22,12,157,0.46365,0.01985,28,239.85
2020-03-16,2020-04-13,315.0,put,71.76,74.67,73.22,73.89,1,11,0.01488,-1.0,28,239.85
2020-03-16,2020-04-13,320.0,call,0.15,0.2,0.17,0.18,685,176,0.4734,0.01651,28,239.85
2020-03-16,2020-04-13,320.0,put,76.71,79.62,78.16,44.31,0,11,0.01488,-1.0,28,239.85
2020-03-16,2020-04-13,325.0,call,0.11,0.16,0.14,0.13,270,607,0.48316,0.01383,28,239.85
2020-03-16,2020-04-13,325.0,put,81.68,84.59,83.14,72.09,0,1,0.01488,-1.0,28,239.85
2020-03-16,2020-04-13,330.0,call,0.07,0.09,0.08,0.08,116,263,0.46365,0.00778,28,239.85
2020-03-16,2020-04-13,330.0,put,86.66,89.56,88.11,81.84,1,0,0.01488,-1.0,28,239.85
2020-03-16,2020-04-13,335.0,call,0.05,0.1,0.08,0.1,16,91,0.48316,0.00758,28,239.85
2020-03-16,2020-04-13,335.0,put,91.64,94.55,93.09,0.0,0,0,0.01488,-1.0,28,239.85
2020-03-16,2020-04-13,340.0,call,0.05,0.08,0.07,0.09,175,393,0.49292,0.00646,28,239.85
2020-03-16,2020-04-13,340.0,put,96.63,99.53,98.08,91.72,1,1,0.01488,-1.0,28,239.85
2020-03-16,2020-04-15,130.0,call,112.0,114.83,113.41,0.0,0,0,1.62459,0.93923,30,239.85
2020-03-16,2020-04-15,130.0,put,0.55,0.6,0.57,0.66,525,118,1.10753,-0.01838,30,239.85
2020-03-16,2020-04-15,135.0,call,107.06,109.85,108.45,0.0,0,0,1.54655,0.93555,30,239.85
2020-03-16,2020-04-15,135.0,put,0.68,0.73,0.71,0.75,140,225,1.08802,-0.02279,30,239.85
2020-03-16,2020-04-15,140.0,call,102.16,104.91,103.53,0.0,0,0,1.4685,0.93186,30,239.85
2020-03-16,2020-04-15,140.0,put,0.83,0.9,0.86,0.83,574,62,1.05875,-0.02705,30,239.85
2020-03-16,2020-04-15,145.0,call,97.27,99.98,98.62,0.0,0,0,1.40021,0.92716,30,239.85
2020-03-16,2020-04-15,145.0,put,1.02,1.09,1.06,1.1,183,59,1.049,-0.03404,30,239.85
2020-03-16,2020-04-15,150.0,call,92.43,95.09,93.76,0.0,0,0,1.34167,0.92119,30,239.85
2020-03-16,2020-04-15,150.0,put,1.26,1.33,1.29,1.32,1333,453,1.02949,-0.04105,30,239.85
2020-03-16,2020-04-15,155.0,call,87.64,90.26,88.95,0.0,0,0,1.28314,0.91486,30,239.85
2020-03-16,2020-04-15,155.0,put,1.54,1.62,1.58,1.69,202,212,1.00998,-0.04914,30,239.85
2020-03-16,2020-04-15,160.0,call,82.92,85.48,84.2,0.0,0,0,1.23436,0.90684,30,239.85
2020-03-16,2020-04-15,160.0,put,1.87,1.97,1.92,2.25,222,273,0.99046,-0.05839,30,239.85
2020-03-16,2020-04-15,165.0,call,78.29,80.78,79.53,0.0,0,0,1.19534,0.8968,30,239.85
2020-03-16,2020-04-15,165.0,put,2.27,2.38,2.33,2.45,1064,1103,0.98071,-0.07054,30,239.85
2020-03-16,2020-04-15,170.0,call,73.73,76.16,74.94,0.0,0,0,1.14656,0.88727,30,239.85
2020-03-16,2020-04-15,170.0,put,2.75,2.86,2.8,2.89,616,606,0.9612,-0.08262,30,239.85
2020-03-16,2020-04-15,175.0,call,69.27,71.63,70.45,0.0,0,0,1.11729,0.87388,30,239.85
2020-03-16,2020-04-15,175.0,put,3.29,3.42,3.35,3.23,204,343,0.95144,-0.09804,30,239.85
2020-03-16,2020-04-15,180.0,call,64.91,67.19,66.05,0.0,0,0,1.08802,0.85924,30,239.85
2020-03-16,2020-04-15,180.0,put,3.9,4.06,3.98,4.86,975,491,0.93193,-0.11338,30,239.85
2020-03-16,2020-04-15,185.0,call,60.64,62.85,61.75,0.0,0,0,1.05875,0.84325,30,239.85
2020-03-16,2020-04-15,185.0,put,4.61,4.82,4.71,5.38,320,406,0.92217,-0.1324,30,239.85
2020-03-16,2020-04-15,190.0,call,56.48,58.61,57.55,67.0,0,2,1.02949,0.82579,30,239.85
2020-03-16,2020-04-15,190.0,put,5.41,5.63,5.52,6.0,667,340,0.90266,-0.15139,30,239.85
2020-03-16,2020-04-15,195.0,call,52.43,54.48,53.45,0.0,0,0,1.00022,0.80676,30,239.85
2020-03-16,2020-04-15,195.0,put,6.32,6.55,6.44,7.21,281,307,0.89291,-0.17425,30,239.85
2020-03-16,2020-04-15,200.0,call,48.38,50.36,49.37,0.0,0,0,0.98071,0.78452,30,239.85
2020-03-16,2020-04-15,200.0,put,7.32,7.6,7.46,7.68,2456,1882,0.87339,-0.1972,30,239.85
2020-03-16,2020-04-15,205.0,call,44.55,46.46,45.5,0.0,0,0,0.95144,0.76199,30,239.85
2020-03-16,2020-04-15,205.0,put,8.43,8.74,8.59,9.9,761,176,0.85388,-0.22226,30,239.85
2020-03-16,2020-04-15,210.0,call,40.83,42.68,41.75,0.0,0,0,0.93193,0.73624,30,239.85
2020-03-16,2020-04-15,210.0,put,9.67,9.99,9.83,10.0,723,360,0.84413,-0.2511,30,239.85
2020-03-16,2020-04-15,215.0,call,37.25,39.03,38.14,0.0,0,0,0.91242,0.70874,30,239.85
2020-03-16,2020-04-15,215.0,put,11.02,11.39,11.21,12.46,202,182,0.82461,-0.28038,30,239.85
2020-03-16,2020-04-15,220.0,call,34.4,35.15,34.77,32.38,1,20,0.89291,0.67948,30,239.85
2020-03-16,2020-04-15,220.0,put,12.51,12.89,12.7,13.16,813,659,0.8051,-0.31187,30,239.85
2020-03-16,2020-04-15,225.0,call,31.06,31.78,31.42,34.49,2,1,0.87339,0.6485,30,239.85
2020-03-16,2020-04-15,225.0,put,14.14,14.55,14.35,15.95,549,763,0.79535,-0.34634,30,239.85
2020-03-16,2020-04-15,230.0,call,27.86,28.55,28.2,30.0,143,6,0.85388,0.61583,30,239.85
2020-03-16,2020-04-15,230.0,put,15.91,16.35,16.13,18.11,596,701,0.77583,-0.38183,30,239.85
2020-03-16,2020-04-15,235.0,call,24.8,25.47,25.13,0.0,0,0,0.83437,0.58155,30,239.85
2020-03-16,2020-04-15,235.0,put,17.83,18.3,18.06,19.0,1140,197,0.75632,-0.41934,30,239.85
2020-03-16,2020-04-15,240.0,call,21.92,22.53,22.23,20.16,39,1,0.81486,0.54578,30,239.85
2020-03-16,2020-04-15,240.0,put,19.9,20.4,20.15,22.51,1146,985,0.73681,-0.45873,30,239.85
2020-03-16,2020-04-15,243.0,call,20.21,20.83,20.52,19.67,18,0,0.79535,0.523,30,239.85
2020-03-16,2020-04-15,243.0,put,21.21,21.73,21.47,23.7,86,0,0.7173,-0.4839,30,239.85
2020-03-16,2020-04-15,244.0,call,19.67,20.28,19.98,18.8,11,0,0.79535,0.51583,30,239.85
2020-03-16,2020-04-15,244.0,put,21.65,22.18,21.91,22.08,77,14,0.7173,-0.49186,30,239.85
2020-03-16,2020-04-15,245.0,call,19.13,19.74,19.43,17.86,62,0,0.79535,0.50867,30,239.85
2020-03-16,2020-04-15,245.0,put,22.11,22.64,22.38,24.02,306,528,0.7173,-0.4998,30,239.85
2020-03-16,2020-04-15,246.0,call,18.6,19.2,18.9,17.81,36,1,0.78559,0.50044,30,239.85
2020-03-16,2020-04-15,246.0,put,22.57,23.11,22.84,22.1,95,13,0.70754,-0.50893,30,239.85
2020-03-16,2020-04-15,247.0,call,18.07,18.67,18.37,17.77,7,1,0.78559,0.49326,30,239.85
2020-03-16,2020-04-15,247.0,put,23.03,23.58,23.3,23.33,21,3,0.70754,-0.5169,30,239.85
2020-03-16,2020-04-15,248.0,call,17.7,18.14,17.92,19.5,17,1,0.77583,0.48481,30,239.85
2020-03-16,2020-04-15,248.0,put,22.95,24.71,23.83,23.6,36,42,0.69779,-0.5263,30,239.85
2020-03-16,2020-04-15,249.0,call,17.09,17.62,17.36,16.0,12,0,0.77583,0.4776,30,239.85
2020-03-16,2020-04-15,249.0,put,23.48,25.18,24.33,23.19,141,27,0.69779,-0.53431,30,239.85
2020-03-16,2020-04-15,250.0,call,16.53,17.1,16.82,15.3,334,21,0.76608,0.46893,30,239.85
2020-03-16,2020-04-15,250.0,put,23.96,25.68,24.82,24.51,674,922,0.68803,-0.54398,30,239.85
2020-03-16,2020-04-15,251.0,call,16.03,16.59,16.31,21.06,5,4,0.76608,0.4617,30,239.85
2020-03-16,2020-04-15,251.0,put,24.47,26.28,25.38,26.63,40,16,0.68803,-0.55199,30,239.85
2020-03-16,2020-04-15,252.0,call,15.53,16.09,15.81,20.42,11,32,0.75632,0.45282,30,239.85
2020-03-16,2020-04-15,252.0,put,24.96,26.79,25.88,27.37,28,20,0.68803,-0.55995,30,239.85
2020-03-16,2020-04-15,253.0,call,15.04,15.59,15.31,13.8,33,33,0.75632,0.44559,30,239.85
2020-03-16,2020-04-15,253.0,put,25.43,27.3,26.37,25.54,23,53,0.67828,-0.56993,30,239.85
2020-03-16,2020-04-15,254.0,call,14.56,15.1,14.83,16.62,8,6,0.74657,0.43651,30,239.85
2020-03-16,2020-04-15,254.0,put,25.93,27.82,26.88,26.96,540,173,0.67828,-0.57789,30,239.85
2020-03-16,2020-04-15,255.0,call,14.08,14.62,14.35,13.0,33,106,0.74657,0.42929,30,239.85
2020-03-16,2020-04-15,255.0,put,26.46,28.24,27.35,30.0,300,2705,0.66852,-0.58811,30,239.85
2020-03-16,2020-04-15,256.0,call,13.61,14.14,13.88,15.15,8,1,0.73681,0.42,30,239.85
2020-03-16,2020-04-15,256.0,put,26.89,28.76,27.83,30.02,128,51,0.65876,-0.59852,30,239.85
2020-03-16,2020-04-15,257.0,call,13.14,13.67,13.41,14.0,12,0,0.73681,0.4128,30,239.85
2020-03-16,2020-04-15,257.0,put,27.5,29.46,28.48,0.0,0,0,0.65876,-0.60648,30,239.85
2020-03-16,2020-04-15,258.0,call,12.69,13.2,12.95,0.0,0,0,0.72706,0.40332,30,239.85
2020-03-16,2020-04-15,258.0,put,27.93,29.91,28.92,0.0,0,0,0.64901,-0.61711,30,239.85
2020-03-16,2020-04-15,259.0,call,12.23,12.74,12.48,17.63,1,0,0.72706,0.39615,30,239.85
2020-03-16,2020-04-15,259.0,put,28.52,30.39,29.45,0.0,0,0,0.64901,-0.62502,30,239.85
2020-03-16,2020-04-15,260.0,call,11.79,12.28,12.04,11.84,94,117,0.7173,0.3865,30,239.85
2020-03-16,2020-04-15,260.0,put,29.09,31.06,30.07,32.18,181,530,0.63925,-0.63586,30,239.85
2020-03-16,2020-04-15,261.0,call,11.34,11.83,11.59,0.0,0,0,0.7173,0.37938,30,239.85
2020-03-16,2020-04-15,261.0,put,29.63,31.67,30.65,30.67,1,0,0.63925,-0.6437,30,239.85
2020-03-16,2020-04-15,262.0,call,10.91,11.39,11.15,0.0,0,0,0.70754,0.36956,30,239.85
2020-03-16,2020-04-15,262.0,put,30.17,32.24,31.21,0.0,0,0,0.6295,-0.65471,30,239.85
2020-03-16,2020-04-15,263.0,call,10.48,10.96,10.72,9.85,20,0,0.70754,0.36249,30,239.85
2020-03-16,2020-04-15,263.0,put,30.63,32.72,31.67,0.0,0,0,0.61974,-0.66589,30,239.85
2020-03-16,2020-04-15,264.0,call,10.06,10.52,10.29,12.94,2,0,0.69779,0.35253,30,239.85
2020-03-16,2020-04-15,264.0,put,31.19,33.3,32.24,0.0,0,0,0.60999,-0.67723,30,239.85
2020-03-16,2020-04-15,265.0,call,9.64,10.1,9.87,8.66,149,96,0.69779,0.34553,30,239.85
2020-03-16,2020-04-15,265.0,put,31.76,33.81,32.79,35.91,41,607,0.60999,-0.68495,30,239.85
2020-03-16,2020-04-15,266.0,call,9.23,9.68,9.46,8.26,24,0,0.68803,0.33544,30,239.85
2020-03-16,2020-04-15,266.0,put,32.33,34.48,33.41,0.0,0,0,0.60023,-0.69642,30,239.85
2020-03-16,2020-04-15,267.0,call,8.83,9.27,9.05,12.84,50,0,0.67828,0.32521,30,239.85
2020-03-16,2020-04-15,267.0,put,32.91,35.08,33.99,31.28,1,0,0.59047,-0.70802,30,239.85
2020-03-16,2020-04-15,268.0,call,8.47,8.86,8.66,9.88,71,9,0.67828,0.31832,30,239.85
2020-03-16,2020-04-15,268.0,put,33.49,35.69,34.59,36.15,23,29,0.59047,-0.71556,30,239.85
2020-03-16,2020-04-15,269.0,call,8.04,8.46,8.25,11.9,115,10,0.66852,0.30799,30,239.85
2020-03-16,2020-04-15,269.0,put,34.18,36.4,35.29,33.1,7,7,0.58072,-0.72723,30,239.85
2020-03-16,2020-04-15,270.0,call,7.65,8.07,7.86,7.81,107,72,0.65876,0.29756,30,239.85
2020-03-16,2020-04-15,270.0,put,34.68,36.93,35.8,37.81,59,249,0.57096,-0.739,30,239.85
2020-03-16,2020-04-15,271.0,call,7.28,7.68,7.48,6.97,20,1,0.65876,0.29081,30,239.85
2020-03-16,2020-04-15,271.0,put,35.28,37.56,36.42,33.5,2,0,0.56121,-0.75086,30,239.85
2020-03-16,2020-04-15,272.0,call,6.91,7.3,7.11,6.2,14,5,0.64901,0.28031,30,239.85
2020-03-16,2020-04-15,272.0,put,35.9,38.19,37.05,27.63,0,5,0.55145,-0.76279,30,239.85
2020-03-16,2020-04-15,273.0,call,6.58,6.93,6.75,5.75,26,2,0.64901,0.27371,30,239.85
2020-03-16,2020-04-15,273.0,put,36.52,38.84,37.68,26.6,0,0,0.54169,-0.77477,30,239.85
2020-03-16,2020-04-15,274.0,call,6.19,6.57,6.38,6.42,21,0,0.63925,0.26318,30,239.85
2020-03-16,2020-04-15,274.0,put,37.24,39.59,38.42,27.0,0,3,0.54169,-0.78177,30,239.85
2020-03-16,2020-04-15,275.0,call,5.84,6.21,6.03,5.59,159,126,0.6295,0.25258,30,239.85
2020-03-16,2020-04-15,275.0,put,37.9,40.27,39.09,39.19,331,573,0.53194,-0.79365,30,239.85
2020-03-16,2020-04-15,276.0,call,5.54,5.87,5.71,6.6,17,4,0.6295,0.24619,30,239.85
2020-03-16,2020-04-15,276.0,put,38.44,40.85,39.64,28.25,0,3,0.52218,-0.80553,30,239.85
2020-03-16,2020-04-15,277.0,call,5.21,5.53,5.37,4.79,15,22,0.61974,0.23561,30,239.85
2020-03-16,2020-04-15,277.0,put,39.17,41.61,40.39,35.8,2,0,0.51243,-0.81737,30,239.85
2020-03-16,2020-04-15,278.0,call,4.86,5.2,5.03,6.88,8,15,0.60999,0.22499,30,239.85
2020-03-16,2020-04-15,278.0,put,39.84,42.31,41.08,42.64,6,8,0.50267,-0.82914,30,239.85
2020-03-16,2020-04-15,279.0,call,4.55,4.88,4.71,4.51,26,12,0.60023,0.21435,30,239.85
2020-03-16,2020-04-15,279.0,put,40.51,43.0,41.75,37.78,3,5,0.49292,-0.84082,30,239.85
2020-03-16,2020-04-15,280.0,call,4.25,4.58,4.42,4.1,245,112,0.60023,0.20834,30,239.85
2020-03-16,2020-04-15,280.0,put,41.12,43.65,42.38,42.61,15,115,0.4734,-0.85792,30,239.85
2020-03-16,2020-04-15,281.0,call,4.0,4.28,4.14,4.02,3,1,0.59047,0.1978,30,239.85
2020-03-16,2020-04-15,281.0,put,41.76,44.39,43.08,41.0,2,0,0.46365,-0.86933,30,239.85
2020-03-16,2020-04-15,282.0,call,3.72,3.99,3.86,3.7,179,11,0.58072,0.18729,30,239.85
2020-03-16,2020-04-15,282.0,put,42.46,45.12,43.79,44.5,5,1,0.45389,-0.8805,30,239.85
2020-03-16,2020-04-15,283.0,call,3.43,3.72,3.58,4.43,377,11,0.58072,0.18162,30,239.85
2020-03-16,2020-04-15,283.0,put,43.17,45.86,44.52,42.26,5,5,0.43438,-0.89698,30,239.85
2020-03-16,2020-04-15,284.0,call,3.2,3.43,3.32,2.7,38,0,0.57096,0.17128,30,239.85
2020-03-16,2020-04-15,284.0,put,43.9,46.61,45.25,35.8,0,4,0.42462,-0.90748,30,239.85
2020-03-16,2020-04-15,285.0,call,2.96,3.18,3.07,2.95,249,132,0.56121,0.16102,30,239.85
2020-03-16,2020-04-15,285.0,put,44.66,47.33,45.99,46.53,43,164,0.40511,-0.92295,30,239.85
2020-03-16,2020-04-15,286.0,call,2.73,2.94,2.83,2.28,143,43,0.55145,0.15086,30,239.85
2020-03-16,2020-04-15,286.0,put,45.41,48.1,46.75,0.0,0,0,0.3856,-0.93758,30,239.85
2020-03-16,2020-04-15,287.0,call,2.51,2.71,2.61,2.55,162,10,0.55145,0.14575,30,239.85
2020-03-16,2020-04-15,287.0,put,46.17,48.89,47.53,36.38,0,20,0.35633,-0.95578,30,239.85
2020-03-16,2020-04-15,288.0,call,2.3,2.52,2.41,2.96,146,45,0.54169,0.13587,30,239.85
2020-03-16,2020-04-15,288.0,put,46.94,49.69,48.31,38.99,0,4,0.32707,-0.97142,30,239.85
2020-03-16,2020-04-15,289.0,call,2.11,2.29,2.2,1.99,589,30,0.53194,0.12615,30,239.85
2020-03-16,2020-04-15,289.0,put,47.82,50.59,49.2,0.0,0,0,0.2978,-0.98376,30,239.85
2020-03-16,2020-04-15,290.0,call,1.93,2.1,2.02,1.58,86,99,0.53194,0.12152,30,239.85
2020-03-16,2020-04-15,290.0,put,48.6,51.39,50.0,50.62,42,8,0.01488,-1.0,30,239.85
2020-03-16,2020-04-15,291.0,call,1.77,1.93,1.85,1.63,5,52,0.52218,0.11217,30,239.85
2020-03-16,2020-04-15,291.0,put,49.42,52.22,50.82,43.5,0,4,0.01488,-1.0,30,239.85
2020-03-16,2020-04-15,292.0,call,1.61,1.76,1.69,1.31,14,22,0.52218,0.10787,30,239.85
2020-03-16,2020-04-15,292.0,put,50.25,53.07,51.66,39.5,0,7,0.01488,-1.0,30,239.85
2020-03-16,2020-04-15,295.0,call,1.21,1.33,1.27,0.98,75,188,0.50267,0.0865,30,239.85
2020-03-16,2020-04-15,295.0,put,52.82,55.68,54.25,55.0,9,23,0.01488,-1.0,30,239.85
2020-03-16,2020-04-15,300.0,call,0.75,0.84,0.79,0.6,2027,1148,0.4734,0.05713,30,239.85
2020-03-16,2020-04-15,300.0,put,57.33,60.2,58.77,57.69,10,31,0.01488,-1.0,30,239.85
2020-03-16,2020-04-15,305.0,call,0.49,0.57,0.53,0.51,163,424,0.46365,0.04095,30,239.85
2020-03-16,2020-04-15,305.0,put,62.06,64.94,63.5,47.9,0,21,0.01488,-1.0,30,239.85
2020-03-16,2020-04-15,310.0,call,0.34,0.41,0.38,0.33,213,155,0.46365,0.03129,30,239.85
2020-03-16,2020-04-15,310.0,put,66.9,69.8,68.35,52.0,0,22,0.01488,-1.0,30,239.85
2020-03-16,2020-04-15,315.0,call,0.26,0.31,0.29,0.24,236,135,0.46365,0.02371,30,239.85
2020-03-16,2020-04-15,315.0,put,71.8,74.71,73.25,42.07,0,1,0.01488,-1.0,30,239.85
2020-03-16,2020-04-15,320.0,call,0.2,0.24,0.22,0.19,144,142,0.4734,0.01994,30,239.85
2020-03-16,2020-04-15,320.0,put,76.74,79.65,78.19,0.0,0,0,0.01488,-1.0,30,239.85
2020-03-16,2020-04-15,325.0,call,0.14,0.19,0.17,0.19,116,92,0.4734,0.01504,30,239.85
2020-03-16,2020-04-15,325.0,put,81.7,84.62,83.16,0.0,0,0,0.01488,-1.0,30,239.85
2020-03-16,2020-04-15,330.0,call,0.11,0.15,0.13,0.13,164,359,0.4734,0.01126,30,239.85
2020-03-16,2020-04-15,330.0,put,86.67,89.58,88.12,83.86,2,0,0.01488,-1.0,30,239.85
2020-03-16,2020-04-17,50.0,call,192.01,194.87,193.44,0.0,0,0,3.67333,0.97646,32,239.85
2020-03-16,2020-04-17,50.0,put,0.03,0.04,0.04,0.04,2458,7712,1.86849,-0.00093,32,239.85
2020-03-16,2020-04-17,55.0,call,187.01,189.87,188.44,0.0,0,0,3.44894,0.97459,32,239.85
2020-03-16,2020-04-17,55.0,put,0.03,0.04,0.04,0.03,916,8424,1.76118,-0.00102,32,239.85
2020-03-16,2020-04-17,60.0,call,182.01,184.87,183.44,0.0,0,0,3.25382,0.97258,32,239.85
2020-03-16,2020-04-17,60.0,put,0.03,0.05,0.04,0.05,212,7364,1.65386,-0.00105,32,239.85
2020-03-16,2020-04-17,65.0,call,177.01,179.87,178.44,0.0,0,0,3.06846,0.97073,32,239.85
2020-03-16,2020-04-17,65.0,put,0.05,0.06,0.06,0.06,344,9164,1.62459,-0.00156,32,239.85
2020-03-16,2020-04-17,70.0,call,172.01,174.87,173.44,179.11,0,31,2.90261,0.96876,32,239.85
2020-03-16,2020-04-17,70.0,put,0.05,0.07,0.06,0.06,680,4335,1.53679,-0.00167,32,239.85
2020-03-16,2020-04-17,75.0,call,167.01,169.87,168.44,174.11,0,31,2.75627,0.96658,32,239.85
2020-03-16,2020-04-17,75.0,put,0.07,0.08,0.08,0.08,1426,5625,1.49777,-0.00223,32,239.85
2020-03-16,2020-04-17,80.0,call,162.01,164.87,163.44,0.0,0,0,2.60994,0.96466,32,239.85
2020-03-16,2020-04-17,80.0,put,0.08,0.11,0.1,0.12,527,2505,1.45875,-0.0029,32,239.85
2020-03-16,2020-04-17,85.0,call,157.01,159.87,158.44,164.24,0,31,2.48311,0.96237,32,239.85
2020-03-16,2020-04-17,85.0,put,0.1,0.11,0.11,0.11,1020,5438,1.39045,-0.0032,32,239.85
2020-03-16,2020-04-17,90.0,call,152.01,154.87,153.44,0.0,0,0,2.35628,0.96029,32,239.85
2020-03-16,2020-04-17,90.0,put,0.11,0.15,0.13,0.13,720,4841,1.34167,-0.00383,32,239.85
2020-03-16,2020-04-17,95.0,call,147.01,149.87,148.44,0.0,0,0,2.23921,0.95807,32,239.85
2020-03-16,2020-04-17,95.0,put,0.14,0.17,0.16,0.18,326,2955,1.31241,-0.00497,32,239.85
2020-03-16,2020-04-17,100.0,call,142.02,144.86,143.44,0.0,0,0,2.1319,0.95561,32,239.85
2020-03-16,2020-04-17,100.0,put,0.18,0.21,0.2,0.19,7599,15761,1.27338,-0.00605,32,239.85
2020-03-16,2020-04-17,105.0,call,137.02,139.86,138.44,0.0,0,0,2.02458,0.95333,32,239.85
2020-03-16,2020-04-17,105.0,put,0.21,0.25,0.23,0.24,787,6355,1.23436,-0.00727,32,239.85
2020-03-16,2020-04-17,110.0,call,132.02,134.86,133.44,0.0,0,0,1.92703,0.95072,32,239.85
2020-03-16,2020-04-17,110.0,put,0.27,0.3,0.29,0.3,1075,1875,1.20509,-0.00905,32,239.85
2020-03-16,2020-04-17,115.0,call,127.02,129.86,128.44,0.0,0,0,1.82947,0.94826,32,239.85
2020-03-16,2020-04-17,115.0,put,0.33,0.37,0.35,0.36,1361,3416,1.17583,-0.01112,32,239.85
2020-03-16,2020-04-17,120.0,call,122.02,124.86,123.44,0.0,0,0,1.74167,0.94533,32,239.85
2020-03-16,2020-04-17,120.0,put,0.4,0.43,0.42,0.42,2688,3950,1.1368,-0.013,32,239.85
2020-03-16,2020-04-17,125.0,call,117.02,119.86,118.44,145.55,0,0,1.65386,0.9425,32,239.85
2020-03-16,2020-04-17,125.0,put,0.5,0.54,0.52,0.53,1565,5077,1.11729,-0.01634,32,239.85
2020-03-16,2020-04-17,130.0,call,112.89,114.13,113.51,0.0,0,0,1.58557,0.9382,32,239.85
2020-03-16,2020-04-17,130.0,put,0.61,0.66,0.64,0.62,5056,10837,1.09778,-0.0203,32,239.85
2020-03-16,2020-04-17,135.0,call,108.03,109.18,108.61,112.4,0,31,1.50752,0.93464,32,239.85
2020-03-16,2020-04-17,135.0,put,0.76,0.81,0.79,0.8,1412,1741,1.06851,-0.02411,32,239.85
2020-03-16,2020-04-17,140.0,call,103.09,104.17,103.63,0.0,0,0,1.43923,0.93015,32,239.85
2020-03-16,2020-04-17,140.0,put,0.93,0.99,0.96,0.94,2687,4116,1.049,-0.02942,32,239.85
2020-03-16,2020-04-17,145.0,call,98.21,99.31,98.76,0.0,0,0,1.37094,0.92554,32,239.85
2020-03-16,2020-04-17,145.0,put,1.14,1.21,1.17,1.18,1655,2170,1.02949,-0.0356,32,239.85
2020-03-16,2020-04-17,150.0,call,93.4,94.43,93.92,183.98,0,2,1.31241,0.91965,32,239.85
2020-03-16,2020-04-17,150.0,put,1.41,1.48,1.44,1.42,49127,50141,1.01973,-0.04398,32,239.85
2020-03-16,2020-04-17,151.0,call,92.47,93.48,92.97,0.0,0,0,1.30265,0.91821,32,239.85
2020-03-16,2020-04-17,151.0,put,1.46,1.54,1.5,1.51,182,874,1.00998,-0.04479,32,239.85
2020-03-16,2020-04-17,152.0,call,91.44,92.56,92.0,0.0,0,0,1.2929,0.91674,32,239.85
2020-03-16,2020-04-17,152.0,put,1.52,1.6,1.56,1.4,151,1879,1.00998,-0.04691,32,239.85
2020-03-16,2020-04-17,153.0,call,90.51,91.5,91.0,0.0,0,0,1.28314,0.91526,32,239.85
2020-03-16,2020-04-17,153.0,put,1.58,1.66,1.62,1.92,996,1845,1.00998,-0.0491,32,239.85
2020-03-16,2020-04-17,154.0,call,89.54,90.59,90.06,0.0,0,0,1.27338,0.91375,32,239.85
2020-03-16,2020-04-17,154.0,put,1.64,1.73,1.69,1.73,342,545,1.00022,-0.05,32,239.85
2020-03-16,2020-04-17,155.0,call,88.59,89.68,89.14,0.0,0,0,1.26363,0.91222,32,239.85
2020-03-16,2020-04-17,155.0,put,1.71,1.79,1.75,1.66,913,1205,1.00022,-0.0523,32,239.85
2020-03-16,2020-04-17,156.0,call,87.63,88.65,88.14,0.0,0,0,1.24412,0.91189,32,239.85
2020-03-16,2020-04-17,156.0,put,1.77,1.86,1.81,2.05,154,1051,0.99046,-0.05325,32,239.85
2020-03-16,2020-04-17,157.0,call,86.7,87.7,87.2,0.0,0,0,1.23436,0.91033,32,239.85
2020-03-16,2020-04-17,157.0,put,1.84,1.93,1.89,1.86,240,1366,0.99046,-0.05565,32,239.85
2020-03-16,2020-04-17,158.0,call,85.77,86.84,86.31,0.0,0,0,1.23436,0.90749,32,239.85
2020-03-16,2020-04-17,158.0,put,1.92,2.01,1.96,2.33,130,1182,0.99046,-0.05813,32,239.85
2020-03-16,2020-04-17,159.0,call,84.85,85.82,85.33,172.83,0,2,1.2246,0.90586,32,239.85
2020-03-16,2020-04-17,159.0,put,1.99,2.08,2.04,2.22,289,1617,0.99046,-0.06067,32,239.85
2020-03-16,2020-04-17,160.0,call,83.96,84.9,84.43,0.0,0,0,1.21485,0.90421,32,239.85
2020-03-16,2020-04-17,160.0,put,2.07,2.16,2.12,2.25,3217,4926,0.98071,-0.06177,32,239.85
2020-03-16,2020-04-17,161.0,call,83.0,83.95,83.47,0.0,0,0,1.20509,0.90254,32,239.85
2020-03-16,2020-04-17,161.0,put,2.15,2.25,2.2,2.21,699,819,0.98071,-0.06442,32,239.85
2020-03-16,2020-04-17,162.0,call,82.1,83.02,82.56,0.0,0,0,1.19534,0.90083,32,239.85
2020-03-16,2020-04-17,162.0,put,2.23,2.33,2.28,2.56,644,1677,0.98071,-0.06715,32,239.85
2020-03-16,2020-04-17,163.0,call,81.05,82.15,81.6,0.0,0,0,1.18558,0.89911,32,239.85
2020-03-16,2020-04-17,163.0,put,2.32,2.42,2.37,2.5,294,2368,0.97095,-0.06837,32,239.85
2020-03-16,2020-04-17,164.0,call,80.25,81.16,80.7,135.71,0,1,1.17583,0.89735,32,239.85
2020-03-16,2020-04-17,164.0,put,2.41,2.51,2.46,2.28,276,1451,0.97095,-0.07122,32,239.85
2020-03-16,2020-04-17,165.0,call,79.36,80.24,79.8,0.0,0,0,1.17583,0.89419,32,239.85
2020-03-16,2020-04-17,165.0,put,2.5,2.61,2.55,2.52,1861,1589,0.97095,-0.07414,32,239.85
2020-03-16,2020-04-17,166.0,call,78.41,79.34,78.88,0.0,0,0,1.16607,0.89236,32,239.85
2020-03-16,2020-04-17,166.0,put,2.6,2.7,2.65,2.67,354,959,0.9612,-0.07547,32,239.85
2020-03-16,2020-04-17,167.0,call,77.5,78.38,77.94,0.0,0,0,1.15631,0.8905,32,239.85
2020-03-16,2020-04-17,167.0,put,2.7,2.8,2.75,2.74,883,1162,0.9612,-0.07852,32,239.85
2020-03-16,2020-04-17,168.0,call,76.61,77.45,77.03,0.0,0,0,1.14656,0.88861,32,239.85
2020-03-16,2020-04-17,168.0,put,2.8,2.9,2.85,3.34,568,1319,0.9612,-0.08164,32,239.85
2020-03-16,2020-04-17,169.0,call,75.7,76.48,76.09,0.0,0,0,1.1368,0.88669,32,239.85
2020-03-16,2020-04-17,169.0,put,2.9,3.01,2.96,3.49,315,837,0.9612,-0.08484,32,239.85
2020-03-16,2020-04-17,170.0,call,74.8,75.65,75.22,82.03,4,3,1.1368,0.88329,32,239.85
2020-03-16,2020-04-17,170.0,put,3.01,3.11,3.06,3.07,5128,4520,0.95144,-0.08636,32,239.85
2020-03-16,2020-04-17,171.0,call,73.93,74.62,74.28,0.0,0,0,1.12705,0.88128,32,239.85
2020-03-16,2020-04-17,171.0,put,3.12,3.22,3.17,3.72,1467,1532,0.95144,-0.08969,32,239.85
2020-03-16,2020-04-17,172.0,call,72.97,73.82,73.39,0.0,0,0,1.11729,0.87924,32,239.85
2020-03-16,2020-04-17,172.0,put,3.23,3.34,3.29,3.4,146,568,0.95144,-0.09309,32,239.85
2020-03-16,2020-04-17,173.0,call,72.07,72.84,72.45,0.0,0,0,1.10753,0.87717,32,239.85
2020-03-16,2020-04-17,173.0,put,3.34,3.45,3.4,3.74,804,694,0.94168,-0.09476,32,239.85
2020-03-16,2020-04-17,174.0,call,71.25,71.91,71.58,0.0,0,0,1.10753,0.87356,32,239.85
2020-03-16,2020-04-17,174.0,put,3.45,3.57,3.51,4.07,688,417,0.94168,-0.0983,32,239.85
2020-03-16,2020-04-17,175.0,call,70.36,71.18,70.77,0.0,0,0,1.09778,0.87139,32,239.85
2020-03-16,2020-04-17,175.0,put,3.58,3.68,3.63,3.68,5420,4442,0.94168,-0.10191,32,239.85
2020-03-16,2020-04-17,176.0,call,69.46,70.2,69.83,0.0,0,0,1.08802,0.86919,32,239.85
2020-03-16,2020-04-17,176.0,put,3.7,3.82,3.76,4.33,514,1719,0.94168,-0.10559,32,239.85
2020-03-16,2020-04-17,177.0,call,68.58,69.33,68.95,0.0,0,0,1.08802,0.86542,32,239.85
2020-03-16,2020-04-17,177.0,put,3.83,3.95,3.89,4.19,959,1001,0.93193,-0.10749,32,239.85
2020-03-16,2020-04-17,178.0,call,67.75,68.38,68.06,0.0,0,0,1.07827,0.86312,32,239.85
2020-03-16,2020-04-17,178.0,put,3.97,4.08,4.03,4.36,464,1429,0.93193,-0.11132,32,239.85
2020-03-16,2020-04-17,179.0,call,66.86,67.51,67.19,0.0,0,0,1.06851,0.86078,32,239.85
2020-03-16,2020-04-17,179.0,put,4.1,4.22,4.16,4.14,854,698,0.93193,-0.11522,32,239.85
2020-03-16,2020-04-17,180.0,call,66.0,66.8,66.4,79.56,0,3,1.06851,0.85683,32,239.85
2020-03-16,2020-04-17,180.0,put,4.24,4.36,4.3,4.4,8444,17756,0.92217,-0.11729,32,239.85
2020-03-16,2020-04-17,181.0,call,65.16,65.92,65.54,0.0,0,0,1.06851,0.85284,32,239.85
2020-03-16,2020-04-17,181.0,put,4.38,4.51,4.45,4.27,2121,1258,0.92217,-0.12134,32,239.85
2020-03-16,2020-04-17,182.0,call,64.31,65.07,64.69,0.0,0,0,1.05875,0.85034,32,239.85
2020-03-16,2020-04-17,182.0,put,4.53,4.65,4.59,5.3,1705,1466,0.92217,-0.12545,32,239.85
2020-03-16,2020-04-17,183.0,call,63.45,64.22,63.84,0.0,0,0,1.05875,0.84623,32,239.85
2020-03-16,2020-04-17,183.0,put,4.68,4.8,4.74,5.3,1907,385,0.91242,-0.12772,32,239.85
2020-03-16,2020-04-17,184.0,call,62.61,63.36,62.98,0.0,0,0,1.049,0.84362,32,239.85
2020-03-16,2020-04-17,184.0,put,4.85,4.96,4.9,5.58,1176,873,0.91242,-0.13198,32,239.85
2020-03-16,2020-04-17,185.0,call,61.7,62.38,62.04,0.0,0,0,1.03924,0.84096,32,239.85
2020-03-16,2020-04-17,185.0,put,4.99,5.12,5.05,5.75,2679,6887,0.91242,-0.13632,32,239.85
2020-03-16,2020-04-17,186.0,call,60.91,61.68,61.3,0.0,0,0,1.03924,0.83667,32,239.85
2020-03-16,2020-04-17,186.0,put,5.15,5.28,5.21,6.03,2136,3176,0.91242,-0.14073,32,239.85
2020-03-16,2020-04-17,187.0,call,60.09,60.7,60.4,91.84,0,31,1.02949,0.8339,32,239.85
2020-03-16,2020-04-17,187.0,put,5.33,5.45,5.39,6.14,1995,1014,0.90266,-0.14327,32,239.85
2020-03-16,2020-04-17,188.0,call,59.37,60.02,59.7,66.5,10,0,1.02949,0.8295,32,239.85
2020-03-16,2020-04-17,188.0,put,5.48,5.62,5.55,5.7,1782,1210,0.90266,-0.14783,32,239.85
2020-03-16,2020-04-17,189.0,call,58.55,59.18,58.86,0.0,0,0,1.02949,0.82505,32,239.85
2020-03-16,2020-04-17,189.0,put,5.67,5.79,5.73,6.63,360,521,0.90266,-0.15246,32,239.85
2020-03-16,2020-04-17,190.0,call,57.72,58.35,58.03,59.0,1,26,1.01973,0.82209,32,239.85
2020-03-16,2020-04-17,190.0,put,5.84,5.97,5.9,6.0,33963,24934,0.89291,-0.15523,32,239.85
2020-03-16,2020-04-17,191.0,call,56.9,57.55,57.22,0.0,0,0,1.01973,0.81752,32,239.85
2020-03-16,2020-04-17,191.0,put,6.02,6.15,6.08,7.02,229,1987,0.89291,-0.16001,32,239.85
2020-03-16,2020-04-17,192.0,call,56.08,56.74,56.41,55.92,5,31,1.00998,0.81443,32,239.85
2020-03-16,2020-04-17,192.0,put,6.21,6.34,6.28,7.28,568,1714,0.89291,-0.16486,32,239.85
2020-03-16,2020-04-17,193.0,call,55.27,55.95,55.61,85.96,0,32,1.00998,0.80975,32,239.85
2020-03-16,2020-04-17,193.0,put,6.39,6.53,6.46,7.09,135,1257,0.89291,-0.16978,32,239.85
2020-03-16,2020-04-17,194.0,call,54.46,55.08,54.77,0.0,0,0,1.00022,0.80653,32,239.85
2020-03-16,2020-04-17,194.0,put,6.59,6.72,6.65,7.48,345,743,0.88315,-0.17286,32,239.85
2020-03-16,2020-04-17,195.0,call,53.65,54.29,53.97,57.82,1,0,1.00022,0.80173,32,239.85
2020-03-16,2020-04-17,195.0,put,6.78,6.92,6.85,7.18,2497,4081,0.88315,-0.17794,32,239.85
2020-03-16,2020-04-17,196.0,call,52.85,53.48,53.16,81.28,0,31,0.99046,0.79837,32,239.85
2020-03-16,2020-04-17,196.0,put,6.98,7.13,7.05,8.03,576,1515,0.88315,-0.18308,32,239.85
2020-03-16,2020-04-17,197.0,call,52.06,52.67,52.37,59.45,1,1,0.99046,0.79346,32,239.85
2020-03-16,2020-04-17,197.0,put,7.19,7.33,7.26,8.07,680,3330,0.87339,-0.18641,32,239.85
2020-03-16,2020-04-17,198.0,call,51.26,51.89,51.58,0.0,0,0,0.98071,0.78996,32,239.85
2020-03-16,2020-04-17,198.0,put,7.39,7.55,7.47,7.83,749,1513,0.87339,-0.19171,32,239.85
2020-03-16,2020-04-17,199.0,call,50.34,51.08,50.71,0.0,0,0,0.98071,0.78492,32,239.85
2020-03-16,2020-04-17,199.0,put,7.6,7.76,7.68,7.89,712,2346,0.87339,-0.19707,32,239.85
2020-03-16,2020-04-17,200.0,call,49.7,50.3,50.0,49.0,26,53,0.97095,0.78128,32,239.85
2020-03-16,2020-04-17,200.0,put,7.82,7.9,7.86,7.78,44924,60438,0.86364,-0.20066,32,239.85
2020-03-16,2020-04-17,201.0,call,48.92,49.54,49.23,0.0,0,0,0.97095,0.77612,32,239.85
2020-03-16,2020-04-17,201.0,put,8.04,8.21,8.12,8.55,508,1384,0.86364,-0.20618,32,239.85
2020-03-16,2020-04-17,202.0,call,48.14,48.61,48.38,0.0,0,0,0.9612,0.77233,32,239.85
2020-03-16,2020-04-17,202.0,put,8.27,8.44,8.36,9.4,454,3181,0.86364,-0.21176,32,239.85
2020-03-16,2020-04-17,203.0,call,47.38,47.85,47.62,0.0,0,0,0.9612,0.76705,32,239.85
2020-03-16,2020-04-17,203.0,put,8.49,8.68,8.59,9.79,509,2123,0.86364,-0.21739,32,239.85
2020-03-16,2020-04-17,204.0,call,46.51,47.22,46.86,54.97,13,5,0.95144,0.7631,32,239.85
2020-03-16,2020-04-17,204.0,put,8.71,8.92,8.82,10.12,376,2912,0.85388,-0.22136,32,239.85
2020-03-16,2020-04-17,205.0,call,45.72,46.47,46.09,49.81,6,0,0.95144,0.75771,32,239.85
2020-03-16,2020-04-17,205.0,put,8.97,9.17,9.07,9.28,6998,2774,0.85388,-0.22715,32,239.85
2020-03-16,2020-04-17,206.0,call,45.1,45.71,45.41,0.0,0,0,0.95144,0.75228,32,239.85
2020-03-16,2020-04-17,206.0,put,9.22,9.42,9.32,9.46,883,1453,0.85388,-0.23299,32,239.85
2020-03-16,2020-04-17,207.0,call,44.35,44.98,44.66,51.32,1,1,0.94168,0.74808,32,239.85
2020-03-16,2020-04-17,207.0,put,9.47,9.67,9.57,9.72,1482,4019,0.84413,-0.23725,32,239.85
2020-03-16,2020-04-17,208.0,call,43.61,44.23,43.92,74.92,0,1,0.94168,0.74254,32,239.85
2020-03-16,2020-04-17,208.0,put,9.72,9.93,9.82,9.99,580,3138,0.84413,-0.24325,32,239.85
2020-03-16,2020-04-17,209.0,call,42.78,43.48,43.13,45.41,1,0,0.93193,0.73817,32,239.85
2020-03-16,2020-04-17,209.0,put,9.97,10.2,10.09,10.26,1815,2812,0.84413,-0.2493,32,239.85
2020-03-16,2020-04-17,210.0,call,42.03,42.76,42.39,42.11,155,158,0.93193,0.73251,32,239.85
2020-03-16,2020-04-17,210.0,put,10.25,10.47,10.36,10.27,10010,21709,0.83437,-0.25386,32,239.85
2020-03-16,2020-04-17,211.0,call,41.33,41.88,41.61,68.4,0,3,0.92217,0.72797,32,239.85
2020-03-16,2020-04-17,211.0,put,10.51,10.75,10.63,10.81,1022,2658,0.83437,-0.26006,32,239.85
2020-03-16,2020-04-17,212.0,call,40.69,41.2,40.95,67.47,0,5,0.92217,0.72219,32,239.85
2020-03-16,2020-04-17,212.0,put,10.79,11.03,10.91,12.21,1045,4597,0.83437,-0.26631,32,239.85
2020-03-16,2020-04-17,213.0,call,39.97,40.49,40.23,57.99,0,8,0.92217,0.71638,32,239.85
2020-03-16,2020-04-17,213.0,put,11.06,11.31,11.19,12.75,271,3276,0.82461,-0.27119,32,239.85
2020-03-16,2020-04-17,214.0,call,39.26,39.78,39.52,65.28,0,10,0.91242,0.71158,32,239.85
2020-03-16,2020-04-17,214.0,put,11.35,11.61,11.48,11.62,944,3219,0.82461,-0.27758,32,239.85
2020-03-16,2020-04-17,215.0,call,38.49,39.02,38.76,37.5,136,16,0.91242,0.70566,32,239.85
2020-03-16,2020-04-17,215.0,put,11.64,11.9,11.77,12.24,5483,9993,0.82461,-0.28402,32,239.85
2020-03-16,2020-04-17,216.0,call,37.85,38.37,38.11,63.73,0,11,0.90266,0.70067,32,239.85
2020-03-16,2020-04-17,216.0,put,11.95,12.2,12.07,12.0,1314,1836,0.81486,-0.28923,32,239.85
2020-03-16,2020-04-17,217.0,call,37.16,37.71,37.44,37.0,32,9,0.90266,0.69464,32,239.85
2020-03-16,2020-04-17,217.0,put,12.25,12.51,12.38,12.25,3456,3328,0.81486,-0.29581,32,239.85
2020-03-16,2020-04-17,218.0,call,36.47,37.01,36.74,37.18,1,10,0.90266,0.68858,32,239.85
2020-03-16,2020-04-17,218.0,put,12.58,12.82,12.7,14.29,1918,3015,0.81486,-0.30243,32,239.85
2020-03-16,2020-04-17,219.0,call,35.78,36.32,36.05,39.24,0,11,0.89291,0.68332,32,239.85
2020-03-16,2020-04-17,219.0,put,12.88,13.14,13.01,13.21,1919,1693,0.81486,-0.30908,32,239.85
2020-03-16,2020-04-17,220.0,call,35.11,35.64,35.38,32.69,124,410,0.89291,0.67716,32,239.85
2020-03-16,2020-04-17,220.0,put,13.21,13.46,13.34,13.61,27412,42937,0.8051,-0.31473,32,239.85
2020-03-16,2020-04-17,221.0,call,34.44,34.96,34.7,33.64,2,9,0.88315,0.67169,32,239.85
2020-03-16,2020-04-17,221.0,put,13.53,13.79,13.66,13.96,712,3904,0.8051,-0.32151,32,239.85
2020-03-16,2020-04-17,222.0,call,33.76,34.28,34.02,58.77,0,11,0.88315,0.66543,32,239.85
2020-03-16,2020-04-17,222.0,put,13.86,14.1,13.98,15.16,897,5160,0.8051,-0.32833,32,239.85
2020-03-16,2020-04-17,223.0,call,33.09,33.62,33.36,53.33,0,8,0.88315,0.65915,32,239.85
2020-03-16,2020-04-17,223.0,put,14.18,14.46,14.32,15.11,382,1556,0.79535,-0.33433,32,239.85
2020-03-16,2020-04-17,224.0,call,32.43,32.96,32.7,38.9,11,101,0.87339,0.6534,32,239.85
2020-03-16,2020-04-17,224.0,put,14.51,14.78,14.64,16.09,8482,1741,0.79535,-0.34127,32,239.85
2020-03-16,2020-04-17,225.0,call,31.78,32.3,32.04,33.94,498,123,0.87339,0.64702,32,239.85
2020-03-16,2020-04-17,225.0,put,14.86,15.13,15.0,14.95,25386,26924,0.78559,-0.34752,32,239.85
2020-03-16,2020-04-17,226.0,call,31.13,31.65,31.39,32.05,2,4,0.86364,0.64107,32,239.85
2020-03-16,2020-04-17,226.0,put,15.2,15.5,15.35,15.7,451,2729,0.78559,-0.35459,32,239.85
2020-03-16,2020-04-17,227.0,call,30.49,31.0,30.74,31.13,62,3,0.86364,0.63459,32,239.85
2020-03-16,2020-04-17,227.0,put,15.57,15.84,15.71,17.6,1137,1881,0.78559,-0.36168,32,239.85
2020-03-16,2020-04-17,228.0,call,29.85,30.36,30.11,30.47,353,1,0.86364,0.62811,32,239.85
2020-03-16,2020-04-17,228.0,put,15.92,16.2,16.06,16.2,1073,1524,0.77583,-0.36829,32,239.85
2020-03-16,2020-04-17,229.0,call,29.22,29.71,29.46,32.45,40,15,0.85388,0.62186,32,239.85
2020-03-16,2020-04-17,229.0,put,16.29,16.58,16.43,18.31,873,1513,0.77583,-0.3755,32,239.85
2020-03-16,2020-04-17,230.0,call,28.6,29.08,28.84,28.17,565,140,0.85388,0.61529,32,239.85
2020-03-16,2020-04-17,230.0,put,16.64,16.95,16.8,16.77,27177,61461,0.77583,-0.38271,32,239.85
2020-03-16,2020-04-17,231.0,call,27.98,28.47,28.23,28.56,4,65,0.84413,0.60883,32,239.85
2020-03-16,2020-04-17,231.0,put,17.02,17.33,17.17,17.54,653,3783,0.76608,-0.38969,32,239.85
2020-03-16,2020-04-17,232.0,call,27.36,27.81,27.59,25.82,40,65,0.84413,0.60218,32,239.85
2020-03-16,2020-04-17,232.0,put,17.41,17.71,17.56,17.65,13266,2583,0.76608,-0.39701,32,239.85
2020-03-16,2020-04-17,233.0,call,26.76,27.2,26.98,25.35,164,585,0.83437,0.59549,32,239.85
2020-03-16,2020-04-17,233.0,put,17.78,18.12,17.95,18.35,1122,2473,0.76608,-0.40434,32,239.85
2020-03-16,2020-04-17,234.0,call,26.15,26.59,26.37,29.45,25,45,0.83437,0.58876,32,239.85
2020-03-16,2020-04-17,234.0,put,18.17,18.5,18.34,19.93,931,3050,0.75632,-0.41168,32,239.85
2020-03-16,2020-04-17,235.0,call,25.53,26.0,25.77,25.03,61,89,0.83437,0.58203,32,239.85
2020-03-16,2020-04-17,235.0,put,18.57,18.91,18.74,19.23,19578,20813,0.75632,-0.41911,32,239.85
2020-03-16,2020-04-17,236.0,call,24.95,25.4,25.17,25.68,5,140,0.82461,0.57505,32,239.85
2020-03-16,2020-04-17,236.0,put,18.95,19.33,19.14,19.15,1118,1903,0.74657,-0.42672,32,239.85
2020-03-16,2020-04-17,237.0,call,24.34,24.81,24.57,27.9,64,45,0.82461,0.56826,32,239.85
2020-03-16,2020-04-17,237.0,put,19.37,19.74,19.55,20.24,341,2715,0.74657,-0.43424,32,239.85
2020-03-16,2020-04-17,238.0,call,23.78,24.23,24.01,23.42,285,54,0.81486,0.56105,32,239.85
2020-03-16,2020-04-17,238.0,put,19.8,20.15,19.98,19.8,15140,5998,0.74657,-0.44175,32,239.85
2020-03-16,2020-04-17,239.0,call,23.18,23.66,23.42,23.02,232,43,0.81486,0.55419,32,239.85
2020-03-16,2020-04-17,239.0,put,20.19,20.59,20.39,20.57,1864,9187,0.73681,-0.44972,32,239.85
2020-03-16,2020-04-17,240.0,call,22.63,23.09,22.86,22.8,2083,829,0.81486,0.54734,32,239.85
2020-03-16,2020-04-17,240.0,put,20.8,21.02,20.91,20.98,57616,90923,0.73681,-0.45731,32,239.85
2020-03-16,2020-04-17,241.0,call,22.07,22.52,22.3,21.98,611,391,0.8051,0.53985,32,239.85
2020-03-16,2020-04-17,241.0,put,21.05,21.46,21.26,21.0,823,3320,0.72706,-0.46556,32,239.85
2020-03-16,2020-04-17,242.0,call,21.49,21.96,21.73,20.85,488,337,0.8051,0.53295,32,239.85
2020-03-16,2020-04-17,242.0,put,21.49,21.91,21.7,22.22,1119,3823,0.72706,-0.47321,32,239.85
2020-03-16,2020-04-17,243.0,call,20.96,21.42,21.19,19.29,1699,148,0.79535,0.52523,32,239.85
2020-03-16,2020-04-17,243.0,put,21.94,22.36,22.15,22.35,1488,11769,0.72706,-0.48084,32,239.85
2020-03-16,2020-04-17,244.0,call,20.42,20.87,20.65,21.2,1482,609,0.79535,0.51828,32,239.85
2020-03-16,2020-04-17,244.0,put,22.41,22.8,22.61,24.77,15987,4887,0.7173,-0.48945,32,239.85
2020-03-16,2020-04-17,245.0,call,19.88,20.32,20.1,19.95,3479,1245,0.78559,0.51034,32,239.85
2020-03-16,2020-04-17,245.0,put,22.86,23.27,23.06,23.64,31953,34971,0.7173,-0.49713,32,239.85
2020-03-16,2020-04-17,246.0,call,19.34,19.79,19.56,20.47,1516,1363,0.78559,0.50335,32,239.85
2020-03-16,2020-04-17,246.0,put,23.33,23.74,23.53,23.61,1506,1438,0.70754,-0.50601,32,239.85
2020-03-16,2020-04-17,247.0,call,18.81,19.26,19.04,18.4,240,1263,0.78559,0.49639,32,239.85
2020-03-16,2020-04-17,247.0,put,23.8,24.21,24.01,23.7,932,3412,0.70754,-0.51373,32,239.85
2020-03-16,2020-04-17,248.0,call,18.3,18.73,18.52,16.8,610,1011,0.77583,0.48817,32,239.85
2020-03-16,2020-04-17,248.0,put,24.27,24.72,24.49,25.94,3765,18951,0.69779,-0.52287,32,239.85
2020-03-16,2020-04-17,249.0,call,17.8,18.21,18.01,16.14,998,771,0.77583,0.48119,32,239.85
2020-03-16,2020-04-17,249.0,put,24.73,25.3,25.02,27.5,1026,5432,0.69779,-0.53062,32,239.85
2020-03-16,2020-04-17,250.0,call,17.29,17.67,17.48,17.6,19720,4323,0.76608,0.47276,32,239.85
2020-03-16,2020-04-17,250.0,put,25.22,25.74,25.48,25.5,35635,121908,0.69779,-0.53833,32,239.85
2020-03-16,2020-04-17,251.0,call,16.79,17.18,16.98,15.33,510,1417,0.76608,0.46576,32,239.85
2020-03-16,2020-04-17,251.0,put,25.72,26.27,25.99,28.72,1316,11857,0.68803,-0.5478,32,239.85
2020-03-16,2020-04-17,252.0,call,16.29,16.68,16.48,16.4,563,908,0.75632,0.45711,32,239.85
2020-03-16,2020-04-17,252.0,put,26.24,26.75,26.49,29.16,8659,8375,0.68803,-0.55552,32,239.85
2020-03-16,2020-04-17,253.0,call,15.8,16.18,15.99,14.38,825,2470,0.75632,0.4501,32,239.85
2020-03-16,2020-04-17,253.0,put,26.73,27.25,26.99,27.0,1183,25440,0.67828,-0.56524,32,239.85
2020-03-16,2020-04-17,254.0,call,15.32,15.69,15.5,14.34,1705,4519,0.74657,0.44126,32,239.85
2020-03-16,2020-04-17,254.0,put,27.24,27.75,27.49,29.46,1030,4076,0.67828,-0.57296,32,239.85
2020-03-16,2020-04-17,255.0,call,14.85,15.2,15.02,14.98,4961,3925,0.74657,0.43425,32,239.85
2020-03-16,2020-04-17,255.0,put,27.67,28.3,27.98,28.54,16322,29933,0.66852,-0.58291,32,239.85
2020-03-16,2020-04-17,256.0,call,14.35,14.72,14.54,13.39,2328,3537,0.73681,0.4252,32,239.85
2020-03-16,2020-04-17,256.0,put,28.32,28.77,28.55,29.29,5997,8545,0.66852,-0.59061,32,239.85
2020-03-16,2020-04-17,257.0,call,13.88,14.24,14.06,13.47,4616,3952,0.73681,0.41821,32,239.85
2020-03-16,2020-04-17,257.0,put,28.8,29.32,29.06,30.01,828,5819,0.65876,-0.6008,32,239.85
2020-03-16,2020-04-17,258.0,call,13.42,13.76,13.59,12.1,2128,4557,0.72706,0.40897,32,239.85
2020-03-16,2020-04-17,258.0,put,29.33,29.85,29.59,31.74,593,4418,0.65876,-0.60847,32,239.85
2020-03-16,2020-04-17,259.0,call,12.95,13.31,13.13,11.64,2046,2512,0.72706,0.402,32,239.85
2020-03-16,2020-04-17,259.0,put,29.82,30.38,30.1,33.0,1354,6195,0.64901,-0.61887,32,239.85
2020-03-16,2020-04-17,260.0,call,12.5,12.83,12.66,12.3,9112,10357,0.7173,0.39258,32,239.85
2020-03-16,2020-04-17,260.0,put,30.41,30.9,30.66,31.86,6523,69611,0.63925,-0.62945,32,239.85
2020-03-16,2020-04-17,261.0,call,12.07,12.37,12.22,12.1,1496,4081,0.7173,0.38565,32,239.85
2020-03-16,2020-04-17,261.0,put,30.96,31.46,31.21,33.95,180,5583,0.63925,-0.63708,32,239.85
2020-03-16,2020-04-17,262.0,call,11.63,11.92,11.78,11.27,1305,4756,0.70754,0.37606,32,239.85
2020-03-16,2020-04-17,262.0,put,31.52,32.0,31.76,33.42,5939,10309,0.6295,-0.64785,32,239.85
2020-03-16,2020-04-17,263.0,call,11.2,11.48,11.34,11.05,614,2712,0.70754,0.36918,32,239.85
2020-03-16,2020-04-17,263.0,put,32.08,32.58,32.33,33.19,138,3692,0.6295,-0.65541,32,239.85
2020-03-16,2020-04-17,264.0,call,10.75,11.07,10.91,9.69,743,3959,0.69779,0.35944,32,239.85
2020-03-16,2020-04-17,264.0,put,32.58,33.15,32.86,33.98,2261,11394,0.61974,-0.66635,32,239.85
2020-03-16,2020-04-17,265.0,call,10.35,10.62,10.48,10.59,4854,3976,0.69779,0.35262,32,239.85
2020-03-16,2020-04-17,265.0,put,33.23,33.72,33.47,36.53,5374,39303,0.60999,-0.67745,32,239.85
2020-03-16,2020-04-17,266.0,call,9.92,10.21,10.07,9.96,436,4498,0.68803,0.34273,32,239.85
2020-03-16,2020-04-17,266.0,put,33.81,34.3,34.05,35.18,288,6422,0.60999,-0.6849,32,239.85
2020-03-16,2020-04-17,267.0,call,9.51,9.8,9.66,8.75,1498,4889,0.68803,0.33599,32,239.85
2020-03-16,2020-04-17,267.0,put,34.39,34.89,34.64,37.46,135,9562,0.60023,-0.69612,32,239.85
2020-03-16,2020-04-17,268.0,call,9.11,9.37,9.24,8.88,1757,4145,0.67828,0.32597,32,239.85
2020-03-16,2020-04-17,268.0,put,34.99,35.49,35.24,38.24,170,5432,0.59047,-0.70749,32,239.85
2020-03-16,2020-04-17,269.0,call,8.71,8.99,8.85,8.76,1125,4821,0.66852,0.31584,32,239.85
2020-03-16,2020-04-17,269.0,put,35.6,36.16,35.88,37.05,428,5774,0.59047,-0.71477,32,239.85
2020-03-16,2020-04-17,270.0,call,8.33,8.58,8.46,8.14,5852,10771,0.66852,0.3092,32,239.85
2020-03-16,2020-04-17,270.0,put,36.12,36.77,36.45,36.14,4540,50036,0.58072,-0.72621,32,239.85
2020-03-16,2020-04-17,271.0,call,7.94,8.19,8.06,7.73,2002,4934,0.65876,0.29898,32,239.85
2020-03-16,2020-04-17,271.0,put,36.83,37.45,37.14,36.83,419,5657,0.58072,-0.73332,32,239.85
2020-03-16,2020-04-17,272.0,call,7.57,7.83,7.7,7.61,2234,4579,0.65876,0.29245,32,239.85
2020-03-16,2020-04-17,272.0,put,37.45,38.02,37.73,40.94,78,4566,0.57096,-0.7448,32,239.85
2020-03-16,2020-04-17,273.0,call,7.2,7.46,7.33,6.86,927,2978,0.64901,0.28216,32,239.85
2020-03-16,2020-04-17,273.0,put,38.14,38.69,38.41,40.55,2137,5342,0.56121,-0.75637,32,239.85
2020-03-16,2020-04-17,274.0,call,6.84,7.1,6.97,6.3,832,0,0.63925,0.27177,32,239.85
2020-03-16,2020-04-17,274.0,put,38.77,39.35,39.06,39.63,605,9225,0.55145,-0.768,32,239.85
2020-03-16,2020-04-17,275.0,call,6.49,6.74,6.62,6.33,7876,6692,0.63925,0.26542,32,239.85
2020-03-16,2020-04-17,275.0,put,39.37,39.93,39.65,41.6,10616,59273,0.54169,-0.77967,32,239.85
2020-03-16,2020-04-17,276.0,call,6.14,6.4,6.27,5.33,1061,2626,0.6295,0.25501,32,239.85
2020-03-16,2020-04-17,276.0,put,39.93,40.5,40.22,43.78,109,3643,0.53194,-0.79137,32,239.85
2020-03-16,2020-04-17,277.0,call,5.81,6.06,5.93,5.91,1084,2991,0.61974,0.24453,32,239.85
2020-03-16,2020-04-17,277.0,put,40.58,41.28,40.93,44.28,357,6920,0.52218,-0.80307,32,239.85
2020-03-16,2020-04-17,278.0,call,5.48,5.73,5.61,4.8,578,5330,0.61974,0.2384,32,239.85
2020-03-16,2020-04-17,278.0,put,41.4,41.93,41.66,45.0,113,10208,0.52218,-0.80947,32,239.85
2020-03-16,2020-04-17,279.0,call,5.15,5.41,5.28,4.55,503,3369,0.60999,0.22795,32,239.85
2020-03-16,2020-04-17,279.0,put,42.09,42.61,42.35,45.09,172,10600,0.51243,-0.82101,32,239.85
2020-03-16,2020-04-17,280.0,call,4.84,5.1,4.97,4.95,7467,11888,0.60023,0.21747,32,239.85
2020-03-16,2020-04-17,280.0,put,42.64,43.28,42.96,46.5,6782,53219,0.49292,-0.83793,32,239.85
2020-03-16,2020-04-17,281.0,call,4.55,4.79,4.67,4.6,273,2976,0.60023,0.21161,32,239.85
2020-03-16,2020-04-17,281.0,put,43.35,44.0,43.67,46.53,88,5105,0.48316,-0.84937,32,239.85
2020-03-16,2020-04-17,282.0,call,4.26,4.49,4.38,4.16,634,3258,0.59047,0.20121,32,239.85
2020-03-16,2020-04-17,282.0,put,44.06,44.76,44.41,47.97,1128,13398,0.4734,-0.86067,32,239.85
2020-03-16,2020-04-17,283.0,call,3.98,4.2,4.09,3.83,561,4272,0.58072,0.19082,32,239.85
2020-03-16,2020-04-17,283.0,put,44.76,45.42,45.09,48.54,54,5907,0.46365,-0.87177,32,239.85
2020-03-16,2020-04-17,284.0,call,3.71,3.92,3.81,3.23,855,2847,0.58072,0.18529,32,239.85
2020-03-16,2020-04-17,284.0,put,45.49,46.15,45.82,48.98,47,14215,0.45389,-0.88266,32,239.85
2020-03-16,2020-04-17,285.0,call,3.46,3.66,3.56,3.66,3721,6790,0.57096,0.17505,32,239.85
2020-03-16,2020-04-17,285.0,put,46.23,46.9,46.56,46.81,1864,37172,0.44414,-0.89327,32,239.85
2020-03-16,2020-04-17,286.0,call,3.21,3.4,3.3,3.38,487,5228,0.56121,0.16487,32,239.85
2020-03-16,2020-04-17,286.0,put,46.97,47.71,47.34,50.68,61,7126,0.42462,-0.90907,32,239.85
2020-03-16,2020-04-17,287.0,call,2.99,3.16,3.08,2.51,791,5649,0.56121,0.15971,32,239.85
2020-03-16,2020-04-17,287.0,put,47.74,48.41,48.08,50.73,369,0,0.41487,-0.91891,32,239.85
2020-03-16,2020-04-17,288.0,call,2.76,2.94,2.85,2.9,2295,7794,0.55145,0.14976,32,239.85
2020-03-16,2020-04-17,288.0,put,48.53,49.25,48.89,52.01,1061,29978,0.39536,-0.9335,32,239.85
2020-03-16,2020-04-17,289.0,call,2.55,2.72,2.63,2.15,622,9786,0.54169,0.13992,32,239.85
2020-03-16,2020-04-17,289.0,put,49.31,50.02,49.67,50.02,24,9189,0.37584,-0.94711,32,239.85
2020-03-16,2020-04-17,290.0,call,2.39,2.51,2.45,2.18,5469,25573,0.54169,0.13519,32,239.85
2020-03-16,2020-04-17,290.0,put,50.11,50.86,50.48,54.37,4462,46116,0.35633,-0.95948,32,239.85
2020-03-16,2020-04-17,291.0,call,2.16,2.32,2.24,2.3,21483,6658,0.53194,0.12565,32,239.85
2020-03-16,2020-04-17,291.0,put,50.93,51.6,51.27,52.94,24,12440,0.31731,-0.97769,32,239.85
2020-03-16,2020-04-17,292.0,call,1.99,2.14,2.06,2.0,828,7681,0.53194,0.12121,32,239.85
2020-03-16,2020-04-17,292.0,put,51.74,52.33,52.03,56.07,86,12974,0.01488,-1.0,32,239.85
2020-03-16,2020-04-17,293.0,call,1.83,1.96,1.9,1.51,734,5500,0.52218,0.11202,32,239.85
2020-03-16,2020-04-17,293.0,put,52.59,53.28,52.94,56.0,870,9100,0.01488,-1.0,32,239.85
2020-03-16,2020-04-17,294.0,call,1.67,1.8,1.73,1.48,746,5679,0.51243,0.10305,32,239.85
2020-03-16,2020-04-17,294.0,put,53.42,54.02,53.72,55.0,75,7728,0.01488,-1.0,32,239.85
2020-03-16,2020-04-17,295.0,call,1.53,1.64,1.58,1.38,3570,16869,0.51243,0.09909,32,239.85
2020-03-16,2020-04-17,295.0,put,54.28,55.0,54.64,57.72,5287,25517,0.01488,-1.0,32,239.85
2020-03-16,2020-04-17,296.0,call,1.4,1.5,1.45,1.13,858,8288,0.50267,0.09055,32,239.85
2020-03-16,2020-04-17,296.0,put,55.12,55.86,55.49,57.18,99,7341,0.01488,-1.0,32,239.85
2020-03-16,2020-04-17,297.0,call,1.28,1.38,1.33,1.22,1315,10177,0.50267,0.08691,32,239.85
2020-03-16,2020-04-17,297.0,put,56.03,56.81,56.42,60.0,135,11718,0.01488,-1.0,32,239.85
2020-03-16,2020-04-17,298.0,call,1.17,1.26,1.21,1.17,2726,8471,0.49292,0.07884,32,239.85
2020-03-16,2020-04-17,298.0,put,56.87,57.64,57.25,61.26,58,15459,0.01488,-1.0,32,239.85
2020-03-16,2020-04-17,299.0,call,1.06,1.15,1.1,0.86,1623,5587,0.49292,0.07552,32,239.85
2020-03-16,2020-04-17,299.0,put,57.76,58.61,58.19,59.95,68,11218,0.01488,-1.0,32,239.85
2020-03-16,2020-04-17,300.0,call,0.97,1.04,1.0,1.03,49749,39970,0.48316,0.06797,32,239.85
2020-03-16,2020-04-17,300.0,put,58.66,59.5,59.08,63.0,3351,41206,0.01488,-1.0,32,239.85
2020-03-16,2020-04-17,301.0,call,0.89,0.97,0.93,0.9,810,5491,0.48316,0.06497,32,239.85
2020-03-16,2020-04-17,301.0,put,59.6,60.41,60.0,64.0,18,6385,0.01488,-1.0,32,239.85
2020-03-16,2020-04-17,302.0,call,0.81,0.89,0.85,0.69,2014,3852,0.48316,0.06208,32,239.85
2020-03-16,2020-04-17,302.0,put,60.52,61.34,60.93,59.74,75,11579,0.01488,-1.0,32,239.85
2020-03-16,2020-04-17,303.0,call,0.74,0.82,0.78,0.67,3576,6362,0.4734,0.05527,32,239.85
2020-03-16,2020-04-17,303.0,put,61.42,62.32,61.87,65.0,204,5858,0.01488,-1.0,32,239.85
2020-03-16,2020-04-17,304.0,call,0.68,0.76,0.72,0.6,1212,7741,0.4734,0.0527,32,239.85
2020-03-16,2020-04-17,304.0,put,62.39,63.25,62.82,67.03,96,12119,0.01488,-1.0,32,239.85
2020-03-16,2020-04-17,305.0,call,0.66,0.69,0.68,0.62,5366,14384,0.4734,0.05023,32,239.85
2020-03-16,2020-04-17,305.0,put,63.3,64.21,63.75,67.39,217,26408,0.01488,-1.0,32,239.85
2020-03-16,2020-04-17,306.0,call,0.58,0.65,0.61,0.54,1016,6742,0.4734,0.04786,32,239.85
2020-03-16,2020-04-17,306.0,put,64.26,65.13,64.69,67.72,22,9982,0.01488,-1.0,32,239.85
2020-03-16,2020-04-17,307.0,call,0.54,0.6,0.57,0.48,1077,6923,0.4734,0.04558,32,239.85
2020-03-16,2020-04-17,307.0,put,65.23,66.1,65.66,60.22,18,10516,0.01488,-1.0,32,239.85
2020-03-16,2020-04-17,308.0,call,0.5,0.56,0.53,0.5,1070,6336,0.46365,0.03993,32,239.85
2020-03-16,2020-04-17,308.0,put,66.19,67.07,66.63,70.95,79,10855,0.01488,-1.0,32,239.85
2020-03-16,2020-04-17,309.0,call,0.47,0.53,0.5,0.48,1002,9415,0.46365,0.03794,32,239.85
2020-03-16,2020-04-17,309.0,put,67.15,68.04,67.59,70.0,237,19879,0.01488,-1.0,32,239.85
2020-03-16,2020-04-17,310.0,call,0.44,0.49,0.46,0.45,17878,35547,0.46365,0.03604,32,239.85
2020-03-16,2020-04-17,310.0,put,68.11,69.07,68.59,72.54,724,24286,0.01488,-1.0,32,239.85
2020-03-16,2020-04-17,311.0,call,0.41,0.46,0.43,0.42,637,4923,0.46365,0.03422,32,239.85
2020-03-16,2020-04-17,311.0,put,69.08,70.05,69.56,69.41,306,4468,0.01488,-1.0,32,239.85
2020-03-16,2020-04-17,312.0,call,0.38,0.44,0.41,0.35,338,7837,0.46365,0.03249,32,239.85
2020-03-16,2020-04-17,312.0,put,70.06,70.83,70.44,74.34,64,11076,0.01488,-1.0,32,239.85
2020-03-16,2020-04-17,313.0,call,0.36,0.41,0.39,0.37,67,6668,0.46365,0.03083,32,239.85
2020-03-16,2020-04-17,313.0,put,71.06,71.95,71.5,68.19,9,19258,0.01488,-1.0,32,239.85
2020-03-16,2020-04-17,314.0,call,0.34,0.39,0.36,0.33,112,8304,0.46365,0.02925,32,239.85
2020-03-16,2020-04-17,314.0,put,72.02,73.0,72.51,72.5,56,4216,0.01488,-1.0,32,239.85
2020-03-16,2020-04-17,315.0,call,0.32,0.37,0.34,0.34,3611,39422,0.46365,0.02774,32,239.85
2020-03-16,2020-04-17,315.0,put,73.02,73.98,73.5,77.01,88,26454,0.01488,-1.0,32,239.85
2020-03-16,2020-04-17,316.0,call,0.3,0.35,0.32,0.29,163,7459,0.46365,0.0263,32,239.85
2020-03-16,2020-04-17,316.0,put,73.99,74.95,74.47,78.0,26,17064,0.01488,-1.0,32,239.85
2020-03-16,2020-04-17,317.0,call,0.29,0.33,0.31,0.29,275,9866,0.46365,0.02493,32,239.85
2020-03-16,2020-04-17,317.0,put,74.97,75.95,75.46,76.87,56,9162,0.01488,-1.0,32,239.85
2020-03-16,2020-04-17,318.0,call,0.27,0.31,0.29,0.26,129,7492,0.46365,0.02362,32,239.85
2020-03-16,2020-04-17,318.0,put,75.95,76.9,76.43,77.58,34,8071,0.01488,-1.0,32,239.85
2020-03-16,2020-04-17,319.0,call,0.26,0.3,0.28,0.24,247,9661,0.46365,0.02237,32,239.85
2020-03-16,2020-04-17,319.0,put,76.91,77.89,77.4,78.7,20,6687,0.01488,-1.0,32,239.85
2020-03-16,2020-04-17,320.0,call,0.25,0.28,0.27,0.25,1819,55048,0.4734,0.02356,32,239.85
2020-03-16,2020-04-17,320.0,put,77.92,78.91,78.41,83.05,305,23201,0.01488,-1.0,32,239.85
2020-03-16,2020-04-17,321.0,call,0.23,0.27,0.25,0.25,333,8555,0.4734,0.02235,32,239.85
2020-03-16,2020-04-17,321.0,put,78.92,79.93,79.43,79.88,49,5878,0.01488,-1.0,32,239.85
2020-03-16,2020-04-17,322.0,call,0.22,0.26,0.24,0.19,179,14156,0.4734,0.0212,32,239.85
2020-03-16,2020-04-17,322.0,put,79.9,80.85,80.38,79.01,30,10134,0.01488,-1.0,32,239.85
2020-03-16,2020-04-17,323.0,call,0.21,0.25,0.23,0.19,297,29334,0.4734,0.0201,32,239.85
2020-03-16,2020-04-17,323.0,put,80.88,81.9,81.39,80.0,21,8792,0.01488,-1.0,32,239.85
2020-03-16,2020-04-17,324.0,call,0.2,0.24,0.22,0.19,253,11624,0.4734,0.01905,32,239.85
2020-03-16,2020-04-17,324.0,put,81.87,82.79,82.33,85.06,4275,13768,0.01488,-1.0,32,239.85
2020-03-16,2020-04-17,325.0,call,0.18,0.23,0.21,0.19,1303,37961,0.4734,0.01805,32,239.85
2020-03-16,2020-04-17,325.0,put,82.84,83.84,83.34,83.28,5161,31762,0.01488,-1.0,32,239.85
2020-03-16,2020-04-17,326.0,call,0.17,0.22,0.2,0.18,27,11879,0.4734,0.0171,32,239.85
2020-03-16,2020-04-17,326.0,put,83.81,84.88,84.34,84.88,3894,6818,0.01488,-1.0,32,239.85
2020-03-16,2020-04-17,327.0,call,0.16,0.21,0.18,0.19,218,13016,0.4734,0.0162,32,239.85
2020-03-16,2020-04-17,327.0,put,84.83,85.81,85.32,85.23,430,9512,0.01488,-1.0,32,239.85
2020-03-16,2020-04-17,328.0,call,0.15,0.2,0.17,0.2,40,19900,0.4734,0.01533,32,239.85
2020-03-16,2020-04-17,328.0,put,85.82,86.8,86.31,86.25,1283,10177,0.01488,-1.0,32,239.85
2020-03-16,2020-04-17,329.0,call,0.14,0.19,0.17,0.14,144,13440,0.4734,0.01452,32,239.85
2020-03-16,2020-04-17,329.0,put,86.81,87.87,87.34,88.29,2990,7845,0.01488,-1.0,32,239.85
2020-03-16,2020-04-17,330.0,call,0.13,0.17,0.15,0.15,4278,40127,0.4734,0.01374,32,239.85
2020-03-16,2020-04-17,330.0,put,87.78,88.78,88.28,88.54,1117,25799,0.01488,-1.0,32,239.85
2020-03-16,2020-04-17,331.0,call,0.12,0.17,0.15,0.11,15,13858,0.4734,0.013,32,239.85
2020-03-16,2020-04-17,331.0,put,88.8,89.76,89.28,87.7,516,8010,0.01488,-1.0,32,239.85
2020-03-16,2020-04-17,332.0,call,0.11,0.16,0.14,0.1,203,11784,0.4734,0.01229,32,239.85
2020-03-16,2020-04-17,332.0,put,89.99,90.8,90.39,85.72,13,12183,0.01488,-1.0,32,239.85
2020-03-16,2020-04-17,333.0,call,0.11,0.15,0.13,0.11,211,41988,0.4734,0.01163,32,239.85
2020-03-16,2020-04-17,333.0,put,90.75,91.87,91.31,86.53,19,7637,0.01488,-1.0,32,239.85
2020-03-16,2020-04-17,334.0,call,0.1,0.14,0.12,0.1,317,9852,0.4734,0.01099,32,239.85
2020-03-16,2020-04-17,334.0,put,91.74,92.79,92.27,89.7,8,15614,0.01488,-1.0,32,239.85
2020-03-16,2020-04-17,335.0,call,0.09,0.13,0.11,0.1,147,17907,0.4734,0.01039,32,239.85
2020-03-16,2020-04-17,335.0,put,92.97,93.78,93.38,80.54,8,11341,0.01488,-1.0,32,239.85
2020-03-16,2020-04-17,336.0,call,0.09,0.13,0.11,0.12,291,10133,0.4734,0.00982,32,239.85
2020-03-16,2020-04-17,336.0,put,93.72,94.74,94.23,97.99,16,3841,0.01488,-1.0,32,239.85
2020-03-16,2020-04-17,337.0,call,0.09,0.12,0.1,0.08,80,19716,0.4734,0.00928,32,239.85
2020-03-16,2020-04-17,337.0,put,94.76,95.79,95.28,99.0,13,3563,0.01488,-1.0,32,239.85
2020-03-16,2020-04-17,338.0,call,0.08,0.11,0.1,0.09,163,17782,0.4734,0.00876,32,239.85
2020-03-16,2020-04-17,338.0,put,95.7,96.79,96.25,92.69,3,8898,0.01488,-1.0,32,239.85
2020-03-16,2020-04-17,339.0,call,0.07,0.11,0.09,0.08,36,26183,0.4734,0.00827,32,239.85
2020-03-16,2020-04-17,339.0,put,96.74,97.76,97.25,91.0,1,1687,0.01488,-1.0,32,239.85
2020-03-16,2020-04-17,340.0,call,0.07,0.1,0.09,0.08,672,40483,0.4734,0.00781,32,239.85
2020-03-16,2020-04-17,340.0,put,97.72,98.78,98.25,98.46,8,21641,0.01488,-1.0,32,239.85
2020-03-16,2020-04-17,341.0,call,0.07,0.1,0.09,0.11,18,5954,0.48316,0.0085,32,239.85
2020-03-16,2020-04-17,341.0,put,98.72,99.75,99.23,68.16,0,430,0.01488,-1.0,32,239.85
2020-03-16,2020-04-17,342.0,call,0.07,0.09,0.08,0.07,70,24438,0.4734,0.00696,32,239.85
2020-03-16,2020-04-17,342.0,put,99.72,100.77,100.25,50.58,0,260,0.01488,-1.0,32,239.85
2020-03-16,2020-04-17,343.0,call,0.06,0.09,0.07,0.15,30,13897,0.4734,0.00656,32,239.85
2020-03-16,2020-04-17,343.0,put,100.92,101.77,101.34,66.8,0,1568,0.01488,-1.0,32,239.85
2020-03-16,2020-04-17,344.0,call,0.06,0.08,0.07,0.12,73,13490,0.4734,0.00619,32,239.85
2020-03-16,2020-04-17,344.0,put,101.76,102.76,102.26,38.96,0,507,0.01488,-1.0,32,239.85
2020-03-16,2020-04-17,345.0,call,0.06,0.08,0.07,0.08,173,22624,0.48316,0.00679,32,239.85
2020-03-16,2020-04-17,345.0,put,102.91,103.8,103.35,101.1,4,1385,0.01488,-1.0,32,239.85
2020-03-16,2020-04-17,346.0,call,0.06,0.08,0.07,0.09,115,198422,0.48316,0.00642,32,239.85
2020-03-16,2020-04-17,346.0,put,103.9,104.74,104.32,42.5,0,214,0.01488,-1.0,32,239.85
2020-03-16,2020-04-17,347.0,call,0.05,0.07,0.06,0.06,1,7923,0.48316,0.00606,32,239.85
2020-03-16,2020-04-17,347.0,put,104.9,105.75,105.33,74.0,0,313,0.01488,-1.0,32,239.85
2020-03-16,2020-04-17,348.0,call,0.05,0.07,0.06,0.06,206,5898,0.48316,0.00573,32,239.85
2020-03-16,2020-04-17,348.0,put,105.89,106.75,106.32,44.03,0,99,0.01488,-1.0,32,239.85
2020-03-16,2020-04-17,349.0,call,0.05,0.07,0.06,0.07,13,12337,0.48316,0.00541,32,239.85
2020-03-16,2020-04-17,349.0,put,106.65,107.7,107.18,37.78,0,91,0.01488,-1.0,32,239.85
2020-03-16,2020-04-17,350.0,call,0.06,0.07,0.07,0.06,23525,42497,0.49292,0.00595,32,239.85
2020-03-16,2020-04-17,350.0,put,107.77,108.73,108.25,105.98,23,1805,0.01488,-1.0,32,239.85
2020-03-16,2020-04-17,351.0,call,0.05,0.06,0.06,0.07,15,2359,0.49292,0.00563,32,239.85
2020-03-16,2020-04-17,351.0,put,108.88,109.73,109.31,76.8,0,27,0.01488,-1.0,32,239.85
2020-03-16,2020-04-17,352.0,call,0.04,0.06,0.05,0.08,17,25610,0.48316,0.00455,32,239.85
2020-03-16,2020-04-17,352.0,put,109.88,110.8,110.34,44.27,0,11,0.01488,-1.0,32,239.85
2020-03-16,2020-04-17,353.0,call,0.04,0.06,0.05,0.04,3,3511,0.49292,0.00504,32,239.85
2020-03-16,2020-04-17,353.0,put,110.88,111.72,111.3,76.0,0,27,0.01488,-1.0,32,239.85
2020-03-16,2020-04-17,354.0,call,0.04,0.06,0.05,0.06,0,2014,0.49292,0.00476,32,239.85
2020-03-16,2020-04-17,354.0,put,111.62,112.78,112.2,71.07,0,20,0.01488,-1.0,32,239.85
2020-03-16,2020-04-17,355.0,call,0.04,0.06,0.05,0.05,22,6180,0.49292,0.0045,32,239.85
2020-03-16,2020-04-17,355.0,put,112.64,113.73,113.19,76.36,0,7,0.01488,-1.0,32,239.85
2020-03-16,2020-04-17,356.0,call,0.04,0.06,0.05,0.06,0,32343,0.50267,0.00498,32,239.85
2020-03-16,2020-04-17,356.0,put,113.87,114.73,114.3,73.06,0,20,0.01488,-1.0,32,239.85
2020-03-16,2020-04-17,357.0,call,0.03,0.06,0.04,0.05,24,43202,0.49292,0.00402,32,239.85
2020-03-16,2020-04-17,357.0,put,114.87,115.74,115.31,42.86,0,2,0.01488,-1.0,32,239.85
2020-03-16,2020-04-17,358.0,call,0.03,0.06,0.04,0.05,1,13084,0.49292,0.0038,32,239.85
2020-03-16,2020-04-17,358.0,put,115.86,116.73,116.3,95.0,0,2,0.01488,-1.0,32,239.85
2020-03-16,2020-04-17,359.0,call,0.04,0.05,0.04,0.05,12,0,0.49292,0.00358,32,239.85
2020-03-16,2020-04-17,359.0,put,116.86,117.77,117.31,26.24,0,1,0.01488,-1.0,32,239.85
2020-03-16,2020-04-17,360.0,call,0.03,0.05,0.04,0.04,17,11260,0.50267,0.00399,32,239.85
2020-03-16,2020-04-17,360.0,put,117.64,118.68,118.16,109.88,2,52,0.01488,-1.0,32,239.85
2020-03-16,2020-04-17,361.0,call,0.03,0.05,0.04,0.05,12,954,0.50267,0.00378,32,239.85
2020-03-16,2020-04-17,361.0,put,117.6,120.5,119.05,0.0,0,0,0.01488,-1.0,32,239.85
2020-03-16,2020-04-17,362.0,call,0.03,0.05,0.04,0.04,0,979,0.50267,0.00358,32,239.85
2020-03-16,2020-04-17,362.0,put,118.6,121.5,120.05,79.04,0,18,0.01488,-1.0,32,239.85
2020-03-16,2020-04-17,363.0,call,0.03,0.05,0.04,0.04,22,2097,0.51243,0.00398,32,239.85
2020-03-16,2020-04-17,363.0,put,119.6,122.5,121.05,90.1,0,31,0.01488,-1.0,32,239.85
2020-03-16,2020-04-17,364.0,call,0.03,0.05,0.04,0.02,14,756,0.51243,0.00377,32,239.85
2020-03-16,2020-04-17,364.0,put,120.6,123.49,122.04,31.7,0,5,0.01488,-1.0,32,239.85
2020-03-16,2020-04-17,365.0,call,0.02,0.05,0.04,0.05,27,1204,0.51243,0.00357,32,239.85
2020-03-16,2020-04-17,365.0,put,121.6,124.49,123.04,0.0,0,0,0.01488,-1.0,32,239.85
2020-03-16,2020-04-17,366.0,call,0.02,0.05,0.04,0.04,4,494,0.52218,0.00397,32,239.85
2020-03-16,2020-04-17,366.0,put,122.6,125.49,124.04,0.0,0,0,0.01488,-1.0,32,239.85
2020-03-16,2020-04-17,367.0,call,0.02,0.04,0.03,0.02,2,724,0.50267,0.0027,32,239.85
2020-03-16,2020-04-17,367.0,put,123.6,126.49,125.04,70.96,0,1,0.01488,-1.0,32,239.85
2020-03-16,2020-04-17,368.0,call,0.02,0.04,0.03,0.05,87,10515,0.51243,0.00303,32,239.85
2020-03-16,2020-04-17,368.0,put,124.6,127.49,126.04,0.0,0,0,0.01488,-1.0,32,239.85
2020-03-16,2020-04-17,369.0,call,0.02,0.04,0.03,0.05,11,470,0.51243,0.00287,32,239.85
2020-03-16,2020-04-17,369.0,put,125.6,128.49,127.05,72.95,0,1,0.01488,-1.0,32,239.85
2020-03-16,2020-04-17,370.0,call,0.02,0.04,0.03,0.03,8,1739,0.51243,0.00272,32,239.85
2020-03-16,2020-04-17,370.0,put,126.59,129.48,128.03,66.9,0,11,0.01488,-1.0,32,239.85
2020-03-16,2020-04-17,371.0,call,0.02,0.04,0.03,0.04,0,411,0.52218,0.00305,32,239.85
2020-03-16,2020-04-17,371.0,put,127.59,130.48,129.03,38.86,0,1,0.01488,-1.0,32,239.85
2020-03-16,2020-04-17,372.0,call,0.02,0.04,0.03,0.04,23,917,0.52218,0.00289,32,239.85
2020-03-16,2020-04-17,372.0,put,128.59,131.48,130.03,0.0,0,0,0.01488,-1.0,32,239.85
2020-03-16,2020-04-17,373.0,call,0.02,0.04,0.03,0.03,13,487,0.52218,0.00274,32,239.85
2020-03-16,2020-04-17,373.0,put,129.59,132.48,131.03,0.0,0,0,0.01488,-1.0,32,239.85
2020-03-16,2020-04-17,374.0,call,0.01,0.03,0.02,0.03,0,496,0.50267,0.00181,32,239.85
2020-03-16,2020-04-17,374.0,put,130.59,133.48,132.03,91.01,0,18,0.01488,-1.0,32,239.85
2020-03-16,2020-04-17,375.0,call,0.02,0.04,0.03,0.03,0,1135,0.53194,0.00291,32,239.85
2020-03-16,2020-04-17,375.0,put,131.59,134.48,133.03,92.01,0,18,0.01488,-1.0,32,239.85
2020-03-16,2020-04-17,376.0,call,0.02,0.04,0.03,0.04,26,456,0.53194,0.00277,32,239.85
2020-03-16,2020-04-17,376.0,put,132.59,135.48,134.03,0.0,0,0,0.01488,-1.0,32,239.85
2020-03-16,2020-04-17,377.0,call,0.02,0.04,0.03,0.03,100,484,0.53194,0.00263,32,239.85
2020-03-16,2020-04-17,377.0,put,133.59,136.47,135.03,0.0,0,0,0.01488,-1.0,32,239.85
2020-03-16,2020-04-17,378.0,call,0.02,0.03,0.03,0.03,0,1713,0.54169,0.00294,32,239.85
2020-03-16,2020-04-17,378.0,put,134.59,137.47,136.03,0.0,0,0,0.01488,-1.0,32,239.85
2020-03-16,2020-04-17,379.0,call,0.02,0.03,0.03,0.02,0,625,0.54169,0.00279,32,239.85
2020-03-16,2020-04-17,379.0,put,135.59,138.47,137.03,0.0,0,0,0.01488,-1.0,32,239.85
2020-03-16,2020-04-17,380.0,call,0.02,0.03,0.03,0.03,5,339,0.54169,0.00266,32,239.85
2020-03-16,2020-04-17,380.0,put,136.59,139.47,138.03,125.2,0,3,0.01488,-1.0,32,239.85
2020-03-16,2020-04-17,381.0,call,0.01,0.04,0.03,0.03,2,313,0.54169,0.00253,32,239.85
2020-03-16,2020-04-17,381.0,put,137.59,140.47,139.03,0.0,0,0,0.01488,-1.0,32,239.85
2020-03-16,2020-04-17,382.0,call,0.01,0.04,0.03,0.03,100,567,0.55145,0.00283,32,239.85
2020-03-16,2020-04-17,382.0,put,138.59,141.47,140.03,50.45,0,1,0.01488,-1.0,32,239.85
2020-03-16,2020-04-17,383.0,call,0.01,0.04,0.03,0.03,1,666,0.55145,0.00269,32,239.85
2020-03-16,2020-04-17,383.0,put,139.59,142.47,141.03,0.0,0,0,0.01488,-1.0,32,239.85
2020-03-16,2020-04-17,384.0,call,0.01,0.02,0.01,0.02,0,0,0.50267,0.00101,32,239.85
2020-03-16,2020-04-17,384.0,put,140.58,143.47,142.03,0.0,0,0,0.01488,-1.0,32,239.85
2020-03-16,2020-04-17,385.0,call,0.01,0.03,0.02,0.02,0,2704,0.53194,0.00173,32,239.85
2020-03-16,2020-04-17,385.0,put,141.58,144.47,143.03,57.14,0,1,0.01488,-1.0,32,239.85
2020-03-16,2020-04-17,386.0,call,0.01,0.03,0.02,0.02,0,230,0.54169,0.00196,32,239.85
2020-03-16,2020-04-17,386.0,put,142.58,145.47,144.03,113.59,0,31,0.01488,-1.0,32,239.85
2020-03-16,2020-04-17,387.0,call,0.01,0.02,0.01,0.01,2,2033,0.51243,0.00105,32,239.85
2020-03-16,2020-04-17,387.0,put,143.58,146.46,145.02,73.5,0,0,0.01488,-1.0,32,239.85
2020-03-16,2020-04-17,388.0,put,145.54,146.8,146.17,0.0,0,0,0.01488,-1.0,32,239.85
2020-03-16,2020-04-17,389.0,put,145.58,148.46,147.02,0.0,0,0,0.01488,-1.0,32,239.85
2020-03-16,2020-04-17,390.0,put,146.58,149.46,148.02,89.98,0,0,0.01488,-1.0,32,239.85
2020-03-16,2020-04-17,391.0,put,147.58,150.46,149.02,0.0,0,0,0.01488,-1.0,32,239.85
2020-03-16,2020-04-17,392.0,put,148.58,151.46,150.02,0.0,0,0,0.01488,-1.0,32,239.85
2020-03-16,2020-04-17,393.0,put,149.58,152.46,151.02,0.0,0,0,0.01488,-1.0,32,239.85
2020-03-16,2020-04-17,394.0,put,150.58,153.46,152.02,0.0,0,0,0.01488,-1.0,32,239.85
2020-03-16,2020-04-17,395.0,put,151.58,154.46,153.02,94.97,0,1,0.01488,-1.0,32,239.85
2020-03-16,2020-04-17,396.0,call,0.01,0.02,0.01,0.01,0,26,0.53194,0.00096,32,239.85
2020-03-16,2020-04-17,396.0,put,152.58,155.46,154.02,0.0,0,0,0.01488,-1.0,32,239.85
2020-03-16,2020-04-17,397.0,put,153.58,156.45,155.01,124.58,0,31,0.01488,-1.0,32,239.85
2020-03-16,2020-04-17,398.0,put,154.58,157.45,156.01,0.0,0,0,0.01488,-1.0,32,239.85
2020-03-16,2020-04-17,399.0,put,155.57,158.45,157.01,120.58,0,49,0.01488,-1.0,32,239.85
2020-03-16,2020-04-17,400.0,put,156.57,159.45,158.01,0.0,0,1211,0.01488,-1.0,32,239.85
2020-03-16,2020-04-17,405.0,put,161.57,164.45,163.01,124.61,0,229,0.01488,-1.0,32,239.85
2020-03-16,2020-04-17,410.0,call,0.01,0.02,0.01,0.01,101,310,0.57096,0.00102,32,239.85
2020-03-16,2020-04-17,410.0,put,166.57,169.44,168.0,117.4,0,272,0.01488,-1.0,32,239.85
2020-03-16,2020-04-17,415.0,put,171.57,174.44,173.0,0.0,0,0,0.01488,-1.0,32,239.85
2020-03-16,2020-04-17,420.0,put,176.56,179.44,178.0,139.6,0,62,0.01488,-1.0,32,239.85
2020-03-16,2020-04-17,425.0,put,181.56,184.43,183.0,151.04,0,62,0.01488,-1.0,32,239.85
2020-03-16,2020-04-17,430.0,put,186.56,189.43,188.0,0.0,0,0,0.01488,-1.0,32,239.85
2020-03-16,2020-04-17,435.0,put,191.56,194.43,193.0,161.04,0,31,0.01488,-1.0,32,239.85
2020-03-16,2020-04-17,440.0,put,196.56,199.43,198.0,158.78,0,93,0.01488,-1.0,32,239.85
2020-03-16,2020-04-20,130.0,call,112.03,114.83,113.43,0.0,0,0,1.50752,0.93894,35,239.85
2020-03-16,2020-04-20,130.0,put,0.65,0.7,0.68,0.78,484,0,1.05875,-0.02104,35,239.85
2020-03-16,2020-04-20,135.0,call,107.13,109.89,108.51,0.0,0,0,1.43923,0.93486,35,239.85
2020-03-16,2020-04-20,135.0,put,0.8,0.86,0.83,0.8,41,0,1.03924,-0.02573,35,239.85
2020-03-16,2020-04-20,140.0,call,102.23,104.96,103.59,0.0,0,0,1.37094,0.9307,35,239.85
2020-03-16,2020-04-20,140.0,put,0.99,1.05,1.02,1.0,278,0,1.01973,-0.03119,35,239.85
2020-03-16,2020-04-20,145.0,call,97.38,100.06,98.72,0.0,0,0,1.31241,0.92537,35,239.85
2020-03-16,2020-04-20,145.0,put,1.21,1.28,1.25,1.34,80,0,1.00022,-0.03749,35,239.85
2020-03-16,2020-04-20,150.0,call,92.58,95.21,93.89,0.0,0,0,1.25387,0.91979,35,239.85
2020-03-16,2020-04-20,150.0,put,1.49,1.56,1.52,1.63,183,0,0.98071,-0.04473,35,239.85
2020-03-16,2020-04-20,155.0,call,87.85,90.42,89.13,0.0,0,0,1.20509,0.91264,35,239.85
2020-03-16,2020-04-20,155.0,put,1.8,1.89,1.84,1.74,237,0,0.97095,-0.05445,35,239.85
2020-03-16,2020-04-20,160.0,call,83.2,85.71,84.45,0.0,0,0,1.16607,0.90361,35,239.85
2020-03-16,2020-04-20,160.0,put,2.18,2.28,2.23,2.08,60,0,0.95144,-0.06398,35,239.85
2020-03-16,2020-04-20,165.0,call,78.63,81.07,79.85,0.0,0,0,1.12705,0.8938,35,239.85
2020-03-16,2020-04-20,165.0,put,2.63,2.74,2.69,3.15,97,0,0.94168,-0.07644,35,239.85
2020-03-16,2020-04-20,170.0,call,74.14,76.53,75.34,0.0,0,0,1.08802,0.88314,35,239.85
2020-03-16,2020-04-20,170.0,put,3.15,3.27,3.21,3.36,110,0,0.92217,-0.08867,35,239.85
2020-03-16,2020-04-20,175.0,call,69.75,72.06,70.91,0.0,0,0,1.05875,0.86995,35,239.85
2020-03-16,2020-04-20,175.0,put,3.74,3.88,3.81,4.45,617,0,0.91242,-0.10423,35,239.85
2020-03-16,2020-04-20,180.0,call,65.46,67.69,66.57,0.0,0,0,1.03924,0.85398,35,239.85
2020-03-16,2020-04-20,180.0,put,4.43,4.58,4.5,4.58,1084,0,0.90266,-0.12149,35,239.85
2020-03-16,2020-04-20,185.0,call,61.21,63.37,62.29,0.0,0,0,1.00998,0.83827,35,239.85
2020-03-16,2020-04-20,185.0,put,5.18,5.4,5.29,6.08,229,0,0.88315,-0.1385,35,239.85
2020-03-16,2020-04-20,190.0,call,57.15,59.24,58.2,0.0,0,0,0.99046,0.81958,35,239.85
2020-03-16,2020-04-20,190.0,put,6.04,6.27,6.15,6.35,217,0,0.87339,-0.15924,35,239.85
2020-03-16,2020-04-20,195.0,call,53.15,55.17,54.16,0.0,0,0,0.9612,0.80098,35,239.85
2020-03-16,2020-04-20,195.0,put,6.99,7.25,7.12,8.23,299,0,0.85388,-0.17983,35,239.85
2020-03-16,2020-04-20,200.0,call,49.15,51.1,50.12,0.0,0,0,0.94168,0.77927,35,239.85
2020-03-16,2020-04-20,200.0,put,8.04,8.31,8.18,8.08,4066,0,0.84413,-0.2042,35,239.85
2020-03-16,2020-04-20,205.0,call,45.38,47.26,46.32,0.0,0,0,0.92217,0.75598,35,239.85
2020-03-16,2020-04-20,205.0,put,9.2,9.51,9.36,10.47,58,0,0.82461,-0.2286,35,239.85
2020-03-16,2020-04-20,210.0,call,41.71,43.53,42.62,0.0,0,0,0.90266,0.73109,35,239.85
2020-03-16,2020-04-20,210.0,put,10.49,10.82,10.66,11.05,347,0,0.81486,-0.25661,35,239.85
2020-03-16,2020-04-20,215.0,call,38.16,39.92,39.04,0.0,0,0,0.88315,0.70456,35,239.85
2020-03-16,2020-04-20,215.0,put,11.89,12.24,12.07,12.67,197,0,0.79535,-0.28494,35,239.85
2020-03-16,2020-04-20,220.0,call,34.75,36.46,35.61,0.0,0,0,0.86364,0.67639,35,239.85
2020-03-16,2020-04-20,220.0,put,13.41,13.79,13.6,13.43,978,0,0.78559,-0.31642,35,239.85
2020-03-16,2020-04-20,225.0,call,31.47,33.13,32.3,47.0,0,50,0.84413,0.64659,35,239.85
2020-03-16,2020-04-20,225.0,put,15.07,15.48,15.28,15.21,457,263,0.76608,-0.34862,35,239.85
2020-03-16,2020-04-20,230.0,call,28.4,30.0,29.2,31.37,2,0,0.82461,0.61518,35,239.85
2020-03-16,2020-04-20,230.0,put,16.88,17.31,17.09,17.59,1071,351,0.74657,-0.38284,35,239.85
2020-03-16,2020-04-20,235.0,call,25.38,26.94,26.16,28.19,2,0,0.8051,0.58221,35,239.85
2020-03-16,2020-04-20,235.0,put,18.82,19.28,19.05,20.81,742,117,0.72706,-0.41903,35,239.85
2020-03-16,2020-04-20,240.0,call,22.74,24.02,23.38,21.4,2,0,0.79535,0.54838,35,239.85
2020-03-16,2020-04-20,240.0,put,20.9,21.39,21.14,21.69,2465,207,0.7173,-0.45647,35,239.85
2020-03-16,2020-04-20,245.0,call,19.76,21.24,20.5,18.98,19,0,0.76608,0.51199,35,239.85
2020-03-16,2020-04-20,245.0,put,23.12,23.63,23.38,24.0,500,698,0.69779,-0.49568,35,239.85
2020-03-16,2020-04-20,250.0,call,17.16,18.6,17.88,16.81,51,0,0.74657,0.47502,35,239.85
2020-03-16,2020-04-20,250.0,put,24.93,26.72,25.82,27.26,537,141,0.67828,-0.53632,35,239.85
2020-03-16,2020-04-20,255.0,call,14.69,16.09,15.39,15.04,19,3,0.72706,0.43706,35,239.85
2020-03-16,2020-04-20,255.0,put,27.49,29.36,28.42,31.05,84,56,0.65876,-0.57812,35,239.85
2020-03-16,2020-04-20,259.0,call,12.81,14.2,13.5,18.87,11,0,0.70754,0.40519,35,239.85
2020-03-16,2020-04-20,259.0,put,29.48,31.46,30.47,29.1,5,0,0.6295,-0.61614,35,239.85
2020-03-16,2020-04-20,260.0,call,12.36,13.74,13.05,11.75,150,7,0.69779,0.39582,35,239.85
2020-03-16,2020-04-20,260.0,put,30.01,31.96,30.98,33.92,114,197,0.6295,-0.62367,35,239.85
2020-03-16,2020-04-20,261.0,call,11.91,13.28,12.59,13.0,4,0,0.69779,0.38899,35,239.85
2020-03-16,2020-04-20,261.0,put,30.55,32.56,31.55,0.0,0,0,0.61974,-0.63425,35,239.85
2020-03-16,2020-04-20,262.0,call,11.46,12.83,12.14,15.3,11,0,0.68803,0.37945,35,239.85
2020-03-16,2020-04-20,262.0,put,31.09,33.13,32.11,0.0,0,0,0.61974,-0.64172,35,239.85
2020-03-16,2020-04-20,263.0,call,11.02,12.39,11.71,0.0,0,0,0.68803,0.37266,35,239.85
2020-03-16,2020-04-20,263.0,put,31.64,33.7,32.67,0.0,0,0,0.60999,-0.6525,35,239.85
2020-03-16,2020-04-20,264.0,call,10.59,11.95,11.27,12.86,1,0,0.67828,0.36295,35,239.85
2020-03-16,2020-04-20,264.0,put,32.19,34.27,33.23,0.0,0,0,0.60023,-0.66346,35,239.85
2020-03-16,2020-04-20,265.0,call,10.16,11.52,10.84,10.0,5,16,0.67828,0.35621,35,239.85
2020-03-16,2020-04-20,265.0,put,32.75,34.8,33.77,31.31,32,27,0.60023,-0.67085,35,239.85
2020-03-16,2020-04-20,266.0,call,9.72,11.08,10.4,15.45,1,0,0.66852,0.34634,35,239.85
2020-03-16,2020-04-20,266.0,put,33.36,35.43,34.39,0.0,0,0,0.59047,-0.68197,35,239.85
2020-03-16,2020-04-20,267.0,call,9.32,10.68,10.0,0.0,0,0,0.66852,0.33968,35,239.85
2020-03-16,2020-04-20,267.0,put,33.89,36.03,34.96,0.0,0,0,0.59047,-0.68925,35,239.85
2020-03-16,2020-04-20,268.0,call,8.91,10.27,9.59,9.6,1,0,0.65876,0.32967,35,239.85
2020-03-16,2020-04-20,268.0,put,34.53,36.69,35.61,0.0,0,0,0.58072,-0.70051,35,239.85
2020-03-16,2020-04-20,269.0,call,8.51,9.86,9.18,0.0,0,0,0.65876,0.32309,35,239.85
2020-03-16,2020-04-20,269.0,put,35.15,37.33,36.24,28.35,12,0,0.58072,-0.70767,35,239.85
2020-03-16,2020-04-20,270.0,call,8.11,9.46,8.79,7.7,71,6,0.64901,0.31295,35,239.85
2020-03-16,2020-04-20,270.0,put,35.64,37.85,36.75,38.0,13,12,0.57096,-0.71903,35,239.85
2020-03-16,2020-04-20,271.0,call,7.72,9.07,8.39,0.0,0,0,0.63925,0.3027,35,239.85
2020-03-16,2020-04-20,271.0,put,36.24,38.47,37.36,0.0,0,0,0.56121,-0.73051,35,239.85
2020-03-16,2020-04-20,275.0,call,6.22,7.58,6.9,6.54,11,21,0.61974,0.26914,35,239.85
2020-03-16,2020-04-20,275.0,put,38.69,41.02,39.86,33.43,22,14,0.53194,-0.77229,35,239.85
2020-03-16,2020-04-20,280.0,call,4.52,5.89,5.21,4.39,65,45,0.59047,0.2255,35,239.85
2020-03-16,2020-04-20,280.0,put,41.91,44.46,43.19,44.75,3,2,0.48316,-0.83099,35,239.85
2020-03-16,2020-04-20,285.0,call,3.01,4.4,3.71,3.38,29,0,0.55145,0.17794,35,239.85
2020-03-16,2020-04-20,285.0,put,45.38,48.06,46.72,0.0,0,0,0.43438,-0.88747,35,239.85
2020-03-16,2020-04-20,290.0,call,1.84,3.19,2.52,3.15,19,0,0.52218,0.13745,35,239.85
2020-03-16,2020-04-20,290.0,put,49.14,51.88,50.51,50.22,1,0,0.34658,-0.95667,35,239.85
2020-03-16,2020-04-20,295.0,call,0.99,2.25,1.62,0.74,16,0,0.49292,0.10062,35,239.85
2020-03-16,2020-04-20,295.0,put,53.27,56.1,54.69,0.0,0,0,0.01488,-1.0,35,239.85
2020-03-16,2020-04-20,300.0,call,0.48,1.25,0.86,1.0,133,0,0.45389,0.06425,35,239.85
2020-03-16,2020-04-20,300.0,put,57.57,60.44,59.0,58.88,1,0,0.01488,-1.0,35,239.85
2020-03-16,2020-04-20,305.0,call,0.3,1.07,0.69,0.58,81,0,0.45389,0.05074,35,239.85
2020-03-16,2020-04-20,305.0,put,62.2,65.07,63.63,63.9,20,0,0.01488,-1.0,35,239.85
2020-03-16,2020-04-20,310.0,call,0.17,0.81,0.49,0.45,6,0,0.45389,0.03977,35,239.85
2020-03-16,2020-04-20,310.0,put,67.02,69.91,68.47,0.0,0,0,0.01488,-1.0,35,239.85
2020-03-16,2020-04-20,315.0,call,0.02,0.64,0.33,0.34,6,0,0.44414,0.02798,35,239.85
2020-03-16,2020-04-20,315.0,put,71.88,74.79,73.34,0.0,0,0,0.01488,-1.0,35,239.85
2020-03-16,2020-04-20,320.0,call,0.15,0.38,0.27,0.3,31,0,0.45389,0.02389,35,239.85
2020-03-16,2020-04-20,320.0,put,76.8,79.71,78.25,0.0,0,0,0.01488,-1.0,35,239.85
2020-03-16,2020-04-24,130.0,call,112.08,114.86,113.47,0.0,0,0,1.42948,0.93882,39,239.85
2020-03-16,2020-04-24,130.0,put,0.81,0.86,0.83,0.9,1186,558,1.03924,-0.02421,39,239.85
2020-03-16,2020-04-24,135.0,call,107.21,109.94,108.57,0.0,0,0,1.36119,0.93509,39,239.85
2020-03-16,2020-04-24,135.0,put,0.99,1.05,1.02,1.13,173,134,1.01973,-0.02926,39,239.85
2020-03-16,2020-04-24,140.0,call,102.35,105.04,103.69,0.0,0,0,1.30265,0.93028,39,239.85
2020-03-16,2020-04-24,140.0,put,1.22,1.28,1.25,1.14,310,170,1.00022,-0.03508,39,239.85
2020-03-16,2020-04-24,145.0,call,97.55,100.19,98.87,0.0,0,0,1.25387,0.92414,39,239.85
2020-03-16,2020-04-24,145.0,put,1.48,1.56,1.52,1.56,229,121,0.99046,-0.04297,39,239.85
2020-03-16,2020-04-24,150.0,call,92.82,95.4,94.11,0.0,0,0,1.20509,0.91761,39,239.85
2020-03-16,2020-04-24,150.0,put,1.8,1.88,1.84,1.85,2042,868,0.97095,-0.05067,39,239.85
2020-03-16,2020-04-24,155.0,call,88.16,90.68,89.42,0.0,0,0,1.16607,0.90934,39,239.85
2020-03-16,2020-04-24,155.0,put,2.18,2.27,2.23,2.34,5460,4865,0.9612,-0.06087,39,239.85
2020-03-16,2020-04-24,160.0,call,83.53,85.99,84.76,89.26,1,1,1.12705,0.9004,39,239.85
2020-03-16,2020-04-24,160.0,put,2.61,2.72,2.67,3.15,1411,769,0.94168,-0.07078,39,239.85
2020-03-16,2020-04-24,165.0,call,79.09,81.49,80.29,0.0,0,0,1.09778,0.88926,39,239.85
2020-03-16,2020-04-24,165.0,put,3.12,3.23,3.17,3.29,1370,729,0.93193,-0.08362,39,239.85
2020-03-16,2020-04-24,170.0,call,74.69,77.02,75.85,0.0,0,0,1.06851,0.87716,39,239.85
2020-03-16,2020-04-24,170.0,put,3.7,3.83,3.77,3.75,3020,6691,0.92217,-0.09792,39,239.85
2020-03-16,2020-04-24,175.0,call,70.38,72.64,71.51,0.0,0,0,1.03924,0.86402,39,239.85
2020-03-16,2020-04-24,175.0,put,4.35,4.5,4.42,5.1,1136,1178,0.90266,-0.11184,39,239.85
2020-03-16,2020-04-24,180.0,call,66.15,68.34,67.25,0.0,0,0,1.01973,0.84818,39,239.85
2020-03-16,2020-04-24,180.0,put,5.11,5.27,5.19,5.5,1945,1283,0.89291,-0.12916,39,239.85
2020-03-16,2020-04-24,185.0,call,61.98,64.09,63.03,0.0,0,0,0.99046,0.83266,39,239.85
2020-03-16,2020-04-24,185.0,put,5.94,6.13,6.04,6.4,1203,1158,0.88315,-0.14807,39,239.85
2020-03-16,2020-04-24,190.0,call,57.99,60.04,59.02,65.08,0,1,0.97095,0.81424,39,239.85
2020-03-16,2020-04-24,190.0,put,6.86,7.06,6.96,7.48,492,772,0.86364,-0.16667,39,239.85
2020-03-16,2020-04-24,195.0,call,54.01,55.99,55.0,0.0,0,0,0.95144,0.79446,39,239.85
2020-03-16,2020-04-24,195.0,put,7.88,8.1,7.99,8.8,600,369,0.85388,-0.18884,39,239.85
2020-03-16,2020-04-24,200.0,call,50.21,52.13,51.17,60.61,0,3,0.93193,0.77327,39,239.85
2020-03-16,2020-04-24,200.0,put,9.0,9.24,9.12,9.4,3751,5322,0.84413,-0.2126,39,239.85
2020-03-16,2020-04-24,205.0,call,46.4,48.26,47.33,0.0,0,0,0.91242,0.75062,39,239.85
2020-03-16,2020-04-24,205.0,put,10.23,10.48,10.36,10.72,308,3284,0.82461,-0.23631,39,239.85
2020-03-16,2020-04-24,210.0,call,42.77,44.57,43.67,47.61,1,2,0.89291,0.72648,39,239.85
2020-03-16,2020-04-24,210.0,put,11.56,11.85,11.71,13.26,444,1226,0.81486,-0.26332,39,239.85
2020-03-16,2020-04-24,215.0,call,39.93,40.53,40.23,79.98,0,0,0.87339,0.70083,39,239.85
2020-03-16,2020-04-24,215.0,put,13.01,13.31,13.16,14.62,703,1871,0.79535,-0.29057,39,239.85
2020-03-16,2020-04-24,220.0,call,36.53,37.11,36.82,41.5,0,21,0.86364,0.67296,39,239.85
2020-03-16,2020-04-24,220.0,put,14.59,14.9,14.75,15.2,1985,11629,0.78559,-0.32066,39,239.85
2020-03-16,2020-04-24,225.0,call,33.26,33.82,33.54,37.11,1,2,0.84413,0.64452,39,239.85
2020-03-16,2020-04-24,225.0,put,16.29,16.62,16.45,18.63,460,2221,0.76608,-0.35141,39,239.85
2020-03-16,2020-04-24,230.0,call,30.11,30.66,30.38,28.08,103,19,0.82461,0.6146,39,239.85
2020-03-16,2020-04-24,230.0,put,18.13,18.48,18.3,18.77,448,1068,0.74657,-0.38402,39,239.85
2020-03-16,2020-04-24,235.0,call,27.1,27.62,27.36,31.13,1,5,0.8051,0.58325,39,239.85
2020-03-16,2020-04-24,235.0,put,20.09,20.46,20.27,22.48,417,610,0.73681,-0.41826,39,239.85
2020-03-16,2020-04-24,237.0,call,25.89,26.5,26.2,0.0,0,0,0.79535,0.57024,39,239.85
2020-03-16,2020-04-24,237.0,put,20.87,21.32,21.09,23.34,385,54,0.72706,-0.43241,39,239.85
2020-03-16,2020-04-24,238.0,call,25.32,25.92,25.62,0.0,0,0,0.79535,0.56388,39,239.85
2020-03-16,2020-04-24,238.0,put,21.29,21.75,21.52,21.6,57,4,0.72706,-0.43938,39,239.85
2020-03-16,2020-04-24,239.0,call,24.74,25.34,25.04,30.38,0,1,0.78559,0.55696,39,239.85
2020-03-16,2020-04-24,239.0,put,21.71,22.17,21.94,20.46,81,23,0.7173,-0.44689,39,239.85
2020-03-16,2020-04-24,240.0,call,24.21,24.72,24.46,22.5,29,233,0.78559,0.55053,39,239.85
2020-03-16,2020-04-24,240.0,put,22.19,22.58,22.38,24.01,872,1711,0.7173,-0.45394,39,239.85
2020-03-16,2020-04-24,241.0,call,23.62,24.2,23.91,23.08,2,0,0.78559,0.54412,39,239.85
2020-03-16,2020-04-24,241.0,put,22.58,23.05,22.81,22.8,104,3,0.70754,-0.46171,39,239.85
2020-03-16,2020-04-24,242.0,call,23.06,23.64,23.35,22.39,5,0,0.77583,0.53692,39,239.85
2020-03-16,2020-04-24,242.0,put,23.02,23.49,23.25,24.31,32,35,0.70754,-0.46883,39,239.85
2020-03-16,2020-04-24,242.5,call,22.79,23.37,23.08,23.74,10,188,0.77583,0.53368,39,239.85
2020-03-16,2020-04-24,242.5,put,23.24,23.72,23.48,24.11,86,54,0.70754,-0.47238,39,239.85
2020-03-16,2020-04-24,243.0,call,22.51,23.09,22.8,23.17,14,0,0.77583,0.53045,39,239.85
2020-03-16,2020-04-24,243.0,put,23.46,23.94,23.7,23.0,31,929,0.70754,-0.47593,39,239.85
2020-03-16,2020-04-24,244.0,call,21.97,22.54,22.25,20.48,14,0,0.76608,0.52303,39,239.85
2020-03-16,2020-04-24,244.0,put,23.91,24.4,24.16,24.75,28,4,0.69779,-0.48404,39,239.85
2020-03-16,2020-04-24,245.0,call,21.44,21.95,21.7,19.98,85,12,0.76608,0.51653,39,239.85
2020-03-16,2020-04-24,245.0,put,24.41,24.83,24.62,26.85,411,1690,0.69779,-0.49119,39,239.85
2020-03-16,2020-04-24,246.0,call,20.9,21.46,21.18,22.44,24,0,0.76608,0.51004,39,239.85
2020-03-16,2020-04-24,246.0,put,24.83,25.33,25.08,25.35,59,9,0.69779,-0.49832,39,239.85
2020-03-16,2020-04-24,247.0,call,20.37,20.93,20.65,20.31,16,0,0.75632,0.50234,39,239.85
2020-03-16,2020-04-24,247.0,put,25.3,25.8,25.55,23.61,5,10,0.68803,-0.50677,39,239.85
2020-03-16,2020-04-24,247.5,call,20.11,20.66,20.38,20.8,5,0,0.75632,0.49908,39,239.85
2020-03-16,2020-04-24,247.5,put,25.53,26.04,25.79,24.72,38,62,0.68803,-0.51036,39,239.85
2020-03-16,2020-04-24,248.0,call,19.85,20.4,20.12,21.68,3,0,0.75632,0.49582,39,239.85
2020-03-16,2020-04-24,248.0,put,25.77,26.28,26.02,25.3,41,27,0.68803,-0.51393,39,239.85
2020-03-16,2020-04-24,249.0,call,19.34,19.88,19.61,22.22,9,41,0.74657,0.48791,39,239.85
2020-03-16,2020-04-24,249.0,put,25.66,27.42,26.54,29.21,63,122,0.67828,-0.52265,39,239.85
2020-03-16,2020-04-24,250.0,call,18.86,19.31,19.09,17.66,55,422,0.74657,0.48137,39,239.85
2020-03-16,2020-04-24,250.0,put,26.22,27.9,27.06,29.0,964,2867,0.67828,-0.52984,39,239.85
2020-03-16,2020-04-24,251.0,call,18.32,18.85,18.59,18.27,40,40,0.74657,0.47485,39,239.85
2020-03-16,2020-04-24,251.0,put,26.62,28.41,27.52,27.7,82,113,0.67828,-0.537,39,239.85
2020-03-16,2020-04-24,252.0,call,17.82,18.35,18.09,22.04,5,4,0.73681,0.46667,39,239.85
2020-03-16,2020-04-24,252.0,put,27.19,28.89,28.04,30.17,239,83,0.66852,-0.54603,39,239.85
2020-03-16,2020-04-24,252.5,call,17.58,18.1,17.84,20.0,68,15,0.73681,0.4634,39,239.85
2020-03-16,2020-04-24,252.5,put,27.36,29.16,28.26,29.35,19,62,0.66852,-0.54963,39,239.85
2020-03-16,2020-04-24,253.0,call,17.33,17.85,17.59,19.66,100,43,0.73681,0.46014,39,239.85
2020-03-16,2020-04-24,253.0,put,27.69,29.51,28.6,30.0,70,129,0.66852,-0.55321,39,239.85
2020-03-16,2020-04-24,254.0,call,16.84,17.35,17.09,15.48,73,5,0.72706,0.45175,39,239.85
2020-03-16,2020-04-24,254.0,put,28.19,30.02,29.11,30.0,66,186,0.66852,-0.56034,39,239.85
2020-03-16,2020-04-24,255.0,call,16.39,16.82,16.61,16.36,86,77,0.72706,0.44521,39,239.85
2020-03-16,2020-04-24,255.0,put,28.6,30.45,29.52,31.21,434,2995,0.65876,-0.56967,39,239.85
2020-03-16,2020-04-24,256.0,call,15.88,16.38,16.13,17.9,86,35,0.72706,0.43871,39,239.85
2020-03-16,2020-04-24,256.0,put,29.11,30.97,30.04,32.26,82,128,0.64901,-0.57919,39,239.85
2020-03-16,2020-04-24,257.0,call,15.41,15.9,15.66,15.0,130,106,0.7173,0.43008,39,239.85
2020-03-16,2020-04-24,257.0,put,29.62,31.5,30.56,32.67,195,124,0.64901,-0.58637,39,239.85
2020-03-16,2020-04-24,257.5,call,15.17,15.67,15.42,14.0,2,52,0.7173,0.42683,39,239.85
2020-03-16,2020-04-24,257.5,put,29.88,31.77,30.82,33.1,177,32,0.64901,-0.58993,39,239.85
2020-03-16,2020-04-24,258.0,call,14.94,15.43,15.18,13.2,1,7,0.7173,0.42358,39,239.85
2020-03-16,2020-04-24,258.0,put,30.14,32.04,31.09,32.3,119,112,0.63925,-0.59613,39,239.85
2020-03-16,2020-04-24,259.0,call,14.48,14.96,14.72,19.09,101,12,0.70754,0.41475,39,239.85
2020-03-16,2020-04-24,259.0,put,30.66,32.58,31.62,31.0,42,81,0.63925,-0.60328,39,239.85
2020-03-16,2020-04-24,260.0,call,14.05,14.45,14.25,14.14,304,385,0.70754,0.40827,39,239.85
2020-03-16,2020-04-24,260.0,put,31.19,33.12,32.16,34.81,489,858,0.6295,-0.61327,39,239.85
2020-03-16,2020-04-24,261.0,call,13.57,14.04,13.8,12.53,160,12,0.69779,0.39925,39,239.85
2020-03-16,2020-04-24,261.0,put,31.73,33.67,32.7,30.62,32,37,0.6295,-0.62039,39,239.85
2020-03-16,2020-04-24,262.0,call,13.12,13.59,13.36,17.36,60,36,0.69779,0.39279,39,239.85
2020-03-16,2020-04-24,262.0,put,32.26,34.21,33.23,34.55,31,150,0.61974,-0.63059,39,239.85
2020-03-16,2020-04-24,263.0,call,12.68,13.14,12.91,12.85,11,17,0.68803,0.3836,39,239.85
2020-03-16,2020-04-24,263.0,put,32.81,34.77,33.79,30.66,33,43,0.61974,-0.63767,39,239.85
2020-03-16,2020-04-24,264.0,call,12.25,12.7,12.47,16.12,23,42,0.68803,0.37717,39,239.85
2020-03-16,2020-04-24,264.0,put,33.36,35.34,34.35,33.0,3,35,0.60999,-0.64807,39,239.85
2020-03-16,2020-04-24,265.0,call,11.84,12.22,12.03,11.93,17,173,0.67828,0.3678,39,239.85
2020-03-16,2020-04-24,265.0,put,33.91,35.91,34.91,35.65,97,334,0.60999,-0.65508,39,239.85
2020-03-16,2020-04-24,266.0,call,11.39,11.83,11.61,13.27,139,25,0.67828,0.36142,39,239.85
2020-03-16,2020-04-24,266.0,put,34.56,36.59,35.58,35.5,5,103,0.60023,-0.66566,39,239.85
2020-03-16,2020-04-24,267.0,call,10.97,11.41,11.19,12.44,314,41,0.66852,0.35188,39,239.85
2020-03-16,2020-04-24,267.0,put,35.13,37.18,36.16,33.6,2,17,0.60023,-0.6726,39,239.85
2020-03-16,2020-04-24,268.0,call,10.56,10.98,10.77,14.32,68,52,0.66852,0.34556,39,239.85
2020-03-16,2020-04-24,268.0,put,35.7,37.77,36.73,38.3,7,10,0.59047,-0.68334,39,239.85
2020-03-16,2020-04-24,269.0,call,10.15,10.57,10.36,10.02,3,67,0.65876,0.33588,39,239.85
2020-03-16,2020-04-24,269.0,put,36.28,38.36,37.32,36.84,2,9,0.59047,-0.69018,39,239.85
2020-03-16,2020-04-24,270.0,call,9.77,10.12,9.95,8.82,373,142,0.65876,0.32962,39,239.85
2020-03-16,2020-04-24,270.0,put,36.76,38.87,37.81,40.4,43,771,0.58072,-0.70106,39,239.85
2020-03-16,2020-04-24,271.0,call,9.35,9.72,9.54,11.23,17,121,0.64901,0.31981,39,239.85
2020-03-16,2020-04-24,271.0,put,37.35,39.54,38.45,33.06,14,130,0.57096,-0.71209,39,239.85
2020-03-16,2020-04-24,272.0,call,8.99,9.32,9.16,8.7,34,0,0.64901,0.31363,39,239.85
2020-03-16,2020-04-24,272.0,put,37.94,40.16,39.05,40.0,23,56,0.56121,-0.72325,39,239.85
2020-03-16,2020-04-24,272.5,call,8.79,9.12,8.95,10.45,2,279,0.63925,0.30678,39,239.85
2020-03-16,2020-04-24,272.5,put,38.34,40.56,39.45,38.24,16,129,0.56121,-0.72659,39,239.85
2020-03-16,2020-04-24,273.0,call,8.57,8.93,8.75,12.33,0,77,0.63925,0.3037,39,239.85
2020-03-16,2020-04-24,273.0,put,38.54,40.78,39.66,41.35,14,33,0.56121,-0.7299,39,239.85
2020-03-16,2020-04-24,274.0,call,8.19,8.54,8.36,7.41,85,137,0.6295,0.29366,39,239.85
2020-03-16,2020-04-24,274.0,put,39.15,41.41,40.28,43.88,8,82,0.55145,-0.74114,39,239.85
2020-03-16,2020-04-24,275.0,call,7.84,8.16,8.0,7.0,42,227,0.6295,0.28759,39,239.85
2020-03-16,2020-04-24,275.0,put,39.76,42.04,40.9,42.45,89,265,0.54169,-0.75248,39,239.85
2020-03-16,2020-04-24,276.0,call,7.45,7.79,7.62,10.48,17,162,0.61974,0.27747,39,239.85
2020-03-16,2020-04-24,276.0,put,40.38,42.69,41.53,37.5,36,103,0.54169,-0.75891,39,239.85
2020-03-16,2020-04-24,277.0,call,7.09,7.42,7.25,6.3,17,169,0.61974,0.27151,39,239.85
2020-03-16,2020-04-24,277.0,put,41.01,43.34,42.17,29.75,0,42,0.53194,-0.77026,39,239.85
2020-03-16,2020-04-24,277.5,call,6.94,7.24,7.09,6.1,12,188,0.61974,0.26857,39,239.85
2020-03-16,2020-04-24,277.5,put,41.42,43.76,42.59,36.97,16,814,0.53194,-0.7734,39,239.85
2020-03-16,2020-04-24,278.0,call,6.74,7.06,6.9,6.44,56,65,0.60999,0.26133,39,239.85
2020-03-16,2020-04-24,278.0,put,41.74,44.09,42.92,38.75,7,286,0.53194,-0.7765,39,239.85
2020-03-16,2020-04-24,279.0,call,6.42,6.71,6.56,7.0,14,200,0.60999,0.25551,39,239.85
2020-03-16,2020-04-24,279.0,put,42.26,44.73,43.49,43.75,13,0,0.51243,-0.79313,39,239.85
2020-03-16,2020-04-24,280.0,call,6.08,6.37,6.22,6.02,344,633,0.60023,0.24529,39,239.85
2020-03-16,2020-04-24,280.0,put,42.93,45.33,44.13,47.5,245,610,0.50267,-0.8046,39,239.85
2020-03-16,2020-04-24,281.0,call,5.73,6.03,5.88,7.78,95,334,0.59047,0.235,39,239.85
2020-03-16,2020-04-24,281.0,put,43.58,46.01,44.8,27.68,0,17,0.50267,-0.81054,39,239.85
2020-03-16,2020-04-24,282.0,call,5.41,5.7,5.55,4.85,91,228,0.59047,0.22938,39,239.85
2020-03-16,2020-04-24,282.0,put,44.24,46.7,45.47,34.16,0,37,0.49292,-0.82188,39,239.85
2020-03-16,2020-04-24,282.5,call,5.28,5.54,5.41,5.53,8,147,0.58072,0.22188,39,239.85
2020-03-16,2020-04-24,282.5,put,44.57,47.12,45.84,41.78,2,21,0.48316,-0.83037,39,239.85
2020-03-16,2020-04-24,283.0,call,5.13,5.39,5.26,4.88,11,341,0.58072,0.21911,39,239.85
2020-03-16,2020-04-24,283.0,put,44.91,47.47,46.19,41.66,1,77,0.48316,-0.83318,39,239.85
2020-03-16,2020-04-24,284.0,call,4.83,5.08,4.96,5.5,19,267,0.58072,0.21366,39,239.85
2020-03-16,2020-04-24,284.0,put,45.59,48.18,46.89,41.39,3,53,0.4734,-0.84441,39,239.85
2020-03-16,2020-04-24,285.0,call,4.54,4.78,4.66,4.12,76,191,0.57096,0.20344,39,239.85
2020-03-16,2020-04-24,285.0,put,46.28,48.9,47.59,45.85,17,207,0.46365,-0.85554,39,239.85
2020-03-16,2020-04-24,286.0,call,4.24,4.49,4.37,3.68,14,268,0.56121,0.19321,39,239.85
2020-03-16,2020-04-24,286.0,put,46.98,49.62,48.3,45.11,16,35,0.45389,-0.86652,39,239.85
2020-03-16,2020-04-24,287.0,call,3.98,4.22,4.1,4.72,220,44,0.56121,0.18804,39,239.85
2020-03-16,2020-04-24,287.0,put,47.69,50.36,49.02,37.88,0,6,0.44414,-0.87733,39,239.85
2020-03-16,2020-04-24,287.5,call,3.84,4.08,3.96,3.88,17,193,0.55145,0.18044,39,239.85
2020-03-16,2020-04-24,287.5,put,48.05,50.73,49.39,46.37,5,13,0.43438,-0.88558,39,239.85
2020-03-16,2020-04-24,288.0,call,3.72,3.97,3.85,4.56,181,239,0.55145,0.17792,39,239.85
2020-03-16,2020-04-24,288.0,put,48.44,51.06,49.75,32.28,0,24,0.43438,-0.88793,39,239.85
2020-03-16,2020-04-24,289.0,call,3.47,3.69,3.58,3.68,372,106,0.54169,0.16784,39,239.85
2020-03-16,2020-04-24,289.0,put,49.17,51.81,50.49,43.05,0,1,0.41487,-0.90403,39,239.85
2020-03-16,2020-04-24,290.0,call,3.24,3.45,3.35,3.38,880,2069,0.54169,0.16299,39,239.85
2020-03-16,2020-04-24,290.0,put,49.91,52.58,51.24,47.39,17,381,0.40511,-0.91396,39,239.85
2020-03-16,2020-04-24,291.0,call,3.01,3.21,3.11,2.64,179,61,0.53194,0.15309,39,239.85
2020-03-16,2020-04-24,291.0,put,50.66,53.36,52.01,51.5,16,20,0.3856,-0.92902,39,239.85
2020-03-16,2020-04-24,292.0,call,2.8,2.98,2.89,3.35,264,256,0.53194,0.14847,39,239.85
2020-03-16,2020-04-24,292.0,put,51.43,54.14,52.78,40.6,0,10,0.36609,-0.94318,39,239.85
2020-03-16,2020-04-24,292.5,call,2.69,2.87,2.78,3.3,1112,182,0.52218,0.14102,39,239.85
2020-03-16,2020-04-24,292.5,put,51.81,54.54,53.17,46.5,2,43,0.35633,-0.94983,39,239.85
2020-03-16,2020-04-24,293.0,call,2.59,2.77,2.68,3.35,381,25,0.52218,0.1388,39,239.85
2020-03-16,2020-04-24,293.0,put,52.27,55.01,53.64,22.66,0,1,0.35633,-0.95133,39,239.85
2020-03-16,2020-04-24,294.0,call,2.39,2.56,2.48,2.89,9,160,0.51243,0.12925,39,239.85
2020-03-16,2020-04-24,294.0,put,53.06,55.82,54.44,0.0,0,0,0.33682,-0.96339,39,239.85
2020-03-16,2020-04-24,295.0,call,2.21,2.37,2.29,2.0,834,719,0.51243,0.12502,39,239.85
2020-03-16,2020-04-24,295.0,put,53.86,56.64,55.25,59.0,11,101,0.30755,-0.97756,39,239.85
2020-03-16,2020-04-24,296.0,call,2.05,2.2,2.12,2.31,19,308,0.50267,0.11577,39,239.85
2020-03-16,2020-04-24,296.0,put,54.7,57.5,56.1,43.62,0,19,0.24902,-0.99446,39,239.85
2020-03-16,2020-04-24,297.0,call,1.88,2.02,1.95,1.68,2,272,0.50267,0.11182,39,239.85
2020-03-16,2020-04-24,297.0,put,55.51,58.32,56.91,51.02,0,15,0.01488,-1.0,39,239.85
2020-03-16,2020-04-24,297.5,call,1.81,1.95,1.88,1.5,174,89,0.49292,0.1048,39,239.85
2020-03-16,2020-04-24,297.5,put,55.93,58.74,57.34,53.3,4,57,0.01488,-1.0,39,239.85
2020-03-16,2020-04-24,298.0,call,1.73,1.88,1.8,1.44,15,188,0.49292,0.10292,39,239.85
2020-03-16,2020-04-24,298.0,put,56.35,59.17,57.76,26.86,0,5,0.01488,-1.0,39,239.85
2020-03-16,2020-04-24,299.0,call,1.59,1.72,1.66,1.39,441,222,0.49292,0.09925,39,239.85
2020-03-16,2020-04-24,299.0,put,57.23,60.06,58.64,48.5,0,1,0.01488,-1.0,39,239.85
2020-03-16,2020-04-24,300.0,call,1.46,1.58,1.52,1.45,1354,3681,0.48316,0.09074,39,239.85
2020-03-16,2020-04-24,300.0,put,58.04,60.89,59.47,62.9,15,105,0.01488,-1.0,39,239.85
2020-03-16,2020-04-24,301.0,call,1.34,1.46,1.4,1.13,26,148,0.48316,0.08735,39,239.85
2020-03-16,2020-04-24,301.0,put,58.92,61.77,60.34,52.79,0,3,0.01488,-1.0,39,239.85
2020-03-16,2020-04-24,302.0,call,1.23,1.35,1.29,1.03,270,493,0.4734,0.07929,39,239.85
2020-03-16,2020-04-24,302.0,put,59.75,62.61,61.18,46.5,0,3,0.01488,-1.0,39,239.85
2020-03-16,2020-04-24,302.5,call,1.18,1.29,1.23,1.61,54,362,0.4734,0.07772,39,239.85
2020-03-16,2020-04-24,302.5,put,60.2,63.06,61.63,49.51,0,55,0.01488,-1.0,39,239.85
2020-03-16,2020-04-24,303.0,call,1.13,1.24,1.19,0.97,399,395,0.4734,0.07618,39,239.85
2020-03-16,2020-04-24,303.0,put,60.65,63.51,62.08,47.39,0,11,0.01488,-1.0,39,239.85
2020-03-16,2020-04-24,304.0,call,1.03,1.14,1.08,0.85,28,136,0.46365,0.0686,39,239.85
2020-03-16,2020-04-24,304.0,put,61.55,64.42,62.98,31.42,0,12,0.01488,-1.0,39,239.85
2020-03-16,2020-04-24,305.0,call,0.95,1.05,1.0,0.81,168,0,0.46365,0.06578,39,239.85
2020-03-16,2020-04-24,305.0,put,62.47,65.34,63.91,55.93,3,73,0.01488,-1.0,39,239.85
2020-03-16,2020-04-24,306.0,call,0.87,0.97,0.92,1.04,316,842,0.46365,0.06306,39,239.85
2020-03-16,2020-04-24,306.0,put,63.39,66.26,64.83,51.18,0,16,0.01488,-1.0,39,239.85
2020-03-16,2020-04-24,307.0,call,0.8,0.9,0.85,0.74,32,360,0.46365,0.06044,39,239.85
2020-03-16,2020-04-24,307.0,put,64.32,67.19,65.75,66.37,1,17,0.01488,-1.0,39,239.85
2020-03-16,2020-04-24,307.5,call,0.77,0.86,0.81,0.67,356,996,0.45389,0.05495,39,239.85
2020-03-16,2020-04-24,307.5,put,64.84,67.71,66.28,67.47,32,90,0.01488,-1.0,39,239.85
2020-03-16,2020-04-24,308.0,call,0.74,0.83,0.78,0.73,17,73,0.45389,0.05374,39,239.85
2020-03-16,2020-04-24,308.0,put,65.31,68.18,66.75,59.9,1,4,0.01488,-1.0,39,239.85
2020-03-16,2020-04-24,309.0,call,0.68,0.77,0.73,1.38,33,55,0.45389,0.0514,39,239.85
2020-03-16,2020-04-24,309.0,put,66.2,69.08,67.64,58.76,0,3,0.01488,-1.0,39,239.85
2020-03-16,2020-04-24,310.0,call,0.64,0.72,0.68,0.56,561,9529,0.45389,0.04914,39,239.85
2020-03-16,2020-04-24,310.0,put,67.15,70.03,68.59,66.96,3,39,0.01488,-1.0,39,239.85
2020-03-16,2020-04-24,311.0,call,0.59,0.67,0.63,0.58,6,52,0.45389,0.04697,39,239.85
2020-03-16,2020-04-24,311.0,put,68.15,71.03,69.59,0.0,0,0,0.01488,-1.0,39,239.85
2020-03-16,2020-04-24,312.5,call,0.53,0.6,0.56,0.5,145,767,0.44414,0.04022,39,239.85
2020-03-16,2020-04-24,312.5,put,69.59,72.47,71.03,66.63,1,8,0.01488,-1.0,39,239.85
2020-03-16,2020-04-24,315.0,call,0.45,0.52,0.48,0.44,334,4396,0.44414,0.0357,39,239.85
2020-03-16,2020-04-24,315.0,put,72.0,74.89,73.44,62.46,5,17,0.01488,-1.0,39,239.85
2020-03-16,2020-04-24,317.5,call,0.39,0.46,0.43,0.42,76,398,0.44414,0.03162,39,239.85
2020-03-16,2020-04-24,317.5,put,74.43,77.33,75.88,68.65,3,29,0.01488,-1.0,39,239.85
2020-03-16,2020-04-24,320.0,call,0.34,0.4,0.37,0.33,1315,2835,0.44414,0.02797,39,239.85
2020-03-16,2020-04-24,320.0,put,76.87,79.78,78.33,71.69,0,53,0.01488,-1.0,39,239.85
2020-03-16,2020-04-24,322.5,call,0.3,0.36,0.33,0.35,56,1046,0.44414,0.0247,39,239.85
2020-03-16,2020-04-24,322.5,put,79.33,82.23,80.78,73.02,0,11,0.01488,-1.0,39,239.85
2020-03-16,2020-04-24,325.0,call,0.27,0.32,0.3,0.26,707,321,0.45389,0.02432,39,239.85
2020-03-16,2020-04-24,325.0,put,81.79,84.7,83.25,77.66,1,10,0.01488,-1.0,39,239.85
2020-03-16,2020-04-24,327.5,call,0.24,0.28,0.26,0.34,4,117,0.45389,0.02152,39,239.85
2020-03-16,2020-04-24,327.5,put,84.26,87.17,85.72,80.01,1,11,0.01488,-1.0,39,239.85
2020-03-16,2020-04-24,330.0,call,0.2,0.25,0.23,0.26,118,615,0.45389,0.01901,39,239.85
2020-03-16,2020-04-24,330.0,put,86.74,89.65,88.19,87.5,4,19,0.01488,-1.0,39,239.85
2020-03-16,2020-04-24,332.5,call,0.17,0.22,0.2,0.17,802,8115,0.45389,0.01677,39,239.85
2020-03-16,2020-04-24,332.5,put,89.22,92.13,90.67,56.13,0,9,0.01488,-1.0,39,239.85
2020-03-16,2020-04-24,335.0,call,0.15,0.19,0.17,0.17,873,8614,0.45389,0.01478,39,239.85
2020-03-16,2020-04-24,335.0,put,91.7,94.61,93.16,35.58,0,7,0.01488,-1.0,39,239.85
2020-03-16,2020-04-24,337.5,call,0.12,0.17,0.15,0.22,27,103,0.45389,0.013,39,239.85
2020-03-16,2020-04-24,337.5,put,94.19,97.09,95.64,36.52,0,1,0.01488,-1.0,39,239.85
2020-03-16,2020-04-24,340.0,call,0.1,0.15,0.12,0.14,148,588,0.44414,0.00993,39,239.85
2020-03-16,2020-04-24,340.0,put,96.67,99.58,98.12,61.61,0,4,0.01488,-1.0,39,239.85
2020-03-16,2020-04-24,342.5,call,0.08,0.13,0.11,0.15,209,306,0.45389,0.01003,39,239.85
2020-03-16,2020-04-24,342.5,put,99.16,102.07,100.61,93.25,0,1,0.01488,-1.0,39,239.85
2020-03-16,2020-04-24,345.0,call,0.08,0.11,0.1,0.09,123,852,0.45389,0.00879,39,239.85
2020-03-16,2020-04-24,345.0,put,101.65,104.56,103.11,71.5,0,1,0.01488,-1.0,39,239.85
2020-03-16,2020-05-01,130.0,call,112.2,114.93,113.56,0.0,0,0,1.32216,0.93825,46,239.85
2020-03-16,2020-05-01,130.0,put,1.04,1.09,1.06,1.06,1551,481,1.00022,-0.0285,46,239.85
2020-03-16,2020-05-01,135.0,call,107.34,110.03,108.69,0.0,0,0,1.26363,0.93399,46,239.85
2020-03-16,2020-05-01,135.0,put,1.26,1.33,1.29,1.34,495,441,0.98071,-0.03394,46,239.85
2020-03-16,2020-05-01,140.0,call,102.55,105.18,103.87,0.0,0,0,1.21485,0.9285,46,239.85
2020-03-16,2020-05-01,140.0,put,1.54,1.61,1.58,1.71,501,104,0.97095,-0.04136,46,239.85
2020-03-16,2020-05-01,145.0,call,97.81,100.4,99.11,0.0,0,0,1.17583,0.92149,46,239.85
2020-03-16,2020-05-01,145.0,put,1.86,1.94,1.9,2.23,330,990,0.95144,-0.04847,46,239.85
2020-03-16,2020-05-01,150.0,call,93.16,95.7,94.43,0.0,0,0,1.1368,0.91397,46,239.85
2020-03-16,2020-05-01,150.0,put,2.24,2.32,2.28,2.3,924,1221,0.94168,-0.05796,46,239.85
2020-03-16,2020-05-01,155.0,call,88.59,91.07,89.83,0.0,0,0,1.09778,0.9059,46,239.85
2020-03-16,2020-05-01,155.0,put,2.68,2.78,2.73,3.24,495,100,0.93193,-0.06864,46,239.85
2020-03-16,2020-05-01,160.0,call,84.1,86.52,85.31,0.0,0,0,1.06851,0.89576,46,239.85
2020-03-16,2020-05-01,160.0,put,3.19,3.29,3.24,3.5,767,195,0.92217,-0.08057,46,239.85
2020-03-16,2020-05-01,165.0,call,79.7,82.05,80.88,0.0,0,0,1.049,0.88328,46,239.85
2020-03-16,2020-05-01,165.0,put,3.76,3.88,3.82,4.44,578,32,0.90266,-0.092,46,239.85
2020-03-16,2020-05-01,170.0,call,75.39,77.67,76.53,0.0,0,0,1.01973,0.87133,46,239.85
2020-03-16,2020-05-01,170.0,put,4.42,4.55,4.48,4.38,685,943,0.89291,-0.10649,46,239.85
2020-03-16,2020-05-01,175.0,call,71.16,73.37,72.27,0.0,0,0,1.00022,0.85683,46,239.85
2020-03-16,2020-05-01,175.0,put,5.15,5.34,5.25,6.04,358,81,0.88315,-0.12237,46,239.85
2020-03-16,2020-05-01,180.0,call,66.97,69.11,68.04,0.0,0,0,0.97095,0.84281,46,239.85
2020-03-16,2020-05-01,180.0,put,5.96,6.16,6.06,6.08,698,217,0.87339,-0.13966,46,239.85
2020-03-16,2020-05-01,185.0,call,62.92,65.0,63.96,0.0,0,0,0.9612,0.82446,46,239.85
2020-03-16,2020-05-01,185.0,put,6.87,7.1,6.98,8.07,527,54,0.86364,-0.15836,46,239.85
2020-03-16,2020-05-01,190.0,call,59.0,61.02,60.01,0.0,0,0,0.94168,0.80649,46,239.85
2020-03-16,2020-05-01,190.0,put,7.86,8.11,7.98,8.0,431,85,0.84413,-0.17661,46,239.85
2020-03-16,2020-05-01,195.0,call,55.14,57.09,56.12,0.0,0,0,0.92217,0.78727,46,239.85
2020-03-16,2020-05-01,195.0,put,8.94,9.2,9.07,10.31,523,220,0.83437,-0.1982,46,239.85
2020-03-16,2020-05-01,200.0,call,51.37,53.27,52.32,0.0,0,0,0.90266,0.76676,46,239.85
2020-03-16,2020-05-01,200.0,put,10.13,10.39,10.26,10.55,1868,601,0.82461,-0.22121,46,239.85
2020-03-16,2020-05-01,205.0,call,47.7,49.53,48.62,0.0,0,0,0.88315,0.7449,46,239.85
2020-03-16,2020-05-01,205.0,put,11.42,11.7,11.56,11.33,2040,39,0.8051,-0.24405,46,239.85
2020-03-16,2020-05-01,210.0,call,44.05,45.84,44.95,0.0,0,0,0.86364,0.72167,46,239.85
2020-03-16,2020-05-01,210.0,put,12.82,13.14,12.98,13.39,371,229,0.79535,-0.26994,46,239.85
2020-03-16,2020-05-01,215.0,call,40.61,42.34,41.48,0.0,0,0,0.85388,0.69617,46,239.85
2020-03-16,2020-05-01,215.0,put,14.34,14.67,14.5,16.01,593,446,0.77583,-0.29599,46,239.85
2020-03-16,2020-05-01,220.0,call,37.28,38.96,38.12,0.0,0,0,0.83437,0.67032,46,239.85
2020-03-16,2020-05-01,220.0,put,15.96,16.31,16.13,17.95,1640,268,0.76608,-0.32463,46,239.85
2020-03-16,2020-05-01,225.0,call,34.06,35.69,34.88,33.5,1,0,0.81486,0.64307,46,239.85
2020-03-16,2020-05-01,225.0,put,17.7,18.08,17.89,17.84,2351,215,0.74657,-0.35388,46,239.85
2020-03-16,2020-05-01,230.0,call,30.97,32.56,31.77,36.54,2,0,0.79535,0.6144,46,239.85
2020-03-16,2020-05-01,230.0,put,19.56,19.96,19.76,19.76,308,183,0.73681,-0.38503,46,239.85
2020-03-16,2020-05-01,235.0,call,27.98,29.53,28.76,0.0,0,0,0.78559,0.58466,46,239.85
2020-03-16,2020-05-01,235.0,put,21.54,21.96,21.75,24.0,184,58,0.7173,-0.41731,46,239.85
2020-03-16,2020-05-01,240.0,call,25.13,26.73,25.93,24.28,17,12,0.76608,0.55363,46,239.85
2020-03-16,2020-05-01,240.0,put,23.64,24.09,23.87,25.78,714,607,0.70754,-0.45052,46,239.85
2020-03-16,2020-05-01,242.5,call,23.83,25.32,24.57,23.38,5,0,0.75632,0.53764,46,239.85
2020-03-16,2020-05-01,242.5,put,24.75,25.2,24.98,26.81,90,173,0.69779,-0.46781,46,239.85
2020-03-16,2020-05-01,244.0,call,23.01,24.49,23.75,21.9,5,0,0.75632,0.52851,46,239.85
2020-03-16,2020-05-01,244.0,put,25.41,25.88,25.64,27.51,320,19,0.68803,-0.47879,46,239.85
2020-03-16,2020-05-01,245.0,call,22.4,23.87,23.13,24.23,20,2,0.74657,0.52135,46,239.85
2020-03-16,2020-05-01,245.0,put,25.88,26.34,26.11,25.89,226,213,0.68803,-0.48547,46,239.85
2020-03-16,2020-05-01,246.0,call,21.94,23.41,22.68,23.69,4,1,0.74657,0.51523,46,239.85
2020-03-16,2020-05-01,246.0,put,26.34,26.8,26.57,28.61,59,7,0.67828,-0.49339,46,239.85
2020-03-16,2020-05-01,247.0,call,21.41,22.87,22.14,25.84,2,0,0.74657,0.50912,46,239.85
2020-03-16,2020-05-01,247.0,put,26.81,27.27,27.04,27.65,35,1,0.67828,-0.50012,46,239.85
2020-03-16,2020-05-01,247.5,call,21.15,22.61,21.88,23.5,121,4,0.73681,0.50477,46,239.85
2020-03-16,2020-05-01,247.5,put,27.04,27.51,27.27,28.91,63,57,0.67828,-0.50347,46,239.85
2020-03-16,2020-05-01,248.0,call,20.89,22.34,21.62,0.0,0,0,0.73681,0.50169,46,239.85
2020-03-16,2020-05-01,248.0,put,27.28,27.75,27.52,29.58,20,4,0.67828,-0.50681,46,239.85
2020-03-16,2020-05-01,249.0,call,20.37,21.82,21.09,22.05,13,0,0.73681,0.49555,46,239.85
2020-03-16,2020-05-01,249.0,put,27.75,28.23,27.99,27.05,34,3,0.66852,-0.51506,46,239.85
2020-03-16,2020-05-01,250.0,call,19.86,21.3,20.58,19.0,92,23,0.72706,0.48791,46,239.85
2020-03-16,2020-05-01,250.0,put,27.58,29.33,28.45,29.0,1010,449,0.66852,-0.52179,46,239.85
2020-03-16,2020-05-01,251.0,call,19.35,20.79,20.07,21.01,7,0,0.72706,0.48175,46,239.85
2020-03-16,2020-05-01,251.0,put,28.06,29.84,28.95,31.87,183,123,0.65876,-0.5303,46,239.85
2020-03-16,2020-05-01,252.0,call,18.84,20.27,19.55,22.93,8,0,0.72706,0.47561,46,239.85
2020-03-16,2020-05-01,252.0,put,28.54,30.34,29.44,30.75,54,56,0.65876,-0.53706,46,239.85
2020-03-16,2020-05-01,252.5,call,18.59,20.02,19.3,20.0,4,17,0.7173,0.47079,46,239.85
2020-03-16,2020-05-01,252.5,put,28.79,30.59,29.69,31.06,164,169,0.65876,-0.54042,46,239.85
2020-03-16,2020-05-01,253.0,call,18.34,19.77,19.05,18.72,35,1,0.7173,0.4677,46,239.85
2020-03-16,2020-05-01,253.0,put,29.12,30.93,30.02,28.76,74,11,0.65876,-0.54378,46,239.85
2020-03-16,2020-05-01,254.0,call,17.85,19.27,18.56,18.5,32,0,0.7173,0.46155,46,239.85
2020-03-16,2020-05-01,254.0,put,29.61,31.44,30.52,30.0,117,21,0.64901,-0.55259,46,239.85
2020-03-16,2020-05-01,255.0,call,17.36,18.78,18.07,20.25,17,16,0.70754,0.45343,46,239.85
2020-03-16,2020-05-01,255.0,put,30.03,31.85,30.94,32.98,398,567,0.64901,-0.55933,46,239.85
2020-03-16,2020-05-01,256.0,call,16.87,18.28,17.58,17.52,27,6,0.70754,0.44726,46,239.85
2020-03-16,2020-05-01,256.0,put,30.53,32.37,31.45,27.11,81,22,0.63925,-0.56839,46,239.85
2020-03-16,2020-05-01,257.5,call,16.15,17.55,16.85,21.76,23,4,0.69779,0.43585,46,239.85
2020-03-16,2020-05-01,257.5,put,31.29,33.17,32.23,31.97,93,100,0.63925,-0.57849,46,239.85
2020-03-16,2020-05-01,259.0,call,15.44,16.84,16.14,0.0,0,0,0.69779,0.42663,46,239.85
2020-03-16,2020-05-01,259.0,put,32.07,34.01,33.04,26.99,6,0,0.6295,-0.59118,46,239.85
2020-03-16,2020-05-01,260.0,call,14.97,16.37,15.67,15.47,24,42,0.68803,0.41807,46,239.85
2020-03-16,2020-05-01,260.0,put,32.59,34.49,33.54,36.0,127,219,0.6295,-0.59787,46,239.85
2020-03-16,2020-05-01,261.0,call,14.51,15.9,15.21,18.0,1,0,0.68803,0.41194,46,239.85
2020-03-16,2020-05-01,261.0,put,33.12,35.09,34.11,0.0,0,0,0.61974,-0.60745,46,239.85
2020-03-16,2020-05-01,262.0,call,14.06,15.44,14.75,0.0,0,0,0.68803,0.40586,46,239.85
2020-03-16,2020-05-01,262.0,put,33.65,35.64,34.64,0.0,0,0,0.61974,-0.61411,46,239.85
2020-03-16,2020-05-01,262.5,call,13.83,15.21,14.52,14.77,4,3,0.67828,0.40011,46,239.85
2020-03-16,2020-05-01,262.5,put,33.92,35.88,34.9,31.44,16,41,0.60999,-0.62057,46,239.85
2020-03-16,2020-05-01,263.0,call,13.6,14.98,14.29,15.83,6,0,0.67828,0.39706,46,239.85
2020-03-16,2020-05-01,263.0,put,34.19,36.19,35.19,0.0,0,0,0.60999,-0.62391,46,239.85
2020-03-16,2020-05-01,264.0,call,13.16,14.53,13.84,14.1,1,0,0.67828,0.391,46,239.85
2020-03-16,2020-05-01,264.0,put,34.73,36.75,35.74,36.1,8,0,0.60999,-0.63054,46,239.85
2020-03-16,2020-05-01,265.0,call,12.71,14.09,13.4,13.24,18,17,0.66852,0.38202,46,239.85
2020-03-16,2020-05-01,265.0,put,35.27,37.26,36.27,36.6,38,582,0.60023,-0.64056,46,239.85
2020-03-16,2020-05-01,266.0,call,12.28,13.65,12.96,13.5,1,0,0.66852,0.37599,46,239.85
2020-03-16,2020-05-01,266.0,put,35.83,37.89,36.86,0.0,0,0,0.60023,-0.64714,46,239.85
2020-03-16,2020-05-01,267.0,call,11.84,13.21,12.53,14.84,1,0,0.65876,0.36683,46,239.85
2020-03-16,2020-05-01,267.0,put,36.38,38.46,37.42,0.0,0,0,0.59047,-0.65735,46,239.85
2020-03-16,2020-05-01,267.5,call,11.63,13.0,12.32,10.25,2,5,0.65876,0.36382,46,239.85
2020-03-16,2020-05-01,267.5,put,36.66,38.7,37.68,31.26,4,10,0.59047,-0.66063,46,239.85
2020-03-16,2020-05-01,268.0,call,11.42,12.78,12.1,0.0,0,0,0.65876,0.36083,46,239.85
2020-03-16,2020-05-01,268.0,put,36.94,39.05,37.99,0.0,0,0,0.59047,-0.66388,46,239.85
2020-03-16,2020-05-01,269.0,call,10.99,12.35,11.67,0.0,0,0,0.64901,0.35151,46,239.85
2020-03-16,2020-05-01,269.0,put,37.6,39.72,38.66,0.0,0,0,0.58072,-0.67428,46,239.85
2020-03-16,2020-05-01,270.0,call,10.58,11.94,11.26,11.27,92,44,0.64901,0.34555,46,239.85
2020-03-16,2020-05-01,270.0,put,38.17,40.26,39.22,35.0,25,12,0.58072,-0.68073,46,239.85
2020-03-16,2020-05-01,271.0,call,10.16,11.53,10.84,11.4,10,0,0.63925,0.33607,46,239.85
2020-03-16,2020-05-01,271.0,put,38.66,40.82,39.74,35.87,2,0,0.57096,-0.69129,46,239.85
2020-03-16,2020-05-01,272.5,call,9.49,10.94,10.21,10.98,2,3,0.6295,0.32349,46,239.85
2020-03-16,2020-05-01,272.5,put,39.57,41.7,40.64,20.43,0,2,0.56121,-0.70519,46,239.85
2020-03-16,2020-05-01,275.0,call,8.57,9.93,9.25,8.63,123,59,0.61974,0.30497,46,239.85
2020-03-16,2020-05-01,275.0,put,41.01,43.34,42.17,38.87,8,9,0.55145,-0.72544,46,239.85
2020-03-16,2020-05-01,277.5,call,7.62,8.99,8.3,10.15,2,15,0.60999,0.28651,46,239.85
2020-03-16,2020-05-01,277.5,put,42.64,44.95,43.8,41.73,1,5,0.53194,-0.75049,46,239.85
2020-03-16,2020-05-01,280.0,call,6.71,8.08,7.39,7.51,125,86,0.59047,0.26368,46,239.85
2020-03-16,2020-05-01,280.0,put,44.1,46.54,45.32,42.5,7,4,0.51243,-0.77581,46,239.85
2020-03-16,2020-05-01,282.5,call,5.85,7.22,6.54,7.73,13,17,0.58072,0.24532,46,239.85
2020-03-16,2020-05-01,282.5,put,45.71,48.21,46.96,34.4,0,3,0.49292,-0.80123,46,239.85
2020-03-16,2020-05-01,285.0,call,4.98,6.36,5.67,5.64,84,25,0.56121,0.22228,46,239.85
2020-03-16,2020-05-01,285.0,put,47.36,49.92,48.64,47.71,12,6,0.4734,-0.82649,46,239.85
2020-03-16,2020-05-01,287.5,call,4.24,5.6,4.92,5.44,1,7,0.55145,0.20436,46,239.85
2020-03-16,2020-05-01,287.5,put,49.1,51.65,50.38,48.2,26,17,0.45389,-0.85131,46,239.85
2020-03-16,2020-05-01,290.0,call,3.56,4.9,4.23,3.68,48,38,0.54169,0.18686,46,239.85
2020-03-16,2020-05-01,290.0,put,50.86,53.47,52.16,51.18,27,21,0.43438,-0.87536,46,239.85
2020-03-16,2020-05-01,292.5,call,2.88,4.25,3.56,3.14,12,0,0.52218,0.1645,46,239.85
2020-03-16,2020-05-01,292.5,put,52.68,55.35,54.02,49.06,5,1,0.40511,-0.90419,46,239.85
2020-03-16,2020-05-01,295.0,call,2.84,3.66,3.25,2.75,33,0,0.52218,0.15338,46,239.85
2020-03-16,2020-05-01,295.0,put,54.64,57.36,56.0,52.65,15,1,0.37584,-0.93084,46,239.85
2020-03-16,2020-05-01,297.5,call,1.88,3.14,2.51,2.72,70,18,0.49292,0.1268,46,239.85
2020-03-16,2020-05-01,297.5,put,56.6,59.38,57.99,52.61,5,0,0.33682,-0.95898,46,239.85
2020-03-16,2020-05-01,300.0,call,1.8,2.68,2.24,1.8,212,171,0.49292,0.11712,46,239.85
2020-03-16,2020-05-01,300.0,put,58.64,61.46,60.05,62.6,18,5,0.01488,-1.0,46,239.85
2020-03-16,2020-05-01,302.5,call,1.05,2.27,1.66,1.47,48,238,0.46365,0.09247,46,239.85
2020-03-16,2020-05-01,302.5,put,60.73,63.57,62.15,57.53,1,1,0.01488,-1.0,46,239.85
2020-03-16,2020-05-01,305.0,call,1.0,1.91,1.46,1.36,26,289,0.46365,0.08446,46,239.85
2020-03-16,2020-05-01,305.0,put,62.87,65.72,64.3,65.02,12,0,0.01488,-1.0,46,239.85
2020-03-16,2020-05-01,307.5,call,0.66,1.61,1.14,1.25,87,364,0.45389,0.07222,46,239.85
2020-03-16,2020-05-01,307.5,put,65.11,67.98,66.55,61.74,5,53,0.01488,-1.0,46,239.85
2020-03-16,2020-05-01,310.0,call,0.68,1.42,1.05,0.96,104,451,0.45389,0.06556,46,239.85
2020-03-16,2020-05-01,310.0,put,67.41,70.28,68.84,69.51,14,56,0.01488,-1.0,46,239.85
2020-03-16,2020-05-01,315.0,call,0.61,1.0,0.8,0.64,46,18,0.45389,0.05381,46,239.85
2020-03-16,2020-05-01,315.0,put,72.17,75.05,73.61,70.5,4,0,0.01488,-1.0,46,239.85
2020-03-16,2020-05-01,320.0,call,0.44,0.8,0.62,0.48,39,37,0.45389,0.04394,46,239.85
2020-03-16,2020-05-01,320.0,put,76.98,79.88,78.43,74.24,4,0,0.01488,-1.0,46,239.85
2020-03-16,2020-05-01,325.0,call,0.31,0.5,0.41,0.38,41,15,0.43438,0.02931,46,239.85
2020-03-16,2020-05-01,325.0,put,81.86,84.77,83.31,79.2,4,10,0.01488,-1.0,46,239.85
2020-03-16,2020-05-01,330.0,call,0.1,0.57,0.33,0.32,235,85,0.44414,0.02601,46,239.85
2020-03-16,2020-05-01,330.0,put,86.79,89.69,88.24,75.88,2,10,0.01488,-1.0,46,239.85
2020-03-16,2020-05-01,335.0,put,91.73,94.64,93.19,0.0,0,0,0.01488,-1.0,46,239.85
2020-03-16,2020-05-01,340.0,call,0.15,0.46,0.3,0.3,72,0,0.46365,0.02089,46,239.85
2020-03-16,2020-05-01,340.0,put,96.7,99.6,98.15,0.0,0,0,0.01488,-1.0,46,239.85
2020-03-16,2020-05-15,50.0,call,192.01,194.87,193.44,260.63,0,1,2.67823,0.97656,60,239.85
2020-03-16,2020-05-15,50.0,put,0.07,0.08,0.08,0.08,6911,3803,1.4685,-0.00168,60,239.85
2020-03-16,2020-05-15,55.0,call,187.01,189.87,188.44,255.63,0,1,2.52213,0.97452,60,239.85
2020-03-16,2020-05-15,55.0,put,0.09,0.1,0.1,0.11,2483,9915,1.40997,-0.0021,60,239.85
2020-03-16,2020-05-15,60.0,call,182.01,184.87,183.44,250.63,0,1,2.3758,0.97261,60,239.85
2020-03-16,2020-05-15,60.0,put,0.11,0.13,0.12,0.12,458,565,1.35143,-0.00253,60,239.85
2020-03-16,2020-05-15,65.0,call,177.01,179.87,178.44,245.63,0,1,2.23921,0.97079,60,239.85
2020-03-16,2020-05-15,65.0,put,0.13,0.16,0.15,0.15,874,759,1.31241,-0.00326,60,239.85
2020-03-16,2020-05-15,70.0,call,172.01,174.87,173.44,240.63,0,1,2.12214,0.9687,60,239.85
2020-03-16,2020-05-15,70.0,put,0.14,0.18,0.16,0.15,642,79,1.25387,-0.00371,60,239.85
2020-03-16,2020-05-15,75.0,call,167.02,169.86,168.44,235.63,0,1,2.01483,0.96653,60,239.85
2020-03-16,2020-05-15,75.0,put,0.17,0.18,0.17,0.18,462,1418,1.19534,-0.00412,60,239.85
2020-03-16,2020-05-15,80.0,call,162.02,164.86,163.44,0.0,0,0,1.90751,0.96461,60,239.85
2020-03-16,2020-05-15,80.0,put,0.2,0.21,0.21,0.24,1085,1729,1.15631,-0.00498,60,239.85
2020-03-16,2020-05-15,85.0,call,157.02,159.86,158.44,0.0,0,0,1.80996,0.96255,60,239.85
2020-03-16,2020-05-15,85.0,put,0.24,0.26,0.25,0.23,1153,7444,1.12705,-0.00622,60,239.85
2020-03-16,2020-05-15,90.0,call,152.02,154.86,153.44,189.08,0,1,1.72215,0.96025,60,239.85
2020-03-16,2020-05-15,90.0,put,0.29,0.32,0.3,0.34,3728,5529,1.08802,-0.00727,60,239.85
2020-03-16,2020-05-15,95.0,call,147.02,149.86,148.44,0.0,0,0,1.63435,0.95815,60,239.85
2020-03-16,2020-05-15,95.0,put,0.36,0.4,0.38,0.44,1169,3185,1.06851,-0.00925,60,239.85
2020-03-16,2020-05-15,100.0,call,142.02,144.86,143.44,0.0,0,0,1.5563,0.95568,60,239.85
2020-03-16,2020-05-15,100.0,put,0.44,0.48,0.46,0.44,9058,11387,1.049,-0.01159,60,239.85
2020-03-16,2020-05-15,105.0,call,137.02,139.86,138.44,0.0,0,0,1.47826,0.95339,60,239.85
2020-03-16,2020-05-15,105.0,put,0.55,0.59,0.57,0.67,1040,2889,1.02949,-0.01431,60,239.85
2020-03-16,2020-05-15,110.0,call,132.87,134.34,133.61,128.5,3829,8715,1.41972,0.94979,60,239.85
2020-03-16,2020-05-15,110.0,put,0.67,0.72,0.7,0.74,3032,4542,1.00998,-0.01745,60,239.85
2020-03-16,2020-05-15,115.0,call,127.79,129.24,128.52,0.0,0,0,1.34167,0.94782,60,239.85
2020-03-16,2020-05-15,115.0,put,0.82,0.87,0.84,0.94,526,1817,0.98071,-0.02025,60,239.85
2020-03-16,2020-05-15,120.0,call,123.0,124.41,123.7,0.0,0,0,1.2929,0.9434,60,239.85
2020-03-16,2020-05-15,120.0,put,1.0,1.05,1.02,1.02,1410,4022,0.97095,-0.02517,60,239.85
2020-03-16,2020-05-15,125.0,call,118.07,119.4,118.73,0.0,0,0,1.23436,0.93982,60,239.85
2020-03-16,2020-05-15,125.0,put,1.22,1.27,1.25,1.42,1540,3648,0.95144,-0.02983,60,239.85
2020-03-16,2020-05-15,130.0,call,113.3,114.6,113.95,0.0,0,0,1.18558,0.93516,60,239.85
2020-03-16,2020-05-15,130.0,put,1.47,1.53,1.5,1.6,7638,7292,0.94168,-0.03623,60,239.85
2020-03-16,2020-05-15,135.0,call,108.55,109.8,109.17,0.0,0,0,1.14656,0.92918,60,239.85
2020-03-16,2020-05-15,135.0,put,1.77,1.84,1.81,2.21,1582,2018,0.92217,-0.04224,60,239.85
2020-03-16,2020-05-15,140.0,call,103.84,105.03,104.44,0.0,0,0,1.10753,0.92283,60,239.85
2020-03-16,2020-05-15,140.0,put,2.12,2.2,2.16,2.25,4065,8240,0.91242,-0.05036,60,239.85
2020-03-16,2020-05-15,145.0,call,99.33,100.38,99.85,189.05,0,3,1.07827,0.91477,60,239.85
2020-03-16,2020-05-15,145.0,put,2.54,2.62,2.58,2.7,494,1774,0.90266,-0.05947,60,239.85
2020-03-16,2020-05-15,146.0,call,98.37,99.41,98.89,0.0,0,0,1.06851,0.91362,60,239.85
2020-03-16,2020-05-15,146.0,put,2.63,2.71,2.67,3.0,306,505,0.90266,-0.06172,60,239.85
2020-03-16,2020-05-15,147.0,call,97.41,98.54,97.97,0.0,0,0,1.05875,0.91247,60,239.85
2020-03-16,2020-05-15,147.0,put,2.72,2.8,2.76,2.99,172,1126,0.89291,-0.06245,60,239.85
2020-03-16,2020-05-15,148.0,call,96.51,97.61,97.06,0.0,0,0,1.05875,0.90993,60,239.85
2020-03-16,2020-05-15,148.0,put,2.81,2.9,2.85,3.09,388,337,0.89291,-0.06479,60,239.85
2020-03-16,2020-05-15,149.0,call,95.68,96.71,96.19,0.0,0,0,1.049,0.90873,60,239.85
2020-03-16,2020-05-15,149.0,put,2.91,3.0,2.96,3.17,183,657,0.89291,-0.06717,60,239.85
2020-03-16,2020-05-15,150.0,call,94.76,95.77,95.27,106.97,20,2,1.049,0.90612,60,239.85
2020-03-16,2020-05-15,150.0,put,3.01,3.1,3.05,3.1,13088,12542,0.89291,-0.06961,60,239.85
2020-03-16,2020-05-15,151.0,call,93.9,94.86,94.38,0.0,0,0,1.03924,0.90488,60,239.85
2020-03-16,2020-05-15,151.0,put,3.12,3.21,3.17,3.4,228,530,0.88315,-0.07044,60,239.85
2020-03-16,2020-05-15,152.0,call,92.97,93.98,93.47,0.0,0,0,1.03924,0.9022,60,239.85
2020-03-16,2020-05-15,152.0,put,3.22,3.31,3.27,3.3,52,445,0.88315,-0.07296,60,239.85
2020-03-16,2020-05-15,153.0,call,92.1,93.05,92.57,0.0,0,0,1.02949,0.90091,60,239.85
2020-03-16,2020-05-15,153.0,put,3.33,3.42,3.38,3.64,258,452,0.88315,-0.07554,60,239.85
2020-03-16,2020-05-15,154.0,call,91.19,92.18,91.69,0.0,0,0,1.02949,0.89817,60,239.85
2020-03-16,2020-05-15,154.0,put,3.44,3.54,3.49,4.11,128,430,0.88315,-0.07816,60,239.85
2020-03-16,2020-05-15,155.0,call,90.29,91.27,90.78,0.0,0,0,1.01973,0.89683,60,239.85
2020-03-16,2020-05-15,155.0,put,3.55,3.65,3.6,3.88,717,2763,0.87339,-0.0791,60,239.85
2020-03-16,2020-05-15,156.0,call,89.41,90.4,89.91,0.0,0,0,1.01973,0.89401,60,239.85
2020-03-16,2020-05-15,156.0,put,3.67,3.77,3.72,3.05,507,772,0.87339,-0.08181,60,239.85
2020-03-16,2020-05-15,157.0,call,88.5,89.34,88.92,0.0,0,0,1.00022,0.89412,60,239.85
2020-03-16,2020-05-15,157.0,put,3.79,3.89,3.84,3.83,721,521,0.87339,-0.08458,60,239.85
2020-03-16,2020-05-15,158.0,call,87.66,88.47,88.06,0.0,0,0,1.00022,0.89123,60,239.85
2020-03-16,2020-05-15,158.0,put,3.92,4.02,3.97,3.95,454,423,0.87339,-0.08739,60,239.85
2020-03-16,2020-05-15,159.0,call,86.75,87.73,87.24,0.0,0,0,1.00022,0.8883,60,239.85
2020-03-16,2020-05-15,159.0,put,4.05,4.14,4.09,4.0,308,282,0.87339,-0.09026,60,239.85
2020-03-16,2020-05-15,160.0,call,85.86,86.84,86.35,0.0,0,0,0.99046,0.88685,60,239.85
2020-03-16,2020-05-15,160.0,put,4.17,4.27,4.22,4.99,2844,8803,0.86364,-0.09136,60,239.85
2020-03-16,2020-05-15,161.0,call,85.03,85.98,85.5,0.0,0,0,0.99046,0.88384,60,239.85
2020-03-16,2020-05-15,161.0,put,4.3,4.41,4.36,4.62,238,1003,0.86364,-0.09432,60,239.85
2020-03-16,2020-05-15,162.0,call,84.18,85.12,84.65,0.0,0,0,0.99046,0.8808,60,239.85
2020-03-16,2020-05-15,162.0,put,4.45,4.54,4.5,5.25,132,1559,0.86364,-0.09732,60,239.85
2020-03-16,2020-05-15,163.0,call,83.33,84.14,83.73,0.0,0,0,0.98071,0.87926,60,239.85
2020-03-16,2020-05-15,163.0,put,4.59,4.68,4.63,4.77,128,1106,0.86364,-0.10038,60,239.85
2020-03-16,2020-05-15,164.0,call,82.45,83.38,82.91,0.0,0,0,0.98071,0.87614,60,239.85
2020-03-16,2020-05-15,164.0,put,4.72,4.82,4.77,4.93,173,1881,0.86364,-0.10349,60,239.85
2020-03-16,2020-05-15,165.0,call,81.59,82.5,82.05,0.0,0,0,0.97095,0.87454,60,239.85
2020-03-16,2020-05-15,165.0,put,4.87,4.97,4.92,5.0,1149,3122,0.85388,-0.10478,60,239.85
2020-03-16,2020-05-15,166.0,call,80.73,81.65,81.19,0.0,0,0,0.97095,0.87134,60,239.85
2020-03-16,2020-05-15,166.0,put,5.02,5.12,5.07,4.33,21,1700,0.85388,-0.10798,60,239.85
2020-03-16,2020-05-15,167.0,call,79.89,80.78,80.34,0.0,0,0,0.9612,0.86968,60,239.85
2020-03-16,2020-05-15,167.0,put,5.17,5.27,5.22,5.28,74,2694,0.85388,-0.11124,60,239.85
2020-03-16,2020-05-15,168.0,call,79.08,79.93,79.5,0.0,0,0,0.9612,0.8664,60,239.85
2020-03-16,2020-05-15,168.0,put,5.32,5.43,5.38,6.09,193,1596,0.85388,-0.11454,60,239.85
2020-03-16,2020-05-15,169.0,call,78.22,79.08,78.65,0.0,0,0,0.9612,0.86309,60,239.85
2020-03-16,2020-05-15,169.0,put,5.48,5.58,5.53,6.45,829,1468,0.85388,-0.11789,60,239.85
2020-03-16,2020-05-15,170.0,call,77.34,78.25,77.8,80.31,2,4,0.95144,0.86132,60,239.85
2020-03-16,2020-05-15,170.0,put,5.64,5.74,5.69,5.85,5459,8293,0.84413,-0.11938,60,239.85
2020-03-16,2020-05-15,171.0,call,76.56,77.22,76.89,0.0,0,0,0.95144,0.85793,60,239.85
2020-03-16,2020-05-15,171.0,put,5.81,5.93,5.87,6.53,85,651,0.84413,-0.12283,60,239.85
2020-03-16,2020-05-15,172.0,call,75.69,76.6,76.14,0.0,0,0,0.95144,0.8545,60,239.85
2020-03-16,2020-05-15,172.0,put,5.97,6.1,6.04,6.48,21,3211,0.84413,-0.12633,60,239.85
2020-03-16,2020-05-15,173.0,call,74.89,75.73,75.31,75.06,3,0,0.94168,0.85262,60,239.85
2020-03-16,2020-05-15,173.0,put,6.14,6.27,6.21,5.04,213,1619,0.84413,-0.12988,60,239.85
2020-03-16,2020-05-15,174.0,call,74.05,74.9,74.47,0.0,0,0,0.94168,0.84911,60,239.85
2020-03-16,2020-05-15,174.0,put,6.31,6.44,6.38,6.53,203,2536,0.84413,-0.13347,60,239.85
2020-03-16,2020-05-15,175.0,call,73.22,74.08,73.65,0.0,0,0,0.93193,0.84715,60,239.85
2020-03-16,2020-05-15,175.0,put,6.48,6.62,6.55,6.6,1240,14375,0.83437,-0.13519,60,239.85
2020-03-16,2020-05-15,176.0,call,72.42,73.25,72.84,0.0,0,0,0.93193,0.84356,60,239.85
2020-03-16,2020-05-15,176.0,put,6.66,6.79,6.72,7.42,216,1582,0.83437,-0.13888,60,239.85
2020-03-16,2020-05-15,177.0,call,71.58,72.45,72.02,0.0,0,0,0.93193,0.83994,60,239.85
2020-03-16,2020-05-15,177.0,put,6.84,6.98,6.91,6.85,214,905,0.83437,-0.14263,60,239.85
2020-03-16,2020-05-15,178.0,call,70.92,71.61,71.27,0.0,0,0,0.93193,0.83629,60,239.85
2020-03-16,2020-05-15,178.0,put,7.03,7.16,7.1,6.83,173,1776,0.83437,-0.14641,60,239.85
2020-03-16,2020-05-15,179.0,call,69.97,70.8,70.38,0.0,0,0,0.92217,0.83415,60,239.85
2020-03-16,2020-05-15,179.0,put,7.21,7.35,7.28,8.16,135,1236,0.82461,-0.14832,60,239.85
2020-03-16,2020-05-15,180.0,call,69.3,69.98,69.64,69.3,40,0,0.92217,0.83041,60,239.85
2020-03-16,2020-05-15,180.0,put,7.4,7.55,7.47,7.42,7496,7786,0.82461,-0.15221,60,239.85
2020-03-16,2020-05-15,181.0,call,68.49,69.19,68.84,0.0,0,0,0.91242,0.8282,60,239.85
2020-03-16,2020-05-15,181.0,put,7.59,7.74,7.67,8.82,312,1238,0.82461,-0.15615,60,239.85
2020-03-16,2020-05-15,182.0,call,67.69,68.41,68.05,0.0,0,0,0.91242,0.82438,60,239.85
2020-03-16,2020-05-15,182.0,put,7.78,7.94,7.86,8.34,231,1750,0.82461,-0.16013,60,239.85
2020-03-16,2020-05-15,183.0,call,66.89,67.59,67.24,0.0,0,0,0.91242,0.82052,60,239.85
2020-03-16,2020-05-15,183.0,put,7.98,8.14,8.06,8.83,105,706,0.81486,-0.16224,60,239.85
2020-03-16,2020-05-15,184.0,call,66.1,66.59,66.34,0.0,0,0,0.90266,0.81817,60,239.85
2020-03-16,2020-05-15,184.0,put,8.18,8.35,8.27,9.09,338,892,0.81486,-0.16633,60,239.85
2020-03-16,2020-05-15,185.0,call,65.14,65.81,65.47,72.28,15,0,0.89291,0.81578,60,239.85
2020-03-16,2020-05-15,185.0,put,8.39,8.56,8.48,8.7,663,22876,0.81486,-0.17045,60,239.85
2020-03-16,2020-05-15,186.0,call,64.51,65.02,64.77,0.0,0,0,0.89291,0.81179,60,239.85
2020-03-16,2020-05-15,186.0,put,8.6,8.77,8.68,9.99,875,911,0.81486,-0.17462,60,239.85
2020-03-16,2020-05-15,187.0,call,63.73,64.25,63.99,0.0,0,0,0.89291,0.80776,60,239.85
2020-03-16,2020-05-15,187.0,put,8.81,8.99,8.9,10.14,95,1450,0.8051,-0.17696,60,239.85
2020-03-16,2020-05-15,188.0,call,62.95,63.65,63.3,0.0,0,0,0.89291,0.80371,60,239.85
2020-03-16,2020-05-15,188.0,put,9.03,9.21,9.12,10.24,166,0,0.8051,-0.18124,60,239.85
2020-03-16,2020-05-15,189.0,call,62.17,62.89,62.53,65.25,390,100,0.89291,0.79963,60,239.85
2020-03-16,2020-05-15,189.0,put,9.25,9.44,9.34,8.88,147,678,0.8051,-0.18555,60,239.85
2020-03-16,2020-05-15,190.0,call,61.42,62.1,61.76,64.68,540,102,0.88315,0.79698,60,239.85
2020-03-16,2020-05-15,190.0,put,9.5,9.66,9.58,9.5,6176,25623,0.8051,-0.18991,60,239.85
2020-03-16,2020-05-15,191.0,call,60.48,61.13,60.8,68.73,439,101,0.87339,0.79428,60,239.85
2020-03-16,2020-05-15,191.0,put,9.7,9.89,9.79,10.92,360,1008,0.79535,-0.19249,60,239.85
2020-03-16,2020-05-15,192.0,call,59.86,60.56,60.21,60.99,0,100,0.88315,0.78862,60,239.85
2020-03-16,2020-05-15,192.0,put,9.93,10.13,10.03,9.97,393,967,0.79535,-0.19695,60,239.85
2020-03-16,2020-05-15,193.0,call,59.1,59.79,59.45,62.07,390,0,0.87339,0.7858,60,239.85
2020-03-16,2020-05-15,193.0,put,10.17,10.37,10.27,9.78,94,814,0.79535,-0.20145,60,239.85
2020-03-16,2020-05-15,194.0,call,58.34,59.05,58.7,63.95,1,1,0.87339,0.78152,60,239.85
2020-03-16,2020-05-15,194.0,put,10.41,10.61,10.51,11.73,1032,2375,0.79535,-0.20599,60,239.85
2020-03-16,2020-05-15,195.0,call,57.6,58.34,57.97,60.5,390,7,0.87339,0.77721,60,239.85
2020-03-16,2020-05-15,195.0,put,10.65,10.86,10.75,11.36,2804,12360,0.79535,-0.21056,60,239.85
2020-03-16,2020-05-15,196.0,call,56.67,57.34,57.01,0.0,0,0,0.86364,0.77423,60,239.85
2020-03-16,2020-05-15,196.0,put,10.9,11.11,11.0,12.36,933,1187,0.78559,-0.21347,60,239.85
2020-03-16,2020-05-15,197.0,call,55.91,56.6,56.25,57.01,10,0,0.85388,0.77119,60,239.85
2020-03-16,2020-05-15,197.0,put,11.15,11.36,11.25,11.95,866,2467,0.78559,-0.21815,60,239.85
2020-03-16,2020-05-15,198.0,call,55.34,56.09,55.72,56.57,5,0,0.86364,0.76542,60,239.85
2020-03-16,2020-05-15,198.0,put,11.41,11.62,11.52,12.61,262,1060,0.78559,-0.22286,60,239.85
2020-03-16,2020-05-15,199.0,call,54.42,55.28,54.85,0.0,0,0,0.85388,0.76226,60,239.85
2020-03-16,2020-05-15,199.0,put,11.68,11.88,11.78,13.45,332,742,0.78559,-0.22761,60,239.85
2020-03-16,2020-05-15,200.0,call,53.7,54.56,54.13,55.8,6,6,0.85388,0.75776,60,239.85
2020-03-16,2020-05-15,200.0,put,11.93,12.15,12.04,11.96,12143,52101,0.77583,-0.2308,60,239.85
2020-03-16,2020-05-15,201.0,call,52.97,53.76,53.36,0.0,0,0,0.84413,0.75448,60,239.85
2020-03-16,2020-05-15,201.0,put,12.21,12.42,12.32,13.45,2251,1620,0.77583,-0.23565,60,239.85
2020-03-16,2020-05-15,202.0,call,52.41,53.14,52.77,0.0,0,0,0.84413,0.74989,60,239.85
2020-03-16,2020-05-15,202.0,put,12.48,12.69,12.59,12.55,1341,1387,0.77583,-0.24054,60,239.85
2020-03-16,2020-05-15,203.0,call,51.52,52.21,51.87,0.0,0,0,0.83437,0.74648,60,239.85
2020-03-16,2020-05-15,203.0,put,12.76,12.97,12.87,14.5,800,1922,0.77583,-0.24545,60,239.85
2020-03-16,2020-05-15,204.0,call,50.97,51.7,51.34,0.0,0,0,0.84413,0.74065,60,239.85
2020-03-16,2020-05-15,204.0,put,13.04,13.25,13.14,14.62,460,2107,0.76608,-0.24893,60,239.85
2020-03-16,2020-05-15,205.0,call,50.08,50.79,50.44,54.32,0,12,0.83437,0.73711,60,239.85
2020-03-16,2020-05-15,205.0,put,13.3,13.53,13.41,15.25,3214,8053,0.76608,-0.25395,60,239.85
2020-03-16,2020-05-15,206.0,call,49.4,50.07,49.73,57.6,0,10,0.83437,0.7324,60,239.85
2020-03-16,2020-05-15,206.0,put,13.6,13.82,13.71,14.5,2326,1982,0.76608,-0.259,60,239.85
2020-03-16,2020-05-15,207.0,call,48.66,49.51,49.08,0.0,0,0,0.82461,0.72872,60,239.85
2020-03-16,2020-05-15,207.0,put,13.89,14.12,14.0,14.44,723,1198,0.76608,-0.26407,60,239.85
2020-03-16,2020-05-15,208.0,call,48.01,48.86,48.44,74.95,0,43,0.82461,0.72393,60,239.85
2020-03-16,2020-05-15,208.0,put,14.19,14.41,14.3,14.74,661,2380,0.75632,-0.26786,60,239.85
2020-03-16,2020-05-15,209.0,call,47.43,47.96,47.7,0.0,0,0,0.82461,0.71911,60,239.85
2020-03-16,2020-05-15,209.0,put,14.48,14.71,14.6,16.47,988,620,0.75632,-0.27304,60,239.85
2020-03-16,2020-05-15,210.0,call,46.74,47.28,47.01,44.44,15,133,0.82461,0.71428,60,239.85
2020-03-16,2020-05-15,210.0,put,14.77,15.02,14.89,15.12,3342,35305,0.75632,-0.27824,60,239.85
2020-03-16,2020-05-15,211.0,call,46.04,46.57,46.3,0.0,0,0,0.81486,0.71033,60,239.85
2020-03-16,2020-05-15,211.0,put,15.09,15.33,15.21,15.75,492,428,0.75632,-0.28346,60,239.85
2020-03-16,2020-05-15,212.0,call,45.36,45.88,45.62,0.0,0,0,0.81486,0.70541,60,239.85
2020-03-16,2020-05-15,212.0,put,15.4,15.64,15.52,17.21,559,1249,0.74657,-0.28758,60,239.85
2020-03-16,2020-05-15,213.0,call,44.7,45.2,44.95,0.0,0,0,0.81486,0.70048,60,239.85
2020-03-16,2020-05-15,213.0,put,15.71,15.96,15.84,15.95,418,1573,0.74657,-0.2929,60,239.85
2020-03-16,2020-05-15,214.0,call,44.03,44.52,44.28,44.67,4,0,0.8051,0.69631,60,239.85
2020-03-16,2020-05-15,214.0,put,16.03,16.28,16.16,16.65,903,1579,0.74657,-0.29825,60,239.85
2020-03-16,2020-05-15,215.0,call,43.34,43.82,43.58,43.29,169,26,0.8051,0.6913,60,239.85
2020-03-16,2020-05-15,215.0,put,16.35,16.61,16.48,18.44,1488,6829,0.73681,-0.30262,60,239.85
2020-03-16,2020-05-15,216.0,call,42.68,43.18,42.93,43.71,303,0,0.8051,0.68628,60,239.85
2020-03-16,2020-05-15,216.0,put,16.68,16.94,16.81,17.41,1049,776,0.73681,-0.30807,60,239.85
2020-03-16,2020-05-15,217.0,call,42.02,42.52,42.27,45.02,453,0,0.79535,0.68189,60,239.85
2020-03-16,2020-05-15,217.0,put,17.02,17.28,17.15,18.33,442,966,0.73681,-0.31353,60,239.85
2020-03-16,2020-05-15,218.0,call,41.36,41.86,41.61,44.34,370,5,0.79535,0.67678,60,239.85
2020-03-16,2020-05-15,218.0,put,17.35,17.62,17.48,18.4,1028,954,0.73681,-0.319,60,239.85
2020-03-16,2020-05-15,219.0,call,40.7,41.21,40.95,43.66,185,0,0.79535,0.67167,60,239.85
2020-03-16,2020-05-15,219.0,put,17.7,17.96,17.83,20.05,917,1450,0.72706,-0.32373,60,239.85
2020-03-16,2020-05-15,220.0,call,40.05,40.51,40.28,42.57,550,24,0.78559,0.66704,60,239.85
2020-03-16,2020-05-15,220.0,put,18.04,18.31,18.17,18.5,9511,20661,0.72706,-0.3293,60,239.85
2020-03-16,2020-05-15,221.0,call,39.4,39.91,39.66,41.61,180,4,0.78559,0.66185,60,239.85
2020-03-16,2020-05-15,221.0,put,18.39,18.67,18.53,20.79,1268,938,0.72706,-0.33489,60,239.85
2020-03-16,2020-05-15,222.0,call,38.75,39.27,39.01,41.0,30,4,0.78559,0.65666,60,239.85
2020-03-16,2020-05-15,222.0,put,18.74,19.03,18.88,20.2,1119,975,0.72706,-0.34049,60,239.85
2020-03-16,2020-05-15,223.0,call,38.12,38.63,38.38,44.06,19,2,0.78559,0.65145,60,239.85
2020-03-16,2020-05-15,223.0,put,19.1,19.41,19.26,21.66,382,1282,0.7173,-0.34558,60,239.85
2020-03-16,2020-05-15,224.0,call,37.48,37.99,37.73,39.62,143,355,0.77583,0.64652,60,239.85
2020-03-16,2020-05-15,224.0,put,19.47,19.76,19.62,21.5,702,544,0.7173,-0.35126,60,239.85
2020-03-16,2020-05-15,225.0,call,36.86,37.32,37.09,36.3,122,592,0.77583,0.64124,60,239.85
2020-03-16,2020-05-15,225.0,put,19.84,20.13,19.98,20.83,7385,12673,0.7173,-0.35696,60,239.85
2020-03-16,2020-05-15,226.0,call,36.23,36.74,36.48,42.4,0,294,0.77583,0.63596,60,239.85
2020-03-16,2020-05-15,226.0,put,20.21,20.5,20.36,21.29,686,710,0.7173,-0.36267,60,239.85
2020-03-16,2020-05-15,227.0,call,35.61,36.12,35.86,41.51,7,116,0.76608,0.63077,60,239.85
2020-03-16,2020-05-15,227.0,put,20.59,20.89,20.74,21.13,1001,1336,0.70754,-0.36813,60,239.85
2020-03-16,2020-05-15,228.0,call,34.99,35.5,35.25,37.05,420,620,0.76608,0.62542,60,239.85
2020-03-16,2020-05-15,228.0,put,20.97,21.27,21.12,23.5,152,1120,0.70754,-0.37392,60,239.85
2020-03-16,2020-05-15,229.0,call,34.38,34.89,34.64,32.92,243,134,0.76608,0.62007,60,239.85
2020-03-16,2020-05-15,229.0,put,21.35,21.66,21.51,23.94,135,1215,0.70754,-0.37971,60,239.85
2020-03-16,2020-05-15,230.0,call,33.79,34.23,34.01,32.3,429,959,0.75632,0.61463,60,239.85
2020-03-16,2020-05-15,230.0,put,21.76,22.06,21.91,21.96,16041,42187,0.69779,-0.38547,60,239.85
2020-03-16,2020-05-15,231.0,call,33.17,33.67,33.42,31.72,35,108,0.75632,0.60921,60,239.85
2020-03-16,2020-05-15,231.0,put,22.14,22.46,22.3,24.7,819,870,0.69779,-0.39135,60,239.85
2020-03-16,2020-05-15,232.0,call,32.57,33.07,32.82,31.15,64,72,0.75632,0.60379,60,239.85
2020-03-16,2020-05-15,232.0,put,22.53,22.86,22.7,24.0,1344,1002,0.69779,-0.39723,60,239.85
2020-03-16,2020-05-15,233.0,call,31.97,32.47,32.22,36.56,2,34,0.74657,0.5981,60,239.85
2020-03-16,2020-05-15,233.0,put,22.94,23.28,23.11,22.47,1574,1749,0.69779,-0.4031,60,239.85
2020-03-16,2020-05-15,234.0,call,31.38,31.88,31.63,33.08,30,13,0.74657,0.59262,60,239.85
2020-03-16,2020-05-15,234.0,put,23.34,23.69,23.52,25.84,756,1585,0.68803,-0.40925,60,239.85
2020-03-16,2020-05-15,235.0,call,30.83,31.25,31.04,31.13,152,2128,0.74657,0.58714,60,239.85
2020-03-16,2020-05-15,235.0,put,23.76,24.08,23.92,24.19,1721,12980,0.68803,-0.4152,60,239.85
2020-03-16,2020-05-15,236.0,call,30.22,30.71,30.46,34.04,38,121,0.74657,0.58167,60,239.85
2020-03-16,2020-05-15,236.0,put,24.17,24.5,24.34,24.61,551,1072,0.68803,-0.42115,60,239.85
2020-03-16,2020-05-15,237.0,call,29.64,30.13,29.88,31.55,159,143,0.73681,0.57564,60,239.85
2020-03-16,2020-05-15,237.0,put,24.59,24.93,24.76,27.26,289,718,0.67828,-0.42761,60,239.85
2020-03-16,2020-05-15,238.0,call,29.08,29.56,29.32,29.23,472,214,0.73681,0.57011,60,239.85
2020-03-16,2020-05-15,238.0,put,25.02,25.35,25.19,26.15,624,877,0.67828,-0.43363,60,239.85
2020-03-16,2020-05-15,239.0,call,28.51,28.99,28.75,27.8,375,79,0.73681,0.56459,60,239.85
2020-03-16,2020-05-15,239.0,put,25.46,25.79,25.62,25.68,488,605,0.67828,-0.43963,60,239.85
2020-03-16,2020-05-15,240.0,call,27.97,28.38,28.17,27.42,424,2198,0.72706,0.5583,60,239.85
2020-03-16,2020-05-15,240.0,put,25.9,26.22,26.06,26.15,5490,20414,0.66852,-0.44641,60,239.85
2020-03-16,2020-05-15,241.0,call,27.4,27.86,27.63,26.2,209,173,0.72706,0.55273,60,239.85
2020-03-16,2020-05-15,241.0,put,26.34,26.66,26.5,26.96,258,993,0.66852,-0.45248,60,239.85
2020-03-16,2020-05-15,242.0,call,26.85,27.3,27.08,25.46,482,147,0.72706,0.54717,60,239.85
2020-03-16,2020-05-15,242.0,put,26.79,27.11,26.95,27.74,438,912,0.66852,-0.45854,60,239.85
2020-03-16,2020-05-15,243.0,call,26.3,26.75,26.52,25.96,159,30,0.7173,0.54061,60,239.85
2020-03-16,2020-05-15,243.0,put,27.24,27.56,27.4,28.69,375,953,0.66852,-0.46458,60,239.85
2020-03-16,2020-05-15,244.0,call,25.76,26.2,25.98,25.1,580,558,0.7173,0.535,60,239.85
2020-03-16,2020-05-15,244.0,put,27.69,28.01,27.85,30.45,206,1035,0.65876,-0.47176,60,239.85
2020-03-16,2020-05-15,245.0,call,25.22,25.61,25.41,25.4,2111,1637,0.7173,0.52941,60,239.85
2020-03-16,2020-05-15,245.0,put,28.15,28.46,28.3,28.29,3942,14139,0.65876,-0.47785,60,239.85
2020-03-16,2020-05-15,246.0,call,24.69,25.12,24.91,23.65,1889,333,0.70754,0.52257,60,239.85
2020-03-16,2020-05-15,246.0,put,28.61,28.93,28.77,29.78,236,641,0.65876,-0.48393,60,239.85
2020-03-16,2020-05-15,247.0,call,24.16,24.58,24.37,23.87,600,0,0.70754,0.51694,60,239.85
2020-03-16,2020-05-15,247.0,put,29.08,29.4,29.24,31.0,592,871,0.64901,-0.49142,60,239.85
2020-03-16,2020-05-15,248.0,call,23.63,24.05,23.84,22.38,802,528,0.70754,0.51132,60,239.85
2020-03-16,2020-05-15,248.0,put,29.55,29.87,29.71,32.45,520,1308,0.64901,-0.49755,60,239.85
2020-03-16,2020-05-15,249.0,call,23.11,23.52,23.31,22.64,595,306,0.69779,0.50422,60,239.85
2020-03-16,2020-05-15,249.0,put,30.03,30.34,30.19,33.04,996,563,0.64901,-0.50365,60,239.85
2020-03-16,2020-05-15,250.0,call,22.59,22.9,22.74,22.67,9994,2245,0.69779,0.49857,60,239.85
2020-03-16,2020-05-15,250.0,put,30.51,30.82,30.66,30.86,5904,26011,0.63925,-0.51146,60,239.85
2020-03-16,2020-05-15,251.0,call,22.07,22.44,22.26,20.57,623,276,0.69779,0.49294,60,239.85
2020-03-16,2020-05-15,251.0,put,30.99,31.31,31.15,33.0,1017,1260,0.63925,-0.5176,60,239.85
2020-03-16,2020-05-15,252.0,call,21.56,21.96,21.76,20.63,1629,731,0.68803,0.48556,60,239.85
2020-03-16,2020-05-15,252.0,put,31.48,32.01,31.74,34.42,607,1442,0.63925,-0.52372,60,239.85
2020-03-16,2020-05-15,253.0,call,21.06,21.45,21.25,22.8,727,410,0.68803,0.47991,60,239.85
2020-03-16,2020-05-15,253.0,put,31.97,32.5,32.23,34.0,200,638,0.6295,-0.53185,60,239.85
2020-03-16,2020-05-15,254.0,call,20.55,20.91,20.73,19.21,659,319,0.67828,0.47232,60,239.85
2020-03-16,2020-05-15,254.0,put,32.46,33.0,32.73,32.94,822,1125,0.6295,-0.53799,60,239.85
2020-03-16,2020-05-15,255.0,call,20.05,20.41,20.23,18.9,1629,1006,0.67828,0.46664,60,239.85
2020-03-16,2020-05-15,255.0,put,32.86,33.51,33.19,33.37,2197,11194,0.6295,-0.5441,60,239.85
2020-03-16,2020-05-15,256.0,call,19.56,19.91,19.73,22.57,1414,402,0.67828,0.46098,60,239.85
2020-03-16,2020-05-15,256.0,put,33.36,34.03,33.7,34.7,85,1229,0.61974,-0.55253,60,239.85
2020-03-16,2020-05-15,257.0,call,19.07,19.42,19.25,18.71,662,281,0.66852,0.45313,60,239.85
2020-03-16,2020-05-15,257.0,put,33.87,34.55,34.21,37.2,1494,1302,0.61974,-0.55866,60,239.85
2020-03-16,2020-05-15,258.0,call,18.58,18.93,18.75,18.0,516,580,0.66852,0.44746,60,239.85
2020-03-16,2020-05-15,258.0,put,34.39,35.07,34.73,31.63,136,785,0.60999,-0.56735,60,239.85
2020-03-16,2020-05-15,259.0,call,18.1,18.48,18.29,17.86,487,634,0.66852,0.44182,60,239.85
2020-03-16,2020-05-15,259.0,put,34.91,35.57,35.24,35.72,173,747,0.60999,-0.57349,60,239.85
2020-03-16,2020-05-15,260.0,call,17.62,18.0,17.81,17.11,1749,3371,0.65876,0.43371,60,239.85
2020-03-16,2020-05-15,260.0,put,35.26,36.08,35.67,38.35,2070,34844,0.60023,-0.58243,60,239.85
2020-03-16,2020-05-15,261.0,call,17.15,17.49,17.32,16.0,370,402,0.65876,0.42806,60,239.85
2020-03-16,2020-05-15,261.0,put,35.82,36.6,36.21,39.26,33,1716,0.60023,-0.58858,60,239.85
2020-03-16,2020-05-15,262.0,call,16.68,17.02,16.85,19.47,256,1081,0.64901,0.41974,60,239.85
2020-03-16,2020-05-15,262.0,put,36.42,37.16,36.79,39.66,132,1249,0.60023,-0.59468,60,239.85
2020-03-16,2020-05-15,263.0,call,16.22,16.56,16.39,15.28,587,856,0.64901,0.41409,60,239.85
2020-03-16,2020-05-15,263.0,put,36.86,37.75,37.3,38.12,7,782,0.59047,-0.6039,60,239.85
2020-03-16,2020-05-15,264.0,call,15.76,16.09,15.93,16.06,252,1333,0.64901,0.40848,60,239.85
2020-03-16,2020-05-15,264.0,put,37.61,38.19,37.9,38.34,8,1029,0.59047,-0.61,60,239.85
2020-03-16,2020-05-15,265.0,call,15.31,15.64,15.48,14.61,2817,2063,0.63925,0.39992,60,239.85
2020-03-16,2020-05-15,265.0,put,38.14,38.78,38.46,40.57,620,18930,0.59047,-0.61604,60,239.85
2020-03-16,2020-05-15,266.0,call,14.86,15.18,15.02,14.91,182,935,0.63925,0.39431,60,239.85
2020-03-16,2020-05-15,266.0,put,38.49,39.34,38.92,34.0,40,931,0.58072,-0.62553,60,239.85
2020-03-16,2020-05-15,267.0,call,14.41,14.74,14.57,14.12,275,1152,0.6295,0.38555,60,239.85
2020-03-16,2020-05-15,267.0,put,39.04,39.92,39.48,42.7,81,879,0.58072,-0.63156,60,239.85
2020-03-16,2020-05-15,268.0,call,13.94,14.32,14.13,13.91,486,966,0.6295,0.37996,60,239.85
2020-03-16,2020-05-15,268.0,put,39.66,40.46,40.06,40.79,25,1364,0.57096,-0.64127,60,239.85
2020-03-16,2020-05-15,269.0,call,13.54,13.88,13.71,13.47,1037,1349,0.6295,0.37442,60,239.85
2020-03-16,2020-05-15,269.0,put,40.14,41.08,40.61,39.82,43,1867,0.57096,-0.64727,60,239.85
2020-03-16,2020-05-15,270.0,call,13.1,13.42,13.26,12.66,1625,3267,0.61974,0.36543,60,239.85
2020-03-16,2020-05-15,270.0,put,40.8,41.63,41.22,44.45,8598,50262,0.56121,-0.65719,60,239.85
2020-03-16,2020-05-15,271.0,call,12.68,12.98,12.83,11.67,904,1414,0.61974,0.35992,60,239.85
2020-03-16,2020-05-15,271.0,put,41.42,42.17,41.8,45.07,134,1331,0.56121,-0.66315,60,239.85
2020-03-16,2020-05-15,272.0,call,12.26,12.56,12.41,12.14,1546,1472,0.60999,0.35075,60,239.85
2020-03-16,2020-05-15,272.0,put,42.09,42.77,42.43,42.64,15,524,0.55145,-0.67328,60,239.85
2020-03-16,2020-05-15,273.0,call,11.84,12.14,11.99,11.77,1240,2180,0.60999,0.34526,60,239.85
2020-03-16,2020-05-15,273.0,put,42.65,43.4,43.02,43.59,14,683,0.55145,-0.67917,60,239.85
2020-03-16,2020-05-15,274.0,call,11.43,11.72,11.57,11.04,1135,1750,0.60023,0.33592,60,239.85
2020-03-16,2020-05-15,274.0,put,43.11,43.95,43.53,41.54,251,1500,0.54169,-0.68949,60,239.85
2020-03-16,2020-05-15,275.0,call,11.02,11.31,11.16,11.17,2422,3204,0.60023,0.33048,60,239.85
2020-03-16,2020-05-15,275.0,put,43.69,44.44,44.06,45.0,11284,35052,0.54169,-0.69532,60,239.85
2020-03-16,2020-05-15,276.0,call,10.62,10.9,10.76,10.55,860,786,0.59047,0.32097,60,239.85
2020-03-16,2020-05-15,276.0,put,44.45,45.1,44.78,45.04,40,5072,0.53194,-0.70581,60,239.85
2020-03-16,2020-05-15,277.0,call,10.22,10.53,10.38,10.13,439,1932,0.59047,0.31558,60,239.85
2020-03-16,2020-05-15,277.0,put,45.06,45.6,45.33,47.91,73,2474,0.53194,-0.71156,60,239.85
2020-03-16,2020-05-15,278.0,call,9.83,10.11,9.97,9.5,557,1012,0.59047,0.31025,60,239.85
2020-03-16,2020-05-15,278.0,put,45.66,46.31,45.98,47.24,233,1110,0.52218,-0.7222,60,239.85
2020-03-16,2020-05-15,279.0,call,9.44,9.72,9.58,9.26,477,1862,0.58072,0.30059,60,239.85
2020-03-16,2020-05-15,279.0,put,46.28,46.9,46.59,48.32,664,1621,0.52218,-0.72786,60,239.85
2020-03-16,2020-05-15,280.0,call,9.06,9.33,9.2,8.7,11404,5415,0.58072,0.29532,60,239.85
2020-03-16,2020-05-15,280.0,put,46.7,47.47,47.09,48.61,2460,26648,0.51243,-0.73863,60,239.85
2020-03-16,2020-05-15,281.0,call,8.68,8.95,8.81,8.65,845,1738,0.57096,0.28553,60,239.85
2020-03-16,2020-05-15,281.0,put,47.34,48.13,47.73,45.64,12,2340,0.50267,-0.74953,60,239.85
2020-03-16,2020-05-15,282.0,call,8.31,8.6,8.46,7.6,558,3853,0.57096,0.28034,60,239.85
2020-03-16,2020-05-15,282.0,put,47.98,48.73,48.35,52.7,43,2696,0.50267,-0.75504,60,239.85
2020-03-16,2020-05-15,283.0,call,7.95,8.23,8.09,7.78,621,2952,0.56121,0.27044,60,239.85
2020-03-16,2020-05-15,283.0,put,48.77,49.27,49.02,51.1,21,2390,0.49292,-0.76602,60,239.85
2020-03-16,2020-05-15,284.0,call,7.59,7.87,7.73,7.99,1214,3090,0.56121,0.26533,60,239.85
2020-03-16,2020-05-15,284.0,put,49.41,50.02,49.72,50.9,9,1665,0.49292,-0.7714,60,239.85
2020-03-16,2020-05-15,285.0,call,7.25,7.49,7.37,7.37,719,4502,0.55145,0.25534,60,239.85
2020-03-16,2020-05-15,285.0,put,49.9,50.63,50.27,50.22,4130,28336,0.48316,-0.78243,60,239.85
2020-03-16,2020-05-15,286.0,call,6.91,7.16,7.04,6.8,2394,2593,0.54169,0.24523,60,239.85
2020-03-16,2020-05-15,286.0,put,50.72,51.3,51.01,49.41,115,1896,0.4734,-0.79353,60,239.85
2020-03-16,2020-05-15,287.0,call,6.57,6.82,6.7,6.3,1191,0,0.54169,0.24026,60,239.85
2020-03-16,2020-05-15,287.0,put,51.23,51.97,51.6,48.04,5,2914,0.46365,-0.8047,60,239.85
2020-03-16,2020-05-15,288.0,call,6.25,6.49,6.37,5.58,853,0,0.53194,0.2301,60,239.85
2020-03-16,2020-05-15,288.0,put,51.89,52.65,52.27,54.0,25,2341,0.46365,-0.80977,60,239.85
2020-03-16,2020-05-15,289.0,call,5.93,6.16,6.04,5.5,1380,0,0.53194,0.22524,60,239.85
2020-03-16,2020-05-15,289.0,put,52.6,53.34,52.97,53.92,42,2892,0.45389,-0.82088,60,239.85
2020-03-16,2020-05-15,290.0,call,5.62,5.86,5.74,5.5,4650,9782,0.52218,0.21505,60,239.85
2020-03-16,2020-05-15,290.0,put,53.41,54.02,53.72,55.94,1749,26654,0.45389,-0.82575,60,239.85
2020-03-16,2020-05-15,291.0,call,5.32,5.54,5.43,5.13,1624,6010,0.52218,0.21033,60,239.85
2020-03-16,2020-05-15,291.0,put,53.94,54.69,54.31,55.26,26,3179,0.43438,-0.84309,60,239.85
2020-03-16,2020-05-15,292.0,call,5.04,5.24,5.14,4.85,759,10206,0.51243,0.20015,60,239.85
2020-03-16,2020-05-15,292.0,put,54.67,55.45,55.06,55.02,105,5990,0.43438,-0.84772,60,239.85
2020-03-16,2020-05-15,293.0,call,4.76,4.96,4.86,5.34,809,4478,0.51243,0.19557,60,239.85
2020-03-16,2020-05-15,293.0,put,55.38,56.14,55.76,56.61,127,5546,0.42462,-0.85862,60,239.85
2020-03-16,2020-05-15,294.0,call,4.49,4.68,4.58,4.72,333,5144,0.50267,0.18542,60,239.85
2020-03-16,2020-05-15,294.0,put,56.1,56.85,56.48,58.28,240,5234,0.41487,-0.86943,60,239.85
2020-03-16,2020-05-15,295.0,call,4.22,4.43,4.32,4.04,579,8153,0.50267,0.181,60,239.85
2020-03-16,2020-05-15,295.0,put,56.83,57.62,57.22,61.09,112,23137,0.40511,-0.88009,60,239.85
2020-03-16,2020-05-15,296.0,call,3.97,4.16,4.07,4.45,165,6577,0.49292,0.17092,60,239.85
2020-03-16,2020-05-15,296.0,put,57.52,58.35,57.94,60.54,30,3624,0.39536,-0.89056,60,239.85
2020-03-16,2020-05-15,297.0,call,3.73,3.91,3.82,3.67,642,7094,0.49292,0.16667,60,239.85
2020-03-16,2020-05-15,297.0,put,58.3,59.11,58.7,58.72,235,2080,0.3856,-0.90082,60,239.85
2020-03-16,2020-05-15,298.0,call,3.49,3.67,3.58,3.4,32,6096,0.48316,0.1567,60,239.85
2020-03-16,2020-05-15,298.0,put,59.24,59.87,59.55,54.59,950,3794,0.3856,-0.90452,60,239.85
2020-03-16,2020-05-15,299.0,call,3.27,3.44,3.35,2.97,370,5975,0.48316,0.15263,60,239.85
2020-03-16,2020-05-15,299.0,put,60.0,60.65,60.33,60.5,14,3676,0.37584,-0.91429,60,239.85
2020-03-16,2020-05-15,300.0,call,3.05,3.22,3.13,2.89,5653,9435,0.4734,0.14282,60,239.85
2020-03-16,2020-05-15,300.0,put,60.65,61.27,60.96,62.0,7396,23770,0.34658,-0.93565,60,239.85
2020-03-16,2020-05-15,301.0,call,2.86,3.01,2.93,2.55,788,3691,0.4734,0.13895,60,239.85
2020-03-16,2020-05-15,301.0,put,61.47,62.07,61.77,63.52,60,4651,0.33682,-0.94427,60,239.85
2020-03-16,2020-05-15,302.0,call,2.67,2.82,2.75,2.5,2008,3703,0.46365,0.12934,60,239.85
2020-03-16,2020-05-15,302.0,put,62.23,63.05,62.64,63.69,76,5849,0.32707,-0.95236,60,239.85
2020-03-16,2020-05-15,303.0,call,2.48,2.63,2.55,2.21,788,3042,0.46365,0.12566,60,239.85
2020-03-16,2020-05-15,303.0,put,63.05,63.88,63.47,62.37,698,6323,0.31731,-0.95987,60,239.85
2020-03-16,2020-05-15,304.0,call,2.32,2.46,2.39,2.06,3947,2299,0.45389,0.1163,60,239.85
2020-03-16,2020-05-15,304.0,put,63.82,64.54,64.18,65.28,43,2439,0.26853,-0.98294,60,239.85
2020-03-16,2020-05-15,305.0,call,2.16,2.29,2.23,1.88,801,11257,0.45389,0.11285,60,239.85
2020-03-16,2020-05-15,305.0,put,64.74,65.38,65.06,64.9,3386,10471,0.22951,-0.99432,60,239.85
2020-03-16,2020-05-15,306.0,call,2.0,2.13,2.06,2.0,1588,3514,0.44414,0.10378,60,239.85
2020-03-16,2020-05-15,306.0,put,65.54,66.4,65.97,70.0,33,3055,0.01488,-1.0,60,239.85
2020-03-16,2020-05-15,307.0,call,1.86,1.97,1.92,1.67,562,6574,0.44414,0.10055,60,239.85
2020-03-16,2020-05-15,307.0,put,66.33,67.26,66.8,70.85,243,2038,0.01488,-1.0,60,239.85
2020-03-16,2020-05-15,308.0,call,1.72,1.83,1.77,1.64,1150,2960,0.44414,0.0974,60,239.85
2020-03-16,2020-05-15,308.0,put,67.23,68.16,67.69,62.48,34,6209,0.01488,-1.0,60,239.85
2020-03-16,2020-05-15,309.0,call,1.6,1.7,1.65,1.45,1346,3877,0.43438,0.08883,60,239.85
2020-03-16,2020-05-15,309.0,put,68.08,69.04,68.56,70.0,730,2329,0.01488,-1.0,60,239.85
2020-03-16,2020-05-15,310.0,call,1.48,1.59,1.54,1.41,4429,11087,0.43438,0.08591,60,239.85
2020-03-16,2020-05-15,310.0,put,68.99,69.93,69.46,73.59,1042,15209,0.01488,-1.0,60,239.85
2020-03-16,2020-05-15,311.0,call,1.37,1.47,1.42,1.32,914,3351,0.42462,0.07774,60,239.85
2020-03-16,2020-05-15,311.0,put,69.88,70.76,70.32,67.41,627,4346,0.01488,-1.0,60,239.85
2020-03-16,2020-05-15,312.0,call,1.27,1.36,1.31,1.18,1637,3096,0.42462,0.07506,60,239.85
2020-03-16,2020-05-15,312.0,put,70.77,71.66,71.22,65.14,11,5670,0.01488,-1.0,60,239.85
2020-03-16,2020-05-15,313.0,call,1.17,1.27,1.22,1.02,1818,4769,0.42462,0.07246,60,239.85
2020-03-16,2020-05-15,313.0,put,71.61,72.6,72.1,68.26,1028,2420,0.01488,-1.0,60,239.85
2020-03-16,2020-05-15,314.0,call,1.08,1.17,1.12,0.96,421,2691,0.41487,0.06489,60,239.85
2020-03-16,2020-05-15,314.0,put,72.52,73.57,73.04,65.49,30,3559,0.01488,-1.0,60,239.85
2020-03-16,2020-05-15,315.0,call,1.01,1.09,1.05,1.01,3302,4879,0.41487,0.06253,60,239.85
2020-03-16,2020-05-15,315.0,put,73.44,74.48,73.96,75.3,414,5314,0.01488,-1.0,60,239.85
2020-03-16,2020-05-15,316.0,call,0.93,1.01,0.97,0.87,524,4167,0.41487,0.06025,60,239.85
2020-03-16,2020-05-15,316.0,put,74.36,75.46,74.91,68.27,3,3379,0.01488,-1.0,60,239.85
2020-03-16,2020-05-15,317.0,call,0.87,0.95,0.91,0.81,732,7186,0.41487,0.05804,60,239.85
2020-03-16,2020-05-15,317.0,put,75.34,76.4,75.87,77.5,9,2584,0.01488,-1.0,60,239.85
2020-03-16,2020-05-15,318.0,call,0.8,0.87,0.83,0.75,81,0,0.40511,0.05129,60,239.85
2020-03-16,2020-05-15,318.0,put,76.24,77.32,76.78,67.38,8,3913,0.01488,-1.0,60,239.85
2020-03-16,2020-05-15,319.0,call,0.75,0.81,0.78,0.65,392,0,0.40511,0.04931,60,239.85
2020-03-16,2020-05-15,319.0,put,77.18,78.28,77.73,79.46,22,4373,0.01488,-1.0,60,239.85
2020-03-16,2020-05-15,320.0,call,0.7,0.76,0.73,0.64,939,11345,0.40511,0.04739,60,239.85
2020-03-16,2020-05-15,320.0,put,78.17,79.26,78.72,77.4,222,5062,0.01488,-1.0,60,239.85
2020-03-16,2020-05-15,321.0,call,0.65,0.71,0.68,0.59,272,3611,0.40511,0.04555,60,239.85
2020-03-16,2020-05-15,321.0,put,79.08,80.2,79.64,77.11,2,4805,0.01488,-1.0,60,239.85
2020-03-16,2020-05-15,322.0,call,0.61,0.66,0.64,0.7,98,3686,0.40511,0.04376,60,239.85
2020-03-16,2020-05-15,322.0,put,80.08,81.18,80.63,75.03,5,2549,0.01488,-1.0,60,239.85
2020-03-16,2020-05-15,323.0,call,0.57,0.62,0.59,0.54,221,4262,0.39536,0.03802,60,239.85
2020-03-16,2020-05-15,323.0,put,81.04,82.17,81.61,79.59,27,5792,0.01488,-1.0,60,239.85
2020-03-16,2020-05-15,324.0,call,0.54,0.59,0.56,0.55,185,5300,0.39536,0.03645,60,239.85
2020-03-16,2020-05-15,324.0,put,82.01,83.1,82.56,86.0,9,3381,0.01488,-1.0,60,239.85
2020-03-16,2020-05-15,325.0,call,0.5,0.56,0.53,0.45,666,21256,0.39536,0.03494,60,239.85
2020-03-16,2020-05-15,325.0,put,82.97,84.14,83.56,87.76,37,9165,0.01488,-1.0,60,239.85
2020-03-16,2020-05-15,326.0,call,0.47,0.53,0.5,0.49,22,4825,0.39536,0.03349,60,239.85
2020-03-16,2020-05-15,326.0,put,84.16,85.08,84.62,72.81,2,18169,0.01488,-1.0,60,239.85
2020-03-16,2020-05-15,327.0,call,0.45,0.5,0.47,0.44,91,4654,0.39536,0.03209,60,239.85
2020-03-16,2020-05-15,327.0,put,84.92,86.08,85.5,80.64,7,17015,0.01488,-1.0,60,239.85
2020-03-16,2020-05-15,328.0,call,0.42,0.48,0.45,0.4,28,0,0.39536,0.03075,60,239.85
2020-03-16,2020-05-15,328.0,put,85.92,87.05,86.48,82.0,57,2316,0.01488,-1.0,60,239.85
2020-03-16,2020-05-15,329.0,call,0.4,0.45,0.43,0.38,1272,0,0.39536,0.02945,60,239.85
2020-03-16,2020-05-15,329.0,put,86.85,88.04,87.44,91.1,289,2530,0.01488,-1.0,60,239.85
2020-03-16,2020-05-15,330.0,call,0.38,0.43,0.41,0.43,784,23585,0.39536,0.0282,60,239.85
2020-03-16,2020-05-15,330.0,put,87.82,89.03,88.42,90.0,30,14258,0.01488,-1.0,60,239.85
2020-03-16,2020-05-15,331.0,call,0.36,0.41,0.39,0.41,61,0,0.39536,0.02701,60,239.85
2020-03-16,2020-05-15,331.0,put,88.82,90.01,89.41,84.65,4,1261,0.01488,-1.0,60,239.85
2020-03-16,2020-05-15,332.0,call,0.34,0.39,0.36,0.34,188,4669,0.39536,0.02585,60,239.85
2020-03-16,2020-05-15,332.0,put,89.78,91.02,90.4,86.52,13,3961,0.01488,-1.0,60,239.85
2020-03-16,2020-05-15,333.0,call,0.32,0.37,0.34,0.31,319,4958,0.39536,0.02475,60,239.85
2020-03-16,2020-05-15,333.0,put,90.76,92.01,91.39,86.01,5,3608,0.01488,-1.0,60,239.85
2020-03-16,2020-05-15,334.0,call,0.31,0.35,0.33,0.29,395,6072,0.39536,0.02368,60,239.85
2020-03-16,2020-05-15,334.0,put,91.87,92.9,92.39,87.56,0,4489,0.01488,-1.0,60,239.85
2020-03-16,2020-05-15,335.0,call,0.3,0.33,0.32,0.28,966,42497,0.39536,0.02266,60,239.85
2020-03-16,2020-05-15,335.0,put,92.71,93.91,93.31,94.06,53,17132,0.01488,-1.0,60,239.85
2020-03-16,2020-05-15,336.0,call,0.27,0.32,0.3,0.31,621,8520,0.39536,0.02168,60,239.85
2020-03-16,2020-05-15,336.0,put,93.71,94.96,94.33,95.0,64,3059,0.01488,-1.0,60,239.85
2020-03-16,2020-05-15,337.0,call,0.26,0.31,0.29,0.25,274,6605,0.39536,0.02073,60,239.85
2020-03-16,2020-05-15,337.0,put,94.7,95.98,95.34,90.33,1,5867,0.01488,-1.0,60,239.85
2020-03-16,2020-05-15,338.0,call,0.25,0.29,0.27,0.25,76,0,0.39536,0.01983,60,239.85
2020-03-16,2020-05-15,338.0,put,95.56,97.06,96.31,91.9,1,6848,0.01488,-1.0,60,239.85
2020-03-16,2020-05-15,339.0,call,0.23,0.28,0.26,0.25,61,9531,0.39536,0.01896,60,239.85
2020-03-16,2020-05-15,339.0,put,96.74,97.88,97.31,86.89,0,4950,0.01488,-1.0,60,239.85
2020-03-16,2020-05-15,340.0,call,0.25,0.26,0.26,0.25,5901,21192,0.39536,0.01813,60,239.85
2020-03-16,2020-05-15,340.0,put,97.72,98.93,98.33,99.6,28,5754,0.01488,-1.0,60,239.85
2020-03-16,2020-05-15,341.0,call,0.21,0.25,0.23,0.26,52,6903,0.39536,0.01732,60,239.85
2020-03-16,2020-05-15,341.0,put,98.71,99.96,99.33,65.64,0,1590,0.01488,-1.0,60,239.85
2020-03-16,2020-05-15,342.0,call,0.2,0.24,0.22,0.24,37,24812,0.39536,0.01656,60,239.85
2020-03-16,2020-05-15,342.0,put,99.73,100.96,100.34,49.14,0,1846,0.01488,-1.0,60,239.85
2020-03-16,2020-05-15,343.0,call,0.19,0.23,0.21,0.19,210,11529,0.39536,0.01582,60,239.85
2020-03-16,2020-05-15,343.0,put,100.63,101.87,101.25,44.0,0,1210,0.01488,-1.0,60,239.85
2020-03-16,2020-05-15,344.0,call,0.18,0.22,0.2,0.2,62,7733,0.39536,0.01511,60,239.85
2020-03-16,2020-05-15,344.0,put,101.61,102.92,102.27,66.44,0,1293,0.01488,-1.0,60,239.85
2020-03-16,2020-05-15,345.0,call,0.18,0.21,0.2,0.18,1040,11672,0.39536,0.01444,60,239.85
2020-03-16,2020-05-15,345.0,put,102.61,103.95,103.28,92.1,0,1039,0.01488,-1.0,60,239.85
2020-03-16,2020-05-15,346.0,call,0.16,0.2,0.18,0.23,143,3453,0.39536,0.01379,60,239.85
2020-03-16,2020-05-15,346.0,put,103.59,104.85,104.22,66.86,0,1012,0.01488,-1.0,60,239.85
2020-03-16,2020-05-15,347.0,call,0.15,0.19,0.17,0.17,102,6291,0.39536,0.01317,60,239.85
2020-03-16,2020-05-15,347.0,put,104.52,105.96,105.24,73.47,0,779,0.01488,-1.0,60,239.85
2020-03-16,2020-05-15,348.0,call,0.16,0.18,0.17,0.18,170,10747,0.39536,0.01257,60,239.85
2020-03-16,2020-05-15,348.0,put,105.49,106.97,106.23,47.19,0,2762,0.01488,-1.0,60,239.85
2020-03-16,2020-05-15,349.0,call,0.14,0.18,0.16,0.14,25,5658,0.39536,0.012,60,239.85
2020-03-16,2020-05-15,349.0,put,106.5,107.95,107.22,27.43,0,388,0.01488,-1.0,60,239.85
2020-03-16,2020-05-15,350.0,call,0.14,0.17,0.16,0.15,528,19645,0.40511,0.01334,60,239.85
2020-03-16,2020-05-15,350.0,put,107.54,108.83,108.19,102.06,5,1845,0.01488,-1.0,60,239.85
2020-03-16,2020-05-15,351.0,call,0.12,0.16,0.14,0.14,4,14835,0.39536,0.01093,60,239.85
2020-03-16,2020-05-15,351.0,put,108.53,109.94,109.23,97.39,0,379,0.01488,-1.0,60,239.85
2020-03-16,2020-05-15,352.0,call,0.12,0.15,0.14,0.13,29,19046,0.39536,0.01043,60,239.85
2020-03-16,2020-05-15,352.0,put,109.48,110.83,110.16,98.43,0,8,0.01488,-1.0,60,239.85
2020-03-16,2020-05-15,353.0,call,0.12,0.14,0.13,0.17,1420,6759,0.39536,0.00995,60,239.85
2020-03-16,2020-05-15,353.0,put,110.49,111.83,111.16,48.13,0,37,0.01488,-1.0,60,239.85
2020-03-16,2020-05-15,354.0,call,0.11,0.14,0.12,0.13,344,1380,0.39536,0.00949,60,239.85
2020-03-16,2020-05-15,354.0,put,111.46,112.92,112.19,73.93,0,111,0.01488,-1.0,60,239.85
2020-03-16,2020-05-15,355.0,call,0.11,0.12,0.11,0.1,22,45040,0.39536,0.00905,60,239.85
2020-03-16,2020-05-15,355.0,put,112.52,113.95,113.23,90.85,0,48,0.01488,-1.0,60,239.85
2020-03-16,2020-05-15,356.0,call,0.1,0.13,0.12,0.15,12,1104,0.40511,0.01018,60,239.85
2020-03-16,2020-05-15,356.0,put,113.47,114.97,114.22,104.38,0,2,0.01488,-1.0,60,239.85
2020-03-16,2020-05-15,357.0,call,0.1,0.12,0.11,0.13,6,0,0.39536,0.00823,60,239.85
2020-03-16,2020-05-15,357.0,put,114.54,115.82,115.18,19.62,0,1,0.01488,-1.0,60,239.85
2020-03-16,2020-05-15,358.0,call,0.09,0.12,0.1,0.11,3,2547,0.39536,0.00785,60,239.85
2020-03-16,2020-05-15,358.0,put,115.48,116.95,116.22,0.0,0,0,0.01488,-1.0,60,239.85
2020-03-16,2020-05-15,359.0,call,0.09,0.11,0.1,0.11,29,963,0.39536,0.00748,60,239.85
2020-03-16,2020-05-15,359.0,put,116.42,117.83,117.12,55.94,0,1,0.01488,-1.0,60,239.85
2020-03-16,2020-05-15,360.0,call,0.09,0.1,0.1,0.12,147,7565,0.40511,0.00848,60,239.85
2020-03-16,2020-05-15,360.0,put,117.6,118.93,118.27,118.09,4,490,0.01488,-1.0,60,239.85
2020-03-16,2020-05-15,361.0,call,0.08,0.1,0.09,0.08,103,884,0.39536,0.00679,60,239.85
2020-03-16,2020-05-15,361.0,put,118.46,119.93,119.19,0.0,0,0,0.01488,-1.0,60,239.85
2020-03-16,2020-05-15,362.0,call,0.08,0.1,0.09,0.1,1,12205,0.40511,0.00773,60,239.85
2020-03-16,2020-05-15,362.0,put,119.61,120.82,120.22,0.0,0,0,0.01488,-1.0,60,239.85
2020-03-16,2020-05-15,363.0,call,0.08,0.09,0.08,0.08,263,1507,0.39536,0.00617,60,239.85
2020-03-16,2020-05-15,363.0,put,120.62,121.82,121.22,31.56,0,5,0.01488,-1.0,60,239.85
2020-03-16,2020-05-15,364.0,call,0.08,0.09,0.08,0.08,1,2872,0.40511,0.00704,60,239.85
2020-03-16,2020-05-15,364.0,put,121.41,122.87,122.14,0.0,0,0,0.01488,-1.0,60,239.85
2020-03-16,2020-05-15,365.0,call,0.07,0.08,0.08,0.08,3,7447,0.40511,0.00672,60,239.85
2020-03-16,2020-05-15,365.0,put,122.44,123.81,123.12,40.6,0,5,0.01488,-1.0,60,239.85
2020-03-16,2020-05-15,366.0,call,0.07,0.08,0.08,0.09,7,1449,0.40511,0.00642,60,239.85
2020-03-16,2020-05-15,366.0,put,123.42,124.92,124.17,56.59,0,1,0.01488,-1.0,60,239.85
2020-03-16,2020-05-15,367.0,call,0.07,0.08,0.08,0.07,1,1257,0.40511,0.00612,60,239.85
2020-03-16,2020-05-15,367.0,put,124.6,125.86,125.23,0.0,0,0,0.01488,-1.0,60,239.85
2020-03-16,2020-05-15,368.0,call,0.07,0.08,0.08,0.07,0,143,0.41487,0.00698,60,239.85
2020-03-16,2020-05-15,368.0,put,125.41,126.95,126.18,35.71,0,7,0.01488,-1.0,60,239.85
2020-03-16,2020-05-15,369.0,call,0.06,0.07,0.07,0.08,0,1106,0.40511,0.00557,60,239.85
2020-03-16,2020-05-15,369.0,put,126.4,127.95,127.18,78.0,0,1,0.01488,-1.0,60,239.85
2020-03-16,2020-05-15,370.0,call,0.06,0.07,0.07,0.05,102,778,0.40511,0.00532,60,239.85
2020-03-16,2020-05-15,370.0,put,127.4,128.97,128.19,69.58,0,434,0.01488,-1.0,60,239.85
2020-03-16,2020-05-15,371.0,call,0.06,0.07,0.07,0.06,73,1933,0.41487,0.00609,60,239.85
2020-03-16,2020-05-15,371.0,put,128.55,129.89,129.22,0.0,0,0,0.01488,-1.0,60,239.85
2020-03-16,2020-05-15,372.0,call,0.06,0.07,0.07,0.06,7,723,0.41487,0.00582,60,239.85
2020-03-16,2020-05-15,372.0,put,129.4,130.88,130.14,119.16,0,6,0.01488,-1.0,60,239.85
2020-03-16,2020-05-15,375.0,call,0.05,0.06,0.06,0.06,85,3351,0.41487,0.00508,60,239.85
2020-03-16,2020-05-15,375.0,put,131.6,134.48,133.04,121.57,0,25,0.01488,-1.0,60,239.85
2020-03-16,2020-05-15,380.0,call,0.04,0.06,0.05,0.05,691,2461,0.41487,0.00403,60,239.85
2020-03-16,2020-05-15,380.0,put,136.59,139.47,138.03,43.0,0,3,0.01488,-1.0,60,239.85
2020-03-16,2020-05-15,385.0,call,0.03,0.05,0.04,0.05,101,1571,0.41487,0.0032,60,239.85
2020-03-16,2020-05-15,385.0,put,141.59,144.47,143.03,106.8,0,1,0.01488,-1.0,60,239.85
2020-03-16,2020-05-15,390.0,call,0.04,0.05,0.04,0.04,146,575,0.42462,0.00312,60,239.85
2020-03-16,2020-05-15,390.0,put,146.58,149.46,148.02,0.0,0,0,0.01488,-1.0,60,239.85
2020-03-16,2020-05-15,395.0,call,0.02,0.04,0.03,0.04,0,1067,0.42462,0.00248,60,239.85
2020-03-16,2020-05-15,395.0,put,151.58,154.45,153.01,155.0,1,1,0.01488,-1.0,60,239.85
2020-03-16,2020-05-15,400.0,call,0.01,0.04,0.03,0.04,39,2041,0.43438,0.00245,60,239.85
2020-03-16,2020-05-15,400.0,put,156.58,159.45,158.01,119.0,0,47,0.01488,-1.0,60,239.85
2020-03-16,2020-05-15,405.0,call,0.01,0.04,0.03,0.02,0,184,0.44414,0.00242,60,239.85
2020-03-16,2020-05-15,405.0,put,161.58,164.44,163.01,0.0,0,0,0.01488,-1.0,60,239.85
2020-03-16,2020-05-15,410.0,call,0.01,0.04,0.03,0.02,12,752,0.45389,0.00241,60,239.85
2020-03-16,2020-05-15,410.0,put,166.57,169.44,168.0,0.0,0,0,0.01488,-1.0,60,239.85
2020-03-16,2020-05-15,415.0,call,0.01,0.03,0.02,0.02,67,435,0.44414,0.00158,60,239.85
2020-03-16,2020-05-15,415.0,put,171.57,174.44,173.0,0.0,0,0,0.01488,-1.0,60,239.85
2020-03-16,2020-05-15,420.0,call,0.02,0.04,0.03,0.03,80,510,0.4734,0.0024,60,239.85
2020-03-16,2020-05-15,420.0,put,176.57,179.43,178.0,0.0,0,0,0.01488,-1.0,60,239.85
2020-03-16,2020-06-19,25.0,call,216.76,220.17,218.46,306.63,0,0,3.15626,0.98644,95,239.85
2020-03-16,2020-06-19,25.0,put,0.04,0.06,0.05,0.05,865,895,1.60508,-0.00076,95,239.85
2020-03-16,2020-06-19,30.0,call,211.76,215.17,213.46,0.0,0,0,2.86359,0.98437,95,239.85
2020-03-16,2020-06-19,30.0,put,0.06,0.08,0.07,0.06,318,3232,1.51728,-0.00106,95,239.85
2020-03-16,2020-06-19,35.0,call,206.76,210.17,208.46,0.0,0,0,2.6392,0.98227,95,239.85
2020-03-16,2020-06-19,35.0,put,0.06,0.1,0.08,0.07,815,1778,1.42948,-0.00133,95,239.85
2020-03-16,2020-06-19,40.0,call,201.76,205.17,203.46,291.65,0,0,2.44409,0.98032,95,239.85
2020-03-16,2020-06-19,40.0,put,0.08,0.12,0.1,0.09,71,147,1.36119,-0.00171,95,239.85
2020-03-16,2020-06-19,45.0,call,196.76,200.17,198.46,0.0,0,0,2.27824,0.97838,95,239.85
2020-03-16,2020-06-19,45.0,put,0.1,0.13,0.12,0.1,96,298,1.2929,-0.00207,95,239.85
2020-03-16,2020-06-19,50.0,call,191.76,195.17,193.46,244.06,0,0,2.1319,0.97649,95,239.85
2020-03-16,2020-06-19,50.0,put,0.14,0.16,0.15,0.25,3193,3009,1.24412,-0.00265,95,239.85
2020-03-16,2020-06-19,55.0,call,186.76,190.17,188.46,0.0,0,0,2.00507,0.97452,95,239.85
2020-03-16,2020-06-19,55.0,put,0.16,0.17,0.17,0.17,291,3120,1.19534,-0.00326,95,239.85
2020-03-16,2020-06-19,60.0,call,181.76,185.17,183.46,0.0,0,0,1.888,0.97263,95,239.85
2020-03-16,2020-06-19,60.0,put,0.16,0.19,0.17,0.2,350,4441,1.12705,-0.00348,95,239.85
2020-03-16,2020-06-19,65.0,call,176.76,180.17,178.46,0.0,0,0,1.78069,0.97076,95,239.85
2020-03-16,2020-06-19,65.0,put,0.17,0.21,0.19,0.21,187,894,1.07827,-0.00403,95,239.85
2020-03-16,2020-06-19,70.0,call,171.76,175.17,173.46,220.1,0,0,1.68313,0.96886,95,239.85
2020-03-16,2020-06-19,70.0,put,0.21,0.23,0.22,0.23,238,3030,1.03924,-0.00481,95,239.85
2020-03-16,2020-06-19,75.0,call,166.76,170.17,168.46,0.0,0,0,1.59533,0.96683,95,239.85
2020-03-16,2020-06-19,75.0,put,0.25,0.29,0.27,0.32,813,2604,1.00998,-0.00595,95,239.85
2020-03-16,2020-06-19,80.0,call,161.76,165.17,163.46,0.0,0,0,1.51728,0.96457,95,239.85
2020-03-16,2020-06-19,80.0,put,0.33,0.37,0.35,0.4,169,3516,0.99046,-0.00762,95,239.85
2020-03-16,2020-06-19,85.0,call,156.75,160.16,158.45,0.0,0,0,1.43923,0.96253,95,239.85
2020-03-16,2020-06-19,85.0,put,0.42,0.46,0.44,0.46,9168,2893,0.97095,-0.00956,95,239.85
2020-03-16,2020-06-19,90.0,call,151.76,155.17,153.46,0.0,0,0,1.37094,0.96012,95,239.85
2020-03-16,2020-06-19,90.0,put,0.54,0.58,0.56,0.6,5158,14015,0.95144,-0.0118,95,239.85
2020-03-16,2020-06-19,95.0,call,147.52,149.51,148.51,218.95,0,0,1.30265,0.9579,95,239.85
2020-03-16,2020-06-19,95.0,put,0.67,0.71,0.69,0.77,614,4975,0.93193,-0.01437,95,239.85
2020-03-16,2020-06-19,100.0,call,142.53,144.52,143.53,147.0,2,1,1.24412,0.95512,95,239.85
2020-03-16,2020-06-19,100.0,put,0.83,0.85,0.84,0.84,28424,45299,0.91242,-0.01728,95,239.85
2020-03-16,2020-06-19,105.0,call,137.59,139.49,138.54,205.9,0,1,1.18558,0.95246,95,239.85
2020-03-16,2020-06-19,105.0,put,1.02,1.06,1.04,1.02,1891,15843,0.90266,-0.02141,95,239.85
2020-03-16,2020-06-19,110.0,call,132.71,134.69,133.7,200.9,0,1,1.1368,0.949,95,239.85
2020-03-16,2020-06-19,110.0,put,1.23,1.28,1.25,1.45,1752,13851,0.88315,-0.02518,95,239.85
2020-03-16,2020-06-19,115.0,call,128.04,129.74,128.89,195.91,0,1,1.09778,0.9445,95,239.85
2020-03-16,2020-06-19,115.0,put,1.49,1.54,1.52,1.72,922,10382,0.87339,-0.03047,95,239.85
2020-03-16,2020-06-19,120.0,call,123.02,124.85,123.94,190.91,0,1,1.049,0.94095,95,239.85
2020-03-16,2020-06-19,120.0,put,1.8,1.85,1.83,2.16,2146,11684,0.86364,-0.03644,95,239.85
2020-03-16,2020-06-19,125.0,call,118.51,120.01,119.26,185.92,0,1,1.00998,0.93621,95,239.85
2020-03-16,2020-06-19,125.0,put,2.14,2.2,2.17,2.6,1373,12292,0.85388,-0.04314,95,239.85
2020-03-16,2020-06-19,130.0,call,113.84,115.4,114.62,180.93,0,1,0.99046,0.92868,95,239.85
2020-03-16,2020-06-19,130.0,put,2.55,2.61,2.58,2.65,13823,22343,0.84413,-0.0506,95,239.85
2020-03-16,2020-06-19,135.0,call,109.32,110.79,110.06,175.93,0,1,0.9612,0.92199,95,239.85
2020-03-16,2020-06-19,135.0,put,3.01,3.08,3.04,3.1,2950,3508,0.83437,-0.05884,95,239.85
2020-03-16,2020-06-19,140.0,call,104.8,105.92,105.36,112.61,0,40,0.93193,0.91488,95,239.85
2020-03-16,2020-06-19,140.0,put,3.53,3.6,3.56,3.95,3829,13632,0.82461,-0.0679,95,239.85
2020-03-16,2020-06-19,145.0,call,100.45,101.74,101.09,107.89,0,41,0.91242,0.9058,95,239.85
2020-03-16,2020-06-19,145.0,put,4.11,4.2,4.16,4.17,2337,11086,0.81486,-0.0778,95,239.85
2020-03-16,2020-06-19,150.0,call,96.04,97.27,96.66,105.0,2,26,0.89291,0.89609,95,239.85
2020-03-16,2020-06-19,150.0,put,4.77,4.86,4.81,4.8,13192,9037,0.8051,-0.08855,95,239.85
2020-03-16,2020-06-19,155.0,call,91.74,92.73,92.23,100.54,0,38,0.87339,0.88572,95,239.85
2020-03-16,2020-06-19,155.0,put,5.49,5.59,5.54,5.9,3415,5062,0.79535,-0.10019,95,239.85
2020-03-16,2020-06-19,160.0,call,87.55,88.49,88.02,95.6,1,27,0.85388,0.87465,95,239.85
2020-03-16,2020-06-19,160.0,put,6.28,6.38,6.33,6.41,3436,8178,0.78559,-0.11273,95,239.85
2020-03-16,2020-06-19,165.0,call,83.41,84.27,83.84,146.84,0,0,0.84413,0.86114,95,239.85
2020-03-16,2020-06-19,165.0,put,7.14,7.26,7.2,7.6,2949,7210,0.77583,-0.12618,95,239.85
2020-03-16,2020-06-19,170.0,call,79.27,80.36,79.81,85.0,0,35,0.82461,0.84852,95,239.85
2020-03-16,2020-06-19,170.0,put,8.06,8.19,8.12,8.43,2945,7649,0.76608,-0.14056,95,239.85
2020-03-16,2020-06-19,175.0,call,75.26,76.34,75.8,146.01,0,0,0.81486,0.8334,95,239.85
2020-03-16,2020-06-19,175.0,put,9.06,9.2,9.13,9.13,1480,7200,0.75632,-0.15587,95,239.85
2020-03-16,2020-06-19,180.0,call,71.37,72.37,71.87,73.67,1,37,0.8051,0.81749,95,239.85
2020-03-16,2020-06-19,180.0,put,10.13,10.27,10.2,10.68,4897,9229,0.74657,-0.17212,95,239.85
2020-03-16,2020-06-19,185.0,call,67.47,68.35,67.91,143.99,0,4,0.78559,0.80231,95,239.85
2020-03-16,2020-06-19,185.0,put,11.28,11.43,11.36,11.97,1913,5320,0.73681,-0.18931,95,239.85
2020-03-16,2020-06-19,190.0,call,63.65,64.5,64.08,69.98,3,266,0.76608,0.78618,95,239.85
2020-03-16,2020-06-19,190.0,put,12.51,12.67,12.59,13.8,3998,8393,0.72706,-0.20744,95,239.85
2020-03-16,2020-06-19,195.0,call,60.02,60.78,60.4,71.36,0,23,0.75632,0.76765,95,239.85
2020-03-16,2020-06-19,195.0,put,13.82,13.99,13.91,14.62,1984,5828,0.7173,-0.22649,95,239.85
2020-03-16,2020-06-19,200.0,call,56.36,57.33,56.84,56.5,6,515,0.74657,0.74831,95,239.85
2020-03-16,2020-06-19,200.0,put,15.22,15.35,15.29,15.37,8005,26248,0.70754,-0.24647,95,239.85
2020-03-16,2020-06-19,205.0,call,52.88,53.62,53.25,50.81,2,11,0.72706,0.72923,95,239.85
2020-03-16,2020-06-19,205.0,put,16.69,16.88,16.79,16.8,2585,16727,0.69779,-0.26735,95,239.85
2020-03-16,2020-06-19,210.0,call,49.51,50.43,49.97,49.48,9,66,0.72706,0.7073,95,239.85
2020-03-16,2020-06-19,210.0,put,18.26,18.45,18.36,18.57,4914,9790,0.68803,-0.28911,95,239.85
2020-03-16,2020-06-19,215.0,call,45.96,46.79,46.38,45.28,2,27,0.70754,0.68627,95,239.85
2020-03-16,2020-06-19,215.0,put,19.92,20.11,20.02,20.5,4921,10845,0.66852,-0.31096,95,239.85
2020-03-16,2020-06-19,220.0,call,42.88,43.8,43.34,42.61,107,116,0.69779,0.66367,95,239.85
2020-03-16,2020-06-19,220.0,put,21.67,21.87,21.77,21.9,5778,26834,0.65876,-0.33468,95,239.85
2020-03-16,2020-06-19,225.0,call,39.72,40.63,40.17,42.18,307,181,0.67828,0.64043,95,239.85
2020-03-16,2020-06-19,225.0,put,23.52,23.73,23.62,23.89,3223,27556,0.64901,-0.35922,95,239.85
2020-03-16,2020-06-19,230.0,call,36.65,37.35,37.0,39.21,262,532,0.66852,0.61615,95,239.85
2020-03-16,2020-06-19,230.0,put,25.46,25.67,25.57,25.54,5418,58877,0.63925,-0.38452,95,239.85
2020-03-16,2020-06-19,231.0,call,35.92,36.8,36.36,38.42,24,0,0.66852,0.61129,95,239.85
2020-03-16,2020-06-19,231.0,put,25.85,26.11,25.98,25.94,527,611,0.63925,-0.38961,95,239.85
2020-03-16,2020-06-19,232.0,call,35.31,36.08,35.7,0.0,0,0,0.65876,0.60603,95,239.85
2020-03-16,2020-06-19,232.0,put,26.25,26.51,26.38,26.65,1241,926,0.6295,-0.39504,95,239.85
2020-03-16,2020-06-19,233.0,call,34.86,35.69,35.27,37.2,16,0,0.65876,0.6011,95,239.85
2020-03-16,2020-06-19,233.0,put,26.66,26.92,26.79,27.05,262,768,0.6295,-0.4002,95,239.85
2020-03-16,2020-06-19,234.0,call,34.27,35.16,34.72,36.58,410,8,0.65876,0.59617,95,239.85
2020-03-16,2020-06-19,234.0,put,27.07,27.33,27.2,27.47,1902,915,0.6295,-0.40536,95,239.85
2020-03-16,2020-06-19,235.0,call,33.65,34.38,34.02,35.4,12,863,0.65876,0.59125,95,239.85
2020-03-16,2020-06-19,235.0,put,27.48,27.71,27.59,30.34,3513,20608,0.61974,-0.41108,95,239.85
2020-03-16,2020-06-19,236.0,call,33.09,33.77,33.43,31.67,161,0,0.64901,0.58566,95,239.85
2020-03-16,2020-06-19,236.0,put,27.87,28.16,28.02,28.58,2393,2201,0.61974,-0.41632,95,239.85
2020-03-16,2020-06-19,237.0,call,32.51,33.2,32.86,0.0,0,0,0.64901,0.58067,95,239.85
2020-03-16,2020-06-19,237.0,put,28.29,28.58,28.43,28.21,692,867,0.61974,-0.42154,95,239.85
2020-03-16,2020-06-19,238.0,call,31.93,32.8,32.36,35.97,1,0,0.64901,0.5757,95,239.85
2020-03-16,2020-06-19,238.0,put,28.72,29.01,28.87,29.38,634,799,0.61974,-0.42676,95,239.85
2020-03-16,2020-06-19,239.0,call,31.36,32.11,31.73,0.0,0,0,0.63925,0.56983,95,239.85
2020-03-16,2020-06-19,239.0,put,29.14,29.44,29.29,29.87,954,546,0.60999,-0.43286,95,239.85
2020-03-16,2020-06-19,240.0,call,30.76,31.65,31.2,29.5,230,1165,0.63925,0.5648,95,239.85
2020-03-16,2020-06-19,240.0,put,29.6,29.83,29.71,30.44,2558,23119,0.60999,-0.43814,95,239.85
2020-03-16,2020-06-19,241.0,call,30.21,30.93,30.57,30.76,5,0,0.63925,0.55977,95,239.85
2020-03-16,2020-06-19,241.0,put,30.01,30.31,30.16,30.87,1149,74,0.60999,-0.44341,95,239.85
2020-03-16,2020-06-19,242.0,call,29.65,30.53,30.09,29.82,7,0,0.63925,0.55476,95,239.85
2020-03-16,2020-06-19,242.0,put,30.45,30.75,30.6,31.14,530,67,0.60999,-0.44867,95,239.85
2020-03-16,2020-06-19,243.0,call,29.06,29.89,29.48,31.75,20,142,0.6295,0.54854,95,239.85
2020-03-16,2020-06-19,243.0,put,30.89,31.19,31.04,31.33,1185,2413,0.60023,-0.45516,95,239.85
2020-03-16,2020-06-19,244.0,call,28.51,29.22,28.87,28.84,8,115,0.6295,0.54347,95,239.85
2020-03-16,2020-06-19,244.0,put,31.34,31.64,31.49,31.78,1044,912,0.60023,-0.46048,95,239.85
2020-03-16,2020-06-19,245.0,call,27.96,28.65,28.3,28.03,135,2628,0.6295,0.53842,95,239.85
2020-03-16,2020-06-19,245.0,put,31.82,32.05,31.93,32.68,2161,27433,0.60023,-0.46579,95,239.85
2020-03-16,2020-06-19,246.0,call,27.41,28.13,27.77,28.75,346,0,0.61974,0.53191,95,239.85
2020-03-16,2020-06-19,246.0,put,32.24,32.55,32.39,33.17,1460,185,0.59047,-0.4726,95,239.85
2020-03-16,2020-06-19,247.0,call,26.87,27.59,27.23,28.85,308,19,0.61974,0.5268,95,239.85
2020-03-16,2020-06-19,247.0,put,32.7,33.01,32.86,32.53,903,1119,0.59047,-0.47796,95,239.85
2020-03-16,2020-06-19,248.0,call,26.33,27.06,26.7,25.58,131,16,0.61974,0.52172,95,239.85
2020-03-16,2020-06-19,248.0,put,33.16,33.47,33.31,32.74,843,1401,0.59047,-0.48331,95,239.85
2020-03-16,2020-06-19,249.0,call,25.78,26.57,26.18,25.03,37,818,0.61974,0.51664,95,239.85
2020-03-16,2020-06-19,249.0,put,33.65,33.9,33.77,33.35,765,8317,0.59047,-0.48863,95,239.85
2020-03-16,2020-06-19,250.0,call,25.21,26.14,25.68,26.18,1039,1939,0.60999,0.50977,95,239.85
2020-03-16,2020-06-19,250.0,put,34.12,34.37,34.24,36.93,13804,49879,0.58072,-0.49584,95,239.85
2020-03-16,2020-06-19,251.0,call,24.64,25.68,25.16,23.38,5,80,0.60999,0.50466,95,239.85
2020-03-16,2020-06-19,251.0,put,34.6,34.84,34.72,35.7,1051,2590,0.58072,-0.50121,95,239.85
2020-03-16,2020-06-19,252.0,call,24.13,25.23,24.68,24.27,134,331,0.60999,0.49956,95,239.85
2020-03-16,2020-06-19,252.0,put,35.07,35.32,35.2,38.0,1009,2865,0.58072,-0.50657,95,239.85
2020-03-16,2020-06-19,253.0,call,23.59,24.78,24.19,26.97,530,28,0.60999,0.49448,95,239.85
2020-03-16,2020-06-19,253.0,put,35.27,36.4,35.84,38.48,660,1140,0.58072,-0.5119,95,239.85
2020-03-16,2020-06-19,254.0,call,23.06,24.31,23.68,23.58,257,1041,0.60023,0.48725,95,239.85
2020-03-16,2020-06-19,254.0,put,35.72,37.04,36.38,35.23,911,1924,0.58072,-0.51721,95,239.85
2020-03-16,2020-06-19,255.0,call,22.57,23.8,23.19,21.88,572,1849,0.60023,0.48214,95,239.85
2020-03-16,2020-06-19,255.0,put,36.19,37.58,36.88,39.54,17735,31783,0.57096,-0.52488,95,239.85
2020-03-16,2020-06-19,256.0,call,22.03,23.31,22.67,24.74,276,209,0.60023,0.47705,95,239.85
2020-03-16,2020-06-19,256.0,put,36.67,38.15,37.41,39.3,380,1255,0.57096,-0.53022,95,239.85
2020-03-16,2020-06-19,257.0,call,21.5,22.82,22.16,21.66,190,294,0.59047,0.46952,95,239.85
2020-03-16,2020-06-19,257.0,put,37.13,38.66,37.89,39.0,486,2269,0.57096,-0.53554,95,239.85
2020-03-16,2020-06-19,258.0,call,20.97,22.31,21.64,20.97,50,560,0.59047,0.46439,95,239.85
2020-03-16,2020-06-19,258.0,put,37.63,39.17,38.4,35.44,112,1358,0.56121,-0.54354,95,239.85
2020-03-16,2020-06-19,259.0,call,20.45,21.72,21.09,20.82,473,100,0.59047,0.45929,95,239.85
2020-03-16,2020-06-19,259.0,put,38.12,39.72,38.92,39.22,89,1454,0.56121,-0.54889,95,239.85
2020-03-16,2020-06-19,260.0,call,19.93,21.32,20.62,20.11,2122,3206,0.58072,0.45147,95,239.85
2020-03-16,2020-06-19,260.0,put,38.61,40.23,39.42,40.2,1445,49144,0.56121,-0.55422,95,239.85
2020-03-16,2020-06-19,261.0,call,19.41,20.73,20.07,21.14,809,35,0.58072,0.44634,95,239.85
2020-03-16,2020-06-19,261.0,put,39.11,40.75,39.93,38.95,66,610,0.55145,-0.56253,95,239.85
2020-03-16,2020-06-19,262.0,call,18.89,20.25,19.57,20.56,610,117,0.57096,0.43827,95,239.85
2020-03-16,2020-06-19,262.0,put,39.6,41.28,40.44,39.38,78,989,0.55145,-0.56788,95,239.85
2020-03-16,2020-06-19,263.0,call,18.33,19.76,19.05,20.26,698,176,0.57096,0.43312,95,239.85
2020-03-16,2020-06-19,263.0,put,40.04,41.81,40.92,38.39,191,1496,0.55145,-0.5732,95,239.85
2020-03-16,2020-06-19,264.0,call,17.81,19.29,18.55,18.35,1527,3335,0.57096,0.428,95,239.85
2020-03-16,2020-06-19,264.0,put,40.51,42.34,41.42,38.05,654,6599,0.54169,-0.58184,95,239.85
2020-03-16,2020-06-19,265.0,call,17.33,18.81,18.07,17.7,1801,6714,0.56121,0.41963,95,239.85
2020-03-16,2020-06-19,265.0,put,40.97,42.86,41.91,41.8,2007,32244,0.54169,-0.58718,95,239.85
2020-03-16,2020-06-19,266.0,call,16.86,18.34,17.6,16.41,1046,1331,0.56121,0.41449,95,239.85
2020-03-16,2020-06-19,266.0,put,41.4,43.4,42.4,40.29,148,3123,0.53194,-0.59609,95,239.85
2020-03-16,2020-06-19,267.0,call,16.39,17.87,17.13,19.06,825,1328,0.56121,0.40939,95,239.85
2020-03-16,2020-06-19,267.0,put,41.9,43.92,42.91,43.33,1308,4179,0.53194,-0.60143,95,239.85
2020-03-16,2020-06-19,268.0,call,15.93,17.41,16.67,16.25,974,1081,0.55145,0.40072,95,239.85
2020-03-16,2020-06-19,268.0,put,42.41,44.46,43.44,44.12,594,3133,0.53194,-0.60674,95,239.85
2020-03-16,2020-06-19,269.0,call,15.47,16.95,16.21,15.8,901,824,0.55145,0.39562,95,239.85
2020-03-16,2020-06-19,269.0,put,42.93,45.02,43.98,45.11,1099,2977,0.52218,-0.61596,95,239.85
2020-03-16,2020-06-19,270.0,call,15.01,15.9,15.46,15.56,2997,4357,0.54169,0.3867,95,239.85
2020-03-16,2020-06-19,270.0,put,43.43,45.57,44.5,45.05,1350,40840,0.52218,-0.62127,95,239.85
2020-03-16,2020-06-19,271.0,call,14.56,16.04,15.3,18.12,768,1817,0.54169,0.38159,95,239.85
2020-03-16,2020-06-19,271.0,put,43.95,46.14,45.05,45.36,981,4266,0.51243,-0.63076,95,239.85
2020-03-16,2020-06-19,272.0,call,14.12,15.6,14.86,16.0,460,422,0.54169,0.37652,95,239.85
2020-03-16,2020-06-19,272.0,put,44.43,46.71,45.57,39.72,25,6265,0.51243,-0.63607,95,239.85
2020-03-16,2020-06-19,273.0,call,13.7,15.18,14.44,16.15,247,692,0.53194,0.36732,95,239.85
2020-03-16,2020-06-19,273.0,put,44.98,47.28,46.13,41.88,611,6536,0.51243,-0.64132,95,239.85
2020-03-16,2020-06-19,274.0,call,13.25,14.76,14.0,14.59,677,778,0.53194,0.36226,95,239.85
2020-03-16,2020-06-19,274.0,put,45.54,47.86,46.7,44.4,18,42555,0.50267,-0.65111,95,239.85
2020-03-16,2020-06-19,275.0,call,12.81,14.33,13.57,13.0,828,5468,0.53194,0.35724,95,239.85
2020-03-16,2020-06-19,275.0,put,46.09,48.44,47.27,48.64,364,16249,0.50267,-0.65635,95,239.85
2020-03-16,2020-06-19,276.0,call,12.38,13.9,13.14,13.21,1100,1163,0.52218,0.34778,95,239.85
2020-03-16,2020-06-19,276.0,put,46.66,49.02,47.84,43.2,70,5062,0.49292,-0.66638,95,239.85
2020-03-16,2020-06-19,277.0,call,11.97,13.46,12.71,12.43,73,3269,0.52218,0.34277,95,239.85
2020-03-16,2020-06-19,277.0,put,47.22,49.61,48.41,47.19,956,8918,0.49292,-0.6716,95,239.85
2020-03-16,2020-06-19,278.0,call,11.55,13.04,12.29,15.75,86,975,0.52218,0.33782,95,239.85
2020-03-16,2020-06-19,278.0,put,47.79,50.21,49.0,49.38,1035,9227,0.49292,-0.67676,95,239.85
2020-03-16,2020-06-19,279.0,call,11.14,12.66,11.9,11.51,41,1139,0.51243,0.3281,95,239.85
2020-03-16,2020-06-19,279.0,put,48.38,50.8,49.59,46.49,1054,8660,0.48316,-0.68705,95,239.85
2020-03-16,2020-06-19,280.0,call,10.72,12.25,11.48,12.0,794,12651,0.51243,0.32317,95,239.85
2020-03-16,2020-06-19,280.0,put,49.03,51.41,50.22,51.89,1125,151899,0.48316,-0.69217,95,239.85
2020-03-16,2020-06-19,281.0,call,10.3,11.83,11.07,10.6,137,1340,0.50267,0.31324,95,239.85
2020-03-16,2020-06-19,281.0,put,49.63,52.02,50.83,52.63,320,7785,0.48316,-0.69724,95,239.85
2020-03-16,2020-06-19,282.0,call,9.91,11.44,10.68,10.6,84,1473,0.50267,0.30835,95,239.85
2020-03-16,2020-06-19,282.0,put,50.24,52.63,51.44,47.06,770,8097,0.4734,-0.70777,95,239.85
2020-03-16,2020-06-19,283.0,call,9.52,11.05,10.29,11.41,15,1036,0.50267,0.30351,95,239.85
2020-03-16,2020-06-19,283.0,put,50.84,53.25,52.05,55.0,308,13241,0.4734,-0.71278,95,239.85
2020-03-16,2020-06-19,284.0,call,9.13,10.66,9.89,11.01,12,1648,0.49292,0.29337,95,239.85
2020-03-16,2020-06-19,284.0,put,51.5,53.99,52.75,50.65,6,12645,0.46365,-0.7235,95,239.85
2020-03-16,2020-06-19,285.0,call,8.75,10.28,9.52,9.2,62,22251,0.49292,0.28858,95,239.85
2020-03-16,2020-06-19,285.0,put,52.14,54.43,53.28,49.4,173,53257,0.46365,-0.72845,95,239.85
2020-03-16,2020-06-19,286.0,call,8.37,9.9,9.13,10.35,43,3952,0.48316,0.27825,95,239.85
2020-03-16,2020-06-19,286.0,put,52.8,55.22,54.01,49.47,22,11833,0.46365,-0.73334,95,239.85
2020-03-16,2020-06-19,287.0,call,8.01,9.53,8.77,7.96,189,1114,0.48316,0.27352,95,239.85
2020-03-16,2020-06-19,287.0,put,53.51,55.79,54.65,53.16,1269,9845,0.45389,-0.74423,95,239.85
2020-03-16,2020-06-19,288.0,call,7.64,9.17,8.4,9.12,140,4820,0.4734,0.26303,95,239.85
2020-03-16,2020-06-19,288.0,put,54.23,56.37,55.3,57.0,565,9467,0.45389,-0.74904,95,239.85
2020-03-16,2020-06-19,289.0,call,7.28,8.81,8.04,7.91,168,4369,0.4734,0.25837,95,239.85
2020-03-16,2020-06-19,289.0,put,54.95,56.97,55.96,51.88,560,8272,0.44414,-0.76007,95,239.85
2020-03-16,2020-06-19,290.0,call,6.92,8.46,7.69,7.5,976,22220,0.4734,0.25376,95,239.85
2020-03-16,2020-06-19,290.0,put,55.61,57.57,56.59,58.05,1525,33987,0.44414,-0.76479,95,239.85
2020-03-16,2020-06-19,291.0,call,6.58,8.12,7.35,7.09,48,4687,0.46365,0.24315,95,239.85
2020-03-16,2020-06-19,291.0,put,56.29,58.21,57.25,52.3,517,9852,0.43438,-0.77594,95,239.85
2020-03-16,2020-06-19,292.0,call,6.24,7.79,7.02,6.97,126,2454,0.46365,0.23863,95,239.85
2020-03-16,2020-06-19,292.0,put,56.97,58.98,57.97,61.43,756,9430,0.43438,-0.78055,95,239.85
2020-03-16,2020-06-19,293.0,call,5.93,7.46,6.7,6.88,17,2572,0.45389,0.2279,95,239.85
2020-03-16,2020-06-19,293.0,put,57.65,59.66,58.66,53.97,550,6930,0.43438,-0.78508,95,239.85
2020-03-16,2020-06-19,294.0,call,5.65,7.13,6.39,6.94,9,3276,0.45389,0.22348,95,239.85
2020-03-16,2020-06-19,294.0,put,58.36,60.37,59.36,62.5,556,14208,0.42462,-0.79627,95,239.85
2020-03-16,2020-06-19,295.0,call,5.37,6.82,6.1,5.4,247,8664,0.45389,0.21912,95,239.85
2020-03-16,2020-06-19,295.0,put,59.06,60.87,59.97,64.07,59,16260,0.41487,-0.80756,95,239.85
2020-03-16,2020-06-19,296.0,call,5.11,6.2,5.66,5.13,108,2666,0.44414,0.20835,95,239.85
2020-03-16,2020-06-19,296.0,put,59.99,61.74,60.87,56.35,20,6782,0.41487,-0.8119,95,239.85
2020-03-16,2020-06-19,297.0,call,4.86,6.2,5.53,5.35,12,4687,0.44414,0.2041,95,239.85
2020-03-16,2020-06-19,297.0,put,60.53,62.49,61.51,57.32,6,9655,0.41487,-0.81617,95,239.85
2020-03-16,2020-06-19,298.0,call,4.62,5.88,5.25,5.71,205,2796,0.43438,0.19329,95,239.85
2020-03-16,2020-06-19,298.0,put,61.28,63.16,62.22,58.0,18,7748,0.40511,-0.82738,95,239.85
2020-03-16,2020-06-19,299.0,call,4.39,5.6,4.99,4.32,22,5625,0.43438,0.18917,95,239.85
2020-03-16,2020-06-19,299.0,put,61.97,63.68,62.83,62.95,18,5886,0.39536,-0.83862,95,239.85
2020-03-16,2020-06-19,300.0,call,4.23,5.32,4.78,4.54,1653,22492,0.43438,0.18512,95,239.85
2020-03-16,2020-06-19,300.0,put,62.79,64.4,63.59,67.51,604,43888,0.39536,-0.84263,95,239.85
2020-03-16,2020-06-19,301.0,call,4.03,5.01,4.52,4.0,12,3316,0.42462,0.17438,95,239.85
2020-03-16,2020-06-19,301.0,put,63.69,65.11,64.4,67.8,12,6971,0.39536,-0.84657,95,239.85
2020-03-16,2020-06-19,302.0,call,3.8,4.74,4.27,4.59,27,2897,0.42462,0.17047,95,239.85
2020-03-16,2020-06-19,302.0,put,64.45,66.03,65.24,68.85,12,7689,0.3856,-0.8576,95,239.85
2020-03-16,2020-06-19,303.0,call,3.6,4.47,4.04,4.28,136,1591,0.42462,0.16663,95,239.85
2020-03-16,2020-06-19,303.0,put,65.17,66.62,65.9,62.58,509,6477,0.3856,-0.86135,95,239.85
2020-03-16,2020-06-19,304.0,call,3.4,4.23,3.82,3.52,5,2604,0.41487,0.15603,95,239.85
2020-03-16,2020-06-19,304.0,put,66.06,67.39,66.72,64.97,534,7918,0.37584,-0.87219,95,239.85
2020-03-16,2020-06-19,305.0,call,3.21,4.0,3.6,3.25,417,10833,0.41487,0.15234,95,239.85
2020-03-16,2020-06-19,305.0,put,67.09,68.35,67.72,65.8,425,28964,0.3856,-0.86861,95,239.85
2020-03-16,2020-06-19,306.0,call,3.03,3.78,3.4,3.51,254,5173,0.40511,0.14185,95,239.85
2020-03-16,2020-06-19,306.0,put,67.91,69.17,68.54,68.14,1994,5630,0.37584,-0.87921,95,239.85
2020-03-16,2020-06-19,307.0,call,2.85,3.58,3.21,3.5,111,2269,0.40511,0.13834,95,239.85
2020-03-16,2020-06-19,307.0,put,68.46,70.01,69.23,69.53,1148,35180,0.36609,-0.88966,95,239.85
2020-03-16,2020-06-19,308.0,call,2.67,3.38,3.02,2.87,74,4522,0.40511,0.13489,95,239.85
2020-03-16,2020-06-19,308.0,put,69.28,70.58,69.93,70.31,1126,33112,0.35633,-0.89994,95,239.85
2020-03-16,2020-06-19,309.0,call,2.51,3.1,2.8,2.6,402,3510,0.39536,0.12468,95,239.85
2020-03-16,2020-06-19,309.0,put,70.07,71.58,70.82,71.99,2154,6089,0.35633,-0.90303,95,239.85
2020-03-16,2020-06-19,310.0,call,2.35,3.0,2.67,2.33,727,23966,0.39536,0.12142,95,239.85
2020-03-16,2020-06-19,310.0,put,71.23,72.51,71.87,71.61,724,19804,0.36609,-0.89917,95,239.85
2020-03-16,2020-06-19,311.0,call,2.21,2.8,2.5,2.31,849,5618,0.39536,0.11823,95,239.85
2020-03-16,2020-06-19,311.0,put,71.77,73.38,72.57,72.13,2051,5668,0.35633,-0.90898,95,239.85
2020-03-16,2020-06-19,312.0,call,2.08,2.62,2.35,2.15,1225,6093,0.3856,0.10838,95,239.85
2020-03-16,2020-06-19,312.0,put,72.66,74.23,73.44,69.86,341,8828,0.34658,-0.91854,95,239.85
2020-03-16,2020-06-19,313.0,call,1.95,2.45,2.2,2.0,15,3516,0.3856,0.10538,95,239.85
2020-03-16,2020-06-19,313.0,put,73.44,75.07,74.25,68.68,208,6111,0.33682,-0.92777,95,239.85
2020-03-16,2020-06-19,314.0,call,1.82,2.3,2.06,3.19,12,7327,0.3856,0.10246,95,239.85
2020-03-16,2020-06-19,314.0,put,74.33,75.79,75.06,71.16,528,7499,0.33682,-0.93029,95,239.85
2020-03-16,2020-06-19,315.0,call,1.7,2.16,1.93,1.65,1649,29482,0.37584,0.09305,95,239.85
2020-03-16,2020-06-19,315.0,put,75.54,76.79,76.17,77.32,597,15068,0.34658,-0.92639,95,239.85
2020-03-16,2020-06-19,316.0,call,1.57,2.02,1.79,1.89,107,11831,0.37584,0.09033,95,239.85
2020-03-16,2020-06-19,316.0,put,76.1,77.63,76.86,67.74,4,3032,0.32707,-0.94122,95,239.85
2020-03-16,2020-06-19,317.0,call,1.45,1.91,1.68,1.68,11,14024,0.37584,0.08768,95,239.85
2020-03-16,2020-06-19,317.0,put,77.1,78.53,77.81,71.27,4,2907,0.32707,-0.94341,95,239.85
2020-03-16,2020-06-19,318.0,call,1.33,1.75,1.54,1.56,759,7345,0.36609,0.07879,95,239.85
2020-03-16,2020-06-19,318.0,put,77.81,79.39,78.6,73.38,11,6048,0.30755,-0.95682,95,239.85
2020-03-16,2020-06-19,319.0,call,1.23,1.69,1.46,1.29,396,14337,0.36609,0.07635,95,239.85
2020-03-16,2020-06-19,319.0,put,78.75,80.34,79.55,77.34,11,3589,0.30755,-0.95862,95,239.85
2020-03-16,2020-06-19,320.0,call,1.15,1.58,1.36,1.2,740,44764,0.36609,0.07398,95,239.85
2020-03-16,2020-06-19,320.0,put,79.71,81.23,80.47,80.5,237,19569,0.30755,-0.96036,95,239.85
2020-03-16,2020-06-19,321.0,call,1.04,1.5,1.27,1.02,232,5756,0.36609,0.07166,95,239.85
2020-03-16,2020-06-19,321.0,put,80.63,82.05,81.34,76.36,12,6030,0.28804,-0.97163,95,239.85
2020-03-16,2020-06-19,322.0,call,0.96,1.41,1.19,1.13,25,12393,0.35633,0.06354,95,239.85
2020-03-16,2020-06-19,322.0,put,81.5,82.93,82.22,77.06,1,8371,0.27829,-0.9772,95,239.85
2020-03-16,2020-06-19,323.0,call,0.87,1.33,1.1,1.0,90,0,0.35633,0.06144,95,239.85
2020-03-16,2020-06-19,323.0,put,82.52,83.93,83.22,71.79,0,7725,0.27829,-0.97835,95,239.85
2020-03-16,2020-06-19,324.0,call,0.8,1.25,1.02,1.0,157,2267,0.35633,0.0594,95,239.85
2020-03-16,2020-06-19,324.0,put,83.49,84.86,84.17,78.83,12,4536,0.27829,-0.97946,95,239.85
2020-03-16,2020-06-19,325.0,call,0.79,1.18,0.98,0.92,292,21274,0.35633,0.05743,95,239.85
2020-03-16,2020-06-19,325.0,put,84.29,85.81,85.05,85.58,61,25464,0.24902,-0.9899,95,239.85
2020-03-16,2020-06-19,326.0,call,0.7,1.11,0.91,0.94,118,11962,0.35633,0.05551,95,239.85
2020-03-16,2020-06-19,326.0,put,85.23,86.8,86.02,77.65,10,7485,0.24902,-0.99054,95,239.85
2020-03-16,2020-06-19,327.0,call,0.6,1.05,0.82,0.7,109,4923,0.34658,0.04837,95,239.85
2020-03-16,2020-06-19,327.0,put,86.17,87.69,86.93,90.0,5,5213,0.01488,-1.0,95,239.85
2020-03-16,2020-06-19,328.0,call,0.68,0.99,0.83,0.71,169,0,0.35633,0.05184,95,239.85
2020-03-16,2020-06-19,328.0,put,87.15,88.62,87.89,80.7,11,7073,0.01488,-1.0,95,239.85
2020-03-16,2020-06-19,329.0,call,0.49,0.94,0.71,0.77,103,18895,0.34658,0.045,95,239.85
2020-03-16,2020-06-19,329.0,put,88.05,89.56,88.81,86.29,225,2128,0.01488,-1.0,95,239.85
2020-03-16,2020-06-19,330.0,call,0.56,0.89,0.73,0.74,454,32604,0.34658,0.0434,95,239.85
2020-03-16,2020-06-19,330.0,put,89.01,90.53,89.77,93.0,25,9690,0.01488,-1.0,95,239.85
2020-03-16,2020-06-19,331.0,call,0.39,0.84,0.61,0.49,535,14719,0.33682,0.03715,95,239.85
2020-03-16,2020-06-19,331.0,put,90.12,91.42,90.77,83.04,2,5425,0.01488,-1.0,95,239.85
2020-03-16,2020-06-19,332.0,call,0.35,0.79,0.57,0.25,622,0,0.33682,0.03575,95,239.85
2020-03-16,2020-06-19,332.0,put,91.22,92.33,91.78,89.63,19,6257,0.01488,-1.0,95,239.85
2020-03-16,2020-06-19,333.0,call,0.31,0.75,0.53,0.62,544,8701,0.33682,0.03439,95,239.85
2020-03-16,2020-06-19,333.0,put,91.88,93.3,92.59,84.25,1,5308,0.01488,-1.0,95,239.85
2020-03-16,2020-06-19,334.0,call,0.27,0.71,0.49,0.41,654,11086,0.33682,0.03308,95,239.85
2020-03-16,2020-06-19,334.0,put,92.8,94.49,93.64,84.39,532,6841,0.01488,-1.0,95,239.85
2020-03-16,2020-06-19,335.0,call,0.38,0.68,0.53,0.54,568,37428,0.34658,0.03612,95,239.85
2020-03-16,2020-06-19,335.0,put,93.77,95.37,94.57,94.18,126,20061,0.01488,-1.0,95,239.85
2020-03-16,2020-06-19,336.0,call,0.21,0.65,0.43,0.47,857,0,0.33682,0.0306,95,239.85
2020-03-16,2020-06-19,336.0,put,94.93,96.21,95.57,90.66,40,4503,0.01488,-1.0,95,239.85
2020-03-16,2020-06-19,337.0,call,0.2,0.62,0.41,0.39,1177,10763,0.33682,0.02942,95,239.85
2020-03-16,2020-06-19,337.0,put,95.75,97.29,96.52,93.05,2,5212,0.01488,-1.0,95,239.85
2020-03-16,2020-06-19,338.0,call,0.24,0.6,0.42,0.66,329,5196,0.33682,0.02829,95,239.85
2020-03-16,2020-06-19,338.0,put,96.67,98.01,97.34,99.35,6,4504,0.01488,-1.0,95,239.85
2020-03-16,2020-06-19,339.0,call,0.23,0.45,0.34,0.42,410,7954,0.32707,0.02351,95,239.85
2020-03-16,2020-06-19,339.0,put,97.81,99.15,98.48,91.0,2,629,0.01488,-1.0,95,239.85
2020-03-16,2020-06-19,340.0,call,0.27,0.45,0.36,0.34,441,54228,0.33682,0.02614,95,239.85
2020-03-16,2020-06-19,340.0,put,98.65,100.23,99.44,103.32,56,32340,0.01488,-1.0,95,239.85
2020-03-16,2020-06-19,341.0,call,0.08,0.52,0.3,0.3,52,5352,0.32707,0.02162,95,239.85
2020-03-16,2020-06-19,341.0,put,99.8,100.96,100.38,69.05,0,402,0.01488,-1.0,95,239.85
2020-03-16,2020-06-19,342.0,call,0.06,0.49,0.28,0.32,1525,6649,0.32707,0.02073,95,239.85
2020-03-16,2020-06-19,342.0,put,100.59,102.18,101.39,96.37,6,539,0.01488,-1.0,95,239.85
2020-03-16,2020-06-19,343.0,call,0.22,0.48,0.35,0.15,1127,4825,0.33682,0.02318,95,239.85
2020-03-16,2020-06-19,343.0,put,101.52,103.09,102.31,98.15,1,509,0.01488,-1.0,95,239.85
2020-03-16,2020-06-19,344.0,call,0.05,0.46,0.26,0.28,1047,12605,0.32707,0.01904,95,239.85
2020-03-16,2020-06-19,344.0,put,102.66,104.19,103.42,72.37,0,143,0.01488,-1.0,95,239.85
2020-03-16,2020-06-19,345.0,call,0.01,0.44,0.23,0.28,77,21116,0.32707,0.01825,95,239.85
2020-03-16,2020-06-19,345.0,put,103.56,105.16,104.36,98.9,522,0,0.01488,-1.0,95,239.85
2020-03-16,2020-06-19,346.0,call,0.07,0.43,0.25,0.22,1,5525,0.32707,0.01749,95,239.85
2020-03-16,2020-06-19,346.0,put,104.53,105.89,105.21,53.14,0,548,0.01488,-1.0,95,239.85
2020-03-16,2020-06-19,347.0,put,105.45,107.11,106.28,101.33,543,66,0.01488,-1.0,95,239.85
2020-03-16,2020-06-19,348.0,call,0.2,0.4,0.3,0.2,6,0,0.34658,0.02206,95,239.85
2020-03-16,2020-06-19,348.0,put,106.32,107.87,107.09,96.0,0,21,0.01488,-1.0,95,239.85
2020-03-16,2020-06-19,349.0,call,0.1,0.39,0.24,0.21,25,18216,0.33682,0.01818,95,239.85
2020-03-16,2020-06-19,349.0,put,107.4,109.08,108.24,17.79,0,33,0.01488,-1.0,95,239.85
2020-03-16,2020-06-19,350.0,call,0.16,0.38,0.27,0.2,284,27670,0.33682,0.01745,95,239.85
2020-03-16,2020-06-19,350.0,put,108.34,110.09,109.22,102.19,4,1035,0.01488,-1.0,95,239.85
2020-03-16,2020-06-19,351.0,call,0.1,0.36,0.23,0.17,30,0,0.33682,0.01674,95,239.85
2020-03-16,2020-06-19,351.0,put,109.33,110.85,110.09,99.5,0,2612,0.01488,-1.0,95,239.85
2020-03-16,2020-06-19,352.0,call,0.1,0.35,0.22,0.15,165,0,0.33682,0.01607,95,239.85
2020-03-16,2020-06-19,352.0,put,110.35,111.85,111.1,99.08,0,1961,0.01488,-1.0,95,239.85
2020-03-16,2020-06-19,353.0,call,0.1,0.34,0.22,0.1,140,1313,0.33682,0.01541,95,239.85
2020-03-16,2020-06-19,353.0,put,111.29,112.84,112.06,105.19,0,938,0.01488,-1.0,95,239.85
2020-03-16,2020-06-19,354.0,call,0.12,0.5,0.31,0.3,1,0,0.35633,0.02033,95,239.85
2020-03-16,2020-06-19,354.0,put,112.44,114.04,113.24,104.12,622,2170,0.01488,-1.0,95,239.85
2020-03-16,2020-06-19,355.0,call,0.12,0.22,0.17,0.2,2306,22996,0.32707,0.01183,95,239.85
2020-03-16,2020-06-19,355.0,put,113.62,114.98,114.3,112.16,570,2886,0.01488,-1.0,95,239.85
2020-03-16,2020-06-19,356.0,put,114.41,116.1,115.25,107.54,602,74,0.01488,-1.0,95,239.85
2020-03-16,2020-06-19,357.0,call,0.11,0.19,0.15,0.15,42,5319,0.32707,0.01083,95,239.85
2020-03-16,2020-06-19,357.0,put,115.24,117.03,116.13,107.47,546,27,0.01488,-1.0,95,239.85
2020-03-16,2020-06-19,358.0,put,116.21,117.99,117.1,113.8,569,256,0.01488,-1.0,95,239.85
2020-03-16,2020-06-19,359.0,call,0.01,0.38,0.2,0.38,4,2934,0.34658,0.0143,95,239.85
2020-03-16,2020-06-19,359.0,put,117.22,118.97,118.09,112.98,516,1,0.01488,-1.0,95,239.85
2020-03-16,2020-06-19,360.0,call,0.1,0.2,0.15,0.17,239,21305,0.33682,0.0115,95,239.85
2020-03-16,2020-06-19,360.0,put,118.55,120.14,119.34,113.49,535,3661,0.01488,-1.0,95,239.85
2020-03-16,2020-06-19,361.0,call,0.05,0.48,0.27,0.15,0,3118,0.36609,0.01821,95,239.85
2020-03-16,2020-06-19,361.0,put,119.35,120.81,120.08,24.73,0,14,0.01488,-1.0,95,239.85
2020-03-16,2020-06-19,362.0,call,0.05,0.47,0.26,0.1,19,6436,0.36609,0.01755,95,239.85
2020-03-16,2020-06-19,362.0,put,120.19,121.81,121.0,113.92,410,11,0.01488,-1.0,95,239.85
2020-03-16,2020-06-19,363.0,put,121.53,122.81,122.17,117.12,271,6,0.01488,-1.0,95,239.85
2020-03-16,2020-06-19,364.0,call,0.05,0.46,0.26,0.25,23,3856,0.36609,0.01632,95,239.85
2020-03-16,2020-06-19,364.0,put,122.29,123.8,123.05,28.62,0,38,0.01488,-1.0,95,239.85
2020-03-16,2020-06-19,365.0,call,0.02,0.12,0.07,0.12,2171,14997,0.31731,0.00606,95,239.85
2020-03-16,2020-06-19,365.0,put,123.15,124.8,123.97,116.82,8,283,0.01488,-1.0,95,239.85
2020-03-16,2020-06-19,366.0,call,0.05,0.45,0.25,0.21,1126,1775,0.36609,0.01516,95,239.85
2020-03-16,2020-06-19,366.0,put,124.52,125.82,125.17,106.06,0,2,0.01488,-1.0,95,239.85
2020-03-16,2020-06-19,367.0,put,125.27,126.97,126.12,0.0,0,0,0.01488,-1.0,95,239.85
2020-03-16,2020-06-19,368.0,put,126.48,128.14,127.31,121.31,2,0,0.01488,-1.0,95,239.85
2020-03-16,2020-06-19,369.0,put,127.16,129.11,128.13,0.0,0,0,0.01488,-1.0,95,239.85
2020-03-16,2020-06-19,370.0,put,128.28,129.93,129.11,123.68,352,153,0.01488,-1.0,95,239.85
2020-03-16,2020-06-19,371.0,put,129.14,131.07,130.1,122.11,0,1,0.01488,-1.0,95,239.85
2020-03-16,2020-06-19,375.0,put,132.42,135.63,134.02,102.25,0,43,0.01488,-1.0,95,239.85
2020-03-16,2020-06-19,380.0,put,137.4,140.6,139.0,47.05,0,260,0.01488,-1.0,95,239.85
2020-03-16,2020-06-19,385.0,put,142.39,145.58,143.99,73.42,0,2,0.01488,-1.0,95,239.85
2020-03-16,2020-06-19,390.0,call,0.02,0.12,0.07,0.07,0,3548,0.35633,0.00494,95,239.85
2020-03-16,2020-06-19,390.0,put,147.38,150.56,148.97,98.58,0,22,0.01488,-1.0,95,239.85
2020-03-16,2020-06-19,395.0,call,0.04,0.08,0.06,0.1,103,5039,0.36609,0.00502,95,239.85
2020-03-16,2020-06-19,395.0,put,152.37,155.54,153.95,104.24,0,18,0.01488,-1.0,95,239.85
2020-03-16,2020-06-19,400.0,put,157.36,160.53,158.94,105.85,0,0,0.01488,-1.0,95,239.85
2020-03-16,2020-06-19,405.0,put,162.35,165.51,163.93,0.0,0,0,0.01488,-1.0,95,239.85
2020-03-16,2020-06-19,410.0,call,0.02,0.03,0.03,0.03,53,1680,0.35633,0.00215,95,239.85
2020-03-16,2020-06-19,410.0,put,167.34,170.49,168.92,0.0,0,0,0.01488,-1.0,95,239.85
2020-03-16,2020-06-19,415.0,call,0.03,0.05,0.04,0.05,42,1375,0.37584,0.00289,95,239.85
2020-03-16,2020-06-19,415.0,put,172.33,175.48,173.91,0.0,0,0,0.01488,-1.0,95,239.85
2020-03-16,2020-06-19,420.0,call,0.01,0.07,0.04,0.05,0,1112,0.3856,0.00301,95,239.85
2020-03-16,2020-06-19,420.0,put,177.32,180.46,178.89,132.35,0,55,0.01488,-1.0,95,239.85
2020-03-16,2020-06-19,425.0,call,0.01,0.07,0.04,0.01,0,0,0.39536,0.00315,95,239.85
2020-03-16,2020-06-19,425.0,put,182.31,185.45,183.88,0.0,0,0,0.01488,-1.0,95,239.85
2020-03-16,2020-06-19,430.0,call,0.01,0.06,0.03,0.01,0,7,0.3856,0.00208,95,239.85
2020-03-16,2020-06-19,430.0,put,187.3,190.43,188.87,0.0,0,0,0.01488,-1.0,95,239.85
2020-03-16,2020-06-19,435.0,call,0.01,0.1,0.06,0.0,0,0,0.42462,0.00418,95,239.85
2020-03-16,2020-06-19,435.0,put,192.29,195.42,193.85,0.0,0,0,0.01488,-1.0,95,239.85
2020-03-16,2020-06-19,440.0,call,0.01,0.1,0.06,0.05,0,0,0.42462,0.00358,95,239.85
2020-03-16,2020-06-19,440.0,put,197.28,200.41,198.84,138.26,0,0,0.01488,-1.0,95,239.85
2020-03-16,2020-06-30,185.0,call,66.79,69.83,68.31,0.0,0,0,0.75632,0.80029,106,239.85
2020-03-16,2020-06-30,185.0,put,11.82,12.0,11.91,12.8,1702,833,0.7173,-0.193,106,239.85
2020-03-16,2020-06-30,190.0,call,63.06,66.02,64.54,0.0,0,0,0.73681,0.7844,106,239.85
2020-03-16,2020-06-30,190.0,put,13.08,13.28,13.18,13.9,1205,236,0.70754,-0.21081,106,239.85
2020-03-16,2020-06-30,195.0,call,59.4,62.3,60.85,0.0,0,0,0.72706,0.76612,106,239.85
2020-03-16,2020-06-30,195.0,put,14.41,14.61,14.51,15.0,1128,274,0.69779,-0.22951,106,239.85
2020-03-16,2020-06-30,199.0,call,56.54,59.38,57.96,96.5,0,2,0.7173,0.75117,106,239.85
2020-03-16,2020-06-30,199.0,put,15.56,15.74,15.65,17.05,684,3612,0.68803,-0.24481,106,239.85
2020-03-16,2020-06-30,200.0,call,55.83,58.66,57.24,62.57,27,257,0.7173,0.74704,106,239.85
2020-03-16,2020-06-30,200.0,put,15.85,16.03,15.94,16.25,5655,10419,0.68803,-0.24908,106,239.85
2020-03-16,2020-06-30,205.0,call,52.34,55.11,53.73,58.26,811,130,0.70754,0.72718,106,239.85
2020-03-16,2020-06-30,205.0,put,17.33,17.54,17.43,18.5,778,1738,0.66852,-0.2683,106,239.85
2020-03-16,2020-06-30,210.0,call,48.94,51.65,50.3,92.01,0,390,0.68803,0.7074,106,239.85
2020-03-16,2020-06-30,210.0,put,18.94,19.13,19.04,20.5,498,4853,0.65876,-0.28982,106,239.85
2020-03-16,2020-06-30,215.0,call,45.62,48.28,46.95,51.29,678,6,0.67828,0.6858,106,239.85
2020-03-16,2020-06-30,215.0,put,20.61,20.81,20.71,22.75,117,2445,0.64901,-0.31218,106,239.85
2020-03-16,2020-06-30,220.0,call,42.39,45.01,43.7,46.74,414,21,0.66852,0.66346,106,239.85
2020-03-16,2020-06-30,220.0,put,22.37,22.58,22.48,22.2,624,2815,0.63925,-0.33538,106,239.85
2020-03-16,2020-06-30,225.0,call,39.1,41.67,40.39,43.37,25,111,0.64901,0.64046,106,239.85
2020-03-16,2020-06-30,225.0,put,24.22,24.43,24.32,24.35,507,4801,0.6295,-0.35936,106,239.85
2020-03-16,2020-06-30,230.0,call,36.05,38.59,37.32,41.48,0,616,0.63925,0.61642,106,239.85
2020-03-16,2020-06-30,230.0,put,26.15,26.37,26.26,27.21,336,2843,0.61974,-0.3841,106,239.85
2020-03-16,2020-06-30,231.0,call,35.45,37.98,36.72,0.0,0,0,0.63925,0.6116,106,239.85
2020-03-16,2020-06-30,231.0,put,26.55,26.8,26.68,27.61,113,649,0.61974,-0.38907,106,239.85
2020-03-16,2020-06-30,232.0,call,34.85,37.38,36.12,0.0,0,0,0.6295,0.60636,106,239.85
2020-03-16,2020-06-30,232.0,put,26.92,27.2,27.06,29.63,469,75,0.60999,-0.39443,106,239.85
2020-03-16,2020-06-30,233.0,call,34.25,36.78,35.52,0.0,0,0,0.6295,0.60148,106,239.85
2020-03-16,2020-06-30,233.0,put,27.32,27.61,27.46,25.4,50,4,0.60999,-0.39947,106,239.85
2020-03-16,2020-06-30,234.0,call,33.81,36.33,35.07,34.7,1,0,0.6295,0.5966,106,239.85
2020-03-16,2020-06-30,234.0,put,27.73,28.02,27.88,26.0,501,97,0.60999,-0.40451,106,239.85
2020-03-16,2020-06-30,235.0,call,33.22,35.73,34.47,35.83,55,247,0.6295,0.59172,106,239.85
2020-03-16,2020-06-30,235.0,put,28.17,28.39,28.28,30.23,433,4364,0.60023,-0.41016,106,239.85
2020-03-16,2020-06-30,236.0,call,32.64,35.14,33.89,0.0,0,0,0.6295,0.58685,106,239.85
2020-03-16,2020-06-30,236.0,put,28.56,28.85,28.7,29.36,58,279,0.60023,-0.41527,106,239.85
2020-03-16,2020-06-30,237.0,call,32.06,34.56,33.31,0.0,0,0,0.61974,0.5812,106,239.85
2020-03-16,2020-06-30,237.0,put,28.98,29.27,29.12,25.57,18,72,0.60023,-0.42038,106,239.85
2020-03-16,2020-06-30,238.0,call,31.48,33.98,32.73,30.98,2,0,0.61974,0.57626,106,239.85
2020-03-16,2020-06-30,238.0,put,29.4,29.69,29.55,30.37,76,496,0.60023,-0.42547,106,239.85
2020-03-16,2020-06-30,239.0,call,30.91,33.4,32.16,30.4,2,0,0.61974,0.57134,106,239.85
2020-03-16,2020-06-30,239.0,put,29.82,30.12,29.97,32.6,322,579,0.59047,-0.43151,106,239.85
2020-03-16,2020-06-30,240.0,call,30.34,32.83,31.59,30.0,25,396,0.61974,0.56643,106,239.85
2020-03-16,2020-06-30,240.0,put,30.28,30.46,30.37,31.28,981,4606,0.59047,-0.43667,106,239.85
2020-03-16,2020-06-30,241.0,call,29.78,32.26,31.02,30.61,21,0,0.60999,0.56041,106,239.85
2020-03-16,2020-06-30,241.0,put,30.68,30.98,30.83,30.75,127,502,0.59047,-0.44182,106,239.85
2020-03-16,2020-06-30,242.0,call,29.07,31.54,30.3,29.0,6,0,0.60999,0.55544,106,239.85
2020-03-16,2020-06-30,242.0,put,31.12,31.42,31.27,29.53,99,362,0.59047,-0.44696,106,239.85
2020-03-16,2020-06-30,243.0,call,28.51,30.98,29.75,29.2,1,29,0.60023,0.5492,106,239.85
2020-03-16,2020-06-30,243.0,put,31.56,31.86,31.71,32.64,182,293,0.58072,-0.45339,106,239.85
2020-03-16,2020-06-30,244.0,call,27.96,30.42,29.19,32.99,10,383,0.60023,0.54417,106,239.85
2020-03-16,2020-06-30,244.0,put,32.0,32.31,32.16,33.21,292,442,0.58072,-0.45859,106,239.85
2020-03-16,2020-06-30,245.0,call,27.54,29.88,28.71,30.8,0,878,0.60023,0.53915,106,239.85
2020-03-16,2020-06-30,245.0,put,32.48,32.72,32.6,34.69,344,3197,0.58072,-0.46378,106,239.85
2020-03-16,2020-06-30,246.0,call,27.0,29.33,28.16,28.63,22,276,0.60023,0.53415,106,239.85
2020-03-16,2020-06-30,246.0,put,32.9,33.21,33.05,28.4,53,192,0.58072,-0.46896,106,239.85
2020-03-16,2020-06-30,247.0,call,26.45,28.79,27.62,28.05,4,272,0.59047,0.52753,106,239.85
2020-03-16,2020-06-30,247.0,put,33.36,33.67,33.52,31.16,184,355,0.57096,-0.47578,106,239.85
2020-03-16,2020-06-30,248.0,call,25.91,28.25,27.08,30.92,0,52,0.59047,0.52248,106,239.85
2020-03-16,2020-06-30,248.0,put,33.81,34.12,33.97,35.28,182,338,0.57096,-0.48102,106,239.85
2020-03-16,2020-06-30,249.0,call,25.37,27.71,26.54,30.5,6,568,0.59047,0.51744,106,239.85
2020-03-16,2020-06-30,249.0,put,34.3,34.55,34.42,35.31,53,228,0.57096,-0.48623,106,239.85
2020-03-16,2020-06-30,250.0,call,24.84,27.18,26.01,25.02,116,821,0.59047,0.51242,106,239.85
2020-03-16,2020-06-30,250.0,put,34.77,35.01,34.89,36.72,1035,6919,0.56121,-0.49339,106,239.85
2020-03-16,2020-06-30,251.0,call,24.31,26.65,25.48,29.04,3,637,0.58072,0.50542,106,239.85
2020-03-16,2020-06-30,251.0,put,35.24,35.49,35.37,36.49,229,359,0.56121,-0.49866,106,239.85
2020-03-16,2020-06-30,252.0,call,23.79,26.12,24.95,24.94,14,69,0.58072,0.50036,106,239.85
2020-03-16,2020-06-30,252.0,put,35.72,35.96,35.84,36.6,457,333,0.56121,-0.5039,106,239.85
2020-03-16,2020-06-30,253.0,call,23.27,25.6,24.44,23.5,1,59,0.58072,0.49531,106,239.85
2020-03-16,2020-06-30,253.0,put,34.94,37.86,36.4,37.08,334,193,0.56121,-0.50912,106,239.85
2020-03-16,2020-06-30,254.0,call,22.75,25.08,23.91,26.04,1,284,0.57096,0.488,106,239.85
2020-03-16,2020-06-30,254.0,put,35.42,38.36,36.89,36.94,111,318,0.55145,-0.51669,106,239.85
2020-03-16,2020-06-30,255.0,call,22.23,24.57,23.4,24.96,59,404,0.57096,0.48291,106,239.85
2020-03-16,2020-06-30,255.0,put,35.9,38.86,37.38,38.25,616,7802,0.55145,-0.52196,106,239.85
2020-03-16,2020-06-30,256.0,call,21.72,24.06,22.89,21.56,23,595,0.57096,0.47784,106,239.85
2020-03-16,2020-06-30,256.0,put,36.38,39.36,37.87,36.3,177,1078,0.55145,-0.52721,106,239.85
2020-03-16,2020-06-30,257.0,call,21.22,23.55,22.38,26.22,2,555,0.57096,0.47279,106,239.85
2020-03-16,2020-06-30,257.0,put,36.86,39.87,38.36,34.64,138,1060,0.55145,-0.53242,106,239.85
2020-03-16,2020-06-30,258.0,call,20.71,23.05,21.88,24.15,0,6,0.56121,0.46511,106,239.85
2020-03-16,2020-06-30,258.0,put,37.35,40.38,38.87,35.0,122,687,0.54169,-0.5404,106,239.85
2020-03-16,2020-06-30,259.0,call,20.21,22.55,21.38,25.14,0,24,0.56121,0.46002,106,239.85
2020-03-16,2020-06-30,259.0,put,37.84,40.89,39.37,35.22,115,678,0.54169,-0.54565,106,239.85
2020-03-16,2020-06-30,260.0,call,19.71,22.06,20.88,22.0,40,158,0.56121,0.45497,106,239.85
2020-03-16,2020-06-30,260.0,put,38.45,41.41,39.93,40.93,172,2765,0.54169,-0.55088,106,239.85
2020-03-16,2020-06-30,261.0,call,19.22,21.56,20.39,23.11,2,5,0.55145,0.44696,106,239.85
2020-03-16,2020-06-30,261.0,put,38.83,41.93,40.38,40.99,349,294,0.53194,-0.5592,106,239.85
2020-03-16,2020-06-30,262.0,call,18.73,21.08,19.91,22.83,0,6,0.55145,0.44188,106,239.85
2020-03-16,2020-06-30,262.0,put,39.33,42.45,40.89,35.29,64,170,0.53194,-0.56446,106,239.85
2020-03-16,2020-06-30,263.0,call,18.24,20.59,19.41,27.0,0,1,0.55145,0.43683,106,239.85
2020-03-16,2020-06-30,263.0,put,39.84,42.98,41.41,41.56,111,91,0.53194,-0.56968,106,239.85
2020-03-16,2020-06-30,264.0,call,17.79,20.15,18.97,22.0,2,54,0.54169,0.4285,106,239.85
2020-03-16,2020-06-30,264.0,put,40.49,43.52,42.01,42.0,16,987,0.53194,-0.57488,106,239.85
2020-03-16,2020-06-30,265.0,call,17.31,19.67,18.49,18.27,32,107,0.54169,0.42342,106,239.85
2020-03-16,2020-06-30,265.0,put,41.01,44.06,42.53,45.03,191,2616,0.52218,-0.58358,106,239.85
2020-03-16,2020-06-30,266.0,call,16.84,19.2,18.02,19.39,1,183,0.54169,0.41838,106,239.85
2020-03-16,2020-06-30,266.0,put,41.55,44.6,43.08,35.32,4,2085,0.52218,-0.5888,106,239.85
2020-03-16,2020-06-30,267.0,call,16.37,18.73,17.55,22.6,2,501,0.53194,0.40974,106,239.85
2020-03-16,2020-06-30,267.0,put,42.07,45.14,43.61,40.75,18,1237,0.52218,-0.59398,106,239.85
2020-03-16,2020-06-30,268.0,call,15.9,18.27,17.09,30.47,0,353,0.53194,0.40468,106,239.85
2020-03-16,2020-06-30,268.0,put,42.6,45.69,44.14,25.17,0,770,0.51243,-0.60302,106,239.85
2020-03-16,2020-06-30,269.0,call,15.44,17.81,16.62,18.02,4,345,0.53194,0.39965,106,239.85
2020-03-16,2020-06-30,269.0,put,43.13,46.25,44.69,47.69,711,512,0.51243,-0.60821,106,239.85
2020-03-16,2020-06-30,270.0,call,14.98,17.36,16.17,15.84,94,351,0.52218,0.3907,106,239.85
2020-03-16,2020-06-30,270.0,put,43.66,46.81,45.23,48.0,202,4133,0.51243,-0.61336,106,239.85
2020-03-16,2020-06-30,271.0,call,14.53,16.91,15.72,17.0,1,437,0.52218,0.38567,106,239.85
2020-03-16,2020-06-30,271.0,put,44.19,47.0,45.59,48.91,11,1927,0.50267,-0.62272,106,239.85
2020-03-16,2020-06-30,272.0,call,14.07,16.46,15.27,15.14,41,0,0.52218,0.38067,106,239.85
2020-03-16,2020-06-30,272.0,put,44.73,47.94,46.33,46.26,16,2419,0.50267,-0.62788,106,239.85
2020-03-16,2020-06-30,273.0,call,13.62,16.02,14.82,15.52,5,192,0.51243,0.37142,106,239.85
2020-03-16,2020-06-30,273.0,put,45.28,48.51,46.89,41.24,10,763,0.49292,-0.63751,106,239.85
2020-03-16,2020-06-30,274.0,call,13.18,15.58,14.38,15.33,10,117,0.51243,0.36642,106,239.85
2020-03-16,2020-06-30,274.0,put,45.82,49.09,47.45,48.0,2,1884,0.49292,-0.64266,106,239.85
2020-03-16,2020-06-30,275.0,call,12.74,15.15,13.95,13.0,2061,2272,0.51243,0.36147,106,239.85
2020-03-16,2020-06-30,275.0,put,46.38,49.5,47.94,51.28,60,25823,0.49292,-0.64776,106,239.85
2020-03-16,2020-06-30,276.0,call,12.31,14.73,13.52,14.22,261,488,0.50267,0.35193,106,239.85
2020-03-16,2020-06-30,276.0,put,46.94,50.26,48.6,46.22,7,703,0.48316,-0.6577,106,239.85
2020-03-16,2020-06-30,277.0,call,11.88,14.3,13.09,14.0,1,202,0.50267,0.34698,106,239.85
2020-03-16,2020-06-30,277.0,put,47.5,50.85,49.17,50.14,8,2038,0.48316,-0.66279,106,239.85
2020-03-16,2020-06-30,278.0,call,11.46,13.89,12.68,12.55,15,1205,0.50267,0.34209,106,239.85
2020-03-16,2020-06-30,278.0,put,48.07,51.45,49.76,50.0,13,802,0.48316,-0.66783,106,239.85
2020-03-16,2020-06-30,279.0,call,11.04,13.47,12.25,12.12,10,1349,0.49292,0.33227,106,239.85
2020-03-16,2020-06-30,279.0,put,48.65,51.99,50.32,51.22,2,1373,0.4734,-0.67805,106,239.85
2020-03-16,2020-06-30,280.0,call,10.62,13.06,11.84,12.08,154,562,0.49292,0.32739,106,239.85
2020-03-16,2020-06-30,280.0,put,49.23,52.6,50.91,50.82,52,2488,0.4734,-0.68306,106,239.85
2020-03-16,2020-06-30,281.0,call,10.21,12.66,11.44,11.32,511,842,0.48316,0.31734,106,239.85
2020-03-16,2020-06-30,281.0,put,49.82,53.21,51.52,47.75,18,1286,0.46365,-0.69353,106,239.85
2020-03-16,2020-06-30,282.0,call,9.8,12.27,11.04,10.13,1719,487,0.48316,0.31249,106,239.85
2020-03-16,2020-06-30,282.0,put,50.41,53.82,52.11,50.0,9,2003,0.46365,-0.6985,106,239.85
2020-03-16,2020-06-30,283.0,call,9.4,11.87,10.63,10.57,151,708,0.48316,0.3077,106,239.85
2020-03-16,2020-06-30,283.0,put,51.02,54.41,52.72,44.92,0,797,0.46365,-0.70342,106,239.85
2020-03-16,2020-06-30,284.0,call,9.01,11.49,10.25,10.18,113,1931,0.4734,0.2974,106,239.85
2020-03-16,2020-06-30,284.0,put,51.63,55.02,53.33,56.9,8,827,0.45389,-0.71413,106,239.85
2020-03-16,2020-06-30,285.0,call,8.67,11.11,9.89,9.7,4,2176,0.4734,0.29265,106,239.85
2020-03-16,2020-06-30,285.0,put,52.24,55.63,53.94,53.11,49,1778,0.45389,-0.719,106,239.85
2020-03-16,2020-06-30,286.0,call,8.23,10.73,9.48,13.9,0,784,0.46365,0.28215,106,239.85
2020-03-16,2020-06-30,286.0,put,52.87,56.26,54.56,48.15,0,1002,0.44414,-0.72991,106,239.85
2020-03-16,2020-06-30,287.0,call,7.86,10.36,9.11,10.1,20,2057,0.46365,0.27745,106,239.85
2020-03-16,2020-06-30,287.0,put,53.49,56.88,55.19,51.0,10,906,0.44414,-0.73471,106,239.85
2020-03-16,2020-06-30,288.0,call,7.48,10.0,8.74,10.46,0,706,0.46365,0.2728,106,239.85
2020-03-16,2020-06-30,288.0,put,54.13,57.52,55.83,52.49,241,528,0.44414,-0.73945,106,239.85
2020-03-16,2020-06-30,289.0,call,7.12,9.64,8.38,15.07,0,464,0.45389,0.26211,106,239.85
2020-03-16,2020-06-30,289.0,put,54.77,58.16,56.47,55.0,510,341,0.43438,-0.75054,106,239.85
2020-03-16,2020-06-30,290.0,call,6.76,9.29,8.02,7.5,163,1677,0.45389,0.25754,106,239.85
2020-03-16,2020-06-30,290.0,put,55.42,58.81,57.12,56.16,662,2159,0.43438,-0.7552,106,239.85
2020-03-16,2020-06-30,291.0,call,6.4,8.94,7.67,9.12,0,716,0.44414,0.24668,106,239.85
2020-03-16,2020-06-30,291.0,put,56.08,59.49,57.78,53.27,514,873,0.42462,-0.76645,106,239.85
2020-03-16,2020-06-30,292.0,call,6.06,8.61,7.33,6.17,1,381,0.44414,0.24218,106,239.85
2020-03-16,2020-06-30,292.0,put,56.75,60.15,58.45,53.57,565,1397,0.42462,-0.77101,106,239.85
2020-03-16,2020-06-30,293.0,call,5.72,8.28,7.0,9.52,1,709,0.44414,0.23774,106,239.85
2020-03-16,2020-06-30,293.0,put,57.42,60.83,59.12,59.94,3,527,0.41487,-0.78238,106,239.85
2020-03-16,2020-06-30,294.0,call,5.39,7.95,6.67,4.98,5,372,0.43438,0.22679,106,239.85
2020-03-16,2020-06-30,294.0,put,58.11,61.52,59.81,60.6,205,644,0.41487,-0.78683,106,239.85
2020-03-16,2020-06-30,295.0,call,5.1,7.66,6.38,7.15,9,1930,0.43438,0.22244,106,239.85
2020-03-16,2020-06-30,295.0,put,58.8,62.21,60.5,54.91,509,7343,0.41487,-0.79122,106,239.85
2020-03-16,2020-06-30,296.0,call,4.78,7.35,6.06,6.52,0,1373,0.42462,0.21138,106,239.85
2020-03-16,2020-06-30,296.0,put,59.5,62.91,61.2,59.91,525,854,0.40511,-0.80262,106,239.85
2020-03-16,2020-06-30,297.0,call,4.48,7.05,5.77,6.97,6,0,0.42462,0.20714,106,239.85
2020-03-16,2020-06-30,297.0,put,60.21,63.62,61.91,57.61,53,2237,0.40511,-0.80688,106,239.85
2020-03-16,2020-06-30,298.0,call,4.18,6.75,5.46,5.45,1,361,0.42462,0.20297,106,239.85
2020-03-16,2020-06-30,298.0,put,60.93,64.34,62.64,58.61,3,718,0.39536,-0.81831,106,239.85
2020-03-16,2020-06-30,299.0,call,3.89,6.47,5.18,5.8,0,2647,0.41487,0.1919,106,239.85
2020-03-16,2020-06-30,299.0,put,61.66,65.07,63.36,66.07,36,1402,0.39536,-0.82243,106,239.85
2020-03-16,2020-06-30,300.0,call,3.61,6.19,4.9,4.25,367,1782,0.41487,0.18785,106,239.85
2020-03-16,2020-06-30,300.0,put,62.4,65.81,64.11,66.92,570,5606,0.39536,-0.82648,106,239.85
2020-03-16,2020-06-30,301.0,call,3.34,5.91,4.62,6.75,9,2181,0.40511,0.17677,106,239.85
2020-03-16,2020-06-30,301.0,put,63.15,66.56,64.86,60.37,40,936,0.3856,-0.8378,106,239.85
2020-03-16,2020-06-30,302.0,call,3.08,5.65,4.37,5.0,2,479,0.40511,0.17286,106,239.85
2020-03-16,2020-06-30,302.0,put,63.91,67.32,65.61,63.0,45,1068,0.3856,-0.84169,106,239.85
2020-03-16,2020-06-30,303.0,call,2.83,5.39,4.11,5.69,34,273,0.39536,0.16181,106,239.85
2020-03-16,2020-06-30,303.0,put,64.68,68.09,66.39,58.91,0,779,0.37584,-0.85293,106,239.85
2020-03-16,2020-06-30,304.0,call,2.6,5.14,3.87,3.69,11,718,0.39536,0.15805,106,239.85
2020-03-16,2020-06-30,304.0,put,65.46,68.87,67.16,61.0,16,682,0.37584,-0.85664,106,239.85
2020-03-16,2020-06-30,305.0,call,2.5,4.9,3.7,4.54,42,1841,0.39536,0.15436,106,239.85
2020-03-16,2020-06-30,305.0,put,66.23,69.64,67.94,66.48,9,5236,0.36609,-0.86773,106,239.85
2020-03-16,2020-06-30,306.0,call,2.16,4.66,3.41,4.47,1,0,0.3856,0.14349,106,239.85
2020-03-16,2020-06-30,306.0,put,67.03,70.44,68.73,67.04,14,470,0.36609,-0.87125,106,239.85
2020-03-16,2020-06-30,307.0,call,1.96,4.44,3.2,3.4,3,979,0.3856,0.13997,106,239.85
2020-03-16,2020-06-30,307.0,put,67.83,71.24,69.53,70.0,1,1195,0.36609,-0.87469,106,239.85
2020-03-16,2020-06-30,308.0,call,1.77,4.23,3.0,2.9,15,914,0.37584,0.12926,106,239.85
2020-03-16,2020-06-30,308.0,put,68.65,72.06,70.36,58.0,0,2640,0.35633,-0.88543,106,239.85
2020-03-16,2020-06-30,309.0,call,1.59,4.02,2.8,3.69,1,1627,0.37584,0.12592,106,239.85
2020-03-16,2020-06-30,309.0,put,69.47,72.88,71.17,74.87,723,891,0.35633,-0.88866,106,239.85
2020-03-16,2020-06-30,310.0,call,2.41,3.6,3.0,2.49,140,2143,0.3856,0.12982,106,239.85
2020-03-16,2020-06-30,310.0,put,70.3,73.71,72.0,72.69,112,2774,0.34658,-0.89909,106,239.85
2020-03-16,2020-06-30,311.0,call,1.26,3.63,2.44,2.2,0,669,0.36609,0.11229,106,239.85
2020-03-16,2020-06-30,311.0,put,71.13,74.54,72.84,68.23,28,917,0.34658,-0.9021,106,239.85
2020-03-16,2020-06-30,312.0,call,1.11,3.43,2.27,2.02,0,613,0.36609,0.10921,106,239.85
2020-03-16,2020-06-30,312.0,put,71.97,75.38,73.67,73.41,14,1092,0.34658,-0.90504,106,239.85
2020-03-16,2020-06-30,313.0,call,0.99,3.27,2.13,2.2,3,559,0.36609,0.10621,106,239.85
2020-03-16,2020-06-30,313.0,put,72.83,76.24,74.53,68.48,35,1200,0.33682,-0.91493,106,239.85
2020-03-16,2020-06-30,314.0,call,1.2,3.1,2.15,2.25,0,1528,0.36609,0.10327,106,239.85
2020-03-16,2020-06-30,314.0,put,73.69,77.1,75.39,60.97,0,961,0.33682,-0.91763,106,239.85
2020-03-16,2020-06-30,315.0,call,1.6,2.94,2.27,2.31,61,3233,0.37584,0.10733,106,239.85
2020-03-16,2020-06-30,315.0,put,74.56,77.97,76.27,80.0,4,1880,0.32707,-0.92705,106,239.85
2020-03-16,2020-06-30,316.0,call,0.66,2.79,1.73,1.6,1,1047,0.35633,0.09076,106,239.85
2020-03-16,2020-06-30,316.0,put,75.44,78.85,77.14,71.0,330,1475,0.32707,-0.92951,106,239.85
2020-03-16,2020-06-30,317.0,call,0.59,1.85,1.22,1.6,1,0,0.32707,0.06811,106,239.85
2020-03-16,2020-06-30,317.0,put,76.32,79.73,78.03,66.22,21,4803,0.32707,-0.93189,106,239.85
2020-03-16,2020-06-30,318.0,call,1.08,2.51,1.79,1.7,0,584,0.36609,0.09221,106,239.85
2020-03-16,2020-06-30,318.0,put,77.19,80.6,78.89,72.2,0,1288,0.31731,-0.94058,106,239.85
2020-03-16,2020-06-30,319.0,call,0.49,2.38,1.44,2.03,2,1743,0.34658,0.07641,106,239.85
2020-03-16,2020-06-30,319.0,put,78.1,81.51,79.81,80.0,11,1261,0.31731,-0.94272,106,239.85
2020-03-16,2020-06-30,320.0,call,1.1,1.55,1.33,1.39,117,3085,0.34658,0.07404,106,239.85
2020-03-16,2020-06-30,320.0,put,78.99,82.4,80.69,73.16,2,1310,0.30755,-0.95076,106,239.85
2020-03-16,2020-06-30,321.0,call,0.5,2.14,1.32,1.84,3,509,0.34658,0.07172,106,239.85
2020-03-16,2020-06-30,321.0,put,79.9,83.31,81.61,76.15,2,2082,0.30755,-0.95265,106,239.85
2020-03-16,2020-06-30,322.0,call,0.37,2.04,1.21,1.35,2,774,0.34658,0.06947,106,239.85
2020-03-16,2020-06-30,322.0,put,80.81,84.22,82.52,75.86,3,341,0.2978,-0.95999,106,239.85
2020-03-16,2020-06-30,323.0,call,0.34,1.94,1.14,1.12,100,3769,0.33682,0.06117,106,239.85
2020-03-16,2020-06-30,323.0,put,81.73,85.14,83.44,77.27,12,1238,0.2978,-0.96163,106,239.85
2020-03-16,2020-06-30,324.0,call,0.63,1.84,1.24,1.1,2,2120,0.34658,0.06515,106,239.85
2020-03-16,2020-06-30,324.0,put,82.65,86.06,84.36,79.13,4,304,0.28804,-0.96821,106,239.85
2020-03-16,2020-06-30,325.0,call,0.78,1.76,1.27,0.82,206,15859,0.35633,0.06913,106,239.85
2020-03-16,2020-06-30,325.0,put,83.57,86.98,85.28,73.0,21,871,0.27829,-0.97417,106,239.85
2020-03-16,2020-06-30,326.0,call,0.51,1.65,1.08,1.04,36,1819,0.34658,0.06107,106,239.85
2020-03-16,2020-06-30,326.0,put,84.5,87.91,86.2,68.54,0,423,0.27829,-0.97538,106,239.85
2020-03-16,2020-06-30,327.0,call,0.21,1.6,0.91,0.0,9,942,0.33682,0.05339,106,239.85
2020-03-16,2020-06-30,327.0,put,85.44,88.85,87.14,69.46,0,689,0.26853,-0.98051,106,239.85
2020-03-16,2020-06-30,328.0,call,0.19,1.53,0.86,1.3,24,1354,0.33682,0.05159,106,239.85
2020-03-16,2020-06-30,328.0,put,86.38,89.79,88.09,83.32,2,606,0.25877,-0.98498,106,239.85
2020-03-16,2020-06-30,329.0,call,0.5,1.4,0.95,0.96,2,137,0.34658,0.05537,106,239.85
2020-03-16,2020-06-30,329.0,put,87.33,90.74,89.03,73.84,0,621,0.24902,-0.98877,106,239.85
2020-03-16,2020-06-30,330.0,call,0.63,0.87,0.75,0.91,65,4229,0.32707,0.04289,106,239.85
2020-03-16,2020-06-30,330.0,put,88.27,91.68,89.97,86.91,36,2009,0.22951,-0.994,106,239.85
2020-03-16,2020-06-30,331.0,call,0.11,1.35,0.73,0.6,0,1088,0.33682,0.0465,106,239.85
2020-03-16,2020-06-30,331.0,put,89.22,92.63,90.92,74.85,0,773,0.20024,-0.99827,106,239.85
2020-03-16,2020-06-30,332.0,call,0.09,1.3,0.7,1.54,0,0,0.33682,0.0449,106,239.85
2020-03-16,2020-06-30,332.0,put,90.18,93.59,91.89,89.87,1,425,0.01488,-1.0,106,239.85
2020-03-16,2020-06-30,333.0,call,0.08,1.25,0.67,0.71,9,860,0.33682,0.04336,106,239.85
2020-03-16,2020-06-30,333.0,put,91.13,94.54,92.84,76.2,0,483,0.01488,-1.0,106,239.85
2020-03-16,2020-06-30,334.0,call,0.4,0.8,0.6,0.98,11,356,0.32707,0.03701,106,239.85
2020-03-16,2020-06-30,334.0,put,92.09,95.5,93.8,86.24,1,0,0.01488,-1.0,106,239.85
2020-03-16,2020-06-30,335.0,call,0.37,0.9,0.64,0.63,26,5730,0.33682,0.04041,106,239.85
2020-03-16,2020-06-30,335.0,put,93.05,96.46,94.75,80.0,0,1861,0.01488,-1.0,106,239.85
2020-03-16,2020-06-30,336.0,call,0.1,1.13,0.61,0.5,8,0,0.33682,0.039,106,239.85
2020-03-16,2020-06-30,336.0,put,94.01,97.42,95.72,87.62,0,2071,0.01488,-1.0,106,239.85
2020-03-16,2020-06-30,337.0,call,0.4,1.1,0.75,0.6,10,3187,0.34658,0.0424,106,239.85
2020-03-16,2020-06-30,337.0,put,94.98,98.39,96.69,94.44,2,1476,0.01488,-1.0,106,239.85
2020-03-16,2020-06-30,338.0,put,95.95,99.36,97.66,82.56,0,2587,0.01488,-1.0,106,239.85
2020-03-16,2020-06-30,339.0,call,0.15,1.01,0.58,0.33,0,947,0.33682,0.03504,106,239.85
2020-03-16,2020-06-30,339.0,put,96.92,100.33,98.62,47.66,0,2001,0.01488,-1.0,106,239.85
2020-03-16,2020-06-30,340.0,call,0.41,0.67,0.54,0.53,338,20674,0.33682,0.0338,106,239.85
2020-03-16,2020-06-30,340.0,put,97.89,101.3,99.59,101.18,2,2913,0.01488,-1.0,106,239.85
2020-03-16,2020-06-30,341.0,put,98.87,102.28,100.58,23.0,0,101,0.01488,-1.0,106,239.85
2020-03-16,2020-06-30,342.0,put,99.84,103.27,101.56,30.43,0,77,0.01488,-1.0,106,239.85
2020-03-16,2020-06-30,343.0,put,100.82,104.23,102.53,22.62,0,816,0.01488,-1.0,106,239.85
2020-03-16,2020-06-30,344.0,put,101.79,105.2,103.5,14.15,0,985,0.01488,-1.0,106,239.85
2020-03-16,2020-06-30,345.0,call,0.2,0.8,0.5,0.32,7,2973,0.34658,0.03222,106,239.85
2020-03-16,2020-06-30,345.0,put,102.77,106.18,104.47,88.59,0,1136,0.01488,-1.0,106,239.85
2020-03-16,2020-06-30,346.0,put,103.75,107.16,105.45,14.02,0,671,0.01488,-1.0,106,239.85
2020-03-16,2020-06-30,347.0,put,104.73,108.14,106.44,14.55,0,603,0.01488,-1.0,106,239.85
2020-03-16,2020-06-30,348.0,put,105.72,109.13,107.42,18.28,0,650,0.01488,-1.0,106,239.85
2020-03-16,2020-06-30,349.0,put,106.7,110.11,108.41,16.35,0,257,0.01488,-1.0,106,239.85
2020-03-16,2020-06-30,350.0,call,0.15,0.3,0.22,0.28,90,4764,0.31731,0.01699,106,239.85
2020-03-16,2020-06-30,350.0,put,107.69,111.1,109.39,102.92,0,719,0.01488,-1.0,106,239.85
2020-03-16,2020-06-30,351.0,put,108.67,112.08,110.38,20.26,0,6,0.01488,-1.0,106,239.85
2020-03-16,2020-06-30,352.0,put,109.66,113.07,111.36,0.0,0,0,0.01488,-1.0,106,239.85
2020-03-16,2020-06-30,353.0,put,110.65,114.06,112.36,19.46,0,4,0.01488,-1.0,106,239.85
2020-03-16,2020-06-30,354.0,put,111.63,115.04,113.34,28.61,0,1,0.01488,-1.0,106,239.85
2020-03-16,2020-06-30,355.0,put,112.63,116.04,114.34,109.4,1,21,0.01488,-1.0,106,239.85
2020-03-16,2020-06-30,356.0,put,113.61,117.02,115.31,0.0,0,0,0.01488,-1.0,106,239.85
2020-03-16,2020-06-30,357.0,put,114.6,118.01,116.31,54.23,0,264,0.01488,-1.0,106,239.85
2020-03-16,2020-06-30,358.0,put,115.59,119.0,117.3,37.05,0,1,0.01488,-1.0,106,239.85
2020-03-16,2020-06-30,359.0,put,116.59,120.0,118.3,38.23,0,248,0.01488,-1.0,106,239.85
2020-03-16,2020-06-30,360.0,call,0.05,0.22,0.14,0.27,82,3283,0.31731,0.01115,106,239.85
2020-03-16,2020-06-30,360.0,put,117.58,120.99,119.28,84.5,0,24,0.01488,-1.0,106,239.85
2020-03-16,2020-06-30,361.0,put,118.57,121.98,120.28,37.32,0,6,0.01488,-1.0,106,239.85
2020-03-16,2020-06-30,362.0,put,119.56,122.97,121.27,38.3,0,6,0.01488,-1.0,106,239.85
2020-03-16,2020-06-30,363.0,put,120.55,123.96,122.25,0.0,0,0,0.01488,-1.0,106,239.85
2020-03-16,2020-06-30,364.0,put,121.54,124.95,123.25,108.6,0,2,0.01488,-1.0,106,239.85
2020-03-16,2020-06-30,365.0,put,122.54,125.95,124.25,42.04,0,1,0.01488,-1.0,106,239.85
2020-03-16,2020-06-30,366.0,put,123.53,126.94,125.23,0.0,0,0,0.01488,-1.0,106,239.85
2020-03-16,2020-06-30,367.0,put,124.53,127.94,126.23,0.0,0,0,0.01488,-1.0,106,239.85
2020-03-16,2020-06-30,368.0,put,125.52,128.93,127.22,60.88,0,10,0.01488,-1.0,106,239.85
2020-03-16,2020-06-30,369.0,put,126.52,129.93,128.22,0.0,0,0,0.01488,-1.0,106,239.85
2020-03-16,2020-06-30,370.0,call,0.05,0.5,0.28,0.21,66,1784,0.36609,0.01809,106,239.85
2020-03-16,2020-06-30,370.0,put,127.51,130.92,129.22,54.4,0,0,0.01488,-1.0,106,239.85
2020-03-16,2020-06-30,371.0,put,128.51,131.92,130.21,117.36,0,1,0.01488,-1.0,106,239.85
2020-03-16,2020-06-30,375.0,call,0.07,0.13,0.1,0.1,0,1060,0.32707,0.00728,106,239.85
2020-03-16,2020-06-30,375.0,put,132.49,135.9,134.19,120.07,0,4,0.01488,-1.0,106,239.85
2020-03-16,2020-06-30,380.0,call,0.1,0.13,0.12,0.1,9,616,0.34658,0.00898,106,239.85
2020-03-16,2020-06-30,380.0,put,137.47,140.88,139.18,0.0,0,0,0.01488,-1.0,106,239.85
2020-03-16,2020-06-30,385.0,put,142.46,145.87,144.17,0.0,0,0,0.01488,-1.0,106,239.85
2020-03-16,2020-06-30,390.0,put,147.44,150.85,149.14,0.0,0,0,0.01488,-1.0,106,239.85
2020-03-16,2020-06-30,395.0,call,0.01,0.11,0.06,0.05,154,2829,0.34658,0.00503,106,239.85
2020-03-16,2020-06-30,395.0,put,152.43,155.84,154.13,141.28,0,5,0.01488,-1.0,106,239.85
2020-03-16,2020-07-17,70.0,call,171.26,175.31,173.28,0.0,0,0,1.45875,0.96986,123,239.85
2020-03-16,2020-07-17,70.0,put,0.28,0.33,0.31,0.32,21246,42935,0.95144,-0.00608,123,239.85
2020-03-16,2020-07-17,80.0,call,161.26,165.3,163.28,0.0,0,0,1.31241,0.96587,123,239.85
2020-03-16,2020-07-17,80.0,put,0.45,0.52,0.48,0.5,11358,12297,0.91242,-0.00966,123,239.85
2020-03-16,2020-07-17,90.0,call,151.27,155.32,153.3,0.0,0,0,1.18558,0.9616,123,239.85
2020-03-16,2020-07-17,90.0,put,0.72,0.79,0.76,0.79,1063,3377,0.88315,-0.01501,123,239.85
2020-03-16,2020-07-17,100.0,call,141.28,145.35,143.31,0.0,0,0,1.06851,0.95746,123,239.85
2020-03-16,2020-07-17,100.0,put,1.15,1.18,1.17,1.22,4262,11443,0.85388,-0.02198,123,239.85
2020-03-16,2020-07-17,110.0,call,131.47,135.53,133.5,0.0,0,0,0.98071,0.95108,123,239.85
2020-03-16,2020-07-17,110.0,put,1.61,1.69,1.65,1.68,1571,1680,0.82461,-0.03077,123,239.85
2020-03-16,2020-07-17,120.0,call,122.03,125.95,123.99,0.0,0,0,0.92217,0.94096,123,239.85
2020-03-16,2020-07-17,120.0,put,2.29,2.37,2.33,2.6,2833,1474,0.8051,-0.04297,123,239.85
2020-03-16,2020-07-17,130.0,call,112.87,116.75,114.81,0.0,0,0,0.87339,0.92829,123,239.85
2020-03-16,2020-07-17,130.0,put,3.17,3.25,3.21,3.54,1350,1932,0.78559,-0.05787,123,239.85
2020-03-16,2020-07-17,135.0,call,108.36,112.25,110.31,0.0,0,0,0.85388,0.92059,123,239.85
2020-03-16,2020-07-17,135.0,put,3.7,3.78,3.74,4.36,1132,33,0.77583,-0.0664,123,239.85
2020-03-16,2020-07-17,140.0,call,103.93,107.76,105.84,0.0,0,0,0.83437,0.91236,123,239.85
2020-03-16,2020-07-17,140.0,put,4.29,4.37,4.33,4.45,3977,1217,0.76608,-0.07566,123,239.85
2020-03-16,2020-07-17,145.0,call,99.59,103.33,101.46,0.0,0,0,0.82461,0.9019,123,239.85
2020-03-16,2020-07-17,145.0,put,4.93,5.03,4.98,5.13,565,496,0.75632,-0.0857,123,239.85
2020-03-16,2020-07-17,150.0,call,95.32,98.97,97.14,95.25,1,11,0.8051,0.89247,123,239.85
2020-03-16,2020-07-17,150.0,put,5.65,5.75,5.7,5.69,10945,14933,0.74657,-0.09651,123,239.85
2020-03-16,2020-07-17,155.0,call,91.11,94.67,92.89,155.9,0,1,0.78559,0.88243,123,239.85
2020-03-16,2020-07-17,155.0,put,6.44,6.54,6.49,6.92,1040,794,0.73681,-0.10813,123,239.85
2020-03-16,2020-07-17,160.0,call,86.97,90.43,88.7,0.0,0,0,0.77583,0.86991,123,239.85
2020-03-16,2020-07-17,160.0,put,7.29,7.42,7.36,7.26,3059,1913,0.72706,-0.12055,123,239.85
2020-03-16,2020-07-17,165.0,call,82.9,86.27,84.59,0.0,0,0,0.76608,0.85665,123,239.85
2020-03-16,2020-07-17,165.0,put,8.21,8.35,8.28,8.77,1144,2218,0.7173,-0.13381,123,239.85
2020-03-16,2020-07-17,170.0,call,78.9,82.18,80.54,90.59,0,1,0.74657,0.84444,123,239.85
2020-03-16,2020-07-17,170.0,put,9.2,9.35,9.27,9.77,2419,2658,0.70754,-0.1479,123,239.85
2020-03-16,2020-07-17,175.0,call,74.98,78.17,76.58,0.0,0,0,0.73681,0.82966,123,239.85
2020-03-16,2020-07-17,175.0,put,10.26,10.41,10.34,10.5,1353,1813,0.69779,-0.16285,123,239.85
2020-03-16,2020-07-17,180.0,call,71.12,74.24,72.68,0.0,0,0,0.72706,0.81411,123,239.85
2020-03-16,2020-07-17,180.0,put,11.38,11.56,11.47,11.8,3227,3044,0.68803,-0.17865,123,239.85
2020-03-16,2020-07-17,185.0,call,67.34,70.38,68.86,69.44,200,253,0.7173,0.7978,123,239.85
2020-03-16,2020-07-17,185.0,put,12.61,12.77,12.69,12.7,2550,2609,0.68803,-0.19713,123,239.85
2020-03-16,2020-07-17,190.0,call,63.64,66.61,65.12,90.53,0,56,0.69779,0.78225,123,239.85
2020-03-16,2020-07-17,190.0,put,13.89,14.06,13.98,14.19,4629,2843,0.67828,-0.21455,123,239.85
2020-03-16,2020-07-17,195.0,call,60.01,62.92,61.47,87.5,0,184,0.68803,0.76427,123,239.85
2020-03-16,2020-07-17,195.0,put,15.25,15.43,15.34,15.35,3883,892,0.66852,-0.2328,123,239.85
2020-03-16,2020-07-17,200.0,call,56.47,59.31,57.89,61.9,830,33,0.67828,0.74552,123,239.85
2020-03-16,2020-07-17,200.0,put,16.68,16.87,16.77,16.8,4592,5398,0.64901,-0.25051,123,239.85
2020-03-16,2020-07-17,205.0,call,53.0,55.78,54.39,62.02,0,3,0.66852,0.72601,123,239.85
2020-03-16,2020-07-17,205.0,put,18.2,18.4,18.3,18.53,619,575,0.63925,-0.27063,123,239.85
2020-03-16,2020-07-17,210.0,call,49.61,52.35,50.98,49.58,378,100,0.65876,0.70573,123,239.85
2020-03-16,2020-07-17,210.0,put,19.8,20.01,19.91,20.85,1052,903,0.6295,-0.2916,123,239.85
2020-03-16,2020-07-17,215.0,call,46.32,49.01,47.66,51.37,1,96,0.63925,0.68529,123,239.85
2020-03-16,2020-07-17,215.0,put,21.49,21.7,21.59,22.55,597,2981,0.61974,-0.3134,123,239.85
2020-03-16,2020-07-17,220.0,call,43.1,45.74,44.42,47.12,170,207,0.6295,0.66327,123,239.85
2020-03-16,2020-07-17,220.0,put,23.26,23.48,23.37,24.38,635,3659,0.60999,-0.33601,123,239.85
2020-03-16,2020-07-17,225.0,call,39.96,42.57,41.27,41.0,0,50,0.61974,0.64053,123,239.85
2020-03-16,2020-07-17,225.0,put,25.11,25.34,25.23,25.22,610,10333,0.60023,-0.3594,123,239.85
2020-03-16,2020-07-17,230.0,call,36.91,39.49,38.2,40.13,6,52,0.60999,0.61709,123,239.85
2020-03-16,2020-07-17,230.0,put,27.05,27.29,27.17,27.19,954,11512,0.59047,-0.38355,123,239.85
2020-03-16,2020-07-17,232.0,call,35.71,38.28,37.0,0.0,0,0,0.60023,0.60724,123,239.85
2020-03-16,2020-07-17,232.0,put,27.82,28.13,27.98,28.67,216,105,0.59047,-0.39322,123,239.85
2020-03-16,2020-07-17,233.0,call,35.12,37.68,36.4,0.0,0,0,0.60023,0.60249,123,239.85
2020-03-16,2020-07-17,233.0,put,28.23,28.53,28.38,29.07,506,291,0.58072,-0.39859,123,239.85
2020-03-16,2020-07-17,234.0,call,34.53,37.09,35.81,0.0,0,0,0.60023,0.59774,123,239.85
2020-03-16,2020-07-17,234.0,put,28.63,28.94,28.79,25.89,107,373,0.58072,-0.4035,123,239.85
2020-03-16,2020-07-17,235.0,call,33.94,36.49,35.22,37.15,15,28,0.60023,0.593,123,239.85
2020-03-16,2020-07-17,235.0,put,29.07,29.31,29.19,31.15,2068,7425,0.58072,-0.4084,123,239.85
2020-03-16,2020-07-17,236.0,call,33.36,35.91,34.63,0.0,0,0,0.59047,0.58747,123,239.85
2020-03-16,2020-07-17,236.0,put,29.46,29.77,29.62,28.23,727,175,0.58072,-0.4133,123,239.85
2020-03-16,2020-07-17,237.0,call,32.78,35.32,34.05,33.81,1,0,0.59047,0.58267,123,239.85
2020-03-16,2020-07-17,237.0,put,29.88,30.19,30.04,32.14,290,231,0.57096,-0.41905,123,239.85
2020-03-16,2020-07-17,238.0,call,32.2,34.74,33.47,0.0,0,0,0.59047,0.57786,123,239.85
2020-03-16,2020-07-17,238.0,put,30.3,30.61,30.45,28.34,64,206,0.57096,-0.42402,123,239.85
2020-03-16,2020-07-17,239.0,call,31.63,34.16,32.89,0.0,0,0,0.59047,0.57307,123,239.85
2020-03-16,2020-07-17,239.0,put,30.72,31.04,30.88,28.24,422,59,0.57096,-0.42898,123,239.85
2020-03-16,2020-07-17,240.0,call,31.06,33.59,32.33,30.4,32,96,0.58072,0.56718,123,239.85
2020-03-16,2020-07-17,240.0,put,31.18,31.43,31.3,33.86,1839,10030,0.57096,-0.43393,123,239.85
2020-03-16,2020-07-17,241.0,call,30.49,33.02,31.76,32.25,11,0,0.58072,0.56232,123,239.85
2020-03-16,2020-07-17,241.0,put,31.58,31.9,31.74,34.32,36,50,0.56121,-0.44007,123,239.85
2020-03-16,2020-07-17,242.0,call,29.93,32.45,31.19,31.14,1196,0,0.58072,0.55748,123,239.85
2020-03-16,2020-07-17,242.0,put,32.01,32.33,32.17,31.0,523,15,0.56121,-0.44509,123,239.85
2020-03-16,2020-07-17,243.0,call,29.37,31.88,30.62,30.69,1085,0,0.58072,0.55265,123,239.85
2020-03-16,2020-07-17,243.0,put,32.45,32.77,32.61,33.47,176,18,0.56121,-0.45009,123,239.85
2020-03-16,2020-07-17,244.0,call,28.81,31.32,30.06,31.43,1474,18,0.57096,0.54638,123,239.85
2020-03-16,2020-07-17,244.0,put,32.89,33.22,33.05,33.05,134,812,0.56121,-0.45509,123,239.85
2020-03-16,2020-07-17,245.0,call,28.26,30.77,29.52,29.2,1340,56,0.57096,0.54148,123,239.85
2020-03-16,2020-07-17,245.0,put,33.36,33.62,33.49,34.73,8264,4440,0.55145,-0.46163,123,239.85
2020-03-16,2020-07-17,246.0,call,27.69,30.08,28.88,31.28,1932,0,0.57096,0.5366,123,239.85
2020-03-16,2020-07-17,246.0,put,33.78,34.11,33.95,36.5,869,567,0.55145,-0.46669,123,239.85
2020-03-16,2020-07-17,247.0,call,27.14,29.53,28.34,30.18,2092,0,0.56121,0.53002,123,239.85
2020-03-16,2020-07-17,247.0,put,34.23,34.57,34.4,37.0,562,320,0.55145,-0.47173,123,239.85
2020-03-16,2020-07-17,248.0,call,26.6,28.99,27.8,29.4,2351,4,0.56121,0.52508,123,239.85
2020-03-16,2020-07-17,248.0,put,34.69,35.02,34.86,33.13,626,272,0.54169,-0.47861,123,239.85
2020-03-16,2020-07-17,249.0,call,26.06,28.45,27.25,28.61,2447,0,0.56121,0.52016,123,239.85
2020-03-16,2020-07-17,249.0,put,35.15,35.48,35.31,36.59,803,195,0.54169,-0.48371,123,239.85
2020-03-16,2020-07-17,250.0,call,25.53,27.92,26.73,25.06,2923,309,0.56121,0.51526,123,239.85
2020-03-16,2020-07-17,250.0,put,35.61,35.95,35.78,37.38,5412,16787,0.54169,-0.48879,123,239.85
2020-03-16,2020-07-17,251.0,call,25.0,27.39,26.2,24.6,2711,1001,0.55145,0.50828,123,239.85
2020-03-16,2020-07-17,251.0,put,36.08,36.42,36.25,38.95,1049,131,0.54169,-0.49385,123,239.85
2020-03-16,2020-07-17,252.0,call,24.47,26.86,25.66,25.22,958,12,0.55145,0.50332,123,239.85
2020-03-16,2020-07-17,252.0,put,36.55,36.89,36.72,37.49,1150,183,0.53194,-0.50116,123,239.85
2020-03-16,2020-07-17,253.0,call,23.94,26.34,25.14,23.69,5516,123,0.55145,0.49839,123,239.85
2020-03-16,2020-07-17,253.0,put,37.05,37.32,37.19,39.14,5924,191,0.53194,-0.50627,123,239.85
2020-03-16,2020-07-17,254.0,call,23.42,25.82,24.62,23.11,1132,66,0.54169,0.49107,123,239.85
2020-03-16,2020-07-17,254.0,put,36.16,39.14,37.65,39.37,692,190,0.53194,-0.51137,123,239.85
2020-03-16,2020-07-17,255.0,call,22.91,25.3,24.11,24.11,8193,486,0.54169,0.48609,123,239.85
2020-03-16,2020-07-17,255.0,put,36.64,39.63,38.14,39.5,991,10461,0.53194,-0.51644,123,239.85
2020-03-16,2020-07-17,256.0,call,22.39,24.79,23.59,23.93,481,22,0.54169,0.48113,123,239.85
2020-03-16,2020-07-17,256.0,put,37.11,40.13,38.62,35.99,497,136,0.52218,-0.52417,123,239.85
2020-03-16,2020-07-17,257.0,call,21.88,24.28,23.08,23.0,448,8,0.54169,0.47619,123,239.85
2020-03-16,2020-07-17,257.0,put,37.59,40.63,39.11,35.3,958,303,0.52218,-0.52929,123,239.85
2020-03-16,2020-07-17,258.0,call,21.37,23.77,22.57,22.35,772,396,0.53194,0.46847,123,239.85
2020-03-16,2020-07-17,258.0,put,38.07,41.14,39.61,41.4,457,108,0.52218,-0.53439,123,239.85
2020-03-16,2020-07-17,259.0,call,20.87,23.27,22.07,22.04,674,487,0.53194,0.4635,123,239.85
2020-03-16,2020-07-17,259.0,put,38.56,41.65,40.11,41.5,475,199,0.51243,-0.54247,123,239.85
2020-03-16,2020-07-17,260.0,call,20.37,22.77,21.57,20.25,1273,865,0.53194,0.45854,123,239.85
2020-03-16,2020-07-17,260.0,put,39.05,42.16,40.6,39.54,1603,9907,0.51243,-0.54761,123,239.85
2020-03-16,2020-07-17,261.0,call,19.87,22.28,21.08,20.1,694,723,0.52218,0.45048,123,239.85
2020-03-16,2020-07-17,261.0,put,39.55,42.68,41.11,42.7,377,191,0.51243,-0.55271,123,239.85
2020-03-16,2020-07-17,262.0,call,19.38,21.79,20.59,24.9,0,177,0.52218,0.44549,123,239.85
2020-03-16,2020-07-17,262.0,put,40.04,43.2,41.62,42.43,296,101,0.51243,-0.55779,123,239.85
2020-03-16,2020-07-17,263.0,call,18.93,21.34,20.13,19.59,442,779,0.52218,0.44053,123,239.85
2020-03-16,2020-07-17,263.0,put,40.54,43.72,42.13,40.58,116,216,0.50267,-0.5663,123,239.85
2020-03-16,2020-07-17,264.0,call,18.44,20.86,19.65,19.88,1299,328,0.52218,0.4356,123,239.85
2020-03-16,2020-07-17,264.0,put,41.05,44.25,42.65,39.45,16,106,0.50267,-0.57142,123,239.85
2020-03-16,2020-07-17,265.0,call,17.96,20.38,19.17,18.2,922,2058,0.51243,0.42714,123,239.85
2020-03-16,2020-07-17,265.0,put,41.56,44.78,43.17,44.0,83,3940,0.50267,-0.5765,123,239.85
2020-03-16,2020-07-17,266.0,call,17.48,19.91,18.7,17.74,1074,1247,0.51243,0.42218,123,239.85
2020-03-16,2020-07-17,266.0,put,42.07,45.32,43.7,40.0,2,171,0.49292,-0.58536,123,239.85
2020-03-16,2020-07-17,267.0,call,17.01,19.44,18.23,21.04,118,41,0.51243,0.41725,123,239.85
2020-03-16,2020-07-17,267.0,put,42.59,45.86,44.23,46.62,9,463,0.49292,-0.59047,123,239.85
2020-03-16,2020-07-17,268.0,call,16.54,18.97,17.75,20.53,68,409,0.50267,0.40846,123,239.85
2020-03-16,2020-07-17,268.0,put,43.11,46.41,44.76,45.91,1,592,0.49292,-0.59554,123,239.85
2020-03-16,2020-07-17,269.0,call,16.07,18.51,17.29,16.99,319,161,0.50267,0.40351,123,239.85
2020-03-16,2020-07-17,269.0,put,43.63,46.96,45.3,41.36,18,170,0.48316,-0.60476,123,239.85
2020-03-16,2020-07-17,270.0,call,16.0,18.06,17.03,16.0,1482,596,0.50267,0.39859,123,239.85
2020-03-16,2020-07-17,270.0,put,44.16,47.25,45.7,46.65,69,5322,0.48316,-0.60985,123,239.85
2020-03-16,2020-07-17,271.0,call,15.15,17.6,16.38,15.9,1124,647,0.49292,0.38946,123,239.85
2020-03-16,2020-07-17,271.0,put,44.69,48.07,46.38,42.98,3,328,0.48316,-0.6149,123,239.85
2020-03-16,2020-07-17,272.0,call,14.7,17.16,15.93,15.42,257,899,0.49292,0.38454,123,239.85
2020-03-16,2020-07-17,272.0,put,45.23,48.63,46.93,45.35,122,148,0.4734,-0.62447,123,239.85
2020-03-16,2020-07-17,273.0,call,14.25,16.71,15.48,14.89,121,98,0.49292,0.37964,123,239.85
2020-03-16,2020-07-17,273.0,put,45.76,49.2,47.48,48.37,409,389,0.4734,-0.62953,123,239.85
2020-03-16,2020-07-17,274.0,call,13.8,16.27,15.04,14.45,115,228,0.49292,0.37479,123,239.85
2020-03-16,2020-07-17,274.0,put,46.31,49.77,48.04,46.71,526,451,0.4734,-0.63454,123,239.85
2020-03-16,2020-07-17,275.0,call,13.36,15.84,14.6,13.5,399,760,0.48316,0.36529,123,239.85
2020-03-16,2020-07-17,275.0,put,46.85,50.34,48.59,49.8,664,6504,0.46365,-0.64446,123,239.85
2020-03-16,2020-07-17,276.0,call,12.92,15.4,14.16,14.67,115,493,0.48316,0.36044,123,239.85
2020-03-16,2020-07-17,276.0,put,47.5,50.87,49.19,47.24,531,3579,0.46365,-0.64947,123,239.85
2020-03-16,2020-07-17,277.0,call,12.49,14.98,13.73,13.19,134,147,0.4734,0.35066,123,239.85
2020-03-16,2020-07-17,277.0,put,47.96,51.51,49.73,47.81,563,600,0.46365,-0.65444,123,239.85
2020-03-16,2020-07-17,278.0,call,12.06,14.55,13.3,14.08,0,293,0.4734,0.34581,123,239.85
2020-03-16,2020-07-17,278.0,put,48.52,52.1,50.31,47.5,144,590,0.45389,-0.66468,123,239.85
2020-03-16,2020-07-17,279.0,call,11.63,14.14,12.89,13.34,2,213,0.4734,0.34101,123,239.85
2020-03-16,2020-07-17,279.0,put,49.08,52.69,50.88,49.15,1105,653,0.45389,-0.66963,123,239.85
2020-03-16,2020-07-17,280.0,call,11.21,13.72,12.46,14.0,322,1551,0.46365,0.33093,123,239.85
2020-03-16,2020-07-17,280.0,put,49.65,53.29,51.47,54.92,2451,3927,0.45389,-0.67454,123,239.85
2020-03-16,2020-07-17,281.0,call,10.8,13.32,12.06,12.64,113,481,0.46365,0.32614,123,239.85
2020-03-16,2020-07-17,281.0,put,50.23,53.89,52.06,51.34,1164,443,0.44414,-0.68509,123,239.85
2020-03-16,2020-07-17,282.0,call,10.39,12.92,11.66,12.0,4,642,0.46365,0.3214,123,239.85
2020-03-16,2020-07-17,282.0,put,50.8,54.5,52.65,50.05,952,1410,0.44414,-0.68996,123,239.85
2020-03-16,2020-07-17,283.0,call,9.98,12.5,11.24,12.0,786,331,0.45389,0.31103,123,239.85
2020-03-16,2020-07-17,283.0,put,51.53,55.12,53.33,51.29,570,932,0.44414,-0.69479,123,239.85
2020-03-16,2020-07-17,284.0,call,9.58,12.13,10.86,11.95,2,619,0.45389,0.30632,123,239.85
2020-03-16,2020-07-17,284.0,put,51.99,55.74,53.87,50.46,22,802,0.43438,-0.70562,123,239.85
2020-03-16,2020-07-17,285.0,call,9.19,11.74,10.46,10.0,13,867,0.45389,0.30165,123,239.85
2020-03-16,2020-07-17,285.0,put,52.6,56.36,54.48,57.87,571,0,0.43438,-0.71041,123,239.85
2020-03-16,2020-07-17,286.0,call,8.8,11.36,10.08,10.3,1,0,0.44414,0.29103,123,239.85
2020-03-16,2020-07-17,286.0,put,53.22,57.0,55.11,50.59,1181,2171,0.42462,-0.72148,123,239.85
2020-03-16,2020-07-17,287.0,call,8.41,10.99,9.7,13.0,2,489,0.44414,0.28641,123,239.85
2020-03-16,2020-07-17,287.0,put,53.84,57.63,55.73,52.12,1079,631,0.42462,-0.72622,123,239.85
2020-03-16,2020-07-17,288.0,call,8.03,10.62,9.32,10.42,0,853,0.44414,0.28183,123,239.85
2020-03-16,2020-07-17,288.0,put,54.47,58.28,56.38,57.66,1721,673,0.42462,-0.7309,123,239.85
2020-03-16,2020-07-17,289.0,call,7.66,10.25,8.96,7.4,1,470,0.43438,0.27098,123,239.85
2020-03-16,2020-07-17,289.0,put,55.11,58.92,57.02,55.15,808,1798,0.41487,-0.74219,123,239.85
2020-03-16,2020-07-17,290.0,call,7.29,9.9,8.6,8.4,1722,0,0.43438,0.26646,123,239.85
2020-03-16,2020-07-17,290.0,put,55.61,59.58,57.59,60.69,1737,14125,0.41487,-0.7468,123,239.85
2020-03-16,2020-07-17,291.0,call,6.93,9.55,8.24,12.57,0,307,0.42462,0.25541,123,239.85
2020-03-16,2020-07-17,291.0,put,56.24,60.24,58.24,56.42,567,4116,0.40511,-0.7583,123,239.85
2020-03-16,2020-07-17,292.0,call,6.58,9.2,7.89,10.59,1,5152,0.42462,0.25096,123,239.85
2020-03-16,2020-07-17,292.0,put,56.87,60.91,58.89,56.97,594,5449,0.40511,-0.76283,123,239.85
2020-03-16,2020-07-17,293.0,call,7.0,8.86,7.93,8.4,3,474,0.43438,0.25323,123,239.85
2020-03-16,2020-07-17,293.0,put,57.51,61.58,59.55,57.22,524,593,0.39536,-0.77449,123,239.85
2020-03-16,2020-07-17,294.0,call,5.9,8.53,7.21,7.81,2,378,0.41487,0.23535,123,239.85
2020-03-16,2020-07-17,294.0,put,58.16,62.27,60.22,58.19,548,0,0.39536,-0.77892,123,239.85
2020-03-16,2020-07-17,295.0,call,6.89,8.2,7.54,7.2,36,350,0.42462,0.23794,123,239.85
2020-03-16,2020-07-17,295.0,put,59.09,62.95,61.02,60.58,605,8404,0.39536,-0.78329,123,239.85
2020-03-16,2020-07-17,296.0,call,5.24,7.88,6.56,7.65,0,924,0.40511,0.21968,123,239.85
2020-03-16,2020-07-17,296.0,put,59.77,63.57,61.67,60.63,564,677,0.3856,-0.79503,123,239.85
2020-03-16,2020-07-17,297.0,call,4.95,7.6,6.28,5.73,82,507,0.40511,0.21546,123,239.85
2020-03-16,2020-07-17,297.0,put,60.47,64.27,62.37,60.25,544,909,0.3856,-0.79929,123,239.85
2020-03-16,2020-07-17,298.0,call,4.64,7.29,5.96,6.97,7,152,0.40511,0.2113,123,239.85
2020-03-16,2020-07-17,298.0,put,60.74,64.98,62.86,61.02,536,2424,0.37584,-0.81111,123,239.85
2020-03-16,2020-07-17,299.0,call,4.34,6.99,5.67,5.05,8,765,0.39536,0.19989,123,239.85
2020-03-16,2020-07-17,299.0,put,61.47,65.7,63.59,64.28,643,2923,0.37584,-0.81524,123,239.85
2020-03-16,2020-07-17,300.0,call,4.51,6.63,5.57,5.0,596,13411,0.39536,0.19584,123,239.85
2020-03-16,2020-07-17,300.0,put,62.62,66.42,64.52,64.0,1074,18990,0.37584,-0.81929,123,239.85
2020-03-16,2020-07-17,301.0,call,3.77,6.41,5.09,4.43,0,795,0.39536,0.19186,123,239.85
2020-03-16,2020-07-17,301.0,put,63.34,67.15,65.25,63.29,128,4052,0.36609,-0.83107,123,239.85
2020-03-16,2020-07-17,302.0,call,3.49,6.14,4.81,4.7,1,6631,0.3856,0.18045,123,239.85
2020-03-16,2020-07-17,302.0,put,64.04,67.88,65.96,55.39,6,12935,0.36609,-0.83497,123,239.85
2020-03-16,2020-07-17,303.0,call,3.23,5.87,4.55,4.05,77,645,0.3856,0.17659,123,239.85
2020-03-16,2020-07-17,303.0,put,64.79,68.63,66.71,65.1,13,4553,0.36609,-0.8388,123,239.85
2020-03-16,2020-07-17,304.0,call,2.98,5.61,4.29,4.63,1,1239,0.37584,0.16518,123,239.85
2020-03-16,2020-07-17,304.0,put,65.54,69.38,67.46,64.75,149,2694,0.35633,-0.85044,123,239.85
2020-03-16,2020-07-17,305.0,call,2.8,5.35,4.07,4.33,70,13555,0.37584,0.16147,123,239.85
2020-03-16,2020-07-17,305.0,put,66.31,70.13,68.22,71.27,1159,16863,0.35633,-0.8541,123,239.85
2020-03-16,2020-07-17,306.0,call,2.75,5.11,3.93,4.55,16,0,0.37584,0.15783,123,239.85
2020-03-16,2020-07-17,306.0,put,67.08,70.9,68.99,67.56,1095,4759,0.34658,-0.86561,123,239.85
2020-03-16,2020-07-17,307.0,call,2.28,4.87,3.58,3.5,2,1164,0.36609,0.14657,123,239.85
2020-03-16,2020-07-17,307.0,put,67.87,71.68,69.78,65.5,391,1599,0.34658,-0.86909,123,239.85
2020-03-16,2020-07-17,308.0,call,2.07,4.64,3.35,5.02,0,0,0.36609,0.14308,123,239.85
2020-03-16,2020-07-17,308.0,put,68.18,72.46,70.32,68.25,1058,823,0.33682,-0.8804,123,239.85
2020-03-16,2020-07-17,309.0,call,2.7,4.41,3.56,3.0,3,976,0.37584,0.14729,123,239.85
2020-03-16,2020-07-17,309.0,put,69.0,73.26,71.13,73.0,530,4005,0.32707,-0.89157,123,239.85
2020-03-16,2020-07-17,310.0,call,2.45,4.2,3.33,2.89,430,15086,0.36609,0.13632,123,239.85
2020-03-16,2020-07-17,310.0,put,69.8,74.06,71.93,75.55,1643,3009,0.32707,-0.8947,123,239.85
2020-03-16,2020-07-17,311.0,call,1.51,3.99,2.75,3.08,58,1567,0.35633,0.12541,123,239.85
2020-03-16,2020-07-17,311.0,put,70.62,74.88,72.75,70.0,542,1554,0.31731,-0.90552,123,239.85
2020-03-16,2020-07-17,312.0,call,1.35,3.79,2.57,2.81,7,1374,0.34658,0.11461,123,239.85
2020-03-16,2020-07-17,312.0,put,71.45,75.71,73.58,71.11,780,746,0.31731,-0.90842,123,239.85
2020-03-16,2020-07-17,313.0,call,1.8,3.61,2.71,0.79,10,1424,0.35633,0.11913,123,239.85
2020-03-16,2020-07-17,313.0,put,72.29,76.54,74.42,73.0,525,1130,0.30755,-0.91879,123,239.85
2020-03-16,2020-07-17,314.0,call,2.0,3.42,2.71,2.53,10,2083,0.35633,0.11609,123,239.85
2020-03-16,2020-07-17,314.0,put,73.13,77.38,75.25,73.0,818,1878,0.30755,-0.92144,123,239.85
2020-03-16,2020-07-17,315.0,call,1.92,3.25,2.58,2.25,65,1839,0.35633,0.11311,123,239.85
2020-03-16,2020-07-17,315.0,put,73.98,78.24,76.11,77.77,1395,2185,0.2978,-0.93127,123,239.85
2020-03-16,2020-07-17,316.0,call,0.82,3.09,1.95,1.86,47,1223,0.33682,0.09542,123,239.85
2020-03-16,2020-07-17,316.0,put,75.23,79.09,77.16,74.41,1712,913,0.30755,-0.92653,123,239.85
2020-03-16,2020-07-17,317.0,call,0.71,2.93,1.82,2.19,0,1609,0.33682,0.09271,123,239.85
2020-03-16,2020-07-17,317.0,put,76.1,79.96,78.03,75.52,1145,1977,0.2978,-0.93599,123,239.85
2020-03-16,2020-07-17,318.0,call,0.62,2.78,1.7,1.82,31,3353,0.32707,0.08286,123,239.85
2020-03-16,2020-07-17,318.0,put,76.87,80.84,78.86,77.0,1061,3021,0.2978,-0.93824,123,239.85
2020-03-16,2020-07-17,319.0,call,1.4,2.64,2.02,2.04,2,3032,0.34658,0.09465,123,239.85
2020-03-16,2020-07-17,319.0,put,77.4,81.73,79.56,77.32,1132,1983,0.27829,-0.95345,123,239.85
2020-03-16,2020-07-17,320.0,call,1.25,2.5,1.88,2.38,545,3675,0.34658,0.09205,123,239.85
2020-03-16,2020-07-17,320.0,put,78.66,82.62,80.64,78.11,1435,5282,0.28804,-0.94904,123,239.85
2020-03-16,2020-07-17,321.0,call,0.44,2.37,1.41,1.4,9,4355,0.32707,0.07556,123,239.85
2020-03-16,2020-07-17,321.0,put,79.56,83.52,81.54,85.63,1019,1113,0.27829,-0.9571,123,239.85
2020-03-16,2020-07-17,322.0,call,1.0,2.25,1.62,1.25,4,1216,0.33682,0.08011,123,239.85
2020-03-16,2020-07-17,322.0,put,80.58,84.42,82.5,80.02,548,2758,0.27829,-0.95883,123,239.85
2020-03-16,2020-07-17,323.0,call,0.37,2.14,1.26,1.21,2,3525,0.32707,0.07101,123,239.85
2020-03-16,2020-07-17,323.0,put,81.5,85.34,83.42,80.53,552,1541,0.27829,-0.96049,123,239.85
2020-03-16,2020-07-17,324.0,call,0.34,2.04,1.19,1.09,1,0,0.31731,0.06227,123,239.85
2020-03-16,2020-07-17,324.0,put,82.42,86.29,84.36,81.53,544,780,0.26853,-0.96754,123,239.85
2020-03-16,2020-07-17,325.0,call,1.0,1.65,1.32,1.2,86,4156,0.32707,0.0667,123,239.85
2020-03-16,2020-07-17,325.0,put,83.24,87.18,85.21,88.0,568,1652,0.25877,-0.97391,123,239.85
2020-03-16,2020-07-17,326.0,call,0.29,1.85,1.07,1.0,0,0,0.31731,0.05828,123,239.85
2020-03-16,2020-07-17,326.0,put,84.17,88.15,86.16,84.05,537,372,0.25877,-0.97513,123,239.85
2020-03-16,2020-07-17,327.0,call,0.82,1.63,1.22,1.15,21,6241,0.32707,0.06263,123,239.85
2020-03-16,2020-07-17,327.0,put,85.22,89.09,87.16,90.0,564,270,0.25877,-0.97629,123,239.85
2020-03-16,2020-07-17,328.0,call,0.23,1.68,0.95,0.85,16,554,0.31731,0.05452,123,239.85
2020-03-16,2020-07-17,328.0,put,86.16,90.03,88.09,85.78,6,185,0.24902,-0.98156,123,239.85
2020-03-16,2020-07-17,329.0,call,0.51,1.61,1.06,1.54,9,2132,0.32707,0.05877,123,239.85
2020-03-16,2020-07-17,329.0,put,87.11,90.98,89.05,86.88,124,745,0.23926,-0.98609,123,239.85
2020-03-16,2020-07-17,330.0,call,0.66,1.08,0.87,0.87,214,3108,0.31731,0.05096,123,239.85
2020-03-16,2020-07-17,330.0,put,88.06,91.93,90.0,87.0,1,3659,0.23926,-0.98685,123,239.85
2020-03-16,2020-07-17,331.0,call,0.56,1.48,1.02,0.79,28,489,0.32707,0.05512,123,239.85
2020-03-16,2020-07-17,331.0,put,89.02,92.88,90.95,64.55,0,884,0.21975,-0.99295,123,239.85
2020-03-16,2020-07-17,332.0,call,0.47,1.42,0.94,0.82,79,2409,0.32707,0.05337,123,239.85
2020-03-16,2020-07-17,332.0,put,89.81,93.84,91.83,89.76,2,631,0.01488,-1.0,123,239.85
2020-03-16,2020-07-17,333.0,call,0.63,1.37,1.0,0.25,20,1075,0.33682,0.0575,123,239.85
2020-03-16,2020-07-17,333.0,put,90.94,94.8,92.87,85.45,0,1280,0.15146,-0.99988,123,239.85
2020-03-16,2020-07-17,334.0,call,0.45,1.07,0.76,0.6,37,2059,0.31731,0.04447,123,239.85
2020-03-16,2020-07-17,334.0,put,91.75,95.77,93.76,91.22,2,491,0.01488,-1.0,123,239.85
2020-03-16,2020-07-17,335.0,call,0.08,1.27,0.68,0.89,61,3127,0.31731,0.04297,123,239.85
2020-03-16,2020-07-17,335.0,put,92.87,96.73,94.8,88.24,1,1375,0.01488,-1.0,123,239.85
2020-03-16,2020-07-17,336.0,call,0.54,1.0,0.77,0.54,0,1497,0.32707,0.04686,123,239.85
2020-03-16,2020-07-17,336.0,put,93.84,97.7,95.77,88.03,1,264,0.01488,-1.0,123,239.85
2020-03-16,2020-07-17,337.0,call,0.34,1.19,0.77,0.83,18,3882,0.32707,0.04535,123,239.85
2020-03-16,2020-07-17,337.0,put,94.66,98.64,96.65,84.0,0,822,0.01488,-1.0,123,239.85
2020-03-16,2020-07-17,338.0,call,0.03,0.85,0.44,0.5,4,4363,0.2978,0.02918,123,239.85
2020-03-16,2020-07-17,338.0,put,95.63,99.61,97.62,89.34,0,269,0.01488,-1.0,123,239.85
2020-03-16,2020-07-17,339.0,call,0.3,1.12,0.71,0.44,82,4366,0.32707,0.04245,123,239.85
2020-03-16,2020-07-17,339.0,put,96.61,100.59,98.6,90.25,0,294,0.01488,-1.0,123,239.85
2020-03-16,2020-07-17,340.0,call,0.42,0.65,0.54,0.4,284,16453,0.30755,0.03141,123,239.85
2020-03-16,2020-07-17,340.0,put,97.7,101.6,99.65,90.05,0,2328,0.01488,-1.0,123,239.85
2020-03-16,2020-07-17,341.0,call,0.15,1.02,0.58,0.81,30,1465,0.31731,0.03487,123,239.85
2020-03-16,2020-07-17,341.0,put,98.68,102.57,100.62,39.01,0,121,0.01488,-1.0,123,239.85
2020-03-16,2020-07-17,342.0,call,0.25,0.67,0.46,0.5,145,4802,0.30755,0.02916,123,239.85
2020-03-16,2020-07-17,342.0,put,99.66,103.55,101.6,93.0,15,474,0.01488,-1.0,123,239.85
2020-03-16,2020-07-17,343.0,call,0.3,0.8,0.55,0.6,52,2252,0.31731,0.03249,123,239.85
2020-03-16,2020-07-17,343.0,put,100.53,104.53,102.53,61.51,0,161,0.01488,-1.0,123,239.85
2020-03-16,2020-07-17,344.0,put,101.63,105.51,103.57,52.09,0,2,0.01488,-1.0,123,239.85
2020-03-16,2020-07-17,345.0,call,0.38,0.45,0.42,0.4,22,1101,0.30755,0.02606,123,239.85
2020-03-16,2020-07-17,345.0,put,102.5,106.5,104.5,54.0,0,7,0.01488,-1.0,123,239.85
2020-03-16,2020-07-17,346.0,put,103.49,107.48,105.48,103.22,1,180,0.01488,-1.0,123,239.85
2020-03-16,2020-07-17,347.0,put,104.48,108.45,106.47,30.97,0,913,0.01488,-1.0,123,239.85
2020-03-16,2020-07-17,348.0,call,0.17,0.33,0.25,0.46,60,638,0.28804,0.01629,123,239.85
2020-03-16,2020-07-17,348.0,put,105.57,109.45,107.51,73.83,0,11,0.01488,-1.0,123,239.85
2020-03-16,2020-07-17,349.0,call,0.23,0.31,0.27,0.26,36,900,0.2978,0.01884,123,239.85
2020-03-16,2020-07-17,349.0,put,106.55,110.43,108.49,74.79,0,11,0.01488,-1.0,123,239.85
2020-03-16,2020-07-17,350.0,call,0.2,0.4,0.3,0.35,150,6400,0.30755,0.02155,123,239.85
2020-03-16,2020-07-17,350.0,put,107.54,111.42,109.48,95.65,0,1021,0.01488,-1.0,123,239.85
2020-03-16,2020-07-17,351.0,call,0.19,0.34,0.27,0.33,14,1228,0.2978,0.01737,123,239.85
2020-03-16,2020-07-17,351.0,put,108.53,112.41,110.47,0.0,0,0,0.01488,-1.0,123,239.85
2020-03-16,2020-07-17,352.0,put,109.53,113.39,111.46,19.52,0,1,0.01488,-1.0,123,239.85
2020-03-16,2020-07-17,353.0,put,110.51,114.38,112.44,0.0,0,0,0.01488,-1.0,123,239.85
2020-03-16,2020-07-17,354.0,call,0.2,0.31,0.26,0.3,315,688,0.30755,0.01847,123,239.85
2020-03-16,2020-07-17,354.0,put,111.51,115.37,113.44,35.81,0,17,0.01488,-1.0,123,239.85
2020-03-16,2020-07-17,355.0,put,112.5,116.36,114.43,77.0,0,2,0.01488,-1.0,123,239.85
2020-03-16,2020-07-17,356.0,put,113.38,117.35,115.36,0.0,0,0,0.01488,-1.0,123,239.85
2020-03-16,2020-07-17,357.0,put,114.49,118.34,116.41,0.0,0,0,0.01488,-1.0,123,239.85
2020-03-16,2020-07-17,358.0,put,115.47,119.33,117.4,83.52,0,10,0.01488,-1.0,123,239.85
2020-03-16,2020-07-17,359.0,put,116.48,120.32,118.4,84.5,0,10,0.01488,-1.0,123,239.85
2020-03-16,2020-07-17,360.0,call,0.07,0.55,0.31,0.24,34,1881,0.32707,0.0207,123,239.85
2020-03-16,2020-07-17,360.0,put,117.36,121.31,119.34,0.0,0,0,0.01488,-1.0,123,239.85
2020-03-16,2020-07-17,361.0,put,118.45,122.3,120.38,86.47,0,10,0.01488,-1.0,123,239.85
2020-03-16,2020-07-17,362.0,put,119.45,123.29,121.37,87.45,0,10,0.01488,-1.0,123,239.85
2020-03-16,2020-07-17,363.0,put,120.34,124.28,122.31,88.43,0,10,0.01488,-1.0,123,239.85
2020-03-16,2020-07-17,364.0,put,121.43,125.28,123.36,89.42,0,10,0.01488,-1.0,123,239.85
2020-03-16,2020-07-17,365.0,put,122.43,126.27,124.35,61.65,0,7,0.01488,-1.0,123,239.85
2020-03-16,2020-07-17,366.0,put,123.42,127.26,125.34,0.0,0,0,0.01488,-1.0,123,239.85
2020-03-16,2020-07-17,367.0,put,124.43,128.25,126.34,0.0,0,0,0.01488,-1.0,123,239.85
2020-03-16,2020-07-17,368.0,call,0.01,0.58,0.29,0.17,1,371,0.33682,0.01843,123,239.85
2020-03-16,2020-07-17,368.0,put,125.31,129.25,127.28,0.0,0,0,0.01488,-1.0,123,239.85
2020-03-16,2020-07-17,369.0,put,126.41,130.24,128.32,0.0,0,0,0.01488,-1.0,123,239.85
2020-03-16,2020-07-17,370.0,call,0.05,0.5,0.28,0.19,104,2030,0.33682,0.01722,123,239.85
2020-03-16,2020-07-17,370.0,put,127.4,131.23,129.31,66.7,0,38,0.01488,-1.0,123,239.85
2020-03-16,2020-07-17,371.0,call,0.12,0.56,0.34,0.1,0,1306,0.34658,0.01954,123,239.85
2020-03-16,2020-07-17,371.0,put,128.4,132.23,130.31,0.0,0,0,0.01488,-1.0,123,239.85
2020-03-16,2020-07-17,375.0,call,0.1,0.27,0.18,0.1,16,328,0.32707,0.01208,123,239.85
2020-03-16,2020-07-17,375.0,put,132.37,136.2,134.28,0.0,0,0,0.01488,-1.0,123,239.85
2020-03-16,2020-07-17,380.0,call,0.08,0.17,0.12,0.16,96,169,0.31731,0.00816,123,239.85
2020-03-16,2020-07-17,380.0,put,137.35,141.18,139.26,0.0,0,0,0.01488,-1.0,123,239.85
2020-03-16,2020-07-17,385.0,call,0.01,0.17,0.09,0.09,36,4801,0.31731,0.00671,123,239.85
2020-03-16,2020-07-17,385.0,put,142.34,146.15,144.25,63.82,0,1,0.01488,-1.0,123,239.85
2020-03-16,2020-07-17,390.0,call,0.05,0.1,0.08,0.1,490,844,0.31731,0.0055,123,239.85
2020-03-16,2020-07-17,390.0,put,147.32,151.13,149.22,0.0,0,0,0.01488,-1.0,123,239.85
2020-03-16,2020-07-17,395.0,call,0.01,0.12,0.07,0.12,50,746,0.32707,0.00573,123,239.85
2020-03-16,2020-07-17,395.0,put,152.29,156.11,154.2,58.33,0,1,0.01488,-1.0,123,239.85
2020-03-16,2020-07-17,400.0,call,0.04,0.05,0.04,0.05,611,2853,0.30755,0.0028,123,239.85
2020-03-16,2020-07-17,400.0,put,157.28,161.09,159.19,92.56,0,3,0.01488,-1.0,123,239.85
2020-03-16,2020-07-17,405.0,call,0.01,0.15,0.08,0.05,24,1466,0.33682,0.00498,123,239.85
2020-03-16,2020-07-17,405.0,put,162.26,166.07,164.16,0.0,0,0,0.01488,-1.0,123,239.85
2020-03-16,2020-07-17,410.0,call,0.01,0.09,0.05,0.05,13,85,0.33682,0.00415,123,239.85
2020-03-16,2020-07-17,410.0,put,167.26,171.05,169.16,0.0,0,0,0.01488,-1.0,123,239.85
2020-03-16,2020-07-17,415.0,call,0.01,0.16,0.09,0.09,1,92,0.35633,0.0055,123,239.85
2020-03-16,2020-07-17,415.0,put,172.24,176.03,174.13,0.0,0,0,0.01488,-1.0,123,239.85
2020-03-16,2020-07-17,420.0,call,0.01,0.05,0.03,0.03,66,367,0.32707,0.00218,123,239.85
2020-03-16,2020-07-17,420.0,put,177.23,181.02,179.12,0.0,0,0,0.01488,-1.0,123,239.85
2020-03-16,2020-09-18,75.0,call,166.22,170.31,168.26,172.88,0,0,1.12705,0.96776,186,239.85
2020-03-16,2020-09-18,75.0,put,0.6,0.75,0.68,0.75,480,1470,0.82461,-0.01156,186,239.85
2020-03-16,2020-09-18,80.0,call,161.2,165.31,163.25,0.0,0,0,1.06851,0.96581,186,239.85
2020-03-16,2020-09-18,80.0,put,0.87,0.9,0.89,0.9,139,242,0.81486,-0.01461,186,239.85
2020-03-16,2020-09-18,85.0,call,156.24,160.32,158.28,0.0,0,0,1.00998,0.96416,186,239.85
2020-03-16,2020-09-18,85.0,put,0.65,1.5,1.07,1.15,76,236,0.79535,-0.01729,186,239.85
2020-03-16,2020-09-18,90.0,call,151.24,155.33,153.29,0.0,0,0,0.9612,0.96193,186,239.85
2020-03-16,2020-09-18,90.0,put,0.8,1.68,1.24,1.44,68,332,0.77583,-0.02023,186,239.85
2020-03-16,2020-09-18,95.0,call,146.2,150.35,148.27,0.0,0,0,0.91242,0.9599,186,239.85
2020-03-16,2020-09-18,95.0,put,1.15,2.0,1.57,1.5,14,301,0.77583,-0.0255,186,239.85
2020-03-16,2020-09-18,100.0,call,141.35,145.43,143.39,182.69,0,51,0.87339,0.95701,186,239.85
2020-03-16,2020-09-18,100.0,put,1.66,2.15,1.9,2.13,857,4366,0.76608,-0.03036,186,239.85
2020-03-16,2020-09-18,105.0,call,136.43,140.53,138.48,0.0,0,0,0.83437,0.95418,186,239.85
2020-03-16,2020-09-18,105.0,put,1.09,3.05,2.07,1.65,130,610,0.73681,-0.03318,186,239.85
2020-03-16,2020-09-18,110.0,call,131.64,135.77,133.7,0.0,0,0,0.8051,0.95011,186,239.85
2020-03-16,2020-09-18,110.0,put,1.44,3.44,2.44,3.05,8,1662,0.72706,-0.03887,186,239.85
2020-03-16,2020-09-18,115.0,call,126.93,131.15,129.04,161.04,0,0,0.78559,0.94447,186,239.85
2020-03-16,2020-09-18,115.0,put,2.65,3.86,3.25,2.75,16,3790,0.74657,-0.04966,186,239.85
2020-03-16,2020-09-18,120.0,call,122.31,126.5,124.41,127.5,2,0,0.76608,0.93848,186,239.85
2020-03-16,2020-09-18,120.0,put,2.29,4.33,3.31,4.12,93,291,0.70754,-0.05196,186,239.85
2020-03-16,2020-09-18,125.0,call,118.08,121.96,120.02,0.0,0,0,0.75632,0.93048,186,239.85
2020-03-16,2020-09-18,125.0,put,3.2,4.87,4.04,3.41,230,7643,0.70754,-0.06113,186,239.85
2020-03-16,2020-09-18,130.0,call,113.59,117.48,115.53,133.21,0,2,0.73681,0.92362,186,239.85
2020-03-16,2020-09-18,130.0,put,3.36,5.44,4.4,4.55,173,236,0.68803,-0.06743,186,239.85
2020-03-16,2020-09-18,135.0,call,109.18,113.06,111.12,166.43,0,1,0.72706,0.91455,186,239.85
2020-03-16,2020-09-18,135.0,put,3.98,6.07,5.03,4.79,13,152,0.68803,-0.07804,186,239.85
2020-03-16,2020-09-18,140.0,call,104.8,108.71,106.75,116.0,0,3,0.70754,0.90674,186,239.85
2020-03-16,2020-09-18,140.0,put,4.65,6.75,5.7,4.87,55,289,0.67828,-0.08745,186,239.85
2020-03-16,2020-09-18,145.0,call,100.49,104.41,102.45,175.73,0,0,0.69779,0.89652,186,239.85
2020-03-16,2020-09-18,145.0,put,5.38,7.5,6.44,6.7,286,5508,0.66852,-0.09751,186,239.85
2020-03-16,2020-09-18,150.0,call,96.28,100.18,98.23,120.52,0,150,0.68803,0.88567,186,239.85
2020-03-16,2020-09-18,150.0,put,6.18,8.3,7.24,8.26,520,2548,0.65876,-0.10824,186,239.85
2020-03-16,2020-09-18,155.0,call,92.09,95.89,93.99,136.5,0,0,0.66852,0.87619,186,239.85
2020-03-16,2020-09-18,155.0,put,7.03,9.17,8.1,8.75,30,1235,0.64901,-0.11965,186,239.85
2020-03-16,2020-09-18,160.0,call,87.92,91.77,89.84,145.7,0,0,0.65876,0.86406,186,239.85
2020-03-16,2020-09-18,160.0,put,9.0,10.1,9.55,9.32,704,779,0.65876,-0.13594,186,239.85
2020-03-16,2020-09-18,165.0,call,83.94,87.67,85.81,135.35,0,0,0.64901,0.85125,186,239.85
2020-03-16,2020-09-18,165.0,put,8.93,11.1,10.02,10.6,146,665,0.6295,-0.14458,186,239.85
2020-03-16,2020-09-18,170.0,call,79.89,83.63,81.76,145.86,0,3,0.63925,0.83775,186,239.85
2020-03-16,2020-09-18,170.0,put,9.98,12.17,11.07,11.34,562,4287,0.61974,-0.15814,186,239.85
2020-03-16,2020-09-18,175.0,call,76.03,79.68,77.86,107.14,0,0,0.6295,0.82356,186,239.85
2020-03-16,2020-09-18,175.0,put,11.09,13.31,12.2,12.5,219,4976,0.60999,-0.17244,186,239.85
2020-03-16,2020-09-18,180.0,call,72.24,75.79,74.02,84.0,0,10,0.61974,0.80865,186,239.85
2020-03-16,2020-09-18,180.0,put,12.31,14.56,13.44,15.0,139,5187,0.60999,-0.18946,186,239.85
2020-03-16,2020-09-18,185.0,call,68.52,71.99,70.25,115.07,0,0,0.60999,0.79302,186,239.85
2020-03-16,2020-09-18,185.0,put,14.39,15.79,15.09,15.56,53,2894,0.60999,-0.20698,186,239.85
2020-03-16,2020-09-18,190.0,call,64.87,68.26,66.56,125.4,0,2,0.60023,0.77666,186,239.85
2020-03-16,2020-09-18,190.0,put,14.74,17.15,15.95,16.6,372,2585,0.59047,-0.22168,186,239.85
2020-03-16,2020-09-18,195.0,call,61.28,64.61,62.95,128.85,0,1,0.59047,0.75956,186,239.85
2020-03-16,2020-09-18,195.0,put,16.13,18.6,17.37,18.47,59,1529,0.58072,-0.23894,186,239.85
2020-03-16,2020-09-18,200.0,call,57.76,61.02,59.39,58.0,32,177,0.58072,0.74172,186,239.85
2020-03-16,2020-09-18,200.0,put,17.59,20.12,18.86,19.08,1267,5757,0.57096,-0.25697,186,239.85
2020-03-16,2020-09-18,205.0,call,54.32,57.52,55.92,57.0,5,128,0.57096,0.72312,186,239.85
2020-03-16,2020-09-18,205.0,put,19.11,21.71,20.41,22.0,614,1304,0.56121,-0.27579,186,239.85
2020-03-16,2020-09-18,210.0,call,50.96,54.11,52.53,54.92,0,428,0.56121,0.70376,186,239.85
2020-03-16,2020-09-18,210.0,put,20.71,23.38,22.05,23.3,176,2698,0.55145,-0.2954,186,239.85
2020-03-16,2020-09-18,215.0,call,47.61,50.72,49.16,51.19,0,24,0.55145,0.68364,186,239.85
2020-03-16,2020-09-18,215.0,put,22.38,25.12,23.75,25.04,61,1740,0.54169,-0.31579,186,239.85
2020-03-16,2020-09-18,220.0,call,44.41,47.5,45.95,47.5,4,113,0.54169,0.66277,186,239.85
2020-03-16,2020-09-18,220.0,put,24.12,26.95,25.54,26.85,200,2728,0.53194,-0.33698,186,239.85
2020-03-16,2020-09-18,222.0,call,43.14,46.22,44.68,47.69,0,28,0.53194,0.65427,186,239.85
2020-03-16,2020-09-18,222.0,put,24.84,27.7,26.27,27.05,314,1564,0.53194,-0.34573,186,239.85
2020-03-16,2020-09-18,225.0,call,41.26,44.33,42.8,46.93,0,517,0.53194,0.64115,186,239.85
2020-03-16,2020-09-18,225.0,put,25.95,28.85,27.4,27.7,747,9711,0.52218,-0.35895,186,239.85
2020-03-16,2020-09-18,230.0,call,38.24,41.27,39.76,44.0,3,85,0.52218,0.61879,186,239.85
2020-03-16,2020-09-18,230.0,put,27.83,30.83,29.33,31.43,791,12130,0.51243,-0.3817,186,239.85
2020-03-16,2020-09-18,232.0,call,37.03,40.05,38.54,0.0,0,0,0.51243,0.60924,186,239.85
2020-03-16,2020-09-18,232.0,put,28.63,31.65,30.14,19.34,0,713,0.51243,-0.39076,186,239.85
2020-03-16,2020-09-18,233.0,call,36.43,39.45,37.94,0.0,0,0,0.51243,0.60472,186,239.85
2020-03-16,2020-09-18,233.0,put,29.04,32.06,30.55,26.3,1,855,0.51243,-0.39528,186,239.85
2020-03-16,2020-09-18,234.0,call,35.84,38.85,37.34,0.0,0,0,0.51243,0.60021,186,239.85
2020-03-16,2020-09-18,234.0,put,29.43,32.52,30.98,31.5,1,1200,0.50267,-0.40061,186,239.85
2020-03-16,2020-09-18,235.0,call,35.24,38.26,36.75,35.0,48,71,0.51243,0.5957,186,239.85
2020-03-16,2020-09-18,235.0,put,29.89,32.94,31.41,32.69,64,2729,0.50267,-0.40521,186,239.85
2020-03-16,2020-09-18,236.0,call,34.65,37.67,36.16,0.0,0,0,0.50267,0.5902,186,239.85
2020-03-16,2020-09-18,236.0,put,30.3,33.36,31.83,30.12,231,1484,0.50267,-0.4098,186,239.85
2020-03-16,2020-09-18,237.0,call,34.07,37.08,35.58,0.0,0,0,0.50267,0.58562,186,239.85
2020-03-16,2020-09-18,237.0,put,30.72,33.79,32.25,30.26,133,980,0.50267,-0.41438,186,239.85
2020-03-16,2020-09-18,238.0,call,33.48,36.49,34.98,0.0,0,0,0.50267,0.58104,186,239.85
2020-03-16,2020-09-18,238.0,put,31.14,34.22,32.68,29.92,1,1367,0.50267,-0.41896,186,239.85
2020-03-16,2020-09-18,239.0,call,32.9,35.91,34.41,0.0,0,0,0.50267,0.57647,186,239.85
2020-03-16,2020-09-18,239.0,put,31.49,34.65,33.07,32.4,1,1149,0.49292,-0.42479,186,239.85
2020-03-16,2020-09-18,240.0,call,32.34,35.34,33.84,33.0,54,39,0.49292,0.57055,186,239.85
2020-03-16,2020-09-18,240.0,put,33.0,35.09,34.05,34.0,633,13295,0.50267,-0.4281,186,239.85
2020-03-16,2020-09-18,241.0,call,31.76,34.77,33.27,32.0,1711,0,0.49292,0.56591,186,239.85
2020-03-16,2020-09-18,241.0,put,32.34,35.53,33.94,31.9,242,1267,0.49292,-0.43409,186,239.85
2020-03-16,2020-09-18,242.0,call,31.19,34.2,32.7,31.44,1890,0,0.49292,0.56127,186,239.85
2020-03-16,2020-09-18,242.0,put,32.72,35.97,34.34,32.46,241,441,0.49292,-0.43873,186,239.85
2020-03-16,2020-09-18,243.0,call,30.63,33.63,32.13,31.38,1697,0,0.49292,0.55665,186,239.85
2020-03-16,2020-09-18,243.0,put,33.16,36.39,34.77,32.97,407,1395,0.48316,-0.445,186,239.85
2020-03-16,2020-09-18,244.0,call,30.07,33.06,31.57,30.0,2859,356,0.49292,0.55203,186,239.85
2020-03-16,2020-09-18,244.0,put,33.59,36.87,35.23,33.44,2091,1602,0.48316,-0.4497,186,239.85
2020-03-16,2020-09-18,245.0,call,30.0,32.34,31.17,30.31,2380,716,0.49292,0.54743,186,239.85
2020-03-16,2020-09-18,245.0,put,34.0,37.32,35.66,38.5,1484,8452,0.48316,-0.4544,186,239.85
2020-03-16,2020-09-18,246.0,call,28.91,31.78,30.34,30.96,2456,3,0.48316,0.54092,186,239.85
2020-03-16,2020-09-18,246.0,put,34.43,37.77,36.1,38.13,1814,1176,0.48316,-0.45908,186,239.85
2020-03-16,2020-09-18,247.0,call,28.35,31.23,29.79,29.98,2189,0,0.48316,0.53625,186,239.85
2020-03-16,2020-09-18,247.0,put,34.96,38.23,36.59,32.89,1733,795,0.48316,-0.46375,186,239.85
2020-03-16,2020-09-18,248.0,call,27.8,30.68,29.24,29.01,2359,1,0.4734,0.52944,186,239.85
2020-03-16,2020-09-18,248.0,put,35.41,38.7,37.05,37.76,1307,26,0.4734,-0.47056,186,239.85
2020-03-16,2020-09-18,249.0,call,27.25,30.14,28.7,28.85,1682,208,0.4734,0.5247,186,239.85
2020-03-16,2020-09-18,249.0,put,35.86,39.17,37.52,39.56,1351,2,0.4734,-0.4753,186,239.85
2020-03-16,2020-09-18,250.0,call,26.7,29.59,28.14,26.72,2132,277,0.4734,0.51998,186,239.85
2020-03-16,2020-09-18,250.0,put,36.22,39.64,37.93,39.62,2757,16318,0.4734,-0.48002,186,239.85
2020-03-16,2020-09-18,251.0,call,26.16,29.06,27.61,27.29,896,252,0.4734,0.51527,186,239.85
2020-03-16,2020-09-18,251.0,put,37.9,40.11,39.0,39.76,1746,246,0.48316,-0.48229,186,239.85
2020-03-16,2020-09-18,252.0,call,25.62,28.52,27.07,26.86,531,1000,0.4734,0.51058,186,239.85
2020-03-16,2020-09-18,252.0,put,37.11,40.59,38.85,37.34,1787,1013,0.46365,-0.49201,186,239.85
2020-03-16,2020-09-18,253.0,call,25.09,27.99,26.54,26.05,1133,97,0.46365,0.50322,186,239.85
2020-03-16,2020-09-18,253.0,put,37.71,41.07,39.39,37.7,1913,28,0.46365,-0.49678,186,239.85
2020-03-16,2020-09-18,254.0,call,24.56,27.47,26.02,26.17,443,27,0.46365,0.49846,186,239.85
2020-03-16,2020-09-18,254.0,put,38.03,41.56,39.8,37.5,16,39,0.46365,-0.50154,186,239.85
2020-03-16,2020-09-18,255.0,call,24.03,26.94,25.48,25.59,266,250,0.46365,0.49373,186,239.85
2020-03-16,2020-09-18,255.0,put,38.5,42.05,40.27,42.69,271,10534,0.46365,-0.50627,186,239.85
2020-03-16,2020-09-18,256.0,call,23.51,26.42,24.97,27.67,1,32,0.46365,0.48901,186,239.85
2020-03-16,2020-09-18,256.0,put,38.96,42.54,40.75,36.1,3,62,0.46365,-0.51099,186,239.85
2020-03-16,2020-09-18,257.0,call,22.98,25.91,24.45,26.21,22,259,0.45389,0.48117,186,239.85
2020-03-16,2020-09-18,257.0,put,39.43,43.04,41.23,38.89,4,148,0.45389,-0.51883,186,239.85
2020-03-16,2020-09-18,258.0,call,22.5,25.43,23.96,26.5,6,621,0.45389,0.4764,186,239.85
2020-03-16,2020-09-18,258.0,put,39.91,43.54,41.72,41.94,33,97,0.45389,-0.5236,186,239.85
2020-03-16,2020-09-18,259.0,call,21.99,24.92,23.45,29.24,0,34,0.45389,0.47165,186,239.85
2020-03-16,2020-09-18,259.0,put,40.4,44.04,42.22,43.66,1,175,0.45389,-0.52835,186,239.85
2020-03-16,2020-09-18,260.0,call,21.47,24.41,22.94,22.5,124,2103,0.45389,0.46692,186,239.85
2020-03-16,2020-09-18,260.0,put,40.89,44.55,42.72,44.85,82,10527,0.45389,-0.53308,186,239.85
2020-03-16,2020-09-18,261.0,call,20.96,23.91,22.44,23.66,1,275,0.44414,0.45858,186,239.85
2020-03-16,2020-09-18,261.0,put,41.35,45.06,43.2,41.0,1,3,0.44414,-0.54142,186,239.85
2020-03-16,2020-09-18,262.0,call,20.46,23.41,21.94,25.86,1,437,0.44414,0.4538,186,239.85
2020-03-16,2020-09-18,262.0,put,41.88,45.57,43.73,39.68,1,200,0.44414,-0.5462,186,239.85
2020-03-16,2020-09-18,263.0,call,19.96,22.92,21.44,20.82,3,274,0.44414,0.44904,186,239.85
2020-03-16,2020-09-18,263.0,put,42.39,46.09,44.24,27.0,0,352,0.44414,-0.55096,186,239.85
2020-03-16,2020-09-18,264.0,call,19.46,22.43,20.95,20.4,4,908,0.44414,0.44431,186,239.85
2020-03-16,2020-09-18,264.0,put,42.81,46.61,44.71,40.28,3,155,0.44414,-0.55569,186,239.85
2020-03-16,2020-09-18,265.0,call,18.96,21.94,20.45,19.21,2,461,0.43438,0.43548,186,239.85
2020-03-16,2020-09-18,265.0,put,43.41,47.14,45.27,48.34,458,6826,0.43438,-0.56452,186,239.85
2020-03-16,2020-09-18,266.0,call,18.47,21.46,19.96,23.29,292,2581,0.43438,0.43071,186,239.85
2020-03-16,2020-09-18,266.0,put,44.1,47.67,45.89,37.37,0,2454,0.43438,-0.56929,186,239.85
2020-03-16,2020-09-18,267.0,call,17.98,20.98,19.48,22.78,144,1178,0.43438,0.42596,186,239.85
2020-03-16,2020-09-18,267.0,put,44.36,48.2,46.28,28.28,0,15,0.43438,-0.57404,186,239.85
2020-03-16,2020-09-18,268.0,call,17.5,20.5,19.0,18.66,3,828,0.43438,0.42124,186,239.85
2020-03-16,2020-09-18,268.0,put,44.88,48.74,46.81,48.01,1793,3715,0.43438,-0.57876,186,239.85
2020-03-16,2020-09-18,269.0,call,17.02,20.03,18.52,19.65,251,812,0.42462,0.41191,186,239.85
2020-03-16,2020-09-18,269.0,put,45.41,49.28,47.34,46.31,1,1734,0.42462,-0.58809,186,239.85
2020-03-16,2020-09-18,270.0,call,16.54,19.56,18.05,18.75,2027,4680,0.42462,0.40716,186,239.85
2020-03-16,2020-09-18,270.0,put,45.9,49.83,47.86,48.05,337,17156,0.42462,-0.59284,186,239.85
2020-03-16,2020-09-18,271.0,call,16.07,19.1,17.59,18.67,103,874,0.42462,0.40243,186,239.85
2020-03-16,2020-09-18,271.0,put,46.44,50.38,48.41,50.52,8,2730,0.42462,-0.59757,186,239.85
2020-03-16,2020-09-18,272.0,call,15.6,18.64,17.12,20.27,20,1540,0.41487,0.39267,186,239.85
2020-03-16,2020-09-18,272.0,put,46.93,50.93,48.93,50.0,21,1013,0.42462,-0.60227,186,239.85
2020-03-16,2020-09-18,273.0,call,15.14,18.19,16.66,19.44,2,758,0.41487,0.38792,186,239.85
2020-03-16,2020-09-18,273.0,put,47.46,51.44,49.45,47.5,2,743,0.41487,-0.61208,186,239.85
2020-03-16,2020-09-18,274.0,call,14.68,17.74,16.21,19.19,393,4755,0.41487,0.3832,186,239.85
2020-03-16,2020-09-18,274.0,put,48.03,52.01,50.02,45.66,1,3042,0.41487,-0.6168,186,239.85
2020-03-16,2020-09-18,275.0,call,14.46,17.29,15.88,15.38,168,2652,0.41487,0.37851,186,239.85
2020-03-16,2020-09-18,275.0,put,48.59,52.58,50.59,50.0,339,10577,0.41487,-0.62149,186,239.85
2020-03-16,2020-09-18,276.0,call,13.77,16.85,15.31,18.6,0,406,0.40511,0.36827,186,239.85
2020-03-16,2020-09-18,276.0,put,49.14,53.15,51.14,47.84,3,470,0.40511,-0.63173,186,239.85
2020-03-16,2020-09-18,277.0,call,13.32,16.42,14.87,14.61,16,261,0.40511,0.36356,186,239.85
2020-03-16,2020-09-18,277.0,put,49.94,53.73,51.83,54.19,5,3081,0.40511,-0.63644,186,239.85
2020-03-16,2020-09-18,278.0,call,12.88,15.99,14.44,13.93,11,419,0.40511,0.3589,186,239.85
2020-03-16,2020-09-18,278.0,put,50.5,54.31,52.41,48.91,28,1811,0.40511,-0.6411,186,239.85
2020-03-16,2020-09-18,279.0,call,12.44,15.56,14.0,16.64,2,35,0.40511,0.35427,186,239.85
2020-03-16,2020-09-18,279.0,put,50.98,54.9,52.94,55.32,10,1919,0.40511,-0.64573,186,239.85
2020-03-16,2020-09-18,280.0,call,13.4,14.0,13.7,12.47,8557,7025,0.39536,0.34355,186,239.85
2020-03-16,2020-09-18,280.0,put,51.55,55.5,53.52,55.85,216,24045,0.39536,-0.65645,186,239.85
2020-03-16,2020-09-18,281.0,call,11.58,14.72,13.15,14.33,4,1015,0.39536,0.33892,186,239.85
2020-03-16,2020-09-18,281.0,put,52.14,56.09,54.12,50.94,3,1924,0.39536,-0.66108,186,239.85
2020-03-16,2020-09-18,282.0,call,11.15,14.31,12.73,15.25,2,2327,0.39536,0.33433,186,239.85
2020-03-16,2020-09-18,282.0,put,52.72,56.7,54.71,46.4,17,4728,0.39536,-0.66567,186,239.85
2020-03-16,2020-09-18,283.0,call,10.73,13.9,12.32,14.06,1,1131,0.3856,0.32321,186,239.85
2020-03-16,2020-09-18,283.0,put,53.46,57.31,55.39,45.05,0,1999,0.39536,-0.67023,186,239.85
2020-03-16,2020-09-18,284.0,call,10.32,13.5,11.91,12.95,7,239,0.3856,0.31862,186,239.85
2020-03-16,2020-09-18,284.0,put,53.91,57.92,55.91,56.48,3,1615,0.3856,-0.68138,186,239.85
2020-03-16,2020-09-18,285.0,call,10.8,13.1,11.95,11.38,70,4097,0.39536,0.32079,186,239.85
2020-03-16,2020-09-18,285.0,put,54.51,58.54,56.52,56.91,81,7279,0.3856,-0.68592,186,239.85
2020-03-16,2020-09-18,286.0,call,9.5,12.71,11.11,11.69,3,1098,0.37584,0.30258,186,239.85
2020-03-16,2020-09-18,286.0,put,55.12,59.16,57.14,54.23,140,709,0.3856,-0.69042,186,239.85
2020-03-16,2020-09-18,287.0,call,9.1,12.32,10.71,11.37,3,1612,0.37584,0.29805,186,239.85
2020-03-16,2020-09-18,287.0,put,55.73,59.79,57.76,55.54,28,532,0.3856,-0.69488,186,239.85
2020-03-16,2020-09-18,288.0,call,8.71,11.94,10.32,9.58,304,4068,0.37584,0.29357,186,239.85
2020-03-16,2020-09-18,288.0,put,56.35,60.43,58.39,55.59,698,1324,0.37584,-0.70643,186,239.85
2020-03-16,2020-09-18,289.0,call,8.32,11.56,9.94,10.69,674,2098,0.37584,0.28914,186,239.85
2020-03-16,2020-09-18,289.0,put,56.97,61.02,59.0,61.35,90,533,0.37584,-0.71086,186,239.85
2020-03-16,2020-09-18,290.0,call,7.93,11.19,9.56,9.35,342,8130,0.36609,0.27726,186,239.85
2020-03-16,2020-09-18,290.0,put,57.36,61.54,59.45,59.16,280,16896,0.36609,-0.72274,186,239.85
2020-03-16,2020-09-18,291.0,call,7.56,10.83,9.2,9.12,8,3841,0.36609,0.27287,186,239.85
2020-03-16,2020-09-18,291.0,put,58.24,62.28,60.26,56.73,52,1226,0.36609,-0.72713,186,239.85
2020-03-16,2020-09-18,292.0,call,7.19,10.47,8.83,9.54,1379,1621,0.36609,0.26852,186,239.85
2020-03-16,2020-09-18,292.0,put,58.63,62.86,60.75,59.25,389,1064,0.36609,-0.73148,186,239.85
2020-03-16,2020-09-18,293.0,call,7.0,10.12,8.56,10.37,7,989,0.35633,0.25633,186,239.85
2020-03-16,2020-09-18,293.0,put,59.25,63.46,61.36,48.25,0,444,0.35633,-0.74367,186,239.85
2020-03-16,2020-09-18,294.0,call,6.47,9.78,8.12,8.0,120,833,0.35633,0.25204,186,239.85
2020-03-16,2020-09-18,294.0,put,59.91,64.11,62.01,63.0,1,1593,0.35633,-0.74796,186,239.85
2020-03-16,2020-09-18,295.0,call,6.13,9.44,7.79,7.95,77,2572,0.35633,0.2478,186,239.85
2020-03-16,2020-09-18,295.0,put,60.56,64.6,62.58,65.0,93,203896,0.35633,-0.7522,186,239.85
2020-03-16,2020-09-18,296.0,call,5.78,9.1,7.44,6.9,358,1159,0.34658,0.23535,186,239.85
2020-03-16,2020-09-18,296.0,put,61.57,65.6,63.58,60.35,5,595,0.35633,-0.75639,186,239.85
2020-03-16,2020-09-18,297.0,call,5.45,8.78,7.12,7.16,1405,4286,0.34658,0.23117,186,239.85
2020-03-16,2020-09-18,297.0,put,62.25,66.29,64.27,58.91,1,1282,0.35633,-0.76053,186,239.85
2020-03-16,2020-09-18,298.0,call,5.12,8.45,6.79,7.52,269,954,0.34658,0.22706,186,239.85
2020-03-16,2020-09-18,298.0,put,62.94,66.84,64.89,36.35,0,3227,0.34658,-0.77294,186,239.85
2020-03-16,2020-09-18,299.0,call,4.8,8.14,6.47,5.66,1,704,0.33682,0.2144,186,239.85
2020-03-16,2020-09-18,299.0,put,63.64,67.56,65.6,51.68,0,9603,0.34658,-0.777,186,239.85
2020-03-16,2020-09-18,300.0,call,5.7,6.45,6.08,5.78,2519,22501,0.33682,0.21037,186,239.85
2020-03-16,2020-09-18,300.0,put,64.34,68.19,66.27,66.43,180,49790,0.34658,-0.78101,186,239.85
2020-03-16,2020-09-18,301.0,call,4.2,7.54,5.87,5.69,8,3390,0.33682,0.2064,186,239.85
2020-03-16,2020-09-18,301.0,put,65.06,68.9,66.98,60.67,2,3116,0.33682,-0.7936,186,239.85
2020-03-16,2020-09-18,302.0,call,3.91,7.25,5.58,7.05,7,1782,0.32707,0.19361,186,239.85
2020-03-16,2020-09-18,302.0,put,65.78,69.61,67.69,63.03,4,6229,0.33682,-0.79751,186,239.85
2020-03-16,2020-09-18,303.0,call,3.63,6.96,5.29,4.1,0,2256,0.32707,0.18974,186,239.85
2020-03-16,2020-09-18,303.0,put,66.51,70.38,68.44,70.03,1,1939,0.33682,-0.80137,186,239.85
2020-03-16,2020-09-18,304.0,call,3.36,6.68,5.02,6.31,0,1985,0.32707,0.18594,186,239.85
2020-03-16,2020-09-18,304.0,put,67.22,71.06,69.14,65.54,8,671,0.33682,-0.80517,186,239.85
2020-03-16,2020-09-18,305.0,call,4.0,6.41,5.21,5.03,49,11475,0.32707,0.1822,186,239.85
2020-03-16,2020-09-18,305.0,put,67.97,71.81,69.89,65.64,37,5175,0.32707,-0.8178,186,239.85
2020-03-16,2020-09-18,306.0,call,2.84,6.14,4.49,6.63,1,1102,0.31731,0.16943,186,239.85
2020-03-16,2020-09-18,306.0,put,68.73,72.56,70.65,67.45,2,1448,0.32707,-0.82148,186,239.85
2020-03-16,2020-09-18,307.0,call,2.6,5.88,4.24,4.95,7,2023,0.31731,0.16582,186,239.85
2020-03-16,2020-09-18,307.0,put,69.5,73.37,71.44,60.48,0,3705,0.32707,-0.82511,186,239.85
2020-03-16,2020-09-18,308.0,call,2.36,5.63,4.0,4.0,1320,0,0.30755,0.15303,186,239.85
2020-03-16,2020-09-18,308.0,put,70.28,74.14,72.21,67.13,4,3616,0.32707,-0.82867,186,239.85
2020-03-16,2020-09-18,309.0,call,2.14,5.38,3.76,4.17,15,2923,0.30755,0.14957,186,239.85
2020-03-16,2020-09-18,309.0,put,71.07,74.88,72.97,69.17,48,840,0.31731,-0.84122,186,239.85
2020-03-16,2020-09-18,310.0,call,3.3,5.14,4.22,3.6,3144,10484,0.32707,0.16437,186,239.85
2020-03-16,2020-09-18,310.0,put,71.87,75.67,73.77,75.44,112,11454,0.31731,-0.84465,186,239.85
2020-03-16,2020-09-18,311.0,call,1.74,4.91,3.33,3.74,16,399,0.30755,0.14284,186,239.85
2020-03-16,2020-09-18,311.0,put,72.67,76.47,74.57,70.59,140,1173,0.31731,-0.84802,186,239.85
2020-03-16,2020-09-18,312.0,call,1.55,4.69,3.12,3.28,191,2032,0.2978,0.13033,186,239.85
2020-03-16,2020-09-18,312.0,put,73.49,77.28,75.38,69.0,0,2700,0.31731,-0.85133,186,239.85
2020-03-16,2020-09-18,313.0,call,2.1,4.48,3.29,3.65,13,1962,0.30755,0.13635,186,239.85
2020-03-16,2020-09-18,313.0,put,74.32,78.1,76.21,73.17,4,3442,0.30755,-0.86365,186,239.85
2020-03-16,2020-09-18,314.0,call,2.1,4.27,3.18,3.19,689,1211,0.30755,0.1332,186,239.85
2020-03-16,2020-09-18,314.0,put,75.15,78.94,77.05,73.17,6,2986,0.30755,-0.8668,186,239.85
2020-03-16,2020-09-18,315.0,call,2.5,4.08,3.29,3.49,2677,7471,0.30755,0.13011,186,239.85
2020-03-16,2020-09-18,315.0,put,76.0,79.78,77.89,68.68,11,3629,0.30755,-0.86989,186,239.85
2020-03-16,2020-09-18,316.0,call,0.94,3.87,2.41,2.68,536,3170,0.28804,0.10898,186,239.85
2020-03-16,2020-09-18,316.0,put,76.85,80.62,78.73,75.76,692,709,0.30755,-0.87292,186,239.85
2020-03-16,2020-09-18,317.0,call,0.81,3.7,2.25,2.6,1,1995,0.28804,0.10614,186,239.85
2020-03-16,2020-09-18,317.0,put,77.65,81.48,79.56,76.65,26,564,0.30755,-0.87589,186,239.85
2020-03-16,2020-09-18,318.0,call,0.7,3.53,2.11,2.3,2,846,0.28804,0.10336,186,239.85
2020-03-16,2020-09-18,318.0,put,78.57,82.34,80.45,76.59,60,879,0.2978,-0.88771,186,239.85
2020-03-16,2020-09-18,319.0,call,0.59,3.36,1.97,2.75,24,1780,0.27829,0.09179,186,239.85
2020-03-16,2020-09-18,319.0,put,79.38,83.21,81.29,75.54,52,474,0.2978,-0.8905,186,239.85
2020-03-16,2020-09-18,320.0,call,1.8,3.0,2.4,1.75,463,7254,0.2978,0.10677,186,239.85
2020-03-16,2020-09-18,320.0,put,80.26,84.09,82.18,83.85,241,10923,0.2978,-0.89323,186,239.85
2020-03-16,2020-09-18,321.0,call,0.42,3.06,1.74,2.18,31,2374,0.27829,0.08672,186,239.85
2020-03-16,2020-09-18,321.0,put,81.11,84.96,83.03,51.4,0,756,0.2978,-0.89591,186,239.85
2020-03-16,2020-09-18,322.0,call,0.37,2.3,1.33,1.85,34,995,0.25877,0.06743,186,239.85
2020-03-16,2020-09-18,322.0,put,82.0,85.85,83.92,80.18,472,2869,0.2978,-0.89853,186,239.85
2020-03-16,2020-09-18,323.0,call,0.31,2.78,1.54,0.0,0,3340,0.27829,0.08188,186,239.85
2020-03-16,2020-09-18,323.0,put,82.9,86.75,84.83,82.88,597,2237,0.2978,-0.90109,186,239.85
2020-03-16,2020-09-18,324.0,call,0.21,2.65,1.43,1.74,31,1019,0.26853,0.07128,186,239.85
2020-03-16,2020-09-18,324.0,put,83.81,87.66,85.73,81.01,548,936,0.2978,-0.9036,186,239.85
2020-03-16,2020-09-18,325.0,call,0.3,2.0,1.15,1.25,83,8715,0.25877,0.06113,186,239.85
2020-03-16,2020-09-18,325.0,put,84.73,88.57,86.65,85.15,560,7595,0.28804,-0.91443,186,239.85
2020-03-16,2020-09-18,326.0,call,1.0,1.88,1.44,1.58,44,657,0.27829,0.07507,186,239.85
2020-03-16,2020-09-18,326.0,put,85.65,89.49,87.57,85.43,486,2106,0.28804,-0.91674,186,239.85
2020-03-16,2020-09-18,327.0,call,0.88,2.31,1.59,1.76,0,2899,0.28804,0.081,186,239.85
2020-03-16,2020-09-18,327.0,put,86.57,90.41,88.49,84.0,487,632,0.28804,-0.919,186,239.85
2020-03-16,2020-09-18,328.0,call,0.91,2.21,1.56,1.28,12,4479,0.28804,0.0788,186,239.85
2020-03-16,2020-09-18,328.0,put,87.5,91.4,89.45,85.27,244,1889,0.28804,-0.9212,186,239.85
2020-03-16,2020-09-18,329.0,call,0.18,2.12,1.15,1.0,10,1579,0.26853,0.06103,186,239.85
2020-03-16,2020-09-18,329.0,put,88.27,92.27,90.27,87.2,530,565,0.28804,-0.92336,186,239.85
2020-03-16,2020-09-18,330.0,call,1.0,1.25,1.12,1.19,342,4354,0.26853,0.05914,186,239.85
2020-03-16,2020-09-18,330.0,put,89.34,93.28,91.31,86.38,151,1403,0.28804,-0.92546,186,239.85
2020-03-16,2020-09-18,331.0,call,0.26,1.88,1.07,0.91,0,948,0.26853,0.0573,186,239.85
2020-03-16,2020-09-18,331.0,put,90.28,94.23,92.25,82.8,0,3279,0.28804,-0.92751,186,239.85
2020-03-16,2020-09-18,332.0,call,0.09,1.8,0.95,1.74,14,0,0.26853,0.05552,186,239.85
2020-03-16,2020-09-18,332.0,put,91.23,95.17,93.2,96.73,1,686,0.28804,-0.92951,186,239.85
2020-03-16,2020-09-18,333.0,call,0.12,1.65,0.89,1.28,3,749,0.26853,0.05378,186,239.85
2020-03-16,2020-09-18,333.0,put,92.18,96.12,94.15,80.61,0,842,0.28804,-0.93147,186,239.85
2020-03-16,2020-09-18,334.0,call,0.5,1.59,1.04,1.1,6,0,0.27829,0.05925,186,239.85
2020-03-16,2020-09-18,334.0,put,93.14,97.11,95.12,93.0,1,1874,0.28804,-0.93337,186,239.85
2020-03-16,2020-09-18,335.0,call,0.45,1.48,0.96,0.71,97,3819,0.26853,0.05045,186,239.85
2020-03-16,2020-09-18,335.0,put,94.13,98.07,96.1,89.39,3,2298,0.28804,-0.93523,186,239.85
2020-03-16,2020-09-18,336.0,call,0.43,1.41,0.92,0.83,4,7422,0.26853,0.04886,186,239.85
2020-03-16,2020-09-18,336.0,put,95.09,99.03,97.06,47.61,0,549,0.28804,-0.93704,186,239.85
2020-03-16,2020-09-18,337.0,call,0.7,1.35,1.02,1.0,4,909,0.27829,0.05412,186,239.85
2020-03-16,2020-09-18,337.0,put,96.0,100.06,98.03,64.49,0,123,0.28804,-0.93881,186,239.85
2020-03-16,2020-09-18,338.0,call,0.03,1.1,0.57,1.0,3,1110,0.24902,0.03335,186,239.85
2020-03-16,2020-09-18,338.0,put,96.99,100.95,98.97,97.88,3,826,0.28804,-0.94053,186,239.85
2020-03-16,2020-09-18,339.0,call,0.04,1.21,0.62,1.0,0,413,0.25877,0.03806,186,239.85
2020-03-16,2020-09-18,339.0,put,97.83,101.92,99.88,97.86,5,39,0.28804,-0.94221,186,239.85
2020-03-16,2020-09-18,340.0,call,0.57,1.15,0.86,0.6,991,21272,0.27829,0.0494,186,239.85
2020-03-16,2020-09-18,340.0,put,98.8,102.89,100.84,102.02,86,3058,0.28804,-0.94385,186,239.85
2020-03-16,2020-09-18,341.0,call,0.01,1.11,0.56,1.03,0,0,0.25877,0.0355,186,239.85
2020-03-16,2020-09-18,341.0,put,99.88,103.76,101.82,99.97,2,183,0.28804,-0.94545,186,239.85
2020-03-16,2020-09-18,342.0,call,0.5,1.07,0.79,1.01,6,0,0.27829,0.04645,186,239.85
2020-03-16,2020-09-18,342.0,put,100.85,104.91,102.88,52.19,0,39,0.2978,-0.94023,186,239.85
2020-03-16,2020-09-18,343.0,call,0.45,1.05,0.75,0.65,51,2037,0.27829,0.04504,186,239.85
2020-03-16,2020-09-18,343.0,put,101.83,105.89,103.86,71.62,0,763,0.2978,-0.94184,186,239.85
2020-03-16,2020-09-18,344.0,put,102.81,106.86,104.84,71.28,0,11,0.2978,-0.94342,186,239.85
2020-03-16,2020-09-18,345.0,call,0.41,0.93,0.67,1.01,163,3433,0.26853,0.03641,186,239.85
2020-03-16,2020-09-18,345.0,put,103.79,107.87,105.83,108.17,1,896,0.2978,-0.94495,186,239.85
2020-03-16,2020-09-18,346.0,put,104.77,108.82,106.79,73.13,0,10,0.2978,-0.94645,186,239.85
2020-03-16,2020-09-18,347.0,put,105.76,109.81,107.78,0.0,0,0,0.2978,-0.94791,186,239.85
2020-03-16,2020-09-18,348.0,put,106.73,110.79,108.76,74.31,0,3,0.2978,-0.94934,186,239.85
2020-03-16,2020-09-18,349.0,call,0.3,0.81,0.56,0.5,5,0,0.26853,0.03186,186,239.85
2020-03-16,2020-09-18,349.0,put,107.72,111.8,109.76,21.79,0,6,0.2978,-0.95073,186,239.85
2020-03-16,2020-09-18,350.0,call,0.38,0.57,0.47,0.46,1796,19182,0.26853,0.03081,186,239.85
2020-03-16,2020-09-18,350.0,put,108.7,112.82,110.76,105.14,12,2202,0.30755,-0.94584,186,239.85
2020-03-16,2020-09-18,351.0,call,0.25,0.53,0.39,0.48,467,4090,0.25877,0.02488,186,239.85
2020-03-16,2020-09-18,351.0,put,109.7,113.77,111.73,44.6,0,4,0.30755,-0.94725,186,239.85
2020-03-16,2020-09-18,352.0,put,110.68,114.75,112.72,24.92,0,3,0.30755,-0.94863,186,239.85
2020-03-16,2020-09-18,353.0,call,0.02,0.74,0.38,0.44,0,811,0.25877,0.02314,186,239.85
2020-03-16,2020-09-18,353.0,put,111.66,115.79,113.72,30.95,0,3,0.30755,-0.94998,186,239.85
2020-03-16,2020-09-18,354.0,call,0.28,0.73,0.51,0.74,4,0,0.27829,0.03188,186,239.85
2020-03-16,2020-09-18,354.0,put,112.65,116.9,114.78,22.52,0,1,0.31731,-0.94517,186,239.85
2020-03-16,2020-09-18,355.0,call,0.26,0.69,0.47,0.57,349,10814,0.26853,0.02601,186,239.85
2020-03-16,2020-09-18,355.0,put,113.64,117.72,115.68,85.14,0,4986,0.30755,-0.95258,186,239.85
2020-03-16,2020-09-18,356.0,call,0.01,0.45,0.23,0.43,5,153,0.24902,0.01677,186,239.85
2020-03-16,2020-09-18,356.0,put,114.63,118.71,116.67,81.81,0,2,0.30755,-0.95383,186,239.85
2020-03-16,2020-09-18,357.0,put,115.62,119.7,117.66,23.4,0,0,0.30755,-0.95505,186,239.85
2020-03-16,2020-09-18,358.0,put,116.61,120.69,118.65,24.0,0,0,0.31731,-0.95046,186,239.85
2020-03-16,2020-09-18,359.0,put,117.6,121.68,119.64,85.51,0,10,0.31731,-0.95171,186,239.85
2020-03-16,2020-09-18,360.0,call,0.1,0.66,0.38,0.4,162,3006,0.26853,0.0219,186,239.85
2020-03-16,2020-09-18,360.0,put,118.59,122.67,120.63,86.99,0,2875,0.31731,-0.95293,186,239.85
2020-03-16,2020-09-18,361.0,put,119.59,123.66,121.62,87.45,0,10,0.31731,-0.95412,186,239.85
2020-03-16,2020-09-18,362.0,call,0.17,0.33,0.25,0.45,6,0,0.25877,0.01662,186,239.85
2020-03-16,2020-09-18,362.0,put,120.57,124.65,122.61,88.42,0,10,0.31731,-0.95528,186,239.85
2020-03-16,2020-09-18,363.0,put,121.56,125.81,123.69,89.4,0,10,0.32707,-0.9508,186,239.85
2020-03-16,2020-09-18,364.0,put,122.56,126.67,124.62,0.0,0,0,0.31731,-0.95753,186,239.85
2020-03-16,2020-09-18,365.0,call,0.2,0.4,0.3,0.24,37,1277,0.26853,0.0184,186,239.85
2020-03-16,2020-09-18,365.0,put,123.55,127.63,125.59,91.35,0,780,0.31731,-0.95861,186,239.85
2020-03-16,2020-09-18,366.0,call,0.05,0.61,0.33,0.23,1,1214,0.27829,0.02161,186,239.85
2020-03-16,2020-09-18,366.0,put,124.54,128.62,126.58,0.0,0,0,0.32707,-0.95429,186,239.85
2020-03-16,2020-09-18,367.0,call,0.03,0.6,0.32,0.26,0,42,0.27829,0.02091,186,239.85
2020-03-16,2020-09-18,367.0,put,125.53,129.59,127.56,93.31,0,10,0.32707,-0.9554,186,239.85
2020-03-16,2020-09-18,368.0,call,0.03,0.6,0.32,0.3,0,586,0.27829,0.02023,186,239.85
2020-03-16,2020-09-18,368.0,put,126.53,130.64,128.58,0.0,0,0,0.32707,-0.95648,186,239.85
2020-03-16,2020-09-18,369.0,put,127.52,131.61,129.56,0.0,0,0,0.32707,-0.95754,186,239.85
2020-03-16,2020-09-18,370.0,put,128.52,132.59,130.56,96.64,0,111,0.32707,-0.95858,186,239.85
2020-03-16,2020-09-18,371.0,put,129.51,133.6,131.56,97.24,0,10,0.32707,-0.9596,186,239.85
2020-03-16,2020-09-18,375.0,call,0.21,0.35,0.28,0.3,63,26107,0.27829,0.01602,186,239.85
2020-03-16,2020-09-18,375.0,put,133.48,137.56,135.52,101.19,0,12,0.33682,-0.95847,186,239.85
2020-03-16,2020-09-18,380.0,call,0.08,0.28,0.18,0.3,546,2418,0.26853,0.01078,186,239.85
2020-03-16,2020-09-18,380.0,put,138.45,142.53,140.49,106.13,0,221,0.33682,-0.96313,186,239.85
2020-03-16,2020-09-18,385.0,call,0.11,0.22,0.17,0.25,30,4415,0.27829,0.01141,186,239.85
2020-03-16,2020-09-18,385.0,put,143.42,147.5,145.46,111.08,0,35,0.34658,-0.96278,186,239.85
2020-03-16,2020-09-18,390.0,call,0.01,0.45,0.23,0.25,102,0,0.2978,0.01483,186,239.85
2020-03-16,2020-09-18,390.0,put,148.39,152.58,150.49,55.51,0,1,0.35633,-0.96237,186,239.85
2020-03-16,2020-09-18,395.0,call,0.01,0.25,0.13,0.07,1,16965,0.27829,0.00808,186,239.85
2020-03-16,2020-09-18,395.0,put,153.36,157.55,155.46,0.0,0,0,0.36609,-0.96192,186,239.85
2020-03-16,2020-09-18,400.0,call,0.11,0.16,0.14,0.11,56,1040,0.28804,0.0087,186,239.85
2020-03-16,2020-09-18,400.0,put,158.33,162.41,160.37,101.18,0,5,0.36609,-0.96574,186,239.85
2020-03-16,2020-09-18,405.0,put,163.31,167.42,165.37,0.0,0,0,0.36609,-0.96919,186,239.85
2020-03-16,2020-09-18,410.0,put,168.28,172.36,170.32,0.0,0,0,0.37584,-0.96852,186,239.85
2020-03-16,2020-09-18,415.0,call,0.03,0.48,0.26,0.11,0,64,0.32707,0.013,186,239.85
2020-03-16,2020-09-18,415.0,put,173.26,177.34,175.3,0.0,0,0,0.37584,-0.97158,186,239.85
2020-03-16,2020-09-18,420.0,call,0.05,0.16,0.11,0.11,374,576,0.30755,0.00742,186,239.85
2020-03-16,2020-09-18,420.0,put,178.24,182.33,180.29,0.0,0,0,0.3856,-0.97082,186,239.85
2020-03-16,2020-09-18,425.0,call,0.08,0.4,0.24,0.4,0,0,0.33682,0.01211,186,239.85
2020-03-16,2020-09-18,425.0,put,183.22,187.39,185.31,0.0,0,0,0.39536,-0.97004,186,239.85
2020-03-16,2020-09-18,430.0,put,188.21,192.32,190.26,0.0,0,0,0.39536,-0.97275,186,239.85
2020-03-16,2020-09-18,440.0,call,0.01,0.2,0.11,0.07,183,385,0.32707,0.00663,186,239.85
2020-03-16,2020-09-18,440.0,put,198.17,202.3,200.24,135.86,0,1,0.40511,-0.97436,186,239.85
2020-03-16,2020-09-18,450.0,call,0.04,0.2,0.12,0.24,0,326,0.33682,0.00636,186,239.85
2020-03-16,2020-09-18,450.0,put,208.15,212.26,210.2,125.99,0,40,0.41487,-0.97571,186,239.85
2020-03-16,2020-09-18,460.0,put,218.12,222.25,220.19,0.0,0,0,0.43438,-0.97387,186,239.85
2020-03-16,2020-09-18,465.0,put,223.11,227.18,225.15,0.0,0,0,0.43438,-0.97591,186,239.85
2020-03-16,2020-09-18,470.0,put,228.1,232.17,230.13,0.0,0,0,0.43438,-0.9778,186,239.85
2020-03-16,2020-09-30,185.0,call,68.53,72.07,70.3,0.0,0,0,0.59047,0.79321,198,239.85
2020-03-16,2020-09-30,185.0,put,13.62,16.03,14.82,16.3,278,169,0.58072,-0.20494,198,239.85
2020-03-16,2020-09-30,190.0,call,64.87,68.34,66.61,0.0,0,0,0.58072,0.7769,198,239.85
2020-03-16,2020-09-30,190.0,put,14.94,17.4,16.17,14.01,3547,183,0.57096,-0.22138,198,239.85
2020-03-16,2020-09-30,195.0,call,61.28,64.66,62.97,0.0,0,0,0.57096,0.75983,198,239.85
2020-03-16,2020-09-30,195.0,put,16.32,18.84,17.58,16.92,16,163,0.56121,-0.23861,198,239.85
2020-03-16,2020-09-30,199.0,call,58.47,61.8,60.13,101.9,0,2,0.56121,0.7459,198,239.85
2020-03-16,2020-09-30,199.0,put,17.49,20.05,18.77,17.55,14,944,0.56121,-0.2541,198,239.85
2020-03-16,2020-09-30,200.0,call,57.77,61.09,59.43,61.0,0,3,0.56121,0.742,198,239.85
2020-03-16,2020-09-30,200.0,put,17.78,20.36,19.07,19.77,51,972,0.56121,-0.258,198,239.85
2020-03-16,2020-09-30,205.0,call,54.34,57.6,55.97,0.0,0,0,0.55145,0.7234,198,239.85
2020-03-16,2020-09-30,205.0,put,19.31,21.96,20.63,19.45,2,695,0.55145,-0.2766,198,239.85
2020-03-16,2020-09-30,210.0,call,51.0,54.21,52.61,73.68,0,10,0.54169,0.70402,198,239.85
2020-03-16,2020-09-30,210.0,put,20.93,23.63,22.28,24.0,90,226,0.54169,-0.29598,198,239.85
2020-03-16,2020-09-30,215.0,call,47.65,50.83,49.24,0.0,0,0,0.53194,0.68386,198,239.85
2020-03-16,2020-09-30,215.0,put,22.58,25.38,23.98,25.8,391,1826,0.53194,-0.31614,198,239.85
2020-03-16,2020-09-30,220.0,call,44.38,47.52,45.95,57.0,0,50,0.52218,0.66292,198,239.85
2020-03-16,2020-09-30,220.0,put,24.32,27.2,25.76,26.96,47,607,0.52218,-0.33708,198,239.85
2020-03-16,2020-09-30,225.0,call,41.29,44.41,42.85,60.66,0,10,0.51243,0.64119,198,239.85
2020-03-16,2020-09-30,225.0,put,26.18,29.1,27.64,28.27,119,642,0.51243,-0.35881,198,239.85
2020-03-16,2020-09-30,230.0,call,38.27,41.35,39.81,94.63,0,4,0.50267,0.61869,198,239.85
2020-03-16,2020-09-30,230.0,put,28.06,31.09,29.57,29.2,27,288,0.50267,-0.38131,198,239.85
2020-03-16,2020-09-30,231.0,call,37.67,40.75,39.21,38.41,10,0,0.50267,0.61422,198,239.85
2020-03-16,2020-09-30,231.0,put,28.46,31.49,29.98,30.43,11,1,0.50267,-0.38578,198,239.85
2020-03-16,2020-09-30,232.0,call,37.06,40.14,38.6,0.0,0,0,0.50267,0.60975,198,239.85
2020-03-16,2020-09-30,232.0,put,28.82,31.9,30.36,21.2,0,1,0.49292,-0.39092,198,239.85
2020-03-16,2020-09-30,233.0,call,36.47,39.54,38.0,36.79,10,0,0.49292,0.60452,198,239.85
2020-03-16,2020-09-30,233.0,put,29.2,32.31,30.76,27.88,1,0,0.49292,-0.39548,198,239.85
2020-03-16,2020-09-30,234.0,call,35.87,38.94,37.41,0.0,0,0,0.49292,0.59997,198,239.85
2020-03-16,2020-09-30,234.0,put,29.6,32.73,31.16,26.04,1,1,0.49292,-0.40003,198,239.85
2020-03-16,2020-09-30,235.0,call,35.28,38.35,36.81,35.0,2,0,0.49292,0.59543,198,239.85
2020-03-16,2020-09-30,235.0,put,30.0,33.15,31.57,32.08,3,139,0.49292,-0.40457,198,239.85
2020-03-16,2020-09-30,236.0,call,34.69,37.76,36.22,0.0,0,0,0.49292,0.59089,198,239.85
2020-03-16,2020-09-30,236.0,put,30.45,33.62,32.03,0.0,0,0,0.49292,-0.40911,198,239.85
2020-03-16,2020-09-30,237.0,call,34.11,37.17,35.64,0.0,0,0,0.49292,0.58636,198,239.85
2020-03-16,2020-09-30,237.0,put,30.94,34.05,32.49,28.81,4,1,0.49292,-0.41364,198,239.85
2020-03-16,2020-09-30,238.0,call,33.54,36.6,35.07,0.0,0,0,0.48316,0.58063,198,239.85
2020-03-16,2020-09-30,238.0,put,31.28,34.48,32.88,0.0,0,0,0.48316,-0.41937,198,239.85
2020-03-16,2020-09-30,239.0,call,32.96,36.02,34.49,0.0,0,0,0.48316,0.57602,198,239.85
2020-03-16,2020-09-30,239.0,put,31.67,34.91,33.29,31.3,1,1,0.48316,-0.42398,198,239.85
2020-03-16,2020-09-30,240.0,call,32.38,35.44,33.91,33.95,1,6,0.48316,0.57142,198,239.85
2020-03-16,2020-09-30,240.0,put,32.1,35.34,33.72,35.5,163,256,0.48316,-0.42858,198,239.85
2020-03-16,2020-09-30,241.0,call,31.81,34.86,33.34,41.3,0,2,0.48316,0.56683,198,239.85
2020-03-16,2020-09-30,241.0,put,32.49,35.78,34.14,28.34,4,0,0.48316,-0.43317,198,239.85
2020-03-16,2020-09-30,242.0,call,31.24,34.29,32.77,0.0,0,0,0.48316,0.56224,198,239.85
2020-03-16,2020-09-30,242.0,put,32.96,36.23,34.59,26.2,0,1,0.48316,-0.43776,198,239.85
2020-03-16,2020-09-30,243.0,call,30.67,33.73,32.2,0.0,0,0,0.4734,0.55599,198,239.85
2020-03-16,2020-09-30,243.0,put,33.39,36.72,35.05,33.65,10,0,0.4734,-0.44401,198,239.85
2020-03-16,2020-09-30,244.0,call,30.11,33.16,31.63,32.75,2,0,0.4734,0.55133,198,239.85
2020-03-16,2020-09-30,244.0,put,33.76,37.12,35.44,32.5,1,0,0.4734,-0.44867,198,239.85
2020-03-16,2020-09-30,245.0,call,29.5,32.44,30.97,29.54,16,11,0.4734,0.54669,198,239.85
2020-03-16,2020-09-30,245.0,put,34.19,37.57,35.88,35.32,6,59,0.4734,-0.45331,198,239.85
2020-03-16,2020-09-30,246.0,call,28.95,31.88,30.41,0.0,0,0,0.46365,0.54006,198,239.85
2020-03-16,2020-09-30,246.0,put,34.62,38.03,36.33,0.0,0,0,0.4734,-0.45794,198,239.85
2020-03-16,2020-09-30,247.0,call,28.39,31.33,29.86,31.18,1,0,0.46365,0.53534,198,239.85
2020-03-16,2020-09-30,247.0,put,35.06,38.49,36.78,30.38,2,7,0.46365,-0.46466,198,239.85
2020-03-16,2020-09-30,248.0,call,27.84,30.78,29.31,31.38,0,10,0.46365,0.53063,198,239.85
2020-03-16,2020-09-30,248.0,put,35.5,38.96,37.23,34.87,3,0,0.46365,-0.46937,198,239.85
2020-03-16,2020-09-30,249.0,call,27.29,30.24,28.77,31.33,6,2,0.46365,0.52594,198,239.85
2020-03-16,2020-09-30,249.0,put,35.95,39.43,37.69,30.65,2,4,0.46365,-0.47406,198,239.85
2020-03-16,2020-09-30,250.0,call,26.75,29.7,28.23,30.0,7,20,0.46365,0.52127,198,239.85
2020-03-16,2020-09-30,250.0,put,36.39,39.9,38.14,40.65,42,447,0.46365,-0.47873,198,239.85
2020-03-16,2020-09-30,251.0,call,26.2,29.16,27.68,0.0,0,0,0.45389,0.51407,198,239.85
2020-03-16,2020-09-30,251.0,put,36.84,40.37,38.61,31.79,0,1,0.46365,-0.48339,198,239.85
2020-03-16,2020-09-30,252.0,call,25.67,28.62,27.15,31.66,0,6,0.45389,0.50933,198,239.85
2020-03-16,2020-09-30,252.0,put,37.29,40.85,39.07,32.22,0,21,0.45389,-0.49067,198,239.85
2020-03-16,2020-09-30,253.0,call,25.13,28.09,26.61,29.5,0,2,0.45389,0.50461,198,239.85
2020-03-16,2020-09-30,253.0,put,37.77,41.33,39.55,32.86,0,102,0.45389,-0.49539,198,239.85
2020-03-16,2020-09-30,254.0,call,24.6,27.57,26.09,33.0,0,15,0.45389,0.4999,198,239.85
2020-03-16,2020-09-30,254.0,put,38.21,41.81,40.01,0.0,0,0,0.45389,-0.5001,198,239.85
2020-03-16,2020-09-30,255.0,call,24.07,27.04,25.55,24.56,1,59,0.44414,0.49221,198,239.85
2020-03-16,2020-09-30,255.0,put,38.67,42.3,40.48,35.0,79,767,0.45389,-0.50479,198,239.85
2020-03-16,2020-09-30,256.0,call,23.54,26.52,25.03,29.75,0,4,0.44414,0.48743,198,239.85
2020-03-16,2020-09-30,256.0,put,39.32,42.79,41.05,33.94,1,13,0.45389,-0.50946,198,239.85
2020-03-16,2020-09-30,257.0,call,23.02,26.01,24.52,26.88,0,9,0.44414,0.48268,198,239.85
2020-03-16,2020-09-30,257.0,put,39.8,43.29,41.55,38.36,2,7,0.44414,-0.51732,198,239.85
2020-03-16,2020-09-30,258.0,call,22.54,25.53,24.04,27.69,317,5,0.44414,0.47795,198,239.85
2020-03-16,2020-09-30,258.0,put,40.29,43.78,42.03,42.44,2,8,0.44414,-0.52205,198,239.85
2020-03-16,2020-09-30,259.0,call,22.02,25.02,23.52,27.11,10,10,0.44414,0.47324,198,239.85
2020-03-16,2020-09-30,259.0,put,40.77,44.29,42.53,39.73,17,10,0.44414,-0.52676,198,239.85
2020-03-16,2020-09-30,260.0,call,22.5,24.51,23.51,22.0,434,14,0.44414,0.46856,198,239.85
2020-03-16,2020-09-30,260.0,put,41.26,44.79,43.02,45.41,7,2928,0.44414,-0.53144,198,239.85
2020-03-16,2020-09-30,261.0,call,21.0,24.01,22.51,25.94,0,23,0.43438,0.4602,198,239.85
2020-03-16,2020-09-30,261.0,put,41.76,45.3,43.53,0.0,0,0,0.43438,-0.5398,198,239.85
2020-03-16,2020-09-30,262.0,call,20.5,23.51,22.01,26.69,0,185,0.43438,0.45546,198,239.85
2020-03-16,2020-09-30,262.0,put,42.05,45.82,43.94,32.5,0,1,0.43438,-0.54454,198,239.85
2020-03-16,2020-09-30,263.0,call,20.0,23.02,21.51,24.32,0,362,0.43438,0.45074,198,239.85
2020-03-16,2020-09-30,263.0,put,42.56,46.34,44.45,38.24,0,14,0.43438,-0.54926,198,239.85
2020-03-16,2020-09-30,264.0,call,19.5,22.53,21.02,21.81,52,599,0.42462,0.44194,198,239.85
2020-03-16,2020-09-30,264.0,put,42.99,46.86,44.92,40.5,4,1,0.42462,-0.55806,198,239.85
2020-03-16,2020-09-30,265.0,call,19.01,22.04,20.52,23.89,15,756,0.42462,0.43718,198,239.85
2020-03-16,2020-09-30,265.0,put,43.5,47.39,45.45,32.65,0,131,0.42462,-0.56282,198,239.85
2020-03-16,2020-09-30,266.0,call,18.52,21.56,20.04,19.97,47,0,0.42462,0.43244,198,239.85
2020-03-16,2020-09-30,266.0,put,44.01,47.92,45.97,25.95,0,1,0.42462,-0.56756,198,239.85
2020-03-16,2020-09-30,267.0,call,18.03,21.08,19.55,16.62,1,282,0.42462,0.42772,198,239.85
2020-03-16,2020-09-30,267.0,put,44.53,48.45,46.49,42.0,1,1,0.42462,-0.57228,198,239.85
2020-03-16,2020-09-30,268.0,call,17.54,20.61,19.07,19.4,140,14,0.41487,0.41841,198,239.85
2020-03-16,2020-09-30,268.0,put,45.05,48.99,47.02,39.18,0,66,0.42462,-0.57696,198,239.85
2020-03-16,2020-09-30,269.0,call,17.06,20.14,18.6,21.77,158,0,0.41487,0.41366,198,239.85
2020-03-16,2020-09-30,269.0,put,45.58,49.53,47.55,40.78,0,106,0.41487,-0.58634,198,239.85
2020-03-16,2020-09-30,270.0,call,16.59,19.67,18.13,19.47,281,31,0.41487,0.40893,198,239.85
2020-03-16,2020-09-30,270.0,put,46.15,50.08,48.11,36.5,0,384,0.41487,-0.59107,198,239.85
2020-03-16,2020-09-30,271.0,call,16.12,19.21,17.66,17.74,107,6,0.41487,0.40424,198,239.85
2020-03-16,2020-09-30,271.0,put,46.69,50.63,48.66,38.27,0,176,0.41487,-0.59576,198,239.85
2020-03-16,2020-09-30,272.0,call,15.65,18.75,17.2,19.52,0,155,0.40511,0.39441,198,239.85
2020-03-16,2020-09-30,272.0,put,47.18,51.18,49.18,27.93,0,18,0.41487,-0.60042,198,239.85
2020-03-16,2020-09-30,273.0,call,15.18,18.3,16.74,0.0,0,0,0.40511,0.38968,198,239.85
2020-03-16,2020-09-30,273.0,put,47.61,51.69,49.65,48.0,1,28,0.40511,-0.61032,198,239.85
2020-03-16,2020-09-30,274.0,call,14.72,17.85,16.29,16.31,463,14,0.40511,0.38499,198,239.85
2020-03-16,2020-09-30,274.0,put,48.1,52.26,50.18,48.19,2,103,0.40511,-0.61501,198,239.85
2020-03-16,2020-09-30,275.0,call,14.27,17.4,15.83,15.85,301,234,0.39536,0.37471,198,239.85
2020-03-16,2020-09-30,275.0,put,48.65,52.82,50.73,50.0,16,350,0.40511,-0.61967,198,239.85
2020-03-16,2020-09-30,276.0,call,13.82,16.96,15.39,18.24,0,17,0.39536,0.37,198,239.85
2020-03-16,2020-09-30,276.0,put,49.54,53.4,51.47,39.95,0,187,0.40511,-0.62429,198,239.85
2020-03-16,2020-09-30,277.0,call,13.37,16.53,14.95,18.76,0,15,0.39536,0.36532,198,239.85
2020-03-16,2020-09-30,277.0,put,50.1,53.98,52.04,46.67,2,286,0.39536,-0.63468,198,239.85
2020-03-16,2020-09-30,278.0,call,12.93,16.1,14.52,14.5,314,374,0.39536,0.36067,198,239.85
2020-03-16,2020-09-30,278.0,put,50.66,54.56,52.61,45.45,0,86,0.39536,-0.63933,198,239.85
2020-03-16,2020-09-30,279.0,call,12.49,15.67,14.08,14.6,6,26,0.3856,0.3499,198,239.85
2020-03-16,2020-09-30,279.0,put,51.23,55.15,53.19,42.12,0,10,0.39536,-0.64393,198,239.85
2020-03-16,2020-09-30,280.0,call,12.05,15.25,13.65,14.5,32,273,0.3856,0.34524,198,239.85
2020-03-16,2020-09-30,280.0,put,51.8,55.74,53.77,50.0,3,917,0.39536,-0.6485,198,239.85
2020-03-16,2020-09-30,281.0,call,11.62,14.83,13.22,14.04,10,5,0.3856,0.34063,198,239.85
2020-03-16,2020-09-30,281.0,put,52.38,56.34,54.36,45.61,0,211,0.3856,-0.65937,198,239.85
2020-03-16,2020-09-30,282.0,call,11.2,14.42,12.81,13.57,249,15,0.3856,0.33605,198,239.85
2020-03-16,2020-09-30,282.0,put,52.87,56.94,54.91,52.0,2,24,0.3856,-0.66395,198,239.85
2020-03-16,2020-09-30,283.0,call,10.78,14.01,12.39,13.85,0,7,0.37584,0.3248,198,239.85
2020-03-16,2020-09-30,283.0,put,53.46,57.55,55.5,49.74,0,26,0.3856,-0.66848,198,239.85
2020-03-16,2020-09-30,284.0,call,10.37,13.61,11.99,11.95,203,1,0.37584,0.32023,198,239.85
2020-03-16,2020-09-30,284.0,put,54.06,58.16,56.11,44.02,0,36,0.3856,-0.67298,198,239.85
2020-03-16,2020-09-30,285.0,call,9.96,13.21,11.59,11.47,25,183,0.37584,0.3157,198,239.85
2020-03-16,2020-09-30,285.0,put,54.66,58.76,56.71,54.0,5,191,0.37584,-0.6843,198,239.85
2020-03-16,2020-09-30,286.0,call,9.55,12.82,11.19,11.32,1,101,0.36609,0.30404,198,239.85
2020-03-16,2020-09-30,286.0,put,55.26,59.36,57.31,53.99,2,1,0.37584,-0.68878,198,239.85
2020-03-16,2020-09-30,287.0,call,9.15,12.44,10.79,12.04,0,800,0.36609,0.29953,198,239.85
2020-03-16,2020-09-30,287.0,put,55.87,59.96,57.91,49.97,0,41,0.37584,-0.69323,198,239.85
2020-03-16,2020-09-30,288.0,call,8.76,12.06,10.41,14.65,0,581,0.36609,0.29506,198,239.85
2020-03-16,2020-09-30,288.0,put,56.49,60.58,58.53,53.59,4,124,0.36609,-0.70494,198,239.85
2020-03-16,2020-09-30,289.0,call,8.37,11.68,10.02,10.25,2,57,0.35633,0.28302,198,239.85
2020-03-16,2020-09-30,289.0,put,56.86,61.03,58.95,35.93,0,41,0.36609,-0.70936,198,239.85
2020-03-16,2020-09-30,290.0,call,8.5,11.31,9.91,8.99,34,1037,0.36609,0.28627,198,239.85
2020-03-16,2020-09-30,290.0,put,57.74,61.81,59.78,58.69,15,4381,0.36609,-0.71373,198,239.85
2020-03-16,2020-09-30,291.0,call,7.61,10.95,9.28,11.0,20,13,0.35633,0.2742,198,239.85
2020-03-16,2020-09-30,291.0,put,58.11,62.28,60.2,35.4,0,53,0.35633,-0.7258,198,239.85
2020-03-16,2020-09-30,292.0,call,7.24,10.59,8.91,24.8,0,6,0.35633,0.26986,198,239.85
2020-03-16,2020-09-30,292.0,put,59.01,63.12,61.06,37.3,0,545,0.35633,-0.73014,198,239.85
2020-03-16,2020-09-30,293.0,call,6.88,10.24,8.56,24.25,0,338,0.34658,0.25746,198,239.85
2020-03-16,2020-09-30,293.0,put,59.35,63.63,61.49,53.96,0,437,0.35633,-0.73443,198,239.85
2020-03-16,2020-09-30,294.0,call,6.52,9.89,8.21,8.37,3466,15,0.34658,0.25317,198,239.85
2020-03-16,2020-09-30,294.0,put,60.05,64.28,62.16,32.38,0,3,0.34658,-0.74683,198,239.85
2020-03-16,2020-09-30,295.0,call,7.01,9.55,8.28,8.5,4,77,0.34658,0.24894,198,239.85
2020-03-16,2020-09-30,295.0,put,60.98,65.01,63.0,64.5,7,226,0.34658,-0.75106,198,239.85
2020-03-16,2020-09-30,296.0,call,5.83,9.22,7.53,1.02,2,6,0.33682,0.23625,198,239.85
2020-03-16,2020-09-30,296.0,put,61.65,65.71,63.68,21.15,0,1,0.34658,-0.75525,198,239.85
2020-03-16,2020-09-30,297.0,call,5.49,8.86,7.17,10.0,10,20,0.33682,0.23209,198,239.85
2020-03-16,2020-09-30,297.0,put,62.35,66.25,64.3,46.34,0,9,0.34658,-0.75938,198,239.85
2020-03-16,2020-09-30,298.0,call,5.17,8.57,6.87,8.98,0,6,0.33682,0.22797,198,239.85
2020-03-16,2020-09-30,298.0,put,63.04,67.03,65.03,59.6,1,63,0.34658,-0.76346,198,239.85
2020-03-16,2020-09-30,299.0,call,5.13,8.25,6.69,6.0,11,0,0.33682,0.22391,198,239.85
2020-03-16,2020-09-30,299.0,put,63.73,67.65,65.69,51.9,0,475,0.33682,-0.77609,198,239.85
2020-03-16,2020-09-30,300.0,call,5.2,7.94,6.57,5.82,175,1324,0.33682,0.21991,198,239.85
2020-03-16,2020-09-30,300.0,put,64.44,68.42,66.43,68.5,69,703,0.33682,-0.78009,198,239.85
2020-03-16,2020-09-30,301.0,call,4.25,7.65,5.95,7.0,5,26,0.32707,0.20706,198,239.85
2020-03-16,2020-09-30,301.0,put,65.15,69.13,67.14,35.92,0,353,0.33682,-0.78404,198,239.85
2020-03-16,2020-09-30,302.0,call,3.96,7.36,5.66,6.8,2,0,0.32707,0.20315,198,239.85
2020-03-16,2020-09-30,302.0,put,65.87,69.7,67.78,35.72,0,1020,0.32707,-0.79685,198,239.85
2020-03-16,2020-09-30,303.0,call,3.67,7.07,5.37,5.6,0,33,0.31731,0.19013,198,239.85
2020-03-16,2020-09-30,303.0,put,66.6,70.42,68.51,65.5,1,230,0.32707,-0.80071,198,239.85
2020-03-16,2020-09-30,304.0,call,3.4,6.79,5.09,7.0,5,2420,0.31731,0.18633,198,239.85
2020-03-16,2020-09-30,304.0,put,67.34,71.15,69.25,56.99,0,771,0.32707,-0.80451,198,239.85
2020-03-16,2020-09-30,305.0,call,3.14,6.52,4.83,5.43,132,1050,0.31731,0.18259,198,239.85
2020-03-16,2020-09-30,305.0,put,68.08,71.89,69.98,66.0,10,2070,0.31731,-0.81741,198,239.85
2020-03-16,2020-09-30,306.0,call,2.88,6.25,4.56,4.5,2,112,0.30755,0.16953,198,239.85
2020-03-16,2020-09-30,306.0,put,68.84,72.73,70.78,61.28,0,2034,0.31731,-0.8211,198,239.85
2020-03-16,2020-09-30,307.0,call,2.64,5.99,4.32,5.5,1,274,0.30755,0.16592,198,239.85
2020-03-16,2020-09-30,307.0,put,69.58,73.41,71.5,40.73,0,938,0.31731,-0.82472,198,239.85
2020-03-16,2020-09-30,308.0,call,3.85,5.74,4.79,4.6,3,0,0.31731,0.17171,198,239.85
2020-03-16,2020-09-30,308.0,put,70.36,74.18,72.27,44.94,0,447,0.31731,-0.82829,198,239.85
2020-03-16,2020-09-30,309.0,call,2.19,5.49,3.84,3.72,4,518,0.2978,0.14937,198,239.85
2020-03-16,2020-09-30,309.0,put,71.15,74.96,73.06,60.0,0,115,0.31731,-0.8318,198,239.85
2020-03-16,2020-09-30,310.0,call,3.0,5.25,4.12,3.77,9,489,0.30755,0.15544,198,239.85
2020-03-16,2020-09-30,310.0,put,71.94,75.75,73.84,71.9,14,1026,0.30755,-0.84456,198,239.85
2020-03-16,2020-09-30,311.0,call,1.78,5.02,3.4,3.9,1,769,0.2978,0.14264,198,239.85
2020-03-16,2020-09-30,311.0,put,72.75,76.55,74.65,69.76,4,166,0.30755,-0.84793,198,239.85
2020-03-16,2020-09-30,312.0,call,1.59,4.8,3.19,3.99,0,761,0.28804,0.12983,198,239.85
2020-03-16,2020-09-30,312.0,put,73.53,77.35,75.44,70.67,2,293,0.30755,-0.85124,198,239.85
2020-03-16,2020-09-30,313.0,call,1.42,4.58,3.0,1.77,1,774,0.28804,0.12667,198,239.85
2020-03-16,2020-09-30,313.0,put,74.38,78.17,76.28,48.75,0,210,0.30755,-0.85449,198,239.85
2020-03-16,2020-09-30,314.0,call,1.26,4.38,2.82,3.54,0,795,0.28804,0.12358,198,239.85
2020-03-16,2020-09-30,314.0,put,75.21,78.99,77.1,23.74,0,1469,0.2978,-0.867,198,239.85
2020-03-16,2020-09-30,315.0,call,1.8,4.18,2.99,4.15,1,88,0.2978,0.12991,198,239.85
2020-03-16,2020-09-30,315.0,put,76.05,79.83,77.94,71.63,0,1711,0.2978,-0.87009,198,239.85
2020-03-16,2020-09-30,316.0,call,0.97,3.99,2.48,3.63,0,117,0.27829,0.1082,198,239.85
2020-03-16,2020-09-30,316.0,put,76.91,80.67,78.79,45.11,0,69,0.2978,-0.87312,198,239.85
2020-03-16,2020-09-30,317.0,call,0.84,3.8,2.32,2.8,2,960,0.27829,0.10536,198,239.85
2020-03-16,2020-09-30,317.0,put,77.7,81.52,79.61,46.46,0,818,0.2978,-0.87609,198,239.85
2020-03-16,2020-09-30,318.0,call,0.73,3.62,2.17,2.97,0,854,0.27829,0.10259,198,239.85
2020-03-16,2020-09-30,318.0,put,78.51,82.38,80.44,36.11,0,137,0.2978,-0.879,198,239.85
2020-03-16,2020-09-30,319.0,call,0.62,3.45,2.04,2.18,1,803,0.27829,0.09988,198,239.85
2020-03-16,2020-09-30,319.0,put,79.38,83.25,81.31,76.51,18,20,0.28804,-0.89098,198,239.85
2020-03-16,2020-09-30,320.0,call,1.75,3.3,2.52,2.61,51,441,0.28804,0.10629,198,239.85
2020-03-16,2020-09-30,320.0,put,80.31,84.13,82.22,78.1,8,650,0.28804,-0.89371,198,239.85
2020-03-16,2020-09-30,321.0,call,0.45,3.14,1.8,1.49,1,122,0.26853,0.08569,198,239.85
2020-03-16,2020-09-30,321.0,put,81.15,85.01,83.08,83.0,1,62,0.28804,-0.89639,198,239.85
2020-03-16,2020-09-30,322.0,call,0.37,3.0,1.69,2.2,2,283,0.26853,0.08326,198,239.85
2020-03-16,2020-09-30,322.0,put,82.04,85.9,83.97,28.02,0,256,0.28804,-0.899,198,239.85
2020-03-16,2020-09-30,323.0,call,0.3,2.86,1.58,0.32,0,266,0.26853,0.08088,198,239.85
2020-03-16,2020-09-30,323.0,put,82.94,86.8,84.87,84.75,25,67,0.28804,-0.90156,198,239.85
2020-03-16,2020-09-30,324.0,call,0.32,2.73,1.52,1.9,4,0,0.26853,0.07856,198,239.85
2020-03-16,2020-09-30,324.0,put,83.85,87.7,85.78,81.94,238,39,0.28804,-0.90407,198,239.85
2020-03-16,2020-09-30,325.0,call,1.0,2.59,1.79,2.25,24,220,0.27829,0.08485,198,239.85
2020-03-16,2020-09-30,325.0,put,84.76,88.61,86.69,82.4,510,89,0.28804,-0.90651,198,239.85
2020-03-16,2020-09-30,326.0,call,0.7,2.49,1.6,2.0,2,268,0.27829,0.08254,198,239.85
2020-03-16,2020-09-30,326.0,put,85.68,89.59,87.64,83.4,550,32,0.28804,-0.90891,198,239.85
2020-03-16,2020-09-30,327.0,call,0.2,2.38,1.29,2.0,1,0,0.25877,0.06378,198,239.85
2020-03-16,2020-09-30,327.0,put,86.6,90.51,88.56,82.79,498,5,0.28804,-0.91125,198,239.85
2020-03-16,2020-09-30,328.0,call,0.2,2.28,1.24,1.38,2,0,0.25877,0.0618,198,239.85
2020-03-16,2020-09-30,328.0,put,87.49,91.44,89.47,84.16,568,37,0.28804,-0.91354,198,239.85
2020-03-16,2020-09-30,329.0,call,0.18,2.18,1.18,1.7,1,376,0.25877,0.05988,198,239.85
2020-03-16,2020-09-30,329.0,put,88.43,92.37,90.4,85.11,204,27,0.28804,-0.91578,198,239.85
2020-03-16,2020-09-30,330.0,call,0.8,2.04,1.42,1.25,71,988,0.27829,0.07386,198,239.85
2020-03-16,2020-09-30,330.0,put,89.36,93.3,91.33,92.13,3,120,0.28804,-0.91797,198,239.85
2020-03-16,2020-09-30,331.0,call,0.14,1.93,1.03,1.0,3,593,0.25877,0.05619,198,239.85
2020-03-16,2020-09-30,331.0,put,90.31,94.25,92.28,94.25,522,50,0.28804,-0.92011,198,239.85
2020-03-16,2020-09-30,332.0,call,0.11,1.65,0.88,1.02,12,0,0.24902,0.04711,198,239.85
2020-03-16,2020-09-30,332.0,put,91.25,95.18,93.22,86.96,524,168,0.27829,-0.93018,198,239.85
2020-03-16,2020-09-30,333.0,call,0.11,1.7,0.91,0.98,22,0,0.25877,0.0527,198,239.85
2020-03-16,2020-09-30,333.0,put,92.2,96.13,94.16,89.48,12,96,0.27829,-0.93213,198,239.85
2020-03-16,2020-09-30,334.0,call,0.09,1.61,0.85,0.88,5,0,0.25877,0.05103,198,239.85
2020-03-16,2020-09-30,334.0,put,93.16,97.09,95.12,90.9,6,189,0.27829,-0.93402,198,239.85
2020-03-16,2020-09-30,335.0,call,0.07,1.53,0.8,1.0,1,999,0.25877,0.04941,198,239.85
2020-03-16,2020-09-30,335.0,put,93.99,98.04,96.02,88.0,1,87,0.27829,-0.93587,198,239.85
2020-03-16,2020-09-30,336.0,call,0.07,1.44,0.76,0.83,0,52,0.24902,0.04103,198,239.85
2020-03-16,2020-09-30,336.0,put,94.95,99.04,97.0,39.68,0,1064,0.27829,-0.93768,198,239.85
2020-03-16,2020-09-30,337.0,call,0.06,1.37,0.72,0.78,0,0,0.24902,0.03962,198,239.85
2020-03-16,2020-09-30,337.0,put,96.01,100.07,98.04,65.06,0,21,0.28804,-0.93195,198,239.85
2020-03-16,2020-09-30,338.0,call,0.1,1.0,0.55,1.0,10,29,0.23926,0.0321,198,239.85
2020-03-16,2020-09-30,338.0,put,96.95,100.96,98.95,65.94,0,32,0.28804,-0.93377,198,239.85
2020-03-16,2020-09-30,339.0,call,0.25,1.24,0.74,0.75,14,30,0.25877,0.04337,198,239.85
2020-03-16,2020-09-30,339.0,put,97.94,102.18,100.06,91.87,0,7,0.28804,-0.93554,198,239.85
2020-03-16,2020-09-30,340.0,call,0.5,0.9,0.7,0.8,21,816,0.25877,0.04196,198,239.85
2020-03-16,2020-09-30,340.0,put,98.91,102.97,100.94,99.35,4,69,0.28804,-0.93727,198,239.85
2020-03-16,2020-09-30,341.0,call,0.07,1.0,0.54,0.65,4,23,0.24902,0.03442,198,239.85
2020-03-16,2020-09-30,341.0,put,99.86,103.87,101.87,0.0,0,0,0.28804,-0.93896,198,239.85
2020-03-16,2020-09-30,342.0,call,0.45,1.08,0.77,0.6,0,0,0.26853,0.04569,198,239.85
2020-03-16,2020-09-30,342.0,put,100.92,104.92,102.92,69.5,0,10,0.28804,-0.94061,198,239.85
2020-03-16,2020-09-30,343.0,put,101.84,105.89,103.87,70.41,0,10,0.28804,-0.94222,198,239.85
2020-03-16,2020-09-30,344.0,put,102.81,106.9,104.86,71.32,0,10,0.28804,-0.94379,198,239.85
2020-03-16,2020-09-30,345.0,call,0.5,0.65,0.57,0.63,7,4216,0.25877,0.03554,198,239.85
2020-03-16,2020-09-30,345.0,put,103.79,107.85,105.82,100.51,2,1345,0.28804,-0.94532,198,239.85
2020-03-16,2020-09-30,346.0,put,104.78,108.86,106.82,73.17,0,514,0.28804,-0.94682,198,239.85
2020-03-16,2020-09-30,347.0,put,105.76,109.84,107.8,99.36,2,225,0.2978,-0.94155,198,239.85
2020-03-16,2020-09-30,348.0,call,0.02,0.84,0.43,1.25,0,173,0.24902,0.02679,198,239.85
2020-03-16,2020-09-30,348.0,put,106.74,110.82,108.78,20.04,0,207,0.2978,-0.94307,198,239.85
2020-03-16,2020-09-30,349.0,put,107.73,111.78,109.75,23.03,0,253,0.2978,-0.94455,198,239.85
2020-03-16,2020-09-30,350.0,call,0.3,0.45,0.38,0.34,142,5178,0.24902,0.02491,198,239.85
2020-03-16,2020-09-30,350.0,put,108.71,112.79,110.75,104.33,2,354,0.2978,-0.94599,198,239.85
2020-03-16,2020-09-30,351.0,call,0.02,0.78,0.4,0.4,0,164,0.24902,0.02402,198,239.85
2020-03-16,2020-09-30,351.0,put,109.7,113.74,111.72,20.15,0,5,0.2978,-0.9474,198,239.85
2020-03-16,2020-09-30,352.0,put,110.69,114.76,112.72,0.0,0,0,0.2978,-0.94878,198,239.85
2020-03-16,2020-09-30,353.0,call,0.01,0.75,0.38,0.0,0,0,0.24902,0.02232,198,239.85
2020-03-16,2020-09-30,353.0,put,111.67,115.74,113.7,0.0,0,0,0.2978,-0.95013,198,239.85
2020-03-16,2020-09-30,354.0,call,0.01,0.74,0.38,0.4,3,0,0.25877,0.02619,198,239.85
2020-03-16,2020-09-30,354.0,put,112.65,116.77,114.71,26.03,0,1,0.2978,-0.95144,198,239.85
2020-03-16,2020-09-30,355.0,call,0.31,0.6,0.45,0.39,7,0,0.25877,0.0253,198,239.85
2020-03-16,2020-09-30,355.0,put,113.64,117.72,115.68,82.42,0,11,0.2978,-0.95272,198,239.85
2020-03-16,2020-09-30,356.0,call,0.01,0.71,0.36,0.0,0,0,0.25877,0.02444,198,239.85
2020-03-16,2020-09-30,356.0,put,114.63,118.71,116.67,24.32,0,1,0.2978,-0.95397,198,239.85
2020-03-16,2020-09-30,357.0,call,0.01,0.7,0.35,0.0,0,260,0.25877,0.02361,198,239.85
2020-03-16,2020-09-30,357.0,put,115.62,119.7,117.66,0.0,0,0,0.30755,-0.94914,198,239.85
2020-03-16,2020-09-30,358.0,put,116.61,120.69,118.65,0.0,0,0,0.30755,-0.95042,198,239.85
2020-03-16,2020-09-30,359.0,call,0.1,0.67,0.39,0.0,0,0,0.25877,0.02202,198,239.85
2020-03-16,2020-09-30,359.0,put,117.6,121.68,119.64,85.53,0,10,0.30755,-0.95166,198,239.85
2020-03-16,2020-09-30,360.0,call,0.01,0.66,0.34,0.35,20,0,0.25877,0.02127,198,239.85
2020-03-16,2020-09-30,360.0,put,118.59,122.67,120.63,69.51,0,4,0.30755,-0.95288,198,239.85
2020-03-16,2020-09-30,361.0,call,0.01,0.66,0.34,0.0,0,0,0.25877,0.02054,198,239.85
2020-03-16,2020-09-30,361.0,put,119.59,123.66,121.62,87.47,0,1,0.30755,-0.95408,198,239.85
2020-03-16,2020-09-30,362.0,call,0.01,0.64,0.33,0.28,0,0,0.25877,0.01983,198,239.85
2020-03-16,2020-09-30,362.0,put,120.57,124.79,122.68,88.44,0,10,0.31731,-0.94936,198,239.85
2020-03-16,2020-09-30,363.0,put,121.57,125.78,123.67,89.42,0,10,0.31731,-0.95058,198,239.85
2020-03-16,2020-09-30,364.0,put,122.56,126.64,124.6,90.4,0,10,0.30755,-0.95749,198,239.85
2020-03-16,2020-09-30,365.0,put,123.56,127.63,125.59,32.41,0,3,0.31731,-0.95293,198,239.85
2020-03-16,2020-09-30,366.0,put,124.54,128.75,126.65,0.0,0,0,0.31731,-0.95407,198,239.85
2020-03-16,2020-09-30,367.0,put,125.54,129.74,127.64,93.33,0,10,0.31731,-0.95519,198,239.85
2020-03-16,2020-09-30,368.0,put,126.53,130.61,128.57,119.78,2,0,0.31731,-0.95627,198,239.85
2020-03-16,2020-09-30,369.0,put,127.52,131.72,129.62,120.27,2,0,0.31731,-0.95734,198,239.85
2020-03-16,2020-09-30,370.0,put,128.52,132.71,130.62,97.35,0,4,0.32707,-0.95288,198,239.85
2020-03-16,2020-09-30,371.0,call,0.05,0.59,0.32,0.25,3,10,0.26853,0.01788,198,239.85
2020-03-16,2020-09-30,371.0,put,129.51,133.59,131.55,123.72,2,10,0.31731,-0.9594,198,239.85
2020-03-16,2020-09-30,375.0,call,0.16,0.4,0.28,0.34,156,638,0.26853,0.01562,198,239.85
2020-03-16,2020-09-30,375.0,put,133.49,137.66,135.57,68.44,0,0,0.32707,-0.95811,198,239.85
2020-03-16,2020-09-30,380.0,call,0.15,0.39,0.27,0.23,16,97,0.27829,0.01634,198,239.85
2020-03-16,2020-09-30,380.0,put,138.46,142.62,140.54,101.0,0,2,0.33682,-0.95777,198,239.85
2020-03-16,2020-09-30,385.0,call,0.01,0.35,0.18,0.3,1,54,0.26853,0.0111,198,239.85
2020-03-16,2020-09-30,385.0,put,143.43,147.5,145.47,0.0,0,0,0.33682,-0.96231,198,239.85
2020-03-16,2020-09-30,390.0,call,0.08,0.25,0.17,0.09,14,339,0.27829,0.01183,198,239.85
2020-03-16,2020-09-30,390.0,put,148.4,152.48,150.44,140.72,0,1,0.34658,-0.96176,198,239.85
2020-03-16,2020-09-30,395.0,call,0.07,0.25,0.16,0.1,208,1347,0.27829,0.01004,198,239.85
2020-03-16,2020-09-30,395.0,put,153.37,157.45,155.41,61.81,0,0,0.34658,-0.96573,198,239.85
2020-03-16,2020-10-16,130.0,call,113.71,117.68,115.69,0.0,0,0,0.69779,0.92164,214,239.85
2020-03-16,2020-10-16,130.0,put,4.35,5.95,5.15,4.81,40,22,0.67828,-0.07468,214,239.85
2020-03-16,2020-10-16,135.0,call,109.26,113.14,111.2,0.0,0,0,0.67828,0.91452,214,239.85
2020-03-16,2020-10-16,135.0,put,4.19,6.6,5.39,4.95,10,2,0.64901,-0.07957,214,239.85
2020-03-16,2020-10-16,140.0,call,104.87,108.68,106.78,0.0,0,0,0.65876,0.90699,214,239.85
2020-03-16,2020-10-16,140.0,put,4.88,7.31,6.09,7.0,76,45,0.63925,-0.08889,214,239.85
2020-03-16,2020-10-16,145.0,call,100.6,104.43,102.52,0.0,0,0,0.64901,0.89691,214,239.85
2020-03-16,2020-10-16,145.0,put,5.63,8.07,6.85,7.55,15,223,0.6295,-0.09884,214,239.85
2020-03-16,2020-10-16,150.0,call,96.37,100.27,98.32,0.0,0,0,0.63925,0.88622,214,239.85
2020-03-16,2020-10-16,150.0,put,6.74,8.89,7.82,8.67,105,389,0.6295,-0.11164,214,239.85
2020-03-16,2020-10-16,155.0,call,92.24,96.04,94.14,0.0,0,0,0.6295,0.87489,214,239.85
2020-03-16,2020-10-16,155.0,put,7.3,9.77,8.54,8.1,6,206,0.61974,-0.12295,214,239.85
2020-03-16,2020-10-16,160.0,call,88.13,91.88,90.0,0.0,0,0,0.61974,0.86291,214,239.85
2020-03-16,2020-10-16,160.0,put,8.23,10.72,9.48,9.92,76,240,0.60999,-0.13492,214,239.85
2020-03-16,2020-10-16,165.0,call,84.1,87.79,85.94,0.0,0,0,0.60999,0.85026,214,239.85
2020-03-16,2020-10-16,165.0,put,9.22,11.73,10.48,10.93,59,132,0.60023,-0.14757,214,239.85
2020-03-16,2020-10-16,170.0,call,80.13,83.77,81.95,86.99,3,0,0.60023,0.83693,214,239.85
2020-03-16,2020-10-16,170.0,put,10.27,12.81,11.54,10.4,60,173,0.59047,-0.16093,214,239.85
2020-03-16,2020-10-16,175.0,call,76.16,79.83,78.0,134.8,0,1,0.59047,0.82291,214,239.85
2020-03-16,2020-10-16,175.0,put,11.39,13.96,12.68,12.47,20,192,0.58072,-0.17501,214,239.85
2020-03-16,2020-10-16,180.0,call,72.38,75.96,74.17,71.5,2,0,0.58072,0.80818,214,239.85
2020-03-16,2020-10-16,180.0,put,12.58,15.18,13.88,14.0,28,316,0.57096,-0.18982,214,239.85
2020-03-16,2020-10-16,185.0,call,68.31,72.16,70.23,72.8,5,0,0.56121,0.79461,214,239.85
2020-03-16,2020-10-16,185.0,put,13.83,16.47,15.15,13.89,175,863,0.57096,-0.20729,214,239.85
2020-03-16,2020-10-16,190.0,call,64.95,68.66,66.81,146.9,0,0,0.56121,0.77651,214,239.85
2020-03-16,2020-10-16,190.0,put,15.19,17.89,16.54,18.35,111,2787,0.56121,-0.22349,214,239.85
2020-03-16,2020-10-16,195.0,call,61.32,65.02,63.17,0.0,0,0,0.55145,0.75955,214,239.85
2020-03-16,2020-10-16,195.0,put,16.58,19.33,17.95,18.97,28,3292,0.55145,-0.24045,214,239.85
2020-03-16,2020-10-16,200.0,call,57.79,61.45,59.62,67.89,0,15,0.54169,0.74182,214,239.85
2020-03-16,2020-10-16,200.0,put,18.04,20.79,19.41,20.57,153,1509,0.54169,-0.25818,214,239.85
2020-03-16,2020-10-16,205.0,call,54.28,57.9,56.09,0.0,0,0,0.53194,0.72332,214,239.85
2020-03-16,2020-10-16,205.0,put,19.55,22.38,20.96,19.5,7,494,0.53194,-0.27668,214,239.85
2020-03-16,2020-10-16,210.0,call,50.93,54.5,52.72,62.0,0,332,0.52218,0.70402,214,239.85
2020-03-16,2020-10-16,210.0,put,21.16,24.06,22.61,22.51,38,1382,0.52218,-0.29598,214,239.85
2020-03-16,2020-10-16,215.0,call,47.65,51.18,49.41,113.85,0,238,0.51243,0.68392,214,239.85
2020-03-16,2020-10-16,215.0,put,22.8,25.82,24.31,19.23,227,1730,0.51243,-0.31608,214,239.85
2020-03-16,2020-10-16,220.0,call,44.47,47.97,46.22,46.5,22,44,0.50267,0.66301,214,239.85
2020-03-16,2020-10-16,220.0,put,24.46,27.64,26.05,25.49,55,2553,0.50267,-0.33699,214,239.85
2020-03-16,2020-10-16,225.0,call,41.33,44.81,43.07,60.07,0,43,0.49292,0.6413,214,239.85
2020-03-16,2020-10-16,225.0,put,26.48,29.55,28.02,28.25,114,0,0.49292,-0.3587,214,239.85
2020-03-16,2020-10-16,230.0,call,38.28,40.5,39.39,41.8,500,12,0.4734,0.61828,214,239.85
2020-03-16,2020-10-16,230.0,put,28.27,31.53,29.9,32.63,90,2204,0.48316,-0.38122,214,239.85
2020-03-16,2020-10-16,232.0,call,37.08,40.53,38.8,0.0,0,0,0.48316,0.60983,214,239.85
2020-03-16,2020-10-16,232.0,put,29.06,32.34,30.7,27.86,7,1816,0.48316,-0.39017,214,239.85
2020-03-16,2020-10-16,233.0,call,36.48,39.93,38.2,0.0,0,0,0.48316,0.60537,214,239.85
2020-03-16,2020-10-16,233.0,put,29.5,32.76,31.13,23.08,0,956,0.48316,-0.39463,214,239.85
2020-03-16,2020-10-16,234.0,call,35.89,39.34,37.62,0.0,0,0,0.48316,0.6009,214,239.85
2020-03-16,2020-10-16,234.0,put,29.86,33.17,31.52,24.3,0,1915,0.48316,-0.3991,214,239.85
2020-03-16,2020-10-16,235.0,call,35.29,38.74,37.02,40.61,10,0,0.4734,0.59547,214,239.85
2020-03-16,2020-10-16,235.0,put,30.33,33.59,31.96,29.65,79,2131,0.48316,-0.40355,214,239.85
2020-03-16,2020-10-16,236.0,call,34.71,38.16,36.44,0.0,0,0,0.4734,0.59093,214,239.85
2020-03-16,2020-10-16,236.0,put,30.74,34.01,32.38,24.15,0,439,0.4734,-0.40907,214,239.85
2020-03-16,2020-10-16,237.0,call,34.08,37.38,35.73,0.0,0,0,0.4734,0.58639,214,239.85
2020-03-16,2020-10-16,237.0,put,31.14,34.44,32.79,27.71,10,788,0.4734,-0.41361,214,239.85
2020-03-16,2020-10-16,238.0,call,33.5,36.79,35.14,33.61,9,0,0.4734,0.58186,214,239.85
2020-03-16,2020-10-16,238.0,put,31.49,34.87,33.18,31.08,2,1811,0.4734,-0.41814,214,239.85
2020-03-16,2020-10-16,239.0,call,32.92,36.22,34.57,0.0,0,0,0.46365,0.57599,214,239.85
2020-03-16,2020-10-16,239.0,put,31.91,35.3,33.6,19.5,0,204,0.4734,-0.42266,214,239.85
2020-03-16,2020-10-16,240.0,call,32.34,35.65,34.0,34.25,191,8,0.46365,0.57137,214,239.85
2020-03-16,2020-10-16,240.0,put,32.3,35.74,34.02,36.2,435,4322,0.46365,-0.42863,214,239.85
2020-03-16,2020-10-16,241.0,call,31.77,35.07,33.42,33.45,132,0,0.46365,0.56677,214,239.85
2020-03-16,2020-10-16,241.0,put,32.82,36.17,34.5,30.1,180,87,0.46365,-0.43323,214,239.85
2020-03-16,2020-10-16,242.0,call,31.2,34.51,32.85,33.0,284,0,0.46365,0.56218,214,239.85
2020-03-16,2020-10-16,242.0,put,33.17,36.62,34.89,30.53,193,85,0.46365,-0.43782,214,239.85
2020-03-16,2020-10-16,243.0,call,30.63,33.94,32.28,32.32,109,0,0.46365,0.5576,214,239.85
2020-03-16,2020-10-16,243.0,put,33.64,37.06,35.35,36.49,293,83,0.46365,-0.4424,214,239.85
2020-03-16,2020-10-16,244.0,call,30.06,33.38,31.72,31.6,290,0,0.45389,0.55118,214,239.85
2020-03-16,2020-10-16,244.0,put,33.87,37.51,35.69,33.82,145,982,0.46365,-0.44697,214,239.85
2020-03-16,2020-10-16,245.0,call,29.5,32.82,31.16,29.62,323,2,0.45389,0.54652,214,239.85
2020-03-16,2020-10-16,245.0,put,34.32,37.96,36.14,37.38,375,2132,0.45389,-0.45348,214,239.85
2020-03-16,2020-10-16,246.0,call,28.94,32.27,30.61,31.34,190,0,0.45389,0.54187,214,239.85
2020-03-16,2020-10-16,246.0,put,34.88,38.42,36.65,32.09,347,2211,0.45389,-0.45813,214,239.85
2020-03-16,2020-10-16,247.0,call,28.39,31.72,30.05,30.76,237,0,0.45389,0.53724,214,239.85
2020-03-16,2020-10-16,247.0,put,35.06,38.88,36.97,32.55,433,0,0.45389,-0.46276,214,239.85
2020-03-16,2020-10-16,248.0,call,27.84,31.17,29.51,31.87,144,16,0.44414,0.53033,214,239.85
2020-03-16,2020-10-16,248.0,put,35.64,39.34,37.49,34.19,484,2,0.45389,-0.46738,214,239.85
2020-03-16,2020-10-16,249.0,call,27.29,30.63,28.96,32.29,480,0,0.44414,0.52562,214,239.85
2020-03-16,2020-10-16,249.0,put,36.2,39.81,38.01,35.75,292,1,0.45389,-0.47199,214,239.85
2020-03-16,2020-10-16,250.0,call,26.74,30.09,28.41,28.2,316,220,0.44414,0.52092,214,239.85
2020-03-16,2020-10-16,250.0,put,36.55,40.28,38.41,40.0,662,1251,0.44414,-0.47908,214,239.85
2020-03-16,2020-10-16,251.0,call,26.2,29.55,27.88,28.7,0,100,0.44414,0.51625,214,239.85
2020-03-16,2020-10-16,251.0,put,37.01,40.75,38.88,37.44,2,0,0.44414,-0.48375,214,239.85
2020-03-16,2020-10-16,252.0,call,25.66,29.02,27.34,27.38,10,0,0.44414,0.51158,214,239.85
2020-03-16,2020-10-16,252.0,put,37.68,41.23,39.45,38.99,8,4,0.44414,-0.48842,214,239.85
2020-03-16,2020-10-16,253.0,call,25.16,28.51,26.84,29.47,0,16,0.43438,0.50408,214,239.85
2020-03-16,2020-10-16,253.0,put,38.15,41.71,39.93,37.66,2,11,0.44414,-0.49306,214,239.85
2020-03-16,2020-10-16,254.0,call,24.63,28.0,26.31,0.0,0,0,0.43438,0.49935,214,239.85
2020-03-16,2020-10-16,254.0,put,38.62,42.19,40.41,33.0,0,15,0.44414,-0.49769,214,239.85
2020-03-16,2020-10-16,255.0,call,24.1,27.48,25.79,26.6,3,25,0.43438,0.49464,214,239.85
2020-03-16,2020-10-16,255.0,put,39.09,42.68,40.89,39.18,10,404,0.43438,-0.50536,214,239.85
2020-03-16,2020-10-16,256.0,call,23.57,26.96,25.27,30.5,0,15,0.43438,0.48994,214,239.85
2020-03-16,2020-10-16,256.0,put,39.29,43.17,41.23,38.1,4,13,0.43438,-0.51006,214,239.85
2020-03-16,2020-10-16,257.0,call,23.05,26.4,24.73,27.0,0,254,0.43438,0.48527,214,239.85
2020-03-16,2020-10-16,257.0,put,40.05,43.66,41.85,37.15,1,210,0.43438,-0.51473,214,239.85
2020-03-16,2020-10-16,258.0,call,22.53,25.89,24.21,29.4,0,510,0.42462,0.47716,214,239.85
2020-03-16,2020-10-16,258.0,put,40.53,44.16,42.34,38.48,33,280,0.43438,-0.51938,214,239.85
2020-03-16,2020-10-16,259.0,call,22.01,25.37,23.69,26.74,10,253,0.42462,0.47242,214,239.85
2020-03-16,2020-10-16,259.0,put,40.78,44.66,42.72,39.71,2,4,0.42462,-0.52758,214,239.85
2020-03-16,2020-10-16,260.0,call,21.5,24.86,23.18,23.05,15,497,0.42462,0.46771,214,239.85
2020-03-16,2020-10-16,260.0,put,41.3,45.18,43.24,45.01,54,3149,0.42462,-0.53229,214,239.85
2020-03-16,2020-10-16,261.0,call,20.99,24.42,22.7,23.59,12,5,0.42462,0.46302,214,239.85
2020-03-16,2020-10-16,261.0,put,41.76,45.69,43.72,42.0,1,0,0.42462,-0.53698,214,239.85
2020-03-16,2020-10-16,262.0,call,20.48,23.83,22.16,24.05,126,221,0.41487,0.45438,214,239.85
2020-03-16,2020-10-16,262.0,put,42.22,46.21,44.22,22.0,0,168,0.42462,-0.54165,214,239.85
2020-03-16,2020-10-16,263.0,call,19.98,23.33,21.66,23.63,95,251,0.41487,0.44963,214,239.85
2020-03-16,2020-10-16,263.0,put,42.74,46.72,44.73,41.95,10,0,0.42462,-0.5463,214,239.85
2020-03-16,2020-10-16,264.0,call,19.48,22.84,21.16,19.94,70,12,0.41487,0.4449,214,239.85
2020-03-16,2020-10-16,264.0,put,43.27,47.24,45.26,35.9,0,125,0.41487,-0.5551,214,239.85
2020-03-16,2020-10-16,265.0,call,18.99,22.33,20.66,25.43,3,1309,0.41487,0.4402,214,239.85
2020-03-16,2020-10-16,265.0,put,43.73,47.77,45.75,45.51,13,1878,0.41487,-0.5598,214,239.85
2020-03-16,2020-10-16,266.0,call,18.49,21.96,20.23,22.23,10,752,0.40511,0.43102,214,239.85
2020-03-16,2020-10-16,266.0,put,44.1,48.3,46.2,33.35,0,4,0.41487,-0.56447,214,239.85
2020-03-16,2020-10-16,267.0,call,18.0,21.49,19.74,20.71,30,172,0.40511,0.42627,214,239.85
2020-03-16,2020-10-16,267.0,put,44.62,48.83,46.72,49.3,1,3,0.40511,-0.57373,214,239.85
2020-03-16,2020-10-16,268.0,call,17.52,20.88,19.2,20.76,10,242,0.40511,0.42155,214,239.85
2020-03-16,2020-10-16,268.0,put,45.13,49.37,47.25,0.0,0,0,0.40511,-0.57845,214,239.85
2020-03-16,2020-10-16,269.0,call,17.04,20.41,18.73,21.42,0,63,0.40511,0.41686,214,239.85
2020-03-16,2020-10-16,269.0,put,45.81,49.91,47.86,36.44,0,29,0.40511,-0.58314,214,239.85
2020-03-16,2020-10-16,270.0,call,16.56,19.88,18.22,17.88,21,73,0.39536,0.40713,214,239.85
2020-03-16,2020-10-16,270.0,put,46.34,50.46,48.4,46.34,12,2130,0.40511,-0.5878,214,239.85
2020-03-16,2020-10-16,271.0,call,16.08,19.42,17.75,0.0,0,0,0.39536,0.4024,214,239.85
2020-03-16,2020-10-16,271.0,put,46.87,51.01,48.94,39.74,0,151,0.40511,-0.59244,214,239.85
2020-03-16,2020-10-16,272.0,call,15.61,19.16,17.38,20.6,1,206,0.39536,0.3977,214,239.85
2020-03-16,2020-10-16,272.0,put,47.41,51.56,49.48,6.01,0,3,0.39536,-0.6023,214,239.85
2020-03-16,2020-10-16,273.0,call,15.15,18.47,16.81,20.54,0,562,0.39536,0.39303,214,239.85
2020-03-16,2020-10-16,273.0,put,47.76,52.12,49.94,42.0,0,1931,0.39536,-0.60697,214,239.85
2020-03-16,2020-10-16,274.0,call,14.69,18.02,16.36,20.03,0,279,0.3856,0.38276,214,239.85
2020-03-16,2020-10-16,274.0,put,48.49,52.67,50.58,44.74,8,59,0.39536,-0.61161,214,239.85
2020-03-16,2020-10-16,275.0,call,14.23,17.59,15.91,16.95,10,193,0.3856,0.37806,214,239.85
2020-03-16,2020-10-16,275.0,put,48.89,53.24,51.06,44.26,1,832,0.39536,-0.61621,214,239.85
2020-03-16,2020-10-16,276.0,call,13.78,17.14,15.46,15.5,11,406,0.3856,0.37339,214,239.85
2020-03-16,2020-10-16,276.0,put,49.44,53.79,51.61,11.45,0,19,0.3856,-0.62661,214,239.85
2020-03-16,2020-10-16,277.0,call,13.33,16.7,15.02,14.67,6,27,0.37584,0.36264,214,239.85
2020-03-16,2020-10-16,277.0,put,50.0,54.35,52.17,53.38,1,63,0.3856,-0.63124,214,239.85
2020-03-16,2020-10-16,278.0,call,12.88,16.26,14.57,15.96,102,5,0.37584,0.35796,214,239.85
2020-03-16,2020-10-16,278.0,put,50.56,54.92,52.74,45.87,0,52,0.3856,-0.63583,214,239.85
2020-03-16,2020-10-16,279.0,call,12.44,15.91,14.18,14.63,42,316,0.37584,0.35331,214,239.85
2020-03-16,2020-10-16,279.0,put,51.15,55.48,53.31,49.56,5,52,0.3856,-0.64039,214,239.85
2020-03-16,2020-10-16,280.0,call,12.0,15.47,13.73,13.0,2884,1614,0.37584,0.3487,214,239.85
2020-03-16,2020-10-16,280.0,put,51.69,56.05,53.87,51.96,2,3863,0.37584,-0.6513,214,239.85
2020-03-16,2020-10-16,281.0,call,11.57,15.08,13.32,13.77,100,339,0.36609,0.33743,214,239.85
2020-03-16,2020-10-16,281.0,put,52.31,56.62,54.47,45.66,0,46,0.37584,-0.65587,214,239.85
2020-03-16,2020-10-16,282.0,call,11.14,14.57,12.86,15.83,20,13,0.36609,0.33282,214,239.85
2020-03-16,2020-10-16,282.0,put,52.85,57.2,55.03,46.3,0,655,0.37584,-0.6604,214,239.85
2020-03-16,2020-10-16,283.0,call,10.72,14.19,12.46,13.55,97,37,0.36609,0.32824,214,239.85
2020-03-16,2020-10-16,283.0,put,53.43,57.78,55.61,49.0,0,30,0.37584,-0.6649,214,239.85
2020-03-16,2020-10-16,284.0,call,10.3,13.78,12.04,13.01,39,3,0.36609,0.3237,214,239.85
2020-03-16,2020-10-16,284.0,put,53.98,58.38,56.18,42.83,0,49,0.36609,-0.6763,214,239.85
2020-03-16,2020-10-16,285.0,call,9.89,13.37,11.63,13.15,12,106,0.35633,0.31195,214,239.85
2020-03-16,2020-10-16,285.0,put,54.62,58.96,56.79,46.2,0,250,0.36609,-0.68079,214,239.85
2020-03-16,2020-10-16,286.0,call,9.48,13.0,11.24,11.65,1,38,0.35633,0.30742,214,239.85
2020-03-16,2020-10-16,286.0,put,55.57,59.56,57.56,55.39,4,43,0.36609,-0.68524,214,239.85
2020-03-16,2020-10-16,287.0,call,9.08,12.57,10.82,10.01,1,8,0.35633,0.30294,214,239.85
2020-03-16,2020-10-16,287.0,put,56.18,60.17,58.17,44.44,0,96,0.36609,-0.68965,214,239.85
2020-03-16,2020-10-16,288.0,call,8.68,12.19,10.43,21.94,0,167,0.34658,0.29076,214,239.85
2020-03-16,2020-10-16,288.0,put,56.79,60.76,58.77,32.51,0,4516,0.35633,-0.7015,214,239.85
2020-03-16,2020-10-16,289.0,call,8.29,11.84,10.06,13.09,0,193,0.34658,0.2863,214,239.85
2020-03-16,2020-10-16,289.0,put,57.4,61.38,59.39,30.5,0,66,0.35633,-0.70589,214,239.85
2020-03-16,2020-10-16,290.0,call,7.91,11.44,9.68,10.97,14,312,0.34658,0.28188,214,239.85
2020-03-16,2020-10-16,290.0,put,57.93,62.0,59.97,54.64,6,9777,0.35633,-0.71024,214,239.85
2020-03-16,2020-10-16,291.0,call,7.53,11.09,9.31,10.01,20,64,0.34658,0.27752,214,239.85
2020-03-16,2020-10-16,291.0,put,58.56,62.63,60.59,53.06,0,342,0.34658,-0.72248,214,239.85
2020-03-16,2020-10-16,292.0,call,7.15,10.73,8.94,9.7,5,270,0.33682,0.26494,214,239.85
2020-03-16,2020-10-16,292.0,put,59.2,63.22,61.21,58.13,2,79,0.34658,-0.7268,214,239.85
2020-03-16,2020-10-16,293.0,call,6.79,10.37,8.58,8.39,7,25,0.33682,0.26061,214,239.85
2020-03-16,2020-10-16,293.0,put,59.84,63.86,61.85,55.0,0,1961,0.34658,-0.73107,214,239.85
2020-03-16,2020-10-16,294.0,call,6.43,10.09,8.26,9.25,5,755,0.33682,0.25634,214,239.85
2020-03-16,2020-10-16,294.0,put,60.22,64.37,62.3,57.75,6,126,0.33682,-0.74366,214,239.85
2020-03-16,2020-10-16,295.0,call,6.08,9.75,7.92,10.1,5,128,0.32707,0.24342,214,239.85
2020-03-16,2020-10-16,295.0,put,60.88,65.02,62.95,60.96,6,530,0.33682,-0.74788,214,239.85
2020-03-16,2020-10-16,296.0,call,5.73,9.49,7.61,10.03,0,349,0.32707,0.23921,214,239.85
2020-03-16,2020-10-16,296.0,put,61.82,65.83,63.83,60.05,20,173,0.33682,-0.75205,214,239.85
2020-03-16,2020-10-16,297.0,call,5.39,9.16,7.28,9.25,0,185,0.32707,0.23505,214,239.85
2020-03-16,2020-10-16,297.0,put,62.16,66.43,64.3,66.04,2,147,0.32707,-0.76495,214,239.85
2020-03-16,2020-10-16,298.0,call,5.06,8.8,6.93,17.73,0,209,0.32707,0.23094,214,239.85
2020-03-16,2020-10-16,298.0,put,63.17,67.22,65.19,63.63,48,12159,0.33682,-0.76024,214,239.85
2020-03-16,2020-10-16,299.0,call,4.74,8.58,6.66,8.45,0,1082,0.31731,0.21777,214,239.85
2020-03-16,2020-10-16,299.0,put,63.86,67.86,65.86,59.94,0,231,0.32707,-0.77311,214,239.85
2020-03-16,2020-10-16,300.0,call,4.43,8.28,6.35,5.7,139,5115,0.31731,0.21375,214,239.85
2020-03-16,2020-10-16,300.0,put,64.56,68.56,66.56,68.25,31,3414,0.32707,-0.7771,214,239.85
2020-03-16,2020-10-16,301.0,call,5.0,7.93,6.46,6.25,16,1007,0.32707,0.21895,214,239.85
2020-03-16,2020-10-16,301.0,put,65.27,69.26,67.27,64.06,10,325,0.32707,-0.78105,214,239.85
2020-03-16,2020-10-16,302.0,call,3.84,7.75,5.79,5.4,12,784,0.31731,0.20587,214,239.85
2020-03-16,2020-10-16,302.0,put,65.98,69.98,67.98,64.47,20,600,0.31731,-0.79413,214,239.85
2020-03-16,2020-10-16,303.0,call,3.55,7.46,5.5,7.09,0,1433,0.30755,0.19256,214,239.85
2020-03-16,2020-10-16,303.0,put,66.76,70.7,68.73,60.15,0,216,0.31731,-0.79798,214,239.85
2020-03-16,2020-10-16,304.0,call,3.27,7.17,5.22,5.0,35,528,0.30755,0.18876,214,239.85
2020-03-16,2020-10-16,304.0,put,67.44,71.27,69.35,58.5,1,838,0.31731,-0.80178,214,239.85
2020-03-16,2020-10-16,305.0,call,3.01,6.9,4.96,5.5,2,0,0.30755,0.18501,214,239.85
2020-03-16,2020-10-16,305.0,put,68.24,72.01,70.12,65.47,21,830,0.31731,-0.80552,214,239.85
2020-03-16,2020-10-16,306.0,call,2.75,6.63,4.69,12.35,0,1489,0.2978,0.17163,214,239.85
2020-03-16,2020-10-16,306.0,put,68.94,72.84,70.89,44.7,0,837,0.30755,-0.81867,214,239.85
2020-03-16,2020-10-16,307.0,call,2.51,6.37,4.44,13.2,0,41,0.2978,0.16801,214,239.85
2020-03-16,2020-10-16,307.0,put,69.7,73.51,71.61,62.5,0,793,0.30755,-0.8223,214,239.85
2020-03-16,2020-10-16,308.0,call,2.27,6.11,4.19,6.18,0,254,0.2978,0.16446,214,239.85
2020-03-16,2020-10-16,308.0,put,70.47,74.28,72.38,66.53,6,30042,0.30755,-0.82587,214,239.85
2020-03-16,2020-10-16,309.0,call,2.05,5.86,3.96,5.3,0,360,0.28804,0.15111,214,239.85
2020-03-16,2020-10-16,309.0,put,71.25,75.1,73.17,58.32,0,162,0.30755,-0.82939,214,239.85
2020-03-16,2020-10-16,310.0,call,3.5,5.62,4.56,3.85,45,3068,0.30755,0.16715,214,239.85
2020-03-16,2020-10-16,310.0,put,72.04,75.84,73.94,71.0,4,19052,0.2978,-0.84248,214,239.85
2020-03-16,2020-10-16,311.0,call,1.64,5.39,3.51,8.61,0,533,0.28804,0.14436,214,239.85
2020-03-16,2020-10-16,311.0,put,72.83,76.63,74.73,72.88,2,494,0.2978,-0.84586,214,239.85
2020-03-16,2020-10-16,312.0,call,1.45,5.16,3.31,6.45,0,336,0.28804,0.14108,214,239.85
2020-03-16,2020-10-16,312.0,put,73.65,77.44,75.55,45.01,0,1176,0.2978,-0.84917,214,239.85
2020-03-16,2020-10-16,313.0,call,1.27,4.94,3.11,2.3,1,328,0.27829,0.12802,214,239.85
2020-03-16,2020-10-16,313.0,put,74.47,78.25,76.36,19.18,0,821,0.2978,-0.85243,214,239.85
2020-03-16,2020-10-16,314.0,call,1.11,4.72,2.92,7.66,0,59,0.27829,0.12491,214,239.85
2020-03-16,2020-10-16,314.0,put,75.3,79.07,77.19,47.21,0,759,0.2978,-0.85564,214,239.85
2020-03-16,2020-10-16,315.0,call,0.96,4.52,2.74,2.9,17,2650,0.27829,0.12187,214,239.85
2020-03-16,2020-10-16,315.0,put,76.13,79.9,78.02,65.51,0,644,0.28804,-0.8684,214,239.85
2020-03-16,2020-10-16,316.0,call,0.82,4.32,2.57,6.25,0,466,0.27829,0.11889,214,239.85
2020-03-16,2020-10-16,316.0,put,76.34,80.74,78.54,71.18,1,146,0.27829,-0.88111,214,239.85
2020-03-16,2020-10-16,317.0,call,0.71,4.13,2.42,2.9,22,237,0.26853,0.1063,214,239.85
2020-03-16,2020-10-16,317.0,put,77.7,81.59,79.65,49.69,0,22,0.28804,-0.87443,214,239.85
2020-03-16,2020-10-16,318.0,call,0.62,3.8,2.21,3.4,0,319,0.26853,0.10352,214,239.85
2020-03-16,2020-10-16,318.0,put,78.62,82.45,80.53,31.43,0,107,0.28804,-0.87735,214,239.85
2020-03-16,2020-10-16,319.0,call,0.56,3.77,2.17,1.71,2,162,0.26853,0.1008,214,239.85
2020-03-16,2020-10-16,319.0,put,79.49,83.31,81.4,80.0,20,105,0.28804,-0.88022,214,239.85
2020-03-16,2020-10-16,320.0,call,1.5,3.6,2.55,3.04,135,542,0.27829,0.10756,214,239.85
2020-03-16,2020-10-16,320.0,put,80.37,84.18,82.28,79.92,10,5419,0.28804,-0.88303,214,239.85
2020-03-16,2020-10-16,321.0,call,1.71,3.44,2.58,11.85,0,0,0.28804,0.11421,214,239.85
2020-03-16,2020-10-16,321.0,put,81.25,85.06,83.16,19.21,0,23,0.27829,-0.89512,214,239.85
2020-03-16,2020-10-16,322.0,call,1.0,3.29,2.15,2.06,3,28,0.27829,0.10225,214,239.85
2020-03-16,2020-10-16,322.0,put,82.14,85.95,84.05,77.0,0,1605,0.27829,-0.89775,214,239.85
2020-03-16,2020-10-16,323.0,call,0.33,3.14,1.74,1.3,0,249,0.25877,0.08141,214,239.85
2020-03-16,2020-10-16,323.0,put,82.99,86.84,84.91,71.97,0,120,0.27829,-0.90032,214,239.85
2020-03-16,2020-10-16,324.0,call,0.3,3.0,1.65,2.5,0,617,0.25877,0.07908,214,239.85
2020-03-16,2020-10-16,324.0,put,83.89,87.75,85.82,75.93,3,664,0.27829,-0.90284,214,239.85
2020-03-16,2020-10-16,325.0,call,1.11,2.87,1.99,1.65,49,555,0.27829,0.0947,214,239.85
2020-03-16,2020-10-16,325.0,put,84.8,88.66,86.73,88.75,2,722,0.27829,-0.9053,214,239.85
2020-03-16,2020-10-16,326.0,call,0.63,2.74,1.69,1.77,2,306,0.26853,0.0834,214,239.85
2020-03-16,2020-10-16,326.0,put,85.71,89.57,87.64,59.29,0,602,0.27829,-0.90771,214,239.85
2020-03-16,2020-10-16,327.0,call,0.2,2.63,1.42,1.87,0,23,0.25877,0.07245,214,239.85
2020-03-16,2020-10-16,327.0,put,86.39,90.49,88.44,58.95,0,310,0.26853,-0.91887,214,239.85
2020-03-16,2020-10-16,328.0,call,0.19,2.52,1.35,1.65,1,481,0.25877,0.07035,214,239.85
2020-03-16,2020-10-16,328.0,put,87.56,91.41,89.48,59.74,0,319,0.27829,-0.91237,214,239.85
2020-03-16,2020-10-16,329.0,call,0.38,2.37,1.38,1.0,7,228,0.25877,0.0683,214,239.85
2020-03-16,2020-10-16,329.0,put,88.49,92.4,90.44,61.01,0,500,0.27829,-0.91462,214,239.85
2020-03-16,2020-10-16,330.0,call,0.9,1.4,1.15,1.1,7,418,0.24902,0.05816,214,239.85
2020-03-16,2020-10-16,330.0,put,89.39,93.32,91.35,86.0,7,517,0.27829,-0.91682,214,239.85
2020-03-16,2020-10-16,331.0,call,0.14,2.08,1.11,2.25,1,84,0.24902,0.05634,214,239.85
2020-03-16,2020-10-16,331.0,put,90.33,94.26,92.3,82.8,0,151,0.27829,-0.91897,214,239.85
2020-03-16,2020-10-16,332.0,call,0.12,1.96,1.04,3.12,0,627,0.24902,0.05457,214,239.85
2020-03-16,2020-10-16,332.0,put,91.22,95.2,93.21,60.16,0,15,0.26853,-0.92939,214,239.85
2020-03-16,2020-10-16,333.0,call,0.45,1.83,1.14,3.02,0,40,0.25877,0.06063,214,239.85
2020-03-16,2020-10-16,333.0,put,92.17,96.19,94.18,64.08,0,33,0.27829,-0.92313,214,239.85
2020-03-16,2020-10-16,334.0,call,0.11,1.73,0.92,0.0,0,147,0.24902,0.05117,214,239.85
2020-03-16,2020-10-16,334.0,put,93.21,97.14,95.17,76.0,0,24,0.27829,-0.92514,214,239.85
2020-03-16,2020-10-16,335.0,call,0.15,1.63,0.89,0.95,2,257,0.24902,0.04955,214,239.85
2020-03-16,2020-10-16,335.0,put,94.13,98.09,96.11,93.95,1,63,0.27829,-0.92711,214,239.85
2020-03-16,2020-10-16,336.0,call,0.5,1.55,1.02,1.19,2,0,0.25877,0.05538,214,239.85
2020-03-16,2020-10-16,336.0,put,95.06,99.12,97.09,59.9,0,8,0.27829,-0.92902,214,239.85
2020-03-16,2020-10-16,337.0,call,0.63,1.3,0.97,0.6,2,807,0.25877,0.05372,214,239.85
2020-03-16,2020-10-16,337.0,put,96.02,100.08,98.05,64.74,0,37,0.27829,-0.9309,214,239.85
2020-03-16,2020-10-16,338.0,call,0.35,1.38,0.86,1.0,0,146,0.24902,0.04494,214,239.85
2020-03-16,2020-10-16,338.0,put,97.04,100.97,99.0,71.69,0,32,0.27829,-0.93273,214,239.85
2020-03-16,2020-10-16,339.0,call,0.03,1.31,0.67,0.81,0,0,0.23926,0.03681,214,239.85
2020-03-16,2020-10-16,339.0,put,97.95,102.01,99.98,66.94,0,10,0.27829,-0.93451,214,239.85
2020-03-16,2020-10-16,340.0,call,0.3,1.2,0.75,0.5,59,1123,0.24902,0.04209,214,239.85
2020-03-16,2020-10-16,340.0,put,98.98,102.98,100.98,100.72,48,289,0.27829,-0.93626,214,239.85
2020-03-16,2020-10-16,341.0,call,0.01,1.19,0.6,0.87,0,0,0.23926,0.0343,214,239.85
2020-03-16,2020-10-16,341.0,put,99.95,103.95,101.95,0.0,0,0,0.27829,-0.93796,214,239.85
2020-03-16,2020-10-16,342.0,put,100.87,104.95,102.91,72.04,0,3,0.27829,-0.93962,214,239.85
2020-03-16,2020-10-16,343.0,call,0.01,1.08,0.55,1.4,0,272,0.23926,0.03194,214,239.85
2020-03-16,2020-10-16,343.0,put,101.85,105.82,103.83,70.51,0,10,0.27829,-0.94125,214,239.85
2020-03-16,2020-10-16,344.0,put,102.81,106.9,104.86,71.42,0,10,0.27829,-0.94283,214,239.85
2020-03-16,2020-10-16,345.0,call,0.1,0.99,0.55,0.5,37,292,0.24902,0.03565,214,239.85
2020-03-16,2020-10-16,345.0,put,103.85,107.85,105.85,72.33,0,12,0.27829,-0.94438,214,239.85
2020-03-16,2020-10-16,346.0,put,104.77,108.83,106.8,73.25,0,10,0.27829,-0.94589,214,239.85
2020-03-16,2020-10-16,347.0,put,105.75,109.81,107.78,74.17,0,18,0.27829,-0.94736,214,239.85
2020-03-16,2020-10-16,348.0,put,106.74,110.81,108.78,89.0,0,2,0.28804,-0.94186,214,239.85
2020-03-16,2020-10-16,349.0,call,0.09,0.84,0.46,7.56,0,6,0.24902,0.03116,214,239.85
2020-03-16,2020-10-16,349.0,put,107.72,111.79,109.75,43.03,0,0,0.28804,-0.94336,214,239.85
2020-03-16,2020-10-16,350.0,call,0.45,0.65,0.55,0.44,28,4309,0.24902,0.03012,214,239.85
2020-03-16,2020-10-16,350.0,put,108.7,112.78,110.74,103.05,0,27,0.28804,-0.94482,214,239.85
2020-03-16,2020-10-16,351.0,put,109.68,113.8,111.74,24.71,0,1,0.28804,-0.94625,214,239.85
2020-03-16,2020-10-16,352.0,put,110.68,114.75,112.72,27.12,0,1,0.28804,-0.94764,214,239.85
2020-03-16,2020-10-16,353.0,call,0.01,0.76,0.39,0.0,0,0,0.23926,0.02223,214,239.85
2020-03-16,2020-10-16,353.0,put,111.65,115.73,113.69,0.0,0,0,0.28804,-0.949,214,239.85
2020-03-16,2020-10-16,354.0,put,112.64,116.72,114.68,43.0,0,2,0.28804,-0.95033,214,239.85
2020-03-16,2020-10-16,355.0,call,0.25,0.73,0.49,0.69,8,419,0.25877,0.03057,214,239.85
2020-03-16,2020-10-16,355.0,put,113.63,117.71,115.67,81.7,0,10,0.28804,-0.95163,214,239.85
2020-03-16,2020-10-16,356.0,put,114.63,118.7,116.66,0.0,0,0,0.28804,-0.9529,214,239.85
2020-03-16,2020-10-16,357.0,put,115.61,119.68,117.65,0.0,0,0,0.2978,-0.94779,214,239.85
2020-03-16,2020-10-16,358.0,put,116.6,120.67,118.63,39.34,0,100,0.2978,-0.94908,214,239.85
2020-03-16,2020-10-16,359.0,put,117.59,121.79,119.69,0.0,0,0,0.2978,-0.95035,214,239.85
2020-03-16,2020-10-16,360.0,call,0.1,0.67,0.39,0.2,21,437,0.25877,0.02601,214,239.85
2020-03-16,2020-10-16,360.0,put,118.58,122.78,120.68,86.51,0,14,0.2978,-0.95159,214,239.85
2020-03-16,2020-10-16,361.0,put,119.57,123.64,121.6,87.48,0,10,0.2978,-0.9528,214,239.85
2020-03-16,2020-10-16,362.0,put,120.56,124.63,122.59,88.45,0,10,0.2978,-0.95398,214,239.85
2020-03-16,2020-10-16,363.0,put,121.55,125.63,123.59,89.42,0,10,0.2978,-0.95514,214,239.85
2020-03-16,2020-10-16,364.0,call,0.01,0.64,0.33,0.25,0,422,0.24902,0.01855,214,239.85
2020-03-16,2020-10-16,364.0,put,122.54,126.62,124.58,0.0,0,0,0.2978,-0.95627,214,239.85
2020-03-16,2020-10-16,365.0,put,123.53,127.73,125.63,91.37,0,10,0.30755,-0.95144,214,239.85
2020-03-16,2020-10-16,366.0,put,124.53,128.72,126.62,118.85,2,0,0.30755,-0.9526,214,239.85
2020-03-16,2020-10-16,367.0,put,125.53,129.59,127.56,0.0,0,0,0.30755,-0.95374,214,239.85
2020-03-16,2020-10-16,368.0,put,126.51,130.59,128.55,94.3,0,10,0.30755,-0.95485,214,239.85
2020-03-16,2020-10-16,369.0,put,127.5,131.69,129.59,0.0,0,0,0.30755,-0.95593,214,239.85
2020-03-16,2020-10-16,370.0,call,0.15,0.6,0.38,0.44,0,775,0.26853,0.02284,214,239.85
2020-03-16,2020-10-16,370.0,put,128.5,132.68,130.59,96.27,0,10,0.30755,-0.95699,214,239.85
2020-03-16,2020-10-16,371.0,put,129.49,133.57,131.53,0.0,0,0,0.30755,-0.95803,214,239.85
2020-03-16,2020-10-16,375.0,call,0.25,0.5,0.38,0.55,1,7518,0.27829,0.02363,214,239.85
2020-03-16,2020-10-16,375.0,put,133.46,137.54,135.5,101.19,0,10,0.31731,-0.95654,214,239.85
2020-03-16,2020-10-16,380.0,call,0.2,0.32,0.26,0.36,21,15410,0.26853,0.01667,214,239.85
2020-03-16,2020-10-16,380.0,put,138.43,142.59,140.51,106.12,0,10,0.32707,-0.95603,214,239.85
2020-03-16,2020-10-16,385.0,put,143.41,147.55,145.48,111.07,0,10,0.32707,-0.96067,214,239.85
2020-03-16,2020-10-16,390.0,put,148.38,152.45,150.41,116.03,0,10,0.32707,-0.96486,214,239.85
2020-03-16,2020-10-16,395.0,put,153.35,157.44,155.39,121.0,0,10,0.33682,-0.96405,214,239.85
2020-03-16,2020-10-16,400.0,call,0.09,0.12,0.1,0.11,171,745,0.25877,0.00667,214,239.85
2020-03-16,2020-10-16,400.0,put,158.33,162.42,160.38,0.0,0,0,0.34658,-0.9632,214,239.85
2020-03-16,2020-10-16,405.0,call,0.02,0.52,0.27,0.25,1,8,0.2978,0.01474,214,239.85
2020-03-16,2020-10-16,405.0,put,163.3,167.4,165.35,0.0,0,0,0.34658,-0.96681,214,239.85
2020-03-16,2020-10-16,410.0,put,168.28,172.37,170.32,0.0,0,0,0.35633,-0.96586,214,239.85
2020-03-16,2020-10-16,415.0,put,173.26,177.34,175.3,0.0,0,0,0.35633,-0.96909,214,239.85
2020-03-16,2020-10-16,420.0,put,178.24,182.31,180.28,0.0,0,0,0.36609,-0.96807,214,239.85
2020-03-16,2020-10-16,425.0,put,183.22,187.29,185.25,0.0,0,0,0.36609,-0.97098,214,239.85
2020-03-16,2020-10-16,430.0,put,188.19,192.27,190.23,0.0,0,0,0.37584,-0.96991,214,239.85
2020-03-16,2020-10-16,435.0,put,193.17,197.25,195.21,0.0,0,0,0.37584,-0.97255,214,239.85
2020-03-16,2020-10-16,440.0,put,198.16,202.23,200.19,0.0,0,0,0.3856,-0.97144,214,239.85
2020-03-16,2020-10-16,445.0,put,203.14,207.22,205.18,0.0,0,0,0.3856,-0.97385,214,239.85
2020-03-16,2020-10-16,450.0,put,208.13,212.21,210.17,0.0,0,0,0.39536,-0.97272,214,239.85
2020-03-16,2020-10-16,455.0,put,213.11,217.19,215.15,0.0,0,0,0.39536,-0.97494,214,239.85
2020-03-16,2020-10-16,460.0,put,218.1,222.18,220.14,0.0,0,0,0.40511,-0.97378,214,239.85
2020-03-16,2020-10-16,465.0,put,223.09,227.16,225.12,0.0,0,0,0.40511,-0.97583,214,239.85
2020-03-16,2020-10-16,470.0,put,228.08,232.15,230.12,0.0,0,0,0.41487,-0.97466,214,239.85
2020-03-16,2020-11-20,130.0,call,113.76,117.75,115.75,0.0,0,0,0.64901,0.92129,249,239.85
2020-03-16,2020-11-20,130.0,put,3.87,6.46,5.17,4.7,3,17,0.6295,-0.07476,249,239.85
2020-03-16,2020-11-20,135.0,call,109.33,113.12,111.22,0.0,0,0,0.6295,0.91445,249,239.85
2020-03-16,2020-11-20,135.0,put,4.52,7.13,5.82,0.0,0,0,0.61974,-0.08347,249,239.85
2020-03-16,2020-11-20,140.0,call,104.99,108.79,106.89,0.0,0,0,0.61974,0.90508,249,239.85
2020-03-16,2020-11-20,140.0,put,5.22,7.85,6.54,6.55,1,0,0.60999,-0.09277,249,239.85
2020-03-16,2020-11-20,145.0,call,100.73,104.51,102.62,174.85,0,0,0.60999,0.89512,249,239.85
2020-03-16,2020-11-20,145.0,put,6.0,8.63,7.32,6.86,3,97,0.60023,-0.10267,249,239.85
2020-03-16,2020-11-20,150.0,call,96.52,100.3,98.41,169.83,0,0,0.60023,0.88456,249,239.85
2020-03-16,2020-11-20,150.0,put,6.81,9.47,8.14,7.63,66,625,0.59047,-0.11318,249,239.85
2020-03-16,2020-11-20,155.0,call,92.37,96.52,94.44,0.0,0,0,0.59047,0.87339,249,239.85
2020-03-16,2020-11-20,155.0,put,7.69,10.37,9.03,5.2,0,184,0.58072,-0.12433,249,239.85
2020-03-16,2020-11-20,160.0,call,88.28,92.1,90.19,100.6,0,20,0.58072,0.86157,249,239.85
2020-03-16,2020-11-20,160.0,put,8.64,11.33,9.98,7.81,2,265,0.58072,-0.13843,249,239.85
2020-03-16,2020-11-20,165.0,call,84.26,88.09,86.18,158.0,0,10,0.57096,0.84911,249,239.85
2020-03-16,2020-11-20,165.0,put,9.64,12.36,11.0,9.94,18,20,0.57096,-0.15089,249,239.85
2020-03-16,2020-11-20,170.0,call,80.23,84.13,82.18,0.0,0,0,0.56121,0.83597,249,239.85
2020-03-16,2020-11-20,170.0,put,11.3,13.46,12.38,12.6,158,93,0.56121,-0.16403,249,239.85
2020-03-16,2020-11-20,175.0,call,76.4,80.26,78.33,0.0,0,0,0.55145,0.82215,249,239.85
2020-03-16,2020-11-20,175.0,put,11.84,14.63,13.23,13.8,67,31,0.55145,-0.17785,249,239.85
2020-03-16,2020-11-20,180.0,call,72.59,76.47,74.53,128.7,0,15,0.54169,0.80761,249,239.85
2020-03-16,2020-11-20,180.0,put,13.04,15.87,14.45,13.6,59,2371,0.54169,-0.19239,249,239.85
2020-03-16,2020-11-20,185.0,call,68.87,72.65,70.76,0.0,0,0,0.53194,0.79234,249,239.85
2020-03-16,2020-11-20,185.0,put,14.31,17.18,15.75,16.0,174,339,0.53194,-0.20766,249,239.85
2020-03-16,2020-11-20,190.0,call,65.27,69.01,67.14,0.0,0,0,0.52218,0.77632,249,239.85
2020-03-16,2020-11-20,190.0,put,15.64,18.56,17.1,16.48,1880,477,0.53194,-0.22547,249,239.85
2020-03-16,2020-11-20,195.0,call,61.72,65.45,63.59,0.0,0,0,0.52218,0.75791,249,239.85
2020-03-16,2020-11-20,195.0,put,17.09,20.07,18.58,20.7,1273,243,0.52218,-0.24209,249,239.85
2020-03-16,2020-11-20,200.0,call,58.17,61.94,60.05,60.0,2,25,0.51243,0.74052,249,239.85
2020-03-16,2020-11-20,200.0,put,18.56,21.6,20.08,21.0,1071,6424,0.51243,-0.25948,249,239.85
2020-03-16,2020-11-20,205.0,call,54.77,58.48,56.62,0.0,0,0,0.50267,0.72236,249,239.85
2020-03-16,2020-11-20,205.0,put,20.1,23.21,21.66,20.2,380,1882,0.50267,-0.27764,249,239.85
2020-03-16,2020-11-20,210.0,call,51.49,55.13,53.31,117.32,0,5,0.49292,0.7034,249,239.85
2020-03-16,2020-11-20,210.0,put,21.69,24.84,23.27,25.0,314,717,0.49292,-0.2966,249,239.85
2020-03-16,2020-11-20,215.0,call,48.23,51.78,50.0,53.74,0,25,0.48316,0.68363,249,239.85
2020-03-16,2020-11-20,215.0,put,23.38,26.6,24.99,28.0,8,541,0.48316,-0.31637,249,239.85
2020-03-16,2020-11-20,220.0,call,45.07,48.56,46.81,46.61,1,14,0.4734,0.66305,249,239.85
2020-03-16,2020-11-20,220.0,put,25.05,28.46,26.76,26.5,83,418,0.48316,-0.33714,249,239.85
2020-03-16,2020-11-20,225.0,call,41.95,45.46,43.7,0.0,0,0,0.46365,0.64163,249,239.85
2020-03-16,2020-11-20,225.0,put,26.89,30.38,28.63,27.35,201,932,0.4734,-0.35818,249,239.85
2020-03-16,2020-11-20,230.0,call,38.88,42.45,40.67,43.96,0,7,0.46365,0.61998,249,239.85
2020-03-16,2020-11-20,230.0,put,28.96,32.38,30.67,31.75,88,3020,0.46365,-0.38002,249,239.85
2020-03-16,2020-11-20,232.0,call,37.68,41.26,39.47,0.0,0,0,0.45389,0.61055,249,239.85
2020-03-16,2020-11-20,232.0,put,29.77,33.2,31.48,25.47,0,335,0.46365,-0.38866,249,239.85
2020-03-16,2020-11-20,233.0,call,37.09,40.66,38.88,0.0,0,0,0.45389,0.60614,249,239.85
2020-03-16,2020-11-20,233.0,put,30.03,33.62,31.82,0.0,0,0,0.45389,-0.39386,249,239.85
2020-03-16,2020-11-20,234.0,call,36.5,39.96,38.23,0.0,0,0,0.45389,0.60174,249,239.85
2020-03-16,2020-11-20,234.0,put,30.44,34.04,32.24,26.06,0,502,0.45389,-0.39826,249,239.85
2020-03-16,2020-11-20,235.0,call,35.91,39.49,37.7,43.82,30,17,0.45389,0.59735,249,239.85
2020-03-16,2020-11-20,235.0,put,31.0,34.46,32.73,29.2,4,1692,0.45389,-0.40265,249,239.85
2020-03-16,2020-11-20,236.0,call,35.33,38.91,37.12,0.0,0,0,0.44414,0.5918,249,239.85
2020-03-16,2020-11-20,236.0,put,31.41,34.89,33.15,26.99,0,262,0.45389,-0.40704,249,239.85
2020-03-16,2020-11-20,237.0,call,34.75,38.33,36.54,0.0,0,0,0.44414,0.58732,249,239.85
2020-03-16,2020-11-20,237.0,put,31.83,35.32,33.58,30.27,2,536,0.45389,-0.41143,249,239.85
2020-03-16,2020-11-20,238.0,call,34.17,37.75,35.96,40.22,534,0,0.44414,0.58284,249,239.85
2020-03-16,2020-11-20,238.0,put,32.25,35.75,34.0,27.46,0,98,0.44414,-0.41716,249,239.85
2020-03-16,2020-11-20,239.0,call,33.59,37.18,35.39,36.0,516,0,0.44414,0.57838,249,239.85
2020-03-16,2020-11-20,239.0,put,32.5,36.19,34.34,27.61,0,435,0.44414,-0.42162,249,239.85
2020-03-16,2020-11-20,240.0,call,33.02,36.55,34.78,57.0,0,1,0.44414,0.57392,249,239.85
2020-03-16,2020-11-20,240.0,put,33.0,36.63,34.81,35.62,168,3588,0.44414,-0.42608,249,239.85
2020-03-16,2020-11-20,241.0,call,32.45,36.05,34.25,0.0,0,0,0.44414,0.56947,249,239.85
2020-03-16,2020-11-20,241.0,put,33.35,37.07,35.21,0.0,0,0,0.44414,-0.43053,249,239.85
2020-03-16,2020-11-20,242.0,call,31.88,35.4,33.64,0.0,0,0,0.43438,0.56327,249,239.85
2020-03-16,2020-11-20,242.0,put,33.74,37.51,35.62,38.0,2,1195,0.44414,-0.43497,249,239.85
2020-03-16,2020-11-20,243.0,call,31.32,34.82,33.07,0.0,0,0,0.43438,0.55874,249,239.85
2020-03-16,2020-11-20,243.0,put,34.18,37.96,36.07,36.46,2,511,0.43438,-0.44126,249,239.85
2020-03-16,2020-11-20,244.0,call,30.76,34.26,32.51,0.0,0,0,0.43438,0.55422,249,239.85
2020-03-16,2020-11-20,244.0,put,34.58,38.42,36.5,31.96,2,540,0.43438,-0.44578,249,239.85
2020-03-16,2020-11-20,245.0,call,30.2,33.7,31.95,31.5,341,11,0.43438,0.54971,249,239.85
2020-03-16,2020-11-20,245.0,put,35.06,38.87,36.97,34.21,39,3127,0.43438,-0.45029,249,239.85
2020-03-16,2020-11-20,246.0,call,29.65,33.15,31.4,31.91,1,0,0.43438,0.54521,249,239.85
2020-03-16,2020-11-20,246.0,put,35.55,39.33,37.44,33.91,1,1186,0.43438,-0.45479,249,239.85
2020-03-16,2020-11-20,247.0,call,29.5,32.58,31.04,31.75,78,0,0.43438,0.54073,249,239.85
2020-03-16,2020-11-20,247.0,put,36.0,39.8,37.9,33.08,2,164,0.43438,-0.45927,249,239.85
2020-03-16,2020-11-20,248.0,call,28.55,32.02,30.29,0.0,0,0,0.42462,0.53385,249,239.85
2020-03-16,2020-11-20,248.0,put,36.45,40.26,38.36,33.59,2,3,0.43438,-0.46374,249,239.85
2020-03-16,2020-11-20,249.0,call,28.04,31.47,29.75,32.22,0,1,0.42462,0.52928,249,239.85
2020-03-16,2020-11-20,249.0,put,36.91,40.73,38.82,32.17,0,1,0.42462,-0.47072,249,239.85
2020-03-16,2020-11-20,250.0,call,27.5,30.87,29.19,30.0,11,102,0.42462,0.52474,249,239.85
2020-03-16,2020-11-20,250.0,put,37.36,41.2,39.28,41.56,213,6149,0.42462,-0.47526,249,239.85
2020-03-16,2020-11-20,251.0,call,26.93,30.33,28.63,0.0,0,0,0.41487,0.51743,249,239.85
2020-03-16,2020-11-20,251.0,put,38.0,41.68,39.84,39.09,200,171,0.42462,-0.4798,249,239.85
2020-03-16,2020-11-20,252.0,call,26.42,29.88,28.15,30.2,403,0,0.41487,0.5128,249,239.85
2020-03-16,2020-11-20,252.0,put,38.19,42.17,40.18,34.52,0,6,0.42462,-0.48432,249,239.85
2020-03-16,2020-11-20,253.0,call,25.89,29.55,27.72,29.98,0,2,0.41487,0.50819,249,239.85
2020-03-16,2020-11-20,253.0,put,38.63,42.66,40.64,32.18,0,4,0.42462,-0.48882,249,239.85
2020-03-16,2020-11-20,254.0,call,25.36,28.64,27.0,30.82,405,4,0.41487,0.5036,249,239.85
2020-03-16,2020-11-20,254.0,put,39.03,43.14,41.09,31.31,0,4,0.41487,-0.4964,249,239.85
2020-03-16,2020-11-20,255.0,call,24.83,28.28,26.55,26.5,247,12,0.41487,0.49903,249,239.85
2020-03-16,2020-11-20,255.0,put,39.32,43.63,41.48,38.0,53,847,0.41487,-0.50097,249,239.85
2020-03-16,2020-11-20,256.0,call,24.31,27.69,26.0,30.5,0,5,0.40511,0.49108,249,239.85
2020-03-16,2020-11-20,256.0,put,40.17,44.13,42.15,39.75,3,26,0.41487,-0.50553,249,239.85
2020-03-16,2020-11-20,257.0,call,23.79,27.17,25.48,30.2,0,3,0.40511,0.48644,249,239.85
2020-03-16,2020-11-20,257.0,put,40.65,44.62,42.63,42.0,2,7,0.41487,-0.51007,249,239.85
2020-03-16,2020-11-20,258.0,call,23.27,26.54,24.91,25.33,6,0,0.40511,0.48181,249,239.85
2020-03-16,2020-11-20,258.0,put,41.04,45.13,43.09,41.33,2,9,0.41487,-0.51459,249,239.85
2020-03-16,2020-11-20,259.0,call,22.76,26.14,24.45,28.07,114,0,0.40511,0.4772,249,239.85
2020-03-16,2020-11-20,259.0,put,41.53,45.56,43.55,32.0,0,2,0.40511,-0.5228,249,239.85
2020-03-16,2020-11-20,260.0,call,22.25,25.56,23.91,25.48,3,12,0.40511,0.47262,249,239.85
2020-03-16,2020-11-20,260.0,put,42.02,46.14,44.08,42.6,20,3216,0.40511,-0.52738,249,239.85
2020-03-16,2020-11-20,261.0,call,21.74,25.14,23.44,0.0,0,0,0.39536,0.46403,249,239.85
2020-03-16,2020-11-20,261.0,put,42.51,46.65,44.58,0.0,0,0,0.40511,-0.53195,249,239.85
2020-03-16,2020-11-20,262.0,call,21.23,24.55,22.89,26.28,307,0,0.39536,0.45938,249,239.85
2020-03-16,2020-11-20,262.0,put,42.92,46.99,44.95,35.0,0,1,0.40511,-0.53649,249,239.85
2020-03-16,2020-11-20,263.0,call,20.73,24.14,22.44,24.17,741,2,0.39536,0.45475,249,239.85
2020-03-16,2020-11-20,263.0,put,43.2,47.56,45.38,0.0,0,0,0.39536,-0.54525,249,239.85
2020-03-16,2020-11-20,264.0,call,20.23,23.5,21.87,0.0,0,0,0.39536,0.45015,249,239.85
2020-03-16,2020-11-20,264.0,put,43.89,48.05,45.97,39.8,0,5,0.39536,-0.54985,249,239.85
2020-03-16,2020-11-20,265.0,call,19.74,23.01,21.38,25.11,279,2,0.3856,0.44098,249,239.85
2020-03-16,2020-11-20,265.0,put,44.39,48.55,46.47,49.4,22,1835,0.39536,-0.55443,249,239.85
2020-03-16,2020-11-20,266.0,call,19.25,22.59,20.92,22.24,21,0,0.3856,0.43631,249,239.85
2020-03-16,2020-11-20,266.0,put,44.87,49.1,46.98,38.15,0,355,0.39536,-0.55899,249,239.85
2020-03-16,2020-11-20,267.0,call,18.76,22.19,20.48,19.97,366,1,0.3856,0.43168,249,239.85
2020-03-16,2020-11-20,267.0,put,45.41,49.69,47.55,29.94,0,339,0.39536,-0.56352,249,239.85
2020-03-16,2020-11-20,268.0,call,18.28,21.69,19.98,19.55,10,0,0.3856,0.42707,249,239.85
2020-03-16,2020-11-20,268.0,put,45.93,50.14,48.03,25.89,0,3,0.3856,-0.57293,249,239.85
2020-03-16,2020-11-20,269.0,call,17.8,21.2,19.5,25.18,0,1,0.3856,0.42249,249,239.85
2020-03-16,2020-11-20,269.0,put,46.45,50.69,48.57,0.0,0,0,0.3856,-0.57751,249,239.85
2020-03-16,2020-11-20,270.0,call,17.32,20.8,19.06,21.84,1,117,0.37584,0.41265,249,239.85
2020-03-16,2020-11-20,270.0,put,46.76,51.12,48.94,50.0,517,11496,0.3856,-0.58207,249,239.85
2020-03-16,2020-11-20,271.0,call,16.85,20.25,18.55,27.33,0,1,0.37584,0.40802,249,239.85
2020-03-16,2020-11-20,271.0,put,47.25,51.65,49.45,41.27,0,21,0.37584,-0.59198,249,239.85
2020-03-16,2020-11-20,272.0,call,16.38,19.86,18.12,0.0,0,0,0.37584,0.40342,249,239.85
2020-03-16,2020-11-20,272.0,put,48.09,52.26,50.17,46.79,1,31,0.37584,-0.59658,249,239.85
2020-03-16,2020-11-20,273.0,call,15.91,19.29,17.6,29.54,0,1,0.37584,0.39885,249,239.85
2020-03-16,2020-11-20,273.0,put,48.59,52.82,50.7,42.26,0,70,0.37584,-0.60115,249,239.85
2020-03-16,2020-11-20,274.0,call,15.45,19.17,17.31,18.0,163,2,0.37584,0.39431,249,239.85
2020-03-16,2020-11-20,274.0,put,49.13,53.36,51.25,39.85,0,64,0.37584,-0.60569,249,239.85
2020-03-16,2020-11-20,275.0,call,14.99,18.43,16.71,16.98,529,667,0.36609,0.38382,249,239.85
2020-03-16,2020-11-20,275.0,put,49.44,53.9,51.67,52.5,28,1030,0.37584,-0.6102,249,239.85
2020-03-16,2020-11-20,276.0,call,14.53,18.27,16.4,17.9,2,480,0.36609,0.37925,249,239.85
2020-03-16,2020-11-20,276.0,put,49.99,54.42,52.2,35.95,0,0,0.36609,-0.62075,249,239.85
2020-03-16,2020-11-20,277.0,call,14.08,17.62,15.85,19.12,22,327,0.36609,0.3747,249,239.85
2020-03-16,2020-11-20,277.0,put,50.64,54.95,52.8,19.74,0,1,0.36609,-0.6253,249,239.85
2020-03-16,2020-11-20,278.0,call,13.64,17.39,15.52,27.93,0,1,0.36609,0.37019,249,239.85
2020-03-16,2020-11-20,278.0,put,51.2,55.53,53.37,0.0,0,0,0.36609,-0.62981,249,239.85
2020-03-16,2020-11-20,279.0,call,13.19,16.94,15.07,16.68,1,769,0.35633,0.35913,249,239.85
2020-03-16,2020-11-20,279.0,put,51.7,56.1,53.9,46.54,0,26,0.36609,-0.63428,249,239.85
2020-03-16,2020-11-20,280.0,call,13.0,16.15,14.57,14.46,104,505,0.35633,0.3546,249,239.85
2020-03-16,2020-11-20,280.0,put,52.27,56.66,54.47,50.13,11,613,0.35633,-0.6454,249,239.85
2020-03-16,2020-11-20,281.0,call,12.32,15.73,14.03,18.0,0,2293,0.35633,0.3501,249,239.85
2020-03-16,2020-11-20,281.0,put,52.96,57.28,55.12,48.79,1,3,0.35633,-0.6499,249,239.85
2020-03-16,2020-11-20,282.0,call,11.89,15.72,13.8,15.0,0,92,0.35633,0.34564,249,239.85
2020-03-16,2020-11-20,282.0,put,53.49,57.85,55.67,28.41,0,2,0.35633,-0.65436,249,239.85
2020-03-16,2020-11-20,283.0,call,11.47,14.97,13.22,13.65,0,302,0.34658,0.33402,249,239.85
2020-03-16,2020-11-20,283.0,put,54.13,58.43,56.28,50.56,1,14,0.35633,-0.65878,249,239.85
2020-03-16,2020-11-20,284.0,call,11.05,14.52,12.79,23.64,0,361,0.34658,0.32955,249,239.85
2020-03-16,2020-11-20,284.0,put,54.58,58.97,56.77,31.67,0,16,0.34658,-0.67045,249,239.85
2020-03-16,2020-11-20,285.0,call,10.63,14.06,12.35,12.25,23,359,0.34658,0.32512,249,239.85
2020-03-16,2020-11-20,285.0,put,55.26,59.63,57.45,52.5,145,4531,0.34658,-0.67488,249,239.85
2020-03-16,2020-11-20,286.0,call,10.22,13.66,11.94,16.0,0,20,0.33682,0.31301,249,239.85
2020-03-16,2020-11-20,286.0,put,55.87,60.2,58.03,48.45,0,23,0.34658,-0.67928,249,239.85
2020-03-16,2020-11-20,287.0,call,9.81,13.51,11.66,15.09,0,6,0.33682,0.30858,249,239.85
2020-03-16,2020-11-20,287.0,put,56.47,60.83,58.65,58.2,2,28,0.34658,-0.68363,249,239.85
2020-03-16,2020-11-20,288.0,call,9.41,13.24,11.32,19.46,0,138,0.33682,0.30419,249,239.85
2020-03-16,2020-11-20,288.0,put,57.07,61.44,59.25,60.21,2,2943,0.33682,-0.69581,249,239.85
2020-03-16,2020-11-20,289.0,call,9.01,12.51,10.76,20.39,0,193,0.33682,0.29985,249,239.85
2020-03-16,2020-11-20,289.0,put,57.68,62.04,59.86,34.14,0,31,0.33682,-0.70015,249,239.85
2020-03-16,2020-11-20,290.0,call,8.62,12.63,10.62,10.0,237,140,0.33682,0.29554,249,239.85
2020-03-16,2020-11-20,290.0,put,58.32,62.67,60.5,60.6,6,829,0.33682,-0.70446,249,239.85
2020-03-16,2020-11-20,291.0,call,8.24,11.8,10.02,12.88,0,27,0.32707,0.28291,249,239.85
2020-03-16,2020-11-20,291.0,put,58.96,63.28,61.12,33.51,0,46,0.33682,-0.70872,249,239.85
2020-03-16,2020-11-20,292.0,call,7.86,11.43,9.64,19.2,0,19,0.32707,0.27863,249,239.85
2020-03-16,2020-11-20,292.0,put,59.56,63.91,61.73,37.53,0,85,0.32707,-0.72137,249,239.85
2020-03-16,2020-11-20,293.0,call,7.49,11.08,9.29,11.1,44,99,0.32707,0.2744,249,239.85
2020-03-16,2020-11-20,293.0,put,60.19,64.55,62.37,49.32,0,79,0.32707,-0.7256,249,239.85
2020-03-16,2020-11-20,294.0,call,7.12,11.28,9.2,9.23,0,158,0.32707,0.27021,249,239.85
2020-03-16,2020-11-20,294.0,put,60.86,65.19,63.02,38.0,0,48,0.32707,-0.72979,249,239.85
2020-03-16,2020-11-20,295.0,call,6.76,10.35,8.55,9.95,6,65,0.31731,0.25716,249,239.85
2020-03-16,2020-11-20,295.0,put,61.49,65.82,63.66,60.14,2,380,0.32707,-0.73393,249,239.85
2020-03-16,2020-11-20,296.0,call,6.41,10.16,8.29,8.9,2,683,0.31731,0.25301,249,239.85
2020-03-16,2020-11-20,296.0,put,62.17,66.46,64.31,50.29,0,6,0.31731,-0.74699,249,239.85
2020-03-16,2020-11-20,297.0,call,6.06,9.8,7.93,8.07,11,395,0.31731,0.24891,249,239.85
2020-03-16,2020-11-20,297.0,put,62.81,67.13,64.97,50.89,0,541,0.31731,-0.75109,249,239.85
2020-03-16,2020-11-20,298.0,call,5.72,9.46,7.59,15.84,0,420,0.30755,0.2355,249,239.85
2020-03-16,2020-11-20,298.0,put,63.49,67.8,65.64,59.0,0,575,0.31731,-0.75514,249,239.85
2020-03-16,2020-11-20,299.0,call,5.39,9.15,7.27,7.38,2,886,0.30755,0.23147,249,239.85
2020-03-16,2020-11-20,299.0,put,64.18,68.47,66.33,60.41,0,73,0.31731,-0.75914,249,239.85
2020-03-16,2020-11-20,300.0,call,5.07,8.86,6.96,6.39,150,1146,0.30755,0.22748,249,239.85
2020-03-16,2020-11-20,300.0,put,64.85,69.16,67.0,68.0,18,23025,0.30755,-0.77252,249,239.85
2020-03-16,2020-11-20,301.0,call,4.75,8.59,6.67,10.1,5,863,0.2978,0.21378,249,239.85
2020-03-16,2020-11-20,301.0,put,65.49,69.85,67.67,53.43,0,97,0.30755,-0.77645,249,239.85
2020-03-16,2020-11-20,302.0,call,4.44,8.32,6.38,8.78,0,545,0.2978,0.20988,249,239.85
2020-03-16,2020-11-20,302.0,put,66.16,70.55,68.35,57.85,0,368,0.30755,-0.78034,249,239.85
2020-03-16,2020-11-20,303.0,call,4.15,8.12,6.13,7.31,1,114,0.2978,0.20602,249,239.85
2020-03-16,2020-11-20,303.0,put,66.81,71.25,69.03,61.38,0,77,0.30755,-0.78417,249,239.85
2020-03-16,2020-11-20,304.0,call,3.86,7.84,5.85,13.83,0,515,0.2978,0.20223,249,239.85
2020-03-16,2020-11-20,304.0,put,67.56,71.97,69.77,54.3,0,315,0.2978,-0.79777,249,239.85
2020-03-16,2020-11-20,305.0,call,3.59,7.66,5.62,8.25,3,2656,0.2978,0.19849,249,239.85
2020-03-16,2020-11-20,305.0,put,68.74,72.7,70.72,58.5,0,431,0.2978,-0.80151,249,239.85
2020-03-16,2020-11-20,306.0,call,3.32,7.45,5.38,7.53,2,1264,0.28804,0.18468,249,239.85
2020-03-16,2020-11-20,306.0,put,69.54,73.43,71.49,56.77,0,590,0.2978,-0.8052,249,239.85
2020-03-16,2020-11-20,307.0,call,3.06,7.23,5.15,5.83,1,306,0.28804,0.18104,249,239.85
2020-03-16,2020-11-20,307.0,put,70.29,74.18,72.24,67.52,0,451,0.2978,-0.80884,249,239.85
2020-03-16,2020-11-20,308.0,call,2.81,7.01,4.91,5.7,16,0,0.28804,0.17747,249,239.85
2020-03-16,2020-11-20,308.0,put,71.04,74.87,72.96,69.2,2,523,0.2978,-0.81242,249,239.85
2020-03-16,2020-11-20,309.0,call,2.57,6.78,4.67,6.2,0,1103,0.28804,0.17394,249,239.85
2020-03-16,2020-11-20,309.0,put,71.77,75.63,73.7,54.8,0,42,0.2978,-0.81594,249,239.85
2020-03-16,2020-11-20,310.0,call,2.61,5.97,4.29,5.1,11,706,0.27829,0.16015,249,239.85
2020-03-16,2020-11-20,310.0,put,72.53,76.37,74.45,75.9,15,2320,0.28804,-0.82952,249,239.85
2020-03-16,2020-11-20,311.0,call,2.21,6.28,4.25,5.2,0,1136,0.27829,0.15676,249,239.85
2020-03-16,2020-11-20,311.0,put,73.31,77.14,75.22,42.23,0,8750,0.28804,-0.83293,249,239.85
2020-03-16,2020-11-20,312.0,call,1.92,5.55,3.73,4.76,0,42,0.26853,0.14295,249,239.85
2020-03-16,2020-11-20,312.0,put,74.12,77.93,76.03,68.84,0,133,0.28804,-0.83628,249,239.85
2020-03-16,2020-11-20,313.0,call,1.72,5.38,3.55,6.0,0,1094,0.26853,0.13972,249,239.85
2020-03-16,2020-11-20,313.0,put,74.92,78.73,76.83,76.04,1,47,0.28804,-0.83958,249,239.85
2020-03-16,2020-11-20,314.0,call,1.54,5.2,3.37,4.71,0,338,0.26853,0.13655,249,239.85
2020-03-16,2020-11-20,314.0,put,75.72,79.53,77.62,24.77,0,61,0.27829,-0.85306,249,239.85
2020-03-16,2020-11-20,315.0,call,2.6,5.06,3.83,3.6,24,594,0.27829,0.14379,249,239.85
2020-03-16,2020-11-20,315.0,put,76.54,80.36,78.45,66.74,0,2259,0.27829,-0.85621,249,239.85
2020-03-16,2020-11-20,316.0,call,1.21,4.93,3.07,7.5,0,73,0.26853,0.13038,249,239.85
2020-03-16,2020-11-20,316.0,put,77.37,81.18,79.28,77.5,1,103,0.27829,-0.85932,249,239.85
2020-03-16,2020-11-20,317.0,call,1.06,4.76,2.91,8.11,0,217,0.26853,0.12738,249,239.85
2020-03-16,2020-11-20,317.0,put,78.2,82.0,80.1,37.77,0,12,0.27829,-0.86236,249,239.85
2020-03-16,2020-11-20,318.0,call,0.92,4.64,2.78,4.13,0,40,0.25877,0.11416,249,239.85
2020-03-16,2020-11-20,318.0,put,79.05,82.84,80.94,32.2,0,305,0.27829,-0.86536,249,239.85
2020-03-16,2020-11-20,319.0,call,2.49,4.51,3.5,3.6,0,11,0.27829,0.13171,249,239.85
2020-03-16,2020-11-20,319.0,put,79.9,83.68,81.79,69.59,0,41,0.27829,-0.86829,249,239.85
2020-03-16,2020-11-20,320.0,call,1.02,4.36,2.69,2.52,15,218,0.26853,0.11874,249,239.85
2020-03-16,2020-11-20,320.0,put,80.76,84.53,82.65,79.68,75,4730,0.27829,-0.87118,249,239.85
2020-03-16,2020-11-20,321.0,call,2.1,4.18,3.14,1.92,10,54,0.27829,0.12599,249,239.85
2020-03-16,2020-11-20,321.0,put,80.9,85.4,83.15,71.92,0,175,0.25877,-0.8941,249,239.85
2020-03-16,2020-11-20,322.0,call,2.0,4.01,3.0,1.8,2,70,0.27829,0.12321,249,239.85
2020-03-16,2020-11-20,322.0,put,82.42,86.27,84.34,46.0,0,190,0.26853,-0.88675,249,239.85
2020-03-16,2020-11-20,323.0,call,0.4,3.85,2.12,5.97,0,113,0.25877,0.10067,249,239.85
2020-03-16,2020-11-20,323.0,put,83.3,87.14,85.22,53.0,0,182,0.26853,-0.88941,249,239.85
2020-03-16,2020-11-20,324.0,call,0.33,3.69,2.01,3.04,0,0,0.24902,0.08834,249,239.85
2020-03-16,2020-11-20,324.0,put,84.19,88.03,86.11,74.03,0,24,0.26853,-0.89202,249,239.85
2020-03-16,2020-11-20,325.0,call,1.5,3.54,2.52,2.4,10,2116,0.26853,0.10543,249,239.85
2020-03-16,2020-11-20,325.0,put,85.08,88.92,87.0,75.0,0,1040,0.26853,-0.89457,249,239.85
2020-03-16,2020-11-20,326.0,call,1.7,3.39,2.54,1.71,0,19,0.26853,0.10292,249,239.85
2020-03-16,2020-11-20,326.0,put,85.99,89.82,87.91,70.52,0,501,0.26853,-0.89708,249,239.85
2020-03-16,2020-11-20,327.0,call,0.15,3.25,1.7,2.75,0,0,0.24902,0.08138,249,239.85
2020-03-16,2020-11-20,327.0,put,86.9,90.72,88.81,59.69,0,516,0.26853,-0.89953,249,239.85
2020-03-16,2020-11-20,328.0,call,0.1,3.12,1.61,2.43,1,0,0.24902,0.07917,249,239.85
2020-03-16,2020-11-20,328.0,put,87.81,91.63,89.72,61.68,0,434,0.26853,-0.90193,249,239.85
2020-03-16,2020-11-20,329.0,call,0.06,2.99,1.53,1.8,1,0,0.24902,0.07701,249,239.85
2020-03-16,2020-11-20,329.0,put,88.67,92.54,90.61,87.26,0,498,0.25877,-0.91369,249,239.85
2020-03-16,2020-11-20,330.0,call,1.0,2.5,1.75,1.5,36,570,0.25877,0.0841,249,239.85
2020-03-16,2020-11-20,330.0,put,89.6,93.46,91.53,80.0,0,1146,0.25877,-0.9159,249,239.85
2020-03-16,2020-11-20,331.0,call,0.04,2.6,1.32,3.62,0,0,0.23926,0.06394,249,239.85
2020-03-16,2020-11-20,331.0,put,90.53,94.39,92.46,45.75,0,1504,0.25877,-0.91807,249,239.85
2020-03-16,2020-11-20,332.0,call,0.5,2.52,1.51,1.45,2,0,0.24902,0.07083,249,239.85
2020-03-16,2020-11-20,332.0,put,91.46,95.32,93.39,88.0,2,55,0.25877,-0.92018,249,239.85
2020-03-16,2020-11-20,333.0,put,92.48,96.25,94.37,76.24,0,2442,0.25877,-0.92225,249,239.85
2020-03-16,2020-11-20,334.0,put,93.34,97.19,95.27,93.8,1,1021,0.25877,-0.92427,249,239.85
2020-03-16,2020-11-20,335.0,call,0.7,2.32,1.51,1.0,15,277,0.25877,0.07375,249,239.85
2020-03-16,2020-11-20,335.0,put,94.36,98.13,96.25,92.07,13,327,0.25877,-0.92625,249,239.85
2020-03-16,2020-11-20,336.0,put,95.31,99.4,97.36,40.21,0,214,0.26853,-0.91944,249,239.85
2020-03-16,2020-11-20,337.0,put,96.19,100.08,98.13,85.94,0,26,0.25877,-0.93006,249,239.85
2020-03-16,2020-11-20,338.0,put,97.22,101.3,99.26,62.3,0,5,0.26853,-0.92336,249,239.85
2020-03-16,2020-11-20,339.0,call,0.01,1.91,0.96,1.28,0,26,0.23926,0.05016,249,239.85
2020-03-16,2020-11-20,339.0,put,98.18,102.25,100.22,40.47,0,1,0.26853,-0.92526,249,239.85
2020-03-16,2020-11-20,340.0,call,0.75,1.5,1.12,1.1,60,897,0.24902,0.05644,249,239.85
2020-03-16,2020-11-20,340.0,put,99.07,102.91,100.99,94.88,0,269,0.25877,-0.93546,249,239.85
2020-03-16,2020-11-20,341.0,put,100.03,104.17,102.1,19.84,0,1,0.26853,-0.92893,249,239.85
2020-03-16,2020-11-20,342.0,put,101.0,105.13,103.06,0.0,0,0,0.26853,-0.93071,249,239.85
2020-03-16,2020-11-20,343.0,put,101.91,106.1,104.0,40.24,0,9,0.26853,-0.93245,249,239.85
2020-03-16,2020-11-20,344.0,put,102.94,107.06,105.0,21.17,0,535,0.26853,-0.93414,249,239.85
2020-03-16,2020-11-20,345.0,put,103.91,108.03,105.97,93.99,0,1225,0.26853,-0.9358,249,239.85
2020-03-16,2020-11-20,346.0,put,104.85,109.0,106.92,54.38,0,0,0.26853,-0.93743,249,239.85
2020-03-16,2020-11-20,347.0,put,105.86,109.98,107.92,24.1,0,245,0.26853,-0.93901,249,239.85
2020-03-16,2020-11-20,348.0,put,106.78,110.95,108.87,23.1,0,447,0.26853,-0.94056,249,239.85
2020-03-16,2020-11-20,349.0,put,107.75,111.93,109.84,26.44,0,108,0.26853,-0.94208,249,239.85
2020-03-16,2020-11-20,350.0,call,0.35,1.0,0.68,0.7,69,1281,0.23926,0.03554,249,239.85
2020-03-16,2020-11-20,350.0,put,108.73,112.9,110.81,73.98,0,627,0.26853,-0.94356,249,239.85
2020-03-16,2020-11-20,351.0,call,0.2,1.15,0.67,1.92,0,38,0.23926,0.03443,249,239.85
2020-03-16,2020-11-20,351.0,put,109.72,113.8,111.76,79.93,0,2332,0.26853,-0.945,249,239.85
2020-03-16,2020-11-20,352.0,put,110.71,114.86,112.78,26.08,0,531,0.27829,-0.93903,249,239.85
2020-03-16,2020-11-20,353.0,put,111.69,115.84,113.77,53.4,0,656,0.27829,-0.9405,249,239.85
2020-03-16,2020-11-20,354.0,put,112.67,116.75,114.71,79.43,0,209,0.27829,-0.94194,249,239.85
2020-03-16,2020-11-20,355.0,put,113.66,117.75,115.7,81.91,0,10,0.27829,-0.94335,249,239.85
2020-03-16,2020-11-20,356.0,put,114.66,118.79,116.72,38.49,0,100,0.27829,-0.94473,249,239.85
2020-03-16,2020-11-20,357.0,put,115.62,119.7,117.66,38.0,0,5,0.27829,-0.94608,249,239.85
2020-03-16,2020-11-20,358.0,put,116.62,120.76,118.69,0.0,0,0,0.27829,-0.9474,249,239.85
2020-03-16,2020-11-20,359.0,call,0.01,0.87,0.44,1.34,0,11,0.23926,0.02659,249,239.85
2020-03-16,2020-11-20,359.0,put,117.61,121.68,119.65,53.5,0,0,0.27829,-0.94869,249,239.85
2020-03-16,2020-11-20,360.0,call,0.3,0.54,0.42,0.5,101,223,0.23926,0.02574,249,239.85
2020-03-16,2020-11-20,360.0,put,118.61,122.73,120.67,86.66,0,13,0.27829,-0.94995,249,239.85
2020-03-16,2020-11-20,361.0,put,119.6,123.72,121.66,87.62,0,11,0.27829,-0.95119,249,239.85
2020-03-16,2020-11-20,362.0,put,120.59,124.71,122.65,88.58,0,10,0.28804,-0.94565,249,239.85
2020-03-16,2020-11-20,363.0,call,0.01,0.78,0.4,0.0,0,0,0.23926,0.02332,249,239.85
2020-03-16,2020-11-20,363.0,put,121.58,125.63,123.6,89.55,0,10,0.27829,-0.95357,249,239.85
2020-03-16,2020-11-20,364.0,put,122.57,126.65,124.61,90.51,0,10,0.28804,-0.94816,249,239.85
2020-03-16,2020-11-20,365.0,put,123.56,127.64,125.6,121.06,2,12,0.28804,-0.94937,249,239.85
2020-03-16,2020-11-20,366.0,call,0.01,0.72,0.36,0.4,1,0,0.23926,0.02112,249,239.85
2020-03-16,2020-11-20,366.0,put,124.55,128.66,126.6,0.0,0,0,0.28804,-0.95056,249,239.85
2020-03-16,2020-11-20,367.0,put,125.54,129.65,127.59,0.0,0,0,0.28804,-0.95172,249,239.85
2020-03-16,2020-11-20,368.0,put,126.52,130.58,128.55,94.4,0,42,0.28804,-0.95285,249,239.85
2020-03-16,2020-11-20,369.0,put,127.5,131.58,129.54,70.32,0,248,0.28804,-0.95397,249,239.85
2020-03-16,2020-11-20,370.0,call,0.3,0.66,0.48,0.36,6,7003,0.25877,0.02785,249,239.85
2020-03-16,2020-11-20,370.0,put,128.49,132.57,130.53,96.35,0,10,0.28804,-0.95505,249,239.85
2020-03-16,2020-11-20,371.0,put,129.51,133.56,131.53,72.18,0,2,0.28804,-0.95612,249,239.85
2020-03-16,2020-11-20,372.0,put,130.5,134.58,132.54,0.0,0,0,0.2978,-0.95098,249,239.85
2020-03-16,2020-11-20,375.0,call,0.01,0.64,0.33,0.37,284,2180,0.24902,0.01962,249,239.85
2020-03-16,2020-11-20,375.0,put,133.48,137.58,135.53,0.0,0,0,0.2978,-0.9542,249,239.85
2020-03-16,2020-11-20,380.0,call,0.25,0.37,0.31,0.3,1,14005,0.24902,0.01675,249,239.85
2020-03-16,2020-11-20,380.0,put,138.42,142.49,140.45,105.0,0,12,0.2978,-0.95915,249,239.85
2020-03-16,2020-11-20,385.0,put,143.41,147.49,145.45,90.76,0,1,0.30755,-0.95811,249,239.85
2020-03-16,2020-11-20,390.0,call,0.01,0.5,0.26,0.29,0,0,0.25877,0.0154,249,239.85
2020-03-16,2020-11-20,390.0,put,148.38,152.45,150.41,0.0,0,0,0.31731,-0.95704,249,239.85
2020-03-16,2020-11-20,395.0,call,0.02,0.34,0.18,0.18,32,41,0.24902,0.01032,249,239.85
2020-03-16,2020-11-20,395.0,put,153.33,157.41,155.37,0.0,0,0,0.31731,-0.9613,249,239.85
2020-03-16,2020-11-20,400.0,call,0.08,0.21,0.14,0.2,823,1957,0.24902,0.00876,249,239.85
2020-03-16,2020-11-20,400.0,put,158.29,162.37,160.33,95.19,0,0,0.31731,-0.96516,249,239.85
2020-03-16,2020-12-18,25.0,call,216.2,220.31,218.25,256.0,0,0,1.80996,0.98691,277,239.85
2020-03-16,2020-12-18,25.0,put,0.06,0.1,0.08,0.1,827,7418,0.98071,-0.00105,277,239.85
2020-03-16,2020-12-18,50.0,call,191.2,195.31,193.25,246.05,0,0,1.2246,0.97752,277,239.85
2020-03-16,2020-12-18,50.0,put,0.35,1.3,0.82,0.5,321,3594,0.93193,-0.00965,277,239.85
2020-03-16,2020-12-18,75.0,call,166.2,170.24,168.22,226.3,0,0,0.91242,0.96873,277,239.85
2020-03-16,2020-12-18,75.0,put,0.75,1.5,1.12,0.75,89,1424,0.73681,-0.01638,277,239.85
2020-03-16,2020-12-18,80.0,call,161.2,165.28,163.24,241.45,0,0,0.87339,0.96608,277,239.85
2020-03-16,2020-12-18,80.0,put,0.66,2.18,1.42,1.25,2,158,0.72706,-0.02002,277,239.85
2020-03-16,2020-12-18,85.0,call,156.2,160.25,158.22,0.0,0,0,0.82461,0.96453,277,239.85
2020-03-16,2020-12-18,85.0,put,0.33,2.42,1.38,1.37,4,32,0.68803,-0.021,277,239.85
2020-03-16,2020-12-18,90.0,call,151.2,155.27,153.24,157.46,0,0,0.78559,0.96224,277,239.85
2020-03-16,2020-12-18,90.0,put,0.59,2.5,1.54,2.0,3,157,0.66852,-0.02399,277,239.85
2020-03-16,2020-12-18,95.0,call,146.2,150.38,148.29,225.75,0,0,0.74657,0.96012,277,239.85
2020-03-16,2020-12-18,95.0,put,1.03,2.49,1.76,2.4,29,147,0.64901,-0.02717,277,239.85
2020-03-16,2020-12-18,100.0,call,141.6,145.48,143.54,173.7,0,5,0.72706,0.95552,277,239.85
2020-03-16,2020-12-18,100.0,put,2.0,2.94,2.47,2.7,989,4402,0.66852,-0.0362,277,239.85
2020-03-16,2020-12-18,105.0,call,136.7,140.61,138.66,207.2,0,0,0.68803,0.95362,277,239.85
2020-03-16,2020-12-18,105.0,put,1.46,3.95,2.71,3.0,19,336,0.64901,-0.04031,277,239.85
2020-03-16,2020-12-18,110.0,call,131.71,135.91,133.81,210.6,0,2,0.66852,0.94876,277,239.85
2020-03-16,2020-12-18,110.0,put,2.96,4.56,3.76,3.13,25,1200,0.66852,-0.05124,277,239.85
2020-03-16,2020-12-18,115.0,call,127.42,131.32,129.37,0.0,0,0,0.65876,0.94192,277,239.85
2020-03-16,2020-12-18,115.0,put,2.33,4.5,3.42,3.4,19,1848,0.61974,-0.05102,277,239.85
2020-03-16,2020-12-18,120.0,call,122.85,126.75,124.8,200.6,0,2,0.63925,0.93642,277,239.85
2020-03-16,2020-12-18,120.0,put,2.85,5.0,3.92,4.78,146,2677,0.60999,-0.05792,277,239.85
2020-03-16,2020-12-18,125.0,call,118.33,122.25,120.29,126.16,3,3,0.6295,0.92868,277,239.85
2020-03-16,2020-12-18,125.0,put,3.49,6.34,4.92,5.0,4,2148,0.61974,-0.06936,277,239.85
2020-03-16,2020-12-18,130.0,call,113.88,117.82,115.85,121.56,3,1,0.60999,0.92247,277,239.85
2020-03-16,2020-12-18,130.0,put,4.05,6.97,5.51,5.38,70,7957,0.60999,-0.07753,277,239.85
2020-03-16,2020-12-18,135.0,call,109.48,113.27,111.38,170.2,0,4,0.60023,0.91375,277,239.85
2020-03-16,2020-12-18,135.0,put,5.45,7.66,6.55,6.75,56,1069,0.60999,-0.08837,277,239.85
2020-03-16,2020-12-18,140.0,call,105.15,108.97,107.06,134.29,0,5,0.59047,0.90448,277,239.85
2020-03-16,2020-12-18,140.0,put,5.43,8.4,6.92,7.16,419,1847,0.59047,-0.09552,277,239.85
2020-03-16,2020-12-18,145.0,call,100.89,104.72,102.81,132.41,0,2,0.58072,0.89463,277,239.85
2020-03-16,2020-12-18,145.0,put,6.21,9.0,7.61,8.0,68,8460,0.58072,-0.10537,277,239.85
2020-03-16,2020-12-18,150.0,call,96.68,100.69,98.69,100.97,1,206,0.57096,0.88419,277,239.85
2020-03-16,2020-12-18,150.0,put,7.05,9.75,8.4,9.0,334,4681,0.57096,-0.11581,277,239.85
2020-03-16,2020-12-18,155.0,call,92.56,96.58,94.57,146.77,0,8,0.56121,0.87314,277,239.85
2020-03-16,2020-12-18,155.0,put,7.95,10.98,9.46,10.0,12,1980,0.56121,-0.12686,277,239.85
2020-03-16,2020-12-18,160.0,call,88.49,92.27,90.38,118.03,0,60,0.55145,0.86145,277,239.85
2020-03-16,2020-12-18,160.0,put,8.91,11.97,10.44,11.6,119,2288,0.55145,-0.13855,277,239.85
2020-03-16,2020-12-18,165.0,call,84.48,88.28,86.38,135.52,0,0,0.54169,0.84912,277,239.85
2020-03-16,2020-12-18,165.0,put,9.93,13.01,11.47,13.01,29,3618,0.55145,-0.1532,277,239.85
2020-03-16,2020-12-18,170.0,call,80.54,84.34,82.44,154.0,0,26,0.53194,0.83611,277,239.85
2020-03-16,2020-12-18,170.0,put,11.01,14.13,12.57,14.01,67,5997,0.54169,-0.16617,277,239.85
2020-03-16,2020-12-18,175.0,call,76.67,80.46,78.56,88.6,0,22,0.52218,0.82241,277,239.85
2020-03-16,2020-12-18,175.0,put,12.37,15.32,13.84,15.42,284,5438,0.53194,-0.17982,277,239.85
2020-03-16,2020-12-18,180.0,call,72.84,76.7,74.77,85.0,0,14,0.52218,0.80584,277,239.85
2020-03-16,2020-12-18,180.0,put,13.56,16.58,15.07,15.33,348,1671,0.52218,-0.19416,277,239.85
2020-03-16,2020-12-18,185.0,call,69.13,72.97,71.05,135.74,0,1,0.51243,0.79078,277,239.85
2020-03-16,2020-12-18,185.0,put,14.94,17.91,16.43,17.5,347,4356,0.52218,-0.21115,277,239.85
2020-03-16,2020-12-18,190.0,call,65.49,69.26,67.38,71.1,0,32,0.50267,0.77498,277,239.85
2020-03-16,2020-12-18,190.0,put,17.6,19.31,18.45,18.68,588,4059,0.52218,-0.2285,277,239.85
2020-03-16,2020-12-18,195.0,call,61.9,65.7,63.8,71.57,1,12,0.49292,0.75842,277,239.85
2020-03-16,2020-12-18,195.0,put,17.76,20.79,19.27,20.5,834,2544,0.50267,-0.24321,277,239.85
2020-03-16,2020-12-18,200.0,call,58.38,62.22,60.3,58.52,4,984,0.48316,0.74107,277,239.85
2020-03-16,2020-12-18,200.0,put,19.2,21.8,20.5,21.51,2402,6280,0.49292,-0.26035,277,239.85
2020-03-16,2020-12-18,205.0,call,54.94,58.81,56.88,132.87,0,684,0.4734,0.72291,277,239.85
2020-03-16,2020-12-18,205.0,put,20.81,24.03,22.42,22.5,1056,2363,0.49292,-0.27936,277,239.85
2020-03-16,2020-12-18,210.0,call,51.44,55.46,53.45,60.68,0,371,0.4734,0.70301,277,239.85
2020-03-16,2020-12-18,210.0,put,22.57,25.74,24.16,26.12,3234,10541,0.48316,-0.29781,277,239.85
2020-03-16,2020-12-18,215.0,call,48.15,52.33,50.24,51.42,2,41,0.46365,0.68348,277,239.85
2020-03-16,2020-12-18,215.0,put,24.44,27.52,25.98,25.45,31,8224,0.4734,-0.31703,277,239.85
2020-03-16,2020-12-18,220.0,call,45.04,49.02,47.03,46.15,2,176,0.45389,0.66311,277,239.85
2020-03-16,2020-12-18,220.0,put,26.21,29.39,27.8,26.89,680,9153,0.46365,-0.33705,277,239.85
2020-03-16,2020-12-18,225.0,call,41.88,45.68,43.78,61.7,0,185,0.44414,0.6419,277,239.85
2020-03-16,2020-12-18,225.0,put,27.88,31.28,29.58,30.0,12,7615,0.45389,-0.35788,277,239.85
2020-03-16,2020-12-18,230.0,call,38.77,42.71,40.74,40.37,1,284,0.43438,0.61983,277,239.85
2020-03-16,2020-12-18,230.0,put,30.08,33.31,31.7,33.97,2669,11215,0.45389,-0.37883,277,239.85
2020-03-16,2020-12-18,232.0,call,37.58,41.52,39.55,0.0,0,0,0.43438,0.61109,277,239.85
2020-03-16,2020-12-18,232.0,put,30.89,34.14,32.52,28.7,20,89,0.44414,-0.38807,277,239.85
2020-03-16,2020-12-18,233.0,call,36.97,40.92,38.95,0.0,0,0,0.43438,0.60672,277,239.85
2020-03-16,2020-12-18,233.0,put,30.89,34.56,32.73,33.45,2,222,0.44414,-0.39233,277,239.85
2020-03-16,2020-12-18,234.0,call,36.34,40.26,38.3,0.0,0,0,0.42462,0.60135,277,239.85
2020-03-16,2020-12-18,234.0,put,31.72,34.99,33.36,26.85,0,115,0.44414,-0.39659,277,239.85
2020-03-16,2020-12-18,235.0,call,35.79,39.55,37.67,42.0,0,136,0.42462,0.59689,277,239.85
2020-03-16,2020-12-18,235.0,put,32.14,35.42,33.78,34.36,433,9412,0.44414,-0.40085,277,239.85
2020-03-16,2020-12-18,236.0,call,35.18,39.05,37.11,0.0,0,0,0.42462,0.59244,277,239.85
2020-03-16,2020-12-18,236.0,put,32.56,35.85,34.2,30.38,3,291,0.44414,-0.40509,277,239.85
2020-03-16,2020-12-18,237.0,call,34.56,38.59,36.58,0.0,0,0,0.42462,0.588,277,239.85
2020-03-16,2020-12-18,237.0,put,32.98,36.28,34.63,0.0,0,0,0.44414,-0.40934,277,239.85
2020-03-16,2020-12-18,238.0,call,34.02,38.01,36.02,35.1,2,0,0.42462,0.58356,277,239.85
2020-03-16,2020-12-18,238.0,put,33.4,36.72,35.06,25.15,0,155,0.43438,-0.41501,277,239.85
2020-03-16,2020-12-18,239.0,call,33.41,37.44,35.42,0.0,0,0,0.42462,0.57914,277,239.85
2020-03-16,2020-12-18,239.0,put,33.83,37.16,35.49,0.0,0,0,0.43438,-0.41933,277,239.85
2020-03-16,2020-12-18,240.0,call,33.0,36.86,34.93,36.38,85,134,0.42462,0.57472,277,239.85
2020-03-16,2020-12-18,240.0,put,33.87,37.61,35.74,37.0,457,11662,0.43438,-0.42365,277,239.85
2020-03-16,2020-12-18,241.0,call,32.27,36.29,34.28,0.0,0,0,0.41487,0.56856,277,239.85
2020-03-16,2020-12-18,241.0,put,34.52,38.05,36.28,27.68,0,159,0.43438,-0.42796,277,239.85
2020-03-16,2020-12-18,242.0,call,31.7,35.72,33.71,0.0,0,0,0.41487,0.56406,277,239.85
2020-03-16,2020-12-18,242.0,put,34.95,38.51,36.73,32.91,2,159,0.43438,-0.43225,277,239.85
2020-03-16,2020-12-18,243.0,call,31.16,35.15,33.16,32.5,1,0,0.41487,0.55956,277,239.85
2020-03-16,2020-12-18,243.0,put,35.37,38.98,37.17,31.89,49,739,0.43438,-0.43654,277,239.85
2020-03-16,2020-12-18,244.0,call,30.6,34.48,32.54,38.95,0,5,0.41487,0.55507,277,239.85
2020-03-16,2020-12-18,244.0,put,35.72,39.43,37.58,34.0,1,73,0.42462,-0.44286,277,239.85
2020-03-16,2020-12-18,245.0,call,30.06,33.92,31.99,34.8,7,350,0.40511,0.54841,277,239.85
2020-03-16,2020-12-18,245.0,put,36.22,39.9,38.06,40.0,249,6816,0.42462,-0.44723,277,239.85
2020-03-16,2020-12-18,246.0,call,29.48,33.38,31.43,30.72,4,4,0.40511,0.54383,277,239.85
2020-03-16,2020-12-18,246.0,put,36.66,40.36,38.51,35.0,4,1,0.42462,-0.45159,277,239.85
2020-03-16,2020-12-18,247.0,call,28.94,32.84,30.89,32.15,10,0,0.40511,0.53927,277,239.85
2020-03-16,2020-12-18,247.0,put,37.11,40.83,38.97,0.0,0,0,0.42462,-0.45594,277,239.85
2020-03-16,2020-12-18,248.0,call,28.38,32.26,30.32,28.82,3,0,0.40511,0.53472,277,239.85
2020-03-16,2020-12-18,248.0,put,37.56,41.3,39.43,33.65,0,12,0.42462,-0.46027,277,239.85
2020-03-16,2020-12-18,249.0,call,27.81,31.55,29.68,30.0,4,0,0.40511,0.53019,277,239.85
2020-03-16,2020-12-18,249.0,put,38.02,41.78,39.9,36.9,7,6,0.41487,-0.46718,277,239.85
2020-03-16,2020-12-18,250.0,call,27.29,31.0,29.14,28.3,204,1714,0.39536,0.52288,277,239.85
2020-03-16,2020-12-18,250.0,put,38.43,42.26,40.34,42.39,3743,14079,0.41487,-0.47159,277,239.85
2020-03-16,2020-12-18,251.0,call,26.74,30.66,28.7,0.0,0,0,0.39536,0.51826,277,239.85
2020-03-16,2020-12-18,251.0,put,38.89,42.74,40.81,33.46,0,1,0.41487,-0.47599,277,239.85
2020-03-16,2020-12-18,252.0,call,26.22,30.22,28.22,32.93,1,1,0.39536,0.51366,277,239.85
2020-03-16,2020-12-18,252.0,put,39.37,43.23,41.3,36.57,5,76,0.41487,-0.48037,277,239.85
2020-03-16,2020-12-18,253.0,call,25.69,29.57,27.63,32.15,1,0,0.39536,0.50907,277,239.85
2020-03-16,2020-12-18,253.0,put,39.82,43.72,41.77,36.01,5,0,0.41487,-0.48474,277,239.85
2020-03-16,2020-12-18,254.0,call,25.16,29.03,27.09,32.09,1,12,0.39536,0.5045,277,239.85
2020-03-16,2020-12-18,254.0,put,40.3,44.21,42.25,36.95,2,52,0.41487,-0.48909,277,239.85
2020-03-16,2020-12-18,255.0,call,24.63,28.46,26.55,29.42,43,423,0.3856,0.49652,277,239.85
2020-03-16,2020-12-18,255.0,put,40.9,44.69,42.8,44.25,2888,11014,0.40511,-0.4967,277,239.85
2020-03-16,2020-12-18,256.0,call,24.11,27.97,26.04,28.5,0,11,0.3856,0.49187,277,239.85
2020-03-16,2020-12-18,256.0,put,41.26,45.19,43.22,40.0,54,19,0.40511,-0.50112,277,239.85
2020-03-16,2020-12-18,257.0,call,23.58,27.58,25.58,30.5,0,27,0.3856,0.48724,277,239.85
2020-03-16,2020-12-18,257.0,put,41.86,45.69,43.77,40.6,1,9,0.40511,-0.50553,277,239.85
2020-03-16,2020-12-18,258.0,call,23.06,27.03,25.05,29.43,0,25,0.3856,0.48263,277,239.85
2020-03-16,2020-12-18,258.0,put,42.35,46.2,44.28,33.22,0,12,0.40511,-0.50992,277,239.85
2020-03-16,2020-12-18,259.0,call,22.53,26.37,24.45,29.71,0,7,0.3856,0.47804,277,239.85
2020-03-16,2020-12-18,259.0,put,42.84,46.71,44.78,0.0,0,0,0.40511,-0.51429,277,239.85
2020-03-16,2020-12-18,260.0,call,22.02,25.86,23.94,23.07,1264,1542,0.37584,0.46936,277,239.85
2020-03-16,2020-12-18,260.0,put,43.33,47.23,45.28,47.0,79,22933,0.40511,-0.51864,277,239.85
2020-03-16,2020-12-18,261.0,call,21.52,25.27,23.39,0.0,0,0,0.37584,0.4647,277,239.85
2020-03-16,2020-12-18,261.0,put,43.82,47.75,45.78,48.2,1,2,0.39536,-0.52697,277,239.85
2020-03-16,2020-12-18,262.0,call,21.02,24.96,22.99,25.21,0,21,0.37584,0.46006,277,239.85
2020-03-16,2020-12-18,262.0,put,44.34,48.27,46.31,36.71,0,4,0.39536,-0.53138,277,239.85
2020-03-16,2020-12-18,263.0,call,20.52,24.46,22.49,27.68,0,11,0.37584,0.45545,277,239.85
2020-03-16,2020-12-18,263.0,put,44.84,48.79,46.81,32.84,0,75,0.39536,-0.53578,277,239.85
2020-03-16,2020-12-18,264.0,call,20.03,23.99,22.01,23.32,10,3,0.37584,0.45085,277,239.85
2020-03-16,2020-12-18,264.0,put,45.33,49.28,47.3,33.33,0,25,0.39536,-0.54016,277,239.85
2020-03-16,2020-12-18,265.0,call,19.54,23.45,21.49,21.18,10,1788,0.36609,0.44146,277,239.85
2020-03-16,2020-12-18,265.0,put,45.86,49.79,47.83,50.0,101,7523,0.39536,-0.54451,277,239.85
2020-03-16,2020-12-18,266.0,call,19.05,22.98,21.02,21.0,6,366,0.36609,0.43681,277,239.85
2020-03-16,2020-12-18,266.0,put,46.37,50.4,48.38,39.37,0,15,0.3856,-0.55348,277,239.85
2020-03-16,2020-12-18,267.0,call,18.56,22.31,20.43,22.09,10,745,0.36609,0.43218,277,239.85
2020-03-16,2020-12-18,267.0,put,46.63,50.94,48.78,37.72,0,510,0.3856,-0.55789,277,239.85
2020-03-16,2020-12-18,268.0,call,18.07,21.84,19.95,20.8,38,0,0.36609,0.42757,277,239.85
2020-03-16,2020-12-18,268.0,put,47.41,51.48,49.44,43.0,1,61,0.3856,-0.56228,277,239.85
2020-03-16,2020-12-18,269.0,call,17.58,21.36,19.47,20.32,17,1,0.36609,0.423,277,239.85
2020-03-16,2020-12-18,269.0,put,47.92,51.96,49.94,29.22,0,212,0.3856,-0.56665,277,239.85
2020-03-16,2020-12-18,270.0,call,17.11,20.89,19.0,18.0,1118,6004,0.35633,0.41289,277,239.85
2020-03-16,2020-12-18,270.0,put,48.45,52.45,50.45,53.0,232,15189,0.3856,-0.57099,277,239.85
2020-03-16,2020-12-18,271.0,call,16.64,20.65,18.64,20.78,1,5,0.35633,0.40826,277,239.85
2020-03-16,2020-12-18,271.0,put,48.85,52.95,50.9,32.2,0,210,0.37584,-0.5806,277,239.85
2020-03-16,2020-12-18,272.0,call,16.17,20.05,18.11,18.88,78,68,0.35633,0.40365,277,239.85
2020-03-16,2020-12-18,272.0,put,49.52,53.5,51.51,44.48,0,78,0.37584,-0.58499,277,239.85
2020-03-16,2020-12-18,273.0,call,15.71,19.5,17.61,19.74,0,403,0.35633,0.39908,277,239.85
2020-03-16,2020-12-18,273.0,put,50.09,54.05,52.07,39.8,0,27,0.37584,-0.58936,277,239.85
2020-03-16,2020-12-18,274.0,call,15.26,18.97,17.11,17.31,27,113,0.34658,0.38834,277,239.85
2020-03-16,2020-12-18,274.0,put,50.6,54.6,52.6,44.64,0,67,0.37584,-0.59369,277,239.85
2020-03-16,2020-12-18,275.0,call,14.98,18.52,16.75,17.75,4099,3976,0.34658,0.38372,277,239.85
2020-03-16,2020-12-18,275.0,put,51.17,55.15,53.16,55.18,61,13146,0.37584,-0.598,277,239.85
2020-03-16,2020-12-18,276.0,call,14.35,18.36,16.36,17.87,1261,549,0.34658,0.37914,277,239.85
2020-03-16,2020-12-18,276.0,put,51.73,55.8,53.77,38.18,0,928,0.36609,-0.60826,277,239.85
2020-03-16,2020-12-18,277.0,call,13.89,17.64,15.77,17.01,10,40,0.34658,0.37459,277,239.85
2020-03-16,2020-12-18,277.0,put,52.31,56.36,54.34,50.71,1,823,0.36609,-0.61261,277,239.85
2020-03-16,2020-12-18,278.0,call,13.44,17.2,15.32,14.65,1,80,0.33682,0.36322,277,239.85
2020-03-16,2020-12-18,278.0,put,52.85,56.92,54.89,48.6,0,605,0.36609,-0.61693,277,239.85
2020-03-16,2020-12-18,279.0,call,13.0,17.04,15.02,15.81,9,48,0.33682,0.35863,277,239.85
2020-03-16,2020-12-18,279.0,put,53.42,57.44,55.43,48.77,0,525,0.36609,-0.62122,277,239.85
2020-03-16,2020-12-18,280.0,call,12.56,16.61,14.59,14.0,82,21657,0.33682,0.35409,277,239.85
2020-03-16,2020-12-18,280.0,put,53.62,57.98,55.8,58.5,90,40509,0.35633,-0.63205,277,239.85
2020-03-16,2020-12-18,281.0,call,12.13,15.88,14.01,13.7,10,459,0.33682,0.34958,277,239.85
2020-03-16,2020-12-18,281.0,put,54.18,58.53,56.36,31.37,0,710,0.35633,-0.63637,277,239.85
2020-03-16,2020-12-18,282.0,call,11.71,15.46,13.59,15.5,20,900,0.33682,0.34511,277,239.85
2020-03-16,2020-12-18,282.0,put,54.76,59.11,56.94,49.98,0,554,0.35633,-0.64065,277,239.85
2020-03-16,2020-12-18,283.0,call,11.29,15.05,13.17,12.69,31,3430,0.32707,0.33305,277,239.85
2020-03-16,2020-12-18,283.0,put,55.35,59.7,57.53,52.5,36,485,0.35633,-0.64491,277,239.85
2020-03-16,2020-12-18,284.0,call,10.87,14.69,12.78,12.84,3,4311,0.32707,0.32856,277,239.85
2020-03-16,2020-12-18,284.0,put,55.94,60.29,58.11,57.98,45,2350,0.34658,-0.6563,277,239.85
2020-03-16,2020-12-18,285.0,call,10.45,14.29,12.37,16.35,21,7445,0.32707,0.32412,277,239.85
2020-03-16,2020-12-18,285.0,put,56.87,60.89,58.88,53.76,25,8699,0.34658,-0.66057,277,239.85
2020-03-16,2020-12-18,286.0,call,10.04,14.03,12.04,10.1,10,1082,0.32707,0.31971,277,239.85
2020-03-16,2020-12-18,286.0,put,57.45,61.49,59.47,52.6,0,481,0.34658,-0.66481,277,239.85
2020-03-16,2020-12-18,287.0,call,9.62,13.63,11.62,16.17,0,1495,0.31731,0.30707,277,239.85
2020-03-16,2020-12-18,287.0,put,58.11,62.1,60.11,52.91,0,1577,0.34658,-0.66901,277,239.85
2020-03-16,2020-12-18,288.0,call,9.24,13.24,11.24,14.51,0,2966,0.31731,0.30266,277,239.85
2020-03-16,2020-12-18,288.0,put,58.36,62.59,60.48,62.0,31,867,0.33682,-0.68094,277,239.85
2020-03-16,2020-12-18,289.0,call,8.84,12.78,10.81,11.1,3,4975,0.31731,0.2983,277,239.85
2020-03-16,2020-12-18,289.0,put,58.89,63.21,61.05,50.0,0,3275,0.33682,-0.68514,277,239.85
2020-03-16,2020-12-18,290.0,call,8.97,12.47,10.72,11.5,124,13028,0.31731,0.29398,277,239.85
2020-03-16,2020-12-18,290.0,put,59.6,63.84,61.72,60.0,65,22719,0.33682,-0.68931,277,239.85
2020-03-16,2020-12-18,291.0,call,8.07,11.93,10.0,11.33,0,4853,0.30755,0.2808,277,239.85
2020-03-16,2020-12-18,291.0,put,60.23,64.46,62.34,55.69,0,312,0.33682,-0.69344,277,239.85
2020-03-16,2020-12-18,292.0,call,7.69,11.77,9.73,11.6,1,1173,0.30755,0.2765,277,239.85
2020-03-16,2020-12-18,292.0,put,61.18,65.07,63.12,52.22,0,0,0.33682,-0.69754,277,239.85
2020-03-16,2020-12-18,293.0,call,7.31,11.43,9.37,10.56,3,1321,0.30755,0.27225,277,239.85
2020-03-16,2020-12-18,293.0,put,61.83,65.71,63.77,58.5,4,330,0.33682,-0.70159,277,239.85
2020-03-16,2020-12-18,294.0,call,6.94,10.96,8.95,9.7,1,1036,0.30755,0.26804,277,239.85
2020-03-16,2020-12-18,294.0,put,62.44,66.39,64.41,57.41,5,361,0.32707,-0.71408,277,239.85
2020-03-16,2020-12-18,295.0,call,6.58,10.78,8.68,10.04,46,1913,0.2978,0.25439,277,239.85
2020-03-16,2020-12-18,295.0,put,63.1,67.01,65.06,65.6,33,2114,0.32707,-0.71812,277,239.85
2020-03-16,2020-12-18,296.0,call,6.24,10.47,8.36,7.5,1,1418,0.2978,0.25022,277,239.85
2020-03-16,2020-12-18,296.0,put,63.76,67.67,65.72,36.22,0,336,0.32707,-0.72211,277,239.85
2020-03-16,2020-12-18,297.0,call,5.89,10.17,8.03,10.8,2,2316,0.2978,0.24611,277,239.85
2020-03-16,2020-12-18,297.0,put,64.42,68.34,66.38,0.0,0,265,0.32707,-0.72607,277,239.85
2020-03-16,2020-12-18,298.0,call,5.56,9.77,7.66,18.94,0,1933,0.2978,0.24204,277,239.85
2020-03-16,2020-12-18,298.0,put,65.18,69.02,67.1,49.82,0,1860,0.32707,-0.72999,277,239.85
2020-03-16,2020-12-18,299.0,call,5.24,9.57,7.41,8.85,2,5605,0.2978,0.23803,277,239.85
2020-03-16,2020-12-18,299.0,put,65.87,69.7,67.78,61.84,1,346,0.31731,-0.74291,277,239.85
2020-03-16,2020-12-18,300.0,call,6.8,9.25,8.03,6.84,1223,13397,0.30755,0.2438,277,239.85
2020-03-16,2020-12-18,300.0,put,66.57,70.47,68.52,68.89,201,19581,0.31731,-0.74679,277,239.85
2020-03-16,2020-12-18,301.0,call,6.0,8.92,7.46,9.6,3,4034,0.2978,0.23015,277,239.85
2020-03-16,2020-12-18,301.0,put,67.27,71.09,69.18,40.67,0,259,0.31731,-0.75063,277,239.85
2020-03-16,2020-12-18,302.0,call,4.33,8.68,6.5,6.83,4,1626,0.28804,0.21616,277,239.85
2020-03-16,2020-12-18,302.0,put,67.98,71.83,69.91,62.27,0,1770,0.31731,-0.75442,277,239.85
2020-03-16,2020-12-18,303.0,call,4.01,8.28,6.14,8.71,0,752,0.27829,0.20185,277,239.85
2020-03-16,2020-12-18,303.0,put,68.7,72.56,70.63,65.5,8,360,0.31731,-0.75817,277,239.85
2020-03-16,2020-12-18,304.0,call,3.81,8.12,5.96,8.5,0,4446,0.27829,0.19805,277,239.85
2020-03-16,2020-12-18,304.0,put,69.34,73.25,71.3,65.29,40,690,0.30755,-0.77144,277,239.85
2020-03-16,2020-12-18,305.0,call,5.0,7.92,6.46,6.36,17,4643,0.28804,0.2048,277,239.85
2020-03-16,2020-12-18,305.0,put,70.08,73.99,72.03,71.0,3,3594,0.30755,-0.77513,277,239.85
2020-03-16,2020-12-18,306.0,call,3.22,7.62,5.42,5.34,2,2576,0.27829,0.1906,277,239.85
2020-03-16,2020-12-18,306.0,put,70.88,74.73,72.81,48.55,0,258,0.30755,-0.77877,277,239.85
2020-03-16,2020-12-18,307.0,call,3.0,7.47,5.23,5.51,25,2732,0.27829,0.18697,277,239.85
2020-03-16,2020-12-18,307.0,put,71.58,75.48,73.53,60.96,0,650,0.30755,-0.78237,277,239.85
2020-03-16,2020-12-18,308.0,call,2.71,7.18,4.95,5.65,3,3029,0.27829,0.18338,277,239.85
2020-03-16,2020-12-18,308.0,put,72.34,76.23,74.28,64.1,0,1753,0.30755,-0.78593,277,239.85
2020-03-16,2020-12-18,309.0,call,2.6,7.02,4.81,4.46,4,2121,0.26853,0.16907,277,239.85
2020-03-16,2020-12-18,309.0,put,73.13,76.97,75.05,66.57,0,1142,0.2978,-0.7994,277,239.85
2020-03-16,2020-12-18,310.0,call,4.2,6.09,5.14,4.72,96,11320,0.27829,0.17638,277,239.85
2020-03-16,2020-12-18,310.0,put,73.91,77.74,75.82,73.46,64,8193,0.2978,-0.80287,277,239.85
2020-03-16,2020-12-18,311.0,call,2.5,6.57,4.54,5.44,9,1144,0.26853,0.16221,277,239.85
2020-03-16,2020-12-18,311.0,put,74.7,78.53,76.62,35.47,0,1462,0.2978,-0.8063,277,239.85
2020-03-16,2020-12-18,312.0,call,1.93,5.71,3.82,4.78,4,3100,0.25877,0.1479,277,239.85
2020-03-16,2020-12-18,312.0,put,75.5,79.32,77.41,48.19,0,252,0.2978,-0.80968,277,239.85
2020-03-16,2020-12-18,313.0,call,1.75,6.24,4.0,6.0,3,1789,0.26853,0.15557,277,239.85
2020-03-16,2020-12-18,313.0,put,76.29,80.12,78.21,50.26,0,1434,0.2978,-0.81301,277,239.85
2020-03-16,2020-12-18,314.0,call,1.59,6.01,3.8,3.97,24,4285,0.26853,0.15234,277,239.85
2020-03-16,2020-12-18,314.0,put,77.1,80.92,79.01,75.57,1,862,0.2978,-0.8163,277,239.85
2020-03-16,2020-12-18,315.0,call,3.01,5.79,4.4,3.62,159,7956,0.27829,0.15981,277,239.85
2020-03-16,2020-12-18,315.0,put,77.92,81.74,79.83,75.25,3,10016,0.2978,-0.81953,277,239.85
2020-03-16,2020-12-18,316.0,call,1.26,5.57,3.42,5.4,2,1440,0.25877,0.13523,277,239.85
2020-03-16,2020-12-18,316.0,put,78.76,82.57,80.66,49.18,0,1007,0.2978,-0.82273,277,239.85
2020-03-16,2020-12-18,317.0,call,1.12,5.36,3.24,4.38,0,966,0.25877,0.13221,277,239.85
2020-03-16,2020-12-18,317.0,put,79.6,83.4,81.5,78.06,2,1277,0.2978,-0.82588,277,239.85
2020-03-16,2020-12-18,318.0,call,0.98,5.16,3.07,3.0,35,811,0.25877,0.12924,277,239.85
2020-03-16,2020-12-18,318.0,put,80.45,84.24,82.34,78.95,2,794,0.28804,-0.83915,277,239.85
2020-03-16,2020-12-18,319.0,call,0.83,4.93,2.88,4.84,0,1588,0.24902,0.11558,277,239.85
2020-03-16,2020-12-18,319.0,put,81.31,85.08,83.19,45.51,0,332,0.28804,-0.84218,277,239.85
2020-03-16,2020-12-18,320.0,call,2.6,4.52,3.56,3.0,116,6372,0.26853,0.13407,277,239.85
2020-03-16,2020-12-18,320.0,put,82.17,85.93,84.05,82.0,24,6576,0.28804,-0.84517,277,239.85
2020-03-16,2020-12-18,321.0,call,0.52,4.51,2.51,3.29,10,2296,0.24902,0.11006,277,239.85
2020-03-16,2020-12-18,321.0,put,83.04,86.79,84.92,80.0,14,4611,0.28804,-0.84811,277,239.85
2020-03-16,2020-12-18,322.0,call,0.45,4.42,2.44,3.11,11,2402,0.24902,0.10739,277,239.85
2020-03-16,2020-12-18,322.0,put,83.84,87.66,85.75,82.35,2,934,0.28804,-0.85101,277,239.85
2020-03-16,2020-12-18,323.0,call,0.75,4.25,2.5,2.14,0,1737,0.24902,0.10477,277,239.85
2020-03-16,2020-12-18,323.0,put,84.72,88.53,86.62,82.73,2,303,0.28804,-0.85386,277,239.85
2020-03-16,2020-12-18,324.0,call,0.3,4.09,2.19,2.47,0,2445,0.24902,0.10221,277,239.85
2020-03-16,2020-12-18,324.0,put,85.61,89.41,87.51,74.02,0,262,0.28804,-0.85666,277,239.85
2020-03-16,2020-12-18,325.0,call,1.8,2.8,2.3,2.3,92,5967,0.24902,0.0997,277,239.85
2020-03-16,2020-12-18,325.0,put,86.51,90.3,88.41,90.0,41,4039,0.28804,-0.85942,277,239.85
2020-03-16,2020-12-18,326.0,call,1.25,3.78,2.51,2.6,0,2568,0.25877,0.10745,277,239.85
2020-03-16,2020-12-18,326.0,put,87.41,91.19,89.3,85.82,0,983,0.28804,-0.86214,277,239.85
2020-03-16,2020-12-18,327.0,call,0.16,3.64,1.9,2.5,1,2395,0.23926,0.08477,277,239.85
2020-03-16,2020-12-18,327.0,put,88.32,92.09,90.2,76.54,0,1382,0.28804,-0.86481,277,239.85
2020-03-16,2020-12-18,328.0,call,0.23,3.5,1.86,2.5,14,3434,0.23926,0.08251,277,239.85
2020-03-16,2020-12-18,328.0,put,89.23,92.99,91.11,79.0,0,513,0.28804,-0.86743,277,239.85
2020-03-16,2020-12-18,329.0,call,0.07,3.37,1.72,2.5,3,2142,0.23926,0.08031,277,239.85
2020-03-16,2020-12-18,329.0,put,90.1,93.9,92.0,78.06,0,59,0.28804,-0.87002,277,239.85
2020-03-16,2020-12-18,330.0,call,1.6,2.25,1.93,1.92,299,21150,0.24902,0.08792,277,239.85
2020-03-16,2020-12-18,330.0,put,91.02,94.81,92.91,86.0,1,17793,0.28804,-0.87256,277,239.85
2020-03-16,2020-12-18,331.0,put,91.95,95.72,93.84,89.01,2,1647,0.28804,-0.87506,277,239.85
2020-03-16,2020-12-18,332.0,call,0.16,2.73,1.45,1.75,1,2133,0.23926,0.07402,277,239.85
2020-03-16,2020-12-18,332.0,put,92.88,96.64,94.76,88.77,0,681,0.28804,-0.87751,277,239.85
2020-03-16,2020-12-18,333.0,call,1.0,2.65,1.82,1.25,1,0,0.24902,0.08145,277,239.85
2020-03-16,2020-12-18,333.0,put,93.81,97.57,95.69,85.48,0,1030,0.28804,-0.87993,277,239.85
2020-03-16,2020-12-18,334.0,call,0.03,2.58,1.3,2.45,0,4811,0.23926,0.07006,277,239.85
2020-03-16,2020-12-18,334.0,put,94.75,98.5,96.62,59.19,0,497,0.28804,-0.8823,277,239.85
2020-03-16,2020-12-18,335.0,call,1.13,2.51,1.82,1.15,10,7020,0.25877,0.08676,277,239.85
2020-03-16,2020-12-18,335.0,put,95.69,99.43,97.56,98.73,17,5953,0.28804,-0.88464,277,239.85
2020-03-16,2020-12-18,336.0,call,1.0,2.45,1.73,1.8,1,6779,0.24902,0.0754,277,239.85
2020-03-16,2020-12-18,336.0,put,96.64,100.37,98.5,66.38,0,451,0.28804,-0.88693,277,239.85
2020-03-16,2020-12-18,337.0,put,97.59,101.31,99.45,67.2,0,548,0.28804,-0.88919,277,239.85
2020-03-16,2020-12-18,338.0,call,0.4,2.28,1.34,1.15,8,5656,0.23926,0.06271,277,239.85
2020-03-16,2020-12-18,338.0,put,98.54,102.26,100.4,68.03,0,303,0.28804,-0.8914,277,239.85
2020-03-16,2020-12-18,339.0,put,99.44,103.2,101.32,64.68,0,767,0.28804,-0.89358,277,239.85
2020-03-16,2020-12-18,340.0,call,1.0,2.1,1.55,1.05,166,5446,0.24902,0.06795,277,239.85
2020-03-16,2020-12-18,340.0,put,100.4,104.15,102.28,99.0,1,1147,0.28804,-0.89572,277,239.85
2020-03-16,2020-12-18,341.0,call,1.0,2.02,1.51,1.2,0,5599,0.24902,0.06619,277,239.85
2020-03-16,2020-12-18,341.0,put,101.36,105.1,103.23,70.57,0,214,0.28804,-0.89782,277,239.85
2020-03-16,2020-12-18,342.0,put,102.32,106.06,104.19,71.43,0,12,0.28804,-0.89989,277,239.85
2020-03-16,2020-12-18,343.0,call,0.01,1.92,0.96,1.28,10,3867,0.23926,0.05448,277,239.85
2020-03-16,2020-12-18,343.0,put,103.28,107.02,105.15,46.33,0,2004,0.28804,-0.90192,277,239.85
2020-03-16,2020-12-18,344.0,put,104.25,107.98,106.12,74.09,0,623,0.28804,-0.90391,277,239.85
2020-03-16,2020-12-18,345.0,call,0.35,1.83,1.09,1.4,0,0,0.23926,0.05147,277,239.85
2020-03-16,2020-12-18,345.0,put,105.22,108.94,107.08,75.35,0,395,0.2978,-0.89693,277,239.85
2020-03-16,2020-12-18,346.0,call,0.68,1.36,1.02,1.79,0,2061,0.23926,0.05002,277,239.85
2020-03-16,2020-12-18,346.0,put,106.19,109.91,108.05,74.93,0,13,0.2978,-0.89892,277,239.85
2020-03-16,2020-12-18,347.0,call,0.1,1.31,0.71,1.05,11,1411,0.22951,0.04113,277,239.85
2020-03-16,2020-12-18,347.0,put,107.16,110.87,109.02,75.82,0,220,0.2978,-0.90087,277,239.85
2020-03-16,2020-12-18,348.0,call,0.01,1.73,0.87,1.05,0,0,0.23926,0.04723,277,239.85
2020-03-16,2020-12-18,348.0,put,108.13,111.84,109.98,100.3,0,202,0.2978,-0.90279,277,239.85
2020-03-16,2020-12-18,349.0,call,0.72,1.7,1.21,0.7,1,1288,0.25877,0.06146,277,239.85
2020-03-16,2020-12-18,349.0,put,109.11,112.81,110.96,53.85,0,211,0.2978,-0.90468,277,239.85
2020-03-16,2020-12-18,350.0,call,0.6,1.67,1.14,0.61,225,15232,0.24902,0.05209,277,239.85
2020-03-16,2020-12-18,350.0,put,110.08,113.78,111.93,104.1,6,552,0.2978,-0.90654,277,239.85
2020-03-16,2020-12-18,351.0,call,0.01,1.64,0.82,1.0,1,632,0.23926,0.04331,277,239.85
2020-03-16,2020-12-18,351.0,put,111.06,114.75,112.91,72.51,0,868,0.2978,-0.90836,277,239.85
2020-03-16,2020-12-18,352.0,put,112.04,115.73,113.89,99.32,0,114,0.2978,-0.91015,277,239.85
2020-03-16,2020-12-18,353.0,put,113.02,116.7,114.86,57.33,0,9,0.2978,-0.91191,277,239.85
2020-03-16,2020-12-18,354.0,put,114.0,117.68,115.84,82.2,0,11,0.2978,-0.91364,277,239.85
2020-03-16,2020-12-18,355.0,call,0.13,1.55,0.84,0.55,0,0,0.24902,0.04549,277,239.85
2020-03-16,2020-12-18,355.0,put,114.98,118.66,116.82,85.94,0,17,0.2978,-0.91534,277,239.85
2020-03-16,2020-12-18,356.0,call,0.55,1.02,0.79,0.85,0,358,0.24902,0.04426,277,239.85
2020-03-16,2020-12-18,356.0,put,115.96,119.64,117.8,0.0,0,0,0.30755,-0.90872,277,239.85
2020-03-16,2020-12-18,357.0,put,116.94,120.62,118.78,57.36,0,1,0.30755,-0.91043,277,239.85
2020-03-16,2020-12-18,358.0,put,117.93,121.6,119.77,0.0,0,0,0.30755,-0.91211,277,239.85
2020-03-16,2020-12-18,359.0,put,118.9,122.58,120.74,28.49,0,2,0.30755,-0.91376,277,239.85
2020-03-16,2020-12-18,360.0,call,0.25,0.8,0.53,0.5,36,5720,0.22951,0.02732,277,239.85
2020-03-16,2020-12-18,360.0,put,119.9,123.56,121.73,104.62,0,62,0.30755,-0.91538,277,239.85
2020-03-16,2020-12-18,361.0,put,120.87,124.54,122.71,88.77,0,10,0.30755,-0.91697,277,239.85
2020-03-16,2020-12-18,362.0,call,0.01,1.44,0.72,1.14,0,273,0.24902,0.03751,277,239.85
2020-03-16,2020-12-18,362.0,put,121.86,125.53,123.69,114.21,0,11,0.30755,-0.91854,277,239.85
2020-03-16,2020-12-18,363.0,call,0.22,0.99,0.6,0.9,116,167312,0.23926,0.03041,277,239.85
2020-03-16,2020-12-18,363.0,put,122.86,126.51,124.69,90.68,0,10,0.30755,-0.92008,277,239.85
2020-03-16,2020-12-18,364.0,put,123.83,127.49,125.66,91.63,0,11,0.30755,-0.92159,277,239.85
2020-03-16,2020-12-18,365.0,call,0.01,1.41,0.71,0.42,0,18234,0.24902,0.03451,277,239.85
2020-03-16,2020-12-18,365.0,put,124.82,128.48,126.65,92.59,0,503,0.31731,-0.91526,277,239.85
2020-03-16,2020-12-18,366.0,put,125.81,129.46,127.64,126.77,1,11,0.31731,-0.91679,277,239.85
2020-03-16,2020-12-18,367.0,call,0.01,1.4,0.7,1.0,0,249,0.25877,0.03872,277,239.85
2020-03-16,2020-12-18,367.0,put,126.8,130.45,128.62,115.04,0,1,0.31731,-0.91829,277,239.85
2020-03-16,2020-12-18,368.0,call,0.01,1.39,0.7,0.0,0,0,0.25877,0.03772,277,239.85
2020-03-16,2020-12-18,368.0,put,127.8,131.44,129.62,95.48,0,10,0.31731,-0.91977,277,239.85
2020-03-16,2020-12-18,369.0,call,0.01,1.38,0.69,0.64,0,214,0.25877,0.03674,277,239.85
2020-03-16,2020-12-18,369.0,put,128.78,132.42,130.6,0.0,0,0,0.31731,-0.92122,277,239.85
2020-03-16,2020-12-18,370.0,call,0.01,1.38,0.69,0.48,54,0,0.25877,0.03579,277,239.85
2020-03-16,2020-12-18,370.0,put,129.77,133.41,131.59,119.65,0,177,0.31731,-0.92265,277,239.85
2020-03-16,2020-12-18,375.0,call,0.45,1.35,0.9,0.45,2,2324,0.27829,0.04322,277,239.85
2020-03-16,2020-12-18,375.0,put,134.73,138.35,136.54,102.45,0,3,0.32707,-0.92211,277,239.85
2020-03-16,2020-12-18,380.0,call,0.35,0.68,0.52,0.35,2,9247,0.25877,0.02742,277,239.85
2020-03-16,2020-12-18,380.0,put,139.68,143.29,141.49,107.35,0,412,0.32707,-0.92866,277,239.85
2020-03-16,2020-12-18,385.0,put,144.63,148.24,146.44,112.26,0,1,0.33682,-0.9278,277,239.85
2020-03-16,2020-12-18,390.0,call,0.02,1.29,0.66,0.4,1,2955,0.27829,0.03031,277,239.85
2020-03-16,2020-12-18,390.0,put,149.59,153.19,151.39,92.39,0,10,0.34658,-0.92687,277,239.85
2020-03-16,2020-12-18,395.0,call,0.1,1.0,0.55,0.35,1,4364,0.27829,0.02688,277,239.85
2020-03-16,2020-12-18,395.0,put,154.55,158.14,156.34,97.18,0,103,0.34658,-0.93255,277,239.85
2020-03-16,2020-12-18,400.0,call,0.07,0.35,0.21,0.22,74,3603,0.24902,0.01253,277,239.85
2020-03-16,2020-12-18,400.0,put,159.52,163.1,161.31,157.68,2,1283,0.35633,-0.9314,277,239.85
2020-03-16,2020-12-18,405.0,call,0.1,1.22,0.66,0.1,15,2936,0.2978,0.0299,277,239.85
2020-03-16,2020-12-18,405.0,put,164.49,168.06,166.28,132.06,0,211,0.35633,-0.93653,277,239.85
2020-03-16,2020-12-18,410.0,call,0.11,0.17,0.14,0.17,299,9523,0.24902,0.00928,277,239.85
2020-03-16,2020-12-18,410.0,put,169.45,173.02,171.24,137.02,0,944,0.36609,-0.9352,277,239.85
2020-03-16,2020-12-31,185.0,call,69.28,73.49,71.38,0.0,0,0,0.50267,0.79045,290,239.85
2020-03-16,2020-12-31,185.0,put,14.71,18.24,16.48,17.21,176,0,0.51243,-0.21151,290,239.85
2020-03-16,2020-12-31,190.0,call,65.63,69.8,67.72,0.0,0,0,0.49292,0.77472,290,239.85
2020-03-16,2020-12-31,190.0,put,16.05,19.65,17.85,15.3,1,65,0.50267,-0.22709,290,239.85
2020-03-16,2020-12-31,195.0,call,62.06,66.2,64.13,0.0,0,0,0.48316,0.75823,290,239.85
2020-03-16,2020-12-31,195.0,put,17.47,21.13,19.3,16.7,6,0,0.49292,-0.24341,290,239.85
2020-03-16,2020-12-31,200.0,call,57.91,62.68,60.3,59.47,13,6,0.4734,0.74095,290,239.85
2020-03-16,2020-12-31,200.0,put,18.96,22.5,20.73,22.65,74,134,0.48316,-0.26049,290,239.85
2020-03-16,2020-12-31,205.0,call,55.18,59.26,57.22,77.4,0,1,0.4734,0.72165,290,239.85
2020-03-16,2020-12-31,205.0,put,20.62,24.33,22.48,13.6,0,122,0.48316,-0.27944,290,239.85
2020-03-16,2020-12-31,210.0,call,51.83,55.89,53.86,66.0,0,0,0.46365,0.703,290,239.85
2020-03-16,2020-12-31,210.0,put,22.25,26.11,24.18,24.5,28,141,0.4734,-0.29783,290,239.85
2020-03-16,2020-12-31,215.0,call,48.55,52.6,50.58,0.0,0,0,0.45389,0.68351,290,239.85
2020-03-16,2020-12-31,215.0,put,23.97,27.91,25.94,25.85,23,137,0.46365,-0.317,290,239.85
2020-03-16,2020-12-31,220.0,call,45.35,49.29,47.32,0.0,0,0,0.44414,0.66318,290,239.85
2020-03-16,2020-12-31,220.0,put,25.81,29.78,27.8,30.0,5,61,0.45389,-0.33698,290,239.85
2020-03-16,2020-12-31,225.0,call,42.22,46.03,44.12,49.69,1,0,0.43438,0.64199,290,239.85
2020-03-16,2020-12-31,225.0,put,27.7,31.73,29.71,27.63,8,130,0.45389,-0.35749,290,239.85
2020-03-16,2020-12-31,230.0,call,39.16,43.01,41.08,40.16,1,2,0.43438,0.62059,290,239.85
2020-03-16,2020-12-31,230.0,put,29.66,33.77,31.72,32.33,114,1348,0.44414,-0.3787,290,239.85
2020-03-16,2020-12-31,233.0,call,37.32,41.23,39.27,0.0,0,0,0.42462,0.60682,290,239.85
2020-03-16,2020-12-31,233.0,put,30.88,35.03,32.95,0.0,0,0,0.43438,-0.39221,290,239.85
2020-03-16,2020-12-31,234.0,call,36.73,40.64,38.69,0.0,0,0,0.42462,0.60247,290,239.85
2020-03-16,2020-12-31,234.0,put,31.29,35.45,33.37,0.0,0,0,0.43438,-0.39647,290,239.85
2020-03-16,2020-12-31,235.0,call,36.19,40.06,38.12,41.88,0,3,0.42462,0.59811,290,239.85
2020-03-16,2020-12-31,235.0,put,31.7,35.88,33.79,30.89,5,251,0.43438,-0.40072,290,239.85
2020-03-16,2020-12-31,236.0,call,35.56,39.48,37.52,0.0,0,0,0.42462,0.59377,290,239.85
2020-03-16,2020-12-31,236.0,put,32.12,36.32,34.22,32.43,1,2,0.43438,-0.40496,290,239.85
2020-03-16,2020-12-31,237.0,call,34.97,38.91,36.94,0.0,0,0,0.41487,0.58807,290,239.85
2020-03-16,2020-12-31,237.0,put,32.54,36.75,34.64,0.0,0,0,0.43438,-0.4092,290,239.85
2020-03-16,2020-12-31,238.0,call,34.39,38.33,36.36,0.0,0,0,0.41487,0.58364,290,239.85
2020-03-16,2020-12-31,238.0,put,32.96,37.19,35.08,0.0,0,0,0.42462,-0.4149,290,239.85
2020-03-16,2020-12-31,239.0,call,33.81,37.76,35.78,0.0,0,0,0.41487,0.57921,290,239.85
2020-03-16,2020-12-31,239.0,put,33.38,37.64,35.51,32.46,1,0,0.42462,-0.41923,290,239.85
2020-03-16,2020-12-31,240.0,call,33.27,37.24,35.26,35.0,7,11,0.41487,0.57479,290,239.85
2020-03-16,2020-12-31,240.0,put,33.81,38.08,35.95,34.5,54,560,0.42462,-0.42354,290,239.85
2020-03-16,2020-12-31,241.0,call,32.66,36.67,34.66,0.0,0,0,0.41487,0.57038,290,239.85
2020-03-16,2020-12-31,241.0,put,34.24,38.53,36.39,0.0,0,0,0.42462,-0.42785,290,239.85
2020-03-16,2020-12-31,242.0,call,32.11,36.12,34.11,33.97,8,0,0.41487,0.56598,290,239.85
2020-03-16,2020-12-31,242.0,put,34.68,38.99,36.84,0.0,0,0,0.42462,-0.43214,290,239.85
2020-03-16,2020-12-31,243.0,call,31.55,35.56,33.55,0.0,0,0,0.40511,0.55959,290,239.85
2020-03-16,2020-12-31,243.0,put,35.11,39.45,37.28,0.0,0,0,0.42462,-0.43643,290,239.85
2020-03-16,2020-12-31,244.0,call,30.99,35.01,33.0,33.1,2,0,0.40511,0.5551,290,239.85
2020-03-16,2020-12-31,244.0,put,35.55,39.91,37.73,31.53,2,0,0.42462,-0.44071,290,239.85
2020-03-16,2020-12-31,245.0,call,30.45,34.46,32.45,34.21,8,2,0.40511,0.55062,290,239.85
2020-03-16,2020-12-31,245.0,put,36.0,40.37,38.19,38.1,18,254,0.41487,-0.44717,290,239.85
2020-03-16,2020-12-31,246.0,call,29.88,33.91,31.89,32.25,15,0,0.40511,0.54615,290,239.85
2020-03-16,2020-12-31,246.0,put,36.44,40.84,38.64,32.81,0,1,0.41487,-0.45153,290,239.85
2020-03-16,2020-12-31,247.0,call,29.33,33.37,31.35,32.75,5,0,0.40511,0.54169,290,239.85
2020-03-16,2020-12-31,247.0,put,36.89,41.31,39.1,36.4,12,0,0.41487,-0.45587,290,239.85
2020-03-16,2020-12-31,248.0,call,28.78,32.83,30.8,0.0,0,0,0.39536,0.53467,290,239.85
2020-03-16,2020-12-31,248.0,put,37.34,41.79,39.56,0.0,0,0,0.41487,-0.46021,290,239.85
2020-03-16,2020-12-31,249.0,call,28.23,32.29,30.26,33.05,0,10,0.39536,0.53013,290,239.85
2020-03-16,2020-12-31,249.0,put,37.8,42.26,40.03,36.76,1,9,0.41487,-0.46453,290,239.85
2020-03-16,2020-12-31,250.0,call,28.0,31.76,29.88,32.0,21,15,0.39536,0.5256,290,239.85
2020-03-16,2020-12-31,250.0,put,38.26,42.74,40.5,39.95,63,3646,0.40511,-0.47159,290,239.85
2020-03-16,2020-12-31,251.0,call,27.14,31.23,29.19,38.0,0,0,0.39536,0.52109,290,239.85
2020-03-16,2020-12-31,251.0,put,38.72,43.21,40.97,36.66,4,10,0.40511,-0.47599,290,239.85
2020-03-16,2020-12-31,252.0,call,26.62,30.71,28.66,27.57,5,1,0.39536,0.5166,290,239.85
2020-03-16,2020-12-31,252.0,put,39.19,43.7,41.45,0.0,0,0,0.40511,-0.48038,290,239.85
2020-03-16,2020-12-31,253.0,call,26.08,30.18,28.13,30.69,0,7,0.39536,0.51212,290,239.85
2020-03-16,2020-12-31,253.0,put,39.66,44.19,41.92,35.3,1,12,0.40511,-0.48475,290,239.85
2020-03-16,2020-12-31,254.0,call,25.55,29.67,27.61,28.5,0,4,0.3856,0.50433,290,239.85
2020-03-16,2020-12-31,254.0,put,40.13,44.69,42.41,33.04,0,10,0.40511,-0.48911,290,239.85
2020-03-16,2020-12-31,255.0,call,25.02,29.15,27.09,32.38,1,23,0.3856,0.49977,290,239.85
2020-03-16,2020-12-31,255.0,put,40.6,45.19,42.89,45.65,40,319,0.40511,-0.49345,290,239.85
2020-03-16,2020-12-31,256.0,call,24.5,28.64,26.57,0.0,0,0,0.3856,0.49523,290,239.85
2020-03-16,2020-12-31,256.0,put,41.08,45.69,43.38,45.0,4,16,0.39536,-0.50123,290,239.85
2020-03-16,2020-12-31,257.0,call,23.98,28.13,26.05,30.62,1,6,0.3856,0.49071,290,239.85
2020-03-16,2020-12-31,257.0,put,41.56,46.2,43.88,30.94,0,10,0.39536,-0.50564,290,239.85
2020-03-16,2020-12-31,258.0,call,23.47,27.63,25.55,27.1,1,0,0.3856,0.4862,290,239.85
2020-03-16,2020-12-31,258.0,put,42.05,46.7,44.38,37.25,12,14,0.39536,-0.51003,290,239.85
2020-03-16,2020-12-31,259.0,call,22.95,27.13,25.04,23.81,5,8,0.37584,0.47773,290,239.85
2020-03-16,2020-12-31,259.0,put,42.54,47.22,44.88,45.48,5,27,0.39536,-0.51441,290,239.85
2020-03-16,2020-12-31,260.0,call,22.44,26.63,24.54,26.0,4,216,0.37584,0.47315,290,239.85
2020-03-16,2020-12-31,260.0,put,43.03,47.73,45.38,42.76,4,314,0.39536,-0.51877,290,239.85
2020-03-16,2020-12-31,261.0,call,21.94,26.13,24.04,0.0,0,0,0.37584,0.46859,290,239.85
2020-03-16,2020-12-31,261.0,put,43.53,48.26,45.89,46.52,5,0,0.39536,-0.52311,290,239.85
2020-03-16,2020-12-31,262.0,call,21.43,25.64,23.54,25.77,0,1,0.37584,0.46405,290,239.85
2020-03-16,2020-12-31,262.0,put,44.03,48.78,46.41,0.0,0,0,0.3856,-0.53163,290,239.85
2020-03-16,2020-12-31,263.0,call,20.93,25.16,23.05,26.0,0,9,0.37584,0.45954,290,239.85
2020-03-16,2020-12-31,263.0,put,44.53,49.31,46.92,0.0,0,0,0.3856,-0.53603,290,239.85
2020-03-16,2020-12-31,264.0,call,20.43,24.68,22.55,0.0,0,0,0.37584,0.45504,290,239.85
2020-03-16,2020-12-31,264.0,put,45.03,49.84,47.44,0.0,0,0,0.3856,-0.54042,290,239.85
2020-03-16,2020-12-31,265.0,call,19.94,24.2,22.07,19.99,5,33,0.36609,0.44578,290,239.85
2020-03-16,2020-12-31,265.0,put,45.54,50.38,47.96,39.79,1,188,0.3856,-0.54478,290,239.85
2020-03-16,2020-12-31,266.0,call,19.45,23.72,21.59,21.5,10,2,0.36609,0.44122,290,239.85
2020-03-16,2020-12-31,266.0,put,46.06,50.92,48.49,0.0,0,0,0.3856,-0.54912,290,239.85
2020-03-16,2020-12-31,267.0,call,18.97,23.25,21.11,23.02,0,1,0.36609,0.43669,290,239.85
2020-03-16,2020-12-31,267.0,put,46.57,51.46,49.02,32.04,0,2,0.37584,-0.5583,290,239.85
2020-03-16,2020-12-31,268.0,call,18.49,22.78,20.63,22.24,10,674,0.36609,0.43218,290,239.85
2020-03-16,2020-12-31,268.0,put,47.09,52.01,49.55,0.0,0,0,0.37584,-0.5627,290,239.85
2020-03-16,2020-12-31,269.0,call,18.01,22.32,20.16,20.97,1,1,0.36609,0.42769,290,239.85
2020-03-16,2020-12-31,269.0,put,47.62,52.53,50.08,32.0,0,500,0.37584,-0.56708,290,239.85
2020-03-16,2020-12-31,270.0,call,18.0,21.86,19.93,20.0,204,351,0.36609,0.42324,290,239.85
2020-03-16,2020-12-31,270.0,put,48.15,53.06,50.61,42.41,3,1135,0.37584,-0.57143,290,239.85
2020-03-16,2020-12-31,271.0,call,17.06,21.41,19.23,19.0,2,539,0.35633,0.41318,290,239.85
2020-03-16,2020-12-31,271.0,put,48.68,53.59,51.14,47.63,10,1,0.37584,-0.57575,290,239.85
2020-03-16,2020-12-31,272.0,call,16.59,20.95,18.77,30.39,0,306,0.35633,0.40867,290,239.85
2020-03-16,2020-12-31,272.0,put,49.21,54.12,51.66,41.0,0,10,0.36609,-0.5856,290,239.85
2020-03-16,2020-12-31,273.0,call,16.13,20.51,18.32,19.15,1,2,0.35633,0.40419,290,239.85
2020-03-16,2020-12-31,273.0,put,49.75,54.66,52.2,22.0,0,1,0.36609,-0.58997,290,239.85
2020-03-16,2020-12-31,274.0,call,15.66,20.06,17.86,21.17,1,273,0.34658,0.39358,290,239.85
2020-03-16,2020-12-31,274.0,put,50.29,55.2,52.75,48.39,4,600,0.36609,-0.59432,290,239.85
2020-03-16,2020-12-31,275.0,call,15.21,19.62,17.41,18.51,59,215,0.34658,0.38905,290,239.85
2020-03-16,2020-12-31,275.0,put,50.84,55.75,53.3,53.74,1,35,0.36609,-0.59865,290,239.85
2020-03-16,2020-12-31,276.0,call,14.76,19.19,16.98,24.72,0,22,0.34658,0.38455,290,239.85
2020-03-16,2020-12-31,276.0,put,51.39,56.3,53.84,31.71,0,3,0.36609,-0.60294,290,239.85
2020-03-16,2020-12-31,277.0,call,14.32,18.76,16.54,32.01,0,1,0.34658,0.38009,290,239.85
2020-03-16,2020-12-31,277.0,put,51.94,56.85,54.39,15.28,0,10,0.35633,-0.61345,290,239.85
2020-03-16,2020-12-31,278.0,call,13.87,18.33,16.1,18.11,0,37,0.34658,0.37565,290,239.85
2020-03-16,2020-12-31,278.0,put,52.5,57.41,54.95,0.0,0,0,0.35633,-0.61778,290,239.85
2020-03-16,2020-12-31,279.0,call,13.43,17.91,15.67,17.5,0,21,0.33682,0.36434,290,239.85
2020-03-16,2020-12-31,279.0,put,53.07,57.97,55.52,14.84,0,1,0.35633,-0.62209,290,239.85
2020-03-16,2020-12-31,280.0,call,13.0,17.49,15.24,13.2,93,513,0.33682,0.35987,290,239.85
2020-03-16,2020-12-31,280.0,put,53.63,58.54,56.09,53.48,24,2197,0.35633,-0.62636,290,239.85
2020-03-16,2020-12-31,281.0,call,12.56,17.08,14.82,16.06,6,5458,0.33682,0.35544,290,239.85
2020-03-16,2020-12-31,281.0,put,54.2,59.11,56.66,49.47,0,13,0.35633,-0.63061,290,239.85
2020-03-16,2020-12-31,282.0,call,12.14,16.67,14.41,24.84,0,12,0.33682,0.35104,290,239.85
2020-03-16,2020-12-31,282.0,put,54.78,59.68,57.23,50.0,1,7,0.34658,-0.64176,290,239.85
2020-03-16,2020-12-31,283.0,call,11.71,16.27,13.99,25.5,0,32,0.33682,0.34668,290,239.85
2020-03-16,2020-12-31,283.0,put,55.36,60.26,57.81,20.28,0,2,0.34658,-0.64603,290,239.85
2020-03-16,2020-12-31,284.0,call,11.29,15.86,13.57,22.88,0,297,0.32707,0.3347,290,239.85
2020-03-16,2020-12-31,284.0,put,55.94,60.85,58.39,47.65,0,2,0.34658,-0.65027,290,239.85
2020-03-16,2020-12-31,285.0,call,10.88,15.47,13.18,12.1,57,267,0.32707,0.33032,290,239.85
2020-03-16,2020-12-31,285.0,put,56.53,61.43,58.98,52.44,0,22,0.34658,-0.65447,290,239.85
2020-03-16,2020-12-31,286.0,call,10.48,15.08,12.78,16.25,0,9,0.32707,0.32598,290,239.85
2020-03-16,2020-12-31,286.0,put,57.12,62.03,59.58,52.97,0,12,0.34658,-0.65864,290,239.85
2020-03-16,2020-12-31,287.0,call,10.07,14.69,12.38,11.1,1,62,0.32707,0.32167,290,239.85
2020-03-16,2020-12-31,287.0,put,57.72,62.62,60.17,48.93,0,4,0.33682,-0.67041,290,239.85
2020-03-16,2020-12-31,288.0,call,9.67,14.31,11.99,11.5,1,69,0.31731,0.30911,290,239.85
2020-03-16,2020-12-31,288.0,put,58.32,63.22,60.77,37.0,0,0,0.33682,-0.67459,290,239.85
2020-03-16,2020-12-31,289.0,call,9.28,13.94,11.61,9.91,2,401,0.31731,0.3048,290,239.85
2020-03-16,2020-12-31,289.0,put,58.93,63.83,61.38,49.91,0,203,0.33682,-0.67874,290,239.85
2020-03-16,2020-12-31,290.0,call,9.0,13.57,11.29,10.0,12,112,0.31731,0.30054,290,239.85
2020-03-16,2020-12-31,290.0,put,59.54,64.44,61.99,57.73,8,237,0.33682,-0.68285,290,239.85
2020-03-16,2020-12-31,291.0,call,8.5,13.2,10.85,11.27,0,33,0.31731,0.29632,290,239.85
2020-03-16,2020-12-31,291.0,put,60.16,65.06,62.61,52.15,0,4,0.32707,-0.69515,290,239.85
2020-03-16,2020-12-31,292.0,call,8.12,12.84,10.48,10.18,4,0,0.31731,0.29214,290,239.85
2020-03-16,2020-12-31,292.0,put,60.78,65.68,63.23,53.0,0,279,0.32707,-0.69926,290,239.85
2020-03-16,2020-12-31,293.0,call,7.75,12.49,10.12,11.45,0,1466,0.30755,0.279,290,239.85
2020-03-16,2020-12-31,293.0,put,61.41,66.31,63.86,50.12,0,48,0.32707,-0.70333,290,239.85
2020-03-16,2020-12-31,294.0,call,7.38,12.14,9.76,11.63,0,15,0.30755,0.27484,290,239.85
2020-03-16,2020-12-31,294.0,put,62.05,66.94,64.5,38.18,0,6,0.32707,-0.70736,290,239.85
2020-03-16,2020-12-31,295.0,call,7.02,11.8,9.41,12.0,5,16,0.30755,0.27072,290,239.85
2020-03-16,2020-12-31,295.0,put,62.69,67.58,65.13,51.9,0,40,0.31731,-0.72015,290,239.85
2020-03-16,2020-12-31,296.0,call,6.67,11.46,9.07,10.47,0,622,0.30755,0.26665,290,239.85
2020-03-16,2020-12-31,296.0,put,63.34,68.23,65.78,59.24,0,8,0.31731,-0.72416,290,239.85
2020-03-16,2020-12-31,297.0,call,6.32,11.13,8.73,10.09,0,51,0.2978,0.25305,290,239.85
2020-03-16,2020-12-31,297.0,put,63.99,68.88,66.44,39.71,0,24,0.31731,-0.72814,290,239.85
2020-03-16,2020-12-31,298.0,call,5.98,10.8,8.39,16.27,0,1134,0.2978,0.24902,290,239.85
2020-03-16,2020-12-31,298.0,put,64.65,69.55,67.1,15.04,0,4,0.31731,-0.73206,290,239.85
2020-03-16,2020-12-31,299.0,call,5.65,10.48,8.07,7.75,3,15,0.2978,0.24503,290,239.85
2020-03-16,2020-12-31,299.0,put,65.32,70.21,67.76,62.5,1,120,0.31731,-0.73595,290,239.85
2020-03-16,2020-12-31,300.0,call,7.0,10.16,8.58,7.0,402,1190,0.30755,0.25081,290,239.85
2020-03-16,2020-12-31,300.0,put,66.0,70.89,68.44,64.0,6,814,0.30755,-0.74919,290,239.85
2020-03-16,2020-12-31,301.0,call,5.01,9.85,7.43,6.6,62,530,0.28804,0.22711,290,239.85
2020-03-16,2020-12-31,301.0,put,66.68,71.57,69.12,59.38,0,40,0.30755,-0.75304,290,239.85
2020-03-16,2020-12-31,302.0,call,4.7,9.0,6.85,9.2,2,467,0.28804,0.22323,290,239.85
2020-03-16,2020-12-31,302.0,put,67.38,72.27,69.82,67.2,40,83,0.30755,-0.75684,290,239.85
2020-03-16,2020-12-31,303.0,call,5.0,9.25,7.12,8.1,1,6,0.28804,0.21941,290,239.85
2020-03-16,2020-12-31,303.0,put,68.08,72.97,70.53,52.04,0,53,0.30755,-0.7606,290,239.85
2020-03-16,2020-12-31,304.0,call,4.1,8.96,6.53,17.0,0,7,0.28804,0.21563,290,239.85
2020-03-16,2020-12-31,304.0,put,68.79,73.67,71.23,28.35,0,12,0.30755,-0.76432,290,239.85
2020-03-16,2020-12-31,305.0,call,3.82,8.67,6.25,6.15,5,4073,0.27829,0.20138,290,239.85
2020-03-16,2020-12-31,305.0,put,69.51,74.39,71.95,62.58,0,72,0.2978,-0.77788,290,239.85
2020-03-16,2020-12-31,306.0,call,3.54,8.41,5.97,4.96,1,1770,0.27829,0.19769,290,239.85
2020-03-16,2020-12-31,306.0,put,70.23,75.12,72.68,46.51,0,4,0.2978,-0.78154,290,239.85
2020-03-16,2020-12-31,307.0,call,3.28,8.13,5.71,7.78,2,0,0.27829,0.19405,290,239.85
2020-03-16,2020-12-31,307.0,put,70.97,75.85,73.41,68.41,5,22,0.2978,-0.78514,290,239.85
2020-03-16,2020-12-31,308.0,call,3.02,7.87,5.45,11.46,0,3,0.27829,0.19047,290,239.85
2020-03-16,2020-12-31,308.0,put,71.71,76.59,74.15,70.21,0,27,0.2978,-0.7887,290,239.85
2020-03-16,2020-12-31,309.0,call,2.77,7.61,5.19,5.6,1,938,0.27829,0.18694,290,239.85
2020-03-16,2020-12-31,309.0,put,72.46,77.34,74.9,69.49,2,3,0.2978,-0.79222,290,239.85
2020-03-16,2020-12-31,310.0,call,2.53,7.35,4.94,5.25,11,189,0.26853,0.17261,290,239.85
2020-03-16,2020-12-31,310.0,put,73.22,78.1,75.66,71.01,2,140,0.28804,-0.80597,290,239.85
2020-03-16,2020-12-31,311.0,call,4.0,7.1,5.55,5.1,6,80,0.28804,0.1906,290,239.85
2020-03-16,2020-12-31,311.0,put,73.99,78.87,76.43,45.34,0,1,0.28804,-0.8094,290,239.85
2020-03-16,2020-12-31,312.0,call,2.08,6.85,4.46,4.0,1,146,0.26853,0.16583,290,239.85
2020-03-16,2020-12-31,312.0,put,74.77,79.65,77.21,10.83,0,11,0.28804,-0.81278,290,239.85
2020-03-16,2020-12-31,313.0,call,1.86,6.62,4.24,4.44,1,23,0.26853,0.16253,290,239.85
2020-03-16,2020-12-31,313.0,put,75.56,80.44,78.0,69.61,0,22,0.28804,-0.81612,290,239.85
2020-03-16,2020-12-31,314.0,call,1.66,6.38,4.02,4.13,17,5,0.25877,0.14826,290,239.85
2020-03-16,2020-12-31,314.0,put,76.35,81.23,78.79,28.62,0,13,0.28804,-0.8194,290,239.85
2020-03-16,2020-12-31,315.0,call,3.3,4.45,3.88,3.74,34,456,0.25877,0.1451,290,239.85
2020-03-16,2020-12-31,315.0,put,77.16,82.03,79.59,70.5,0,42,0.28804,-0.82264,290,239.85
2020-03-16,2020-12-31,316.0,call,1.27,5.93,3.6,2.74,4,93,0.25877,0.14199,290,239.85
2020-03-16,2020-12-31,316.0,put,77.97,82.84,80.41,70.44,0,329,0.28804,-0.82583,290,239.85
2020-03-16,2020-12-31,317.0,call,1.09,5.72,3.4,9.41,0,136,0.25877,0.13893,290,239.85
2020-03-16,2020-12-31,317.0,put,78.79,83.66,81.22,81.0,20,226,0.27829,-0.83947,290,239.85
2020-03-16,2020-12-31,318.0,call,0.92,5.51,3.21,3.15,1,0,0.24902,0.12493,290,239.85
2020-03-16,2020-12-31,318.0,put,79.62,84.49,82.06,40.63,0,26,0.27829,-0.84254,290,239.85
2020-03-16,2020-12-31,319.0,call,0.76,5.31,3.03,8.3,0,0,0.24902,0.12204,290,239.85
2020-03-16,2020-12-31,319.0,put,80.45,85.32,82.88,38.88,0,21,0.27829,-0.84557,290,239.85
2020-03-16,2020-12-31,320.0,call,1.2,3.5,2.35,2.8,59,520,0.23926,0.10825,290,239.85
2020-03-16,2020-12-31,320.0,put,81.3,86.17,83.73,75.15,0,343,0.27829,-0.84855,290,239.85
2020-03-16,2020-12-31,321.0,call,0.53,4.92,2.73,19.03,0,478,0.24902,0.11643,290,239.85
2020-03-16,2020-12-31,321.0,put,82.15,87.02,84.59,43.5,0,31,0.27829,-0.85149,290,239.85
2020-03-16,2020-12-31,322.0,call,0.47,4.73,2.6,2.34,0,40,0.24902,0.11371,290,239.85
2020-03-16,2020-12-31,322.0,put,83.0,87.87,85.44,72.5,0,88,0.27829,-0.85437,290,239.85
2020-03-16,2020-12-31,323.0,call,0.4,4.55,2.48,6.08,0,1086,0.24902,0.11104,290,239.85
2020-03-16,2020-12-31,323.0,put,83.87,88.73,86.3,72.35,0,103,0.27829,-0.85721,290,239.85
2020-03-16,2020-12-31,324.0,call,0.33,4.38,2.35,2.5,1,46,0.24902,0.10843,290,239.85
2020-03-16,2020-12-31,324.0,put,84.74,89.6,87.17,80.53,0,19,0.27829,-0.86,290,239.85
2020-03-16,2020-12-31,325.0,call,2.0,2.97,2.49,2.28,2,84,0.24902,0.10587,290,239.85
2020-03-16,2020-12-31,325.0,put,85.61,90.48,88.05,90.86,1,63,0.27829,-0.86275,290,239.85
2020-03-16,2020-12-31,326.0,call,0.22,4.06,2.14,2.34,0,0,0.23926,0.09292,290,239.85
2020-03-16,2020-12-31,326.0,put,86.5,91.36,88.93,34.0,0,29,0.27829,-0.86545,290,239.85
2020-03-16,2020-12-31,327.0,call,1.6,3.9,2.75,3.1,2,0,0.25877,0.11127,290,239.85
2020-03-16,2020-12-31,327.0,put,87.38,92.25,89.81,81.76,0,25,0.26853,-0.87838,290,239.85
2020-03-16,2020-12-31,328.0,call,0.12,3.76,1.94,1.5,2,67,0.23926,0.08824,290,239.85
2020-03-16,2020-12-31,328.0,put,88.28,93.14,90.71,45.18,0,214,0.26853,-0.88094,290,239.85
2020-03-16,2020-12-31,329.0,call,0.25,3.62,1.94,1.92,2,8,0.23926,0.08598,290,239.85
2020-03-16,2020-12-31,329.0,put,89.18,94.04,91.61,65.0,0,297,0.26853,-0.88345,290,239.85
2020-03-16,2020-12-31,330.0,call,1.0,3.25,2.12,1.6,82,581,0.24902,0.09382,290,239.85
2020-03-16,2020-12-31,330.0,put,90.08,94.94,92.51,88.24,40,329,0.26853,-0.88592,290,239.85
2020-03-16,2020-12-31,331.0,call,1.57,3.36,2.46,2.29,0,0,0.25877,0.1016,290,239.85
2020-03-16,2020-12-31,331.0,put,90.99,95.85,93.42,39.5,0,376,0.26853,-0.88834,290,239.85
2020-03-16,2020-12-31,332.0,put,91.9,96.76,94.33,51.24,0,39,0.26853,-0.89071,290,239.85
2020-03-16,2020-12-31,333.0,call,0.5,2.67,1.58,1.4,4,0,0.23926,0.07742,290,239.85
2020-03-16,2020-12-31,333.0,put,92.82,97.68,95.25,64.98,0,1274,0.26853,-0.89305,290,239.85
2020-03-16,2020-12-31,334.0,call,0.05,2.6,1.32,0.0,24,62,0.22951,0.06595,290,239.85
2020-03-16,2020-12-31,334.0,put,93.74,98.6,96.17,88.49,0,1224,0.26853,-0.89534,290,239.85
2020-03-16,2020-12-31,335.0,call,1.0,2.52,1.76,1.6,10,140,0.24902,0.08297,290,239.85
2020-03-16,2020-12-31,335.0,put,94.67,99.53,97.1,40.42,0,1810,0.26853,-0.89759,290,239.85
2020-03-16,2020-12-31,336.0,put,95.6,100.46,98.03,86.19,0,642,0.26853,-0.89979,290,239.85
2020-03-16,2020-12-31,337.0,put,96.54,101.39,98.97,84.16,0,630,0.26853,-0.90196,290,239.85
2020-03-16,2020-12-31,338.0,put,97.47,102.33,99.9,51.63,0,328,0.26853,-0.90408,290,239.85
2020-03-16,2020-12-31,339.0,call,0.67,2.27,1.47,1.54,3,27,0.23926,0.06599,290,239.85
2020-03-16,2020-12-31,339.0,put,98.41,103.27,100.84,51.5,0,3,0.26853,-0.90617,290,239.85
2020-03-16,2020-12-31,340.0,call,0.8,2.0,1.4,1.0,12,191,0.23926,0.06423,290,239.85
2020-03-16,2020-12-31,340.0,put,99.36,104.22,101.79,101.9,1,63,0.26853,-0.90821,290,239.85
2020-03-16,2020-12-31,341.0,call,0.5,2.06,1.28,1.41,0,18,0.23926,0.06252,290,239.85
2020-03-16,2020-12-31,341.0,put,100.31,105.16,102.73,39.97,0,4,0.26853,-0.91022,290,239.85
2020-03-16,2020-12-31,342.0,call,0.5,2.01,1.25,0.85,0,0,0.23926,0.06085,290,239.85
2020-03-16,2020-12-31,342.0,put,101.26,106.11,103.69,20.32,0,1,0.26853,-0.91218,290,239.85
2020-03-16,2020-12-31,343.0,put,102.21,107.06,104.63,28.05,0,1,0.26853,-0.91411,290,239.85
2020-03-16,2020-12-31,344.0,call,0.45,1.92,1.19,0.0,0,0,0.23926,0.05763,290,239.85
2020-03-16,2020-12-31,344.0,put,103.16,108.02,105.59,103.0,1,0,0.26853,-0.916,290,239.85
2020-03-16,2020-12-31,345.0,put,104.12,108.98,106.55,69.94,0,18,0.26853,-0.91786,290,239.85
2020-03-16,2020-12-31,346.0,call,0.27,1.83,1.05,1.06,1,30,0.23926,0.05456,290,239.85
2020-03-16,2020-12-31,346.0,put,105.08,109.94,107.51,0.0,0,0,0.26853,-0.91968,290,239.85
2020-03-16,2020-12-31,347.0,call,0.1,1.8,0.95,0.75,0,0,0.22951,0.0452,290,239.85
2020-03-16,2020-12-31,347.0,put,106.04,110.9,108.47,24.93,0,0,0.26853,-0.92146,290,239.85
2020-03-16,2020-12-31,348.0,put,107.01,111.86,109.44,43.8,0,1,0.27829,-0.91441,290,239.85
2020-03-16,2020-12-31,349.0,put,107.98,112.83,110.41,0.0,0,0,0.27829,-0.9162,290,239.85
2020-03-16,2020-12-31,350.0,call,0.55,1.2,0.88,0.7,21,343,0.23926,0.04885,290,239.85
2020-03-16,2020-12-31,350.0,put,108.94,113.8,111.37,100.12,0,78,0.27829,-0.91796,290,239.85
2020-03-16,2020-12-31,351.0,put,109.91,114.77,112.34,28.98,0,1,0.27829,-0.91969,290,239.85
2020-03-16,2020-12-31,352.0,put,110.88,115.74,113.31,107.87,0,1,0.27829,-0.92139,290,239.85
2020-03-16,2020-12-31,353.0,put,111.86,116.71,114.28,0.0,0,0,0.27829,-0.92305,290,239.85
2020-03-16,2020-12-31,354.0,put,112.83,117.68,115.25,29.85,0,1,0.27829,-0.92469,290,239.85
2020-03-16,2020-12-31,355.0,put,113.81,118.66,116.23,106.62,0,2,0.27829,-0.92629,290,239.85
2020-03-16,2020-12-31,356.0,put,114.78,119.64,117.21,0.0,0,0,0.27829,-0.92786,290,239.85
2020-03-16,2020-12-31,357.0,put,115.76,120.61,118.19,0.0,0,0,0.27829,-0.9294,290,239.85
2020-03-16,2020-12-31,358.0,call,0.1,1.52,0.81,0.0,0,0,0.23926,0.03903,290,239.85
2020-03-16,2020-12-31,358.0,put,116.74,121.59,119.16,0.0,0,0,0.27829,-0.93091,290,239.85
2020-03-16,2020-12-31,359.0,put,117.72,122.57,120.14,0.0,0,0,0.27829,-0.93239,290,239.85
2020-03-16,2020-12-31,360.0,call,0.7,1.49,1.09,0.7,10,4069,0.25877,0.05086,290,239.85
2020-03-16,2020-12-31,360.0,put,118.7,123.55,121.12,33.03,0,0,0.27829,-0.93385,290,239.85
2020-03-16,2020-12-31,361.0,put,119.68,124.53,122.11,50.11,0,2,0.28804,-0.92735,290,239.85
2020-03-16,2020-12-31,362.0,call,0.5,1.0,0.75,0.5,0,0,0.24902,0.04141,290,239.85
2020-03-16,2020-12-31,362.0,put,120.66,125.51,123.09,117.57,0,1,0.28804,-0.92883,290,239.85
2020-03-16,2020-12-31,363.0,call,0.22,1.45,0.83,0.98,2,305,0.24902,0.04032,290,239.85
2020-03-16,2020-12-31,363.0,put,121.64,126.5,124.07,0.0,0,0,0.28804,-0.93028,290,239.85
2020-03-16,2020-12-31,364.0,call,0.01,0.75,0.38,0.5,0,0,0.21975,0.02161,290,239.85
2020-03-16,2020-12-31,364.0,put,122.63,127.48,125.06,0.0,0,0,0.28804,-0.9317,290,239.85
2020-03-16,2020-12-31,365.0,call,0.02,1.43,0.72,1.44,0,1003,0.24902,0.03822,290,239.85
2020-03-16,2020-12-31,365.0,put,123.61,128.46,126.03,0.0,0,0,0.28804,-0.9331,290,239.85
2020-03-16,2020-12-31,366.0,put,124.59,129.45,127.02,0.0,0,0,0.28804,-0.93447,290,239.85
2020-03-16,2020-12-31,367.0,put,125.58,130.43,128.0,0.0,0,0,0.28804,-0.93581,290,239.85
2020-03-16,2020-12-31,368.0,call,0.01,1.0,0.51,0.96,0,0,0.23926,0.0293,290,239.85
2020-03-16,2020-12-31,368.0,put,124.5,133.63,129.06,116.5,0,0,0.28804,-0.93713,290,239.85
2020-03-16,2020-12-31,369.0,call,0.01,1.4,0.7,0.0,0,3,0.24902,0.03432,290,239.85
2020-03-16,2020-12-31,369.0,put,125.48,134.61,130.05,117.5,0,0,0.2978,-0.93092,290,239.85
2020-03-16,2020-12-31,370.0,call,0.2,1.4,0.8,0.45,0,293,0.25877,0.0396,290,239.85
2020-03-16,2020-12-31,370.0,put,128.54,133.39,130.96,46.8,0,1,0.28804,-0.9397,290,239.85
2020-03-16,2020-12-31,371.0,call,0.01,1.39,0.7,1.82,0,0,0.24902,0.0325,290,239.85
2020-03-16,2020-12-31,371.0,put,127.44,136.58,132.01,0.0,0,0,0.2978,-0.93358,290,239.85
2020-03-16,2020-12-31,372.0,call,0.01,1.38,0.69,0.0,0,8,0.25877,0.03764,290,239.85
2020-03-16,2020-12-31,372.0,put,128.42,137.56,132.99,0.0,0,0,0.2978,-0.93488,290,239.85
2020-03-16,2020-12-31,375.0,put,133.47,138.32,135.89,105.52,0,5,0.2978,-0.93864,290,239.85
2020-03-16,2020-12-31,380.0,call,0.27,0.55,0.41,0.47,7,1180,0.23926,0.02059,290,239.85
2020-03-16,2020-12-31,380.0,put,138.41,143.27,140.84,0.0,0,0,0.2978,-0.94446,290,239.85
2020-03-16,2020-12-31,385.0,call,0.2,0.53,0.36,0.5,90,4625,0.24902,0.02211,290,239.85
2020-03-16,2020-12-31,385.0,put,143.36,148.21,145.79,0.0,0,0,0.30755,-0.94317,290,239.85
2020-03-16,2020-12-31,390.0,call,0.2,0.6,0.4,0.4,21,2343,0.25877,0.02365,290,239.85
2020-03-16,2020-12-31,390.0,put,148.31,153.16,150.74,54.1,0,0,0.30755,-0.94834,290,239.85
2020-03-16,2020-12-31,395.0,call,0.02,0.47,0.24,0.5,3,217,0.23926,0.0131,290,239.85
2020-03-16,2020-12-31,395.0,put,153.26,158.11,155.69,106.71,0,0,0.31731,-0.94689,290,239.85
2020-03-16,2020-12-31,400.0,call,0.19,0.3,0.24,0.25,92,1916,0.24902,0.01447,290,239.85
2020-03-16,2020-12-31,400.0,put,158.21,163.06,160.63,114.23,0,1,0.31731,-0.95153,290,239.85
2020-03-16,2020-12-31,405.0,call,0.05,0.3,0.17,0.18,25,44,0.23926,0.00963,290,239.85
2020-03-16,2020-12-31,405.0,put,163.17,168.02,165.59,0.0,0,0,0.32707,-0.94995,290,239.85
2020-03-16,2020-12-31,410.0,call,0.15,0.2,0.17,0.05,4,137,0.24902,0.01085,290,239.85
2020-03-16,2020-12-31,410.0,put,168.12,172.98,170.55,0.0,0,0,0.32707,-0.95415,290,239.85
2020-03-16,2020-12-31,415.0,call,0.13,0.14,0.14,0.13,88,1379,0.24902,0.00938,290,239.85
2020-03-16,2020-12-31,415.0,put,173.08,177.94,175.51,0.0,0,0,0.33682,-0.95248,290,239.85
2020-03-16,2021-01-15,25.0,call,216.2,221.05,218.62,299.9,0,0,1.78069,0.98625,305,239.85
2020-03-16,2021-01-15,25.0,put,0.15,0.2,0.17,0.2,358,1457,1.01973,-0.0019,305,239.85
2020-03-16,2021-01-15,30.0,call,211.2,216.05,213.62,0.0,0,0,1.61484,0.98413,305,239.85
2020-03-16,2021-01-15,30.0,put,0.08,1.13,0.6,0.46,11,652,1.11729,-0.00542,305,239.85
2020-03-16,2021-01-15,35.0,call,206.2,211.05,208.62,0.0,0,0,1.48801,0.98199,305,239.85
2020-03-16,2021-01-15,35.0,put,0.21,0.47,0.34,0.13,0,13,0.95144,-0.00402,305,239.85
2020-03-16,2021-01-15,40.0,call,201.2,206.05,203.62,284.6,0,2,1.37094,0.98018,305,239.85
2020-03-16,2021-01-15,40.0,put,0.21,0.42,0.32,0.21,2,96,0.87339,-0.00408,305,239.85
2020-03-16,2021-01-15,45.0,call,196.2,201.05,198.62,0.0,0,0,1.28314,0.97804,305,239.85
2020-03-16,2021-01-15,45.0,put,0.3,0.35,0.32,0.3,243,1046,0.81486,-0.00437,305,239.85
2020-03-16,2021-01-15,50.0,call,191.2,196.05,193.62,274.5,0,1,1.19534,0.97633,305,239.85
2020-03-16,2021-01-15,50.0,put,0.4,0.9,0.65,0.65,2,4139,0.85388,-0.00816,305,239.85
2020-03-16,2021-01-15,55.0,call,186.2,191.05,188.62,237.18,0,1,1.12705,0.97421,305,239.85
2020-03-16,2021-01-15,55.0,put,0.02,1.46,0.74,0.25,0,1289,0.81486,-0.00933,305,239.85
2020-03-16,2021-01-15,60.0,call,181.2,186.05,183.62,255.24,0,0,1.05875,0.97243,305,239.85
2020-03-16,2021-01-15,60.0,put,0.05,1.0,0.53,0.95,152,1939,0.72706,-0.00775,305,239.85
2020-03-16,2021-01-15,65.0,call,176.2,181.05,178.62,255.85,0,0,1.00022,0.97045,305,239.85
2020-03-16,2021-01-15,65.0,put,0.1,1.7,0.9,0.5,1,2156,0.75632,-0.01264,305,239.85
2020-03-16,2021-01-15,70.0,call,171.2,176.05,173.62,186.0,0,6,0.94168,0.9688,305,239.85
2020-03-16,2021-01-15,70.0,put,0.6,0.9,0.75,0.7,507,4761,0.68803,-0.01143,305,239.85
2020-03-16,2021-01-15,75.0,call,166.2,171.05,168.62,245.87,0,0,0.89291,0.96674,305,239.85
2020-03-16,2021-01-15,80.0,call,161.2,166.05,163.62,201.14,0,0,0.85388,0.96404,305,239.85
2020-03-16,2021-01-15,80.0,put,1.04,1.5,1.27,1.29,113,1297,0.67828,-0.01857,305,239.85
2020-03-16,2021-01-15,85.0,call,156.2,161.05,158.62,211.1,0,0,0.8051,0.96249,305,239.85
2020-03-16,2021-01-15,85.0,put,1.16,1.75,1.46,1.21,36,954,0.65876,-0.02132,305,239.85
2020-03-16,2021-01-15,90.0,call,151.2,156.05,153.62,0.0,0,0,0.76608,0.96019,305,239.85
2020-03-16,2021-01-15,90.0,put,1.2,2.25,1.73,2.0,53,836,0.64901,-0.02545,305,239.85
2020-03-16,2021-01-15,95.0,call,146.2,151.05,148.62,157.93,0,1,0.72706,0.95809,305,239.85
2020-03-16,2021-01-15,95.0,put,1.36,3.08,2.22,1.98,4,659,0.64901,-0.03136,305,239.85
2020-03-16,2021-01-15,100.0,call,141.25,146.1,143.68,154.5,0,23,0.69779,0.95484,305,239.85
2020-03-16,2021-01-15,100.0,put,2.5,3.03,2.76,3.03,406,4579,0.64901,-0.03797,305,239.85
2020-03-16,2021-01-15,105.0,call,136.48,141.34,138.91,185.15,0,0,0.66852,0.95161,305,239.85
2020-03-16,2021-01-15,105.0,put,1.5,4.04,2.77,3.2,18,1351,0.61974,-0.04049,305,239.85
2020-03-16,2021-01-15,110.0,call,131.81,136.67,134.24,179.7,0,0,0.64901,0.94675,305,239.85
2020-03-16,2021-01-15,110.0,put,1.84,4.1,2.97,3.6,165,1438,0.60023,-0.04467,305,239.85
2020-03-16,2021-01-15,115.0,call,127.2,132.06,129.63,205.6,0,0,0.63925,0.93987,305,239.85
2020-03-16,2021-01-15,115.0,put,3.7,5.32,4.51,3.7,6,415,0.6295,-0.05835,305,239.85
2020-03-16,2021-01-15,120.0,call,122.67,127.53,125.1,200.6,0,0,0.61974,0.9344,305,239.85
2020-03-16,2021-01-15,120.0,put,2.82,5.0,3.91,4.5,90,884,0.58072,-0.05775,305,239.85
2020-03-16,2021-01-15,125.0,call,118.19,123.06,120.62,195.6,0,7,0.60999,0.92665,305,239.85
2020-03-16,2021-01-15,125.0,put,3.39,5.8,4.59,5.25,37,972,0.58072,-0.06719,305,239.85
2020-03-16,2021-01-15,130.0,call,113.77,118.64,116.2,190.55,0,2,0.60023,0.9184,305,239.85
2020-03-16,2021-01-15,130.0,put,4.02,7.32,5.67,5.25,30,532,0.58072,-0.07735,305,239.85
2020-03-16,2021-01-15,135.0,call,109.42,114.29,111.86,185.87,0,0,0.58072,0.91182,305,239.85
2020-03-16,2021-01-15,135.0,put,4.7,8.02,6.36,5.75,20,506,0.57096,-0.08595,305,239.85
2020-03-16,2021-01-15,140.0,call,105.13,110.0,107.56,120.21,0,3,0.57096,0.90259,305,239.85
2020-03-16,2021-01-15,140.0,put,5.43,8.78,7.1,6.15,213,701,0.57096,-0.09741,305,239.85
2020-03-16,2021-01-15,145.0,call,100.9,105.77,103.34,164.49,0,1,0.56121,0.89281,305,239.85
2020-03-16,2021-01-15,145.0,put,6.22,9.59,7.9,8.78,20,527,0.56121,-0.10719,305,239.85
2020-03-16,2021-01-15,150.0,call,96.74,101.61,99.17,105.0,2,18,0.55145,0.88245,305,239.85
2020-03-16,2021-01-15,150.0,put,8.5,9.86,9.18,9.35,623,3588,0.56121,-0.11989,305,239.85
2020-03-16,2021-01-15,155.0,call,92.63,97.5,95.06,172.26,0,6,0.55145,0.86913,305,239.85
2020-03-16,2021-01-15,155.0,put,7.97,10.0,8.98,10.3,27,5567,0.52218,-0.1235,305,239.85
2020-03-16,2021-01-15,160.0,call,88.6,93.34,90.97,100.64,0,9,0.54169,0.85755,305,239.85
2020-03-16,2021-01-15,160.0,put,8.94,12.39,10.66,11.6,91,1212,0.53194,-0.14007,305,239.85
2020-03-16,2021-01-15,165.0,call,84.61,89.25,86.93,92.5,1,284,0.53194,0.84535,305,239.85
2020-03-16,2021-01-15,165.0,put,9.96,13.4,11.68,11.0,29,3835,0.52218,-0.15228,305,239.85
2020-03-16,2021-01-15,170.0,call,80.71,85.23,82.97,107.5,0,8,0.52218,0.83252,305,239.85
2020-03-16,2021-01-15,170.0,put,11.05,14.58,12.82,13.5,94,1446,0.52218,-0.16748,305,239.85
2020-03-16,2021-01-15,175.0,call,76.86,81.3,79.08,87.87,0,18,0.51243,0.81902,305,239.85
2020-03-16,2021-01-15,175.0,put,12.2,15.3,13.75,14.14,686,2715,0.51243,-0.18098,305,239.85
2020-03-16,2021-01-15,180.0,call,73.08,77.44,75.26,81.0,20,21,0.50267,0.80483,305,239.85
2020-03-16,2021-01-15,180.0,put,13.41,17.05,15.23,16.33,97,1034,0.50267,-0.19517,305,239.85
2020-03-16,2021-01-15,185.0,call,69.37,73.68,71.53,143.11,0,86,0.49292,0.78994,305,239.85
2020-03-16,2021-01-15,185.0,put,14.69,18.39,16.54,17.68,260,365,0.49292,-0.21006,305,239.85
2020-03-16,2021-01-15,190.0,call,65.72,69.98,67.85,90.5,0,97,0.48316,0.7743,305,239.85
2020-03-16,2021-01-15,190.0,put,16.04,19.81,17.92,20.0,2233,3246,0.49292,-0.22753,305,239.85
2020-03-16,2021-01-15,191.0,call,65.0,69.25,67.12,100.12,0,25,0.48316,0.77071,305,239.85
2020-03-16,2021-01-15,191.0,put,16.33,20.1,18.21,19.78,96,1489,0.49292,-0.23106,305,239.85
2020-03-16,2021-01-15,192.0,call,64.28,68.53,66.41,102.69,0,0,0.48316,0.76712,305,239.85
2020-03-16,2021-01-15,192.0,put,16.61,20.39,18.5,20.1,84,668,0.48316,-0.23288,305,239.85
2020-03-16,2021-01-15,193.0,call,63.57,67.81,65.69,86.57,0,0,0.48316,0.7635,305,239.85
2020-03-16,2021-01-15,193.0,put,16.9,20.69,18.8,20.41,56,627,0.48316,-0.2365,305,239.85
2020-03-16,2021-01-15,194.0,call,62.86,67.1,64.98,71.68,0,2,0.48316,0.75988,305,239.85
2020-03-16,2021-01-15,194.0,put,17.2,20.99,19.09,20.72,79,913,0.48316,-0.24012,305,239.85
2020-03-16,2021-01-15,195.0,call,62.15,66.38,64.27,123.0,0,22,0.4734,0.7579,305,239.85
2020-03-16,2021-01-15,195.0,put,17.49,21.29,19.39,21.04,813,2199,0.48316,-0.24375,305,239.85
2020-03-16,2021-01-15,196.0,call,61.44,65.66,63.55,0.0,0,0,0.4734,0.7542,305,239.85
2020-03-16,2021-01-15,196.0,put,17.79,21.6,19.7,21.37,85,529,0.48316,-0.2474,305,239.85
2020-03-16,2021-01-15,197.0,call,60.74,64.95,62.84,116.0,0,7,0.4734,0.75048,305,239.85
2020-03-16,2021-01-15,197.0,put,18.09,21.91,20.0,21.93,85,66,0.48316,-0.25106,305,239.85
2020-03-16,2021-01-15,198.0,call,60.04,64.25,62.14,67.46,0,1,0.4734,0.74675,305,239.85
2020-03-16,2021-01-15,198.0,put,18.4,22.22,20.31,22.21,84,357,0.48316,-0.25472,305,239.85
2020-03-16,2021-01-15,199.0,call,59.34,63.54,61.44,69.5,0,0,0.4734,0.74301,305,239.85
2020-03-16,2021-01-15,199.0,put,18.7,22.54,20.62,19.06,39,362,0.4734,-0.25699,305,239.85
2020-03-16,2021-01-15,200.0,call,58.64,62.88,60.76,60.0,27,167,0.4734,0.73926,305,239.85
2020-03-16,2021-01-15,200.0,put,19.01,22.86,20.94,22.59,4100,28314,0.4734,-0.26074,305,239.85
2020-03-16,2021-01-15,201.0,call,57.95,62.18,60.06,123.0,0,13,0.46365,0.73689,305,239.85
2020-03-16,2021-01-15,201.0,put,19.33,23.18,21.25,18.71,42,502,0.4734,-0.2645,305,239.85
2020-03-16,2021-01-15,202.0,call,57.26,61.48,59.37,61.5,2,32,0.46365,0.73305,305,239.85
2020-03-16,2021-01-15,202.0,put,19.64,23.51,21.58,23.39,81,78,0.4734,-0.26826,305,239.85
2020-03-16,2021-01-15,203.0,call,56.57,60.79,58.68,0.0,0,0,0.46365,0.72921,305,239.85
2020-03-16,2021-01-15,203.0,put,19.96,23.84,21.9,23.66,81,764,0.4734,-0.27204,305,239.85
2020-03-16,2021-01-15,204.0,call,55.89,60.11,58.0,61.0,0,40,0.46365,0.72535,305,239.85
2020-03-16,2021-01-15,204.0,put,20.28,24.17,22.23,24.22,79,61,0.4734,-0.27582,305,239.85
2020-03-16,2021-01-15,205.0,call,55.21,59.42,57.31,83.01,0,84,0.46365,0.72149,305,239.85
2020-03-16,2021-01-15,205.0,put,20.61,24.5,22.55,20.84,80,668,0.46365,-0.27851,305,239.85
2020-03-16,2021-01-15,206.0,call,54.54,58.74,56.64,82.15,0,1,0.46365,0.71763,305,239.85
2020-03-16,2021-01-15,206.0,put,20.93,24.9,22.91,20.15,1,233,0.46365,-0.28237,305,239.85
2020-03-16,2021-01-15,207.0,call,53.86,58.06,55.96,0.0,0,0,0.45389,0.71481,305,239.85
2020-03-16,2021-01-15,207.0,put,21.26,25.18,23.22,20.41,39,149,0.46365,-0.28625,305,239.85
2020-03-16,2021-01-15,208.0,call,53.19,57.39,55.29,97.43,0,0,0.45389,0.71085,305,239.85
2020-03-16,2021-01-15,208.0,put,21.6,25.53,23.57,25.59,77,139,0.46365,-0.29013,305,239.85
2020-03-16,2021-01-15,209.0,call,52.53,56.72,54.62,0.0,0,0,0.45389,0.70689,305,239.85
2020-03-16,2021-01-15,209.0,put,21.93,25.93,23.93,25.96,79,161,0.46365,-0.29402,305,239.85
2020-03-16,2021-01-15,210.0,call,51.86,56.05,53.95,60.38,1,206,0.45389,0.70292,305,239.85
2020-03-16,2021-01-15,210.0,put,22.27,26.27,24.27,26.22,206,13770,0.46365,-0.29791,305,239.85
2020-03-16,2021-01-15,211.0,call,51.2,55.39,53.3,0.0,0,0,0.45389,0.69894,305,239.85
2020-03-16,2021-01-15,211.0,put,22.61,26.64,24.62,21.6,40,393,0.46365,-0.3018,305,239.85
2020-03-16,2021-01-15,212.0,call,50.54,54.73,52.63,0.0,0,0,0.45389,0.69496,305,239.85
2020-03-16,2021-01-15,212.0,put,22.96,27.0,24.98,27.02,69,525,0.46365,-0.3057,305,239.85
2020-03-16,2021-01-15,213.0,call,49.88,53.79,51.84,77.52,0,5,0.44414,0.69166,305,239.85
2020-03-16,2021-01-15,213.0,put,23.3,27.36,25.33,22.22,41,857,0.45389,-0.30902,305,239.85
2020-03-16,2021-01-15,214.0,call,49.22,53.14,51.18,70.18,0,1,0.44414,0.68759,305,239.85
2020-03-16,2021-01-15,214.0,put,23.65,27.72,25.68,27.75,73,141,0.45389,-0.31301,305,239.85
2020-03-16,2021-01-15,215.0,call,48.57,52.5,50.53,52.14,5,18,0.44414,0.68351,305,239.85
2020-03-16,2021-01-15,215.0,put,24.01,28.09,26.05,28.13,197,4713,0.45389,-0.317,305,239.85
2020-03-16,2021-01-15,216.0,call,47.93,51.85,49.89,47.19,0,1,0.44414,0.67943,305,239.85
2020-03-16,2021-01-15,216.0,put,24.36,28.45,26.41,23.16,42,305,0.45389,-0.32099,305,239.85
2020-03-16,2021-01-15,217.0,call,47.29,51.21,49.25,104.17,0,10,0.44414,0.67535,305,239.85
2020-03-16,2021-01-15,217.0,put,24.72,28.83,26.77,28.9,68,173,0.45389,-0.32499,305,239.85
2020-03-16,2021-01-15,218.0,call,46.65,50.57,48.61,60.04,0,1,0.44414,0.67127,305,239.85
2020-03-16,2021-01-15,218.0,put,25.09,29.2,27.14,23.96,42,396,0.45389,-0.32899,305,239.85
2020-03-16,2021-01-15,219.0,call,46.01,49.94,47.97,104.04,0,2,0.43438,0.66743,305,239.85
2020-03-16,2021-01-15,219.0,put,25.45,29.58,27.52,29.44,10,393,0.44414,-0.33282,305,239.85
2020-03-16,2021-01-15,220.0,call,45.38,49.3,47.34,52.33,21,74,0.43438,0.66325,305,239.85
2020-03-16,2021-01-15,220.0,put,25.82,29.97,27.89,30.0,395,5821,0.44414,-0.33691,305,239.85
2020-03-16,2021-01-15,221.0,call,44.74,48.68,46.71,49.09,45,0,0.43438,0.65907,305,239.85
2020-03-16,2021-01-15,221.0,put,26.19,30.35,28.27,31.0,737,1714,0.44414,-0.341,305,239.85
2020-03-16,2021-01-15,222.0,call,44.11,48.05,46.08,0.0,0,0,0.43438,0.65489,305,239.85
2020-03-16,2021-01-15,222.0,put,26.57,30.74,28.66,29.86,44,453,0.44414,-0.34508,305,239.85
2020-03-16,2021-01-15,223.0,call,43.49,47.43,45.46,65.04,0,3,0.43438,0.65071,305,239.85
2020-03-16,2021-01-15,223.0,put,26.94,31.13,29.04,30.24,40,606,0.44414,-0.34917,305,239.85
2020-03-16,2021-01-15,224.0,call,42.86,46.81,44.84,39.71,0,4,0.43438,0.64653,305,239.85
2020-03-16,2021-01-15,224.0,put,27.32,31.53,29.43,27.9,45,655,0.44414,-0.35326,305,239.85
2020-03-16,2021-01-15,225.0,call,42.24,46.2,44.22,47.16,51,56,0.42462,0.64212,305,239.85
2020-03-16,2021-01-15,225.0,put,27.71,31.93,29.82,32.0,650,12835,0.44414,-0.35734,305,239.85
2020-03-16,2021-01-15,226.0,call,41.62,45.59,43.61,69.12,0,3,0.42462,0.63784,305,239.85
2020-03-16,2021-01-15,226.0,put,28.09,32.33,30.21,26.76,44,1194,0.43438,-0.36182,305,239.85
2020-03-16,2021-01-15,227.0,call,41.01,44.98,42.99,59.96,0,7,0.42462,0.63357,305,239.85
2020-03-16,2021-01-15,227.0,put,28.48,32.73,30.6,27.12,36,267,0.43438,-0.366,305,239.85
2020-03-16,2021-01-15,228.0,call,40.4,44.42,42.41,45.97,0,9,0.42462,0.6293,305,239.85
2020-03-16,2021-01-15,228.0,put,28.87,33.14,31.01,28.18,41,443,0.43438,-0.37017,305,239.85
2020-03-16,2021-01-15,229.0,call,39.79,43.77,41.78,48.1,0,25,0.42462,0.62503,305,239.85
2020-03-16,2021-01-15,229.0,put,29.27,33.55,31.41,27.59,34,524,0.43438,-0.37434,305,239.85
2020-03-16,2021-01-15,230.0,call,39.19,43.17,41.18,40.0,34,585,0.42462,0.62077,305,239.85
2020-03-16,2021-01-15,230.0,put,29.67,33.97,31.82,34.18,690,7938,0.43438,-0.37851,305,239.85
2020-03-16,2021-01-15,231.0,call,38.59,42.59,40.59,88.36,0,4,0.41487,0.61572,305,239.85
2020-03-16,2021-01-15,231.0,put,30.07,34.39,32.23,34.6,145,708,0.43438,-0.38267,305,239.85
2020-03-16,2021-01-15,232.0,call,37.99,41.99,39.99,39.77,2,2,0.41487,0.61136,305,239.85
2020-03-16,2021-01-15,232.0,put,30.47,34.81,32.64,35.01,80,899,0.42462,-0.38775,305,239.85
2020-03-16,2021-01-15,233.0,call,37.39,41.4,39.39,91.36,0,4,0.41487,0.60701,305,239.85
2020-03-16,2021-01-15,233.0,put,30.88,35.23,33.05,29.45,9,374,0.42462,-0.392,305,239.85
2020-03-16,2021-01-15,234.0,call,36.8,40.81,38.8,91.74,0,4,0.41487,0.60266,305,239.85
2020-03-16,2021-01-15,234.0,put,31.29,35.66,33.47,32.0,10,337,0.42462,-0.39625,305,239.85
2020-03-16,2021-01-15,235.0,call,36.26,40.23,38.24,45.56,0,183,0.41487,0.59832,305,239.85
2020-03-16,2021-01-15,235.0,put,31.7,36.09,33.9,36.29,307,7255,0.42462,-0.40049,305,239.85
2020-03-16,2021-01-15,236.0,call,35.62,39.65,37.63,66.23,0,5,0.41487,0.59398,305,239.85
2020-03-16,2021-01-15,236.0,put,32.12,36.53,34.33,36.75,58,987,0.42462,-0.40472,305,239.85
2020-03-16,2021-01-15,237.0,call,35.04,39.12,37.08,89.36,0,6,0.40511,0.58826,305,239.85
2020-03-16,2021-01-15,237.0,put,32.53,36.97,34.75,32.18,40,2171,0.42462,-0.40895,305,239.85
2020-03-16,2021-01-15,238.0,call,34.45,38.55,36.5,64.98,0,7,0.40511,0.58383,305,239.85
2020-03-16,2021-01-15,238.0,put,32.96,37.41,35.19,30.35,12,932,0.42462,-0.41317,305,239.85
2020-03-16,2021-01-15,239.0,call,33.88,37.94,35.91,87.05,0,1,0.40511,0.57941,305,239.85
2020-03-16,2021-01-15,239.0,put,33.38,37.85,35.62,38.54,36,494,0.41487,-0.41899,305,239.85
2020-03-16,2021-01-15,240.0,call,33.3,36.5,34.9,34.41,36,469,0.39536,0.57329,305,239.85
2020-03-16,2021-01-15,240.0,put,33.81,38.3,36.05,38.53,853,9624,0.41487,-0.42329,305,239.85
2020-03-16,2021-01-15,241.0,call,32.73,36.85,34.79,33.0,1,6,0.40511,0.57059,305,239.85
2020-03-16,2021-01-15,241.0,put,34.24,38.76,36.5,34.41,49,747,0.41487,-0.42759,305,239.85
2020-03-16,2021-01-15,242.0,call,32.17,36.29,34.23,33.55,2,10,0.40511,0.5662,305,239.85
2020-03-16,2021-01-15,242.0,put,34.67,39.21,36.94,39.44,71,839,0.41487,-0.43188,305,239.85
2020-03-16,2021-01-15,243.0,call,31.6,35.74,33.67,32.0,31,2,0.39536,0.55977,305,239.85
2020-03-16,2021-01-15,243.0,put,35.11,39.67,37.39,38.5,145,554,0.41487,-0.43616,305,239.85
2020-03-16,2021-01-15,244.0,call,31.04,35.19,33.11,32.0,28,7,0.39536,0.55528,305,239.85
2020-03-16,2021-01-15,244.0,put,35.55,40.13,37.84,34.5,42,2450,0.41487,-0.44042,305,239.85
2020-03-16,2021-01-15,245.0,call,30.48,34.64,32.56,31.75,78,144,0.39536,0.55081,305,239.85
2020-03-16,2021-01-15,245.0,put,35.99,40.6,38.3,37.22,46,23088,0.40511,-0.44692,305,239.85
2020-03-16,2021-01-15,246.0,call,29.92,34.09,32.01,32.89,42,32,0.39536,0.54634,305,239.85
2020-03-16,2021-01-15,246.0,put,36.44,41.07,38.75,36.3,29,757,0.40511,-0.45128,305,239.85
2020-03-16,2021-01-15,247.0,call,29.37,33.55,31.46,30.54,28,6,0.39536,0.54189,305,239.85
2020-03-16,2021-01-15,247.0,put,36.89,41.54,39.22,36.43,38,1411,0.40511,-0.45562,305,239.85
2020-03-16,2021-01-15,248.0,call,28.82,33.01,30.91,30.49,27,15,0.39536,0.53745,305,239.85
2020-03-16,2021-01-15,248.0,put,37.34,42.0,39.67,39.75,49,569,0.40511,-0.45995,305,239.85
2020-03-16,2021-01-15,249.0,call,28.27,32.48,30.38,31.14,33,53,0.3856,0.53027,305,239.85
2020-03-16,2021-01-15,249.0,put,37.8,42.48,40.14,37.06,43,985,0.40511,-0.46426,305,239.85
2020-03-16,2021-01-15,250.0,call,27.73,30.39,29.06,29.0,2216,853,0.37584,0.52282,305,239.85
2020-03-16,2021-01-15,250.0,put,38.25,42.96,40.61,43.33,3427,28139,0.40511,-0.46856,305,239.85
2020-03-16,2021-01-15,251.0,call,26.69,31.42,29.05,29.87,118,19,0.3856,0.52124,305,239.85
2020-03-16,2021-01-15,251.0,put,38.2,43.45,40.83,40.48,180,151,0.39536,-0.47578,305,239.85
2020-03-16,2021-01-15,252.0,call,26.16,30.9,28.53,29.62,89,56,0.3856,0.51674,305,239.85
2020-03-16,2021-01-15,252.0,put,38.66,43.94,41.3,38.8,149,120,0.39536,-0.48016,305,239.85
2020-03-16,2021-01-15,253.0,call,25.63,30.38,28.0,29.29,38,1139,0.37584,0.50898,305,239.85
2020-03-16,2021-01-15,253.0,put,39.11,44.43,41.77,40.68,70,15,0.39536,-0.48453,305,239.85
2020-03-16,2021-01-15,254.0,call,25.1,29.86,27.48,28.64,39,25,0.37584,0.5044,305,239.85
2020-03-16,2021-01-15,254.0,put,39.57,44.93,42.25,41.73,7,79,0.39536,-0.48888,305,239.85
2020-03-16,2021-01-15,255.0,call,25.07,29.35,27.21,26.84,128,601,0.37584,0.49984,305,239.85
2020-03-16,2021-01-15,255.0,put,40.6,45.43,43.02,42.06,202,20414,0.39536,-0.49322,305,239.85
2020-03-16,2021-01-15,256.0,call,24.05,28.84,26.45,27.74,149,53,0.37584,0.49529,305,239.85
2020-03-16,2021-01-15,256.0,put,40.5,45.94,43.22,43.55,22,80,0.3856,-0.50108,305,239.85
2020-03-16,2021-01-15,257.0,call,23.53,28.33,25.93,26.91,91,47,0.37584,0.49076,305,239.85
2020-03-16,2021-01-15,257.0,put,40.97,46.45,43.71,42.63,33,160,0.3856,-0.50549,305,239.85
2020-03-16,2021-01-15,258.0,call,23.02,27.83,25.42,26.41,107,71,0.37584,0.48626,305,239.85
2020-03-16,2021-01-15,258.0,put,41.44,46.96,44.2,43.12,42,18,0.3856,-0.50988,305,239.85
2020-03-16,2021-01-15,259.0,call,22.51,27.33,24.92,27.07,74,278,0.36609,0.47768,305,239.85
2020-03-16,2021-01-15,259.0,put,41.91,47.48,44.69,42.57,68,16,0.3856,-0.51426,305,239.85
2020-03-16,2021-01-15,260.0,call,23.05,26.83,24.94,24.09,458,499,0.37584,0.4773,305,239.85
2020-03-16,2021-01-15,260.0,put,43.03,47.94,45.48,47.5,199,35574,0.3856,-0.51862,305,239.85
2020-03-16,2021-01-15,261.0,call,21.49,26.34,23.91,29.1,22,14,0.36609,0.46853,305,239.85
2020-03-16,2021-01-15,261.0,put,42.87,48.52,45.7,46.0,4,17,0.37584,-0.52715,305,239.85
2020-03-16,2021-01-15,262.0,call,20.99,25.85,23.42,27.04,24,28,0.36609,0.46399,305,239.85
2020-03-16,2021-01-15,262.0,put,43.35,49.05,46.2,43.2,1,18,0.37584,-0.53158,305,239.85
2020-03-16,2021-01-15,263.0,call,20.49,25.37,22.93,28.02,21,10,0.36609,0.45947,305,239.85
2020-03-16,2021-01-15,263.0,put,43.84,49.58,46.71,44.0,5,18,0.37584,-0.53598,305,239.85
2020-03-16,2021-01-15,264.0,call,19.99,24.89,22.44,27.48,44,260,0.35633,0.45017,305,239.85
2020-03-16,2021-01-15,264.0,put,44.33,50.11,47.22,47.46,1,35,0.37584,-0.54037,305,239.85
2020-03-16,2021-01-15,265.0,call,19.99,24.41,22.2,21.05,11,579,0.36609,0.4505,305,239.85
2020-03-16,2021-01-15,265.0,put,45.54,50.46,48.0,47.8,86,12396,0.37584,-0.54474,305,239.85
2020-03-16,2021-01-15,266.0,call,19.01,23.94,21.48,32.08,0,5,0.35633,0.44101,305,239.85
2020-03-16,2021-01-15,266.0,put,45.31,51.19,48.25,29.76,0,19,0.36609,-0.55395,305,239.85
2020-03-16,2021-01-15,267.0,call,18.52,23.47,20.99,25.5,7,17,0.35633,0.43647,305,239.85
2020-03-16,2021-01-15,267.0,put,45.81,51.74,48.78,28.21,0,15,0.36609,-0.55838,305,239.85
2020-03-16,2021-01-15,268.0,call,19.5,23.0,21.25,21.45,10,5,0.36609,0.43721,305,239.85
2020-03-16,2021-01-15,268.0,put,46.31,52.29,49.3,39.99,0,40,0.36609,-0.56279,305,239.85
2020-03-16,2021-01-15,269.0,call,17.56,22.54,20.05,26.4,0,3,0.34658,0.4219,305,239.85
2020-03-16,2021-01-15,269.0,put,46.82,52.85,49.84,40.48,0,33,0.36609,-0.56717,305,239.85
2020-03-16,2021-01-15,270.0,call,17.59,22.08,19.84,20.15,451,4092,0.35633,0.423,305,239.85
2020-03-16,2021-01-15,270.0,put,48.14,50.65,49.39,52.77,60,15019,0.35633,-0.577,305,239.85
2020-03-16,2021-01-15,271.0,call,16.61,21.63,19.12,21.04,6,32,0.34658,0.41277,305,239.85
2020-03-16,2021-01-15,271.0,put,47.84,53.97,50.91,41.47,0,55,0.35633,-0.58144,305,239.85
2020-03-16,2021-01-15,272.0,call,16.14,21.18,18.66,25.5,0,6,0.34658,0.40825,305,239.85
2020-03-16,2021-01-15,272.0,put,48.35,54.54,51.45,45.26,0,50,0.35633,-0.58585,305,239.85
2020-03-16,2021-01-15,273.0,call,15.68,20.73,18.2,21.99,0,623,0.34658,0.40376,305,239.85
2020-03-16,2021-01-15,273.0,put,48.87,55.11,51.99,40.63,0,43,0.35633,-0.59024,305,239.85
2020-03-16,2021-01-15,274.0,call,15.22,20.29,17.75,23.0,0,378,0.33682,0.39296,305,239.85
2020-03-16,2021-01-15,274.0,put,49.39,55.69,52.54,50.0,33,85,0.35633,-0.5946,305,239.85
2020-03-16,2021-01-15,275.0,call,16.0,19.85,17.93,18.3,302,1959,0.34658,0.39486,305,239.85
2020-03-16,2021-01-15,275.0,put,50.84,55.73,53.28,54.0,53,14311,0.35633,-0.59893,305,239.85
2020-03-16,2021-01-15,276.0,call,15.0,19.42,17.21,16.0,2,565,0.33682,0.38391,305,239.85
2020-03-16,2021-01-15,276.0,put,51.39,56.3,53.84,35.21,0,878,0.35633,-0.60323,305,239.85
2020-03-16,2021-01-15,277.0,call,14.38,18.99,16.68,19.55,1,538,0.33682,0.37943,305,239.85
2020-03-16,2021-01-15,277.0,put,51.95,56.85,54.4,46.0,2,598,0.35633,-0.6075,305,239.85
2020-03-16,2021-01-15,278.0,call,13.94,18.57,16.25,15.74,74,110,0.33682,0.37499,305,239.85
2020-03-16,2021-01-15,278.0,put,52.51,57.41,54.96,45.05,0,827,0.34658,-0.61826,305,239.85
2020-03-16,2021-01-15,279.0,call,13.5,18.15,15.82,15.27,4,47,0.33682,0.37057,305,239.85
2020-03-16,2021-01-15,279.0,put,53.07,57.98,55.52,58.33,53,2276,0.34658,-0.62257,305,239.85
2020-03-16,2021-01-15,280.0,call,13.3,17.73,15.52,15.88,475,3838,0.33682,0.36619,305,239.85
2020-03-16,2021-01-15,280.0,put,53.64,58.54,56.09,55.36,53,27071,0.34658,-0.62686,305,239.85
2020-03-16,2021-01-15,281.0,call,12.64,17.33,14.98,18.86,12,13402,0.32707,0.35452,305,239.85
2020-03-16,2021-01-15,281.0,put,54.21,59.11,56.66,52.0,1,1228,0.34658,-0.63111,305,239.85
2020-03-16,2021-01-15,282.0,call,12.21,16.91,14.56,13.0,3,123,0.32707,0.35011,305,239.85
2020-03-16,2021-01-15,282.0,put,54.78,59.69,57.23,39.93,0,626,0.34658,-0.63533,305,239.85
2020-03-16,2021-01-15,283.0,call,12.0,16.5,14.25,13.9,2,69,0.32707,0.34574,305,239.85
2020-03-16,2021-01-15,283.0,put,55.36,60.27,57.81,51.47,1,651,0.33682,-0.64675,305,239.85
2020-03-16,2021-01-15,284.0,call,11.38,16.11,13.75,12.4,5,1050,0.32707,0.3414,305,239.85
2020-03-16,2021-01-15,284.0,put,55.95,60.85,58.4,54.82,1,3451,0.33682,-0.651,305,239.85
2020-03-16,2021-01-15,285.0,call,11.0,15.71,13.36,12.58,374,4077,0.32707,0.33709,305,239.85
2020-03-16,2021-01-15,285.0,put,56.54,61.44,58.99,60.0,177,13690,0.33682,-0.65522,305,239.85
2020-03-16,2021-01-15,286.0,call,10.56,15.0,12.78,14.23,648,322,0.31731,0.32475,305,239.85
2020-03-16,2021-01-15,286.0,put,57.13,62.04,59.59,49.48,0,931,0.33682,-0.6594,305,239.85
2020-03-16,2021-01-15,287.0,call,10.16,14.94,12.55,12.1,578,2294,0.31731,0.32043,305,239.85
2020-03-16,2021-01-15,287.0,put,57.73,62.63,60.18,61.95,3,1759,0.32707,-0.67141,305,239.85
2020-03-16,2021-01-15,288.0,call,9.76,14.56,12.16,12.14,623,270,0.31731,0.31615,305,239.85
2020-03-16,2021-01-15,288.0,put,58.34,63.24,60.79,56.87,1,1327,0.32707,-0.6756,305,239.85
2020-03-16,2021-01-15,289.0,call,9.36,14.18,11.77,11.73,163,208,0.31731,0.31191,305,239.85
2020-03-16,2021-01-15,289.0,put,58.94,63.84,61.39,64.33,50,4121,0.32707,-0.67976,305,239.85
2020-03-16,2021-01-15,290.0,call,10.1,13.81,11.96,11.77,448,4049,0.31731,0.30771,305,239.85
2020-03-16,2021-01-15,290.0,put,59.56,64.46,62.01,60.55,146,19347,0.32707,-0.68388,305,239.85
2020-03-16,2021-01-15,291.0,call,8.6,13.45,11.02,10.96,229,831,0.30755,0.29474,305,239.85
2020-03-16,2021-01-15,291.0,put,60.18,65.08,62.63,55.95,10,1246,0.32707,-0.68797,305,239.85
2020-03-16,2021-01-15,292.0,call,8.65,13.09,10.87,11.0,76,282,0.30755,0.29055,305,239.85
2020-03-16,2021-01-15,292.0,put,60.8,65.7,63.25,53.0,0,3958,0.31731,-0.70057,305,239.85
2020-03-16,2021-01-15,293.0,call,7.85,12.73,10.29,9.5,37,478,0.30755,0.28639,305,239.85
2020-03-16,2021-01-15,293.0,put,61.43,66.33,63.88,62.0,15,1554,0.31731,-0.70465,305,239.85
2020-03-16,2021-01-15,294.0,call,7.48,12.39,9.94,10.89,2,1744,0.2978,0.27292,305,239.85
2020-03-16,2021-01-15,294.0,put,62.07,66.96,64.52,46.75,0,4669,0.31731,-0.7087,305,239.85
2020-03-16,2021-01-15,295.0,call,7.12,12.04,9.58,10.0,122,3402,0.2978,0.26879,305,239.85
2020-03-16,2021-01-15,295.0,put,62.71,67.6,65.16,66.0,88,12649,0.31731,-0.7127,305,239.85
2020-03-16,2021-01-15,296.0,call,6.77,11.7,9.23,11.22,0,1150,0.2978,0.2647,305,239.85
2020-03-16,2021-01-15,296.0,put,63.36,68.25,65.81,62.6,1,1575,0.31731,-0.71666,305,239.85
2020-03-16,2021-01-15,297.0,call,6.42,11.37,8.89,10.08,58,577,0.2978,0.26066,305,239.85
2020-03-16,2021-01-15,297.0,put,64.01,68.9,66.46,58.8,2,1555,0.30755,-0.72979,305,239.85
2020-03-16,2021-01-15,298.0,call,6.08,11.04,8.56,10.97,0,636,0.2978,0.25667,305,239.85
2020-03-16,2021-01-15,298.0,put,64.67,69.57,67.12,62.4,41,2426,0.30755,-0.73373,305,239.85
2020-03-16,2021-01-15,299.0,call,5.75,10.71,8.23,8.74,6,515,0.28804,0.24272,305,239.85
2020-03-16,2021-01-15,299.0,put,65.34,70.23,67.78,56.01,0,1296,0.30755,-0.73763,305,239.85
2020-03-16,2021-01-15,300.0,call,7.7,8.0,7.85,8.0,2332,11243,0.28804,0.23877,305,239.85
2020-03-16,2021-01-15,300.0,put,66.02,70.91,68.47,69.0,128,13157,0.30755,-0.74148,305,239.85
2020-03-16,2021-01-15,301.0,call,5.11,10.07,7.59,10.16,5,1232,0.28804,0.23487,305,239.85
2020-03-16,2021-01-15,301.0,put,66.7,71.59,69.15,57.76,0,1116,0.2978,-0.75504,305,239.85
2020-03-16,2021-01-15,302.0,call,4.8,9.77,7.29,6.26,1,730,0.28804,0.23102,305,239.85
2020-03-16,2021-01-15,302.0,put,67.4,72.28,69.84,59.18,0,1230,0.2978,-0.75886,305,239.85
2020-03-16,2021-01-15,303.0,call,5.05,9.46,7.26,6.51,5,1062,0.28804,0.22722,305,239.85
2020-03-16,2021-01-15,303.0,put,68.1,72.98,70.54,59.58,0,1113,0.2978,-0.76262,305,239.85
2020-03-16,2021-01-15,304.0,call,4.5,9.17,6.83,9.11,92,1312,0.27829,0.21293,305,239.85
2020-03-16,2021-01-15,304.0,put,68.81,73.69,71.25,70.0,421,7407,0.2978,-0.76635,305,239.85
2020-03-16,2021-01-15,305.0,call,5.0,8.89,6.95,5.97,314,15139,0.28804,0.21975,305,239.85
2020-03-16,2021-01-15,305.0,put,69.52,74.41,71.97,67.5,550,7163,0.2978,-0.77003,305,239.85
2020-03-16,2021-01-15,306.0,call,3.65,8.62,6.13,6.9,21,1424,0.27829,0.20552,305,239.85
2020-03-16,2021-01-15,306.0,put,70.25,75.13,72.69,61.82,0,1742,0.28804,-0.78391,305,239.85
2020-03-16,2021-01-15,307.0,call,3.39,8.35,5.87,5.6,16,955,0.27829,0.20189,305,239.85
2020-03-16,2021-01-15,307.0,put,70.98,75.87,73.43,71.0,15,1763,0.28804,-0.78752,305,239.85
2020-03-16,2021-01-15,308.0,call,3.13,8.1,5.62,5.9,10,5219,0.26853,0.18739,305,239.85
2020-03-16,2021-01-15,308.0,put,71.73,76.61,74.17,69.17,5,2893,0.28804,-0.79109,305,239.85
2020-03-16,2021-01-15,309.0,call,4.0,7.84,5.92,7.8,1,405,0.27829,0.19478,305,239.85
2020-03-16,2021-01-15,309.0,put,72.48,77.36,74.92,62.06,0,1765,0.28804,-0.79461,305,239.85
2020-03-16,2021-01-15,310.0,call,4.4,5.7,5.05,4.75,476,7803,0.26853,0.18038,305,239.85
2020-03-16,2021-01-15,310.0,put,73.24,78.12,75.68,69.13,116,9676,0.28804,-0.79808,305,239.85
2020-03-16,2021-01-15,311.0,call,2.4,7.33,4.87,5.6,16,614,0.26853,0.17695,305,239.85
2020-03-16,2021-01-15,311.0,put,74.0,78.88,76.44,74.0,3,1680,0.28804,-0.80151,305,239.85
2020-03-16,2021-01-15,312.0,call,2.18,7.08,4.63,4.49,21,963,0.25877,0.1624,305,239.85
2020-03-16,2021-01-15,312.0,put,74.78,79.66,77.22,73.31,25,1677,0.27829,-0.81552,305,239.85
2020-03-16,2021-01-15,313.0,call,1.97,6.84,4.41,5.72,0,529,0.25877,0.15909,305,239.85
2020-03-16,2021-01-15,313.0,put,75.57,80.44,78.0,66.28,0,1514,0.27829,-0.81885,305,239.85
2020-03-16,2021-01-15,314.0,call,1.76,6.61,4.19,5.7,1,562,0.25877,0.15585,305,239.85
2020-03-16,2021-01-15,314.0,put,76.36,81.23,78.8,67.04,0,1488,0.27829,-0.82213,305,239.85
2020-03-16,2021-01-15,315.0,call,3.15,6.38,4.76,4.2,64,4802,0.26853,0.16376,305,239.85
2020-03-16,2021-01-15,315.0,put,77.16,82.04,79.6,80.0,30,13494,0.27829,-0.82537,305,239.85
2020-03-16,2021-01-15,316.0,call,1.37,6.15,3.76,4.31,13,580,0.25877,0.14952,305,239.85
2020-03-16,2021-01-15,316.0,put,77.97,82.84,80.41,69.0,3,4427,0.27829,-0.82856,305,239.85
2020-03-16,2021-01-15,317.0,call,1.19,5.93,3.56,4.21,20,542,0.24902,0.13519,305,239.85
2020-03-16,2021-01-15,317.0,put,78.79,83.66,81.22,74.88,5,1689,0.27829,-0.8317,305,239.85
2020-03-16,2021-01-15,318.0,call,1.01,5.72,3.36,5.0,2,672,0.24902,0.13221,305,239.85
2020-03-16,2021-01-15,318.0,put,79.62,84.49,82.06,79.83,1,2473,0.27829,-0.8348,305,239.85
2020-03-16,2021-01-15,319.0,call,0.85,5.51,3.18,0.45,16,486,0.24902,0.12928,305,239.85
2020-03-16,2021-01-15,319.0,put,80.45,85.32,82.88,70.37,0,2921,0.26853,-0.84862,305,239.85
2020-03-16,2021-01-15,320.0,call,2.75,2.9,2.83,3.0,235,5036,0.23926,0.11521,305,239.85
2020-03-16,2021-01-15,320.0,put,81.29,86.16,83.72,87.25,153,14370,0.26853,-0.85159,305,239.85
2020-03-16,2021-01-15,321.0,call,1.2,5.12,3.16,2.66,38,795,0.24902,0.12358,305,239.85
2020-03-16,2021-01-15,321.0,put,82.14,87.01,84.58,81.9,6,4229,0.26853,-0.85451,305,239.85
2020-03-16,2021-01-15,322.0,call,0.53,4.93,2.73,2.85,23,1471,0.23926,0.10977,305,239.85
2020-03-16,2021-01-15,322.0,put,82.99,87.86,85.42,85.5,6,1515,0.26853,-0.85739,305,239.85
2020-03-16,2021-01-15,323.0,call,0.46,4.75,2.6,2.94,13,674,0.23926,0.10713,305,239.85
2020-03-16,2021-01-15,323.0,put,83.85,88.72,86.28,82.46,7,2083,0.26853,-0.86021,305,239.85
2020-03-16,2021-01-15,324.0,call,2.2,4.57,3.39,2.4,7,1028,0.25877,0.12627,305,239.85
2020-03-16,2021-01-15,324.0,put,84.72,89.59,87.16,82.0,5,3106,0.26853,-0.863,305,239.85
2020-03-16,2021-01-15,325.0,call,2.15,3.2,2.67,4.12,174,6365,0.24902,0.11282,305,239.85
2020-03-16,2021-01-15,325.0,put,85.6,90.46,88.03,84.14,13,14456,0.26853,-0.86573,305,239.85
2020-03-16,2021-01-15,326.0,call,1.0,4.24,2.62,2.57,3,1764,0.24902,0.11026,305,239.85
2020-03-16,2021-01-15,326.0,put,86.48,91.34,88.91,76.55,0,2363,0.26853,-0.86842,305,239.85
2020-03-16,2021-01-15,327.0,call,0.22,4.08,2.15,2.72,112,1116,0.23926,0.09711,305,239.85
2020-03-16,2021-01-15,327.0,put,87.36,92.23,89.8,92.0,230,1798,0.26853,-0.87106,305,239.85
2020-03-16,2021-01-15,328.0,call,0.17,3.93,2.05,1.98,0,858,0.23926,0.09473,305,239.85
2020-03-16,2021-01-15,328.0,put,88.25,93.12,90.69,85.5,2,3394,0.26853,-0.87366,305,239.85
2020-03-16,2021-01-15,329.0,call,1.9,3.0,2.45,1.8,12,658,0.24902,0.10286,305,239.85
2020-03-16,2021-01-15,329.0,put,89.15,94.01,91.58,63.36,0,564,0.26853,-0.87621,305,239.85
2020-03-16,2021-01-15,330.0,call,1.81,2.35,2.08,1.9,358,11089,0.23926,0.09013,305,239.85
2020-03-16,2021-01-15,330.0,put,90.05,94.91,92.48,95.0,242,15900,0.26853,-0.87872,305,239.85
2020-03-16,2021-01-15,331.0,call,1.5,3.51,2.5,1.75,14,0,0.25877,0.1085,305,239.85
2020-03-16,2021-01-15,331.0,put,90.96,95.82,93.39,89.87,4,2070,0.26853,-0.88119,305,239.85
2020-03-16,2021-01-15,332.0,call,0.96,3.39,2.17,1.8,13,0,0.24902,0.0959,305,239.85
2020-03-16,2021-01-15,332.0,put,91.87,96.73,94.3,87.62,1,1757,0.26853,-0.88361,305,239.85
2020-03-16,2021-01-15,333.0,call,0.9,3.27,2.08,1.76,4,0,0.24902,0.09367,305,239.85
2020-03-16,2021-01-15,333.0,put,92.79,97.65,95.22,81.5,0,694,0.26853,-0.88599,305,239.85
2020-03-16,2021-01-15,334.0,call,0.9,3.14,2.02,1.73,13,715,0.24902,0.09149,305,239.85
2020-03-16,2021-01-15,334.0,put,93.71,98.57,96.14,36.5,0,504,0.26853,-0.88833,305,239.85
2020-03-16,2021-01-15,335.0,call,1.29,2.5,1.9,1.5,66,1918,0.24902,0.08935,305,239.85
2020-03-16,2021-01-15,335.0,put,94.63,99.49,97.06,101.0,2,3758,0.25877,-0.90066,305,239.85
2020-03-16,2021-01-15,336.0,call,1.3,2.86,2.08,1.7,7,0,0.24902,0.08725,305,239.85
2020-03-16,2021-01-15,336.0,put,95.56,100.42,97.99,90.0,5,1122,0.25877,-0.90285,305,239.85
2020-03-16,2021-01-15,337.0,call,1.0,2.1,1.55,1.6,12,564,0.23926,0.07551,305,239.85
2020-03-16,2021-01-15,337.0,put,96.49,101.35,98.92,68.5,0,638,0.25877,-0.90499,305,239.85
2020-03-16,2021-01-15,338.0,call,0.93,2.59,1.76,1.38,8,1904,0.24902,0.08319,305,239.85
2020-03-16,2021-01-15,338.0,put,97.43,102.29,99.86,90.35,0,1408,0.25877,-0.90709,305,239.85
2020-03-16,2021-01-15,339.0,call,0.1,2.47,1.29,1.0,7,254,0.22951,0.06248,305,239.85
2020-03-16,2021-01-15,339.0,put,98.37,103.22,100.8,54.81,0,7,0.25877,-0.90915,305,239.85
2020-03-16,2021-01-15,340.0,call,1.0,1.3,1.15,1.15,590,12431,0.22951,0.06077,305,239.85
2020-03-16,2021-01-15,340.0,put,99.31,102.5,100.91,99.0,3,9034,0.23926,-0.93009,305,239.85
2020-03-16,2021-01-15,341.0,call,0.1,2.24,1.17,1.72,0,0,0.22951,0.0591,305,239.85
2020-03-16,2021-01-15,341.0,put,100.25,105.11,102.68,72.02,0,958,0.26853,-0.90358,305,239.85
2020-03-16,2021-01-15,342.0,call,1.06,2.14,1.6,1.43,1,1010,0.24902,0.07555,305,239.85
2020-03-16,2021-01-15,342.0,put,101.2,106.06,103.63,56.93,0,61,0.26853,-0.9056,305,239.85
2020-03-16,2021-01-15,343.0,call,0.1,2.0,1.05,0.8,16,948,0.22951,0.05589,305,239.85
2020-03-16,2021-01-15,343.0,put,102.15,107.01,104.58,55.17,0,86,0.26853,-0.90759,305,239.85
2020-03-16,2021-01-15,344.0,call,0.2,2.01,1.1,1.91,13,328,0.22951,0.05435,305,239.85
2020-03-16,2021-01-15,344.0,put,103.11,107.96,105.53,95.12,0,3,0.26853,-0.90953,305,239.85
2020-03-16,2021-01-15,345.0,call,0.8,1.96,1.38,1.31,39,5656,0.23926,0.06139,305,239.85
2020-03-16,2021-01-15,345.0,put,104.06,108.92,106.49,96.93,0,2248,0.26853,-0.91145,305,239.85
2020-03-16,2021-01-15,346.0,call,0.1,1.92,1.01,0.0,0,0,0.22951,0.05137,305,239.85
2020-03-16,2021-01-15,346.0,put,105.02,109.88,107.45,35.7,0,29,0.26853,-0.91332,305,239.85
2020-03-16,2021-01-15,347.0,put,105.98,110.84,108.41,47.57,0,7,0.26853,-0.91517,305,239.85
2020-03-16,2021-01-15,348.0,call,0.63,1.84,1.24,1.2,4,0,0.23926,0.05673,305,239.85
2020-03-16,2021-01-15,348.0,put,106.94,111.8,109.37,25.05,0,121,0.26853,-0.91697,305,239.85
2020-03-16,2021-01-15,349.0,call,0.28,1.81,1.04,0.99,9,0,0.23926,0.05525,305,239.85
2020-03-16,2021-01-15,349.0,put,107.91,112.76,110.34,39.95,0,2,0.26853,-0.91874,305,239.85
2020-03-16,2021-01-15,350.0,call,0.75,1.6,1.18,0.9,735,7960,0.23926,0.05381,305,239.85
2020-03-16,2021-01-15,350.0,put,108.87,113.73,111.3,114.09,6,653,0.26853,-0.92048,305,239.85
2020-03-16,2021-01-15,351.0,call,0.35,1.74,1.04,1.0,16,106,0.23926,0.0524,305,239.85
2020-03-16,2021-01-15,351.0,put,109.84,114.7,112.27,26.86,0,26,0.26853,-0.92219,305,239.85
2020-03-16,2021-01-15,352.0,put,110.81,115.67,113.24,65.26,0,1,0.26853,-0.92386,305,239.85
2020-03-16,2021-01-15,353.0,put,111.78,116.64,114.21,34.75,0,22,0.26853,-0.9255,305,239.85
2020-03-16,2021-01-15,354.0,put,112.76,117.61,115.19,85.0,0,1,0.26853,-0.92711,305,239.85
2020-03-16,2021-01-15,355.0,call,0.17,1.6,0.89,1.87,36,737,0.23926,0.04708,305,239.85
2020-03-16,2021-01-15,355.0,put,113.73,118.58,116.16,113.0,1,34,0.26853,-0.92869,305,239.85
2020-03-16,2021-01-15,356.0,put,114.71,119.56,117.13,108.0,0,200,0.26853,-0.93024,305,239.85
2020-03-16,2021-01-15,357.0,put,115.68,120.53,118.11,53.9,0,0,0.26853,-0.93176,305,239.85
2020-03-16,2021-01-15,358.0,call,0.12,1.58,0.85,0.0,0,0,0.23926,0.04342,305,239.85
2020-03-16,2021-01-15,358.0,put,116.66,121.51,119.09,0.0,0,0,0.26853,-0.93325,305,239.85
2020-03-16,2021-01-15,359.0,put,117.64,122.49,120.06,62.48,0,1,0.26853,-0.9347,305,239.85
2020-03-16,2021-01-15,360.0,call,0.5,1.0,0.75,0.5,288,5291,0.23926,0.04112,305,239.85
2020-03-16,2021-01-15,360.0,put,118.62,123.47,121.05,105.9,0,59,0.27829,-0.92798,305,239.85
2020-03-16,2021-01-15,361.0,put,119.6,124.45,122.03,30.7,0,6,0.27829,-0.92947,305,239.85
2020-03-16,2021-01-15,362.0,put,120.58,125.43,123.0,114.5,0,6,0.27829,-0.93093,305,239.85
2020-03-16,2021-01-15,363.0,put,121.56,126.41,123.98,37.0,0,0,0.27829,-0.93236,305,239.85
2020-03-16,2021-01-15,364.0,call,0.05,1.49,0.77,0.94,0,178,0.23926,0.03686,305,239.85
2020-03-16,2021-01-15,364.0,put,122.54,127.39,124.97,0.0,0,0,0.27829,-0.93376,305,239.85
2020-03-16,2021-01-15,365.0,call,0.45,1.0,0.72,0.51,109,16751,0.23926,0.03586,305,239.85
2020-03-16,2021-01-15,365.0,put,123.52,128.38,125.95,67.09,0,12,0.27829,-0.93513,305,239.85
2020-03-16,2021-01-15,366.0,put,124.51,129.36,126.94,0.0,0,0,0.27829,-0.93649,305,239.85
2020-03-16,2021-01-15,367.0,call,0.3,1.47,0.89,1.0,6,264,0.24902,0.04044,305,239.85
2020-03-16,2021-01-15,367.0,put,125.49,130.34,127.91,70.6,0,147,0.27829,-0.93781,305,239.85
2020-03-16,2021-01-15,368.0,call,0.3,1.46,0.88,0.86,0,3244,0.24902,0.03941,305,239.85
2020-03-16,2021-01-15,368.0,put,126.48,131.33,128.91,70.48,0,2,0.27829,-0.93911,305,239.85
2020-03-16,2021-01-15,369.0,put,127.46,132.31,129.88,78.56,0,9,0.27829,-0.94038,305,239.85
2020-03-16,2021-01-15,370.0,call,0.3,0.8,0.55,0.69,40,1972,0.23926,0.03123,305,239.85
2020-03-16,2021-01-15,370.0,put,128.45,133.3,130.88,79.46,0,177,0.27829,-0.94164,305,239.85
2020-03-16,2021-01-15,371.0,call,0.05,1.44,0.74,0.49,0,686,0.24902,0.03647,305,239.85
2020-03-16,2021-01-15,371.0,put,129.43,134.28,131.86,73.45,0,633,0.28804,-0.93537,305,239.85
2020-03-16,2021-01-15,375.0,call,0.45,0.6,0.53,0.45,41,2524,0.23926,0.02715,305,239.85
2020-03-16,2021-01-15,375.0,put,133.38,138.23,135.81,42.85,0,11,0.28804,-0.94035,305,239.85
2020-03-16,2021-01-15,380.0,call,0.3,0.5,0.4,0.49,237,1944,0.23926,0.02357,305,239.85
2020-03-16,2021-01-15,380.0,put,138.32,143.17,140.75,133.15,1,61,0.28804,-0.94609,305,239.85
2020-03-16,2021-01-15,385.0,call,0.36,0.42,0.39,0.36,5,1097,0.23926,0.02044,305,239.85
2020-03-16,2021-01-15,385.0,put,143.26,148.12,145.69,105.65,0,2,0.2978,-0.9446,305,239.85
2020-03-16,2021-01-15,390.0,call,0.28,0.35,0.32,0.35,117,6601,0.23926,0.0177,305,239.85
2020-03-16,2021-01-15,390.0,put,148.21,153.06,150.63,137.0,0,3,0.2978,-0.94971,305,239.85
2020-03-16,2021-01-15,395.0,call,0.2,0.37,0.29,0.29,5,628,0.23926,0.01531,305,239.85
2020-03-16,2021-01-15,395.0,put,153.16,158.01,155.58,95.45,0,1,0.30755,-0.94807,305,239.85
2020-03-16,2021-01-15,400.0,call,0.2,0.3,0.25,0.25,383,5659,0.23926,0.01323,305,239.85
2020-03-16,2021-01-15,400.0,put,158.12,162.97,160.55,164.0,4,58,0.30755,-0.95266,305,239.85
2020-03-16,2021-01-15,405.0,call,0.27,0.34,0.31,0.28,102,1559,0.25877,0.01842,305,239.85
2020-03-16,2021-01-15,405.0,put,163.07,167.92,165.5,153.71,0,981,0.31731,-0.95092,305,239.85
2020-03-16,2021-01-15,410.0,call,0.2,0.34,0.27,0.22,5,504,0.25877,0.0162,305,239.85
2020-03-16,2021-01-15,410.0,put,168.03,172.88,170.45,110.32,0,101,0.31731,-0.95507,305,239.85
2020-03-16,2021-01-15,415.0,call,0.15,0.26,0.21,0.21,58,703,0.24902,0.01114,305,239.85
2020-03-16,2021-01-15,415.0,put,172.99,177.84,175.42,115.89,0,181,0.31731,-0.95889,305,239.85
2020-03-16,2021-01-15,420.0,call,0.18,0.21,0.2,0.16,1553,37096,0.25877,0.0125,305,239.85
2020-03-16,2021-01-15,420.0,put,177.95,182.8,180.38,167.4,0,636,0.32707,-0.95705,305,239.85
2020-03-16,2021-03-19,100.0,call,138.5,148.35,143.43,210.95,0,2,0.61974,0.95738,368,239.85
2020-03-16,2021-03-19,100.0,put,1.41,3.85,2.63,2.9,222,1065,0.58072,-0.03623,368,239.85
2020-03-16,2021-03-19,105.0,call,134.0,144.0,139.0,0.0,0,0,0.60999,0.95145,368,239.85
2020-03-16,2021-03-19,105.0,put,2.8,4.43,3.61,3.5,55,1231,0.60023,-0.04686,368,239.85
2020-03-16,2021-03-19,110.0,call,129.0,138.72,133.86,0.0,0,0,0.58072,0.94874,368,239.85
2020-03-16,2021-03-19,110.0,put,2.07,5.07,3.57,2.91,30,59,0.57096,-0.04939,368,239.85
2020-03-16,2021-03-19,115.0,call,124.5,133.97,129.24,0.0,0,0,0.56121,0.94416,368,239.85
2020-03-16,2021-03-19,115.0,put,2.48,5.0,3.74,2.0,0,114,0.55145,-0.05381,368,239.85
2020-03-16,2021-03-19,120.0,call,120.0,129.46,124.73,0.0,0,0,0.55145,0.93725,368,239.85
2020-03-16,2021-03-19,120.0,put,3.01,6.45,4.73,5.18,58,181,0.56121,-0.06486,368,239.85
2020-03-16,2021-03-19,125.0,call,115.5,124.8,120.15,127.0,0,1,0.54169,0.92986,368,239.85
2020-03-16,2021-03-19,125.0,put,3.54,6.5,5.02,6.0,5,72,0.54169,-0.07014,368,239.85
2020-03-16,2021-03-19,130.0,call,111.02,120.22,115.62,0.0,0,0,0.52218,0.92437,368,239.85
2020-03-16,2021-03-19,130.0,put,4.66,8.17,6.42,6.2,2,35,0.55145,-0.08264,368,239.85
2020-03-16,2021-03-19,135.0,call,106.87,115.73,111.3,0.0,0,0,0.51243,0.91608,368,239.85
2020-03-16,2021-03-19,135.0,put,4.9,8.93,6.92,7.5,2,2098,0.54169,-0.09122,368,239.85
2020-03-16,2021-03-19,140.0,call,102.73,111.28,107.0,135.89,0,1,0.51243,0.90465,368,239.85
2020-03-16,2021-03-19,140.0,put,5.66,9.71,7.69,7.05,33,134,0.53194,-0.10032,368,239.85
2020-03-16,2021-03-19,145.0,call,98.65,106.9,102.78,107.5,0,200,0.50267,0.89517,368,239.85
2020-03-16,2021-03-19,145.0,put,6.48,10.56,8.52,8.0,17,6567,0.52218,-0.10994,368,239.85
2020-03-16,2021-03-19,150.0,call,94.62,102.59,98.61,108.0,0,1,0.49292,0.88511,368,239.85
2020-03-16,2021-03-19,150.0,put,9.0,11.46,10.23,8.47,5,720,0.53194,-0.12496,368,239.85
2020-03-16,2021-03-19,155.0,call,90.66,98.35,94.5,0.0,0,0,0.48316,0.87445,368,239.85
2020-03-16,2021-03-19,155.0,put,8.28,12.43,10.36,10.7,299,518,0.50267,-0.13086,368,239.85
2020-03-16,2021-03-19,160.0,call,86.75,94.2,90.47,93.0,3,91,0.48316,0.86043,368,239.85
2020-03-16,2021-03-19,160.0,put,9.27,13.46,11.37,10.5,5,3131,0.50267,-0.1447,368,239.85
2020-03-16,2021-03-19,165.0,call,82.91,90.11,86.51,103.25,0,5,0.4734,0.84848,368,239.85
2020-03-16,2021-03-19,165.0,put,10.31,14.55,12.43,12.2,122,2067,0.49292,-0.15664,368,239.85
2020-03-16,2021-03-19,170.0,call,79.13,86.12,82.62,152.1,0,1,0.46365,0.83585,368,239.85
2020-03-16,2021-03-19,170.0,put,11.42,15.71,13.57,13.09,1,111,0.48316,-0.16921,368,239.85
2020-03-16,2021-03-19,175.0,call,75.4,82.2,78.8,0.0,0,0,0.46365,0.81998,368,239.85
2020-03-16,2021-03-19,175.0,put,12.53,16.96,14.75,15.16,296,1000,0.48316,-0.18472,368,239.85
2020-03-16,2021-03-19,180.0,call,71.74,78.36,75.05,120.4,0,1,0.45389,0.806,368,239.85
2020-03-16,2021-03-19,180.0,put,13.81,18.24,16.02,17.0,81,436,0.4734,-0.19853,368,239.85
2020-03-16,2021-03-19,185.0,call,68.17,74.64,71.41,99.3,0,7,0.44414,0.79128,368,239.85
2020-03-16,2021-03-19,185.0,put,15.1,19.6,17.35,15.39,113,144,0.46365,-0.21304,368,239.85
2020-03-16,2021-03-19,190.0,call,64.62,70.96,67.79,72.0,0,5,0.44414,0.7737,368,239.85
2020-03-16,2021-03-19,190.0,put,16.46,21.05,18.76,20.0,133,3165,0.45389,-0.22825,368,239.85
2020-03-16,2021-03-19,195.0,call,61.14,67.35,64.25,70.0,0,22,0.43438,0.75756,368,239.85
2020-03-16,2021-03-19,195.0,put,17.88,22.57,20.23,20.17,124,2095,0.45389,-0.24584,368,239.85
2020-03-16,2021-03-19,200.0,call,57.75,63.5,60.62,60.0,9,89,0.42462,0.74062,368,239.85
2020-03-16,2021-03-19,200.0,put,19.37,24.16,21.77,21.21,54,2840,0.44414,-0.26237,368,239.85
2020-03-16,2021-03-19,205.0,call,54.39,60.09,57.24,58.16,4,3,0.41487,0.72282,368,239.85
2020-03-16,2021-03-19,205.0,put,20.93,25.83,23.38,23.0,105,233,0.43438,-0.27967,368,239.85
2020-03-16,2021-03-19,210.0,call,51.1,56.76,53.93,48.77,39,22,0.41487,0.70312,368,239.85
2020-03-16,2021-03-19,210.0,put,22.56,27.58,25.07,26.0,13,2371,0.43438,-0.29855,368,239.85
2020-03-16,2021-03-19,215.0,call,47.88,53.51,50.7,59.14,8,13,0.40511,0.68384,368,239.85
2020-03-16,2021-03-19,215.0,put,24.25,29.41,26.83,26.15,136,288,0.42462,-0.31717,368,239.85
2020-03-16,2021-03-19,220.0,call,44.52,50.4,47.46,48.15,1,43,0.39536,0.66365,368,239.85
2020-03-16,2021-03-19,220.0,put,26.02,31.31,28.66,27.0,36,2677,0.41487,-0.33662,368,239.85
2020-03-16,2021-03-19,223.0,call,42.87,48.48,45.67,0.0,0,0,0.39536,0.65111,368,239.85
2020-03-16,2021-03-19,223.0,put,27.12,32.5,29.81,0.0,0,0,0.41487,-0.34857,368,239.85
2020-03-16,2021-03-19,224.0,call,42.3,47.91,45.1,0.0,0,0,0.39536,0.64693,368,239.85
2020-03-16,2021-03-19,224.0,put,27.56,32.96,30.26,23.3,0,1,0.41487,-0.35255,368,239.85
2020-03-16,2021-03-19,225.0,call,41.65,47.26,44.45,49.55,0,32,0.39536,0.64276,368,239.85
2020-03-16,2021-03-19,225.0,put,27.87,33.3,30.59,28.75,114,2280,0.40511,-0.35692,368,239.85
2020-03-16,2021-03-19,226.0,call,41.04,46.66,43.85,0.0,0,0,0.39536,0.63858,368,239.85
2020-03-16,2021-03-19,226.0,put,28.24,33.71,30.98,0.0,0,0,0.40511,-0.36099,368,239.85
2020-03-16,2021-03-19,227.0,call,40.48,46.09,43.28,0.0,0,0,0.3856,0.63394,368,239.85
2020-03-16,2021-03-19,227.0,put,28.7,34.2,31.45,0.0,0,0,0.40511,-0.36507,368,239.85
2020-03-16,2021-03-19,228.0,call,39.88,45.5,42.69,0.0,0,0,0.3856,0.62966,368,239.85
2020-03-16,2021-03-19,228.0,put,29.01,34.54,31.77,0.0,0,0,0.40511,-0.36914,368,239.85
2020-03-16,2021-03-19,229.0,call,39.28,44.9,42.09,0.0,0,0,0.3856,0.62539,368,239.85
2020-03-16,2021-03-19,229.0,put,29.47,35.03,32.25,0.0,0,0,0.40511,-0.3732,368,239.85
2020-03-16,2021-03-19,230.0,call,38.68,44.31,41.5,42.68,1,113,0.3856,0.62111,368,239.85
2020-03-16,2021-03-19,230.0,put,32.0,35.46,33.73,34.5,109,7140,0.41487,-0.37638,368,239.85
2020-03-16,2021-03-19,231.0,call,38.09,43.72,40.91,0.0,0,0,0.3856,0.61684,368,239.85
2020-03-16,2021-03-19,231.0,put,30.26,35.88,33.07,0.0,0,0,0.40511,-0.38132,368,239.85
2020-03-16,2021-03-19,232.0,call,37.5,43.13,40.31,0.0,0,0,0.3856,0.61258,368,239.85
2020-03-16,2021-03-19,232.0,put,30.64,36.3,33.47,0.0,0,0,0.40511,-0.38538,368,239.85
2020-03-16,2021-03-19,233.0,call,36.91,42.55,39.73,0.0,0,0,0.3856,0.60832,368,239.85
2020-03-16,2021-03-19,233.0,put,31.05,36.74,33.9,0.0,0,0,0.39536,-0.39057,368,239.85
2020-03-16,2021-03-19,234.0,call,36.33,41.97,39.15,0.0,0,0,0.37584,0.60288,368,239.85
2020-03-16,2021-03-19,234.0,put,31.45,37.18,34.31,0.0,0,0,0.39536,-0.39472,368,239.85
2020-03-16,2021-03-19,235.0,call,35.75,41.4,38.58,37.95,1,50,0.37584,0.59851,368,239.85
2020-03-16,2021-03-19,235.0,put,31.86,37.62,34.74,37.1,152,2918,0.39536,-0.39886,368,239.85
2020-03-16,2021-03-19,236.0,call,35.17,40.82,38.0,53.21,0,1,0.37584,0.59416,368,239.85
2020-03-16,2021-03-19,236.0,put,32.26,38.06,35.16,34.87,2,0,0.39536,-0.403,368,239.85
2020-03-16,2021-03-19,237.0,call,34.6,40.26,37.43,0.0,0,0,0.37584,0.58981,368,239.85
2020-03-16,2021-03-19,237.0,put,32.66,38.49,35.58,32.08,2,1,0.39536,-0.40712,368,239.85
2020-03-16,2021-03-19,238.0,call,34.02,39.69,36.86,40.0,0,0,0.37584,0.58546,368,239.85
2020-03-16,2021-03-19,238.0,put,33.09,38.96,36.03,36.55,2,2,0.39536,-0.41125,368,239.85
2020-03-16,2021-03-19,239.0,call,33.46,39.13,36.3,56.58,0,1,0.37584,0.58113,368,239.85
2020-03-16,2021-03-19,239.0,put,33.42,39.32,36.37,0.0,0,0,0.3856,-0.41712,368,239.85
2020-03-16,2021-03-19,240.0,call,33.5,38.57,36.03,34.5,81,92,0.37584,0.5768,368,239.85
2020-03-16,2021-03-19,240.0,put,33.92,39.87,36.89,38.0,82,1283,0.3856,-0.42133,368,239.85
2020-03-16,2021-03-19,241.0,call,33.0,38.02,35.51,33.75,11,0,0.37584,0.57248,368,239.85
2020-03-16,2021-03-19,241.0,put,34.33,40.31,37.32,38.23,1,0,0.3856,-0.42554,368,239.85
2020-03-16,2021-03-19,242.0,call,31.77,37.47,34.62,33.75,8,0,0.36609,0.56607,368,239.85
2020-03-16,2021-03-19,242.0,put,34.76,40.78,37.77,0.0,0,0,0.3856,-0.42973,368,239.85
2020-03-16,2021-03-19,243.0,call,31.21,36.92,34.06,0.0,0,0,0.36609,0.56165,368,239.85
2020-03-16,2021-03-19,243.0,put,35.2,41.26,38.23,37.48,1,0,0.3856,-0.43392,368,239.85
2020-03-16,2021-03-19,244.0,call,30.66,36.37,33.52,32.8,8,0,0.36609,0.55724,368,239.85
2020-03-16,2021-03-19,244.0,put,35.38,41.67,38.53,0.0,0,0,0.3856,-0.4381,368,239.85
2020-03-16,2021-03-19,245.0,call,30.11,35.83,32.97,34.11,7,39,0.36609,0.55285,368,239.85
2020-03-16,2021-03-19,245.0,put,36.05,42.19,39.12,40.97,27,4224,0.3856,-0.44226,368,239.85
2020-03-16,2021-03-19,246.0,call,30.0,35.3,32.65,34.0,1,0,0.36609,0.54846,368,239.85
2020-03-16,2021-03-19,246.0,put,36.49,42.67,39.58,38.06,1,562,0.37584,-0.44896,368,239.85
2020-03-16,2021-03-19,247.0,call,29.02,34.77,31.9,32.94,5,0,0.36609,0.54409,368,239.85
2020-03-16,2021-03-19,247.0,put,36.94,43.16,40.05,36.91,1,673,0.37584,-0.45322,368,239.85
2020-03-16,2021-03-19,248.0,call,28.47,34.24,31.36,32.39,4,0,0.35633,0.53687,368,239.85
2020-03-16,2021-03-19,248.0,put,37.38,43.65,40.52,33.86,0,670,0.37584,-0.45746,368,239.85
2020-03-16,2021-03-19,249.0,call,27.94,33.71,30.83,0.0,0,0,0.35633,0.5324,368,239.85
2020-03-16,2021-03-19,249.0,put,37.81,44.12,40.97,36.74,500,833,0.37584,-0.46169,368,239.85
2020-03-16,2021-03-19,250.0,call,27.4,33.19,30.29,27.68,356,276,0.35633,0.52794,368,239.85
2020-03-16,2021-03-19,250.0,put,38.28,44.63,41.45,41.0,230,5162,0.37584,-0.46591,368,239.85
2020-03-16,2021-03-19,251.0,call,26.87,32.67,29.77,32.0,5,1001,0.35633,0.5235,368,239.85
2020-03-16,2021-03-19,251.0,put,38.72,45.11,41.91,32.44,0,1299,0.37584,-0.47012,368,239.85
2020-03-16,2021-03-19,252.0,call,26.34,32.15,29.24,36.03,1,1002,0.35633,0.51907,368,239.85
2020-03-16,2021-03-19,252.0,put,39.17,45.61,42.39,42.46,1,2111,0.37584,-0.47431,368,239.85
2020-03-16,2021-03-19,253.0,call,25.82,31.64,28.73,30.11,16,1002,0.35633,0.51466,368,239.85
2020-03-16,2021-03-19,253.0,put,39.63,46.11,42.87,42.5,2,1438,0.36609,-0.48188,368,239.85
2020-03-16,2021-03-19,254.0,call,25.29,31.13,28.21,28.0,2,1002,0.35633,0.51027,368,239.85
2020-03-16,2021-03-19,254.0,put,40.09,46.62,43.36,33.67,0,1403,0.36609,-0.48615,368,239.85
2020-03-16,2021-03-19,255.0,call,24.77,30.63,27.7,30.0,44,1318,0.34658,0.50209,368,239.85
2020-03-16,2021-03-19,255.0,put,40.55,47.13,43.84,43.9,7,1745,0.36609,-0.49042,368,239.85
2020-03-16,2021-03-19,256.0,call,24.26,30.13,27.2,31.2,0,496,0.34658,0.4976,368,239.85
2020-03-16,2021-03-19,256.0,put,41.02,47.65,44.34,34.61,0,534,0.36609,-0.49466,368,239.85
2020-03-16,2021-03-19,257.0,call,23.75,29.63,26.69,27.95,1,40,0.34658,0.49313,368,239.85
2020-03-16,2021-03-19,257.0,put,41.49,48.17,44.83,34.0,0,151,0.36609,-0.49889,368,239.85
2020-03-16,2021-03-19,258.0,call,23.24,29.14,26.19,32.0,0,19,0.34658,0.48868,368,239.85
2020-03-16,2021-03-19,258.0,put,41.96,48.69,45.33,42.45,5,150,0.36609,-0.50311,368,239.85
2020-03-16,2021-03-19,259.0,call,22.73,28.65,25.69,36.0,0,3,0.34658,0.48425,368,239.85
2020-03-16,2021-03-19,259.0,put,42.44,49.21,45.83,0.0,0,0,0.35633,-0.51147,368,239.85
2020-03-16,2021-03-19,260.0,call,22.22,28.16,25.19,24.5,10,265,0.34658,0.47984,368,239.85
2020-03-16,2021-03-19,260.0,put,42.92,49.75,46.34,45.19,11,8195,0.35633,-0.51576,368,239.85
2020-03-16,2021-03-19,261.0,call,21.73,27.68,24.7,23.95,2,0,0.33682,0.47078,368,239.85
2020-03-16,2021-03-19,261.0,put,43.4,50.28,46.84,0.0,0,0,0.35633,-0.52004,368,239.85
2020-03-16,2021-03-19,262.0,call,21.23,27.2,24.21,0.0,0,0,0.33682,0.46628,368,239.85
2020-03-16,2021-03-19,262.0,put,43.88,50.82,47.35,0.0,0,0,0.35633,-0.52429,368,239.85
2020-03-16,2021-03-19,263.0,call,20.74,26.73,23.73,0.0,0,0,0.33682,0.46181,368,239.85
2020-03-16,2021-03-19,263.0,put,44.37,51.36,47.86,46.3,1,7,0.35633,-0.52853,368,239.85
2020-03-16,2021-03-19,264.0,call,20.25,26.26,23.26,26.32,0,1,0.33682,0.45735,368,239.85
2020-03-16,2021-03-19,264.0,put,44.86,51.91,48.38,38.4,0,4,0.35633,-0.53275,368,239.85
2020-03-16,2021-03-19,265.0,call,21.45,25.79,23.62,22.8,47,50,0.34658,0.45807,368,239.85
2020-03-16,2021-03-19,265.0,put,45.36,52.46,48.91,51.2,5,1383,0.35633,-0.53695,368,239.85
2020-03-16,2021-03-19,266.0,call,19.28,25.33,22.3,26.53,0,1,0.33682,0.44851,368,239.85
2020-03-16,2021-03-19,266.0,put,45.85,53.02,49.44,27.85,0,0,0.34658,-0.54622,368,239.85
2020-03-16,2021-03-19,267.0,call,18.8,24.87,21.84,0.0,0,0,0.32707,0.43855,368,239.85
2020-03-16,2021-03-19,267.0,put,46.35,53.57,49.96,41.9,0,2,0.34658,-0.55049,368,239.85
2020-03-16,2021-03-19,268.0,call,18.32,24.42,21.37,29.5,0,39,0.32707,0.43406,368,239.85
2020-03-16,2021-03-19,268.0,put,46.86,54.14,50.5,0.0,0,0,0.34658,-0.55474,368,239.85
2020-03-16,2021-03-19,269.0,call,17.84,23.97,20.91,23.81,1,0,0.32707,0.42961,368,239.85
2020-03-16,2021-03-19,269.0,put,47.35,54.69,51.02,41.1,0,5,0.34658,-0.55897,368,239.85
2020-03-16,2021-03-19,270.0,call,17.37,23.52,20.45,20.89,52,144,0.32707,0.42517,368,239.85
2020-03-16,2021-03-19,270.0,put,47.86,55.26,51.56,52.29,34,2727,0.34658,-0.56317,368,239.85
2020-03-16,2021-03-19,271.0,call,16.91,23.08,19.99,22.32,0,238,0.32707,0.42077,368,239.85
2020-03-16,2021-03-19,271.0,put,48.37,55.84,52.11,41.55,0,9,0.34658,-0.56735,368,239.85
2020-03-16,2021-03-19,272.0,call,16.44,22.64,19.54,29.2,0,1,0.32707,0.41639,368,239.85
2020-03-16,2021-03-19,272.0,put,48.89,56.42,52.66,46.05,0,1,0.33682,-0.57745,368,239.85
2020-03-16,2021-03-19,273.0,call,15.98,22.2,19.09,21.4,0,13,0.31731,0.40551,368,239.85
2020-03-16,2021-03-19,273.0,put,49.41,57.0,53.2,32.95,0,1,0.33682,-0.58169,368,239.85
2020-03-16,2021-03-19,274.0,call,15.53,21.77,18.65,17.95,2,3,0.31731,0.40107,368,239.85
2020-03-16,2021-03-19,274.0,put,49.93,57.59,53.76,44.53,0,0,0.33682,-0.58591,368,239.85
2020-03-16,2021-03-19,275.0,call,15.08,21.34,18.21,18.75,38,754,0.31731,0.39666,368,239.85
2020-03-16,2021-03-19,275.0,put,50.45,58.19,54.32,53.42,28,467,0.33682,-0.5901,368,239.85
2020-03-16,2021-03-19,276.0,call,14.63,20.5,17.57,20.0,0,10,0.31731,0.39227,368,239.85
2020-03-16,2021-03-19,276.0,put,50.98,58.78,54.88,46.57,0,101,0.33682,-0.59427,368,239.85
2020-03-16,2021-03-19,277.0,call,14.18,20.5,17.34,16.0,14,8,0.31731,0.38792,368,239.85
2020-03-16,2021-03-19,277.0,put,51.51,59.39,55.45,12.25,0,278,0.33682,-0.59841,368,239.85
2020-03-16,2021-03-19,278.0,call,13.74,20.09,16.91,17.39,1,995,0.31731,0.38359,368,239.85
2020-03-16,2021-03-19,278.0,put,52.04,59.99,56.02,52.04,0,680,0.32707,-0.60934,368,239.85
2020-03-16,2021-03-19,279.0,call,13.3,19.67,16.48,30.28,0,4,0.30755,0.37182,368,239.85
2020-03-16,2021-03-19,279.0,put,52.58,60.6,56.59,45.0,0,1610,0.32707,-0.61353,368,239.85
2020-03-16,2021-03-19,280.0,call,15.0,19.27,17.13,15.3,82,1452,0.31731,0.37503,368,239.85
2020-03-16,2021-03-19,280.0,put,53.12,61.22,57.17,54.0,59,4129,0.32707,-0.61769,368,239.85
2020-03-16,2021-03-19,281.0,call,12.44,18.87,15.66,15.9,0,25,0.30755,0.36311,368,239.85
2020-03-16,2021-03-19,281.0,put,53.67,61.84,57.76,33.7,0,46,0.32707,-0.62182,368,239.85
2020-03-16,2021-03-19,282.0,call,12.01,18.47,15.24,14.2,66,139,0.30755,0.3588,368,239.85
2020-03-16,2021-03-19,282.0,put,54.22,62.47,58.34,58.04,3,333,0.32707,-0.62593,368,239.85
2020-03-16,2021-03-19,283.0,call,11.59,18.08,14.83,18.0,0,18,0.30755,0.35452,368,239.85
2020-03-16,2021-03-19,283.0,put,54.77,63.1,58.94,52.75,0,133,0.32707,-0.63,368,239.85
2020-03-16,2021-03-19,284.0,call,11.17,17.69,14.43,26.29,0,21,0.2978,0.34196,368,239.85
2020-03-16,2021-03-19,284.0,put,55.32,63.74,59.53,48.75,0,605,0.31731,-0.64173,368,239.85
2020-03-16,2021-03-19,285.0,call,11.0,17.3,14.15,15.12,18,92,0.2978,0.33766,368,239.85
2020-03-16,2021-03-19,285.0,put,55.88,64.38,60.13,54.61,5,1493,0.31731,-0.64584,368,239.85
2020-03-16,2021-03-19,286.0,call,10.35,16.92,13.64,14.7,2,235,0.2978,0.33339,368,239.85
2020-03-16,2021-03-19,286.0,put,56.44,65.02,60.73,59.7,3,342,0.31731,-0.64992,368,239.85
2020-03-16,2021-03-19,287.0,call,9.94,16.55,13.25,12.63,2,26,0.2978,0.32915,368,239.85
2020-03-16,2021-03-19,287.0,put,57.01,65.67,61.34,54.5,0,345,0.31731,-0.65397,368,239.85
2020-03-16,2021-03-19,288.0,call,9.54,16.18,12.86,10.5,0,9,0.2978,0.32496,368,239.85
2020-03-16,2021-03-19,288.0,put,57.58,66.33,61.95,56.29,0,650,0.31731,-0.65799,368,239.85
2020-03-16,2021-03-19,289.0,call,9.15,15.81,12.48,14.33,0,81,0.2978,0.3208,368,239.85
2020-03-16,2021-03-19,289.0,put,58.15,66.99,62.57,56.43,0,295,0.31731,-0.66198,368,239.85
2020-03-16,2021-03-19,290.0,call,8.76,15.45,12.11,13.0,66,2349,0.28804,0.30743,368,239.85
2020-03-16,2021-03-19,290.0,put,58.73,67.66,63.19,65.48,19,1757,0.30755,-0.67446,368,239.85
2020-03-16,2021-03-19,291.0,call,8.37,15.09,11.73,11.0,3,127,0.28804,0.30326,368,239.85
2020-03-16,2021-03-19,291.0,put,59.32,68.33,63.83,60.85,1,112,0.30755,-0.67846,368,239.85
2020-03-16,2021-03-19,292.0,call,7.99,14.74,11.37,16.26,0,96,0.28804,0.29913,368,239.85
2020-03-16,2021-03-19,292.0,put,60.0,69.01,64.5,59.75,1,910,0.30755,-0.68243,368,239.85
2020-03-16,2021-03-19,293.0,call,7.62,14.39,11.01,11.0,1,66,0.28804,0.29504,368,239.85
2020-03-16,2021-03-19,293.0,put,60.5,69.69,65.09,53.0,0,59,0.30755,-0.68637,368,239.85
2020-03-16,2021-03-19,294.0,call,7.25,14.05,10.65,14.24,0,216,0.28804,0.29098,368,239.85
2020-03-16,2021-03-19,294.0,put,61.09,70.38,65.73,43.14,0,269,0.30755,-0.69027,368,239.85
2020-03-16,2021-03-19,295.0,call,6.89,13.71,10.3,14.18,0,879,0.27829,0.27695,368,239.85
2020-03-16,2021-03-19,295.0,put,62.0,71.07,66.53,59.47,10,1429,0.30755,-0.69414,368,239.85
2020-03-16,2021-03-19,296.0,call,6.53,13.38,9.96,20.06,0,672,0.27829,0.27291,368,239.85
2020-03-16,2021-03-19,296.0,put,62.5,71.78,67.14,60.0,11,128,0.2978,-0.7073,368,239.85
2020-03-16,2021-03-19,297.0,call,6.18,13.05,9.62,9.93,0,1589,0.27829,0.26891,368,239.85
2020-03-16,2021-03-19,297.0,put,63.0,72.48,67.74,63.0,2,667,0.2978,-0.71117,368,239.85
2020-03-16,2021-03-19,298.0,call,5.84,12.72,9.28,9.19,1,258,0.27829,0.26496,368,239.85
2020-03-16,2021-03-19,298.0,put,64.0,73.15,68.58,53.0,0,197,0.2978,-0.71499,368,239.85
2020-03-16,2021-03-19,299.0,call,7.7,12.4,10.05,10.01,3,1302,0.28804,0.27132,368,239.85
2020-03-16,2021-03-19,299.0,put,64.5,73.83,69.16,64.11,0,172,0.2978,-0.71879,368,239.85
2020-03-16,2021-03-19,300.0,call,7.5,10.99,9.25,9.5,170,2369,0.27829,0.25718,368,239.85
2020-03-16,2021-03-19,300.0,put,65.5,74.49,70.0,69.9,24,2231,0.2978,-0.72254,368,239.85
2020-03-16,2021-03-19,301.0,call,5.21,11.78,8.49,9.99,0,254,0.26853,0.24256,368,239.85
2020-03-16,2021-03-19,301.0,put,66.0,75.17,70.59,64.0,1,140,0.2978,-0.72626,368,239.85
2020-03-16,2021-03-19,302.0,call,6.9,11.48,9.19,8.15,0,2260,0.28804,0.26,368,239.85
2020-03-16,2021-03-19,302.0,put,66.5,75.85,71.17,64.35,0,224,0.28804,-0.74,368,239.85
2020-03-16,2021-03-19,303.0,call,4.22,11.18,7.7,10.43,1,164,0.26853,0.23495,368,239.85
2020-03-16,2021-03-19,303.0,put,67.5,76.56,72.03,62.94,0,7,0.28804,-0.74369,368,239.85
2020-03-16,2021-03-19,304.0,call,3.92,10.88,7.4,8.6,2,273,0.26853,0.23121,368,239.85
2020-03-16,2021-03-19,304.0,put,68.0,77.26,72.63,67.01,1,116,0.28804,-0.74734,368,239.85
2020-03-16,2021-03-19,305.0,call,5.0,10.59,7.79,8.0,12,511,0.26853,0.22752,368,239.85
2020-03-16,2021-03-19,305.0,put,69.0,77.97,73.48,72.0,14,709,0.28804,-0.75096,368,239.85
2020-03-16,2021-03-19,306.0,call,3.35,10.3,6.83,8.1,0,552,0.25877,0.2125,368,239.85
2020-03-16,2021-03-19,306.0,put,69.5,78.67,74.09,70.96,2,67,0.28804,-0.75454,368,239.85
2020-03-16,2021-03-19,307.0,call,3.07,10.02,6.54,6.08,0,0,0.25877,0.20887,368,239.85
2020-03-16,2021-03-19,307.0,put,70.5,79.4,74.95,69.51,15,353,0.28804,-0.75807,368,239.85
2020-03-16,2021-03-19,308.0,call,2.81,9.75,6.28,10.3,0,2130,0.25877,0.20529,368,239.85
2020-03-16,2021-03-19,308.0,put,71.0,80.12,75.56,68.0,0,182,0.28804,-0.76157,368,239.85
2020-03-16,2021-03-19,309.0,call,2.56,9.48,6.02,7.58,23,3086,0.25877,0.20176,368,239.85
2020-03-16,2021-03-19,309.0,put,72.0,80.86,76.43,31.37,0,222,0.28804,-0.76503,368,239.85
2020-03-16,2021-03-19,310.0,call,5.0,9.21,7.11,5.86,57,1501,0.26853,0.20973,368,239.85
2020-03-16,2021-03-19,310.0,put,72.5,81.61,77.06,76.0,125,2005,0.27829,-0.77918,368,239.85
2020-03-16,2021-03-19,311.0,call,2.09,8.96,5.53,9.86,0,131,0.24902,0.18304,368,239.85
2020-03-16,2021-03-19,311.0,put,73.5,82.35,77.92,60.9,0,278,0.27829,-0.78258,368,239.85
2020-03-16,2021-03-19,312.0,call,1.89,8.7,5.29,3.7,0,0,0.24902,0.17965,368,239.85
2020-03-16,2021-03-19,312.0,put,74.0,83.1,78.55,71.0,0,505,0.27829,-0.78595,368,239.85
2020-03-16,2021-03-19,313.0,call,1.76,8.45,5.1,4.26,11,113,0.24902,0.17632,368,239.85
2020-03-16,2021-03-19,313.0,put,75.0,83.88,79.44,48.35,0,30,0.27829,-0.78927,368,239.85
2020-03-16,2021-03-19,314.0,call,1.63,8.2,4.91,10.0,0,182,0.24902,0.17303,368,239.85
2020-03-16,2021-03-19,314.0,put,75.5,84.63,80.06,49.0,0,309,0.27829,-0.79255,368,239.85
2020-03-16,2021-03-19,315.0,call,3.3,6.5,4.9,5.5,58,657,0.24902,0.1698,368,239.85
2020-03-16,2021-03-19,315.0,put,76.5,85.43,80.97,56.07,0,471,0.27829,-0.79579,368,239.85
2020-03-16,2021-03-19,316.0,call,1.46,7.72,4.59,10.3,0,43,0.24902,0.16661,368,239.85
2020-03-16,2021-03-19,316.0,put,77.0,86.2,81.6,44.56,0,198,0.26853,-0.81015,368,239.85
2020-03-16,2021-03-19,317.0,call,1.34,7.48,4.41,4.5,1,137,0.24902,0.16348,368,239.85
2020-03-16,2021-03-19,317.0,put,78.0,87.0,82.5,56.4,0,100,0.26853,-0.81331,368,239.85
2020-03-16,2021-03-19,318.0,call,2.5,7.25,4.88,9.25,0,519,0.25877,0.17212,368,239.85
2020-03-16,2021-03-19,318.0,put,79.0,87.81,83.41,70.28,0,258,0.27829,-0.80527,368,239.85
2020-03-16,2021-03-19,319.0,call,1.11,7.02,4.06,5.62,0,9,0.23926,0.14539,368,239.85
2020-03-16,2021-03-19,319.0,put,79.5,88.61,84.06,86.0,1,413,0.26853,-0.81951,368,239.85
2020-03-16,2021-03-19,320.0,call,3.0,6.8,4.9,3.5,85,1508,0.25877,0.16603,368,239.85
2020-03-16,2021-03-19,320.0,put,80.5,89.43,84.97,84.0,94,536,0.26853,-0.82254,368,239.85
2020-03-16,2021-03-19,321.0,call,3.5,6.58,5.04,5.0,0,172,0.25877,0.16306,368,239.85
2020-03-16,2021-03-19,321.0,put,81.5,90.25,85.88,24.25,0,79,0.26853,-0.82554,368,239.85
2020-03-16,2021-03-19,322.0,call,0.76,6.37,3.56,4.65,3,232,0.23926,0.13667,368,239.85
2020-03-16,2021-03-19,322.0,put,82.0,91.09,86.55,60.0,0,450,0.26853,-0.82849,368,239.85
2020-03-16,2021-03-19,323.0,call,0.68,6.16,3.42,4.67,0,936,0.23926,0.13387,368,239.85
2020-03-16,2021-03-19,323.0,put,83.0,91.94,87.47,38.0,0,532,0.26853,-0.8314,368,239.85
2020-03-16,2021-03-19,324.0,call,0.59,5.96,3.27,3.75,0,893,0.23926,0.13111,368,239.85
2020-03-16,2021-03-19,324.0,put,84.0,92.79,88.4,43.61,0,7100,0.26853,-0.83427,368,239.85
2020-03-16,2021-03-19,325.0,call,2.4,5.76,4.08,3.86,60,4346,0.24902,0.14008,368,239.85
2020-03-16,2021-03-19,325.0,put,84.5,93.65,89.08,89.0,1,532,0.26853,-0.8371,368,239.85
2020-03-16,2021-03-19,326.0,call,0.48,5.57,3.03,0.0,0,83,0.23926,0.12574,368,239.85
2020-03-16,2021-03-19,326.0,put,85.5,94.5,90.0,33.14,0,246,0.26853,-0.83989,368,239.85
2020-03-16,2021-03-19,327.0,call,0.42,5.38,2.9,6.2,0,324,0.22951,0.11146,368,239.85
2020-03-16,2021-03-19,327.0,put,86.5,95.37,90.94,78.09,0,42,0.26853,-0.84264,368,239.85
2020-03-16,2021-03-19,328.0,call,0.37,5.2,2.79,3.5,0,725,0.22951,0.10896,368,239.85
2020-03-16,2021-03-19,328.0,put,87.5,96.24,91.87,59.44,0,24,0.26853,-0.84535,368,239.85
2020-03-16,2021-03-19,329.0,call,0.32,5.02,2.67,2.75,1,336,0.22951,0.10652,368,239.85
2020-03-16,2021-03-19,329.0,put,88.0,97.13,92.56,60.8,0,7,0.25877,-0.85919,368,239.85
2020-03-16,2021-03-19,330.0,call,1.75,4.0,2.88,2.75,97,4805,0.23926,0.11555,368,239.85
2020-03-16,2021-03-19,330.0,put,89.0,98.02,93.51,90.33,1,1059,0.26853,-0.85065,368,239.85
2020-03-16,2021-03-19,331.0,call,1.5,4.68,3.09,0.0,0,2978,0.23926,0.11312,368,239.85
2020-03-16,2021-03-19,331.0,put,90.0,98.92,94.46,44.93,0,8459,0.26853,-0.85324,368,239.85
2020-03-16,2021-03-19,332.0,call,1.4,4.5,2.95,2.1,4,828,0.23926,0.11072,368,239.85
2020-03-16,2021-03-19,332.0,put,91.0,99.82,95.41,88.0,0,73,0.26853,-0.8558,368,239.85
2020-03-16,2021-03-19,333.0,call,0.1,4.34,2.22,2.81,1,208,0.22951,0.09719,368,239.85
2020-03-16,2021-03-19,333.0,put,91.5,100.71,96.1,63.29,0,55,0.25877,-0.86933,368,239.85
2020-03-16,2021-03-19,334.0,call,1.39,4.17,2.78,2.21,5,1477,0.23926,0.10607,368,239.85
2020-03-16,2021-03-19,334.0,put,92.5,101.63,97.06,92.0,5,61,0.25877,-0.87176,368,239.85
2020-03-16,2021-03-19,335.0,call,1.15,2.34,1.74,1.68,58,1176,0.21975,0.08189,368,239.85
2020-03-16,2021-03-19,335.0,put,93.5,102.55,98.03,103.0,1,86,0.25877,-0.87416,368,239.85
2020-03-16,2021-03-19,336.0,call,0.03,3.77,1.9,1.97,0,853,0.21975,0.07986,368,239.85
2020-03-16,2021-03-19,336.0,put,94.5,103.47,98.98,84.5,0,138,0.26853,-0.86565,368,239.85
2020-03-16,2021-03-19,337.0,call,1.09,3.16,2.12,2.2,0,834,0.22951,0.08858,368,239.85
2020-03-16,2021-03-19,337.0,put,95.5,104.39,99.94,55.5,0,38,0.26853,-0.86802,368,239.85
2020-03-16,2021-03-19,338.0,call,1.0,3.08,2.04,2.2,1,0,0.22951,0.08654,368,239.85
2020-03-16,2021-03-19,338.0,put,96.0,105.31,100.66,58.51,0,57,0.25877,-0.88111,368,239.85
2020-03-16,2021-03-19,339.0,put,97.0,106.26,101.63,36.2,0,0,0.25877,-0.88336,368,239.85
2020-03-16,2021-03-19,340.0,call,1.6,2.6,2.1,1.45,41,2084,0.23926,0.09312,368,239.85
2020-03-16,2021-03-19,340.0,put,98.0,107.19,102.59,90.82,0,120,0.25877,-0.88557,368,239.85
2020-03-16,2021-03-19,341.0,call,0.55,2.87,1.71,1.64,12,247,0.22951,0.08065,368,239.85
2020-03-16,2021-03-19,341.0,put,99.0,108.12,103.56,22.5,0,2,0.25877,-0.88774,368,239.85
2020-03-16,2021-03-19,342.0,put,100.0,109.06,104.53,0.0,0,0,0.26853,-0.87934,368,239.85
2020-03-16,2021-03-19,343.0,call,0.9,2.75,1.82,1.3,2,48,0.22951,0.07692,368,239.85
2020-03-16,2021-03-19,343.0,put,101.0,110.88,105.94,54.92,0,2,0.27829,-0.87107,368,239.85
2020-03-16,2021-03-19,344.0,call,1.0,2.67,1.83,1.65,0,0,0.22951,0.07511,368,239.85
2020-03-16,2021-03-19,344.0,put,101.5,111.5,106.5,60.42,0,1,0.26853,-0.88363,368,239.85
2020-03-16,2021-03-19,345.0,call,1.0,2.56,1.78,1.49,84,949,0.22951,0.07334,368,239.85
2020-03-16,2021-03-19,345.0,put,102.5,112.0,107.25,96.19,0,595,0.25877,-0.89607,368,239.85
2020-03-16,2021-03-19,350.0,call,0.9,2.1,1.5,1.1,156,3137,0.22951,0.06504,368,239.85
2020-03-16,2021-03-19,350.0,put,107.5,116.87,112.19,108.0,11,2111,0.26853,-0.8957,368,239.85
2020-03-16,2021-03-19,355.0,call,0.5,1.89,1.19,0.66,19,2187,0.22951,0.05759,368,239.85
2020-03-16,2021-03-19,355.0,put,112.0,121.7,116.85,105.68,0,2005,0.26853,-0.90491,368,239.85
2020-03-16,2021-03-19,360.0,call,0.25,1.76,1.0,0.97,26,1602,0.22951,0.05092,368,239.85
2020-03-16,2021-03-19,360.0,put,117.0,126.55,121.78,109.2,0,14,0.27829,-0.90398,368,239.85
2020-03-16,2021-03-19,365.0,call,0.5,1.68,1.09,0.98,6,883,0.23926,0.05293,368,239.85
2020-03-16,2021-03-19,365.0,put,122.0,131.42,126.71,120.0,5,9,0.27829,-0.91212,368,239.85
2020-03-16,2021-03-19,370.0,call,0.26,1.5,0.88,0.25,18,629,0.22951,0.03964,368,239.85
2020-03-16,2021-03-19,370.0,put,126.5,136.29,131.39,79.0,0,27,0.27829,-0.91963,368,239.85
2020-03-16,2021-03-19,375.0,call,0.21,1.0,0.6,0.77,32,2184,0.21975,0.02848,368,239.85
2020-03-16,2021-03-19,375.0,put,131.5,141.1,136.3,122.6,0,0,0.27829,-0.92656,368,239.85
2020-03-16,2021-03-19,380.0,call,0.54,1.2,0.87,0.75,3,2669,0.23926,0.03715,368,239.85
2020-03-16,2021-03-19,380.0,put,136.5,146.12,141.31,101.0,0,2,0.28804,-0.92474,368,239.85
2020-03-16,2021-03-19,385.0,call,0.01,1.57,0.79,0.29,8,1579,0.24902,0.03941,368,239.85
2020-03-16,2021-03-19,385.0,put,141.5,151.08,146.29,0.0,0,0,0.2978,-0.92287,368,239.85
2020-03-16,2021-03-19,390.0,call,0.18,0.68,0.43,0.5,6,1415,0.22951,0.02366,368,239.85
2020-03-16,2021-03-19,390.0,put,146.5,155.85,151.18,0.0,0,0,0.2978,-0.92892,368,239.85
2020-03-16,2021-03-19,395.0,call,0.35,0.55,0.45,0.35,79,1404,0.22951,0.02074,368,239.85
2020-03-16,2021-03-19,395.0,put,151.5,160.89,156.19,0.0,0,0,0.30755,-0.92687,368,239.85
2020-03-16,2021-03-19,400.0,call,0.32,0.5,0.41,0.46,108,1703,0.23926,0.02284,368,239.85
2020-03-16,2021-03-19,400.0,put,156.5,165.87,161.19,0.0,0,0,0.30755,-0.93236,368,239.85
2020-03-16,2021-06-18,100.0,call,138.5,148.3,143.4,152.45,0,20,0.55145,0.95809,459,239.85
2020-03-16,2021-06-18,100.0,put,1.6,4.0,2.8,2.7,3,600,0.53194,-0.03835,459,239.85
2020-03-16,2021-06-18,105.0,call,134.0,143.31,138.66,0.0,0,0,0.53194,0.95433,459,239.85
2020-03-16,2021-06-18,105.0,put,1.89,4.75,3.32,3.45,1,15,0.53194,-0.04567,459,239.85
2020-03-16,2021-06-18,110.0,call,129.0,139.0,134.0,0.0,0,0,0.52218,0.94838,459,239.85
2020-03-16,2021-06-18,110.0,put,2.26,5.42,3.84,4.0,10,49,0.52218,-0.05162,459,239.85
2020-03-16,2021-06-18,115.0,call,124.5,134.5,129.5,0.0,0,0,0.51243,0.94203,459,239.85
2020-03-16,2021-06-18,115.0,put,2.74,6.11,4.43,4.49,1,125,0.51243,-0.05797,459,239.85
2020-03-16,2021-06-18,120.0,call,120.0,129.3,124.65,190.72,0,0,0.49292,0.9376,459,239.85
2020-03-16,2021-06-18,120.0,put,3.2,6.91,5.05,3.26,0,52,0.51243,-0.06707,459,239.85
2020-03-16,2021-06-18,125.0,call,115.5,124.93,120.22,0.0,0,0,0.48316,0.9305,459,239.85
2020-03-16,2021-06-18,125.0,put,3.7,7.78,5.74,5.35,12,140,0.50267,-0.07443,459,239.85
2020-03-16,2021-06-18,130.0,call,111.0,120.42,115.71,189.67,0,0,0.4734,0.92293,459,239.85
2020-03-16,2021-06-18,130.0,put,5.2,8.7,6.95,7.5,2,47,0.50267,-0.08473,459,239.85
2020-03-16,2021-06-18,135.0,call,106.5,116.18,111.34,0.0,0,0,0.46365,0.91488,459,239.85
2020-03-16,2021-06-18,135.0,put,4.94,9.65,7.29,4.95,0,74,0.49292,-0.09311,459,239.85
2020-03-16,2021-06-18,140.0,call,102.5,111.81,107.16,150.22,0,2,0.45389,0.90631,459,239.85
2020-03-16,2021-06-18,140.0,put,5.63,10.67,8.15,7.8,4,5097,0.48316,-0.10198,459,239.85
2020-03-16,2021-06-18,145.0,call,98.0,107.65,102.83,104.5,2,0,0.44414,0.89721,459,239.85
2020-03-16,2021-06-18,145.0,put,6.38,11.77,9.07,3.41,0,1951,0.48316,-0.11399,459,239.85
2020-03-16,2021-06-18,150.0,call,94.0,103.46,98.73,104.5,0,1,0.44414,0.8845,459,239.85
2020-03-16,2021-06-18,150.0,put,7.21,12.88,10.04,9.62,9,1637,0.4734,-0.12394,459,239.85
2020-03-16,2021-06-18,155.0,call,90.0,99.29,94.65,165.9,0,0,0.43438,0.87416,459,239.85
2020-03-16,2021-06-18,155.0,put,8.17,13.95,11.06,7.9,0,152,0.46365,-0.13443,459,239.85
2020-03-16,2021-06-18,160.0,call,86.0,95.17,90.59,160.87,0,2,0.43438,0.86018,459,239.85
2020-03-16,2021-06-18,160.0,put,9.15,15.0,12.07,10.89,101,160,0.46365,-0.14809,459,239.85
2020-03-16,2021-06-18,165.0,call,82.09,91.13,86.61,0.0,0,0,0.42462,0.84856,459,239.85
2020-03-16,2021-06-18,165.0,put,10.21,16.15,13.18,12.08,75,101,0.45389,-0.15972,459,239.85
2020-03-16,2021-06-18,170.0,call,78.32,87.16,82.74,0.0,0,0,0.41487,0.83627,459,239.85
2020-03-16,2021-06-18,170.0,put,11.32,17.35,14.34,13.29,181,6832,0.44414,-0.17196,459,239.85
2020-03-16,2021-06-18,175.0,call,74.6,83.29,78.94,104.0,0,1,0.41487,0.82041,459,239.85
2020-03-16,2021-06-18,175.0,put,12.5,18.62,15.56,14.53,147,349,0.44414,-0.1872,459,239.85
2020-03-16,2021-06-18,180.0,call,71.05,79.03,75.04,87.22,0,15,0.40511,0.80674,459,239.85
2020-03-16,2021-06-18,180.0,put,13.74,19.97,16.86,17.88,306,168,0.43438,-0.20065,459,239.85
2020-03-16,2021-06-18,185.0,call,67.45,75.33,71.39,98.2,0,10,0.39536,0.7923,459,239.85
2020-03-16,2021-06-18,185.0,put,15.04,21.38,18.21,17.14,118,76,0.42462,-0.21477,459,239.85
2020-03-16,2021-06-18,190.0,call,63.92,71.72,67.82,73.96,0,1,0.39536,0.77466,459,239.85
2020-03-16,2021-06-18,190.0,put,19.25,22.88,21.06,19.25,115,233,0.43438,-0.23321,459,239.85
2020-03-16,2021-06-18,195.0,call,60.49,68.25,64.37,95.28,0,0,0.3856,0.75873,459,239.85
2020-03-16,2021-06-18,195.0,put,17.85,24.45,21.15,20.66,93,267,0.41487,-0.24688,459,239.85
2020-03-16,2021-06-18,200.0,call,57.09,64.8,60.95,65.5,1,9,0.3856,0.74011,459,239.85
2020-03-16,2021-06-18,200.0,put,19.35,26.09,22.72,21.49,119,4789,0.40511,-0.26303,459,239.85
2020-03-16,2021-06-18,205.0,call,53.75,61.45,57.6,99.0,0,7,0.37584,0.72264,459,239.85
2020-03-16,2021-06-18,205.0,put,20.93,27.82,24.38,23.3,3,295,0.40511,-0.28107,459,239.85
2020-03-16,2021-06-18,210.0,call,50.48,58.17,54.33,57.64,77,5,0.37584,0.70317,459,239.85
2020-03-16,2021-06-18,210.0,put,22.57,29.62,26.09,24.0,357,652,0.39536,-0.29856,459,239.85
2020-03-16,2021-06-18,215.0,call,47.28,54.98,51.13,53.6,37,12,0.36609,0.68415,459,239.85
2020-03-16,2021-06-18,215.0,put,24.29,31.51,27.9,26.6,289,233,0.39536,-0.31723,459,239.85
2020-03-16,2021-06-18,220.0,call,44.15,51.88,48.02,51.5,87,34,0.36609,0.66398,459,239.85
2020-03-16,2021-06-18,220.0,put,26.08,33.48,29.78,27.6,256,111,0.3856,-0.33606,459,239.85
2020-03-16,2021-06-18,225.0,call,41.1,48.87,44.98,48.21,165,22,0.35633,0.64342,459,239.85
2020-03-16,2021-06-18,225.0,put,27.94,35.53,31.73,32.84,287,1888,0.37584,-0.35575,459,239.85
2020-03-16,2021-06-18,230.0,call,38.12,45.94,42.03,45.23,25,58,0.34658,0.62184,459,239.85
2020-03-16,2021-06-18,230.0,put,29.88,37.67,33.77,33.55,456,383,0.37584,-0.37536,459,239.85
2020-03-16,2021-06-18,235.0,call,35.21,43.1,39.16,42.01,45,8,0.34658,0.60063,459,239.85
2020-03-16,2021-06-18,235.0,put,31.9,39.9,35.9,36.8,247,2249,0.36609,-0.3964,459,239.85
2020-03-16,2021-06-18,240.0,call,32.39,40.35,36.37,36.46,127,35,0.33682,0.57751,459,239.85
2020-03-16,2021-06-18,240.0,put,33.99,42.21,38.1,40.0,248,1076,0.35633,-0.41836,459,239.85
2020-03-16,2021-06-18,245.0,call,29.64,37.7,33.67,35.52,91,6,0.33682,0.55604,459,239.85
2020-03-16,2021-06-18,245.0,put,36.25,44.72,40.48,39.29,123,4430,0.35633,-0.43861,459,239.85
2020-03-16,2021-06-18,250.0,call,26.97,35.13,31.05,30.25,256,311,0.32707,0.53146,459,239.85
2020-03-16,2021-06-18,250.0,put,38.5,47.23,42.86,45.0,297,1962,0.34658,-0.46185,459,239.85
2020-03-16,2021-06-18,255.0,call,24.38,32.66,28.52,30.34,647,507,0.31731,0.50583,459,239.85
2020-03-16,2021-06-18,255.0,put,41.0,49.83,45.41,44.0,248,7129,0.34658,-0.48213,459,239.85
2020-03-16,2021-06-18,260.0,call,21.87,30.28,26.08,28.5,306,493,0.31731,0.48407,459,239.85
2020-03-16,2021-06-18,260.0,put,43.1,52.41,47.75,47.0,285,4411,0.33682,-0.50654,459,239.85
2020-03-16,2021-06-18,265.0,call,19.44,28.0,23.72,24.0,38,32,0.30755,0.45717,459,239.85
2020-03-16,2021-06-18,265.0,put,46.0,55.29,50.64,46.5,10,7170,0.33682,-0.52664,459,239.85
2020-03-16,2021-06-18,270.0,call,17.09,25.82,21.45,23.27,63,81,0.2978,0.42929,459,239.85
2020-03-16,2021-06-18,270.0,put,48.14,55.3,51.72,54.0,16,3598,0.30755,-0.56425,459,239.85
2020-03-16,2021-06-18,275.0,call,16.0,23.74,19.87,18.33,75,108,0.2978,0.40783,459,239.85
2020-03-16,2021-06-18,275.0,put,51.5,60.83,56.16,58.0,5,528,0.31731,-0.57831,459,239.85
2020-03-16,2021-06-18,280.0,call,16.1,21.4,18.75,18.35,349,255,0.30755,0.39465,459,239.85
2020-03-16,2021-06-18,280.0,put,54.5,63.74,59.12,61.32,90,1732,0.31731,-0.59802,459,239.85
2020-03-16,2021-06-18,285.0,call,10.57,19.89,15.23,10.18,7,851,0.27829,0.34954,459,239.85
2020-03-16,2021-06-18,285.0,put,57.5,66.75,62.12,65.69,171,855,0.30755,-0.62496,459,239.85
2020-03-16,2021-06-18,290.0,call,12.81,18.12,15.46,16.0,203,2478,0.2978,0.34747,459,239.85
2020-03-16,2021-06-18,290.0,put,60.5,69.86,65.18,61.0,16,1306,0.2978,-0.65253,459,239.85
2020-03-16,2021-06-18,295.0,call,6.73,16.0,11.37,15.5,17,772,0.26853,0.29935,459,239.85
2020-03-16,2021-06-18,295.0,put,63.5,73.07,68.28,69.0,4,622,0.28804,-0.68064,459,239.85
2020-03-16,2021-06-18,300.0,call,8.05,14.88,11.46,10.0,170,1507,0.27829,0.29084,459,239.85
2020-03-16,2021-06-18,300.0,put,67.0,76.4,71.7,71.0,10,2097,0.28804,-0.699,459,239.85
2020-03-16,2021-06-18,305.0,call,3.52,13.0,8.26,12.07,2,3120,0.24902,0.23897,459,239.85
2020-03-16,2021-06-18,305.0,put,70.02,78.0,74.01,67.75,0,276,0.26853,-0.73793,459,239.85
2020-03-16,2021-06-18,310.0,call,4.5,11.48,7.99,7.22,48,1458,0.25877,0.23325,459,239.85
2020-03-16,2021-06-18,310.0,put,74.5,83.46,78.98,78.8,2,3812,0.27829,-0.74409,459,239.85
2020-03-16,2021-06-18,315.0,call,1.72,10.25,5.99,6.0,100,478,0.23926,0.19216,459,239.85
2020-03-16,2021-06-18,315.0,put,78.0,87.29,82.65,80.94,1,923,0.26853,-0.7716,459,239.85
2020-03-16,2021-06-18,320.0,call,2.25,8.72,5.49,5.0,41,821,0.23926,0.17653,459,239.85
2020-03-16,2021-06-18,320.0,put,82.0,91.12,86.56,86.6,48,1401,0.26853,-0.7871,459,239.85
2020-03-16,2021-06-18,325.0,call,3.0,7.31,5.15,4.25,51,1548,0.23926,0.16196,459,239.85
2020-03-16,2021-06-18,325.0,put,86.0,95.2,90.6,83.0,19,3655,0.25877,-0.81354,459,239.85
2020-03-16,2021-06-18,330.0,call,2.9,6.0,4.45,3.59,53,4237,0.23926,0.14839,459,239.85
2020-03-16,2021-06-18,330.0,put,90.5,99.44,94.97,97.0,382,2497,0.25877,-0.82732,459,239.85
2020-03-16,2021-06-18,335.0,call,2.35,5.16,3.75,3.19,14,2591,0.23926,0.1358,459,239.85
2020-03-16,2021-06-18,335.0,put,94.5,103.82,99.16,95.58,12,619,0.25877,-0.84024,459,239.85
2020-03-16,2021-06-18,340.0,call,1.9,3.83,2.87,1.95,436,1366,0.22951,0.11221,459,239.85
2020-03-16,2021-06-18,340.0,put,99.0,108.35,103.67,96.64,1,168,0.25877,-0.85233,459,239.85
2020-03-16,2021-06-18,345.0,call,1.35,3.44,2.4,2.0,6,298,0.21975,0.09025,459,239.85
2020-03-16,2021-06-18,345.0,put,103.5,113.04,108.27,98.67,0,16,0.25877,-0.86364,459,239.85
2020-03-16,2021-06-18,350.0,call,1.5,2.48,1.99,2.48,61,1412,0.21975,0.08111,459,239.85
2020-03-16,2021-06-18,350.0,put,108.5,117.84,113.17,106.45,0,39,0.25877,-0.87418,459,239.85
2020-03-16,2021-06-18,355.0,call,1.33,2.52,1.93,1.4,7,498,0.21975,0.07281,459,239.85
2020-03-16,2021-06-18,355.0,put,113.0,123.0,118.0,88.0,0,21,0.26853,-0.87309,459,239.85
2020-03-16,2021-06-18,360.0,call,1.0,2.19,1.59,1.47,17,1030,0.21975,0.06528,459,239.85
2020-03-16,2021-06-18,360.0,put,118.0,128.0,123.0,72.09,0,5,0.27829,-0.87185,459,239.85
2020-03-16,2021-06-18,365.0,call,0.83,1.99,1.41,0.99,1,0,0.21975,0.05845,459,239.85
2020-03-16,2021-06-18,365.0,put,122.5,132.2,127.35,93.42,0,21,0.26853,-0.89128,459,239.85
2020-03-16,2021-06-18,370.0,call,0.08,1.89,0.98,0.44,32,3022,0.21,0.04366,459,239.85
2020-03-16,2021-06-18,370.0,put,127.5,137.06,132.28,61.98,0,0,0.27829,-0.88933,459,239.85
2020-03-16,2021-06-18,375.0,call,0.27,1.0,0.64,1.0,255,2758,0.20024,0.03116,459,239.85
2020-03-16,2021-06-18,375.0,put,132.5,142.5,137.5,74.46,0,3,0.28804,-0.88731,459,239.85
2020-03-16,2021-06-18,380.0,call,0.9,1.75,1.32,0.9,107,2128,0.23926,0.05831,459,239.85
2020-03-16,2021-06-18,380.0,put,137.5,146.84,142.17,92.5,0,9,0.28804,-0.89496,459,239.85
2020-03-16,2021-06-18,385.0,call,0.32,1.2,0.76,2.8,110,2630,0.21975,0.03718,459,239.85
2020-03-16,2021-06-18,385.0,put,142.0,151.69,146.84,84.65,0,0,0.27829,-0.91154,459,239.85
2020-03-16,2021-06-18,390.0,call,0.1,1.2,0.65,0.64,5,2275,0.21975,0.03312,459,239.85
2020-03-16,2021-06-18,390.0,put,147.0,156.49,151.75,80.0,0,0,0.28804,-0.90886,459,239.85
2020-03-16,2021-06-18,395.0,call,0.1,1.49,0.8,0.7,0,0,0.22951,0.03613,459,239.85
2020-03-16,2021-06-18,395.0,put,152.0,161.4,156.7,0.0,0,0,0.28804,-0.91516,459,239.85
2020-03-16,2021-06-18,400.0,call,0.37,1.0,0.69,0.99,7,4912,0.22951,0.03242,459,239.85
2020-03-16,2021-06-18,400.0,put,157.0,166.46,161.73,98.5,0,4,0.2978,-0.91231,459,239.85
2020-03-16,2021-06-18,405.0,call,0.25,1.75,1.0,1.0,5,22,0.24902,0.04225,459,239.85
2020-03-16,2021-06-18,405.0,put,162.0,171.38,166.69,0.0,0,0,0.2978,-0.91809,459,239.85
2020-03-16,2021-09-17,120.0,call,120.0,129.21,124.61,0.0,0,0,0.44414,0.9394,550,239.85
2020-03-16,2021-09-17,120.0,put,3.44,7.46,5.45,6.0,1,403,0.4734,-0.06828,550,239.85
2020-03-16,2021-09-17,125.0,call,115.5,124.59,120.05,0.0,0,0,0.43438,0.93266,550,239.85
2020-03-16,2021-09-17,125.0,put,3.99,8.33,6.16,7.0,1,2,0.4734,-0.07802,550,239.85
2020-03-16,2021-09-17,130.0,call,111.0,120.18,115.59,0.0,0,0,0.42462,0.92547,550,239.85
2020-03-16,2021-09-17,130.0,put,4.6,9.29,6.94,4.08,1,13,0.46365,-0.08576,550,239.85
2020-03-16,2021-09-17,135.0,call,107.0,115.86,111.43,0.0,0,0,0.42462,0.91473,550,239.85
2020-03-16,2021-09-17,135.0,put,5.27,10.28,7.77,4.98,0,43,0.45389,-0.09394,550,239.85
2020-03-16,2021-09-17,140.0,call,102.5,111.56,107.03,0.0,0,0,0.41487,0.90645,550,239.85
2020-03-16,2021-09-17,140.0,put,5.98,11.34,8.66,6.25,0,303,0.45389,-0.10536,550,239.85
2020-03-16,2021-09-17,145.0,call,98.5,107.35,102.92,0.0,0,0,0.40511,0.89765,550,239.85
2020-03-16,2021-09-17,145.0,put,6.74,12.48,9.61,9.99,10,27,0.44414,-0.11456,550,239.85
2020-03-16,2021-09-17,150.0,call,94.0,103.21,98.6,0.0,0,0,0.40511,0.88495,550,239.85
2020-03-16,2021-09-17,150.0,put,9.0,13.66,11.33,9.0,27,7644,0.45389,-0.12971,550,239.85
2020-03-16,2021-09-17,155.0,call,90.0,99.07,94.53,105.36,0,1,0.39536,0.87493,550,239.85
2020-03-16,2021-09-17,155.0,put,8.46,14.91,11.69,7.9,0,31,0.43438,-0.13732,550,239.85
2020-03-16,2021-09-17,160.0,call,86.0,95.0,90.5,0.0,0,0,0.3856,0.86431,550,239.85
2020-03-16,2021-09-17,160.0,put,9.53,14.9,12.21,12.25,1,57,0.42462,-0.14812,550,239.85
2020-03-16,2021-09-17,165.0,call,82.0,91.02,86.51,0.0,0,0,0.3856,0.84964,550,239.85
2020-03-16,2021-09-17,165.0,put,10.52,17.34,13.93,13.3,2,22,0.42462,-0.16219,550,239.85
2020-03-16,2021-09-17,170.0,call,78.5,87.11,82.81,0.0,0,0,0.3856,0.83443,550,239.85
2020-03-16,2021-09-17,170.0,put,11.58,18.57,15.07,14.5,2,65,0.41487,-0.17414,550,239.85
2020-03-16,2021-09-17,175.0,call,74.5,83.29,78.9,0.0,0,0,0.37584,0.82176,550,239.85
2020-03-16,2021-09-17,175.0,put,12.74,19.88,16.31,13.99,6,126,0.41487,-0.18915,550,239.85
2020-03-16,2021-09-17,180.0,call,71.0,79.62,75.31,143.34,0,1,0.37584,0.80539,550,239.85
2020-03-16,2021-09-17,180.0,put,13.9,21.27,17.59,14.15,0,93,0.40511,-0.20229,550,239.85
2020-03-16,2021-09-17,185.0,call,67.5,75.97,71.73,0.0,0,0,0.36609,0.79128,550,239.85
2020-03-16,2021-09-17,185.0,put,15.18,22.73,18.95,16.0,8,32,0.39536,-0.2161,550,239.85
2020-03-16,2021-09-17,190.0,call,63.5,72.4,67.95,100.32,0,0,0.35633,0.77636,550,239.85
2020-03-16,2021-09-17,190.0,put,16.47,24.27,20.37,19.8,1,3570,0.39536,-0.23254,550,239.85
2020-03-16,2021-09-17,195.0,call,60.0,68.93,64.47,0.0,0,0,0.35633,0.75822,550,239.85
2020-03-16,2021-09-17,195.0,put,17.9,25.89,21.89,16.78,0,13,0.3856,-0.24763,550,239.85
2020-03-16,2021-09-17,200.0,call,57.0,65.54,61.27,72.9,0,8,0.35633,0.73979,550,239.85
2020-03-16,2021-09-17,200.0,put,19.5,27.59,23.55,20.3,33,605,0.3856,-0.26484,550,239.85
2020-03-16,2021-09-17,205.0,call,53.5,62.24,57.87,108.46,0,3,0.34658,0.72261,550,239.85
2020-03-16,2021-09-17,205.0,put,21.03,29.37,25.2,26.47,20,374,0.37584,-0.28124,550,239.85
2020-03-16,2021-09-17,210.0,call,50.5,59.03,54.77,112.13,0,4,0.34658,0.70332,550,239.85
2020-03-16,2021-09-17,210.0,put,23.0,31.24,27.12,26.0,53,476,0.37584,-0.29912,550,239.85
2020-03-16,2021-09-17,215.0,call,47.0,55.91,51.45,50.2,2,4,0.33682,0.68452,550,239.85
2020-03-16,2021-09-17,215.0,put,25.0,33.18,29.09,26.0,5,91,0.36609,-0.31687,550,239.85
2020-03-16,2021-09-17,220.0,call,44.0,52.87,48.44,0.0,0,0,0.33682,0.6645,550,239.85
2020-03-16,2021-09-17,220.0,put,27.0,35.22,31.11,27.0,5,1208,0.36609,-0.33531,550,239.85
2020-03-16,2021-09-17,225.0,call,41.0,49.93,45.47,46.5,3,0,0.32707,0.64405,550,239.85
2020-03-16,2021-09-17,225.0,put,29.0,37.34,33.17,32.02,129,37,0.35633,-0.35441,550,239.85
2020-03-16,2021-09-17,230.0,call,38.0,47.08,42.54,46.91,2,34,0.32707,0.62346,550,239.85
2020-03-16,2021-09-17,230.0,put,31.0,39.55,35.27,23.9,0,135,0.35633,-0.37328,550,239.85
2020-03-16,2021-09-17,235.0,call,35.0,44.31,39.66,39.25,90,0,0.31731,0.60136,550,239.85
2020-03-16,2021-09-17,235.0,put,33.0,41.84,37.42,35.38,3,40,0.34658,-0.39374,550,239.85
2020-03-16,2021-09-17,240.0,call,32.5,41.64,37.07,40.05,8,5,0.31731,0.58036,550,239.85
2020-03-16,2021-09-17,240.0,put,35.5,44.2,39.85,38.0,5,153,0.34658,-0.4129,550,239.85
2020-03-16,2021-09-17,245.0,call,29.5,39.06,34.28,33.0,1,1,0.30755,0.55665,550,239.85
2020-03-16,2021-09-17,245.0,put,37.5,46.54,42.02,40.32,7,50,0.33682,-0.43468,550,239.85
2020-03-16,2021-09-17,250.0,call,27.0,36.58,31.79,31.73,13,35,0.30755,0.53544,550,239.85
2020-03-16,2021-09-17,250.0,put,40.0,48.97,44.48,40.79,20,217,0.33682,-0.45399,550,239.85
2020-03-16,2021-09-17,255.0,call,24.5,34.0,29.25,30.71,3,18,0.2978,0.51019,550,239.85
2020-03-16,2021-09-17,255.0,put,42.5,51.48,46.99,39.0,0,124,0.32707,-0.47705,550,239.85
2020-03-16,2021-09-17,260.0,call,21.86,31.5,26.68,27.2,8,22,0.28804,0.48377,550,239.85
2020-03-16,2021-09-17,260.0,put,45.0,54.08,49.54,50.47,35,481,0.32707,-0.49633,550,239.85
2020-03-16,2021-09-17,265.0,call,19.56,29.47,24.52,25.11,12,0,0.28804,0.46233,550,239.85
2020-03-16,2021-09-17,265.0,put,47.5,56.76,52.13,47.32,1,750,0.31731,-0.52057,550,239.85
2020-03-16,2021-09-17,270.0,call,17.35,27.0,22.18,25.7,2,15,0.27829,0.43455,550,239.85
2020-03-16,2021-09-17,270.0,put,50.0,58.0,54.0,52.5,16,8738,0.30755,-0.54573,550,239.85
2020-03-16,2021-09-17,275.0,call,15.23,25.0,20.12,24.4,1,24,0.27829,0.41352,550,239.85
2020-03-16,2021-09-17,275.0,put,53.0,62.39,57.7,40.93,0,791,0.30755,-0.56494,550,239.85
2020-03-16,2021-09-17,280.0,call,13.21,22.5,17.86,15.49,9,1310,0.26853,0.38465,550,239.85
2020-03-16,2021-09-17,280.0,put,56.0,65.35,60.67,58.41,3,227,0.2978,-0.59108,550,239.85
2020-03-16,2021-09-17,285.0,call,11.22,20.5,15.86,17.0,11,22,0.25877,0.35484,550,239.85
2020-03-16,2021-09-17,285.0,put,59.0,68.4,63.7,61.0,2,276,0.2978,-0.60977,550,239.85
2020-03-16,2021-09-17,290.0,call,9.39,19.0,14.2,13.01,5,169,0.25877,0.33468,550,239.85
2020-03-16,2021-09-17,290.0,put,62.0,71.55,66.78,60.85,4,125,0.28804,-0.63666,550,239.85
2020-03-16,2021-09-17,295.0,call,7.67,17.0,12.34,15.3,1,54,0.24902,0.30436,550,239.85
2020-03-16,2021-09-17,295.0,put,65.5,74.8,70.15,67.92,11,410,0.28804,-0.65464,550,239.85
2020-03-16,2021-09-17,300.0,call,8.11,16.0,12.05,11.85,4,233,0.25877,0.29676,550,239.85
2020-03-16,2021-09-17,300.0,put,68.29,74.0,71.15,74.0,55,391,0.25877,-0.70324,550,239.85
2020-03-16,2021-09-17,305.0,call,7.82,14.52,11.17,13.75,1,1990,0.25877,0.27901,550,239.85
2020-03-16,2021-09-17,305.0,put,72.0,81.64,76.82,56.69,0,297,0.27829,-0.69903,550,239.85
2020-03-16,2021-09-17,310.0,call,7.0,12.6,9.8,10.0,5,1088,0.24902,0.25011,550,239.85
2020-03-16,2021-09-17,310.0,put,76.0,85.22,80.61,80.0,9,421,0.26853,-0.72644,550,239.85
2020-03-16,2021-09-17,315.0,call,6.09,11.54,8.81,9.5,0,466,0.24902,0.23377,550,239.85
2020-03-16,2021-09-17,315.0,put,79.5,88.95,84.22,73.0,9,290,0.26853,-0.74235,550,239.85
2020-03-16,2021-09-17,320.0,call,1.6,8.95,5.27,7.0,13,93,0.21975,0.1788,550,239.85
2020-03-16,2021-09-17,320.0,put,83.5,92.8,88.15,86.0,12,588,0.25877,-0.76942,550,239.85
2020-03-16,2021-09-17,325.0,call,1.26,8.76,5.01,9.5,0,1398,0.21975,0.16418,550,239.85
2020-03-16,2021-09-17,325.0,put,87.5,96.81,92.16,89.64,3,247,0.25877,-0.78399,550,239.85
2020-03-16,2021-09-17,330.0,call,2.55,7.65,5.1,2.75,4,229,0.22951,0.16395,550,239.85
2020-03-16,2021-09-17,330.0,put,91.5,100.95,96.22,84.5,13,97,0.25877,-0.7978,550,239.85
2020-03-16,2021-09-17,335.0,call,0.44,6.52,3.48,4.15,11,966,0.21,0.12453,550,239.85
2020-03-16,2021-09-17,335.0,put,96.0,105.24,100.62,88.23,0,1237,0.25877,-0.81088,550,239.85
2020-03-16,2021-09-17,340.0,call,2.79,5.51,4.15,3.05,3,203,0.22951,0.13911,550,239.85
2020-03-16,2021-09-17,340.0,put,100.5,109.64,105.07,95.12,0,16,0.25877,-0.82324,550,239.85
2020-03-16,2021-09-17,345.0,call,0.12,4.68,2.4,2.7,2,394,0.20024,0.09,550,239.85
2020-03-16,2021-09-17,345.0,put,105.0,114.38,109.69,82.4,0,158,0.25877,-0.83491,550,239.85
2020-03-16,2021-09-17,350.0,call,0.8,4.01,2.4,2.68,5,718,0.21,0.09299,550,239.85
2020-03-16,2021-09-17,350.0,put,109.5,118.88,114.19,104.99,0,37,0.25877,-0.84591,550,239.85
2020-03-16,2021-09-17,355.0,call,0.5,3.37,1.94,1.68,0,0,0.21,0.08416,550,239.85
2020-03-16,2021-09-17,355.0,put,114.0,123.52,118.76,90.58,0,2,0.25877,-0.85626,550,239.85
2020-03-16,2021-09-17,360.0,call,0.34,3.02,1.68,0.0,0,265,0.20024,0.06503,550,239.85
2020-03-16,2021-09-17,360.0,put,119.0,128.24,123.62,93.43,0,2,0.25877,-0.86601,550,239.85
2020-03-16,2021-09-17,365.0,call,0.48,2.12,1.3,1.3,1,236,0.20024,0.05821,550,239.85
2020-03-16,2021-09-17,365.0,put,123.5,133.11,128.31,0.0,0,0,0.26853,-0.8638,550,239.85
2020-03-16,2021-09-17,370.0,call,0.5,2.25,1.38,0.72,115,1334,0.21,0.06201,550,239.85
2020-03-16,2021-09-17,370.0,put,128.5,137.95,133.22,0.0,0,0,0.26853,-0.87261,550,239.85
2020-03-16,2021-09-17,375.0,call,0.01,2.18,1.09,0.6,5,0,0.20024,0.04648,550,239.85
2020-03-16,2021-09-17,375.0,put,133.0,142.74,137.87,0.0,0,0,0.26853,-0.88091,550,239.85
2020-03-16,2021-09-17,380.0,put,138.0,147.59,142.8,58.43,0,1,0.27829,-0.87803,550,239.85
2020-03-16,2021-09-17,385.0,put,143.0,152.33,147.67,0.0,0,0,0.27829,-0.8856,550,239.85
2020-03-16,2021-09-17,390.0,call,0.01,1.92,0.96,2.52,0,0,0.21,0.04072,550,239.85
2020-03-16,2021-09-17,390.0,put,148.0,157.2,152.6,90.51,0,0,0.27829,-0.89274,550,239.85
2020-03-16,2021-09-17,395.0,call,0.22,1.1,0.66,0.75,17,881,0.20024,0.02929,550,239.85
2020-03-16,2021-09-17,395.0,put,152.5,162.19,157.34,0.0,0,0,0.28804,-0.88942,550,239.85
2020-03-16,2021-09-17,400.0,call,0.48,0.99,0.73,0.59,1,102,0.21,0.03284,550,239.85
2020-03-16,2021-09-17,400.0,put,157.5,166.98,162.24,75.91,0,1,0.28804,-0.89599,550,239.85
2020-03-16,2021-09-17,405.0,call,0.4,1.88,1.14,0.86,0,0,0.22951,0.04407,550,239.85
2020-03-16,2021-09-17,405.0,put,162.5,172.02,167.26,0.0,0,0,0.28804,-0.9022,550,239.85
2020-03-16,2021-09-17,410.0,call,0.01,1.9,0.95,0.5,0,8,0.22951,0.04016,550,239.85
2020-03-16,2021-09-17,410.0,put,167.5,176.77,172.13,0.0,0,0,0.2978,-0.89859,550,239.85
2020-03-16,2021-09-17,415.0,call,0.05,1.92,0.98,0.05,0,23,0.22951,0.03658,550,239.85
2020-03-16,2021-09-17,415.0,put,172.5,181.84,177.17,0.0,0,0,0.2978,-0.90435,550,239.85
2020-03-16,2021-12-17,25.0,call,213.5,223.4,218.45,304.0,0,1,1.20509,0.98669,641,239.85
2020-03-16,2021-12-17,25.0,put,0.29,0.36,0.32,0.4,72,4150,0.76608,-0.00308,641,239.85
2020-03-16,2021-12-17,30.0,call,208.5,218.4,213.45,0.0,0,0,1.09778,0.98459,641,239.85
2020-03-16,2021-12-17,30.0,put,0.15,0.6,0.38,0.31,18,44,0.7173,-0.00383,641,239.85
2020-03-16,2021-12-17,35.0,call,203.5,213.4,208.45,303.0,0,0,1.00998,0.98259,641,239.85
2020-03-16,2021-12-17,35.0,put,0.15,1.41,0.78,0.11,0,24,0.74657,-0.00725,641,239.85
2020-03-16,2021-12-17,40.0,call,198.5,208.4,203.45,216.91,0,1,0.93193,0.98084,641,239.85
2020-03-16,2021-12-17,40.0,put,0.5,0.7,0.6,0.5,13,4320,0.65876,-0.00633,641,239.85
2020-03-16,2021-12-17,45.0,call,193.5,203.4,198.45,0.0,0,0,0.86364,0.97923,641,239.85
2020-03-16,2021-12-17,45.0,put,0.2,1.15,0.67,0.25,0,68,0.6295,-0.00759,641,239.85
2020-03-16,2021-12-17,50.0,call,188.5,198.4,193.45,0.0,0,0,0.81486,0.97703,641,239.85
2020-03-16,2021-12-17,50.0,put,0.58,0.7,0.64,0.7,2,621,0.59047,-0.00818,641,239.85
2020-03-16,2021-12-17,55.0,call,183.5,193.4,188.45,0.0,0,0,0.76608,0.97515,641,239.85
2020-03-16,2021-12-17,55.0,put,0.22,1.9,1.06,0.16,0,117,0.60023,-0.01208,641,239.85
2020-03-16,2021-12-17,60.0,call,178.5,188.4,183.45,0.0,0,0,0.7173,0.97367,641,239.85
2020-03-16,2021-12-17,60.0,put,0.23,1.5,0.86,0.5,0,167,0.54169,-0.01086,641,239.85
2020-03-16,2021-12-17,65.0,call,173.5,183.4,178.45,0.0,0,0,0.67828,0.97173,641,239.85
2020-03-16,2021-12-17,65.0,put,0.25,2.26,1.25,0.2,0,68,0.55145,-0.01546,641,239.85
2020-03-16,2021-12-17,70.0,call,168.5,178.4,173.45,0.0,0,0,0.63925,0.97012,641,239.85
2020-03-16,2021-12-17,70.0,put,0.27,2.48,1.38,1.0,5,601,0.53194,-0.01761,641,239.85
2020-03-16,2021-12-17,75.0,call,163.5,173.4,168.45,0.0,0,0,0.60023,0.96889,641,239.85
2020-03-16,2021-12-17,75.0,put,0.53,1.98,1.25,1.31,3,358,0.49292,-0.0173,641,239.85
2020-03-16,2021-12-17,80.0,call,158.5,168.4,163.45,216.02,0,0,0.57096,0.96677,641,239.85
2020-03-16,2021-12-17,80.0,put,0.82,2.7,1.76,1.9,21,212,0.50267,-0.02341,641,239.85
2020-03-16,2021-12-17,85.0,call,153.5,163.4,158.45,236.05,0,1,0.54169,0.96486,641,239.85
2020-03-16,2021-12-17,85.0,put,1.15,3.37,2.26,2.0,10,40,0.50267,-0.02892,641,239.85
2020-03-16,2021-12-17,90.0,call,148.5,158.4,153.45,0.0,0,0,0.51243,0.96323,641,239.85
2020-03-16,2021-12-17,90.0,put,1.5,3.46,2.48,2.48,25,160,0.48316,-0.03159,641,239.85
2020-03-16,2021-12-17,95.0,call,143.5,153.4,148.45,0.0,0,0,0.49292,0.96004,641,239.85
2020-03-16,2021-12-17,95.0,put,1.68,3.87,2.77,2.56,11,86,0.4734,-0.03617,641,239.85
2020-03-16,2021-12-17,100.0,call,138.5,148.4,143.45,0.0,0,0,0.46365,0.95891,641,239.85
2020-03-16,2021-12-17,100.0,put,3.2,3.99,3.6,3.6,7,1634,0.48316,-0.0452,641,239.85
2020-03-16,2021-12-17,105.0,call,134.0,143.4,138.7,175.01,0,0,0.45389,0.95365,641,239.85
2020-03-16,2021-12-17,105.0,put,2.38,4.4,3.39,4.0,11,555,0.45389,-0.04635,641,239.85
2020-03-16,2021-12-17,110.0,call,129.0,138.4,133.7,0.0,0,0,0.42462,0.95298,641,239.85
2020-03-16,2021-12-17,110.0,put,2.81,5.67,4.24,2.57,0,3069,0.45389,-0.05435,641,239.85
2020-03-16,2021-12-17,115.0,call,124.5,133.48,128.99,0.0,0,0,0.41487,0.94737,641,239.85
2020-03-16,2021-12-17,115.0,put,3.36,7.22,5.29,3.7,0,89,0.45389,-0.06299,641,239.85
2020-03-16,2021-12-17,120.0,call,120.0,128.88,124.44,0.0,0,0,0.40511,0.94139,641,239.85
2020-03-16,2021-12-17,120.0,put,3.9,8.06,5.98,5.1,20,290,0.45389,-0.07223,641,239.85
2020-03-16,2021-12-17,125.0,call,115.5,124.37,119.94,171.04,0,0,0.39536,0.93501,641,239.85
2020-03-16,2021-12-17,125.0,put,4.49,8.97,6.73,6.2,12,158,0.44414,-0.07942,641,239.85
2020-03-16,2021-12-17,130.0,call,111.0,120.09,115.55,191.05,0,4,0.39536,0.92498,641,239.85
2020-03-16,2021-12-17,130.0,put,5.03,8.0,6.52,7.6,6,312,0.42462,-0.08416,641,239.85
2020-03-16,2021-12-17,135.0,call,107.0,115.66,111.33,0.0,0,0,0.3856,0.91756,641,239.85
2020-03-16,2021-12-17,135.0,put,5.84,10.0,7.92,8.18,10,292,0.42462,-0.09501,641,239.85
2020-03-16,2021-12-17,140.0,call,102.5,111.35,106.92,181.05,0,2,0.37584,0.90968,641,239.85
2020-03-16,2021-12-17,140.0,put,6.57,10.0,8.29,7.74,35,2436,0.41487,-0.10345,641,239.85
2020-03-16,2021-12-17,145.0,call,98.5,107.14,102.82,175.63,0,0,0.37584,0.89766,641,239.85
2020-03-16,2021-12-17,145.0,put,7.29,13.39,10.34,10.25,4,325,0.42462,-0.1183,641,239.85
2020-03-16,2021-12-17,150.0,call,94.0,103.02,98.51,114.0,0,25,0.36609,0.8886,641,239.85
2020-03-16,2021-12-17,150.0,put,8.24,14.51,11.38,10.9,75,6181,0.42462,-0.13066,641,239.85
2020-03-16,2021-12-17,155.0,call,90.0,98.97,94.48,165.3,0,5,0.36609,0.87524,641,239.85
2020-03-16,2021-12-17,155.0,put,9.05,15.89,12.47,10.36,5,1061,0.41487,-0.14074,641,239.85
2020-03-16,2021-12-17,160.0,call,86.5,95.0,90.75,169.35,0,18,0.36609,0.86128,641,239.85
2020-03-16,2021-12-17,160.0,put,10.12,17.17,13.64,12.5,132,11941,0.41487,-0.15404,641,239.85
2020-03-16,2021-12-17,165.0,call,82.5,91.1,86.8,155.58,0,0,0.35633,0.85026,641,239.85
2020-03-16,2021-12-17,165.0,put,11.17,18.55,14.86,12.87,1,173,0.40511,-0.16518,641,239.85
2020-03-16,2021-12-17,170.0,call,78.5,87.35,82.92,113.8,0,355,0.35633,0.83506,641,239.85
2020-03-16,2021-12-17,170.0,put,13.0,17.0,15.0,14.6,22,1042,0.3856,-0.1742,641,239.85
2020-03-16,2021-12-17,175.0,call,75.0,83.6,79.3,115.0,0,3,0.34658,0.82266,641,239.85
2020-03-16,2021-12-17,175.0,put,13.42,21.52,17.47,16.72,17,1303,0.39536,-0.1916,641,239.85
2020-03-16,2021-12-17,180.0,call,71.0,79.91,75.45,82.0,2,14,0.34658,0.80626,641,239.85
2020-03-16,2021-12-17,180.0,put,15.0,20.0,17.5,17.19,2,1176,0.37584,-0.20209,641,239.85
2020-03-16,2021-12-17,185.0,call,67.5,76.32,71.91,119.84,0,16,0.33682,0.79239,641,239.85
2020-03-16,2021-12-17,185.0,put,16.0,24.66,20.33,19.16,2567,10336,0.3856,-0.21999,641,239.85
2020-03-16,2021-12-17,190.0,call,64.0,72.84,68.42,74.54,0,24,0.33682,0.77487,641,239.85
2020-03-16,2021-12-17,190.0,put,20.0,26.16,23.08,19.5,124,2942,0.39536,-0.23729,641,239.85
2020-03-16,2021-12-17,195.0,call,60.5,69.41,64.95,74.37,0,35,0.33682,0.75704,641,239.85
2020-03-16,2021-12-17,195.0,put,19.0,27.74,23.37,22.0,42,2560,0.37584,-0.25032,641,239.85
2020-03-16,2021-12-17,200.0,call,57.5,66.06,61.78,59.66,1,116,0.32707,0.74088,641,239.85
2020-03-16,2021-12-17,200.0,put,22.0,26.0,24.0,24.0,1251,4449,0.35633,-0.26429,641,239.85
2020-03-16,2021-12-17,205.0,call,54.0,62.8,58.4,65.05,1,30,0.32707,0.7221,641,239.85
2020-03-16,2021-12-17,205.0,put,22.5,31.13,26.81,28.5,134,595,0.36609,-0.28256,641,239.85
2020-03-16,2021-12-17,210.0,call,51.0,59.62,55.31,54.0,1,33,0.32707,0.70315,641,239.85
2020-03-16,2021-12-17,210.0,put,24.5,32.95,28.73,26.35,229,1913,0.35633,-0.29915,641,239.85
2020-03-16,2021-12-17,215.0,call,47.5,56.52,52.01,56.68,0,39,0.31731,0.68467,641,239.85
2020-03-16,2021-12-17,215.0,put,26.5,34.84,30.67,28.04,129,8381,0.35633,-0.31667,641,239.85
2020-03-16,2021-12-17,220.0,call,44.5,53.5,49.0,75.0,0,99,0.31731,0.66499,641,239.85
2020-03-16,2021-12-17,220.0,put,28.0,36.8,32.4,31.0,399,3181,0.34658,-0.33458,641,239.85
2020-03-16,2021-12-17,225.0,call,41.5,50.57,46.03,67.69,0,46,0.30755,0.64482,641,239.85
2020-03-16,2021-12-17,225.0,put,31.0,38.86,34.93,31.0,2139,1495,0.34658,-0.35258,641,239.85
2020-03-16,2021-12-17,230.0,call,38.5,47.72,43.11,45.18,2,398,0.30755,0.62455,641,239.85
2020-03-16,2021-12-17,230.0,put,32.5,41.0,36.75,36.37,216,1571,0.33682,-0.37185,641,239.85
2020-03-16,2021-12-17,235.0,call,35.5,44.96,40.23,42.12,17,37,0.2978,0.60265,641,239.85
2020-03-16,2021-12-17,235.0,put,34.5,43.22,38.86,39.72,211,1240,0.33682,-0.39021,641,239.85
2020-03-16,2021-12-17,240.0,call,33.0,42.28,37.64,37.3,86,129,0.2978,0.58194,641,239.85
2020-03-16,2021-12-17,240.0,put,35.61,43.0,39.3,41.0,293,1800,0.31731,-0.41325,641,239.85
2020-03-16,2021-12-17,245.0,call,32.0,39.69,35.84,41.73,0,603,0.2978,0.56144,641,239.85
2020-03-16,2021-12-17,245.0,put,39.0,47.9,43.45,39.68,200,1038,0.32707,-0.42943,641,239.85
2020-03-16,2021-12-17,250.0,call,27.5,37.18,32.34,35.94,28,754,0.28804,0.53736,641,239.85
2020-03-16,2021-12-17,250.0,put,41.5,50.0,45.75,48.0,908,9566,0.31731,-0.4514,641,239.85
2020-03-16,2021-12-17,255.0,call,25.69,34.76,30.23,32.31,47,1721,0.28804,0.51671,641,239.85
2020-03-16,2021-12-17,255.0,put,44.0,52.93,48.47,46.0,1,2506,0.31731,-0.47009,641,239.85
2020-03-16,2021-12-17,260.0,call,22.52,32.42,27.47,28.19,3,663,0.27829,0.49105,641,239.85
2020-03-16,2021-12-17,260.0,put,46.5,55.57,51.03,49.09,12,12617,0.30755,-0.49336,641,239.85
2020-03-16,2021-12-17,265.0,call,20.27,30.0,25.13,27.95,51,312,0.26853,0.46416,641,239.85
2020-03-16,2021-12-17,265.0,put,49.0,58.29,53.64,53.67,11,732,0.30755,-0.51201,641,239.85
2020-03-16,2021-12-17,270.0,call,18.1,28.0,23.05,22.95,21,3600,0.26853,0.44335,641,239.85
2020-03-16,2021-12-17,270.0,put,52.0,61.1,56.55,51.25,334,2085,0.30755,-0.53028,641,239.85
2020-03-16,2021-12-17,275.0,call,16.03,25.5,20.77,23.0,3612,769,0.25877,0.41507,641,239.85
2020-03-16,2021-12-17,275.0,put,54.11,61.5,57.8,58.62,60,719,0.28804,-0.56195,641,239.85
2020-03-16,2021-12-17,276.0,call,15.62,25.5,20.56,17.0,5,180,0.25877,0.41095,641,239.85
2020-03-16,2021-12-17,276.0,put,55.5,64.59,60.05,20.57,0,335,0.2978,-0.55855,641,239.85
2020-03-16,2021-12-17,277.0,call,15.22,25.0,20.11,33.29,0,174,0.25877,0.40685,641,239.85
2020-03-16,2021-12-17,277.0,put,56.0,65.18,60.59,55.1,0,58,0.2978,-0.56216,641,239.85
2020-03-16,2021-12-17,278.0,call,14.82,24.5,19.66,23.93,0,1063,0.25877,0.40278,641,239.85
2020-03-16,2021-12-17,278.0,put,56.5,65.78,61.14,56.0,0,455,0.2978,-0.56576,641,239.85
2020-03-16,2021-12-17,279.0,call,14.43,24.0,19.21,28.17,0,93,0.25877,0.39873,641,239.85
2020-03-16,2021-12-17,279.0,put,57.0,66.38,61.69,55.0,0,142,0.2978,-0.56933,641,239.85
2020-03-16,2021-12-17,280.0,call,18.0,23.95,20.98,19.29,151,2808,0.27829,0.41162,641,239.85
2020-03-16,2021-12-17,280.0,put,58.0,66.98,62.49,64.0,39,5782,0.2978,-0.57289,641,239.85
2020-03-16,2021-12-17,281.0,call,13.65,23.5,18.57,29.0,0,115,0.25877,0.39071,641,239.85
2020-03-16,2021-12-17,281.0,put,58.5,67.59,63.05,59.48,1,43,0.2978,-0.57643,641,239.85
2020-03-16,2021-12-17,282.0,call,13.27,23.0,18.13,23.0,1,367,0.25877,0.38674,641,239.85
2020-03-16,2021-12-17,282.0,put,59.0,68.2,63.6,53.52,0,19,0.28804,-0.58775,641,239.85
2020-03-16,2021-12-17,283.0,call,12.89,22.5,17.7,20.7,1,281,0.24902,0.37334,641,239.85
2020-03-16,2021-12-17,283.0,put,59.5,68.82,64.16,26.1,0,33,0.28804,-0.59136,641,239.85
2020-03-16,2021-12-17,284.0,call,12.52,22.0,17.26,28.42,0,69,0.24902,0.3693,641,239.85
2020-03-16,2021-12-17,284.0,put,60.0,69.44,64.72,44.2,0,205,0.28804,-0.59494,641,239.85
2020-03-16,2021-12-17,285.0,call,12.1,21.5,16.8,19.74,7,816,0.24902,0.36529,641,239.85
2020-03-16,2021-12-17,285.0,put,61.0,70.06,65.53,65.0,17,1782,0.28804,-0.59851,641,239.85
2020-03-16,2021-12-17,286.0,call,11.73,21.5,16.62,21.06,0,67,0.24902,0.36131,641,239.85
2020-03-16,2021-12-17,286.0,put,61.5,70.69,66.09,62.32,1,27,0.28804,-0.60205,641,239.85
2020-03-16,2021-12-17,287.0,call,11.37,21.0,16.18,15.47,10,394,0.24902,0.35735,641,239.85
2020-03-16,2021-12-17,287.0,put,62.0,71.32,66.66,62.61,0,136,0.28804,-0.60558,641,239.85
2020-03-16,2021-12-17,288.0,call,11.01,20.5,15.75,15.02,10,727,0.24902,0.35343,641,239.85
2020-03-16,2021-12-17,288.0,put,62.5,71.95,67.22,24.76,0,15,0.28804,-0.60908,641,239.85
2020-03-16,2021-12-17,289.0,call,10.66,20.0,15.33,35.69,0,400,0.24902,0.34953,641,239.85
2020-03-16,2021-12-17,289.0,put,63.5,72.59,68.05,58.45,0,93,0.28804,-0.61256,641,239.85
2020-03-16,2021-12-17,290.0,call,14.0,20.24,17.12,17.25,7,3187,0.25877,0.35592,641,239.85
2020-03-16,2021-12-17,290.0,put,64.0,73.23,68.62,66.0,31,6559,0.28804,-0.61602,641,239.85
2020-03-16,2021-12-17,291.0,call,9.96,19.5,14.73,23.95,0,420,0.24902,0.34183,641,239.85
2020-03-16,2021-12-17,291.0,put,64.5,73.88,69.19,66.5,5,182,0.28804,-0.61946,641,239.85
2020-03-16,2021-12-17,292.0,call,9.61,19.0,14.3,27.09,0,1264,0.23926,0.32704,641,239.85
2020-03-16,2021-12-17,292.0,put,65.5,74.53,70.02,45.08,0,64,0.28804,-0.62288,641,239.85
2020-03-16,2021-12-17,293.0,call,9.27,19.0,14.13,14.5,0,158,0.23926,0.32316,641,239.85
2020-03-16,2021-12-17,293.0,put,66.0,75.18,70.59,64.0,4,286,0.27829,-0.6355,641,239.85
2020-03-16,2021-12-17,294.0,call,8.94,18.5,13.72,23.0,0,247,0.23926,0.31931,641,239.85
2020-03-16,2021-12-17,294.0,put,66.5,75.84,71.17,71.79,1,139,0.27829,-0.63896,641,239.85
2020-03-16,2021-12-17,295.0,call,11.0,18.54,14.77,13.29,0,1100,0.24902,0.32677,641,239.85
2020-03-16,2021-12-17,295.0,put,67.5,76.5,72.0,72.72,21,917,0.27829,-0.64241,641,239.85
2020-03-16,2021-12-17,296.0,call,8.28,18.0,13.14,14.85,0,1463,0.23926,0.31171,641,239.85
2020-03-16,2021-12-17,296.0,put,68.0,77.17,72.59,50.71,0,213,0.27829,-0.64583,641,239.85
2020-03-16,2021-12-17,297.0,call,7.95,17.5,12.72,15.32,0,82,0.23926,0.30795,641,239.85
2020-03-16,2021-12-17,297.0,put,67.97,75.0,71.48,46.5,0,125,0.26853,-0.65921,641,239.85
2020-03-16,2021-12-17,298.0,call,7.64,17.0,12.32,15.31,0,476,0.23926,0.30424,641,239.85
2020-03-16,2021-12-17,298.0,put,69.5,78.51,74.0,49.51,0,40,0.27829,-0.65259,641,239.85
2020-03-16,2021-12-17,299.0,call,7.32,17.0,12.16,18.82,0,211,0.23926,0.30055,641,239.85
2020-03-16,2021-12-17,299.0,put,70.0,79.19,74.59,68.03,0,176,0.27829,-0.65594,641,239.85
2020-03-16,2021-12-17,300.0,call,10.0,12.0,11.0,13.0,100,5137,0.22951,0.2846,641,239.85
2020-03-16,2021-12-17,300.0,put,70.5,79.87,75.19,76.38,142,3678,0.27829,-0.65927,641,239.85
2020-03-16,2021-12-17,301.0,call,6.7,16.5,11.6,14.74,0,381,0.23926,0.29327,641,239.85
2020-03-16,2021-12-17,301.0,put,71.5,80.56,76.03,69.04,0,21,0.27829,-0.66257,641,239.85
2020-03-16,2021-12-17,302.0,call,6.4,16.0,11.2,13.33,0,102,0.22951,0.27724,641,239.85
2020-03-16,2021-12-17,302.0,put,72.0,81.25,76.62,52.44,0,16,0.27829,-0.66585,641,239.85
2020-03-16,2021-12-17,303.0,call,6.1,15.5,10.8,18.44,0,240,0.22951,0.27361,641,239.85
2020-03-16,2021-12-17,303.0,put,73.0,81.95,77.47,21.75,0,12,0.27829,-0.66911,641,239.85
2020-03-16,2021-12-17,304.0,call,5.81,15.5,10.65,13.99,0,261,0.22951,0.27001,641,239.85
2020-03-16,2021-12-17,304.0,put,73.5,82.65,78.08,36.0,0,130,0.27829,-0.67234,641,239.85
2020-03-16,2021-12-17,305.0,call,8.85,15.46,12.16,11.65,0,1579,0.24902,0.2912,641,239.85
2020-03-16,2021-12-17,305.0,put,74.0,83.35,78.67,75.06,2,466,0.26853,-0.68616,641,239.85
2020-03-16,2021-12-17,306.0,call,5.24,15.0,10.12,11.35,3,618,0.22951,0.26293,641,239.85
2020-03-16,2021-12-17,306.0,put,75.0,84.06,79.53,44.0,0,12,0.26853,-0.68942,641,239.85
2020-03-16,2021-12-17,307.0,call,5.0,14.5,9.75,18.73,0,1286,0.22951,0.25944,641,239.85
2020-03-16,2021-12-17,307.0,put,75.5,84.77,80.13,55.85,0,139,0.26853,-0.69265,641,239.85
2020-03-16,2021-12-17,308.0,call,4.68,14.5,9.59,11.47,0,45,0.22951,0.25599,641,239.85
2020-03-16,2021-12-17,308.0,put,76.5,85.49,81.0,53.67,0,28,0.26853,-0.69585,641,239.85
2020-03-16,2021-12-17,309.0,call,4.4,14.0,9.2,13.73,1,89,0.22951,0.25257,641,239.85
2020-03-16,2021-12-17,309.0,put,77.0,86.21,81.6,39.56,0,184,0.26853,-0.69903,641,239.85
2020-03-16,2021-12-17,310.0,call,5.0,14.0,9.5,9.1,1001,2604,0.22951,0.24919,641,239.85
2020-03-16,2021-12-17,310.0,put,77.07,83.0,80.03,83.0,15,3676,0.24902,-0.72546,641,239.85
2020-03-16,2021-12-17,311.0,call,3.88,13.5,8.69,18.05,0,68,0.21975,0.23228,641,239.85
2020-03-16,2021-12-17,311.0,put,78.5,87.67,83.09,79.21,0,77,0.26853,-0.70531,641,239.85
2020-03-16,2021-12-17,312.0,call,3.62,13.5,8.56,14.7,0,46,0.21975,0.22892,641,239.85
2020-03-16,2021-12-17,312.0,put,79.5,88.41,83.95,30.43,0,30,0.26853,-0.70842,641,239.85
2020-03-16,2021-12-17,313.0,call,3.37,13.0,8.19,15.26,0,243,0.21975,0.22561,641,239.85
2020-03-16,2021-12-17,313.0,put,80.0,89.15,84.58,31.0,0,41,0.26853,-0.71149,641,239.85
2020-03-16,2021-12-17,314.0,call,3.13,13.0,8.06,23.0,0,206,0.21975,0.22233,641,239.85
2020-03-16,2021-12-17,314.0,put,81.0,89.9,85.45,34.62,0,2,0.26853,-0.71455,641,239.85
2020-03-16,2021-12-17,315.0,call,5.0,12.83,8.91,8.65,10,603,0.22951,0.2328,641,239.85
2020-03-16,2021-12-17,315.0,put,81.5,90.65,86.08,82.06,11,151,0.26853,-0.71758,641,239.85
2020-03-16,2021-12-17,316.0,call,2.75,12.5,7.62,8.5,1,51,0.21975,0.21589,641,239.85
2020-03-16,2021-12-17,316.0,put,82.5,91.4,86.95,61.25,0,10,0.26853,-0.72058,641,239.85
2020-03-16,2021-12-17,317.0,call,2.57,12.35,7.46,15.0,0,1268,0.21975,0.21273,641,239.85
2020-03-16,2021-12-17,317.0,put,83.0,92.16,87.58,48.0,0,51,0.26853,-0.72356,641,239.85
2020-03-16,2021-12-17,318.0,call,2.25,12.0,7.12,9.73,0,19,0.21975,0.2096,641,239.85
2020-03-16,2021-12-17,318.0,put,84.0,92.93,88.47,22.07,0,75,0.26853,-0.72651,641,239.85
2020-03-16,2021-12-17,319.0,call,2.19,11.91,7.05,9.6,0,34,0.21975,0.20651,641,239.85
2020-03-16,2021-12-17,319.0,put,84.5,93.7,89.1,69.85,0,9,0.25877,-0.74129,641,239.85
2020-03-16,2021-12-17,320.0,call,1.93,11.5,6.71,6.39,92,940,0.21975,0.20346,641,239.85
2020-03-16,2021-12-17,320.0,put,85.5,94.48,89.99,90.0,885,22633,0.25877,-0.74423,641,239.85
2020-03-16,2021-12-17,321.0,call,1.88,11.47,6.68,6.64,5,151,0.21975,0.20044,641,239.85
2020-03-16,2021-12-17,321.0,put,86.0,95.26,90.63,92.77,1,86,0.25877,-0.74715,641,239.85
2020-03-16,2021-12-17,322.0,call,1.65,11.0,6.33,7.5,3,76,0.21975,0.19746,641,239.85
2020-03-16,2021-12-17,322.0,put,87.0,96.04,91.52,47.8,0,73,0.25877,-0.75004,641,239.85
2020-03-16,2021-12-17,323.0,call,1.74,10.81,6.28,5.72,6,202,0.21975,0.19452,641,239.85
2020-03-16,2021-12-17,323.0,put,88.0,96.83,92.41,52.44,0,7,0.25877,-0.75291,641,239.85
2020-03-16,2021-12-17,324.0,call,1.64,10.51,6.08,8.43,2,932,0.21975,0.19161,641,239.85
2020-03-16,2021-12-17,324.0,put,88.5,97.63,93.06,29.05,0,3,0.25877,-0.75574,641,239.85
2020-03-16,2021-12-17,325.0,call,5.0,10.23,7.62,6.0,0,1117,0.22951,0.20259,641,239.85
2020-03-16,2021-12-17,325.0,put,89.5,98.43,93.97,85.5,0,291,0.25877,-0.75856,641,239.85
2020-03-16,2021-12-17,326.0,call,1.48,9.95,5.71,7.64,0,1121,0.21,0.1716,641,239.85
2020-03-16,2021-12-17,326.0,put,90.0,99.24,94.62,90.5,0,22,0.25877,-0.76134,641,239.85
2020-03-16,2021-12-17,327.0,call,1.41,9.68,5.54,7.25,0,198,0.21,0.16882,641,239.85
2020-03-16,2021-12-17,327.0,put,91.0,100.05,95.53,37.38,0,4,0.25877,-0.7641,641,239.85
2020-03-16,2021-12-17,328.0,call,1.34,9.42,5.38,5.11,0,428,0.21,0.16607,641,239.85
2020-03-16,2021-12-17,328.0,put,92.0,100.87,96.44,66.11,0,25,0.25877,-0.76683,641,239.85
2020-03-16,2021-12-17,329.0,call,3.6,9.17,6.38,9.73,0,1302,0.22951,0.19143,641,239.85
2020-03-16,2021-12-17,329.0,put,92.5,101.69,97.09,59.26,0,55,0.25877,-0.76954,641,239.85
2020-03-16,2021-12-17,330.0,call,4.0,8.93,6.46,6.26,3,3207,0.22951,0.18873,641,239.85
2020-03-16,2021-12-17,330.0,put,99.41,100.0,99.7,96.9,12,1138,0.27829,-0.74823,641,239.85
2020-03-16,2021-12-17,331.0,call,1.08,8.72,4.9,6.46,0,89,0.21,0.15804,641,239.85
2020-03-16,2021-12-17,331.0,put,94.5,103.35,98.92,39.0,0,165,0.25877,-0.77488,641,239.85
2020-03-16,2021-12-17,332.0,call,0.97,8.52,4.75,9.39,0,0,0.21,0.15544,641,239.85
2020-03-16,2021-12-17,332.0,put,95.0,104.2,99.6,72.25,0,133,0.25877,-0.77751,641,239.85
2020-03-16,2021-12-17,333.0,call,0.85,8.33,4.59,5.71,0,825,0.21,0.15287,641,239.85
2020-03-16,2021-12-17,333.0,put,96.0,105.02,100.51,58.98,0,1093,0.25877,-0.78011,641,239.85
2020-03-16,2021-12-17,334.0,call,2.1,8.14,5.12,16.6,0,1991,0.21975,0.16444,641,239.85
2020-03-16,2021-12-17,334.0,put,97.0,105.87,101.44,68.5,0,53,0.25877,-0.78269,641,239.85
2020-03-16,2021-12-17,335.0,call,2.95,7.82,5.38,5.0,13,1258,0.21975,0.16191,641,239.85
2020-03-16,2021-12-17,335.0,put,98.0,106.8,102.4,97.33,0,561,0.25877,-0.78525,641,239.85
2020-03-16,2021-12-17,336.0,call,0.65,7.62,4.13,5.38,1,0,0.21,0.14539,641,239.85
2020-03-16,2021-12-17,336.0,put,98.5,107.58,103.04,92.13,0,61,0.25877,-0.78778,641,239.85
2020-03-16,2021-12-17,337.0,call,0.55,7.43,3.99,28.41,0,470,0.20024,0.12875,641,239.85
2020-03-16,2021-12-17,337.0,put,99.5,108.44,103.97,0.0,0,0,0.25877,-0.79028,641,239.85
2020-03-16,2021-12-17,338.0,call,0.43,7.29,3.86,24.69,0,242,0.20024,0.12642,641,239.85
2020-03-16,2021-12-17,338.0,put,100.5,109.38,104.94,39.57,0,403,0.25877,-0.79276,641,239.85
2020-03-16,2021-12-17,339.0,call,2.5,7.1,4.8,24.33,0,87,0.21975,0.15212,641,239.85
2020-03-16,2021-12-17,339.0,put,101.0,110.32,105.66,45.16,0,150,0.25877,-0.79521,641,239.85
2020-03-16,2021-12-17,340.0,call,2.5,6.78,4.64,4.0,5,1283,0.21975,0.14975,641,239.85
2020-03-16,2021-12-17,340.0,put,102.0,111.19,106.59,95.53,0,727,0.25877,-0.79764,641,239.85
2020-03-16,2021-12-17,341.0,call,0.41,6.58,3.5,4.7,1,0,0.20024,0.11964,641,239.85
2020-03-16,2021-12-17,341.0,put,103.0,112.07,107.53,57.94,0,150,0.25877,-0.80005,641,239.85
2020-03-16,2021-12-17,342.0,call,0.39,6.38,3.38,10.09,0,306,0.20024,0.11745,641,239.85
2020-03-16,2021-12-17,342.0,put,104.0,112.95,108.47,58.67,0,166,0.25877,-0.80243,641,239.85
2020-03-16,2021-12-17,343.0,call,0.37,6.18,3.27,4.55,1,0,0.20024,0.1153,641,239.85
2020-03-16,2021-12-17,343.0,put,104.5,113.84,109.17,42.65,0,1,0.25877,-0.80479,641,239.85
2020-03-16,2021-12-17,344.0,call,2.5,6.0,4.25,23.1,0,145,0.21975,0.14059,641,239.85
2020-03-16,2021-12-17,344.0,put,105.5,114.73,110.12,63.11,0,1,0.25877,-0.80712,641,239.85
2020-03-16,2021-12-17,345.0,call,1.6,5.87,3.74,4.46,4,0,0.21,0.12478,641,239.85
2020-03-16,2021-12-17,345.0,put,106.5,115.62,111.06,100.25,0,625,0.25877,-0.80943,641,239.85
2020-03-16,2021-12-17,346.0,call,3.25,5.74,4.5,0.0,0,0,0.21975,0.13619,641,239.85
2020-03-16,2021-12-17,346.0,put,107.5,116.52,112.01,45.28,0,103,0.25877,-0.81172,641,239.85
2020-03-16,2021-12-17,347.0,call,0.18,5.53,2.85,2.67,0,0,0.20024,0.10702,641,239.85
2020-03-16,2021-12-17,347.0,put,108.5,117.42,112.96,64.05,0,593,0.25877,-0.81398,641,239.85
2020-03-16,2021-12-17,348.0,call,1.25,5.34,3.29,0.0,0,496,0.21,0.1185,641,239.85
2020-03-16,2021-12-17,348.0,put,109.0,118.32,113.66,64.85,0,1010,0.25877,-0.81622,641,239.85
2020-03-16,2021-12-17,349.0,call,0.8,4.45,2.62,0.0,0,38,0.20024,0.10308,641,239.85
2020-03-16,2021-12-17,349.0,put,110.0,119.23,114.62,66.87,0,0,0.25877,-0.81844,641,239.85
2020-03-16,2021-12-17,350.0,call,2.5,4.95,3.73,3.73,61,7073,0.21975,0.12776,641,239.85
2020-03-16,2021-12-17,350.0,put,111.0,120.14,115.57,102.39,0,2665,0.25877,-0.82063,641,239.85
2020-03-16,2021-12-17,351.0,call,0.13,4.86,2.5,4.18,1,0,0.20024,0.09927,641,239.85
2020-03-16,2021-12-17,351.0,put,112.0,121.06,116.53,62.87,0,5,0.25877,-0.8228,641,239.85
2020-03-16,2021-12-17,352.0,call,0.12,4.72,2.42,3.63,0,100,0.20024,0.09741,641,239.85
2020-03-16,2021-12-17,352.0,put,113.0,121.97,117.48,64.73,0,2,0.25877,-0.82495,641,239.85
2020-03-16,2021-12-17,353.0,call,0.12,4.58,2.35,5.47,0,0,0.20024,0.09558,641,239.85
2020-03-16,2021-12-17,353.0,put,113.5,122.89,118.19,72.14,0,1,0.25877,-0.82707,641,239.85
2020-03-16,2021-12-17,354.0,call,0.07,4.49,2.28,5.37,0,0,0.20024,0.09379,641,239.85
2020-03-16,2021-12-17,354.0,put,114.5,123.81,119.16,70.75,0,1,0.25877,-0.82917,641,239.85
2020-03-16,2021-12-17,355.0,call,0.01,4.41,2.21,1.98,2,69,0.20024,0.09202,641,239.85
2020-03-16,2021-12-17,355.0,put,115.5,124.74,120.12,39.19,0,1993,0.25877,-0.83125,641,239.85
2020-03-16,2021-12-17,356.0,call,1.9,4.33,3.12,0.0,0,0,0.21,0.10308,641,239.85
2020-03-16,2021-12-17,356.0,put,116.5,125.67,121.09,60.0,0,4864,0.25877,-0.83331,641,239.85
2020-03-16,2021-12-17,357.0,put,117.5,126.59,122.05,69.29,0,4,0.25877,-0.83535,641,239.85
2020-03-16,2021-12-17,358.0,put,118.5,127.53,123.02,73.86,0,250,0.25877,-0.83736,641,239.85
2020-03-16,2021-12-17,359.0,put,119.5,128.46,123.98,52.99,0,2548,0.26853,-0.82718,641,239.85
2020-03-16,2021-12-17,360.0,call,1.6,3.8,2.7,1.8,1,1440,0.21,0.09606,641,239.85
2020-03-16,2021-12-17,360.0,put,120.0,129.4,124.7,108.0,0,3719,0.25877,-0.84132,641,239.85
2020-03-16,2021-12-17,361.0,put,121.0,130.33,125.67,118.18,0,1323,0.25877,-0.84327,641,239.85
2020-03-16,2021-12-17,362.0,put,122.0,131.27,126.64,113.0,0,5,0.25877,-0.8452,641,239.85
2020-03-16,2021-12-17,363.0,put,123.0,132.22,127.61,78.14,0,228,0.26853,-0.83503,641,239.85
2020-03-16,2021-12-17,364.0,put,124.0,133.16,128.58,82.89,0,1,0.26853,-0.83694,641,239.85
2020-03-16,2021-12-17,365.0,put,125.0,134.1,129.55,75.49,0,634,0.26853,-0.83883,641,239.85
2020-03-16,2021-12-17,366.0,put,126.0,135.05,130.53,80.62,0,1,0.26853,-0.8407,641,239.85
2020-03-16,2021-12-17,367.0,put,127.0,136.0,131.5,69.06,0,5,0.26853,-0.84255,641,239.85
2020-03-16,2021-12-17,368.0,put,127.5,136.95,132.22,59.31,0,4,0.26853,-0.84439,641,239.85
2020-03-16,2021-12-17,369.0,put,128.5,137.9,133.2,56.05,0,5,0.26853,-0.8462,641,239.85
2020-03-16,2021-12-17,370.0,put,129.5,138.85,134.18,62.06,0,4,0.26853,-0.848,641,239.85
2020-03-16,2021-12-17,371.0,put,130.5,139.8,135.15,87.04,0,1,0.26853,-0.84978,641,239.85
2020-03-16,2021-12-17,372.0,put,131.5,140.76,136.13,81.53,0,3,0.26853,-0.85153,641,239.85
2020-03-16,2021-12-17,373.0,put,132.5,141.71,137.11,0.0,0,0,0.26853,-0.85327,641,239.85
2020-03-16,2021-12-17,374.0,put,133.5,142.67,138.08,84.83,0,1,0.26853,-0.855,641,239.85
2020-03-16,2021-12-17,375.0,put,134.5,143.63,139.06,58.0,0,68,0.26853,-0.8567,641,239.85
2020-03-16,2021-12-17,376.0,put,135.5,144.59,140.05,69.04,0,0,0.26853,-0.85839,641,239.85
2020-03-16,2021-12-17,377.0,put,136.5,145.55,141.03,77.94,0,1,0.26853,-0.86005,641,239.85
2020-03-16,2021-12-17,378.0,put,137.0,146.51,141.75,79.06,0,1,0.26853,-0.8617,641,239.85
2020-03-16,2021-12-17,379.0,put,138.0,147.47,142.74,88.3,0,10,0.26853,-0.86333,641,239.85
2020-03-16,2021-12-17,380.0,put,139.0,148.43,143.72,132.8,0,65,0.26853,-0.86495,641,239.85
2020-03-16,2021-12-17,381.0,put,140.0,149.39,144.69,64.7,0,140,0.26853,-0.86655,641,239.85
2020-03-16,2021-12-17,382.0,put,141.0,150.36,145.68,98.65,0,81,0.26853,-0.86813,641,239.85
2020-03-16,2021-12-17,383.0,put,142.0,151.32,146.66,63.5,0,7,0.27829,-0.85832,641,239.85
2020-03-16,2021-12-17,384.0,put,143.0,152.29,147.64,84.0,0,1,0.27829,-0.8599,641,239.85
2020-03-16,2021-12-17,385.0,call,0.5,2.24,1.37,0.55,28,0,0.20024,0.05111,641,239.85
2020-03-16,2021-12-17,385.0,put,144.0,153.25,148.62,86.1,0,1,0.27829,-0.86146,641,239.85
2020-03-16,2021-12-17,390.0,call,0.01,2.12,1.06,1.12,2,0,0.20024,0.04621,641,239.85
2020-03-16,2021-12-17,390.0,put,148.5,158.09,153.3,145.8,0,47,0.27829,-0.86905,641,239.85
2020-03-16,2021-12-17,395.0,call,0.01,1.0,0.51,0.51,51,0,0.18073,0.02589,641,239.85
2020-03-16,2021-12-17,395.0,put,153.5,162.95,158.22,77.32,0,2,0.27829,-0.87625,641,239.85
2020-03-16,2021-12-17,400.0,call,0.4,2.0,1.2,1.0,16,4473,0.21,0.04619,641,239.85
2020-03-16,2021-12-17,400.0,put,158.5,167.81,163.16,71.18,0,3,0.28804,-0.87234,641,239.85
2020-03-16,2021-12-17,405.0,call,0.3,1.95,1.12,0.9,0,89,0.21,0.04203,641,239.85
2020-03-16,2021-12-17,405.0,put,163.0,172.69,167.84,82.04,0,4,0.28804,-0.87901,641,239.85
2020-03-16,2021-12-17,410.0,call,0.4,0.78,0.59,0.4,40,1179,0.19048,0.02383,641,239.85
2020-03-16,2021-12-17,410.0,put,168.0,177.57,172.78,79.75,0,4,0.28804,-0.88536,641,239.85
2020-03-16,2021-12-17,415.0,call,0.01,1.88,0.94,1.01,0,0,0.21,0.03474,641,239.85
2020-03-16,2021-12-17,415.0,put,173.0,182.46,177.73,0.0,0,0,0.28804,-0.89139,641,239.85
2020-03-16,2021-12-17,420.0,call,0.05,1.86,0.96,0.85,0,197,0.21975,0.03894,641,239.85
2020-03-16,2021-12-17,420.0,put,178.0,187.35,182.68,0.0,0,0,0.2978,-0.88708,641,239.85
2020-03-16,2021-12-17,425.0,call,0.1,1.83,0.97,0.5,1,52,0.21975,0.03563,641,239.85
2020-03-16,2021-12-17,425.0,put,183.0,192.25,187.62,0.0,0,0,0.2978,-0.89273,641,239.85
2020-03-16,2022-01-21,130.0,call,111.0,120.0,115.5,0.0,0,0,0.37584,0.92816,676,239.85
2020-03-16,2022-01-21,130.0,put,5.19,10.07,7.63,0.0,0,0,0.43438,-0.09021,676,239.85
2020-03-16,2022-01-21,135.0,call,107.0,115.61,111.31,0.0,0,0,0.37584,0.9175,676,239.85
2020-03-16,2022-01-21,135.0,put,5.89,11.12,8.5,0.0,0,0,0.42462,-0.09826,676,239.85
2020-03-16,2022-01-21,140.0,call,103.0,111.43,107.22,0.0,0,0,0.37584,0.90614,676,239.85
2020-03-16,2022-01-21,140.0,put,6.66,12.25,9.46,0.0,0,0,0.42462,-0.10961,676,239.85
2020-03-16,2022-01-21,145.0,call,98.5,107.14,102.82,153.09,0,11,0.36609,0.8977,676,239.85
2020-03-16,2022-01-21,145.0,put,7.5,13.43,10.46,9.3,3,525,0.41487,-0.11862,676,239.85
2020-03-16,2022-01-21,150.0,call,94.0,103.07,98.53,107.71,0,32,0.35633,0.88876,676,239.85
2020-03-16,2022-01-21,150.0,put,8.34,12.3,10.32,12.0,16,3094,0.39536,-0.12507,676,239.85
2020-03-16,2022-01-21,155.0,call,90.0,98.95,94.47,150.0,0,4,0.35633,0.87541,676,239.85
2020-03-16,2022-01-21,155.0,put,9.26,15.97,12.62,13.0,40,86,0.40511,-0.14097,676,239.85
2020-03-16,2022-01-21,160.0,call,86.5,94.99,90.75,120.69,0,30,0.35633,0.86145,676,239.85
2020-03-16,2022-01-21,160.0,put,10.23,14.0,12.12,13.43,9,257,0.37584,-0.14542,676,239.85
2020-03-16,2022-01-21,165.0,call,82.5,91.03,86.77,165.0,0,2,0.34658,0.85054,676,239.85
2020-03-16,2022-01-21,165.0,put,11.27,18.75,15.01,10.0,0,121,0.39536,-0.16531,676,239.85
2020-03-16,2022-01-21,170.0,call,78.5,87.3,82.9,92.2,0,26,0.34658,0.83533,676,239.85
2020-03-16,2022-01-21,170.0,put,12.37,18.0,15.18,17.0,14,609,0.37584,-0.17418,676,239.85
2020-03-16,2022-01-21,175.0,call,75.0,83.62,79.31,113.66,0,1,0.33682,0.82303,676,239.85
2020-03-16,2022-01-21,175.0,put,13.53,21.0,17.27,11.0,0,69,0.3856,-0.19163,676,239.85
2020-03-16,2022-01-21,180.0,call,71.0,79.97,75.48,88.5,1,85,0.33682,0.80663,676,239.85
2020-03-16,2022-01-21,180.0,put,14.76,23.4,19.08,17.4,7,400,0.3856,-0.20661,676,239.85
2020-03-16,2022-01-21,185.0,call,67.5,76.39,71.94,0.0,0,2,0.33682,0.78981,676,239.85
2020-03-16,2022-01-21,185.0,put,16.06,22.2,19.13,17.7,2,80,0.36609,-0.21782,676,239.85
2020-03-16,2022-01-21,190.0,call,64.0,72.9,68.45,72.43,1,14,0.32707,0.7753,676,239.85
2020-03-16,2022-01-21,190.0,put,17.41,22.8,20.11,21.1,3,137,0.35633,-0.23194,676,239.85
2020-03-16,2022-01-21,195.0,call,60.5,69.48,64.99,75.0,0,4,0.32707,0.75743,676,239.85
2020-03-16,2022-01-21,195.0,put,19.5,28.02,23.76,23.4,51,52,0.36609,-0.25018,676,239.85
2020-03-16,2022-01-21,200.0,call,57.5,66.15,61.83,60.0,16,88,0.32707,0.73929,676,239.85
2020-03-16,2022-01-21,200.0,put,20.39,25.7,23.05,25.17,28,349,0.33682,-0.26249,676,239.85
2020-03-16,2022-01-21,205.0,call,54.0,62.9,58.45,64.0,1,12,0.31731,0.72248,676,239.85
2020-03-16,2022-01-21,205.0,put,22.5,31.43,26.96,24.0,2,61,0.35633,-0.28238,676,239.85
2020-03-16,2022-01-21,210.0,call,51.0,59.73,55.36,52.5,2,47,0.31731,0.70347,676,239.85
2020-03-16,2022-01-21,210.0,put,24.5,33.25,28.88,29.0,4,1112,0.35633,-0.29941,676,239.85
2020-03-16,2022-01-21,215.0,call,47.5,56.64,52.07,55.04,6,14,0.30755,0.68498,676,239.85
2020-03-16,2022-01-21,215.0,put,26.5,35.15,30.82,25.9,0,95,0.34658,-0.31649,676,239.85
2020-03-16,2022-01-21,220.0,call,44.5,53.64,49.07,47.5,5,47,0.30755,0.66521,676,239.85
2020-03-16,2022-01-21,220.0,put,28.5,37.13,32.81,26.0,0,143,0.34658,-0.33403,676,239.85
2020-03-16,2022-01-21,225.0,call,44.0,50.72,47.36,44.73,6,143,0.30755,0.64544,676,239.85
2020-03-16,2022-01-21,225.0,put,30.5,39.19,34.84,36.98,1,324,0.33682,-0.35245,676,239.85
2020-03-16,2022-01-21,230.0,call,40.0,47.89,43.95,42.84,12,27,0.30755,0.62572,676,239.85
2020-03-16,2022-01-21,230.0,put,32.5,41.34,36.92,39.08,3,133,0.33682,-0.37041,676,239.85
2020-03-16,2022-01-21,235.0,call,36.0,45.14,40.57,42.7,10,32,0.2978,0.60429,676,239.85
2020-03-16,2022-01-21,235.0,put,35.0,43.56,39.28,36.3,2,100,0.32707,-0.39018,676,239.85
2020-03-16,2022-01-21,240.0,call,36.0,42.0,39.0,36.53,26,131,0.2978,0.58415,676,239.85
2020-03-16,2022-01-21,240.0,put,37.0,45.0,41.0,40.84,74,1930,0.31731,-0.41092,676,239.85
2020-03-16,2022-01-21,245.0,call,30.5,39.89,35.2,34.0,50,15,0.28804,0.56104,676,239.85
2020-03-16,2022-01-21,245.0,put,39.5,48.26,43.88,41.85,70,260,0.31731,-0.42958,676,239.85
2020-03-16,2022-01-21,250.0,call,28.0,37.4,32.7,33.0,87,167,0.27829,0.53671,676,239.85
2020-03-16,2022-01-21,250.0,put,42.0,50.74,46.37,47.39,69,1678,0.31731,-0.44802,676,239.85
2020-03-16,2022-01-21,255.0,call,25.5,34.99,30.25,29.96,39,185,0.27829,0.5159,676,239.85
2020-03-16,2022-01-21,255.0,put,44.5,53.3,48.9,45.75,17,271,0.30755,-0.47051,676,239.85
2020-03-16,2022-01-21,260.0,call,23.0,32.66,27.83,28.0,63,232,0.26853,0.48989,676,239.85
2020-03-16,2022-01-21,260.0,put,47.0,55.94,51.47,48.37,6,411,0.30755,-0.48899,676,239.85
2020-03-16,2022-01-21,265.0,call,20.52,30.42,25.47,28.31,35,209,0.26853,0.46912,676,239.85
2020-03-16,2022-01-21,265.0,put,50.0,58.67,54.34,52.22,42,498,0.30755,-0.50714,676,239.85
2020-03-16,2022-01-21,270.0,call,21.2,28.27,24.73,25.0,16,279,0.26853,0.44883,676,239.85
2020-03-16,2022-01-21,270.0,put,52.5,61.48,56.99,58.0,30,387,0.2978,-0.53113,676,239.85
2020-03-16,2022-01-21,275.0,call,19.0,23.5,21.25,20.86,21,442,0.25877,0.42109,676,239.85
2020-03-16,2022-01-21,275.0,put,55.5,64.38,59.94,52.27,5,445,0.2978,-0.5491,676,239.85
2020-03-16,2022-01-21,280.0,call,17.5,24.23,20.87,23.0,39,898,0.26853,0.40977,676,239.85
2020-03-16,2022-01-21,280.0,put,58.5,67.37,62.94,65.0,2,1390,0.28804,-0.57418,676,239.85
2020-03-16,2022-01-21,285.0,call,12.5,22.35,17.43,17.55,29,187,0.24902,0.37227,676,239.85
2020-03-16,2022-01-21,285.0,put,61.5,70.45,65.97,60.06,0,577,0.28804,-0.5918,676,239.85
2020-03-16,2022-01-21,290.0,call,15.0,20.53,17.77,17.0,4,146,0.25877,0.3632,676,239.85
2020-03-16,2022-01-21,290.0,put,63.75,68.5,66.12,65.82,3,2591,0.25877,-0.6368,676,239.85
2020-03-16,2022-01-21,295.0,call,9.11,18.84,13.97,15.21,11,165,0.23926,0.32327,676,239.85
2020-03-16,2022-01-21,295.0,put,68.0,76.89,72.44,72.0,1,126,0.27829,-0.63491,676,239.85
2020-03-16,2022-01-21,300.0,call,12.88,17.25,15.07,12.88,236,1220,0.25877,0.32774,676,239.85
2020-03-16,2022-01-21,300.0,put,71.5,80.26,75.88,74.0,8,806,0.27829,-0.65146,676,239.85
2020-03-16,2022-01-21,305.0,call,10.01,13.0,11.5,13.0,3,535,0.23926,0.28741,676,239.85
2020-03-16,2022-01-21,305.0,put,74.5,82.5,78.5,77.5,1,317,0.26853,-0.67802,676,239.85
2020-03-16,2022-01-21,310.0,call,9.0,14.39,11.7,12.0,21,909,0.24902,0.283,676,239.85
2020-03-16,2022-01-21,310.0,put,77.52,85.81,81.66,79.85,2,453,0.25877,-0.70515,676,239.85
2020-03-16,2022-01-21,315.0,call,7.55,13.13,10.34,9.72,46,518,0.23926,0.25461,676,239.85
2020-03-16,2022-01-21,315.0,put,82.5,91.0,86.75,87.79,2,782,0.26853,-0.70899,676,239.85
2020-03-16,2022-01-21,320.0,call,6.4,12.02,9.21,8.0,23,1808,0.23926,0.23935,676,239.85
2020-03-16,2022-01-21,320.0,put,86.0,94.82,90.41,91.39,16,1458,0.25877,-0.73547,676,239.85
2020-03-16,2022-01-21,325.0,call,5.75,10.76,8.25,6.5,13,1019,0.22951,0.21136,676,239.85
2020-03-16,2022-01-21,325.0,put,90.0,98.75,94.38,83.91,0,410,0.25877,-0.74967,676,239.85
2020-03-16,2022-01-21,330.0,call,5.4,6.4,5.9,6.0,31,3116,0.21975,0.18355,676,239.85
2020-03-16,2022-01-21,330.0,put,94.5,102.81,98.66,92.58,1,1925,0.25877,-0.76326,676,239.85
2020-03-16,2022-01-21,335.0,call,4.0,8.35,6.17,8.0,0,197,0.22951,0.1844,676,239.85
2020-03-16,2022-01-21,335.0,put,98.5,106.99,102.75,99.07,5,150,0.25877,-0.77623,676,239.85
2020-03-16,2022-01-21,340.0,call,3.0,6.25,4.62,6.25,45,780,0.21,0.14415,676,239.85
2020-03-16,2022-01-21,340.0,put,102.5,111.43,106.97,94.95,0,111,0.25877,-0.7886,676,239.85
2020-03-16,2022-01-21,345.0,call,1.55,6.27,3.91,4.5,11,78,0.21,0.13286,676,239.85
2020-03-16,2022-01-21,345.0,put,107.0,115.83,111.41,47.06,0,8,0.25877,-0.8004,676,239.85
2020-03-16,2022-01-21,350.0,call,2.8,4.5,3.65,2.86,188,1042,0.21,0.12235,676,239.85
2020-03-16,2022-01-21,350.0,put,111.5,120.33,115.91,85.5,0,112,0.25877,-0.81162,676,239.85
2020-03-16,2022-01-21,355.0,call,1.5,4.0,2.75,2.75,5,811,0.20024,0.09928,676,239.85
2020-03-16,2022-01-21,355.0,put,116.0,124.9,120.45,68.78,0,30,0.25877,-0.8223,676,239.85
2020-03-16,2022-01-21,360.0,call,1.8,3.4,2.6,2.25,15,2503,0.20024,0.09062,676,239.85
2020-03-16,2022-01-21,360.0,put,120.5,129.54,125.02,129.0,7,140,0.25877,-0.83245,676,239.85
2020-03-16,2022-01-21,365.0,call,1.3,3.64,2.47,2.25,11,495,0.21,0.09507,676,239.85
2020-03-16,2022-01-21,365.0,put,125.0,134.22,129.61,50.7,0,1,0.25877,-0.84208,676,239.85
2020-03-16,2022-01-21,370.0,call,1.44,3.1,2.27,2.0,116,859,0.21,0.08727,676,239.85
2020-03-16,2022-01-21,370.0,put,130.0,138.96,134.48,131.0,2,52,0.26853,-0.83911,676,239.85
2020-03-16,2022-01-21,375.0,call,0.8,2.9,1.85,1.2,28,418,0.20024,0.06854,676,239.85
2020-03-16,2022-01-21,375.0,put,134.5,143.72,139.11,52.2,0,27,0.26853,-0.84792,676,239.85
2020-03-16,2022-01-21,380.0,put,139.0,148.51,143.75,132.0,0,10,0.26853,-0.85629,676,239.85
2020-03-16,2022-01-21,385.0,call,0.5,2.47,1.49,0.65,6,87,0.20024,0.05667,676,239.85
2020-03-16,2022-01-21,385.0,put,144.0,153.33,148.67,87.0,0,22,0.26853,-0.86424,676,239.85
2020-03-16,2022-01-21,390.0,call,0.1,2.36,1.23,1.0,7,210,0.20024,0.05148,676,239.85
2020-03-16,2022-01-21,390.0,put,149.0,158.16,153.58,143.06,0,3,0.27829,-0.86038,676,239.85
2020-03-16,2022-01-21,395.0,call,0.25,2.23,1.24,1.5,25,117,0.20024,0.04673,676,239.85
2020-03-16,2022-01-21,395.0,put,153.5,163.01,158.25,147.73,0,8,0.27829,-0.86772,676,239.85
2020-03-16,2022-01-21,400.0,call,1.0,1.5,1.25,1.5,767,594,0.21,0.05149,676,239.85
2020-03-16,2022-01-21,400.0,put,158.5,167.86,163.18,162.0,16,39,0.27829,-0.8747,676,239.85
2020-03-16,2022-01-21,405.0,call,0.05,2.05,1.05,0.5,21,190,0.20024,0.03843,676,239.85
2020-03-16,2022-01-21,405.0,put,163.5,172.73,168.12,0.0,0,0,0.27829,-0.88133,676,239.85
2020-03-16,2022-01-21,410.0,call,0.25,1.89,1.07,0.81,2,0,0.21,0.04299,676,239.85
2020-03-16,2022-01-21,410.0,put,168.0,177.61,172.81,0.0,0,0,0.27829,-0.88764,676,239.85
2020-03-16,2022-01-21,415.0,call,0.25,1.98,1.11,0.67,4,0,0.21,0.03926,676,239.85
2020-03-16,2022-01-21,415.0,put,173.0,182.5,177.75,0.0,0,0,0.28804,-0.88314,676,239.85
2020-03-16,2022-01-21,420.0,call,0.35,1.85,1.1,0.35,10,723,0.21975,0.04379,676,239.85
2020-03-16,2022-01-21,420.0,put,178.0,187.39,182.69,97.79,0,0,0.28804,-0.88903,676,239.85
2020-03-16,2022-01-21,425.0,call,0.7,0.83,0.76,0.69,64,1543,0.21,0.03269,676,239.85
2020-03-16,2022-01-21,425.0,put,183.0,192.28,187.64,0.0,0,0,0.2978,-0.88445,676,239.85
2020-03-16,2022-01-21,430.0,call,0.5,0.8,0.65,0.8,29,139,0.21,0.02981,676,239.85
2020-03-16,2022-01-21,430.0,put,187.5,197.18,192.34,0.0,0,0,0.2978,-0.88997,676,239.85
2020-03-16,2022-01-21,435.0,call,0.25,1.7,0.97,1.0,0,112,0.21975,0.03395,676,239.85
2020-03-16,2022-01-21,435.0,put,192.5,202.09,197.3,0.0,0,0,0.2978,-0.89524,676,239.85
2020-03-16,2022-01-21,440.0,call,0.7,1.0,0.85,0.85,57,245,0.21975,0.03117,676,239.85
2020-03-16,2022-01-21,440.0,put,197.5,206.99,202.25,0.0,0,0,0.2978,-0.90027,676,239.85
2020-03-16,2022-01-21,445.0,call,0.45,1.85,1.15,0.44,10,515,0.23926,0.04261,676,239.85
2020-03-16,2022-01-21,445.0,put,202.5,211.91,207.2,0.0,0,0,0.30755,-0.8955,676,239.85
2020-03-16,2022-01-21,450.0,call,0.75,0.83,0.79,0.58,109,3768,0.22951,0.03262,676,239.85
2020-03-16,2022-01-21,450.0,put,207.5,216.82,212.16,0.0,0,0,0.30755,-0.90026,676,239.85
2020-03-16,2022-03-18,100.0,call,138.5,148.4,143.45,0.0,0,0,0.43438,0.95889,732,239.85
2020-03-16,2022-03-18,100.0,put,3.0,4.0,3.5,3.87,3,57,0.44414,-0.04332,732,239.85
2020-03-16,2022-03-18,105.0,call,134.0,143.4,138.7,0.0,0,0,0.41487,0.95621,732,239.85
2020-03-16,2022-03-18,105.0,put,2.75,6.2,4.47,3.57,1,1,0.45389,-0.05323,732,239.85
2020-03-16,2022-03-18,110.0,call,129.0,138.4,133.7,0.0,0,0,0.39536,0.95364,732,239.85
2020-03-16,2022-03-18,110.0,put,3.14,7.06,5.1,0.0,0,0,0.44414,-0.05916,732,239.85
2020-03-16,2022-03-18,115.0,call,124.5,133.45,128.97,0.0,0,0,0.3856,0.94827,732,239.85
2020-03-16,2022-03-18,115.0,put,3.72,7.81,5.76,0.0,0,0,0.44414,-0.06796,732,239.85
2020-03-16,2022-03-18,120.0,call,120.0,128.79,124.39,0.0,0,0,0.37584,0.94256,732,239.85
2020-03-16,2022-03-18,120.0,put,4.28,8.69,6.48,6.45,80,80,0.43438,-0.07472,732,239.85
2020-03-16,2022-03-18,125.0,call,115.5,124.29,119.9,0.0,0,0,0.36609,0.93649,732,239.85
2020-03-16,2022-03-18,125.0,put,4.87,9.69,7.28,0.0,0,0,0.42462,-0.08185,732,239.85
2020-03-16,2022-03-18,130.0,call,111.0,119.89,115.44,0.0,0,0,0.36609,0.92651,732,239.85
2020-03-16,2022-03-18,130.0,put,5.56,10.69,8.12,0.0,0,0,0.42462,-0.09216,732,239.85
2020-03-16,2022-03-18,135.0,call,107.0,115.57,111.28,0.0,0,0,0.35633,0.91942,732,239.85
2020-03-16,2022-03-18,135.0,put,6.25,11.78,9.02,5.8,0,1500,0.41487,-0.10018,732,239.85
2020-03-16,2022-03-18,140.0,call,102.5,111.33,106.91,0.0,0,0,0.35633,0.9081,732,239.85
2020-03-16,2022-03-18,140.0,put,7.05,12.92,9.98,7.0,0,7005,0.41487,-0.11149,732,239.85
2020-03-16,2022-03-18,145.0,call,98.5,107.17,102.84,111.09,0,1,0.35633,0.89609,732,239.85
2020-03-16,2022-03-18,145.0,put,7.87,14.16,11.02,9.75,1,3,0.40511,-0.12043,732,239.85
2020-03-16,2022-03-18,150.0,call,94.0,103.06,98.53,110.64,0,2,0.34658,0.88724,732,239.85
2020-03-16,2022-03-18,150.0,put,8.79,15.38,12.09,8.5,0,33,0.40511,-0.13269,732,239.85
2020-03-16,2022-03-18,155.0,call,90.0,99.02,94.51,127.33,0,1,0.33682,0.87785,732,239.85
2020-03-16,2022-03-18,155.0,put,9.7,16.74,13.22,10.0,0,4,0.39536,-0.14261,732,239.85
2020-03-16,2022-03-18,160.0,call,86.5,95.11,90.81,119.0,0,2,0.33682,0.86384,732,239.85
2020-03-16,2022-03-18,160.0,put,10.72,18.14,14.43,12.0,2,35,0.39536,-0.15577,732,239.85
2020-03-16,2022-03-18,165.0,call,82.5,91.26,86.88,0.0,0,0,0.33682,0.84925,732,239.85
2020-03-16,2022-03-18,165.0,put,11.77,19.61,15.69,4.0,0,3,0.3856,-0.16671,732,239.85
2020-03-16,2022-03-18,170.0,call,78.5,87.51,83.0,0.0,0,0,0.32707,0.83783,732,239.85
2020-03-16,2022-03-18,170.0,put,12.9,21.09,17.0,13.5,0,10,0.3856,-0.18073,732,239.85
2020-03-16,2022-03-18,175.0,call,75.0,83.75,79.38,0.0,0,0,0.32707,0.82199,732,239.85
2020-03-16,2022-03-18,175.0,put,14.08,22.68,18.38,0.0,0,0,0.37584,-0.19275,732,239.85
2020-03-16,2022-03-18,180.0,call,71.5,80.23,75.87,85.0,0,10,0.32707,0.8057,732,239.85
2020-03-16,2022-03-18,180.0,put,15.5,24.39,19.95,17.87,1,55,0.37584,-0.20757,732,239.85
2020-03-16,2022-03-18,185.0,call,68.0,76.78,72.39,78.0,2,0,0.32707,0.78902,732,239.85
2020-03-16,2022-03-18,185.0,put,17.0,25.96,21.48,18.5,0,4,0.37584,-0.22261,732,239.85
2020-03-16,2022-03-18,190.0,call,64.5,73.32,68.91,79.7,0,5,0.31731,0.77467,732,239.85
2020-03-16,2022-03-18,190.0,put,18.5,27.53,23.02,19.25,0,38,0.36609,-0.23629,732,239.85
2020-03-16,2022-03-18,195.0,call,61.0,69.96,65.48,66.28,15,2,0.31731,0.75695,732,239.85
2020-03-16,2022-03-18,195.0,put,20.0,29.18,24.59,6.67,0,2,0.36609,-0.252,732,239.85
2020-03-16,2022-03-18,200.0,call,57.5,66.71,62.1,65.25,2,31,0.30755,0.74101,732,239.85
2020-03-16,2022-03-18,200.0,put,22.0,30.91,26.45,25.25,6,70,0.35633,-0.26687,732,239.85
2020-03-16,2022-03-18,205.0,call,54.5,63.52,59.01,82.75,0,0,0.30755,0.72232,732,239.85
2020-03-16,2022-03-18,205.0,put,23.5,32.72,28.11,25.25,1,1,0.35633,-0.28319,732,239.85
2020-03-16,2022-03-18,210.0,call,51.0,60.41,55.7,62.2,0,5,0.30755,0.70348,732,239.85
2020-03-16,2022-03-18,210.0,put,25.5,34.61,30.05,0.0,0,0,0.34658,-0.2993,732,239.85
2020-03-16,2022-03-18,215.0,call,48.0,57.38,52.69,60.05,0,11,0.2978,0.68513,732,239.85
2020-03-16,2022-03-18,215.0,put,27.5,36.57,32.03,0.0,0,0,0.34658,-0.31616,732,239.85
2020-03-16,2022-03-18,220.0,call,45.0,54.44,49.72,72.93,0,3,0.2978,0.66553,732,239.85
2020-03-16,2022-03-18,220.0,put,29.5,38.62,34.06,24.9,0,22,0.33682,-0.33356,732,239.85
2020-03-16,2022-03-18,225.0,call,42.0,51.59,46.8,52.0,0,6,0.2978,0.64591,732,239.85
2020-03-16,2022-03-18,225.0,put,31.5,40.75,36.12,14.96,0,5,0.33682,-0.35086,732,239.85
2020-03-16,2022-03-18,230.0,call,39.5,48.81,44.16,69.12,0,1,0.28804,0.62516,732,239.85
2020-03-16,2022-03-18,230.0,put,34.0,42.95,38.48,33.0,1,36,0.33682,-0.36809,732,239.85
2020-03-16,2022-03-18,235.0,call,36.5,46.13,41.31,0.0,0,0,0.28804,0.60501,732,239.85
2020-03-16,2022-03-18,235.0,put,36.0,45.24,40.62,34.0,0,131,0.32707,-0.38724,732,239.85
2020-03-16,2022-03-18,240.0,call,34.0,43.5,38.75,73.38,0,1,0.28804,0.585,732,239.85
2020-03-16,2022-03-18,240.0,put,38.5,47.61,43.05,12.0,0,3,0.32707,-0.40475,732,239.85
2020-03-16,2022-03-18,245.0,call,31.11,41.0,36.05,40.39,5,1,0.27829,0.56193,732,239.85
2020-03-16,2022-03-18,245.0,put,41.0,50.06,45.53,38.57,0,1500,0.31731,-0.42522,732,239.85
2020-03-16,2022-03-18,250.0,call,30.0,38.5,34.25,34.7,29,5,0.27829,0.54165,732,239.85
2020-03-16,2022-03-18,250.0,put,43.5,52.6,48.05,49.85,4,7257,0.31731,-0.44291,732,239.85
2020-03-16,2022-03-18,255.0,call,29.75,36.21,32.98,33.61,18,41,0.28804,0.52635,732,239.85
2020-03-16,2022-03-18,255.0,put,46.0,55.21,50.61,39.7,0,6,0.31731,-0.46036,732,239.85
2020-03-16,2022-03-18,260.0,call,24.04,33.5,28.77,30.0,6,18,0.26853,0.49649,732,239.85
2020-03-16,2022-03-18,260.0,put,48.5,57.91,53.2,45.86,0,26,0.30755,-0.48242,732,239.85
2020-03-16,2022-03-18,265.0,call,22.0,31.5,26.75,26.0,10,27,0.26853,0.47652,732,239.85
2020-03-16,2022-03-18,265.0,put,51.0,60.68,55.84,55.0,3,5,0.30755,-0.49987,732,239.85
2020-03-16,2022-03-18,270.0,call,24.0,29.64,26.82,29.0,1,2,0.27829,0.46387,732,239.85
2020-03-16,2022-03-18,270.0,put,54.0,63.55,58.77,55.0,3,5,0.2978,-0.52313,732,239.85
2020-03-16,2022-03-18,275.0,call,20.0,27.62,23.81,0.0,0,24,0.26853,0.4379,732,239.85
2020-03-16,2022-03-18,275.0,put,57.0,66.49,61.74,51.24,0,1,0.2978,-0.54043,732,239.85
2020-03-16,2022-03-18,280.0,call,15.78,25.0,20.39,25.46,1,18,0.24902,0.40193,732,239.85
2020-03-16,2022-03-18,280.0,put,60.0,69.52,64.76,62.65,1,1,0.2978,-0.55735,732,239.85
2020-03-16,2022-03-18,285.0,call,13.92,23.5,18.71,19.5,1,9,0.24902,0.38264,732,239.85
2020-03-16,2022-03-18,285.0,put,63.0,72.63,67.81,27.01,0,2,0.28804,-0.58183,732,239.85
2020-03-16,2022-03-18,290.0,call,13.0,21.5,17.25,19.0,1,32,0.24902,0.36397,732,239.85
2020-03-16,2022-03-18,290.0,put,66.5,75.82,71.16,39.3,0,8,0.28804,-0.5984,732,239.85
2020-03-16,2022-03-18,295.0,call,14.0,20.36,17.18,15.25,1,22,0.25877,0.3565,732,239.85
2020-03-16,2022-03-18,295.0,put,69.5,79.11,74.31,63.11,0,2,0.27829,-0.62377,732,239.85
2020-03-16,2022-03-18,300.0,call,13.0,18.77,15.88,12.98,72,49,0.25877,0.33955,732,239.85
2020-03-16,2022-03-18,300.0,put,73.0,82.47,77.73,72.76,2,8,0.27829,-0.63984,732,239.85
2020-03-16,2022-03-18,305.0,call,11.0,17.28,14.14,15.0,0,40,0.24902,0.31176,732,239.85
2020-03-16,2022-03-18,305.0,put,76.5,85.94,81.22,68.66,0,20,0.27829,-0.65541,732,239.85
2020-03-16,2022-03-18,310.0,call,11.0,15.88,13.44,12.0,4,20,0.24902,0.29564,732,239.85
2020-03-16,2022-03-18,310.0,put,80.0,89.49,84.75,36.63,0,0,0.26853,-0.6813,732,239.85
2020-03-16,2022-03-18,315.0,call,9.48,14.58,12.03,9.75,35,17,0.24902,0.28016,732,239.85
2020-03-16,2022-03-18,315.0,put,84.0,93.14,88.57,0.0,0,0,0.26853,-0.69617,732,239.85
2020-03-16,2022-03-18,320.0,call,6.0,13.07,9.54,9.5,16,1042,0.22951,0.23912,732,239.85
2020-03-16,2022-03-18,320.0,put,88.0,96.89,92.44,59.43,0,8,0.26853,-0.71049,732,239.85
2020-03-16,2022-03-18,325.0,call,6.75,11.62,9.18,9.0,5,10,0.22951,0.22458,732,239.85
2020-03-16,2022-03-18,325.0,put,91.5,100.74,96.12,86.68,0,1,0.26853,-0.72428,732,239.85
2020-03-16,2022-03-18,330.0,call,3.0,7.8,5.4,7.74,1,19,0.20024,0.16708,732,239.85
2020-03-16,2022-03-18,330.0,put,95.5,104.7,100.1,50.5,0,1,0.26853,-0.73753,732,239.85
2020-03-16,2022-03-18,335.0,call,0.95,9.37,5.16,6.0,1,9,0.20024,0.15415,732,239.85
2020-03-16,2022-03-18,335.0,put,100.0,108.74,104.37,62.3,0,4,0.26853,-0.75025,732,239.85
2020-03-16,2022-03-18,340.0,call,4.5,8.02,6.26,5.6,1,7,0.21975,0.17117,732,239.85
2020-03-16,2022-03-18,340.0,put,104.0,113.06,108.53,114.0,2,10,0.25877,-0.77495,732,239.85
2020-03-16,2022-03-18,345.0,call,0.3,7.3,3.8,4.0,0,0,0.20024,0.13082,732,239.85
2020-03-16,2022-03-18,345.0,put,108.5,117.33,112.91,0.0,0,0,0.25877,-0.78672,732,239.85
2020-03-16,2022-03-18,350.0,call,0.31,6.2,3.25,4.5,0,9,0.19048,0.1061,732,239.85
2020-03-16,2022-03-18,350.0,put,112.5,121.69,117.09,57.5,0,21,0.25877,-0.79796,732,239.85
2020-03-16,2022-03-18,355.0,call,0.25,5.38,2.81,6.5,0,0,0.19048,0.09678,732,239.85
2020-03-16,2022-03-18,355.0,put,117.0,126.15,121.58,0.0,0,0,0.25877,-0.80868,732,239.85
2020-03-16,2022-03-18,360.0,call,0.5,4.91,2.71,3.02,1,20,0.20024,0.10158,732,239.85
2020-03-16,2022-03-18,360.0,put,121.5,130.68,126.09,0.0,0,0,0.25877,-0.81891,732,239.85
2020-03-16,2022-03-18,365.0,call,1.75,4.24,3.0,2.5,10,1,0.21,0.10631,732,239.85
2020-03-16,2022-03-18,365.0,put,126.0,135.28,130.64,0.0,0,0,0.26853,-0.81616,732,239.85
2020-03-16,2022-03-18,370.0,call,1.5,3.77,2.63,0.0,0,0,0.20024,0.08546,732,239.85
2020-03-16,2022-03-18,370.0,put,131.0,139.93,135.47,0.0,0,0,0.26853,-0.82552,732,239.85
2020-03-16,2022-03-18,375.0,call,0.5,3.45,1.98,0.0,6,0,0.20024,0.07831,732,239.85
2020-03-16,2022-03-18,375.0,put,135.5,144.63,140.06,147.66,1,1,0.26853,-0.83445,732,239.85
2020-03-16,2022-03-18,380.0,call,0.05,3.16,1.6,2.0,0,0,0.19048,0.06029,732,239.85
2020-03-16,2022-03-18,380.0,put,140.0,149.37,144.69,0.0,0,0,0.26853,-0.84297,732,239.85
2020-03-16,2022-03-18,385.0,call,0.2,2.89,1.55,5.0,0,3,0.19048,0.05471,732,239.85
2020-03-16,2022-03-18,385.0,put,145.0,154.14,149.57,0.0,0,0,0.26853,-0.85109,732,239.85
2020-03-16,2022-03-18,390.0,put,149.5,158.93,154.22,0.0,0,0,0.27829,-0.84703,732,239.85
2020-03-16,2022-03-18,395.0,call,0.5,2.59,1.54,0.0,2,0,0.20024,0.05482,732,239.85
2020-03-16,2022-03-18,395.0,put,154.5,163.74,159.12,0.0,0,0,0.27829,-0.85454,732,239.85
2020-03-16,2022-03-18,400.0,call,0.5,1.68,1.09,0.9,69,22,0.19048,0.04071,732,239.85
2020-03-16,2022-03-18,400.0,put,159.5,168.57,164.03,98.25,0,4,0.27829,-0.86171,732,239.85
2020-03-16,2022-03-18,405.0,put,164.0,173.41,168.7,0.0,0,0,0.27829,-0.86854,732,239.85
2020-03-16,2022-03-18,410.0,call,0.01,1.9,0.95,0.96,12,5,0.20024,0.0417,732,239.85
2020-03-16,2022-03-18,410.0,put,169.0,178.27,173.63,0.0,0,0,0.28804,-0.86392,732,239.85
2020-03-16,2022-03-18,415.0,call,0.1,2.24,1.17,0.0,0,0,0.21,0.04667,732,239.85
2020-03-16,2022-03-18,415.0,put,174.0,183.13,178.56,0.0,0,0,0.28804,-0.87031,732,239.85
2020-03-16,2022-03-18,420.0,call,0.9,2.16,1.53,0.9,4,0,0.21975,0.0517,732,239.85
2020-03-16,2022-03-18,420.0,put,178.5,188.0,183.25,0.0,0,0,0.28804,-0.8764,732,239.85
2020-03-16,2022-03-18,425.0,call,0.4,2.14,1.27,1.31,0,0,0.21975,0.0478,732,239.85
2020-03-16,2022-03-18,425.0,put,183.5,192.88,188.19,0.0,0,0,0.2978,-0.87155,732,239.85
2020-03-16,2022-03-18,430.0,call,0.25,2.12,1.19,1.0,0,22,0.21975,0.04418,732,239.85
2020-03-16,2022-03-18,430.0,put,188.5,197.76,193.13,0.0,0,0,0.2978,-0.87728,732,239.85
2020-03-16,2022-03-18,435.0,call,0.1,2.1,1.1,1.25,0,26,0.21975,0.04081,732,239.85
2020-03-16,2022-03-18,435.0,put,193.5,202.65,198.07,0.0,0,0,0.2978,-0.88276,732,239.85
2020-03-16,2022-03-18,440.0,call,0.67,0.95,0.81,0.85,1,29,0.21,0.03041,732,239.85
2020-03-16,2022-03-18,440.0,put,198.0,207.54,202.77,0.0,0,0,0.2978,-0.88801,732,239.85
2020-03-16,2022-12-16,140.0,call,104.8,111.25,108.03,104.64,433,114,0.31731,0.903,1005,239.85
2020-03-16,2022-12-16,140.0,put,9.8,13.0,11.4,11.0,155,495,0.37584,-0.11779,1005,239.85
2020-03-16,2022-12-16,160.0,call,86.5,95.58,91.04,99.0,1,28,0.28804,0.86442,1005,239.85
2020-03-16,2022-12-16,160.0,put,12.83,18.0,15.41,18.0,36,321,0.34658,-0.15782,1005,239.85
2020-03-16,2022-12-16,180.0,call,72.0,81.07,76.53,75.0,16,204,0.27829,0.80715,1005,239.85
2020-03-16,2022-12-16,180.0,put,18.5,28.0,23.25,20.2,161,293,0.35633,-0.21396,1005,239.85
2020-03-16,2022-12-16,200.0,call,61.0,68.05,64.53,62.0,55,309,0.28804,0.73681,1005,239.85
2020-03-16,2022-12-16,200.0,put,25.5,30.0,27.75,25.32,227,1509,0.31731,-0.26716,1005,239.85
2020-03-16,2022-12-16,205.0,call,55.5,64.97,60.23,60.0,1,34,0.26853,0.7226,1005,239.85
2020-03-16,2022-12-16,205.0,put,27.5,36.77,32.14,31.5,3,451,0.33682,-0.28343,1005,239.85
2020-03-16,2022-12-16,210.0,call,54.5,61.97,58.23,60.0,15,157,0.27829,0.70319,1005,239.85
2020-03-16,2022-12-16,210.0,put,28.86,35.0,31.93,31.36,55,818,0.31731,-0.29849,1005,239.85
2020-03-16,2022-12-16,215.0,call,49.5,59.04,54.27,54.69,14,22,0.26853,0.6857,1005,239.85
2020-03-16,2022-12-16,215.0,put,31.0,40.0,35.5,35.0,11,146,0.31731,-0.31417,1005,239.85
2020-03-16,2022-12-16,220.0,call,46.5,56.2,51.35,52.0,4,62,0.26853,0.66717,1005,239.85
2020-03-16,2022-12-16,220.0,put,33.5,42.92,38.21,35.06,66,1135,0.31731,-0.32982,1005,239.85
2020-03-16,2022-12-16,225.0,call,43.58,53.44,48.51,49.0,32,27,0.25877,0.64787,1005,239.85
2020-03-16,2022-12-16,225.0,put,35.5,45.13,40.31,36.67,12,569,0.31731,-0.34542,1005,239.85
2020-03-16,2022-12-16,230.0,call,45.0,50.76,47.88,46.0,19,112,0.26853,0.63019,1005,239.85
2020-03-16,2022-12-16,230.0,put,38.0,47.42,42.71,44.68,102,746,0.31731,-0.36093,1005,239.85
2020-03-16,2022-12-16,235.0,call,41.0,48.0,44.5,45.52,51,32,0.26853,0.61183,1005,239.85
2020-03-16,2022-12-16,235.0,put,40.5,49.78,45.14,43.95,4,931,0.30755,-0.37878,1005,239.85
2020-03-16,2022-12-16,240.0,call,40.0,45.66,42.83,43.2,282,187,0.26853,0.59361,1005,239.85
2020-03-16,2022-12-16,240.0,put,45.0,50.0,47.5,45.5,4,842,0.30755,-0.39457,1005,239.85
2020-03-16,2022-12-16,245.0,call,38.0,43.23,40.61,40.16,65,34,0.26853,0.57557,1005,239.85
2020-03-16,2022-12-16,245.0,put,45.0,54.75,49.88,49.0,27,672,0.30755,-0.4102,1005,239.85
2020-03-16,2022-12-16,250.0,call,36.0,40.89,38.45,36.5,316,643,0.26853,0.55773,1005,239.85
2020-03-16,2022-12-16,250.0,put,48.0,57.36,52.68,52.8,15,2955,0.2978,-0.4297,1005,239.85
2020-03-16,2022-12-16,255.0,call,33.5,38.63,36.06,34.0,299,2028,0.25877,0.5351,1005,239.85
2020-03-16,2022-12-16,255.0,put,50.5,60.0,55.25,53.5,11,571,0.2978,-0.44549,1005,239.85
2020-03-16,2022-12-16,260.0,call,31.0,36.46,33.73,32.02,56,1041,0.25877,0.5171,1005,239.85
2020-03-16,2022-12-16,260.0,put,53.01,59.8,56.41,52.69,16,1998,0.28804,-0.46629,1005,239.85
2020-03-16,2022-12-16,265.0,call,26.0,34.37,30.18,33.0,28,412,0.24902,0.4928,1005,239.85
2020-03-16,2022-12-16,265.0,put,55.84,63.0,59.42,64.0,463,3054,0.28804,-0.48215,1005,239.85
2020-03-16,2022-12-16,270.0,call,27.03,32.37,29.7,31.47,39,372,0.25877,0.48204,1005,239.85
2020-03-16,2022-12-16,270.0,put,59.0,68.6,63.8,66.97,22,2621,0.28804,-0.49775,1005,239.85
2020-03-16,2022-12-16,275.0,call,25.5,30.44,27.97,26.3,44,811,0.24902,0.45712,1005,239.85
2020-03-16,2022-12-16,275.0,put,62.0,71.62,66.81,62.77,1,530,0.28804,-0.51306,1005,239.85
2020-03-16,2022-12-16,280.0,call,21.0,28.5,24.75,22.5,122,696,0.23926,0.43093,1005,239.85
2020-03-16,2022-12-16,280.0,put,65.0,74.71,69.85,68.0,5,1193,0.28804,-0.52808,1005,239.85
2020-03-16,2022-12-16,285.0,call,16.96,26.0,21.48,23.5,17,644,0.22951,0.40346,1005,239.85
2020-03-16,2022-12-16,285.0,put,68.5,77.88,73.19,71.0,900,2384,0.28804,-0.54279,1005,239.85
2020-03-16,2022-12-16,290.0,call,15.75,24.5,20.12,21.0,53,588,0.22951,0.38588,1005,239.85
2020-03-16,2022-12-16,290.0,put,71.5,81.16,76.33,70.55,11,512,0.27829,-0.56568,1005,239.85
2020-03-16,2022-12-16,295.0,call,18.05,23.53,20.79,20.0,9,685,0.23926,0.38002,1005,239.85
2020-03-16,2022-12-16,295.0,put,75.0,84.48,79.74,68.99,0,298,0.27829,-0.5802,1005,239.85
2020-03-16,2022-12-16,300.0,call,17.1,22.0,19.55,18.0,251,1444,0.23926,0.364,1005,239.85
2020-03-16,2022-12-16,300.0,put,78.09,82.0,80.05,80.0,11,451,0.25877,-0.61424,1005,239.85
2020-03-16,2022-12-16,305.0,call,10.68,20.0,15.34,16.5,1559,885,0.21975,0.32355,1005,239.85
2020-03-16,2022-12-16,305.0,put,82.0,91.37,86.69,80.0,3,137,0.27829,-0.60818,1005,239.85
2020-03-16,2022-12-16,310.0,call,14.6,19.2,16.9,14.6,424,2278,0.23926,0.33347,1005,239.85
2020-03-16,2022-12-16,310.0,put,85.06,89.0,87.03,85.0,200,235,0.24902,-0.65455,1005,239.85
2020-03-16,2022-12-16,315.0,call,11.1,15.25,13.18,12.5,14,753,0.21975,0.29244,1005,239.85
2020-03-16,2022-12-16,315.0,put,89.0,98.56,93.78,83.38,1,251,0.26853,-0.64559,1005,239.85
2020-03-16,2022-12-16,320.0,call,12.0,16.71,14.36,12.0,25,701,0.22951,0.29165,1005,239.85
2020-03-16,2022-12-16,320.0,put,92.41,99.0,95.7,96.55,14,2376,0.25877,-0.67028,1005,239.85
2020-03-16,2022-12-16,325.0,call,9.7,15.58,12.64,9.93,22,6083,0.22951,0.27784,1005,239.85
2020-03-16,2022-12-16,325.0,put,97.0,106.05,101.53,101.0,7,171,0.26853,-0.67133,1005,239.85
2020-03-16,2022-12-16,330.0,call,9.0,14.52,11.76,9.01,33,3149,0.22951,0.26456,1005,239.85
2020-03-16,2022-12-16,330.0,put,101.0,110.05,105.53,100.0,5,8568,0.26853,-0.68362,1005,239.85
2020-03-16,2022-12-16,335.0,call,8.5,13.23,10.87,8.75,19,1488,0.21975,0.23728,1005,239.85
2020-03-16,2022-12-16,335.0,put,105.0,113.98,109.49,101.24,0,130,0.26853,-0.69553,1005,239.85
2020-03-16,2022-12-16,340.0,call,7.5,9.43,8.46,8.0,130,1092,0.21,0.20972,1005,239.85
2020-03-16,2022-12-16,340.0,put,109.0,117.99,113.5,113.6,7,2288,0.26853,-0.70707,1005,239.85
2020-03-16,2022-12-16,345.0,call,6.0,11.39,8.7,7.2,15,319,0.21975,0.21309,1005,239.85
2020-03-16,2022-12-16,345.0,put,113.0,122.06,117.53,111.52,0,14,0.26853,-0.71824,1005,239.85
2020-03-16,2022-12-16,350.0,call,6.4,8.99,7.7,6.75,203,771,0.21,0.18658,1005,239.85
2020-03-16,2022-12-16,350.0,put,117.0,126.2,121.6,115.0,0,59,0.26853,-0.72904,1005,239.85
2020-03-16,2022-12-16,355.0,call,5.0,8.0,6.5,7.0,7,66,0.21,0.17585,1005,239.85
2020-03-16,2022-12-16,355.0,put,121.5,130.41,125.95,84.12,0,1,0.26853,-0.73948,1005,239.85
2020-03-16,2022-12-16,360.0,call,4.3,6.9,5.6,5.3,4,248,0.20024,0.15026,1005,239.85
2020-03-16,2022-12-16,360.0,put,126.0,134.69,130.34,124.0,0,25,0.26853,-0.74957,1005,239.85
2020-03-16,2022-12-16,365.0,call,4.3,7.16,5.73,5.51,28,2334,0.21,0.15601,1005,239.85
2020-03-16,2022-12-16,365.0,put,130.0,139.04,134.52,124.5,0,55,0.26853,-0.75931,1005,239.85
2020-03-16,2022-12-16,370.0,call,3.5,6.7,5.1,4.0,13,392,0.21,0.14685,1005,239.85
2020-03-16,2022-12-16,370.0,put,134.5,143.45,138.97,126.69,0,10,0.26853,-0.76871,1005,239.85
2020-03-16,2022-12-16,375.0,call,3.0,6.0,4.5,3.76,24,289,0.20024,0.12339,1005,239.85
2020-03-16,2022-12-16,375.0,put,139.0,147.93,143.47,138.0,0,52,0.26853,-0.77779,1005,239.85
2020-03-16,2022-12-16,380.0,call,1.8,5.44,3.62,3.8,8,108,0.20024,0.11545,1005,239.85
2020-03-16,2022-12-16,380.0,put,143.5,152.45,147.97,84.0,0,20,0.26853,-0.78654,1005,239.85
2020-03-16,2022-12-16,385.0,call,1.2,4.0,2.6,2.91,17,77,0.18073,0.07999,1005,239.85
2020-03-16,2022-12-16,385.0,put,148.0,157.03,152.51,0.0,0,0,0.26853,-0.79497,1005,239.85
2020-03-16,2022-12-16,390.0,call,1.7,3.25,2.48,2.84,22,109,0.19048,0.0872,1005,239.85
2020-03-16,2022-12-16,390.0,put,152.5,161.66,157.08,148.3,1,6,0.26853,-0.8031,1005,239.85
2020-03-16,2022-12-16,395.0,call,1.95,3.37,2.66,3.37,14,66,0.19048,0.08098,1005,239.85
2020-03-16,2022-12-16,395.0,put,157.5,166.32,161.91,166.91,1,4,0.26853,-0.81094,1005,239.85
2020-03-16,2022-12-16,400.0,call,2.1,3.0,2.55,2.05,184,1696,0.19048,0.07517,1005,239.85
2020-03-16,2022-12-16,400.0,put,162.0,171.01,166.5,165.0,53,103,0.26853,-0.81848,1005,239.85
2020-03-16,2022-12-16,420.0,call,1.39,1.85,1.62,1.0,38,611,0.19048,0.05562,1005,239.85
2020-03-16,2022-12-16,420.0,put,181.0,190.02,185.51,121.0,0,18,0.27829,-0.83334,1005,239.85
2020-03-16,2022-12-16,440.0,call,1.12,1.9,1.51,1.2,143,1490,0.20024,0.05058,1005,239.85
2020-03-16,2022-12-16,440.0,put,200.0,209.27,204.63,155.73,0,2,0.28804,-0.84521,1005,239.85
2020-03-16,2022-12-16,460.0,call,0.7,1.65,1.17,1.2,8,583,0.20024,0.03811,1005,239.85
2020-03-16,2022-12-16,460.0,put,219.0,228.64,223.82,174.81,0,3,0.2978,-0.85471,1005,239.85
2020-03-16,2022-12-16,480.0,call,0.98,1.25,1.11,1.14,73,1984,0.21,0.03617,1005,239.85
2020-03-16,2022-12-16,480.0,put,238.5,248.09,243.3,193.0,0,3,0.2978,-0.87347,1005,239.85
2020-03-16,2022-12-16,500.0,call,0.81,0.85,0.83,0.82,1109,4990,0.21,0.0278,1005,239.85
2020-03-16,2022-12-16,500.0,put,258.0,267.57,262.78,250.98,0,260,0.30755,-0.87915,1005,239.85
