date,expiration,strike,type,bid,ask,mark,last,volume,open_interest,implied_volatility,delta,dte,spot
2022-06-13,2022-06-13,156.0,call,218.52,219.76,219.14,221.11,310,0,6.5513,0.99683,0,375.0
2022-06-13,2022-06-13,157.0,call,217.52,218.76,218.14,220.14,190,0,6.50252,0.99682,0,375.0
2022-06-13,2022-06-13,158.0,call,216.52,217.76,217.14,0.0,0,0,6.45375,0.99681,0,375.0
2022-06-13,2022-06-13,200.0,call,174.52,175.76,175.14,177.24,1,0,4.79525,0.99573,0,375.0
2022-06-13,2022-06-13,250.0,call,124.52,125.76,125.14,0.0,0,0,3.2148,0.99368,0,375.0
2022-06-13,2022-06-13,285.0,call,89.52,90.76,90.14,0.0,0,0,2.25873,0.99136,0,375.0
2022-06-13,2022-06-13,290.0,call,84.52,85.76,85.14,0.0,0,0,2.1319,0.99085,0,375.0
2022-06-13,2022-06-13,295.0,call,79.52,80.76,80.14,0.0,0,0,2.00507,0.99033,0,375.0
2022-06-13,2022-06-13,300.0,call,74.52,75.76,75.14,81.0,5,0,1.87825,0.98981,0,375.0
2022-06-13,2022-06-13,305.0,call,69.52,70.76,70.14,0.0,0,0,1.76118,0.98892,0,375.0
2022-06-13,2022-06-13,310.0,call,64.52,65.76,65.14,0.0,0,0,1.63435,0.98834,0,375.0
2022-06-13,2022-06-13,315.0,call,59.52,60.76,60.14,0.0,0,0,1.51728,0.9873,0,375.0
2022-06-13,2022-06-13,320.0,call,54.52,55.76,55.14,0.0,0,0,1.39045,0.98665,0,375.0
2022-06-13,2022-06-13,325.0,call,49.52,50.76,50.14,0.0,0,0,1.27338,0.9854,0,375.0
2022-06-13,2022-06-13,330.0,call,44.52,45.76,45.14,0.0,0,0,1.15631,0.98393,0,375.0
2022-06-13,2022-06-13,335.0,call,39.52,40.76,40.14,45.04,1,1,1.03924,0.98219,0,375.0
2022-06-13,2022-06-13,340.0,call,34.52,35.76,35.14,37.8,4,0,0.92217,0.98004,0,375.0
2022-06-13,2022-06-13,341.0,call,33.52,34.76,34.14,0.0,0,0,0.89291,0.98018,0,375.0
2022-06-13,2022-06-13,342.0,call,32.52,33.76,33.14,0.0,0,0,0.87339,0.97924,0,375.0
2022-06-13,2022-06-13,343.0,call,31.52,32.76,32.14,0.0,0,0,0.84413,0.97939,0,375.0
2022-06-13,2022-06-13,344.0,call,30.52,31.76,31.14,0.0,0,0,0.82461,0.97837,0,375.0
2022-06-13,2022-06-13,345.0,call,29.52,30.76,30.14,0.0,0,0,0.8051,0.97726,0,375.0
2022-06-13,2022-06-13,346.0,call,28.52,29.76,29.14,0.0,0,0,0.77583,0.9774,0,375.0
2022-06-13,2022-06-13,347.0,call,27.52,28.76,28.14,0.0,0,0,0.75632,0.97618,0,375.0
2022-06-13,2022-06-13,348.0,call,26.52,27.76,27.14,0.0,0,0,0.72706,0.97632,0,375.0
2022-06-13,2022-06-13,349.0,call,25.52,26.76,26.14,45.86,0,1,0.70754,0.97496,0,375.0
2022-06-13,2022-06-13,350.0,call,24.52,25.76,25.14,63.07,0,1,0.67828,0.9751,0,375.0
2022-06-13,2022-06-13,351.0,call,23.52,24.76,24.14,0.0,0,0,0.65876,0.97357,0,375.0
2022-06-13,2022-06-13,352.0,call,22.52,23.76,23.14,0.0,0,0,0.63925,0.97187,0,375.0
2022-06-13,2022-06-13,353.0,call,21.52,22.76,22.14,39.09,0,6,0.60999,0.97195,0,375.0
2022-06-13,2022-06-13,354.0,call,20.52,21.76,21.14,0.0,0,0,0.59047,0.97,0,375.0
2022-06-13,2022-06-13,355.0,call,19.52,20.76,20.14,22.7,4,3,0.56121,0.97003,0,375.0
2022-06-13,2022-06-13,356.0,call,18.52,19.76,19.14,0.0,0,0,0.54169,0.96776,0,375.0
2022-06-13,2022-06-13,357.0,call,17.52,18.76,18.14,23.01,4,2,0.51243,0.96772,0,375.0
2022-06-13,2022-06-13,358.0,call,16.52,17.76,17.14,39.97,0,0,0.49292,0.965,0,375.0
2022-06-13,2022-06-13,359.0,call,15.52,16.76,16.14,0.0,0,0,0.46365,0.96484,0,375.0
2022-06-13,2022-06-13,360.0,call,14.52,15.76,15.14,14.91,33,4,0.44414,0.96152,0,375.0
2022-06-13,2022-06-13,361.0,call,13.52,14.76,14.14,0.0,0,0,0.41487,0.96114,0,375.0
2022-06-13,2022-06-13,362.0,call,12.52,13.76,13.14,51.87,0,4,0.39536,0.95695,0,375.0
2022-06-13,2022-06-13,363.0,call,11.52,12.76,12.14,13.86,24,5,0.36609,0.95619,0,375.0
2022-06-13,2022-06-13,364.0,call,10.52,11.76,11.14,12.27,10,1,0.34658,0.95068,0,375.0
2022-06-13,2022-06-13,365.0,call,9.52,10.76,10.14,10.06,70,12,0.31731,0.94919,0,375.0
2022-06-13,2022-06-13,366.0,call,8.52,9.76,9.14,0.0,0,0,0.28804,0.94742,0,375.0
2022-06-13,2022-06-13,367.0,call,7.52,8.76,8.14,10.03,33,0,0.26853,0.93857,0,375.0
2022-06-13,2022-06-13,368.0,call,6.52,7.76,7.14,6.36,42,1,0.23926,0.93482,0,375.0
2022-06-13,2022-06-13,369.0,call,5.52,6.76,6.14,7.53,48,0,0.21,0.92989,0,375.0
2022-06-13,2022-06-13,370.0,call,4.52,5.76,5.14,4.8,1661,153,0.18073,0.92308,0,375.0
2022-06-13,2022-06-13,371.0,call,3.53,4.76,4.14,2.4,84,55,0.15146,0.91301,0,375.0
2022-06-13,2022-06-13,372.0,call,2.53,3.3,2.92,3.34,1607,0,0.01488,1.0,0,375.0
2022-06-13,2022-06-13,373.0,call,1.91,2.5,2.21,2.04,2768,2,0.11244,0.82003,0,375.0
2022-06-13,2022-06-13,373.0,put,0.01,0.02,0.01,0.01,82173,3537,0.0539,-0.0284,0,375.0
2022-06-13,2022-06-13,374.0,call,1.0,1.51,1.25,1.14,14877,4,0.08317,0.73263,0,375.0
2022-06-13,2022-06-13,374.0,put,0.03,0.04,0.04,0.04,121477,3240,0.04415,-0.12169,0,375.0
2022-06-13,2022-06-13,375.0,call,0.32,0.37,0.34,0.37,39789,229,0.04415,0.50439,0,375.0
2022-06-13,2022-06-13,375.0,put,0.18,0.22,0.2,0.22,338672,8701,0.02463,-0.49271,0,375.0
2022-06-13,2022-06-13,376.0,call,0.04,0.06,0.05,0.06,65268,4,0.04415,0.12683,0,375.0
2022-06-13,2022-06-13,376.0,put,0.79,1.33,1.06,0.86,180251,4821,0.04415,-0.87317,0,375.0
2022-06-13,2022-06-13,377.0,call,0.01,0.02,0.01,0.01,83547,26,0.0539,0.03034,0,375.0
2022-06-13,2022-06-13,377.0,put,1.78,2.33,2.06,1.75,219699,4470,0.07341,-0.91565,0,375.0
2022-06-13,2022-06-13,378.0,put,2.48,3.47,2.98,3.0,184882,3433,0.01488,-1.0,0,375.0
2022-06-13,2022-06-13,379.0,put,3.77,4.1,3.93,3.5,129464,8084,0.01488,-1.0,0,375.0
2022-06-13,2022-06-13,380.0,put,4.78,4.99,4.88,4.7,137992,28816,0.01488,-1.0,0,375.0
2022-06-13,2022-06-13,381.0,put,5.78,6.46,6.12,5.75,37442,8625,0.21,-0.92458,0,375.0
2022-06-13,2022-06-13,382.0,put,6.22,7.15,6.69,6.66,14358,15411,0.01488,-1.0,0,375.0
2022-06-13,2022-06-13,383.0,put,7.25,8.46,7.86,8.28,6917,13120,0.01488,-1.0,0,375.0
2022-06-13,2022-06-13,384.0,put,8.76,9.46,9.11,9.04,5450,9183,0.27829,-0.94731,0,375.0
2022-06-13,2022-06-13,385.0,put,9.24,10.48,9.86,9.68,14617,17195,0.01488,-1.0,0,375.0
2022-06-13,2022-06-13,386.0,put,10.23,11.46,10.85,11.12,3659,6148,0.01488,-1.0,0,375.0
2022-06-13,2022-06-13,387.0,put,11.76,12.46,12.11,11.6,6433,10405,0.34658,-0.95783,0,375.0
2022-06-13,2022-06-13,388.0,put,12.76,13.44,13.1,12.83,8588,7517,0.36609,-0.96145,0,375.0
2022-06-13,2022-06-13,389.0,put,13.42,14.41,13.91,14.24,2870,8793,0.01488,-1.0,0,375.0
2022-06-13,2022-06-13,390.0,put,14.43,15.46,14.95,14.88,9254,15197,0.01488,-1.0,0,375.0
2022-06-13,2022-06-13,391.0,put,15.54,16.48,16.01,15.85,4018,12129,0.33682,-0.99086,0,375.0
2022-06-13,2022-06-13,392.0,put,16.23,17.47,16.85,17.0,3281,10215,0.01488,-1.0,0,375.0
2022-06-13,2022-06-13,393.0,put,17.22,18.48,17.85,17.9,1434,12033,0.01488,-1.0,0,375.0
2022-06-13,2022-06-13,394.0,put,18.72,19.48,19.1,18.22,1146,3185,0.49292,-0.97141,0,375.0
2022-06-13,2022-06-13,395.0,put,19.77,20.48,20.12,19.98,7119,11125,0.53194,-0.96795,0,375.0
2022-06-13,2022-06-13,396.0,put,20.23,21.48,20.86,21.78,629,2198,0.01488,-1.0,0,375.0
2022-06-13,2022-06-13,397.0,put,21.23,22.48,21.86,22.29,534,3790,0.01488,-1.0,0,375.0
2022-06-13,2022-06-13,398.0,put,22.23,23.48,22.86,22.62,504,3204,0.01488,-1.0,0,375.0
2022-06-13,2022-06-13,399.0,put,23.23,24.48,23.86,24.75,713,2869,0.01488,-1.0,0,375.0
2022-06-13,2022-06-13,400.0,put,24.23,25.48,24.86,24.81,6777,14041,0.01488,-1.0,0,375.0
2022-06-13,2022-06-13,401.0,put,25.23,26.47,25.85,25.88,274,2878,0.01488,-1.0,0,375.0
2022-06-13,2022-06-13,402.0,put,26.23,27.47,26.85,27.37,602,4074,0.01488,-1.0,0,375.0
2022-06-13,2022-06-13,403.0,put,27.24,28.47,27.85,28.1,152,4111,0.01488,-1.0,0,375.0
2022-06-13,2022-06-13,404.0,put,28.23,29.47,28.85,29.15,673,3976,0.01488,-1.0,0,375.0
2022-06-13,2022-06-13,405.0,put,29.23,30.47,29.85,30.62,1571,5295,0.01488,-1.0,0,375.0
2022-06-13,2022-06-13,406.0,put,30.24,31.47,30.85,31.2,83,3522,0.01488,-1.0,0,375.0
2022-06-13,2022-06-13,407.0,put,31.24,32.47,31.85,32.47,170,1836,0.01488,-1.0,0,375.0
2022-06-13,2022-06-13,408.0,put,32.24,33.47,32.86,33.51,109,3713,0.01488,-1.0,0,375.0
2022-06-13,2022-06-13,409.0,put,33.24,34.47,33.86,32.93,112,3664,0.01488,-1.0,0,375.0
2022-06-13,2022-06-13,410.0,put,34.23,35.47,34.85,34.23,2073,6007,0.01488,-1.0,0,375.0
2022-06-13,2022-06-13,411.0,put,35.23,36.47,35.85,36.24,88,2300,0.01488,-1.0,0,375.0
2022-06-13,2022-06-13,412.0,put,36.23,37.47,36.85,37.24,137,2334,0.01488,-1.0,0,375.0
2022-06-13,2022-06-13,413.0,put,37.23,38.47,37.85,38.0,9,2161,0.01488,-1.0,0,375.0
2022-06-13,2022-06-13,414.0,put,38.23,39.47,38.85,40.4,230,2157,0.01488,-1.0,0,375.0
2022-06-13,2022-06-13,415.0,put,39.23,40.47,39.85,38.22,49,2122,0.01488,-1.0,0,375.0
2022-06-13,2022-06-13,416.0,put,40.23,41.47,40.85,41.11,7,1451,0.01488,-1.0,0,375.0
2022-06-13,2022-06-13,417.0,put,41.23,42.47,41.85,37.46,7,672,0.01488,-1.0,0,375.0
2022-06-13,2022-06-13,418.0,put,42.23,43.47,42.85,40.56,100,264,0.01488,-1.0,0,375.0
2022-06-13,2022-06-13,419.0,put,43.23,44.47,43.85,40.31,2,236,0.01488,-1.0,0,375.0
2022-06-13,2022-06-13,420.0,put,44.23,45.47,44.85,43.86,64,371,0.01488,-1.0,0,375.0
2022-06-13,2022-06-13,421.0,put,45.23,46.47,45.85,46.91,4,391,0.01488,-1.0,0,375.0
2022-06-13,2022-06-13,422.0,put,46.23,47.47,46.85,42.63,1,25,0.01488,-1.0,0,375.0
2022-06-13,2022-06-13,423.0,put,47.23,48.47,47.85,42.08,1,4,0.01488,-1.0,0,375.0
2022-06-13,2022-06-13,424.0,put,48.23,49.47,48.85,45.8,3,7,0.01488,-1.0,0,375.0
2022-06-13,2022-06-13,425.0,put,49.23,50.47,49.85,46.03,21,19,0.01488,-1.0,0,375.0
2022-06-13,2022-06-13,426.0,put,50.23,51.47,50.85,34.29,0,0,0.01488,-1.0,0,375.0
2022-06-13,2022-06-13,427.0,put,51.23,52.47,51.85,18.37,0,0,0.01488,-1.0,0,375.0
2022-06-13,2022-06-13,428.0,put,52.23,53.47,52.85,19.86,0,0,0.01488,-1.0,0,375.0
2022-06-13,2022-06-13,429.0,put,53.23,54.47,53.85,37.19,0,1,0.01488,-1.0,0,375.0
2022-06-13,2022-06-13,430.0,put,54.23,55.47,54.85,54.48,1,6,0.01488,-1.0,0,375.0
2022-06-13,2022-06-13,431.0,put,55.23,56.47,55.85,15.97,0,90,0.01488,-1.0,0,375.0
2022-06-13,2022-06-13,432.0,put,56.23,57.47,56.85,22.92,0,1,0.01488,-1.0,0,375.0
2022-06-13,2022-06-13,433.0,put,57.23,58.47,57.85,23.36,0,9,0.01488,-1.0,0,375.0
2022-06-13,2022-06-13,434.0,put,58.23,59.47,58.85,42.25,0,0,0.01488,-1.0,0,375.0
2022-06-13,2022-06-13,435.0,put,59.23,60.47,59.85,42.95,0,0,0.01488,-1.0,0,375.0
2022-06-13,2022-06-13,436.0,put,60.23,61.47,60.85,23.51,0,0,0.01488,-1.0,0,375.0
2022-06-13,2022-06-13,437.0,put,61.23,62.47,61.85,45.24,0,0,0.01488,-1.0,0,375.0
2022-06-13,2022-06-13,438.0,put,62.23,63.47,62.85,25.82,0,5,0.01488,-1.0,0,375.0
2022-06-13,2022-06-13,439.0,put,63.23,64.47,63.85,0.0,0,0,0.01488,-1.0,0,375.0
2022-06-13,2022-06-13,440.0,put,64.23,65.47,64.85,49.0,0,3,0.01488,-1.0,0,375.0
2022-06-13,2022-06-13,441.0,put,65.23,66.47,65.85,0.0,0,0,0.01488,-1.0,0,375.0
2022-06-13,2022-06-13,442.0,put,66.23,67.47,66.85,30.65,0,0,0.01488,-1.0,0,375.0
2022-06-13,2022-06-13,443.0,put,67.23,68.47,67.85,29.8,0,0,0.01488,-1.0,0,375.0
2022-06-13,2022-06-13,444.0,put,68.23,69.47,68.85,0.0,0,0,0.01488,-1.0,0,375.0
2022-06-13,2022-06-13,445.0,put,69.23,70.47,69.85,52.99,0,0,0.01488,-1.0,0,375.0
2022-06-13,2022-06-13,446.0,put,70.23,71.47,70.85,0.0,0,0,0.01488,-1.0,0,375.0
2022-06-13,2022-06-13,447.0,put,71.23,72.47,71.85,0.0,0,0,0.01488,-1.0,0,375.0
2022-06-13,2022-06-13,448.0,put,72.23,73.47,72.85,0.0,0,0,0.01488,-1.0,0,375.0
2022-06-13,2022-06-13,449.0,put,73.23,74.47,73.85,0.0,0,0,0.01488,-1.0,0,375.0
2022-06-13,2022-06-13,450.0,put,74.23,75.47,74.85,59.61,0,0,0.01488,-1.0,0,375.0
2022-06-13,2022-06-13,451.0,put,75.23,76.47,75.85,0.0,0,0,0.01488,-1.0,0,375.0
2022-06-13,2022-06-13,452.0,put,76.23,77.47,76.85,40.35,0,0,0.01488,-1.0,0,375.0
2022-06-13,2022-06-13,453.0,put,77.23,78.47,77.85,0.0,0,0,0.01488,-1.0,0,375.0
2022-06-13,2022-06-13,454.0,put,78.23,79.47,78.85,0.0,0,0,0.01488,-1.0,0,375.0
2022-06-13,2022-06-13,455.0,put,79.23,80.47,79.85,53.54,0,0,0.01488,-1.0,0,375.0
2022-06-13,2022-06-13,456.0,put,80.23,81.47,80.85,0.0,0,0,0.01488,-1.0,0,375.0
2022-06-13,2022-06-13,457.0,put,81.23,82.47,81.85,0.0,0,0,0.01488,-1.0,0,375.0
2022-06-13,2022-06-13,458.0,put,82.23,83.47,82.85,0.0,0,0,0.01488,-1.0,0,375.0
2022-06-13,2022-06-13,459.0,put,83.23,84.47,83.85,0.0,0,0,0.01488,-1.0,0,375.0
2022-06-13,2022-06-13,460.0,put,84.23,85.47,84.85,0.0,0,0,0.01488,-1.0,0,375.0
2022-06-13,2022-06-13,461.0,put,85.23,86.47,85.85,0.0,0,0,0.01488,-1.0,0,375.0
2022-06-13,2022-06-13,462.0,put,86.23,87.47,86.85,0.0,0,0,0.01488,-1.0,0,375.0
2022-06-13,2022-06-13,463.0,put,87.23,88.47,87.85,0.0,0,0,0.01488,-1.0,0,375.0
2022-06-13,2022-06-13,464.0,put,88.23,89.47,88.85,0.0,0,0,0.01488,-1.0,0,375.0
2022-06-13,2022-06-13,465.0,put,89.23,90.47,89.85,0.0,0,0,0.01488,-1.0,0,375.0
2022-06-13,2022-06-13,466.0,put,90.23,91.47,90.85,0.0,0,0,0.01488,-1.0,0,375.0
2022-06-13,2022-06-13,467.0,put,91.23,92.47,91.85,0.0,0,0,0.01488,-1.0,0,375.0
2022-06-13,2022-06-13,468.0,put,92.23,93.47,92.85,0.0,0,0,0.01488,-1.0,0,375.0
2022-06-13,2022-06-13,469.0,put,93.23,94.47,93.85,0.0,0,0,0.01488,-1.0,0,375.0
2022-06-13,2022-06-13,470.0,put,94.23,95.47,94.85,91.12,4,4,0.01488,-1.0,0,375.0
2022-06-13,2022-06-13,471.0,put,95.23,96.47,95.85,0.0,0,0,0.01488,-1.0,0,375.0
2022-06-13,2022-06-13,472.0,put,96.23,97.47,96.85,97.67,2,0,0.01488,-1.0,0,375.0
2022-06-13,2022-06-13,473.0,put,97.23,98.47,97.85,0.0,0,0,0.01488,-1.0,0,375.0
2022-06-13,2022-06-13,480.0,put,104.23,105.47,104.85,65.47,0,0,0.01488,-1.0,0,375.0
2022-06-13,2022-06-13,490.0,put,114.23,115.47,114.85,76.51,0,0,0.01488,-1.0,0,375.0
2022-06-13,2022-06-15,156.0,call,218.58,219.77,219.18,224.0,2,0,4.75623,0.99618,2,375.0
2022-06-13,2022-06-15,157.0,call,217.58,218.77,218.18,0.0,0,0,4.72696,0.99613,2,375.0
2022-06-13,2022-06-15,158.0,call,216.58,217.77,217.18,0.0,0,0,4.68793,0.99614,2,375.0
2022-06-13,2022-06-15,200.0,call,174.58,175.76,175.17,0.0,0,0,3.4587,0.99511,2,375.0
2022-06-13,2022-06-15,250.0,call,124.91,125.45,125.18,127.69,1,0,2.33677,0.99247,2,375.0
2022-06-13,2022-06-15,285.0,call,89.92,90.42,90.17,0.0,0,0,1.63435,0.99008,2,375.0
2022-06-13,2022-06-15,285.0,put,0.02,0.03,0.03,0.02,1600,1410,1.35143,-0.0026,2,375.0
2022-06-13,2022-06-15,290.0,call,84.92,85.42,85.17,86.71,10,0,1.53679,0.98974,2,375.0
2022-06-13,2022-06-15,290.0,put,0.02,0.03,0.03,0.04,183,115,1.27338,-0.00276,2,375.0
2022-06-13,2022-06-15,295.0,call,79.93,80.43,80.18,0.0,0,0,1.45875,0.98859,2,375.0
2022-06-13,2022-06-15,295.0,put,0.03,0.04,0.04,0.04,168,2088,1.23436,-0.00377,2,375.0
2022-06-13,2022-06-15,300.0,call,74.93,75.44,75.19,0.0,0,0,1.3807,0.98729,2,375.0
2022-06-13,2022-06-15,300.0,put,0.03,0.04,0.04,0.04,2184,2830,1.15631,-0.00402,2,375.0
2022-06-13,2022-06-15,305.0,call,69.94,70.44,70.19,0.0,0,0,1.2929,0.98635,2,375.0
2022-06-13,2022-06-15,305.0,put,0.04,0.05,0.04,0.05,3612,3542,1.07827,-0.00428,2,375.0
2022-06-13,2022-06-15,310.0,call,64.88,65.45,65.16,0.0,0,0,1.17583,0.98716,2,375.0
2022-06-13,2022-06-15,310.0,put,0.05,0.06,0.06,0.06,934,2515,1.049,-0.00637,2,375.0
2022-06-13,2022-06-15,315.0,call,59.89,60.47,60.18,0.0,0,0,1.10753,0.98493,2,375.0
2022-06-13,2022-06-15,315.0,put,0.06,0.07,0.07,0.07,601,313,0.98071,-0.00737,2,375.0
2022-06-13,2022-06-15,320.0,call,54.9,55.48,55.19,58.86,6,0,1.02949,0.983,2,375.0
2022-06-13,2022-06-15,320.0,put,0.07,0.08,0.08,0.08,1556,674,0.92217,-0.00918,2,375.0
2022-06-13,2022-06-15,325.0,call,49.94,50.5,50.22,60.4,0,5,0.9612,0.97969,2,375.0
2022-06-13,2022-06-15,325.0,put,0.1,0.11,0.11,0.1,4097,824,0.87339,-0.01234,2,375.0
2022-06-13,2022-06-15,330.0,call,44.94,45.53,45.23,48.77,2,0,0.88315,0.97664,2,375.0
2022-06-13,2022-06-15,330.0,put,0.12,0.13,0.12,0.13,2129,928,0.8051,-0.01479,2,375.0
2022-06-13,2022-06-15,335.0,call,39.98,40.58,40.28,42.2,2,0,0.82461,0.96989,2,375.0
2022-06-13,2022-06-15,335.0,put,0.16,0.17,0.17,0.17,3683,1438,0.76608,-0.02178,2,375.0
2022-06-13,2022-06-15,340.0,call,35.1,35.64,35.37,35.2,9,5,0.76608,0.96054,2,375.0
2022-06-13,2022-06-15,340.0,put,0.22,0.23,0.23,0.22,6179,600,0.70754,-0.02886,2,375.0
2022-06-13,2022-06-15,345.0,call,30.19,30.73,30.46,29.75,9,0,0.70754,0.94728,2,375.0
2022-06-13,2022-06-15,345.0,put,0.31,0.32,0.32,0.31,8822,650,0.65876,-0.04135,2,375.0
2022-06-13,2022-06-15,350.0,call,25.32,25.88,25.6,25.4,398,37,0.64901,0.928,2,375.0
2022-06-13,2022-06-15,350.0,put,0.46,0.47,0.46,0.47,17162,3018,0.60999,-0.06038,2,375.0
2022-06-13,2022-06-15,351.0,call,24.37,24.96,24.66,0.0,0,0,0.63925,0.92254,2,375.0
2022-06-13,2022-06-15,351.0,put,0.5,0.51,0.51,0.51,3131,315,0.60999,-0.06833,2,375.0
2022-06-13,2022-06-15,352.0,call,23.41,24.01,23.71,0.0,0,0,0.6295,0.91661,2,375.0
2022-06-13,2022-06-15,352.0,put,0.55,0.56,0.56,0.55,6627,184,0.60023,-0.07384,2,375.0
2022-06-13,2022-06-15,353.0,call,22.47,23.06,22.77,24.7,2,0,0.6295,0.90687,2,375.0
2022-06-13,2022-06-15,353.0,put,0.6,0.61,0.6,0.59,3457,35,0.59047,-0.07985,2,375.0
2022-06-13,2022-06-15,354.0,call,21.46,22.07,21.77,20.81,36,0,0.60023,0.90663,2,375.0
2022-06-13,2022-06-15,354.0,put,0.66,0.67,0.67,0.64,5574,249,0.58072,-0.08641,2,375.0
2022-06-13,2022-06-15,355.0,call,20.59,21.13,20.86,20.14,12,8,0.60023,0.89559,2,375.0
2022-06-13,2022-06-15,355.0,put,0.72,0.73,0.72,0.71,8725,814,0.57096,-0.09358,2,375.0
2022-06-13,2022-06-15,356.0,call,19.66,20.2,19.93,19.2,17,0,0.59047,0.88734,2,375.0
2022-06-13,2022-06-15,356.0,put,0.79,0.8,0.8,0.78,5850,833,0.57096,-0.1052,2,375.0
2022-06-13,2022-06-15,357.0,call,18.75,19.28,19.02,21.09,18,1,0.58072,0.87837,2,375.0
2022-06-13,2022-06-15,357.0,put,0.87,0.88,0.88,0.86,5903,297,0.56121,-0.11392,2,375.0
2022-06-13,2022-06-15,358.0,call,17.84,18.37,18.11,20.33,12,0,0.57096,0.86862,2,375.0
2022-06-13,2022-06-15,358.0,put,0.96,0.98,0.97,0.97,6299,738,0.55145,-0.12342,2,375.0
2022-06-13,2022-06-15,359.0,call,16.95,17.47,17.21,17.1,11,4,0.57096,0.85403,2,375.0
2022-06-13,2022-06-15,359.0,put,1.06,1.08,1.07,1.03,5374,1228,0.55145,-0.13792,2,375.0
2022-06-13,2022-06-15,360.0,call,16.07,16.63,16.35,16.62,347,32,0.56121,0.84244,2,375.0
2022-06-13,2022-06-15,360.0,put,1.18,1.19,1.19,1.18,59937,1638,0.54169,-0.14935,2,375.0
2022-06-13,2022-06-15,361.0,call,15.23,15.71,15.47,19.01,3,1,0.56121,0.82581,2,375.0
2022-06-13,2022-06-15,361.0,put,1.3,1.33,1.31,1.29,6827,1281,0.53194,-0.16179,2,375.0
2022-06-13,2022-06-15,362.0,call,14.38,14.86,14.62,14.36,2,2,0.55145,0.81215,2,375.0
2022-06-13,2022-06-15,362.0,put,1.45,1.47,1.46,1.43,5583,621,0.53194,-0.17961,2,375.0
2022-06-13,2022-06-15,363.0,call,13.55,14.01,13.78,12.5,16,2,0.54169,0.79737,2,375.0
2022-06-13,2022-06-15,363.0,put,1.61,1.64,1.62,1.57,8749,825,0.52218,-0.19437,2,375.0
2022-06-13,2022-06-15,364.0,call,12.74,13.19,12.96,12.7,61,3,0.54169,0.77747,2,375.0
2022-06-13,2022-06-15,364.0,put,1.79,1.82,1.81,1.77,12596,1319,0.52218,-0.21455,2,375.0
2022-06-13,2022-06-15,365.0,call,11.94,12.39,12.16,11.81,258,20,0.53194,0.7603,2,375.0
2022-06-13,2022-06-15,365.0,put,2.0,2.02,2.01,1.99,31022,6620,0.52218,-0.23584,2,375.0
2022-06-13,2022-06-15,366.0,call,11.17,11.61,11.39,10.69,41,5,0.53194,0.73819,2,375.0
2022-06-13,2022-06-15,366.0,put,2.21,2.24,2.23,2.16,12664,2722,0.51243,-0.25443,2,375.0
2022-06-13,2022-06-15,367.0,call,10.43,10.85,10.64,10.78,75,12,0.52218,0.7185,2,375.0
2022-06-13,2022-06-15,367.0,put,2.47,2.49,2.48,2.42,10431,1702,0.51243,-0.27804,2,375.0
2022-06-13,2022-06-15,368.0,call,9.71,10.11,9.91,10.02,77,0,0.52218,0.69427,2,375.0
2022-06-13,2022-06-15,368.0,put,2.72,2.76,2.74,2.68,34360,3173,0.50267,-0.29936,2,375.0
2022-06-13,2022-06-15,369.0,call,9.02,9.36,9.19,9.24,151,3,0.51243,0.67198,2,375.0
2022-06-13,2022-06-15,369.0,put,3.02,3.05,3.04,3.03,14267,2279,0.50267,-0.32517,2,375.0
2022-06-13,2022-06-15,370.0,call,8.38,8.61,8.5,8.54,6519,16,0.51243,0.64581,2,375.0
2022-06-13,2022-06-15,370.0,put,3.34,3.36,3.35,3.36,69889,3464,0.50267,-0.35176,2,375.0
2022-06-13,2022-06-15,371.0,call,7.75,7.98,7.87,7.33,246,0,0.51243,0.61901,2,375.0
2022-06-13,2022-06-15,371.0,put,3.68,3.71,3.7,3.68,12579,2307,0.49292,-0.37699,2,375.0
2022-06-13,2022-06-15,372.0,call,7.18,7.25,7.21,7.36,780,12,0.50267,0.59316,2,375.0
2022-06-13,2022-06-15,372.0,put,4.04,4.08,4.06,4.07,16869,2994,0.49292,-0.40531,2,375.0
2022-06-13,2022-06-15,373.0,call,6.58,6.65,6.62,6.73,2793,1,0.50267,0.56495,2,375.0
2022-06-13,2022-06-15,373.0,put,4.43,4.48,4.46,4.42,21933,3027,0.49292,-0.43406,2,375.0
2022-06-13,2022-06-15,374.0,call,6.01,6.07,6.04,6.15,4548,0,0.50267,0.53649,2,375.0
2022-06-13,2022-06-15,374.0,put,4.86,4.91,4.88,4.85,30534,3621,0.48316,-0.46263,2,375.0
2022-06-13,2022-06-15,375.0,call,5.49,5.54,5.52,5.52,12623,118,0.49292,0.50777,2,375.0
2022-06-13,2022-06-15,375.0,put,5.31,5.36,5.33,5.32,93816,6319,0.48316,-0.49236,2,375.0
2022-06-13,2022-06-15,376.0,call,4.99,5.02,5.0,5.04,15513,106,0.49292,0.47867,2,375.0
2022-06-13,2022-06-15,376.0,put,5.8,5.83,5.81,5.79,36422,2316,0.48316,-0.52205,2,375.0
2022-06-13,2022-06-15,377.0,call,4.49,4.54,4.52,4.5,18941,353,0.49292,0.44975,2,375.0
2022-06-13,2022-06-15,377.0,put,6.32,6.39,6.36,6.22,39767,3851,0.4734,-0.55289,2,375.0
2022-06-13,2022-06-15,378.0,call,4.06,4.09,4.07,4.12,29683,279,0.49292,0.42117,2,375.0
2022-06-13,2022-06-15,378.0,put,6.86,6.91,6.88,6.78,37312,2611,0.4734,-0.58261,2,375.0
2022-06-13,2022-06-15,379.0,call,3.62,3.67,3.65,3.72,18291,207,0.48316,0.39069,2,375.0
2022-06-13,2022-06-15,379.0,put,7.4,7.54,7.47,7.4,29212,2836,0.4734,-0.61178,2,375.0
2022-06-13,2022-06-15,380.0,call,3.24,3.28,3.26,3.28,67469,649,0.48316,0.36272,2,375.0
2022-06-13,2022-06-15,380.0,put,8.02,8.18,8.1,8.21,40004,10153,0.4734,-0.64026,2,375.0
2022-06-13,2022-06-15,381.0,call,2.88,2.91,2.9,2.9,24585,250,0.48316,0.33554,2,375.0
2022-06-13,2022-06-15,381.0,put,8.57,8.91,8.74,9.09,7128,3020,0.46365,-0.67148,2,375.0
2022-06-13,2022-06-15,382.0,call,2.55,2.59,2.57,2.57,23135,275,0.48316,0.30926,2,375.0
2022-06-13,2022-06-15,382.0,put,9.23,9.6,9.41,10.01,4525,14578,0.46365,-0.6986,2,375.0
2022-06-13,2022-06-15,383.0,call,2.25,2.3,2.27,2.29,13807,159,0.4734,0.27976,2,375.0
2022-06-13,2022-06-15,383.0,put,9.87,10.3,10.09,10.01,2189,2919,0.46365,-0.7246,2,375.0
2022-06-13,2022-06-15,384.0,call,1.98,2.02,2.0,1.99,10196,173,0.4734,0.25528,2,375.0
2022-06-13,2022-06-15,384.0,put,10.58,11.03,10.8,11.2,4054,2219,0.45389,-0.75419,2,375.0
2022-06-13,2022-06-15,385.0,call,1.73,1.75,1.74,1.74,53380,10960,0.4734,0.23203,2,375.0
2022-06-13,2022-06-15,385.0,put,11.35,11.78,11.56,11.59,9490,6257,0.45389,-0.7779,2,375.0
2022-06-13,2022-06-15,386.0,call,1.51,1.54,1.52,1.51,11726,858,0.4734,0.21006,2,375.0
2022-06-13,2022-06-15,386.0,put,12.12,12.56,12.34,12.8,1336,3106,0.45389,-0.8002,2,375.0
2022-06-13,2022-06-15,387.0,call,1.31,1.33,1.32,1.32,10876,1229,0.4734,0.18942,2,375.0
2022-06-13,2022-06-15,387.0,put,12.91,13.36,13.13,13.5,1882,2982,0.44414,-0.82646,2,375.0
2022-06-13,2022-06-15,388.0,call,1.13,1.16,1.15,1.14,14155,3135,0.4734,0.17012,2,375.0
2022-06-13,2022-06-15,388.0,put,13.72,14.19,13.96,14.24,1087,2688,0.44414,-0.84584,2,375.0
2022-06-13,2022-06-15,389.0,call,0.98,0.99,0.98,1.02,12896,1993,0.46365,0.14698,2,375.0
2022-06-13,2022-06-15,389.0,put,14.56,15.03,14.79,14.96,621,3601,0.43438,-0.86916,2,375.0
2022-06-13,2022-06-15,390.0,call,0.85,0.86,0.85,0.85,49437,4395,0.46365,0.13045,2,375.0
2022-06-13,2022-06-15,390.0,put,15.42,15.9,15.66,15.69,5480,7886,0.43438,-0.88537,2,375.0
2022-06-13,2022-06-15,391.0,call,0.72,0.74,0.73,0.75,9233,4952,0.46365,0.11528,2,375.0
2022-06-13,2022-06-15,391.0,put,16.25,16.82,16.54,17.1,1271,3240,0.43438,-0.90006,2,375.0
2022-06-13,2022-06-15,392.0,call,0.62,0.64,0.63,0.65,7729,2822,0.46365,0.10145,2,375.0
2022-06-13,2022-06-15,392.0,put,17.19,17.72,17.45,17.4,1009,2826,0.43438,-0.9133,2,375.0
2022-06-13,2022-06-15,393.0,call,0.53,0.55,0.54,0.57,5332,2484,0.46365,0.0889,2,375.0
2022-06-13,2022-06-15,393.0,put,18.06,18.63,18.34,18.42,449,7521,0.42462,-0.92982,2,375.0
2022-06-13,2022-06-15,394.0,call,0.46,0.48,0.47,0.49,9411,2490,0.4734,0.08202,2,375.0
2022-06-13,2022-06-15,394.0,put,18.99,19.56,19.27,19.96,817,3802,0.42462,-0.94006,2,375.0
2022-06-13,2022-06-15,395.0,call,0.4,0.41,0.41,0.41,19719,4991,0.4734,0.07161,2,375.0
2022-06-13,2022-06-15,395.0,put,19.92,20.5,20.21,20.56,861,4390,0.41487,-0.95304,2,375.0
2022-06-13,2022-06-15,396.0,call,0.34,0.35,0.34,0.35,7746,2229,0.4734,0.06226,2,375.0
2022-06-13,2022-06-15,396.0,put,20.91,21.45,21.18,21.14,175,2619,0.42462,-0.95695,2,375.0
2022-06-13,2022-06-15,397.0,call,0.3,0.31,0.3,0.31,4465,1260,0.4734,0.05391,2,375.0
2022-06-13,2022-06-15,397.0,put,21.86,22.4,22.13,22.56,221,2882,0.41487,-0.96708,2,375.0
2022-06-13,2022-06-15,398.0,call,0.26,0.27,0.27,0.26,4320,1512,0.48316,0.04996,2,375.0
2022-06-13,2022-06-15,398.0,put,22.83,23.36,23.09,23.96,259,5111,0.40511,-0.97549,2,375.0
2022-06-13,2022-06-15,399.0,call,0.22,0.23,0.23,0.23,3534,1482,0.48316,0.04314,2,375.0
2022-06-13,2022-06-15,399.0,put,23.79,24.33,24.06,24.7,390,3197,0.40511,-0.97992,2,375.0
2022-06-13,2022-06-15,400.0,call,0.19,0.2,0.2,0.2,29723,5853,0.48316,0.0371,2,375.0
2022-06-13,2022-06-15,400.0,put,24.77,25.3,25.04,25.25,2862,6365,0.39536,-0.9857,2,375.0
2022-06-13,2022-06-15,401.0,call,0.17,0.18,0.17,0.17,3056,2573,0.48316,0.03179,2,375.0
2022-06-13,2022-06-15,401.0,put,25.74,26.27,26.0,27.35,442,2268,0.35633,-0.99424,2,375.0
2022-06-13,2022-06-15,402.0,call,0.15,0.16,0.15,0.15,4688,4260,0.49292,0.02965,2,375.0
2022-06-13,2022-06-15,402.0,put,26.72,27.25,26.98,27.71,342,1552,0.01488,-1.0,2,375.0
2022-06-13,2022-06-15,403.0,call,0.13,0.14,0.14,0.13,2674,3911,0.50267,0.02772,2,375.0
2022-06-13,2022-06-15,403.0,put,27.71,28.23,27.97,29.42,106,1238,0.01488,-1.0,2,375.0
2022-06-13,2022-06-15,404.0,call,0.11,0.12,0.11,0.12,11065,3109,0.49292,0.02159,2,375.0
2022-06-13,2022-06-15,404.0,put,28.69,29.21,28.95,29.2,113,2024,0.01488,-1.0,2,375.0
2022-06-13,2022-06-15,405.0,call,0.09,0.1,0.1,0.1,5979,7494,0.50267,0.02026,2,375.0
2022-06-13,2022-06-15,405.0,put,29.68,30.2,29.94,30.27,731,4280,0.01488,-1.0,2,375.0
2022-06-13,2022-06-15,406.0,call,0.08,0.09,0.08,0.09,14647,3374,0.50267,0.01722,2,375.0
2022-06-13,2022-06-15,406.0,put,30.67,31.18,30.93,31.7,114,2133,0.01488,-1.0,2,375.0
2022-06-13,2022-06-15,407.0,call,0.07,0.08,0.08,0.07,2176,3015,0.51243,0.01623,2,375.0
2022-06-13,2022-06-15,407.0,put,31.66,32.17,31.91,32.5,385,2383,0.01488,-1.0,2,375.0
2022-06-13,2022-06-15,408.0,call,0.06,0.07,0.07,0.06,1149,3915,0.51243,0.01379,2,375.0
2022-06-13,2022-06-15,408.0,put,32.66,33.16,32.91,32.73,151,2843,0.01488,-1.0,2,375.0
2022-06-13,2022-06-15,409.0,call,0.05,0.06,0.06,0.06,377,3573,0.51243,0.01167,2,375.0
2022-06-13,2022-06-15,409.0,put,33.65,34.15,33.9,34.62,89,2406,0.01488,-1.0,2,375.0
2022-06-13,2022-06-15,410.0,call,0.05,0.06,0.06,0.04,4055,9214,0.53194,0.01237,2,375.0
2022-06-13,2022-06-15,410.0,put,34.65,35.14,34.89,35.11,276,5583,0.01488,-1.0,2,375.0
2022-06-13,2022-06-15,411.0,call,0.04,0.05,0.04,0.05,2480,4576,0.51243,0.00828,2,375.0
2022-06-13,2022-06-15,411.0,put,35.64,36.14,35.89,36.22,48,4262,0.01488,-1.0,2,375.0
2022-06-13,2022-06-15,412.0,call,0.03,0.04,0.04,0.04,2802,3857,0.52218,0.00789,2,375.0
2022-06-13,2022-06-15,412.0,put,36.64,37.13,36.89,36.76,65,2788,0.01488,-1.0,2,375.0
2022-06-13,2022-06-15,413.0,call,0.03,0.04,0.04,0.04,1197,3364,0.54169,0.00852,2,375.0
2022-06-13,2022-06-15,413.0,put,37.64,38.12,37.88,34.42,49,1824,0.01488,-1.0,2,375.0
2022-06-13,2022-06-15,414.0,call,0.02,0.03,0.03,0.03,519,3034,0.53194,0.00635,2,375.0
2022-06-13,2022-06-15,414.0,put,38.64,39.12,38.88,34.5,120,2786,0.01488,-1.0,2,375.0
2022-06-13,2022-06-15,415.0,call,0.02,0.03,0.03,0.03,2041,5216,0.54169,0.0061,2,375.0
2022-06-13,2022-06-15,415.0,put,39.64,40.11,39.88,41.6,81,7299,0.01488,-1.0,2,375.0
2022-06-13,2022-06-15,416.0,call,0.02,0.03,0.03,0.03,205,2126,0.55145,0.00586,2,375.0
2022-06-13,2022-06-15,416.0,put,40.64,41.11,40.88,41.64,38,2786,0.01488,-1.0,2,375.0
2022-06-13,2022-06-15,417.0,call,0.02,0.03,0.03,0.02,165,3536,0.56121,0.00564,2,375.0
2022-06-13,2022-06-15,417.0,put,41.64,42.11,41.88,42.71,5,1137,0.01488,-1.0,2,375.0
2022-06-13,2022-06-15,418.0,call,0.02,0.03,0.03,0.02,340,2020,0.58072,0.00616,2,375.0
2022-06-13,2022-06-15,418.0,put,42.64,43.11,42.88,43.71,6,940,0.01488,-1.0,2,375.0
2022-06-13,2022-06-15,419.0,call,0.02,0.03,0.03,0.02,413,2345,0.59047,0.00595,2,375.0
2022-06-13,2022-06-15,419.0,put,43.64,44.11,43.88,38.81,1,661,0.01488,-1.0,2,375.0
2022-06-13,2022-06-15,420.0,call,0.01,0.02,0.01,0.02,1034,17276,0.53194,0.00214,2,375.0
2022-06-13,2022-06-15,420.0,put,44.64,45.11,44.88,44.38,22,10230,0.01488,-1.0,2,375.0
2022-06-13,2022-06-15,421.0,call,0.01,0.02,0.01,0.02,284,1760,0.54169,0.00209,2,375.0
2022-06-13,2022-06-15,421.0,put,45.64,46.11,45.88,46.93,6,493,0.01488,-1.0,2,375.0
2022-06-13,2022-06-15,422.0,call,0.01,0.02,0.01,0.01,242,3864,0.56121,0.0024,2,375.0
2022-06-13,2022-06-15,422.0,put,46.58,47.11,46.84,43.03,6,47,0.01488,-1.0,2,375.0
2022-06-13,2022-06-15,423.0,call,0.01,0.02,0.01,0.01,250,1298,0.57096,0.00234,2,375.0
2022-06-13,2022-06-15,423.0,put,47.64,48.11,47.88,45.3,2,11,0.01488,-1.0,2,375.0
2022-06-13,2022-06-15,424.0,call,0.01,0.02,0.01,0.01,368,1607,0.58072,0.0023,2,375.0
2022-06-13,2022-06-15,424.0,put,48.58,49.11,48.84,31.25,0,44,0.01488,-1.0,2,375.0
2022-06-13,2022-06-15,425.0,call,0.01,0.02,0.01,0.02,467,22902,0.59047,0.00225,2,375.0
2022-06-13,2022-06-15,425.0,put,49.64,50.1,49.87,32.95,0,203,0.01488,-1.0,2,375.0
2022-06-13,2022-06-15,426.0,call,0.01,0.02,0.01,0.02,64,2307,0.60023,0.00221,2,375.0
2022-06-13,2022-06-15,426.0,put,50.58,51.1,50.84,34.32,0,17,0.01488,-1.0,2,375.0
2022-06-13,2022-06-15,427.0,call,0.01,0.02,0.01,0.01,82,1985,0.60999,0.00217,2,375.0
2022-06-13,2022-06-15,427.0,put,51.65,52.1,51.88,49.55,1,28,0.01488,-1.0,2,375.0
2022-06-13,2022-06-15,428.0,call,0.01,0.02,0.01,0.01,338,4478,0.61974,0.00213,2,375.0
2022-06-13,2022-06-15,428.0,put,52.58,53.1,52.84,36.26,0,54,0.01488,-1.0,2,375.0
2022-06-13,2022-06-15,429.0,call,0.01,0.02,0.01,0.02,26,1292,0.6295,0.0021,2,375.0
2022-06-13,2022-06-15,429.0,put,53.65,54.1,53.88,15.22,0,22,0.01488,-1.0,2,375.0
2022-06-13,2022-06-15,430.0,call,0.01,0.02,0.01,0.02,515,3735,0.63925,0.00207,2,375.0
2022-06-13,2022-06-15,430.0,put,54.65,55.1,54.88,37.0,0,13,0.01488,-1.0,2,375.0
2022-06-13,2022-06-15,431.0,call,0.01,0.02,0.01,0.02,32,1337,0.64901,0.00204,2,375.0
2022-06-13,2022-06-15,431.0,put,55.65,56.1,55.88,38.38,0,5,0.01488,-1.0,2,375.0
2022-06-13,2022-06-15,432.0,call,0.01,0.02,0.01,0.01,917,1619,0.65876,0.00201,2,375.0
2022-06-13,2022-06-15,432.0,put,56.58,57.1,56.84,40.55,0,1,0.01488,-1.0,2,375.0
2022-06-13,2022-06-15,433.0,call,0.01,0.02,0.01,0.01,720,4451,0.66852,0.00199,2,375.0
2022-06-13,2022-06-15,433.0,put,57.65,58.1,57.88,40.51,0,14,0.01488,-1.0,2,375.0
2022-06-13,2022-06-15,434.0,call,0.01,0.02,0.01,0.01,171,444,0.67828,0.00196,2,375.0
2022-06-13,2022-06-15,434.0,put,58.58,59.1,58.84,43.71,0,20,0.01488,-1.0,2,375.0
2022-06-13,2022-06-15,435.0,put,59.65,60.1,59.88,54.0,3,125,0.01488,-1.0,2,375.0
2022-06-13,2022-06-15,436.0,call,0.01,0.02,0.01,0.01,893,1524,0.69779,0.00192,2,375.0
2022-06-13,2022-06-15,436.0,put,60.58,61.1,60.84,25.09,0,3,0.01488,-1.0,2,375.0
2022-06-13,2022-06-15,437.0,put,61.65,62.1,61.88,46.86,0,0,0.01488,-1.0,2,375.0
2022-06-13,2022-06-15,438.0,call,0.01,0.02,0.01,0.01,1022,573,0.7173,0.00188,2,375.0
2022-06-13,2022-06-15,438.0,put,62.58,63.1,62.84,26.9,0,7,0.01488,-1.0,2,375.0
2022-06-13,2022-06-15,439.0,call,0.01,0.02,0.01,0.01,711,2710,0.72706,0.00187,2,375.0
2022-06-13,2022-06-15,439.0,put,63.65,64.1,63.88,28.23,0,4,0.01488,-1.0,2,375.0
2022-06-13,2022-06-15,440.0,put,64.65,65.1,64.88,48.57,0,174,0.01488,-1.0,2,375.0
2022-06-13,2022-06-15,441.0,call,0.01,0.02,0.01,0.01,7406,946,0.73681,0.00162,2,375.0
2022-06-13,2022-06-15,441.0,put,65.65,66.1,65.88,0.0,0,0,0.01488,-1.0,2,375.0
2022-06-13,2022-06-15,442.0,put,66.65,67.1,66.88,31.88,0,2,0.01488,-1.0,2,375.0
2022-06-13,2022-06-15,443.0,put,67.65,68.1,67.88,0.0,0,0,0.01488,-1.0,2,375.0
2022-06-13,2022-06-15,444.0,put,68.65,69.1,68.88,33.76,0,0,0.01488,-1.0,2,375.0
2022-06-13,2022-06-15,445.0,put,69.65,70.1,69.88,53.9,0,1,0.01488,-1.0,2,375.0
2022-06-13,2022-06-15,446.0,put,70.65,71.1,70.88,33.1,0,2,0.01488,-1.0,2,375.0
2022-06-13,2022-06-15,447.0,put,71.65,72.1,71.88,0.0,0,0,0.01488,-1.0,2,375.0
2022-06-13,2022-06-15,448.0,put,72.65,73.1,72.88,47.92,0,0,0.01488,-1.0,2,375.0
2022-06-13,2022-06-15,449.0,put,73.65,74.1,73.88,0.0,0,0,0.01488,-1.0,2,375.0
2022-06-13,2022-06-15,450.0,put,74.65,75.1,74.88,39.01,0,2,0.01488,-1.0,2,375.0
2022-06-13,2022-06-15,451.0,put,75.65,76.1,75.88,0.0,0,0,0.01488,-1.0,2,375.0
2022-06-13,2022-06-15,452.0,put,76.65,77.1,76.88,34.75,0,0,0.01488,-1.0,2,375.0
2022-06-13,2022-06-15,453.0,put,77.65,78.1,77.88,0.0,0,0,0.01488,-1.0,2,375.0
2022-06-13,2022-06-15,454.0,put,78.65,79.1,78.88,42.25,0,3,0.01488,-1.0,2,375.0
2022-06-13,2022-06-15,455.0,put,79.65,80.1,79.88,58.52,0,0,0.01488,-1.0,2,375.0
2022-06-13,2022-06-15,456.0,put,80.65,81.1,80.88,43.2,0,0,0.01488,-1.0,2,375.0
2022-06-13,2022-06-15,457.0,put,81.65,82.1,81.88,0.0,0,0,0.01488,-1.0,2,375.0
2022-06-13,2022-06-15,458.0,put,82.65,83.1,82.88,0.0,0,0,0.01488,-1.0,2,375.0
2022-06-13,2022-06-15,459.0,put,83.65,84.1,83.88,77.08,0,0,0.01488,-1.0,2,375.0
2022-06-13,2022-06-15,460.0,put,84.65,85.1,84.88,80.0,5,14,0.01488,-1.0,2,375.0
2022-06-13,2022-06-15,461.0,put,85.58,86.1,85.84,0.0,0,0,0.01488,-1.0,2,375.0
2022-06-13,2022-06-15,462.0,put,86.58,87.1,86.84,0.0,0,0,0.01488,-1.0,2,375.0
2022-06-13,2022-06-15,463.0,put,87.58,88.1,87.84,0.0,0,0,0.01488,-1.0,2,375.0
2022-06-13,2022-06-15,464.0,put,88.58,89.1,88.84,0.0,0,0,0.01488,-1.0,2,375.0
2022-06-13,2022-06-15,465.0,put,89.65,90.16,89.91,0.0,0,0,0.01488,-1.0,2,375.0
2022-06-13,2022-06-15,466.0,put,90.58,91.1,90.84,0.0,0,0,0.01488,-1.0,2,375.0
2022-06-13,2022-06-15,467.0,put,91.58,92.1,91.84,0.0,0,0,0.01488,-1.0,2,375.0
2022-06-13,2022-06-15,468.0,put,92.58,93.1,92.84,0.0,0,0,0.01488,-1.0,2,375.0
2022-06-13,2022-06-15,469.0,put,93.58,94.1,93.84,0.0,0,0,0.01488,-1.0,2,375.0
2022-06-13,2022-06-15,470.0,put,94.58,95.1,94.84,80.09,0,18,0.01488,-1.0,2,375.0
2022-06-13,2022-06-15,471.0,put,95.58,96.1,95.84,0.0,0,0,0.01488,-1.0,2,375.0
2022-06-13,2022-06-15,472.0,put,96.58,97.1,96.84,0.0,0,0,0.01488,-1.0,2,375.0
2022-06-13,2022-06-15,473.0,put,97.58,98.1,97.84,0.0,0,0,0.01488,-1.0,2,375.0
2022-06-13,2022-06-15,480.0,put,104.58,105.1,104.84,102.55,14,14,0.01488,-1.0,2,375.0
2022-06-13,2022-06-15,490.0,put,114.64,115.16,114.9,112.0,4,4,0.01488,-1.0,2,375.0
2022-06-13,2022-06-17,100.0,call,274.11,276.23,275.17,278.17,1,1001,4.93183,0.99759,4,375.0
2022-06-13,2022-06-17,105.0,call,269.11,271.23,270.17,0.0,0,0,4.75623,0.99749,4,375.0
2022-06-13,2022-06-17,110.0,call,264.11,266.23,265.17,337.06,0,0,4.58062,0.99743,4,375.0
2022-06-13,2022-06-17,115.0,call,259.11,261.23,260.17,331.71,0,0,4.42453,0.99731,4,375.0
2022-06-13,2022-06-17,120.0,call,254.11,256.23,255.17,0.0,0,0,4.26843,0.99723,4,375.0
2022-06-13,2022-06-17,125.0,call,249.11,251.22,250.17,0.0,0,0,4.12209,0.99713,4,375.0
2022-06-13,2022-06-17,130.0,call,244.11,246.23,245.17,0.0,0,0,3.97576,0.99705,4,375.0
2022-06-13,2022-06-17,135.0,call,239.11,241.22,240.17,0.0,0,0,3.83917,0.99696,4,375.0
2022-06-13,2022-06-17,140.0,call,234.11,236.23,235.17,244.0,0,0,3.71235,0.99683,4,375.0
2022-06-13,2022-06-17,145.0,call,229.11,231.23,230.17,0.0,0,0,3.58552,0.99673,4,375.0
2022-06-13,2022-06-17,150.0,call,224.11,226.23,225.17,290.18,0,0,3.46845,0.99659,4,375.0
2022-06-13,2022-06-17,155.0,call,219.11,221.23,220.17,285.18,0,0,3.34163,0.99654,4,375.0
2022-06-13,2022-06-17,156.0,call,218.11,220.23,219.17,0.0,0,0,3.32211,0.99649,4,375.0
2022-06-13,2022-06-17,157.0,call,217.11,219.23,218.17,0.0,0,0,3.3026,0.99644,4,375.0
2022-06-13,2022-06-17,158.0,call,216.11,218.23,217.17,0.0,0,0,3.27333,0.99647,4,375.0
2022-06-13,2022-06-17,160.0,call,214.11,216.23,215.17,231.0,0,3,3.23431,0.99638,4,375.0
2022-06-13,2022-06-17,165.0,call,209.11,211.24,210.18,241.35,0,0,3.14651,0.99606,4,375.0
2022-06-13,2022-06-17,170.0,call,204.12,206.24,205.18,232.45,0,1,3.03919,0.99593,4,375.0
2022-06-13,2022-06-17,175.0,call,199.12,201.24,200.18,0.0,0,0,2.93188,0.99582,4,375.0
2022-06-13,2022-06-17,180.0,call,194.12,196.24,195.18,0.0,0,0,2.83432,0.99563,4,375.0
2022-06-13,2022-06-17,185.0,call,189.12,191.24,190.18,235.55,0,0,2.72701,0.99558,4,375.0
2022-06-13,2022-06-17,190.0,call,184.12,186.24,185.18,0.0,0,0,2.6392,0.99533,4,375.0
2022-06-13,2022-06-17,195.0,call,179.12,181.24,180.18,195.54,0,3,2.54165,0.99522,4,375.0
2022-06-13,2022-06-17,200.0,call,174.12,176.24,175.18,209.61,0,0,2.44409,0.99513,4,375.0
2022-06-13,2022-06-17,205.0,call,169.12,170.42,169.77,260.52,0,0,0.01488,1.0,4,375.0
2022-06-13,2022-06-17,210.0,call,164.12,165.42,164.77,235.96,0,1,0.01488,1.0,4,375.0
2022-06-13,2022-06-17,215.0,call,159.12,160.42,159.77,225.28,0,0,0.01488,1.0,4,375.0
2022-06-13,2022-06-17,220.0,call,154.12,155.43,154.78,191.24,0,14,0.01488,1.0,4,375.0
2022-06-13,2022-06-17,220.0,put,0.01,0.02,0.01,0.02,112,8684,1.60508,-0.00056,4,375.0
2022-06-13,2022-06-17,225.0,call,149.12,150.43,149.78,167.52,0,7,0.01488,1.0,4,375.0
2022-06-13,2022-06-17,225.0,put,0.01,0.02,0.01,0.02,310,12346,1.54655,-0.0006,4,375.0
2022-06-13,2022-06-17,230.0,call,144.12,145.43,144.78,199.58,0,1,0.01488,1.0,4,375.0
2022-06-13,2022-06-17,230.0,put,0.01,0.02,0.01,0.02,136,9526,1.47826,-0.0006,4,375.0
2022-06-13,2022-06-17,235.0,call,139.13,140.44,139.78,180.5,0,1,0.01488,1.0,4,375.0
2022-06-13,2022-06-17,235.0,put,0.01,0.02,0.01,0.01,856,12455,1.41972,-0.00064,4,375.0
2022-06-13,2022-06-17,240.0,call,134.13,135.44,134.78,168.79,0,2,0.01488,1.0,4,375.0
2022-06-13,2022-06-17,240.0,put,0.01,0.02,0.01,0.03,1644,7264,1.36119,-0.00068,4,375.0
2022-06-13,2022-06-17,245.0,call,129.13,130.44,129.78,186.63,0,0,0.01488,1.0,4,375.0
2022-06-13,2022-06-17,245.0,put,0.02,0.03,0.03,0.03,85,7352,1.42948,-0.00175,4,375.0
2022-06-13,2022-06-17,250.0,call,124.13,125.45,124.79,130.35,3,43,0.01488,1.0,4,375.0
2022-06-13,2022-06-17,250.0,put,0.02,0.03,0.03,0.03,4100,48247,1.37094,-0.00188,4,375.0
2022-06-13,2022-06-17,255.0,call,119.14,120.45,119.8,206.25,0,1,0.01488,1.0,4,375.0
2022-06-13,2022-06-17,255.0,put,0.02,0.03,0.03,0.04,701,11826,1.30265,-0.00188,4,375.0
2022-06-13,2022-06-17,260.0,call,114.14,115.46,114.8,130.45,0,22,0.01488,1.0,4,375.0
2022-06-13,2022-06-17,260.0,put,0.03,0.04,0.04,0.04,938,13919,1.28314,-0.0026,4,375.0
2022-06-13,2022-06-17,265.0,call,109.14,110.46,109.8,176.36,0,0,0.01488,1.0,4,375.0
2022-06-13,2022-06-17,265.0,put,0.03,0.04,0.04,0.05,1510,7110,1.2246,-0.00278,4,375.0
2022-06-13,2022-06-17,270.0,call,104.14,105.47,104.81,126.99,0,10,0.01488,1.0,4,375.0
2022-06-13,2022-06-17,270.0,put,0.04,0.05,0.04,0.05,695,17140,1.15631,-0.00276,4,375.0
2022-06-13,2022-06-17,275.0,call,99.15,100.47,99.81,107.88,0,6,0.01488,1.0,4,375.0
2022-06-13,2022-06-17,275.0,put,0.05,0.06,0.06,0.07,495,16093,1.14656,-0.00409,4,375.0
2022-06-13,2022-06-17,280.0,call,94.71,95.48,95.09,112.0,0,2213,1.09778,0.99534,4,375.0
2022-06-13,2022-06-17,280.0,put,0.06,0.07,0.07,0.07,6689,25757,1.10753,-0.00496,4,375.0
2022-06-13,2022-06-17,285.0,call,89.16,90.49,89.82,125.1,0,140,0.01488,1.0,4,375.0
2022-06-13,2022-06-17,285.0,put,0.06,0.07,0.07,0.07,103,7688,1.049,-0.00531,4,375.0
2022-06-13,2022-06-17,290.0,call,84.16,85.5,84.83,84.57,1,93,0.01488,1.0,4,375.0
2022-06-13,2022-06-17,290.0,put,0.08,0.09,0.08,0.1,1773,9294,1.00022,-0.00607,4,375.0
2022-06-13,2022-06-17,295.0,call,79.17,80.51,79.84,116.82,0,173,0.01488,1.0,4,375.0
2022-06-13,2022-06-17,295.0,put,0.09,0.1,0.1,0.1,9149,5934,0.97095,-0.00792,4,375.0
2022-06-13,2022-06-17,300.0,call,74.18,75.52,74.85,74.49,23,1295,0.01488,1.0,4,375.0
2022-06-13,2022-06-17,300.0,put,0.1,0.11,0.11,0.11,8996,23330,0.92217,-0.00912,4,375.0
2022-06-13,2022-06-17,305.0,call,69.19,70.54,69.87,85.72,0,64,0.01488,1.0,4,375.0
2022-06-13,2022-06-17,305.0,put,0.12,0.13,0.12,0.15,2574,10385,0.86364,-0.00986,4,375.0
2022-06-13,2022-06-17,310.0,call,64.21,65.56,64.88,65.36,3,252,0.01488,1.0,4,375.0
2022-06-13,2022-06-17,310.0,put,0.15,0.16,0.15,0.17,6519,18920,0.83437,-0.01307,4,375.0
2022-06-13,2022-06-17,315.0,call,59.23,60.58,59.91,100.77,0,141,0.01488,1.0,4,375.0
2022-06-13,2022-06-17,315.0,put,0.18,0.19,0.18,0.2,7689,22817,0.79535,-0.01631,4,375.0
2022-06-13,2022-06-17,320.0,call,54.26,55.61,54.94,59.21,35,406,0.01488,1.0,4,375.0
2022-06-13,2022-06-17,320.0,put,0.22,0.23,0.23,0.23,10696,21054,0.75632,-0.02048,4,375.0
2022-06-13,2022-06-17,325.0,call,49.3,50.65,49.97,52.55,20,462,0.01488,1.0,4,375.0
2022-06-13,2022-06-17,325.0,put,0.28,0.29,0.29,0.28,12351,27187,0.7173,-0.02592,4,375.0
2022-06-13,2022-06-17,330.0,call,44.35,45.71,45.03,48.16,21,517,0.01488,1.0,4,375.0
2022-06-13,2022-06-17,330.0,put,0.35,0.36,0.35,0.35,12849,58731,0.67828,-0.0331,4,375.0
2022-06-13,2022-06-17,335.0,call,39.44,40.79,40.11,44.66,18,479,0.48316,0.988,4,375.0
2022-06-13,2022-06-17,335.0,put,0.46,0.47,0.46,0.46,12470,39019,0.63925,-0.04268,4,375.0
2022-06-13,2022-06-17,340.0,call,35.0,35.9,35.45,37.41,26,581,0.56121,0.95531,4,375.0
2022-06-13,2022-06-17,340.0,put,0.61,0.62,0.61,0.6,31281,356223,0.60999,-0.05847,4,375.0
2022-06-13,2022-06-17,345.0,call,29.78,31.06,30.42,31.3,87,1828,0.48316,0.95309,4,375.0
2022-06-13,2022-06-17,345.0,put,0.83,0.85,0.84,0.84,25317,312643,0.58072,-0.08024,4,375.0
2022-06-13,2022-06-17,348.0,call,26.95,28.2,27.57,31.7,1,55,0.48316,0.93377,4,375.0
2022-06-13,2022-06-17,348.0,put,1.02,1.04,1.03,1.01,5624,6910,0.56121,-0.09632,4,375.0
2022-06-13,2022-06-17,349.0,call,26.02,27.26,26.64,30.62,2,1,0.4734,0.9301,4,375.0
2022-06-13,2022-06-17,349.0,put,1.1,1.12,1.11,1.18,3602,3900,0.56121,-0.10493,4,375.0
2022-06-13,2022-06-17,350.0,call,25.1,26.32,25.71,24.68,103,2116,0.4734,0.92202,4,375.0
2022-06-13,2022-06-17,350.0,put,1.18,1.2,1.19,1.16,49876,68478,0.55145,-0.11018,4,375.0
2022-06-13,2022-06-17,351.0,call,24.18,25.39,24.79,0.0,0,0,0.4734,0.91328,4,375.0
2022-06-13,2022-06-17,351.0,put,1.27,1.29,1.28,1.3,4381,3023,0.55145,-0.11977,4,375.0
2022-06-13,2022-06-17,352.0,call,23.84,24.46,24.15,23.59,2,100,0.51243,0.88656,4,375.0
2022-06-13,2022-06-17,352.0,put,1.37,1.39,1.38,1.39,5737,4072,0.54169,-0.12587,4,375.0
2022-06-13,2022-06-17,353.0,call,22.98,23.54,23.26,23.31,3,7,0.51243,0.87607,4,375.0
2022-06-13,2022-06-17,353.0,put,1.47,1.5,1.48,1.47,5975,1959,0.54169,-0.13652,4,375.0
2022-06-13,2022-06-17,354.0,call,22.02,22.63,22.32,22.42,1,3,0.50267,0.86932,4,375.0
2022-06-13,2022-06-17,354.0,put,1.59,1.61,1.6,1.58,10797,3586,0.53194,-0.14358,4,375.0
2022-06-13,2022-06-17,355.0,call,21.18,21.73,21.45,20.5,906,644,0.49292,0.86208,4,375.0
2022-06-13,2022-06-17,355.0,put,1.72,1.74,1.73,1.69,24831,54983,0.53194,-0.15536,4,375.0
2022-06-13,2022-06-17,356.0,call,20.29,20.84,20.56,23.63,2,0,0.49292,0.84971,4,375.0
2022-06-13,2022-06-17,356.0,put,1.85,1.88,1.86,1.9,9818,5194,0.52218,-0.1635,4,375.0
2022-06-13,2022-06-17,357.0,call,19.42,19.96,19.69,22.38,86,4,0.48316,0.84125,4,375.0
2022-06-13,2022-06-17,357.0,put,2.0,2.02,2.01,1.99,11395,5236,0.52218,-0.17648,4,375.0
2022-06-13,2022-06-17,358.0,call,18.55,19.09,18.82,21.62,20,80,0.48316,0.8275,4,375.0
2022-06-13,2022-06-17,358.0,put,2.16,2.19,2.17,2.12,8612,4827,0.52218,-0.19006,4,375.0
2022-06-13,2022-06-17,359.0,call,17.7,18.23,17.96,20.26,94,0,0.4734,0.81765,4,375.0
2022-06-13,2022-06-17,359.0,put,2.35,2.37,2.36,2.34,7379,2551,0.52218,-0.20422,4,375.0
2022-06-13,2022-06-17,360.0,call,16.86,17.39,17.12,16.78,242,867,0.4734,0.80243,4,375.0
2022-06-13,2022-06-17,360.0,put,2.54,2.57,2.55,2.55,55879,95269,0.51243,-0.21491,4,375.0
2022-06-13,2022-06-17,361.0,call,16.04,16.56,16.3,0.0,0,0,0.4734,0.78651,4,375.0
2022-06-13,2022-06-17,361.0,put,2.76,2.77,2.76,2.76,11122,5386,0.51243,-0.23032,4,375.0
2022-06-13,2022-06-17,362.0,call,15.26,15.75,15.5,20.07,3,12,0.46365,0.77429,4,375.0
2022-06-13,2022-06-17,362.0,put,2.97,2.99,2.98,2.98,12360,5109,0.51243,-0.24628,4,375.0
2022-06-13,2022-06-17,363.0,call,14.47,14.95,14.71,19.05,5,1,0.46365,0.75685,4,375.0
2022-06-13,2022-06-17,363.0,put,3.23,3.24,3.24,3.14,9137,4820,0.51243,-0.26278,4,375.0
2022-06-13,2022-06-17,364.0,call,13.71,14.17,13.94,13.5,24,216,0.46365,0.73876,4,375.0
2022-06-13,2022-06-17,364.0,put,3.47,3.51,3.49,3.4,8000,17596,0.50267,-0.27632,4,375.0
2022-06-13,2022-06-17,365.0,call,12.96,13.41,13.19,12.8,164,435,0.45389,0.72391,4,375.0
2022-06-13,2022-06-17,365.0,put,3.75,3.79,3.77,3.68,41860,52095,0.50267,-0.29402,4,375.0
2022-06-13,2022-06-17,366.0,call,12.23,12.66,12.45,12.49,11,311,0.45389,0.70434,4,375.0
2022-06-13,2022-06-17,366.0,put,4.05,4.09,4.07,4.0,7892,7286,0.50267,-0.31218,4,375.0
2022-06-13,2022-06-17,367.0,call,11.54,11.93,11.73,12.0,8,6,0.45389,0.68421,4,375.0
2022-06-13,2022-06-17,367.0,put,4.38,4.4,4.39,4.35,9596,3181,0.50267,-0.33075,4,375.0
2022-06-13,2022-06-17,368.0,call,10.88,11.19,11.04,12.65,6,18,0.45389,0.66357,4,375.0
2022-06-13,2022-06-17,368.0,put,4.71,4.74,4.72,4.69,25967,22271,0.50267,-0.3497,4,375.0
2022-06-13,2022-06-17,369.0,call,10.16,10.46,10.31,10.06,30,4,0.44414,0.6451,4,375.0
2022-06-13,2022-06-17,369.0,put,5.08,5.1,5.09,5.08,10387,5887,0.50267,-0.36898,4,375.0
2022-06-13,2022-06-17,370.0,call,9.6,9.69,9.64,9.91,1283,1308,0.43438,0.62549,4,375.0
2022-06-13,2022-06-17,370.0,put,5.44,5.49,5.46,5.45,139329,93243,0.49292,-0.38679,4,375.0
2022-06-13,2022-06-17,371.0,call,9.0,9.05,9.03,8.81,1132,6,0.43438,0.60279,4,375.0
2022-06-13,2022-06-17,371.0,put,5.85,5.88,5.87,5.81,8459,4198,0.49292,-0.40695,4,375.0
2022-06-13,2022-06-17,372.0,call,8.41,8.46,8.44,8.28,1852,797,0.43438,0.5798,4,375.0
2022-06-13,2022-06-17,372.0,put,6.25,6.31,6.28,6.24,16486,11875,0.49292,-0.42731,4,375.0
2022-06-13,2022-06-17,373.0,call,7.82,7.85,7.83,7.84,2304,59,0.43438,0.55659,4,375.0
2022-06-13,2022-06-17,373.0,put,6.72,6.75,6.73,6.63,14932,10996,0.49292,-0.44781,4,375.0
2022-06-13,2022-06-17,374.0,call,7.26,7.3,7.28,7.32,2918,207,0.43438,0.53326,4,375.0
2022-06-13,2022-06-17,374.0,put,7.17,7.21,7.19,7.07,18570,23192,0.49292,-0.46839,4,375.0
2022-06-13,2022-06-17,375.0,call,6.68,6.75,6.71,6.76,12726,5501,0.42462,0.50968,4,375.0
2022-06-13,2022-06-17,375.0,put,7.65,7.72,7.69,7.63,73327,77117,0.49292,-0.48901,4,375.0
2022-06-13,2022-06-17,376.0,call,6.17,6.23,6.2,6.33,8609,1214,0.42462,0.48579,4,375.0
2022-06-13,2022-06-17,376.0,put,8.16,8.23,8.2,8.01,19842,22248,0.49292,-0.50959,4,375.0
2022-06-13,2022-06-17,377.0,call,5.68,5.74,5.71,5.75,12534,306,0.42462,0.462,4,375.0
2022-06-13,2022-06-17,377.0,put,8.62,8.79,8.7,8.7,15800,10102,0.49292,-0.5301,4,375.0
2022-06-13,2022-06-17,378.0,call,5.21,5.28,5.25,5.35,14724,560,0.42462,0.43842,4,375.0
2022-06-13,2022-06-17,378.0,put,9.18,9.44,9.31,9.15,26869,27797,0.49292,-0.55047,4,375.0
2022-06-13,2022-06-17,379.0,call,4.79,4.82,4.8,4.76,11098,656,0.41487,0.41274,4,375.0
2022-06-13,2022-06-17,379.0,put,9.76,10.03,9.89,10.04,14912,17090,0.49292,-0.57066,4,375.0
2022-06-13,2022-06-17,380.0,call,4.37,4.4,4.38,4.41,49048,9989,0.41487,0.38929,4,375.0
2022-06-13,2022-06-17,380.0,put,10.36,10.65,10.5,10.47,61969,87390,0.49292,-0.59061,4,375.0
2022-06-13,2022-06-17,381.0,call,3.95,4.01,3.98,4.07,17877,1619,0.41487,0.3663,4,375.0
2022-06-13,2022-06-17,381.0,put,10.95,11.3,11.12,11.26,11445,22178,0.49292,-0.61028,4,375.0
2022-06-13,2022-06-17,382.0,call,3.58,3.64,3.61,3.69,16177,2618,0.41487,0.34383,4,375.0
2022-06-13,2022-06-17,382.0,put,11.6,11.96,11.78,12.07,15875,22805,0.49292,-0.62962,4,375.0
2022-06-13,2022-06-17,383.0,call,3.24,3.29,3.27,3.23,11160,5298,0.41487,0.32196,4,375.0
2022-06-13,2022-06-17,383.0,put,12.26,12.63,12.45,12.35,6142,15445,0.49292,-0.64859,4,375.0
2022-06-13,2022-06-17,384.0,call,2.92,2.97,2.95,2.96,15615,4688,0.40511,0.29602,4,375.0
2022-06-13,2022-06-17,384.0,put,12.95,13.33,13.14,13.54,10532,16382,0.49292,-0.66715,4,375.0
2022-06-13,2022-06-17,385.0,call,2.62,2.66,2.64,2.72,52035,4891,0.40511,0.27518,4,375.0
2022-06-13,2022-06-17,385.0,put,13.68,14.06,13.87,13.8,20610,99602,0.50267,-0.68157,4,375.0
2022-06-13,2022-06-17,386.0,call,2.36,2.39,2.38,2.39,6702,5335,0.40511,0.25515,4,375.0
2022-06-13,2022-06-17,386.0,put,14.4,14.81,14.61,14.45,2037,29317,0.50267,-0.69895,4,375.0
2022-06-13,2022-06-17,387.0,call,2.1,2.14,2.12,2.17,14142,3847,0.40511,0.23595,4,375.0
2022-06-13,2022-06-17,387.0,put,15.16,15.57,15.37,15.21,8921,17957,0.50267,-0.71585,4,375.0
2022-06-13,2022-06-17,388.0,call,1.89,1.91,1.9,1.91,13695,8914,0.40511,0.21763,4,375.0
2022-06-13,2022-06-17,388.0,put,15.94,16.36,16.15,16.53,7168,17534,0.50267,-0.73223,4,375.0
2022-06-13,2022-06-17,389.0,call,1.68,1.7,1.69,1.66,6744,2094,0.40511,0.20019,4,375.0
2022-06-13,2022-06-17,389.0,put,16.73,17.2,16.96,17.16,3084,15962,0.51243,-0.74369,4,375.0
2022-06-13,2022-06-17,390.0,call,1.49,1.51,1.5,1.49,45401,14277,0.39536,0.17755,4,375.0
2022-06-13,2022-06-17,390.0,put,17.55,18.03,17.79,17.76,29029,77295,0.51243,-0.75885,4,375.0
2022-06-13,2022-06-17,391.0,call,1.32,1.34,1.33,1.35,10163,8704,0.39536,0.16191,4,375.0
2022-06-13,2022-06-17,391.0,put,18.39,18.87,18.63,19.27,977,16937,0.52218,-0.76893,4,375.0
2022-06-13,2022-06-17,392.0,call,1.15,1.18,1.17,1.17,13572,10949,0.39536,0.14724,4,375.0
2022-06-13,2022-06-17,392.0,put,19.24,19.73,19.48,19.43,2276,15199,0.52218,-0.78291,4,375.0
2022-06-13,2022-06-17,393.0,call,1.03,1.04,1.04,1.06,6635,8434,0.39536,0.13352,4,375.0
2022-06-13,2022-06-17,393.0,put,20.11,20.61,20.36,21.0,1730,12409,0.53194,-0.79173,4,375.0
2022-06-13,2022-06-17,394.0,call,0.9,0.92,0.91,0.9,9065,9378,0.39536,0.12074,4,375.0
2022-06-13,2022-06-17,394.0,put,20.99,21.49,21.24,21.69,2313,9592,0.54169,-0.8,4,375.0
2022-06-13,2022-06-17,395.0,call,0.8,0.81,0.81,0.82,27872,15060,0.39536,0.10887,4,375.0
2022-06-13,2022-06-17,395.0,put,21.89,22.4,22.14,22.41,9243,34886,0.54169,-0.81228,4,375.0
2022-06-13,2022-06-17,396.0,call,0.7,0.71,0.7,0.67,7875,7798,0.39536,0.0979,4,375.0
2022-06-13,2022-06-17,396.0,put,22.8,23.31,23.05,23.75,431,8496,0.55145,-0.81949,4,375.0
2022-06-13,2022-06-17,397.0,call,0.61,0.63,0.62,0.61,5707,8412,0.39536,0.08778,4,375.0
2022-06-13,2022-06-17,397.0,put,23.72,24.23,23.98,24.6,395,17439,0.56121,-0.82625,4,375.0
2022-06-13,2022-06-17,398.0,call,0.54,0.55,0.55,0.56,6050,8465,0.39536,0.07848,4,375.0
2022-06-13,2022-06-17,398.0,put,24.65,25.16,24.91,24.88,1702,17281,0.57096,-0.8326,4,375.0
2022-06-13,2022-06-17,399.0,call,0.47,0.48,0.47,0.46,5705,6886,0.39536,0.06997,4,375.0
2022-06-13,2022-06-17,399.0,put,25.59,26.1,25.84,26.34,1026,14713,0.58072,-0.83856,4,375.0
2022-06-13,2022-06-17,400.0,call,0.42,0.43,0.42,0.43,59719,38869,0.39536,0.06221,4,375.0
2022-06-13,2022-06-17,400.0,put,26.53,27.05,26.79,26.53,14105,70529,0.59047,-0.84416,4,375.0
2022-06-13,2022-06-17,401.0,call,0.36,0.37,0.36,0.36,3591,6405,0.39536,0.05516,4,375.0
2022-06-13,2022-06-17,401.0,put,27.48,28.0,27.74,27.56,255,10459,0.60023,-0.84943,4,375.0
2022-06-13,2022-06-17,402.0,call,0.32,0.33,0.33,0.33,6630,10619,0.40511,0.05304,4,375.0
2022-06-13,2022-06-17,402.0,put,28.44,28.96,28.7,30.03,373,10756,0.60999,-0.85439,4,375.0
2022-06-13,2022-06-17,403.0,call,0.28,0.29,0.29,0.27,5794,6509,0.40511,0.047,4,375.0
2022-06-13,2022-06-17,403.0,put,29.41,29.93,29.67,31.24,173,18246,0.61974,-0.85906,4,375.0
2022-06-13,2022-06-17,404.0,call,0.25,0.26,0.26,0.25,3118,10138,0.40511,0.04154,4,375.0
2022-06-13,2022-06-17,404.0,put,30.37,30.89,30.63,31.3,2463,41334,0.6295,-0.86347,4,375.0
2022-06-13,2022-06-17,405.0,call,0.22,0.23,0.23,0.22,67502,29643,0.40511,0.03662,4,375.0
2022-06-13,2022-06-17,405.0,put,31.35,31.87,31.61,32.33,3012,45664,0.63925,-0.86762,4,375.0
2022-06-13,2022-06-17,406.0,call,0.19,0.2,0.2,0.2,1564,6900,0.40511,0.03219,4,375.0
2022-06-13,2022-06-17,406.0,put,32.32,32.84,32.58,33.01,259,8850,0.64901,-0.87155,4,375.0
2022-06-13,2022-06-17,407.0,call,0.17,0.18,0.17,0.17,1972,14808,0.40511,0.02823,4,375.0
2022-06-13,2022-06-17,407.0,put,33.3,33.82,33.56,33.23,249,12689,0.66852,-0.87156,4,375.0
2022-06-13,2022-06-17,408.0,call,0.15,0.16,0.15,0.16,2618,10088,0.40511,0.02468,4,375.0
2022-06-13,2022-06-17,408.0,put,34.28,34.8,34.54,34.11,1362,12759,0.67828,-0.87514,4,375.0
2022-06-13,2022-06-17,409.0,call,0.13,0.14,0.14,0.13,1898,8567,0.41487,0.02416,4,375.0
2022-06-13,2022-06-17,409.0,put,35.27,35.78,35.53,36.36,264,9746,0.68803,-0.87853,4,375.0
2022-06-13,2022-06-17,410.0,call,0.11,0.12,0.11,0.12,14398,35382,0.40511,0.01873,4,375.0
2022-06-13,2022-06-17,410.0,put,36.26,36.77,36.52,36.5,5893,42479,0.69779,-0.88175,4,375.0
2022-06-13,2022-06-17,411.0,call,0.1,0.11,0.11,0.11,3861,13498,0.41487,0.01845,4,375.0
2022-06-13,2022-06-17,411.0,put,37.24,37.75,37.5,38.28,107,9746,0.70754,-0.8848,4,375.0
2022-06-13,2022-06-17,412.0,call,0.09,0.1,0.1,0.11,4159,14538,0.41487,0.01606,4,375.0
2022-06-13,2022-06-17,412.0,put,38.23,38.74,38.48,40.15,106,16009,0.7173,-0.8877,4,375.0
2022-06-13,2022-06-17,413.0,call,0.08,0.09,0.08,0.09,1654,12923,0.41487,0.01395,4,375.0
2022-06-13,2022-06-17,413.0,put,39.22,39.73,39.47,40.14,158,12521,0.73681,-0.88717,4,375.0
2022-06-13,2022-06-17,414.0,call,0.07,0.08,0.08,0.08,1370,10661,0.42462,0.01385,4,375.0
2022-06-13,2022-06-17,414.0,put,40.22,40.72,40.47,40.71,300,9649,0.74657,-0.88985,4,375.0
2022-06-13,2022-06-17,415.0,call,0.06,0.07,0.07,0.08,4621,35217,0.42462,0.01204,4,375.0
2022-06-13,2022-06-17,415.0,put,41.21,41.71,41.46,42.05,1668,36865,0.75632,-0.89239,4,375.0
2022-06-13,2022-06-17,416.0,call,0.05,0.06,0.06,0.07,1593,18530,0.42462,0.01045,4,375.0
2022-06-13,2022-06-17,416.0,put,42.2,42.7,42.45,43.54,116,14443,0.76608,-0.89482,4,375.0
2022-06-13,2022-06-17,417.0,call,0.05,0.06,0.06,0.06,998,11547,0.43438,0.01045,4,375.0
2022-06-13,2022-06-17,417.0,put,43.2,43.7,43.45,44.65,387,13705,0.78559,-0.8941,4,375.0
2022-06-13,2022-06-17,418.0,call,0.04,0.05,0.04,0.05,976,15121,0.42462,0.00781,4,375.0
2022-06-13,2022-06-17,418.0,put,44.19,44.69,44.44,45.28,32,15166,0.79535,-0.89636,4,375.0
2022-06-13,2022-06-17,419.0,call,0.04,0.05,0.04,0.05,1224,10907,0.43438,0.00787,4,375.0
2022-06-13,2022-06-17,419.0,put,45.19,45.68,45.44,45.6,38,14961,0.8051,-0.89851,4,375.0
2022-06-13,2022-06-17,420.0,call,0.04,0.05,0.04,0.05,8506,48375,0.43438,0.0068,4,375.0
2022-06-13,2022-06-17,420.0,put,46.18,46.68,46.43,46.55,4436,44646,0.81486,-0.90057,4,375.0
2022-06-13,2022-06-17,421.0,call,0.03,0.04,0.04,0.04,1021,15494,0.44414,0.00688,4,375.0
2022-06-13,2022-06-17,421.0,put,47.18,47.67,47.42,47.86,68,16158,0.82461,-0.90254,4,375.0
2022-06-13,2022-06-17,422.0,call,0.03,0.04,0.04,0.03,363,12241,0.45389,0.00696,4,375.0
2022-06-13,2022-06-17,422.0,put,48.18,48.67,48.42,48.5,56,16853,0.84413,-0.90165,4,375.0
2022-06-13,2022-06-17,423.0,call,0.02,0.03,0.03,0.02,467,11660,0.44414,0.00515,4,375.0
2022-06-13,2022-06-17,423.0,put,49.17,49.66,49.41,50.51,27,9243,0.85388,-0.9035,4,375.0
2022-06-13,2022-06-17,424.0,call,0.02,0.03,0.03,0.04,1584,6699,0.45389,0.00525,4,375.0
2022-06-13,2022-06-17,424.0,put,50.17,50.66,50.41,51.61,85,12880,0.86364,-0.90526,4,375.0
2022-06-13,2022-06-17,425.0,call,0.02,0.03,0.03,0.02,1742,48515,0.46365,0.00535,4,375.0
2022-06-13,2022-06-17,425.0,put,51.17,51.66,51.41,51.8,520,23127,0.87339,-0.90695,4,375.0
2022-06-13,2022-06-17,426.0,call,0.02,0.03,0.03,0.03,111,9148,0.4734,0.00544,4,375.0
2022-06-13,2022-06-17,426.0,put,52.17,52.65,52.41,53.18,45,5198,0.88315,-0.90857,4,375.0
2022-06-13,2022-06-17,427.0,call,0.02,0.03,0.03,0.03,183,8699,0.4734,0.00475,4,375.0
2022-06-13,2022-06-17,427.0,put,53.17,53.65,53.41,51.04,5,6721,0.90266,-0.90758,4,375.0
2022-06-13,2022-06-17,428.0,call,0.02,0.03,0.03,0.02,1450,17127,0.48316,0.00485,4,375.0
2022-06-13,2022-06-17,428.0,put,54.16,54.65,54.41,54.86,18,9693,0.91242,-0.90911,4,375.0
2022-06-13,2022-06-17,429.0,call,0.02,0.03,0.03,0.03,4447,9963,0.49292,0.00495,4,375.0
2022-06-13,2022-06-17,429.0,put,55.16,55.65,55.41,52.01,7,12021,0.92217,-0.91058,4,375.0
2022-06-13,2022-06-17,430.0,call,0.02,0.03,0.03,0.03,4277,58814,0.50267,0.00504,4,375.0
2022-06-13,2022-06-17,430.0,put,56.16,56.64,56.4,57.24,415,39091,0.93193,-0.91199,4,375.0
2022-06-13,2022-06-17,431.0,call,0.01,0.02,0.01,0.02,411,5443,0.45389,0.00185,4,375.0
2022-06-13,2022-06-17,431.0,put,57.16,57.64,57.4,57.88,84,7960,0.94168,-0.91335,4,375.0
2022-06-13,2022-06-17,432.0,call,0.01,0.02,0.01,0.01,176,8080,0.46365,0.00193,4,375.0
2022-06-13,2022-06-17,432.0,put,58.16,58.64,58.4,55.81,53,16478,0.9612,-0.9123,4,375.0
2022-06-13,2022-06-17,433.0,call,0.01,0.02,0.01,0.02,2118,7300,0.4734,0.00202,4,375.0
2022-06-13,2022-06-17,433.0,put,59.16,59.64,59.4,59.42,19,2468,0.97095,-0.91358,4,375.0
2022-06-13,2022-06-17,434.0,call,0.01,0.02,0.01,0.01,483,9471,0.4734,0.00174,4,375.0
2022-06-13,2022-06-17,434.0,put,60.16,60.64,60.4,55.94,25,3878,0.98071,-0.91482,4,375.0
2022-06-13,2022-06-17,435.0,call,0.01,0.02,0.01,0.02,1329,41374,0.48316,0.00182,4,375.0
2022-06-13,2022-06-17,435.0,put,61.16,61.63,61.39,61.94,184,16589,0.99046,-0.91601,4,375.0
2022-06-13,2022-06-17,436.0,call,0.01,0.02,0.01,0.01,204,8929,0.49292,0.00191,4,375.0
2022-06-13,2022-06-17,436.0,put,62.16,62.63,62.39,58.83,28,6094,1.00022,-0.91715,4,375.0
2022-06-13,2022-06-17,437.0,call,0.01,0.02,0.01,0.02,65,6999,0.49292,0.00165,4,375.0
2022-06-13,2022-06-17,437.0,put,63.15,63.63,63.39,63.25,35,2827,1.00998,-0.91826,4,375.0
2022-06-13,2022-06-17,438.0,call,0.01,0.02,0.01,0.02,302,6943,0.50267,0.00173,4,375.0
2022-06-13,2022-06-17,438.0,put,64.15,64.63,64.39,63.62,5,1977,1.01973,-0.91932,4,375.0
2022-06-13,2022-06-17,439.0,call,0.01,0.02,0.01,0.01,23,7065,0.51243,0.00181,4,375.0
2022-06-13,2022-06-17,439.0,put,65.15,65.63,65.39,60.25,19,6649,1.03924,-0.91821,4,375.0
2022-06-13,2022-06-17,440.0,call,0.01,0.02,0.01,0.02,504,26322,0.51243,0.00158,4,375.0
2022-06-13,2022-06-17,440.0,put,66.15,66.63,66.39,66.98,274,36120,1.049,-0.91923,4,375.0
2022-06-13,2022-06-17,441.0,call,0.01,0.02,0.01,0.02,58,4726,0.52218,0.00166,4,375.0
2022-06-13,2022-06-17,441.0,put,67.15,67.63,67.39,62.08,2,3765,1.05875,-0.92021,4,375.0
2022-06-13,2022-06-17,442.0,call,0.01,0.02,0.01,0.01,18,7464,0.53194,0.00174,4,375.0
2022-06-13,2022-06-17,442.0,put,68.15,68.62,68.39,64.17,4,5762,1.06851,-0.92115,4,375.0
2022-06-13,2022-06-17,443.0,call,0.01,0.02,0.01,0.01,135,8427,0.54169,0.00181,4,375.0
2022-06-13,2022-06-17,443.0,put,69.15,69.62,69.39,66.97,16,7333,1.07827,-0.92206,4,375.0
2022-06-13,2022-06-17,444.0,call,0.01,0.02,0.01,0.01,67,6491,0.54169,0.0016,4,375.0
2022-06-13,2022-06-17,444.0,put,70.15,70.62,70.39,67.92,5,4538,1.08802,-0.92294,4,375.0
2022-06-13,2022-06-17,445.0,call,0.01,0.02,0.01,0.02,981,34223,0.55145,0.00167,4,375.0
2022-06-13,2022-06-17,445.0,put,71.15,71.62,71.39,71.92,164,18256,1.09778,-0.92379,4,375.0
2022-06-13,2022-06-17,446.0,call,0.01,0.02,0.01,0.01,287,5504,0.56121,0.00175,4,375.0
2022-06-13,2022-06-17,446.0,put,72.15,72.62,72.39,56.74,0,3322,1.10753,-0.92461,4,375.0
2022-06-13,2022-06-17,447.0,call,0.01,0.02,0.01,0.01,380,6515,0.56121,0.00155,4,375.0
2022-06-13,2022-06-17,447.0,put,73.15,73.62,73.39,73.41,18,3286,1.12705,-0.92348,4,375.0
2022-06-13,2022-06-17,448.0,call,0.01,0.02,0.01,0.01,215,8202,0.57096,0.00162,4,375.0
2022-06-13,2022-06-17,448.0,put,74.15,74.62,74.39,72.4,127,3584,1.1368,-0.92426,4,375.0
2022-06-13,2022-06-17,449.0,call,0.01,0.02,0.01,0.01,326,8106,0.58072,0.00169,4,375.0
2022-06-13,2022-06-17,449.0,put,75.15,75.62,75.39,72.92,17,5581,1.14656,-0.92502,4,375.0
2022-06-13,2022-06-17,450.0,put,76.15,76.62,76.39,77.99,98,20226,1.15631,-0.92576,4,375.0
2022-06-13,2022-06-17,451.0,call,0.01,0.02,0.01,0.01,555,7280,0.59047,0.00157,4,375.0
2022-06-13,2022-06-17,451.0,put,77.15,77.62,77.39,44.1,0,1433,1.16607,-0.92647,4,375.0
2022-06-13,2022-06-17,452.0,put,78.15,78.62,78.39,79.18,41,3590,1.17583,-0.92716,4,375.0
2022-06-13,2022-06-17,453.0,put,79.15,79.62,79.39,76.94,8,5775,1.18558,-0.92782,4,375.0
2022-06-13,2022-06-17,454.0,put,80.15,80.62,80.39,76.97,2,1291,1.19534,-0.92846,4,375.0
2022-06-13,2022-06-17,455.0,put,81.15,81.62,81.39,77.18,11,7171,1.20509,-0.92909,4,375.0
2022-06-13,2022-06-17,456.0,put,82.15,82.61,82.38,63.71,0,4270,1.21485,-0.92969,4,375.0
2022-06-13,2022-06-17,457.0,put,83.15,83.61,83.38,67.53,0,4639,1.2246,-0.93027,4,375.0
2022-06-13,2022-06-17,458.0,put,84.15,84.61,84.38,79.55,2,1238,1.23436,-0.93083,4,375.0
2022-06-13,2022-06-17,459.0,put,85.15,85.61,85.38,80.25,4,2804,1.24412,-0.93138,4,375.0
2022-06-13,2022-06-17,460.0,put,86.15,86.61,86.38,86.79,194,18246,1.25387,-0.9319,4,375.0
2022-06-13,2022-06-17,461.0,put,86.28,88.41,87.34,52.02,0,536,1.26363,-0.93241,4,375.0
2022-06-13,2022-06-17,462.0,put,87.28,89.41,88.34,72.8,0,2472,1.27338,-0.93291,4,375.0
2022-06-13,2022-06-17,463.0,put,88.28,90.4,89.34,52.17,0,2648,1.28314,-0.93339,4,375.0
2022-06-13,2022-06-17,464.0,put,89.28,91.4,90.34,53.42,0,4712,1.2929,-0.93385,4,375.0
2022-06-13,2022-06-17,465.0,put,90.28,92.4,91.34,87.9,137,26297,1.30265,-0.9343,4,375.0
2022-06-13,2022-06-17,466.0,put,91.28,93.4,92.34,90.02,3,274,1.31241,-0.93473,4,375.0
2022-06-13,2022-06-17,467.0,put,92.28,94.4,93.34,91.02,121,3663,1.32216,-0.93515,4,375.0
2022-06-13,2022-06-17,468.0,put,93.28,95.4,94.34,77.63,0,951,1.33192,-0.93556,4,375.0
2022-06-13,2022-06-17,469.0,put,94.28,96.4,95.34,95.71,2,6092,1.34167,-0.93595,4,375.0
2022-06-13,2022-06-17,470.0,put,95.29,97.4,96.34,93.35,2,14325,1.35143,-0.93634,4,375.0
2022-06-13,2022-06-17,471.0,put,96.29,98.4,97.34,95.04,7,2819,1.36119,-0.9367,4,375.0
2022-06-13,2022-06-17,472.0,put,97.28,99.4,98.34,99.0,24,687,1.37094,-0.93706,4,375.0
2022-06-13,2022-06-17,473.0,put,98.28,100.4,99.34,63.75,0,2059,1.3807,-0.93741,4,375.0
2022-06-13,2022-06-17,474.0,put,99.28,101.4,100.34,69.31,0,269,1.39045,-0.93775,4,375.0
2022-06-13,2022-06-17,475.0,put,100.28,102.4,101.34,101.67,15,1267,1.40021,-0.93807,4,375.0
2022-06-13,2022-06-17,476.0,put,101.28,103.4,102.34,103.16,88,318,1.40997,-0.93839,4,375.0
2022-06-13,2022-06-17,477.0,put,102.28,104.4,103.34,69.07,0,347,1.41972,-0.93869,4,375.0
2022-06-13,2022-06-17,478.0,put,103.28,105.4,104.34,89.09,0,400,1.42948,-0.93899,4,375.0
2022-06-13,2022-06-17,479.0,put,104.28,106.4,105.34,99.18,50,1012,1.43923,-0.93927,4,375.0
2022-06-13,2022-06-17,480.0,put,105.28,107.4,106.34,106.8,78,11253,1.44899,-0.93955,4,375.0
2022-06-13,2022-06-17,481.0,put,106.27,108.39,107.33,79.9,0,180,1.44899,-0.94117,4,375.0
2022-06-13,2022-06-17,482.0,put,107.27,109.39,108.33,106.41,20,162,1.45875,-0.94142,4,375.0
2022-06-13,2022-06-17,483.0,put,108.27,110.39,109.33,71.61,0,81,1.4685,-0.94166,4,375.0
2022-06-13,2022-06-17,484.0,put,109.27,111.39,110.33,88.91,0,207,1.47826,-0.94189,4,375.0
2022-06-13,2022-06-17,485.0,put,110.27,112.4,111.34,95.0,0,401,1.48801,-0.94212,4,375.0
2022-06-13,2022-06-17,486.0,put,111.27,113.39,112.33,110.37,75,667,1.49777,-0.94233,4,375.0
2022-06-13,2022-06-17,487.0,put,112.27,114.39,113.33,107.23,60,305,1.50752,-0.94254,4,375.0
2022-06-13,2022-06-17,488.0,put,113.27,115.39,114.33,112.37,15,91,1.51728,-0.94275,4,375.0
2022-06-13,2022-06-17,489.0,put,114.27,116.39,115.33,79.12,0,56,1.52704,-0.94294,4,375.0
2022-06-13,2022-06-17,490.0,put,115.27,117.39,116.33,80.13,0,598,1.53679,-0.94313,4,375.0
2022-06-13,2022-06-17,491.0,put,116.27,118.39,117.33,0.0,0,0,1.54655,-0.94331,4,375.0
2022-06-13,2022-06-17,492.0,put,117.27,119.39,118.33,40.9,0,21,1.5563,-0.94349,4,375.0
2022-06-13,2022-06-17,493.0,put,118.27,120.39,119.33,64.52,0,52,1.56606,-0.94366,4,375.0
2022-06-13,2022-06-17,494.0,put,119.27,121.39,120.33,49.93,0,3,1.57582,-0.94382,4,375.0
2022-06-13,2022-06-17,495.0,put,120.27,122.39,121.33,79.34,0,144,1.58557,-0.94398,4,375.0
2022-06-13,2022-06-17,496.0,put,121.28,123.39,122.34,41.94,0,55,1.59533,-0.94413,4,375.0
2022-06-13,2022-06-17,497.0,put,122.28,124.39,123.34,71.74,0,6,1.60508,-0.94428,4,375.0
2022-06-13,2022-06-17,498.0,put,123.27,125.39,124.33,61.36,0,3,1.60508,-0.94561,4,375.0
2022-06-13,2022-06-17,499.0,put,124.27,126.39,125.33,78.95,0,7,1.61484,-0.94574,4,375.0
2022-06-13,2022-06-17,500.0,put,125.27,127.39,126.33,122.05,3,26688,1.62459,-0.94586,4,375.0
2022-06-13,2022-06-17,501.0,put,126.27,128.39,127.33,56.58,0,1,1.63435,-0.94598,4,375.0
2022-06-13,2022-06-17,502.0,put,127.27,129.39,128.33,56.05,0,2,1.64411,-0.94609,4,375.0
2022-06-13,2022-06-17,503.0,put,128.27,130.39,129.33,75.74,0,1,1.65386,-0.9462,4,375.0
2022-06-13,2022-06-17,504.0,put,129.27,131.39,130.33,0.0,0,0,1.66362,-0.9463,4,375.0
2022-06-13,2022-06-17,505.0,put,130.27,132.39,131.33,127.07,2,15,1.67337,-0.9464,4,375.0
2022-06-13,2022-06-17,506.0,put,131.27,133.39,132.33,0.0,0,0,1.67337,-0.94762,4,375.0
2022-06-13,2022-06-17,507.0,put,132.27,134.39,133.33,44.99,0,1,1.68313,-0.94771,4,375.0
2022-06-13,2022-06-17,508.0,put,133.27,135.39,134.33,48.87,0,3,1.69289,-0.94779,4,375.0
2022-06-13,2022-06-17,510.0,put,135.27,137.39,136.33,118.36,0,50,1.7124,-0.94793,4,375.0
2022-06-13,2022-06-17,512.0,put,137.26,139.39,138.32,122.8,0,3,1.72215,-0.94915,4,375.0
2022-06-13,2022-06-17,515.0,put,140.26,142.38,141.32,100.37,0,15,1.75142,-0.9493,4,375.0
2022-06-13,2022-06-17,520.0,put,145.26,147.38,146.32,109.8,0,146,1.79044,-0.95052,4,375.0
2022-06-13,2022-06-17,525.0,put,150.26,152.38,151.32,116.22,0,58,1.83922,-0.95061,4,375.0
2022-06-13,2022-06-17,530.0,put,155.26,157.38,156.32,121.22,0,80,1.87825,-0.95161,4,375.0
2022-06-13,2022-06-17,535.0,put,160.26,162.38,161.32,76.25,0,10,1.91727,-0.9525,4,375.0
2022-06-13,2022-06-17,540.0,put,165.26,167.38,166.32,95.15,0,2,1.95629,-0.9533,4,375.0
2022-06-13,2022-06-17,545.0,put,170.25,172.37,171.31,102.3,0,2,1.98556,-0.95489,4,375.0
2022-06-13,2022-06-17,550.0,put,175.25,177.37,176.31,159.46,0,2022,2.02458,-0.9555,4,375.0
2022-06-13,2022-06-17,555.0,put,180.26,182.37,181.31,90.48,0,200,2.06361,-0.95603,4,375.0
2022-06-13,2022-06-17,560.0,put,185.26,187.37,186.31,95.33,0,200,2.10263,-0.95649,4,375.0
2022-06-13,2022-06-17,565.0,put,190.25,192.37,191.31,100.04,0,1,2.14166,-0.9569,4,375.0
2022-06-13,2022-06-17,570.0,put,195.25,197.37,196.31,100.25,0,1,2.18068,-0.95725,4,375.0
2022-06-13,2022-06-17,575.0,put,200.24,202.36,201.3,132.37,0,36,2.20995,-0.95832,4,375.0
2022-06-13,2022-06-17,580.0,put,205.24,207.36,206.3,202.17,1,0,2.24897,-0.95856,4,375.0
2022-06-13,2022-06-17,585.0,put,210.24,212.36,211.3,0.0,0,0,2.27824,-0.9595,4,375.0
2022-06-13,2022-06-17,590.0,put,215.25,217.36,216.31,124.65,0,0,2.31726,-0.95964,4,375.0
2022-06-13,2022-06-17,595.0,put,220.24,222.36,221.3,180.91,0,1,2.34653,-0.96046,4,375.0
2022-06-13,2022-06-17,600.0,put,225.24,227.36,226.3,214.49,0,39,2.38555,-0.96052,4,375.0
2022-06-13,2022-06-17,605.0,put,230.24,232.36,231.3,0.0,0,0,2.41482,-0.96124,4,375.0
2022-06-13,2022-06-17,610.0,put,235.23,237.35,236.29,0.0,0,0,2.44409,-0.96191,4,375.0
2022-06-13,2022-06-17,615.0,put,240.23,242.35,241.29,0.0,0,0,2.48311,-0.96187,4,375.0
2022-06-13,2022-06-17,620.0,put,245.23,247.35,246.29,178.32,0,7,2.51238,-0.96245,4,375.0
2022-06-13,2022-06-17,625.0,put,250.23,252.35,251.29,207.38,0,0,2.54165,-0.96299,4,375.0
2022-06-13,2022-06-17,630.0,put,255.23,257.35,256.29,186.39,0,24,2.57091,-0.96349,4,375.0
2022-06-13,2022-06-17,635.0,put,260.23,262.35,261.29,0.0,0,0,2.60994,-0.96334,4,375.0
2022-06-13,2022-06-17,640.0,put,265.22,267.34,266.28,0.0,0,0,2.62945,-0.96438,4,375.0
2022-06-13,2022-06-17,645.0,put,270.22,272.34,271.28,0.0,0,0,2.65872,-0.96478,4,375.0
2022-06-13,2022-06-17,650.0,put,275.22,277.34,276.28,208.28,0,2,2.69774,-0.96455,4,375.0
2022-06-13,2022-06-17,655.0,put,280.22,282.34,281.28,0.0,0,0,2.72701,-0.9649,4,375.0
2022-06-13,2022-06-17,660.0,put,285.22,287.34,286.28,0.0,0,0,2.75627,-0.96521,4,375.0
2022-06-13,2022-06-17,665.0,put,290.22,292.34,291.28,0.0,0,0,2.78554,-0.9655,4,375.0
2022-06-13,2022-06-17,670.0,put,295.21,297.33,296.27,0.0,0,0,2.80505,-0.96632,4,375.0
2022-06-13,2022-06-17,675.0,put,300.21,302.33,301.27,0.0,0,0,2.83432,-0.96655,4,375.0
2022-06-13,2022-06-17,680.0,put,305.21,307.33,306.27,0.0,0,0,2.86359,-0.96676,4,375.0
2022-06-13,2022-06-17,685.0,put,310.22,312.33,311.27,0.0,0,0,2.89286,-0.96695,4,375.0
2022-06-13,2022-06-17,690.0,put,315.21,317.33,316.27,293.7,0,14,2.92212,-0.96712,4,375.0
2022-06-13,2022-06-21,270.0,call,104.57,105.47,105.02,0.0,0,0,0.01488,1.0,8,375.0
2022-06-13,2022-06-21,270.0,put,0.06,0.07,0.07,0.07,1339,311,0.87339,-0.00457,8,375.0
2022-06-13,2022-06-21,275.0,call,99.57,100.48,100.03,0.0,0,0,0.01488,1.0,8,375.0
2022-06-13,2022-06-21,275.0,put,0.07,0.08,0.08,0.08,240,1583,0.83437,-0.00503,8,375.0
2022-06-13,2022-06-21,280.0,call,94.58,95.49,95.03,0.0,0,0,0.01488,1.0,8,375.0
2022-06-13,2022-06-21,280.0,put,0.08,0.09,0.08,0.12,47,179,0.79535,-0.00552,8,375.0
2022-06-13,2022-06-21,285.0,call,89.58,90.5,90.04,0.0,0,0,0.01488,1.0,8,375.0
2022-06-13,2022-06-21,285.0,put,0.09,0.1,0.1,0.12,26,195,0.77583,-0.00718,8,375.0
2022-06-13,2022-06-21,290.0,call,84.59,85.51,85.05,0.0,0,0,0.01488,1.0,8,375.0
2022-06-13,2022-06-21,290.0,put,0.11,0.12,0.11,0.13,346,550,0.73681,-0.00792,8,375.0
2022-06-13,2022-06-21,295.0,call,79.89,80.52,80.2,120.99,0,1,0.7173,0.98968,8,375.0
2022-06-13,2022-06-21,295.0,put,0.13,0.14,0.14,0.17,443,42,0.7173,-0.01032,8,375.0
2022-06-13,2022-06-21,300.0,call,74.61,75.54,75.08,0.0,0,0,0.55145,0.99725,8,375.0
2022-06-13,2022-06-21,300.0,put,0.15,0.16,0.15,0.19,504,210,0.67828,-0.01148,8,375.0
2022-06-13,2022-06-21,305.0,call,69.63,70.56,70.09,0.0,0,0,0.53194,0.99615,8,375.0
2022-06-13,2022-06-21,305.0,put,0.18,0.2,0.19,0.19,740,323,0.64901,-0.01389,8,375.0
2022-06-13,2022-06-21,310.0,call,64.65,65.58,65.12,0.0,0,0,0.52218,0.99385,8,375.0
2022-06-13,2022-06-21,310.0,put,0.22,0.23,0.23,0.26,185,641,0.6295,-0.01826,8,375.0
2022-06-13,2022-06-21,315.0,call,59.67,60.61,60.14,0.0,0,0,0.50267,0.9914,8,375.0
2022-06-13,2022-06-21,315.0,put,0.26,0.28,0.27,0.27,658,584,0.59047,-0.02066,8,375.0
2022-06-13,2022-06-21,320.0,call,54.71,55.64,55.17,0.0,0,0,0.48316,0.98795,8,375.0
2022-06-13,2022-06-21,320.0,put,0.32,0.33,0.33,0.33,467,392,0.57096,-0.02738,8,375.0
2022-06-13,2022-06-21,325.0,call,49.75,50.69,50.22,0.0,0,0,0.46365,0.98307,8,375.0
2022-06-13,2022-06-21,325.0,put,0.4,0.41,0.41,0.42,1415,486,0.54169,-0.03387,8,375.0
2022-06-13,2022-06-21,330.0,call,44.81,45.76,45.28,0.0,0,0,0.44414,0.97614,8,375.0
2022-06-13,2022-06-21,330.0,put,0.49,0.51,0.5,0.56,976,686,0.51243,-0.04223,8,375.0
2022-06-13,2022-06-21,335.0,call,40.19,40.85,40.52,45.81,1,3,0.45389,0.95682,8,375.0
2022-06-13,2022-06-21,335.0,put,0.63,0.65,0.64,0.66,1529,4189,0.48316,-0.05313,8,375.0
2022-06-13,2022-06-21,340.0,call,35.03,35.98,35.5,0.0,0,0,0.40511,0.95221,8,375.0
2022-06-13,2022-06-21,340.0,put,0.83,0.85,0.84,0.84,2194,2541,0.46365,-0.07154,8,375.0
2022-06-13,2022-06-21,345.0,call,30.25,31.17,30.71,0.0,0,0,0.3856,0.93219,8,375.0
2022-06-13,2022-06-21,345.0,put,1.12,1.15,1.14,1.22,2575,460,0.44414,-0.09616,8,375.0
2022-06-13,2022-06-21,350.0,call,25.87,26.49,26.18,25.81,16,5,0.3856,0.89257,8,375.0
2022-06-13,2022-06-21,350.0,put,1.55,1.59,1.57,1.63,7896,1057,0.42462,-0.12886,8,375.0
2022-06-13,2022-06-21,351.0,call,24.68,25.57,25.12,24.83,22,0,0.36609,0.89449,8,375.0
2022-06-13,2022-06-21,351.0,put,1.66,1.7,1.68,1.81,723,7,0.42462,-0.13864,8,375.0
2022-06-13,2022-06-21,352.0,call,24.05,24.66,24.36,23.85,1,10,0.37584,0.87872,8,375.0
2022-06-13,2022-06-21,352.0,put,1.78,1.83,1.81,1.94,587,424,0.42462,-0.1489,8,375.0
2022-06-13,2022-06-21,353.0,call,22.87,23.76,23.32,0.0,0,0,0.36609,0.87409,8,375.0
2022-06-13,2022-06-21,353.0,put,1.91,1.95,1.93,2.1,847,102,0.41487,-0.15434,8,375.0
2022-06-13,2022-06-21,354.0,call,22.26,22.86,22.56,24.82,3,10,0.36609,0.86297,8,375.0
2022-06-13,2022-06-21,354.0,put,2.05,2.1,2.08,2.21,826,735,0.41487,-0.16554,8,375.0
2022-06-13,2022-06-21,355.0,call,21.39,21.98,21.69,24.19,10,2,0.36609,0.85123,8,375.0
2022-06-13,2022-06-21,355.0,put,2.2,2.25,2.23,2.38,1179,1461,0.41487,-0.17722,8,375.0
2022-06-13,2022-06-21,356.0,call,20.24,21.11,20.67,21.0,12,0,0.35633,0.84505,8,375.0
2022-06-13,2022-06-21,356.0,put,2.36,2.41,2.38,2.55,1074,308,0.40511,-0.18407,8,375.0
2022-06-13,2022-06-21,357.0,call,19.4,20.27,19.84,19.22,18,0,0.35633,0.83204,8,375.0
2022-06-13,2022-06-21,357.0,put,2.54,2.57,2.55,2.77,1296,160,0.40511,-0.19678,8,375.0
2022-06-13,2022-06-21,358.0,call,18.82,19.39,19.11,20.53,10,1,0.35633,0.81839,8,375.0
2022-06-13,2022-06-21,358.0,put,2.73,2.78,2.75,2.78,1367,478,0.40511,-0.20996,8,375.0
2022-06-13,2022-06-21,359.0,call,17.73,18.56,18.14,0.0,0,0,0.34658,0.8103,8,375.0
2022-06-13,2022-06-21,359.0,put,2.92,2.96,2.94,3.13,2043,217,0.40511,-0.22361,8,375.0
2022-06-13,2022-06-21,360.0,call,17.17,17.73,17.45,17.14,37,9,0.35633,0.7892,8,375.0
2022-06-13,2022-06-21,360.0,put,3.14,3.19,3.17,3.16,4821,1536,0.40511,-0.23772,8,375.0
2022-06-13,2022-06-21,361.0,call,16.12,16.92,16.52,17.91,1,0,0.34658,0.77957,8,375.0
2022-06-13,2022-06-21,361.0,put,3.37,3.41,3.39,3.47,1712,23,0.39536,-0.24749,8,375.0
2022-06-13,2022-06-21,362.0,call,15.33,16.13,15.73,0.0,0,0,0.34658,0.76326,8,375.0
2022-06-13,2022-06-21,362.0,put,3.62,3.68,3.65,3.71,1369,817,0.39536,-0.26266,8,375.0
2022-06-13,2022-06-21,363.0,call,14.57,15.36,14.96,16.8,13,0,0.33682,0.752,8,375.0
2022-06-13,2022-06-21,363.0,put,3.87,3.93,3.9,4.02,1058,495,0.39536,-0.27826,8,375.0
2022-06-13,2022-06-21,364.0,call,13.85,14.6,14.22,16.54,1,0,0.33682,0.73422,8,375.0
2022-06-13,2022-06-21,364.0,put,4.16,4.22,4.19,4.41,1788,544,0.39536,-0.29424,8,375.0
2022-06-13,2022-06-21,365.0,call,13.33,13.84,13.59,15.5,2,3,0.34658,0.71089,8,375.0
2022-06-13,2022-06-21,365.0,put,4.46,4.52,4.49,4.37,1776,1170,0.39536,-0.3106,8,375.0
2022-06-13,2022-06-21,366.0,call,12.44,13.13,12.79,13.96,1,0,0.33682,0.69698,8,375.0
2022-06-13,2022-06-21,366.0,put,4.76,4.82,4.79,4.89,800,559,0.39536,-0.32729,8,375.0
2022-06-13,2022-06-21,367.0,call,11.93,12.41,12.17,13.9,4,4,0.33682,0.67761,8,375.0
2022-06-13,2022-06-21,367.0,put,5.09,5.15,5.12,5.11,568,23,0.39536,-0.34429,8,375.0
2022-06-13,2022-06-21,368.0,call,11.24,11.71,11.48,10.91,15,2,0.33682,0.6578,8,375.0
2022-06-13,2022-06-21,368.0,put,5.44,5.5,5.47,5.78,1573,838,0.3856,-0.35875,8,375.0
2022-06-13,2022-06-21,369.0,call,10.82,10.91,10.87,10.83,145,4,0.33682,0.6376,8,375.0
2022-06-13,2022-06-21,369.0,put,5.81,5.87,5.84,5.94,755,574,0.3856,-0.37666,8,375.0
2022-06-13,2022-06-21,370.0,call,10.16,10.25,10.21,10.35,697,24,0.33682,0.61706,8,375.0
2022-06-13,2022-06-21,370.0,put,6.21,6.27,6.24,6.15,5984,6441,0.3856,-0.39479,8,375.0
2022-06-13,2022-06-21,371.0,call,9.56,9.63,9.6,9.6,739,0,0.33682,0.59624,8,375.0
2022-06-13,2022-06-21,371.0,put,6.61,6.68,6.64,6.67,1182,474,0.3856,-0.4131,8,375.0
2022-06-13,2022-06-21,372.0,call,8.96,9.03,9.0,8.96,1116,1,0.33682,0.57521,8,375.0
2022-06-13,2022-06-21,372.0,put,7.04,7.11,7.08,7.06,2131,549,0.3856,-0.43155,8,375.0
2022-06-13,2022-06-21,373.0,call,8.39,8.45,8.42,8.2,1776,1,0.33682,0.55402,8,375.0
2022-06-13,2022-06-21,373.0,put,7.49,7.55,7.52,7.5,1096,865,0.3856,-0.4501,8,375.0
2022-06-13,2022-06-21,374.0,call,7.82,7.9,7.86,7.88,1520,0,0.32707,0.53312,8,375.0
2022-06-13,2022-06-21,374.0,put,7.95,8.02,7.98,8.36,2485,941,0.3856,-0.46871,8,375.0
2022-06-13,2022-06-21,375.0,call,7.3,7.36,7.33,7.39,3408,26,0.32707,0.51116,8,375.0
2022-06-13,2022-06-21,375.0,put,8.43,8.51,8.47,8.4,5915,1560,0.3856,-0.48734,8,375.0
2022-06-13,2022-06-21,376.0,call,6.79,6.85,6.82,6.78,2150,0,0.32707,0.48922,8,375.0
2022-06-13,2022-06-21,376.0,put,8.94,9.02,8.98,8.93,2449,784,0.3856,-0.50595,8,375.0
2022-06-13,2022-06-21,377.0,call,6.3,6.36,6.33,5.95,2372,1,0.32707,0.46737,8,375.0
2022-06-13,2022-06-21,377.0,put,9.47,9.55,9.51,9.46,3414,1527,0.3856,-0.5245,8,375.0
2022-06-13,2022-06-21,378.0,call,5.83,5.89,5.86,5.77,4362,132,0.32707,0.44568,8,375.0
2022-06-13,2022-06-21,378.0,put,9.97,10.11,10.04,10.1,2637,2170,0.3856,-0.54294,8,375.0
2022-06-13,2022-06-21,379.0,call,5.38,5.45,5.42,5.42,3134,0,0.32707,0.4242,8,375.0
2022-06-13,2022-06-21,379.0,put,10.53,10.76,10.64,10.72,2073,630,0.3856,-0.56125,8,375.0
2022-06-13,2022-06-21,380.0,call,4.95,5.02,4.98,4.77,6452,373,0.31731,0.39952,8,375.0
2022-06-13,2022-06-21,380.0,put,11.12,11.29,11.2,11.61,4900,2165,0.3856,-0.57937,8,375.0
2022-06-13,2022-06-21,381.0,call,4.55,4.62,4.58,4.56,2001,95,0.31731,0.37808,8,375.0
2022-06-13,2022-06-21,381.0,put,11.64,11.97,11.8,12.92,1549,9439,0.3856,-0.59728,8,375.0
2022-06-13,2022-06-21,382.0,call,4.17,4.23,4.2,4.29,3271,108,0.31731,0.35706,8,375.0
2022-06-13,2022-06-21,382.0,put,12.29,12.6,12.45,12.9,816,1112,0.3856,-0.61495,8,375.0
2022-06-13,2022-06-21,383.0,call,3.81,3.87,3.84,3.64,1517,211,0.31731,0.33652,8,375.0
2022-06-13,2022-06-21,383.0,put,12.91,13.26,13.09,13.73,498,673,0.3856,-0.63233,8,375.0
2022-06-13,2022-06-21,384.0,call,3.47,3.53,3.5,3.37,1296,197,0.31731,0.3165,8,375.0
2022-06-13,2022-06-21,384.0,put,13.57,13.94,13.75,14.22,138,1278,0.3856,-0.64941,8,375.0
2022-06-13,2022-06-21,385.0,call,3.15,3.21,3.18,3.06,3353,499,0.31731,0.29707,8,375.0
2022-06-13,2022-06-21,385.0,put,14.25,14.66,14.46,14.65,1045,1341,0.3856,-0.66614,8,375.0
2022-06-13,2022-06-21,386.0,call,2.86,2.91,2.88,2.89,2636,1485,0.31731,0.27824,8,375.0
2022-06-13,2022-06-21,386.0,put,14.96,15.35,15.16,15.35,175,599,0.3856,-0.6825,8,375.0
2022-06-13,2022-06-21,387.0,call,2.6,2.63,2.62,2.61,35463,1203,0.31731,0.26006,8,375.0
2022-06-13,2022-06-21,387.0,put,15.68,16.09,15.88,16.09,174,735,0.3856,-0.69848,8,375.0
2022-06-13,2022-06-21,388.0,call,2.33,2.38,2.35,2.33,1710,1902,0.30755,0.23524,8,375.0
2022-06-13,2022-06-21,388.0,put,16.43,16.87,16.65,17.24,165,761,0.3856,-0.71405,8,375.0
2022-06-13,2022-06-21,389.0,call,2.09,2.14,2.12,2.0,1352,1726,0.30755,0.21822,8,375.0
2022-06-13,2022-06-21,389.0,put,17.19,17.67,17.43,17.83,67,1191,0.3856,-0.72918,8,375.0
2022-06-13,2022-06-21,390.0,call,1.87,1.92,1.9,1.95,6366,3353,0.30755,0.20197,8,375.0
2022-06-13,2022-06-21,390.0,put,17.98,18.48,18.23,18.5,662,1831,0.39536,-0.73817,8,375.0
2022-06-13,2022-06-21,391.0,call,1.67,1.72,1.69,1.59,2589,2484,0.30755,0.1865,8,375.0
2022-06-13,2022-06-21,391.0,put,18.78,19.3,19.04,19.15,124,1436,0.39536,-0.75221,8,375.0
2022-06-13,2022-06-21,392.0,call,1.49,1.53,1.51,1.55,960,2069,0.30755,0.17183,8,375.0
2022-06-13,2022-06-21,392.0,put,19.6,20.12,19.86,20.14,76,1311,0.39536,-0.7658,8,375.0
2022-06-13,2022-06-21,393.0,call,1.33,1.36,1.35,1.35,915,1986,0.30755,0.15795,8,375.0
2022-06-13,2022-06-21,393.0,put,20.43,20.97,20.7,21.71,51,1447,0.39536,-0.77894,8,375.0
2022-06-13,2022-06-21,394.0,call,1.17,1.21,1.19,1.11,1208,1341,0.30755,0.14486,8,375.0
2022-06-13,2022-06-21,394.0,put,21.28,21.83,21.55,22.46,73,1159,0.40511,-0.78555,8,375.0
2022-06-13,2022-06-21,395.0,call,1.04,1.07,1.06,1.01,3295,1093,0.30755,0.13255,8,375.0
2022-06-13,2022-06-21,395.0,put,22.15,22.7,22.42,22.53,202,1199,0.40511,-0.79767,8,375.0
2022-06-13,2022-06-21,396.0,call,0.92,0.95,0.94,0.95,781,807,0.2978,0.11319,8,375.0
2022-06-13,2022-06-21,396.0,put,23.03,23.59,23.31,23.8,46,596,0.41487,-0.8033,8,375.0
2022-06-13,2022-06-21,397.0,call,0.81,0.84,0.82,0.83,680,1317,0.2978,0.10259,8,375.0
2022-06-13,2022-06-21,397.0,put,23.92,24.48,24.2,21.2,21,1641,0.41487,-0.81448,8,375.0
2022-06-13,2022-06-21,398.0,call,0.71,0.74,0.72,0.69,902,551,0.2978,0.09275,8,375.0
2022-06-13,2022-06-21,398.0,put,24.83,25.39,25.11,21.66,1835,1472,0.42462,-0.81927,8,375.0
2022-06-13,2022-06-21,399.0,call,0.62,0.65,0.64,0.66,1283,500,0.2978,0.08365,8,375.0
2022-06-13,2022-06-21,399.0,put,25.75,26.31,26.03,24.0,16,641,0.42462,-0.82958,8,375.0
2022-06-13,2022-06-21,400.0,call,0.55,0.58,0.56,0.55,4402,1310,0.2978,0.07526,8,375.0
2022-06-13,2022-06-21,400.0,put,26.67,27.24,26.95,27.09,2137,1792,0.43438,-0.83363,8,375.0
2022-06-13,2022-06-21,401.0,call,0.48,0.51,0.49,0.51,729,592,0.2978,0.06755,8,375.0
2022-06-13,2022-06-21,401.0,put,27.61,28.18,27.89,27.53,142,1031,0.43438,-0.84313,8,375.0
2022-06-13,2022-06-21,402.0,call,0.43,0.44,0.43,0.45,2563,1139,0.2978,0.06047,8,375.0
2022-06-13,2022-06-21,402.0,put,28.55,29.12,28.84,29.69,35,886,0.44414,-0.84655,8,375.0
2022-06-13,2022-06-21,403.0,call,0.37,0.39,0.38,0.42,708,1031,0.2978,0.05401,8,375.0
2022-06-13,2022-06-21,403.0,put,29.5,30.07,29.79,30.89,17,978,0.45389,-0.84974,8,375.0
2022-06-13,2022-06-21,404.0,call,0.33,0.35,0.34,0.33,2560,2301,0.2978,0.04812,8,375.0
2022-06-13,2022-06-21,404.0,put,30.46,30.97,30.71,30.93,14,1585,0.45389,-0.85819,8,375.0
2022-06-13,2022-06-21,405.0,call,0.29,0.31,0.3,0.31,1601,3579,0.2978,0.04277,8,375.0
2022-06-13,2022-06-21,405.0,put,31.42,31.93,31.68,31.73,89,1178,0.46365,-0.86087,8,375.0
2022-06-13,2022-06-21,406.0,call,0.26,0.27,0.27,0.26,814,2829,0.2978,0.03792,8,375.0
2022-06-13,2022-06-21,406.0,put,32.39,32.9,32.64,33.05,10,1193,0.4734,-0.86338,8,375.0
2022-06-13,2022-06-21,407.0,call,0.23,0.24,0.23,0.24,354,2524,0.2978,0.03354,8,375.0
2022-06-13,2022-06-21,407.0,put,33.36,33.87,33.61,34.29,11,1237,0.4734,-0.87092,8,375.0
2022-06-13,2022-06-21,408.0,call,0.21,0.22,0.21,0.22,219,2395,0.30755,0.03396,8,375.0
2022-06-13,2022-06-21,408.0,put,34.34,34.84,34.59,34.8,29,2700,0.48316,-0.87302,8,375.0
2022-06-13,2022-06-21,409.0,call,0.19,0.2,0.2,0.21,146,3087,0.30755,0.0301,8,375.0
2022-06-13,2022-06-21,409.0,put,35.32,35.82,35.57,35.47,20,2950,0.49292,-0.875,8,375.0
2022-06-13,2022-06-21,410.0,call,0.17,0.18,0.17,0.18,1425,3996,0.30755,0.02662,8,375.0
2022-06-13,2022-06-21,410.0,put,36.3,36.8,36.55,37.0,48,2099,0.50267,-0.87685,8,375.0
2022-06-13,2022-06-21,411.0,call,0.15,0.16,0.15,0.16,345,2148,0.30755,0.02349,8,375.0
2022-06-13,2022-06-21,411.0,put,37.23,37.78,37.5,34.31,19,2379,0.50267,-0.88339,8,375.0
2022-06-13,2022-06-21,412.0,call,0.14,0.15,0.15,0.15,180,2274,0.31731,0.02409,8,375.0
2022-06-13,2022-06-21,412.0,put,38.21,38.77,38.49,39.15,35,2067,0.51243,-0.88494,8,375.0
2022-06-13,2022-06-21,413.0,call,0.12,0.13,0.12,0.13,93,2042,0.30755,0.01817,8,375.0
2022-06-13,2022-06-21,413.0,put,39.2,39.75,39.48,36.21,46,2797,0.52218,-0.88639,8,375.0
2022-06-13,2022-06-21,414.0,call,0.11,0.12,0.11,0.13,133,1361,0.31731,0.01882,8,375.0
2022-06-13,2022-06-21,414.0,put,40.19,40.74,40.47,38.0,13,1902,0.53194,-0.88775,8,375.0
2022-06-13,2022-06-21,415.0,call,0.1,0.11,0.11,0.11,750,2927,0.31731,0.01658,8,375.0
2022-06-13,2022-06-21,415.0,put,41.23,41.73,41.48,41.23,33,1754,0.54169,-0.88904,8,375.0
2022-06-13,2022-06-21,416.0,call,0.08,0.1,0.09,0.1,125,1107,0.31731,0.01458,8,375.0
2022-06-13,2022-06-21,416.0,put,42.17,42.72,42.45,43.21,3,1946,0.55145,-0.89025,8,375.0
2022-06-13,2022-06-21,417.0,call,0.08,0.09,0.08,0.09,179,1163,0.31731,0.01279,8,375.0
2022-06-13,2022-06-21,417.0,put,43.16,43.71,43.44,40.85,3,926,0.55145,-0.89568,8,375.0
2022-06-13,2022-06-21,418.0,call,0.07,0.08,0.08,0.08,43,1842,0.32707,0.01342,8,375.0
2022-06-13,2022-06-21,418.0,put,44.16,44.7,44.43,43.43,2,328,0.56121,-0.89668,8,375.0
2022-06-13,2022-06-21,419.0,call,0.06,0.07,0.07,0.08,113,986,0.32707,0.01181,8,375.0
2022-06-13,2022-06-21,419.0,put,45.15,45.69,45.42,27.18,0,149,0.57096,-0.89762,8,375.0
2022-06-13,2022-06-21,420.0,call,0.06,0.07,0.07,0.06,1351,3173,0.32707,0.01037,8,375.0
2022-06-13,2022-06-21,420.0,put,46.2,46.68,46.44,46.56,38,225,0.58072,-0.89851,8,375.0
2022-06-13,2022-06-21,421.0,call,0.05,0.06,0.06,0.07,154,284,0.32707,0.0091,8,375.0
2022-06-13,2022-06-21,421.0,put,47.14,47.68,47.41,44.28,1,3,0.59047,-0.89934,8,375.0
2022-06-13,2022-06-21,422.0,call,0.04,0.05,0.04,0.05,191,1246,0.31731,0.00646,8,375.0
2022-06-13,2022-06-21,422.0,put,48.13,48.67,48.4,45.96,31,137,0.60023,-0.90013,8,375.0
2022-06-13,2022-06-21,423.0,call,0.04,0.05,0.04,0.05,24,250,0.32707,0.00696,8,375.0
2022-06-13,2022-06-21,423.0,put,49.13,49.66,49.39,0.0,0,0,0.60023,-0.90472,8,375.0
2022-06-13,2022-06-21,424.0,call,0.04,0.05,0.04,0.05,31,317,0.33682,0.00746,8,375.0
2022-06-13,2022-06-21,424.0,put,50.13,50.66,50.39,46.18,2,110,0.60999,-0.90536,8,375.0
2022-06-13,2022-06-21,425.0,call,0.03,0.04,0.04,0.04,99,1198,0.33682,0.00654,8,375.0
2022-06-13,2022-06-21,425.0,put,51.18,51.65,51.41,36.02,0,26,0.61974,-0.90596,8,375.0
2022-06-13,2022-06-21,426.0,call,0.03,0.04,0.04,0.03,66,754,0.34658,0.00703,8,375.0
2022-06-13,2022-06-21,426.0,put,52.12,52.65,52.38,23.96,0,1,0.6295,-0.90653,8,375.0
2022-06-13,2022-06-21,427.0,call,0.03,0.04,0.04,0.04,29,111,0.34658,0.00618,8,375.0
2022-06-13,2022-06-21,427.0,put,53.12,53.65,53.38,0.0,0,0,0.63925,-0.90706,8,375.0
2022-06-13,2022-06-21,428.0,call,0.02,0.03,0.03,0.02,101,1032,0.34658,0.00543,8,375.0
2022-06-13,2022-06-21,428.0,put,54.11,54.64,54.38,52.43,2,4,0.64901,-0.90757,8,375.0
2022-06-13,2022-06-21,429.0,call,0.02,0.03,0.03,0.03,268,324,0.34658,0.00476,8,375.0
2022-06-13,2022-06-21,429.0,put,55.11,55.64,55.38,40.46,0,1,0.64901,-0.91153,8,375.0
2022-06-13,2022-06-21,430.0,call,0.02,0.03,0.03,0.02,245,2118,0.35633,0.00517,8,375.0
2022-06-13,2022-06-21,430.0,put,56.16,56.63,56.39,40.65,0,57,0.65876,-0.91192,8,375.0
2022-06-13,2022-06-21,431.0,call,0.02,0.03,0.03,0.03,5,37,0.35633,0.00455,8,375.0
2022-06-13,2022-06-21,431.0,put,57.11,57.63,57.37,23.3,0,1,0.66852,-0.91228,8,375.0
2022-06-13,2022-06-21,432.0,call,0.02,0.03,0.03,0.02,24,1145,0.36609,0.00494,8,375.0
2022-06-13,2022-06-21,432.0,put,58.1,58.63,58.37,23.46,0,13,0.67828,-0.91263,8,375.0
2022-06-13,2022-06-21,433.0,call,0.02,0.03,0.03,0.02,7,10,0.36609,0.00436,8,375.0
2022-06-13,2022-06-21,433.0,put,59.1,59.63,59.37,0.0,0,0,0.68803,-0.91295,8,375.0
2022-06-13,2022-06-21,434.0,call,0.02,0.03,0.03,0.02,12,1088,0.37584,0.00473,8,375.0
2022-06-13,2022-06-21,434.0,put,60.1,60.62,60.36,55.95,15,20,0.68803,-0.91648,8,375.0
2022-06-13,2022-06-21,435.0,call,0.02,0.03,0.03,0.03,39,1492,0.37584,0.00419,8,375.0
2022-06-13,2022-06-21,435.0,put,61.15,61.62,61.38,58.31,5,19,0.70754,-0.91353,8,375.0
2022-06-13,2022-06-21,436.0,call,0.02,0.03,0.03,0.03,2813,445,0.3856,0.00455,8,375.0
2022-06-13,2022-06-21,436.0,put,62.1,62.62,62.36,0.0,0,0,0.70754,-0.91693,8,375.0
2022-06-13,2022-06-21,437.0,call,0.02,0.03,0.03,0.01,15,64,0.39536,0.00492,8,375.0
2022-06-13,2022-06-21,437.0,put,63.09,63.62,63.36,0.0,0,0,0.7173,-0.91713,8,375.0
2022-06-13,2022-06-21,438.0,call,0.02,0.03,0.03,0.03,412,1060,0.39536,0.00439,8,375.0
2022-06-13,2022-06-21,438.0,put,64.09,64.62,64.36,28.1,0,1,0.72706,-0.91731,8,375.0
2022-06-13,2022-06-21,439.0,call,0.01,0.02,0.01,0.02,151,40,0.35633,0.00155,8,375.0
2022-06-13,2022-06-21,439.0,put,65.09,65.61,65.35,0.0,0,0,0.72706,-0.92049,8,375.0
2022-06-13,2022-06-21,440.0,call,0.01,0.02,0.01,0.02,224,720,0.36609,0.00176,8,375.0
2022-06-13,2022-06-21,440.0,put,66.15,66.61,66.38,63.28,5,20,0.74657,-0.91763,8,375.0
2022-06-13,2022-06-21,441.0,call,0.01,0.02,0.01,0.02,0,43,0.36609,0.00153,8,375.0
2022-06-13,2022-06-21,441.0,put,67.08,67.61,67.34,0.0,0,0,0.74657,-0.92071,8,375.0
2022-06-13,2022-06-21,442.0,call,0.01,0.02,0.01,0.02,4,210,0.37584,0.00173,8,375.0
2022-06-13,2022-06-21,442.0,put,68.08,68.61,68.34,29.72,0,23,0.75632,-0.9208,8,375.0
2022-06-13,2022-06-21,443.0,call,0.01,0.02,0.01,0.01,2,15,0.37584,0.00152,8,375.0
2022-06-13,2022-06-21,443.0,put,69.08,69.61,69.34,0.0,0,0,0.76608,-0.92088,8,375.0
2022-06-13,2022-06-21,444.0,call,0.01,0.02,0.01,0.01,4,76,0.3856,0.00171,8,375.0
2022-06-13,2022-06-21,444.0,put,70.08,70.61,70.34,35.55,0,25,0.76608,-0.92377,8,375.0
2022-06-13,2022-06-21,445.0,call,0.01,0.02,0.01,0.02,207,1258,0.3856,0.00151,8,375.0
2022-06-13,2022-06-21,445.0,put,71.15,71.6,71.38,55.7,0,21,0.78559,-0.921,8,375.0
2022-06-13,2022-06-21,446.0,call,0.01,0.02,0.01,0.01,2,120,0.39536,0.00169,8,375.0
2022-06-13,2022-06-21,446.0,put,72.08,72.6,72.34,0.0,0,0,0.78559,-0.92381,8,375.0
2022-06-13,2022-06-21,447.0,call,0.01,0.02,0.01,0.0,0,0,0.39536,0.0015,8,375.0
2022-06-13,2022-06-21,447.0,put,73.08,73.6,73.34,0.0,0,0,0.79535,-0.92381,8,375.0
2022-06-13,2022-06-21,448.0,call,0.01,0.02,0.01,0.04,0,23,0.40511,0.00168,8,375.0
2022-06-13,2022-06-21,448.0,put,74.14,74.67,74.41,33.99,0,3,0.8051,-0.92381,8,375.0
2022-06-13,2022-06-21,449.0,call,0.01,0.02,0.01,0.02,4,14,0.40511,0.00149,8,375.0
2022-06-13,2022-06-21,449.0,put,75.08,75.6,75.34,0.0,0,0,0.8051,-0.92645,8,375.0
2022-06-13,2022-06-21,450.0,call,0.01,0.02,0.01,0.01,287,789,0.41487,0.00167,8,375.0
2022-06-13,2022-06-21,450.0,put,76.14,76.6,76.37,70.83,1,4,0.81486,-0.9264,8,375.0
2022-06-13,2022-06-21,451.0,call,0.01,0.02,0.01,0.01,250,250,0.41487,0.00148,8,375.0
2022-06-13,2022-06-21,451.0,put,77.08,77.6,77.34,0.0,0,0,0.82461,-0.92634,8,375.0
2022-06-13,2022-06-21,452.0,call,0.01,0.02,0.01,0.08,0,13,0.42462,0.00166,8,375.0
2022-06-13,2022-06-21,452.0,put,78.14,78.66,78.4,0.0,0,0,0.83437,-0.92628,8,375.0
2022-06-13,2022-06-21,453.0,call,0.01,0.02,0.01,0.0,0,0,0.42462,0.00148,8,375.0
2022-06-13,2022-06-21,453.0,put,79.08,79.6,79.34,74.05,2,0,0.83437,-0.92875,8,375.0
2022-06-13,2022-06-21,454.0,call,0.01,0.02,0.01,0.02,1,1,0.43438,0.00165,8,375.0
2022-06-13,2022-06-21,454.0,put,80.14,80.6,80.37,0.0,0,0,0.85388,-0.92614,8,375.0
2022-06-13,2022-06-21,455.0,call,0.01,0.02,0.01,0.01,0,56,0.43438,0.00148,8,375.0
2022-06-13,2022-06-21,455.0,put,81.14,81.6,81.37,47.93,0,4,0.85388,-0.92854,8,375.0
2022-06-13,2022-06-21,456.0,call,0.01,0.02,0.01,0.0,0,0,0.43438,0.00132,8,375.0
2022-06-13,2022-06-21,456.0,put,82.08,82.59,82.34,0.0,0,0,0.86364,-0.92843,8,375.0
2022-06-13,2022-06-21,457.0,call,0.01,0.02,0.01,0.0,0,0,0.44414,0.00148,8,375.0
2022-06-13,2022-06-21,457.0,put,83.08,83.59,83.34,0.0,0,0,0.86364,-0.93074,8,375.0
2022-06-13,2022-06-21,458.0,call,0.01,0.02,0.01,0.0,0,0,0.44414,0.00133,8,375.0
2022-06-13,2022-06-21,458.0,put,84.08,84.59,84.34,0.0,0,0,0.87339,-0.9306,8,375.0
2022-06-13,2022-06-21,459.0,put,85.08,85.59,85.34,0.0,0,0,0.88315,-0.93045,8,375.0
2022-06-13,2022-06-21,460.0,call,0.01,0.02,0.01,0.01,7,248,0.45389,0.00133,8,375.0
2022-06-13,2022-06-21,460.0,put,86.14,86.59,86.37,69.82,0,4,0.89291,-0.9303,8,375.0
2022-06-13,2022-06-21,461.0,put,87.08,87.59,87.34,0.0,0,0,0.89291,-0.93247,8,375.0
2022-06-13,2022-06-21,462.0,put,88.08,88.59,88.34,0.0,0,0,0.90266,-0.93229,8,375.0
2022-06-13,2022-06-21,463.0,put,89.08,89.59,89.34,0.0,0,0,0.91242,-0.93211,8,375.0
2022-06-13,2022-06-21,464.0,put,90.08,90.59,90.34,0.0,0,0,0.92217,-0.93192,8,375.0
2022-06-13,2022-06-21,465.0,put,91.14,91.59,91.37,86.36,5,5,0.93193,-0.93173,8,375.0
2022-06-13,2022-06-21,466.0,put,92.08,92.59,92.34,58.65,0,1,0.93193,-0.93376,8,375.0
2022-06-13,2022-06-21,467.0,put,93.07,93.59,93.33,0.0,0,0,0.94168,-0.93355,8,375.0
2022-06-13,2022-06-21,468.0,put,94.07,94.59,94.33,0.0,0,0,0.94168,-0.9355,8,375.0
2022-06-13,2022-06-21,469.0,put,95.07,95.59,95.33,0.0,0,0,0.95144,-0.93527,8,375.0
2022-06-13,2022-06-21,470.0,put,96.14,96.59,96.37,75.0,0,11,0.9612,-0.93504,8,375.0
2022-06-13,2022-06-21,471.0,put,97.07,97.59,97.33,0.0,0,0,0.9612,-0.93691,8,375.0
2022-06-13,2022-06-21,472.0,put,98.07,98.59,98.33,0.0,0,0,0.97095,-0.93665,8,375.0
2022-06-13,2022-06-21,473.0,put,99.07,99.59,99.33,0.0,0,0,0.98071,-0.9364,8,375.0
2022-06-13,2022-06-21,475.0,put,101.14,101.65,101.4,65.95,0,5,1.00022,-0.93588,8,375.0
2022-06-13,2022-06-21,480.0,put,106.13,106.65,106.39,0.0,0,0,1.03924,-0.93654,8,375.0
2022-06-13,2022-06-21,485.0,put,111.13,111.65,111.39,0.0,0,0,1.06851,-0.93892,8,375.0
2022-06-13,2022-06-21,490.0,put,116.13,116.64,116.38,74.09,0,2,1.09778,-0.94102,8,375.0
2022-06-13,2022-06-21,495.0,put,121.13,121.64,121.38,0.0,0,0,1.1368,-0.94114,8,375.0
2022-06-13,2022-06-21,500.0,put,126.13,126.64,126.38,0.0,0,0,1.16607,-0.94284,8,375.0
2022-06-13,2022-06-21,505.0,put,131.13,131.64,131.38,0.0,0,0,1.19534,-0.94435,8,375.0
2022-06-13,2022-06-21,510.0,put,136.13,136.64,136.38,0.0,0,0,1.2246,-0.94568,8,375.0
2022-06-13,2022-06-21,515.0,put,141.12,141.64,141.38,112.62,0,3,1.25387,-0.94686,8,375.0
2022-06-13,2022-06-21,520.0,put,146.12,146.63,146.38,0.0,0,0,1.28314,-0.94791,8,375.0
2022-06-13,2022-06-21,525.0,put,151.12,151.63,151.38,0.0,0,0,1.31241,-0.94883,8,375.0
2022-06-13,2022-06-22,290.0,call,84.6,85.57,85.08,0.0,0,0,0.58072,0.99793,9,375.0
2022-06-13,2022-06-22,290.0,put,0.15,0.16,0.15,0.19,1606,242,0.72706,-0.01043,9,375.0
2022-06-13,2022-06-22,295.0,call,79.61,80.53,80.07,0.0,0,0,0.50267,0.99897,9,375.0
2022-06-13,2022-06-22,295.0,put,0.17,0.18,0.17,0.18,289,92,0.68803,-0.0114,9,375.0
2022-06-13,2022-06-22,300.0,call,74.62,75.55,75.09,0.0,0,0,0.52218,0.99715,9,375.0
2022-06-13,2022-06-22,300.0,put,0.2,0.21,0.21,0.2,958,183,0.66852,-0.01462,9,375.0
2022-06-13,2022-06-22,305.0,call,69.64,70.57,70.1,0.0,0,0,0.50267,0.99609,9,375.0
2022-06-13,2022-06-22,305.0,put,0.24,0.25,0.24,0.26,398,275,0.63925,-0.01741,9,375.0
2022-06-13,2022-06-22,310.0,call,64.66,65.6,65.13,0.0,0,0,0.50267,0.99293,9,375.0
2022-06-13,2022-06-22,310.0,put,0.29,0.3,0.29,0.32,498,296,0.60999,-0.02081,9,375.0
2022-06-13,2022-06-22,315.0,call,59.69,60.63,60.16,0.0,0,0,0.48316,0.99032,9,375.0
2022-06-13,2022-06-22,315.0,put,0.34,0.36,0.35,0.39,353,31,0.58072,-0.02501,9,375.0
2022-06-13,2022-06-22,320.0,call,54.73,55.68,55.2,0.0,0,0,0.46365,0.98671,9,375.0
2022-06-13,2022-06-22,320.0,put,0.42,0.43,0.42,0.46,1779,635,0.56121,-0.03243,9,375.0
2022-06-13,2022-06-22,325.0,call,49.78,50.73,50.25,0.0,0,0,0.44414,0.98168,9,375.0
2022-06-13,2022-06-22,325.0,put,0.51,0.52,0.52,0.57,1573,45,0.53194,-0.03942,9,375.0
2022-06-13,2022-06-22,330.0,call,44.86,45.81,45.34,0.0,0,0,0.43438,0.97201,9,375.0
2022-06-13,2022-06-22,330.0,put,0.63,0.65,0.64,0.65,2104,469,0.50267,-0.0483,9,375.0
2022-06-13,2022-06-22,335.0,call,39.96,40.92,40.44,43.0,2,0,0.41487,0.9614,9,375.0
2022-06-13,2022-06-22,335.0,put,0.8,0.82,0.81,0.87,1164,1473,0.48316,-0.06334,9,375.0
2022-06-13,2022-06-22,340.0,call,35.12,36.07,35.59,36.69,5,0,0.39536,0.94658,9,375.0
2022-06-13,2022-06-22,340.0,put,1.04,1.06,1.05,1.02,2832,825,0.46365,-0.08303,9,375.0
2022-06-13,2022-06-22,345.0,call,30.37,31.31,30.84,32.84,1,0,0.37584,0.92588,9,375.0
2022-06-13,2022-06-22,345.0,put,1.37,1.4,1.39,1.45,2871,2108,0.44414,-0.10872,9,375.0
2022-06-13,2022-06-22,350.0,call,26.04,26.67,26.36,28.25,1,1,0.37584,0.88532,9,375.0
2022-06-13,2022-06-22,350.0,put,1.86,1.89,1.88,1.83,3187,1209,0.42462,-0.14205,9,375.0
2022-06-13,2022-06-22,352.0,call,24.25,24.86,24.55,62.18,0,2,0.36609,0.87147,9,375.0
2022-06-13,2022-06-22,352.0,put,2.12,2.15,2.13,2.24,1996,1298,0.41487,-0.15689,9,375.0
2022-06-13,2022-06-22,354.0,call,22.2,23.09,22.64,0.0,0,0,0.35633,0.85579,9,375.0
2022-06-13,2022-06-22,354.0,put,2.41,2.44,2.42,2.4,576,361,0.41487,-0.1787,9,375.0
2022-06-13,2022-06-22,355.0,call,21.34,22.21,21.77,21.79,1,0,0.35633,0.84403,9,375.0
2022-06-13,2022-06-22,355.0,put,2.57,2.61,2.59,2.57,1258,997,0.41487,-0.19023,9,375.0
2022-06-13,2022-06-22,356.0,call,20.49,21.35,20.92,0.0,0,0,0.34658,0.83803,9,375.0
2022-06-13,2022-06-22,356.0,put,2.75,2.79,2.77,2.82,799,980,0.40511,-0.197,9,375.0
2022-06-13,2022-06-22,358.0,call,18.82,19.66,19.24,0.0,0,0,0.34658,0.8115,9,375.0
2022-06-13,2022-06-22,358.0,put,3.13,3.18,3.16,3.19,1610,1455,0.40511,-0.22234,9,375.0
2022-06-13,2022-06-22,360.0,call,17.21,18.02,17.62,17.5,1,0,0.34658,0.78262,9,375.0
2022-06-13,2022-06-22,360.0,put,3.58,3.62,3.6,3.53,1703,1386,0.40511,-0.24928,9,375.0
2022-06-13,2022-06-22,362.0,call,15.65,16.44,16.05,0.0,0,0,0.33682,0.75722,9,375.0
2022-06-13,2022-06-22,362.0,put,4.07,4.12,4.1,4.25,698,734,0.39536,-0.27337,9,375.0
2022-06-13,2022-06-22,364.0,call,14.19,14.93,14.56,0.0,0,0,0.33682,0.72348,9,375.0
2022-06-13,2022-06-22,364.0,put,4.63,4.68,4.65,4.52,563,743,0.39536,-0.30366,9,375.0
2022-06-13,2022-06-22,365.0,call,13.49,14.16,13.82,14.17,3,0,0.33682,0.70587,9,375.0
2022-06-13,2022-06-22,365.0,put,4.93,4.98,4.96,5.25,1426,1313,0.39536,-0.31928,9,375.0
2022-06-13,2022-06-22,366.0,call,12.81,13.45,13.13,13.47,2,0,0.33682,0.6878,9,375.0
2022-06-13,2022-06-22,366.0,put,5.26,5.31,5.29,5.6,274,713,0.39536,-0.33519,9,375.0
2022-06-13,2022-06-22,368.0,call,11.63,12.08,11.86,14.13,31,0,0.33682,0.65047,9,375.0
2022-06-13,2022-06-22,368.0,put,5.94,6.0,5.97,5.93,357,460,0.3856,-0.3651,9,375.0
2022-06-13,2022-06-22,370.0,call,10.56,10.65,10.61,10.31,283,26,0.33682,0.61184,9,375.0
2022-06-13,2022-06-22,370.0,put,6.7,6.77,6.73,6.69,1947,1912,0.3856,-0.39923,9,375.0
2022-06-13,2022-06-22,372.0,call,9.36,9.44,9.4,9.14,506,0,0.33682,0.57228,9,375.0
2022-06-13,2022-06-22,372.0,put,7.54,7.6,7.57,7.85,826,898,0.3856,-0.43396,9,375.0
2022-06-13,2022-06-22,374.0,call,8.24,8.31,8.28,8.17,835,1,0.32707,0.53254,9,375.0
2022-06-13,2022-06-22,374.0,put,8.44,8.51,8.47,8.8,2256,860,0.3856,-0.46901,9,375.0
2022-06-13,2022-06-22,375.0,call,7.72,7.78,7.75,7.82,849,40,0.32707,0.51183,9,375.0
2022-06-13,2022-06-22,375.0,put,8.91,8.99,8.95,8.94,2375,3154,0.3856,-0.48658,9,375.0
2022-06-13,2022-06-22,376.0,call,7.21,7.27,7.24,7.22,1250,10,0.32707,0.49115,9,375.0
2022-06-13,2022-06-22,376.0,put,9.42,9.49,9.46,9.42,2481,963,0.3856,-0.50412,9,375.0
2022-06-13,2022-06-22,378.0,call,6.24,6.3,6.27,6.31,2467,11,0.32707,0.45007,9,375.0
2022-06-13,2022-06-22,378.0,put,10.48,10.57,10.53,10.98,2260,2397,0.3856,-0.53901,9,375.0
2022-06-13,2022-06-22,380.0,call,5.36,5.43,5.39,5.45,2849,123,0.31731,0.4064,9,375.0
2022-06-13,2022-06-22,380.0,put,11.5,11.8,11.65,11.6,1619,1767,0.37584,-0.57591,9,375.0
2022-06-13,2022-06-22,381.0,call,4.95,5.01,4.98,4.83,1745,3,0.31731,0.38608,9,375.0
2022-06-13,2022-06-22,381.0,put,12.1,12.39,12.25,12.4,1584,1043,0.37584,-0.59328,9,375.0
2022-06-13,2022-06-22,382.0,call,4.56,4.62,4.59,4.55,603,9,0.31731,0.36611,9,375.0
2022-06-13,2022-06-22,382.0,put,12.68,13.03,12.86,13.2,489,1095,0.37584,-0.61041,9,375.0
2022-06-13,2022-06-22,383.0,call,4.19,4.26,4.22,4.12,865,52,0.31731,0.34656,9,375.0
2022-06-13,2022-06-22,383.0,put,13.31,13.68,13.5,13.89,82,1314,0.37584,-0.62729,9,375.0
2022-06-13,2022-06-22,384.0,call,3.84,3.89,3.87,3.75,778,7,0.31731,0.32745,9,375.0
2022-06-13,2022-06-22,384.0,put,13.96,14.35,14.16,14.64,89,1140,0.37584,-0.64389,9,375.0
2022-06-13,2022-06-22,385.0,call,3.51,3.56,3.54,3.34,2035,123,0.31731,0.30883,9,375.0
2022-06-13,2022-06-22,385.0,put,14.66,15.01,14.84,14.94,299,961,0.37584,-0.66018,9,375.0
2022-06-13,2022-06-22,386.0,call,3.2,3.25,3.23,3.3,518,61,0.31731,0.29074,9,375.0
2022-06-13,2022-06-22,386.0,put,15.31,15.71,15.51,15.59,78,819,0.37584,-0.67613,9,375.0
2022-06-13,2022-06-22,387.0,call,2.91,2.95,2.93,3.05,457,312,0.30755,0.26637,9,375.0
2022-06-13,2022-06-22,387.0,put,16.02,16.43,16.23,16.52,166,1240,0.37584,-0.69172,9,375.0
2022-06-13,2022-06-22,388.0,call,2.64,2.68,2.66,2.67,795,1327,0.30755,0.24912,9,375.0
2022-06-13,2022-06-22,388.0,put,16.74,17.22,16.98,17.23,60,633,0.3856,-0.70166,9,375.0
2022-06-13,2022-06-22,389.0,call,2.38,2.43,2.41,2.32,978,1142,0.30755,0.23252,9,375.0
2022-06-13,2022-06-22,389.0,put,17.49,17.97,17.73,18.27,103,1026,0.3856,-0.71623,9,375.0
2022-06-13,2022-06-22,390.0,call,2.15,2.19,2.17,2.16,2029,1681,0.30755,0.2166,9,375.0
2022-06-13,2022-06-22,390.0,put,18.25,18.75,18.5,18.57,208,2595,0.3856,-0.73042,9,375.0
2022-06-13,2022-06-22,391.0,call,1.93,1.97,1.95,1.93,510,890,0.30755,0.20136,9,375.0
2022-06-13,2022-06-22,391.0,put,19.04,19.54,19.29,18.74,58,1727,0.3856,-0.74421,9,375.0
2022-06-13,2022-06-22,392.0,call,1.73,1.77,1.75,1.82,739,509,0.30755,0.18683,9,375.0
2022-06-13,2022-06-22,392.0,put,19.84,20.35,20.09,20.6,72,1203,0.3856,-0.75759,9,375.0
2022-06-13,2022-06-22,393.0,call,1.55,1.58,1.56,1.51,559,985,0.2978,0.16482,9,375.0
2022-06-13,2022-06-22,393.0,put,20.65,21.17,20.91,21.61,41,1212,0.3856,-0.77055,9,375.0
2022-06-13,2022-06-22,394.0,call,1.38,1.41,1.4,1.32,493,973,0.2978,0.1517,9,375.0
2022-06-13,2022-06-22,394.0,put,21.48,22.01,21.75,22.22,57,438,0.39536,-0.77691,9,375.0
2022-06-13,2022-06-22,395.0,call,1.23,1.26,1.25,1.27,982,434,0.2978,0.13932,9,375.0
2022-06-13,2022-06-22,395.0,put,22.33,22.87,22.6,23.05,166,644,0.39536,-0.7889,9,375.0
2022-06-13,2022-06-22,396.0,call,1.09,1.12,1.1,1.07,747,932,0.2978,0.12767,9,375.0
2022-06-13,2022-06-22,396.0,put,23.2,23.74,23.47,23.26,15,320,0.39536,-0.80048,9,375.0
2022-06-13,2022-06-22,397.0,call,0.97,1.0,0.98,0.98,697,731,0.2978,0.11675,9,375.0
2022-06-13,2022-06-22,397.0,put,24.08,24.62,24.35,22.63,32,414,0.40511,-0.80543,9,375.0
2022-06-13,2022-06-22,398.0,call,0.86,0.88,0.87,0.88,187,473,0.2978,0.10653,9,375.0
2022-06-13,2022-06-22,398.0,put,24.97,25.52,25.24,21.36,1,558,0.40511,-0.81613,9,375.0
2022-06-13,2022-06-22,399.0,call,0.76,0.78,0.77,0.8,357,707,0.2978,0.097,9,375.0
2022-06-13,2022-06-22,399.0,put,25.87,26.42,26.15,26.5,13,718,0.40511,-0.82643,9,375.0
2022-06-13,2022-06-22,400.0,call,0.67,0.69,0.68,0.7,1646,919,0.2978,0.08813,9,375.0
2022-06-13,2022-06-22,400.0,put,26.78,27.34,27.06,28.19,142,1104,0.41487,-0.8302,9,375.0
2022-06-13,2022-06-22,401.0,call,0.59,0.61,0.6,0.61,755,1024,0.2978,0.0799,9,375.0
2022-06-13,2022-06-22,401.0,put,27.71,28.26,27.98,29.04,28,653,0.41487,-0.83972,9,375.0
2022-06-13,2022-06-22,402.0,call,0.52,0.53,0.53,0.5,160,659,0.2978,0.07228,9,375.0
2022-06-13,2022-06-22,402.0,put,28.64,29.2,28.92,29.14,13,345,0.42462,-0.84287,9,375.0
2022-06-13,2022-06-22,403.0,call,0.46,0.48,0.47,0.45,623,1205,0.2978,0.06525,9,375.0
2022-06-13,2022-06-22,403.0,put,29.58,30.14,29.86,28.1,18,923,0.43438,-0.84581,9,375.0
2022-06-13,2022-06-22,404.0,call,0.41,0.42,0.41,0.43,586,1013,0.2978,0.05877,9,375.0
2022-06-13,2022-06-22,404.0,put,30.53,31.09,30.81,26.88,73,1473,0.43438,-0.85428,9,375.0
2022-06-13,2022-06-22,405.0,call,0.36,0.38,0.37,0.37,770,1033,0.2978,0.05283,9,375.0
2022-06-13,2022-06-22,405.0,put,31.49,32.05,31.77,30.61,112,1593,0.44414,-0.85672,9,375.0
2022-06-13,2022-06-22,406.0,call,0.32,0.33,0.33,0.32,735,1100,0.2978,0.04738,9,375.0
2022-06-13,2022-06-22,406.0,put,32.45,33.01,32.73,29.68,14,1364,0.45389,-0.85901,9,375.0
2022-06-13,2022-06-22,407.0,call,0.29,0.3,0.29,0.29,1217,1439,0.2978,0.04241,9,375.0
2022-06-13,2022-06-22,407.0,put,33.36,33.91,33.63,35.15,8,1022,0.45389,-0.86659,9,375.0
2022-06-13,2022-06-22,408.0,call,0.26,0.27,0.27,0.27,89,1596,0.2978,0.03788,9,375.0
2022-06-13,2022-06-22,408.0,put,34.33,34.88,34.61,34.88,171,1067,0.46365,-0.86848,9,375.0
2022-06-13,2022-06-22,409.0,call,0.23,0.24,0.23,0.24,520,1030,0.2978,0.03376,9,375.0
2022-06-13,2022-06-22,409.0,put,35.31,35.85,35.58,31.96,19,586,0.46365,-0.87552,9,375.0
2022-06-13,2022-06-22,410.0,call,0.21,0.22,0.21,0.22,1030,1736,0.2978,0.03003,9,375.0
2022-06-13,2022-06-22,410.0,put,36.28,36.83,36.55,37.02,70,933,0.4734,-0.87706,9,375.0
2022-06-13,2022-06-22,411.0,call,0.19,0.2,0.2,0.2,214,764,0.30755,0.03076,9,375.0
2022-06-13,2022-06-22,411.0,put,37.27,37.81,37.54,34.23,21,863,0.48316,-0.87852,9,375.0
2022-06-13,2022-06-22,412.0,call,0.17,0.18,0.17,0.18,116,817,0.30755,0.02743,9,375.0
2022-06-13,2022-06-22,412.0,put,38.25,38.79,38.52,35.98,31,1005,0.49292,-0.87988,9,375.0
2022-06-13,2022-06-22,413.0,call,0.15,0.17,0.16,0.16,74,605,0.30755,0.02441,9,375.0
2022-06-13,2022-06-22,413.0,put,39.23,39.77,39.5,36.12,24,529,0.49292,-0.88603,9,375.0
2022-06-13,2022-06-22,414.0,call,0.14,0.15,0.15,0.16,125,1085,0.30755,0.02168,9,375.0
2022-06-13,2022-06-22,414.0,put,40.22,40.76,40.49,39.1,23,792,0.50267,-0.88713,9,375.0
2022-06-13,2022-06-22,415.0,call,0.13,0.14,0.14,0.14,438,2450,0.31731,0.02248,9,375.0
2022-06-13,2022-06-22,415.0,put,41.21,41.74,41.48,41.8,95,939,0.51243,-0.88816,9,375.0
2022-06-13,2022-06-22,416.0,call,0.11,0.12,0.11,0.14,135,1193,0.30755,0.017,9,375.0
2022-06-13,2022-06-22,416.0,put,42.25,42.73,42.49,26.63,0,346,0.52218,-0.88913,9,375.0
2022-06-13,2022-06-22,417.0,call,0.1,0.11,0.11,0.12,96,1374,0.31731,0.01779,9,375.0
2022-06-13,2022-06-22,417.0,put,43.19,43.72,43.45,15.82,0,380,0.52218,-0.89457,9,375.0
2022-06-13,2022-06-22,418.0,call,0.09,0.1,0.1,0.11,69,892,0.31731,0.01579,9,375.0
2022-06-13,2022-06-22,418.0,put,44.18,44.71,44.45,38.59,20,161,0.53194,-0.89533,9,375.0
2022-06-13,2022-06-22,419.0,call,0.09,0.1,0.1,0.1,307,1375,0.31731,0.01399,9,375.0
2022-06-13,2022-06-22,419.0,put,45.17,45.7,45.44,29.78,0,31,0.54169,-0.89605,9,375.0
2022-06-13,2022-06-22,420.0,call,0.08,0.09,0.08,0.08,281,2689,0.31731,0.01237,9,375.0
2022-06-13,2022-06-22,420.0,put,46.16,46.69,46.42,30.88,0,82,0.55145,-0.89672,9,375.0
2022-06-13,2022-06-22,422.0,call,0.06,0.07,0.07,0.08,95,2279,0.32707,0.01162,9,375.0
2022-06-13,2022-06-22,422.0,put,48.15,48.68,48.41,45.87,10,32,0.56121,-0.90209,9,375.0
2022-06-13,2022-06-22,424.0,call,0.05,0.06,0.06,0.06,214,1835,0.32707,0.0091,9,375.0
2022-06-13,2022-06-22,424.0,put,50.14,50.66,50.4,50.79,1,8,0.58072,-0.90301,9,375.0
2022-06-13,2022-06-22,425.0,call,0.05,0.06,0.06,0.05,612,2236,0.33682,0.00974,9,375.0
2022-06-13,2022-06-22,425.0,put,51.14,51.66,51.4,48.75,4,113,0.59047,-0.90343,9,375.0
2022-06-13,2022-06-22,426.0,call,0.04,0.05,0.04,0.05,302,1334,0.32707,0.00708,9,375.0
2022-06-13,2022-06-22,426.0,put,52.13,52.65,52.39,46.68,2,2,0.59047,-0.90769,9,375.0
2022-06-13,2022-06-22,428.0,call,0.03,0.04,0.04,0.04,1054,1342,0.33682,0.00677,9,375.0
2022-06-13,2022-06-22,428.0,put,54.13,54.64,54.39,36.25,0,6,0.60999,-0.90826,9,375.0
2022-06-13,2022-06-22,430.0,call,0.03,0.04,0.04,0.03,145,1647,0.34658,0.0065,9,375.0
2022-06-13,2022-06-22,430.0,put,56.12,56.63,56.38,37.39,0,17,0.6295,-0.90874,9,375.0
2022-06-13,2022-06-22,432.0,call,0.03,0.04,0.04,0.03,38,1614,0.35633,0.00626,9,375.0
2022-06-13,2022-06-22,432.0,put,58.11,58.63,58.37,21.34,0,6,0.63925,-0.91267,9,375.0
2022-06-13,2022-06-22,434.0,call,0.02,0.03,0.03,0.03,26,1249,0.35633,0.00494,9,375.0
2022-06-13,2022-06-22,434.0,put,60.11,60.62,60.36,54.45,5,6,0.65876,-0.9129,9,375.0
2022-06-13,2022-06-22,435.0,call,0.02,0.03,0.03,0.02,134,2953,0.35633,0.00438,9,375.0
2022-06-13,2022-06-22,435.0,put,61.11,61.62,61.36,55.45,5,9,0.65876,-0.91637,9,375.0
2022-06-13,2022-06-22,436.0,call,0.02,0.03,0.03,0.02,20,773,0.36609,0.00481,9,375.0
2022-06-13,2022-06-22,436.0,put,62.11,62.62,62.36,58.13,1,1,0.66852,-0.9164,9,375.0
2022-06-13,2022-06-22,438.0,call,0.02,0.03,0.03,0.03,16,1588,0.37584,0.00468,9,375.0
2022-06-13,2022-06-22,438.0,put,64.1,64.61,64.35,0.0,0,0,0.68803,-0.91643,9,375.0
2022-06-13,2022-06-22,440.0,call,0.02,0.03,0.03,0.03,569,1269,0.3856,0.00458,9,375.0
2022-06-13,2022-06-22,440.0,put,66.09,66.61,66.35,65.36,5,25,0.69779,-0.91957,9,375.0
2022-06-13,2022-06-22,442.0,call,0.02,0.03,0.03,0.01,256,54,0.39536,0.00448,9,375.0
2022-06-13,2022-06-22,442.0,put,68.09,68.6,68.34,63.36,4,0,0.70754,-0.92251,9,375.0
2022-06-13,2022-06-22,444.0,call,0.02,0.03,0.03,0.01,22,283,0.40511,0.0044,9,375.0
2022-06-13,2022-06-22,444.0,put,70.09,70.6,70.34,50.73,0,10,0.72706,-0.92227,9,375.0
2022-06-13,2022-06-22,445.0,call,0.01,0.02,0.01,0.01,10,531,0.36609,0.00162,9,375.0
2022-06-13,2022-06-22,445.0,put,71.09,71.6,71.34,33.76,0,3,0.73681,-0.92214,9,375.0
2022-06-13,2022-06-22,446.0,call,0.01,0.02,0.01,0.02,252,634,0.37584,0.00184,9,375.0
2022-06-13,2022-06-22,446.0,put,72.15,72.66,72.41,31.66,0,1,0.74657,-0.92201,9,375.0
2022-06-13,2022-06-22,448.0,call,0.01,0.02,0.01,0.02,0,582,0.37584,0.00144,9,375.0
2022-06-13,2022-06-22,448.0,put,74.15,74.66,74.41,0.0,0,0,0.76608,-0.92172,9,375.0
2022-06-13,2022-06-22,450.0,call,0.01,0.02,0.01,0.01,3,395,0.3856,0.00145,9,375.0
2022-06-13,2022-06-22,450.0,put,76.09,76.59,76.34,60.95,0,16,0.76608,-0.92699,9,375.0
2022-06-13,2022-06-22,452.0,call,0.01,0.02,0.01,0.03,0,134,0.39536,0.00147,9,375.0
2022-06-13,2022-06-22,452.0,put,78.15,78.65,78.4,0.0,0,0,0.79535,-0.92382,9,375.0
2022-06-13,2022-06-22,454.0,call,0.01,0.02,0.01,0.01,2,49,0.40511,0.00149,9,375.0
2022-06-13,2022-06-22,454.0,put,80.15,80.59,80.37,46.68,0,23,0.8051,-0.9261,9,375.0
2022-06-13,2022-06-22,455.0,call,0.01,0.02,0.01,0.04,0,45,0.40511,0.00133,9,375.0
2022-06-13,2022-06-22,455.0,put,81.15,81.65,81.4,0.0,0,0,0.81486,-0.92586,9,375.0
2022-06-13,2022-06-22,460.0,call,0.01,0.02,0.01,0.02,2,739,0.43438,0.00155,9,375.0
2022-06-13,2022-06-22,460.0,put,86.15,86.65,86.4,50.73,0,20,0.84413,-0.92969,9,375.0
2022-06-13,2022-06-22,465.0,call,0.01,0.02,0.01,0.05,0,4,0.45389,0.00144,9,375.0
2022-06-13,2022-06-22,465.0,put,91.15,91.64,91.4,54.37,0,20,0.88315,-0.93061,9,375.0
2022-06-13,2022-06-22,470.0,call,0.01,0.02,0.01,0.01,0,42,0.4734,0.00136,9,375.0
2022-06-13,2022-06-22,470.0,put,96.14,96.64,96.39,56.48,0,20,0.91242,-0.93358,9,375.0
2022-06-13,2022-06-22,480.0,put,106.14,106.64,106.39,71.9,0,2,0.98071,-0.93633,9,375.0
2022-06-13,2022-06-22,490.0,put,116.14,116.63,116.38,0.0,0,0,1.03924,-0.94017,9,375.0
2022-06-13,2022-06-24,156.0,call,218.54,219.77,219.16,0.0,0,0,1.94654,0.99716,11,375.0
2022-06-13,2022-06-24,157.0,call,217.54,218.77,218.16,0.0,0,0,1.93678,0.9971,11,375.0
2022-06-13,2022-06-24,158.0,call,216.54,217.77,217.16,0.0,0,0,1.91727,0.99715,11,375.0
2022-06-13,2022-06-24,200.0,call,174.54,175.77,175.16,0.0,0,0,1.40997,0.99644,11,375.0
2022-06-13,2022-06-24,200.0,put,0.02,0.03,0.03,0.02,6760,2525,1.24412,-0.00127,11,375.0
2022-06-13,2022-06-24,250.0,call,124.55,125.78,125.16,0.0,0,0,0.93193,0.99518,11,375.0
2022-06-13,2022-06-24,250.0,put,0.06,0.07,0.07,0.09,280,1520,0.90266,-0.00382,11,375.0
2022-06-13,2022-06-24,260.0,call,114.56,115.5,115.03,0.0,0,0,0.01488,1.0,11,375.0
2022-06-13,2022-06-24,260.0,put,0.09,0.1,0.1,0.11,526,2822,0.85388,-0.00544,11,375.0
2022-06-13,2022-06-24,270.0,call,104.57,105.52,105.04,0.0,0,0,0.01488,1.0,11,375.0
2022-06-13,2022-06-24,270.0,put,0.11,0.12,0.11,0.14,218,1426,0.78559,-0.00659,11,375.0
2022-06-13,2022-06-24,275.0,call,99.57,100.53,100.05,0.0,0,0,0.01488,1.0,11,375.0
2022-06-13,2022-06-24,275.0,put,0.13,0.14,0.14,0.16,304,225,0.76608,-0.00819,11,375.0
2022-06-13,2022-06-24,280.0,call,94.88,95.54,95.21,112.0,0,3,0.72706,0.99134,11,375.0
2022-06-13,2022-06-24,280.0,put,0.15,0.16,0.15,0.17,645,396,0.72706,-0.00866,11,375.0
2022-06-13,2022-06-24,285.0,call,89.61,90.55,90.08,0.0,0,0,0.51243,0.99913,11,375.0
2022-06-13,2022-06-24,285.0,put,0.17,0.18,0.17,0.21,318,1282,0.70754,-0.01079,11,375.0
2022-06-13,2022-06-24,290.0,call,84.6,85.57,85.08,0.0,0,0,0.48316,0.99906,11,375.0
2022-06-13,2022-06-24,290.0,put,0.2,0.21,0.21,0.2,265,903,0.68803,-0.01342,11,375.0
2022-06-13,2022-06-24,295.0,call,79.61,80.59,80.1,0.0,0,0,0.50267,0.99741,11,375.0
2022-06-13,2022-06-24,295.0,put,0.23,0.24,0.23,0.24,528,261,0.64901,-0.01432,11,375.0
2022-06-13,2022-06-24,300.0,call,74.63,75.61,75.12,0.0,0,0,0.50267,0.99539,11,375.0
2022-06-13,2022-06-24,300.0,put,0.27,0.28,0.28,0.32,755,378,0.6295,-0.01791,11,375.0
2022-06-13,2022-06-24,305.0,call,69.65,70.63,70.14,0.0,0,0,0.48316,0.99393,11,375.0
2022-06-13,2022-06-24,305.0,put,0.32,0.33,0.33,0.37,364,3516,0.60999,-0.0224,11,375.0
2022-06-13,2022-06-24,310.0,call,64.68,65.66,65.17,0.0,0,0,0.4734,0.99087,11,375.0
2022-06-13,2022-06-24,310.0,put,0.38,0.39,0.39,0.38,2843,658,0.58072,-0.02612,11,375.0
2022-06-13,2022-06-24,311.0,call,63.68,64.67,64.17,0.0,0,0,0.46365,0.99106,11,375.0
2022-06-13,2022-06-24,311.0,put,0.39,0.4,0.4,0.46,322,559,0.57096,-0.02619,11,375.0
2022-06-13,2022-06-24,312.0,call,62.69,63.68,63.19,0.0,0,0,0.46365,0.99005,11,375.0
2022-06-13,2022-06-24,312.0,put,0.41,0.42,0.41,0.49,5,587,0.57096,-0.02822,11,375.0
2022-06-13,2022-06-24,313.0,call,61.7,62.68,62.19,0.0,0,0,0.46365,0.98895,11,375.0
2022-06-13,2022-06-24,313.0,put,0.42,0.43,0.42,0.5,218,428,0.56121,-0.02831,11,375.0
2022-06-13,2022-06-24,314.0,call,60.7,61.69,61.2,0.0,0,0,0.45389,0.98915,11,375.0
2022-06-13,2022-06-24,314.0,put,0.44,0.45,0.45,0.53,289,718,0.56121,-0.0305,11,375.0
2022-06-13,2022-06-24,315.0,call,59.71,60.7,60.2,0.0,0,0,0.45389,0.98794,11,375.0
2022-06-13,2022-06-24,315.0,put,0.45,0.47,0.46,0.49,416,1894,0.55145,-0.03062,11,375.0
2022-06-13,2022-06-24,316.0,call,58.72,59.71,59.22,0.0,0,0,0.45389,0.98662,11,375.0
2022-06-13,2022-06-24,316.0,put,0.47,0.48,0.47,0.52,324,936,0.55145,-0.03298,11,375.0
2022-06-13,2022-06-24,317.0,call,57.73,58.72,58.22,0.0,0,0,0.44414,0.98683,11,375.0
2022-06-13,2022-06-24,317.0,put,0.49,0.5,0.49,0.49,619,768,0.54169,-0.03315,11,375.0
2022-06-13,2022-06-24,318.0,call,56.74,57.73,57.23,0.0,0,0,0.44414,0.98538,11,375.0
2022-06-13,2022-06-24,318.0,put,0.51,0.52,0.52,0.56,777,781,0.54169,-0.0357,11,375.0
2022-06-13,2022-06-24,319.0,call,55.75,56.74,56.25,0.0,0,0,0.44414,0.9838,11,375.0
2022-06-13,2022-06-24,319.0,put,0.53,0.54,0.54,0.54,553,624,0.54169,-0.0384,11,375.0
2022-06-13,2022-06-24,320.0,call,54.76,55.75,55.25,0.0,0,0,0.43438,0.984,11,375.0
2022-06-13,2022-06-24,320.0,put,0.55,0.56,0.56,0.55,1756,3593,0.53194,-0.03866,11,375.0
2022-06-13,2022-06-24,321.0,call,53.77,54.77,54.27,0.0,0,0,0.43438,0.98226,11,375.0
2022-06-13,2022-06-24,321.0,put,0.57,0.58,0.57,0.6,905,380,0.52218,-0.03893,11,375.0
2022-06-13,2022-06-24,322.0,call,52.78,53.78,53.28,0.0,0,0,0.43438,0.98038,11,375.0
2022-06-13,2022-06-24,322.0,put,0.59,0.6,0.59,0.65,1882,204,0.52218,-0.04191,11,375.0
2022-06-13,2022-06-24,323.0,call,51.8,52.79,52.3,53.56,2,0,0.43438,0.97834,11,375.0
2022-06-13,2022-06-24,323.0,put,0.61,0.63,0.62,0.73,1209,141,0.51243,-0.04223,11,375.0
2022-06-13,2022-06-24,324.0,call,50.81,51.81,51.31,0.0,0,0,0.42462,0.97848,11,375.0
2022-06-13,2022-06-24,324.0,put,0.64,0.65,0.65,0.72,1083,388,0.51243,-0.04546,11,375.0
2022-06-13,2022-06-24,325.0,call,49.83,50.82,50.33,0.0,0,0,0.42462,0.97623,11,375.0
2022-06-13,2022-06-24,325.0,put,0.67,0.68,0.68,0.78,4189,5543,0.51243,-0.04887,11,375.0
2022-06-13,2022-06-24,326.0,call,48.84,49.84,49.34,49.76,1,0,0.41487,0.97636,11,375.0
2022-06-13,2022-06-24,326.0,put,0.69,0.71,0.7,0.82,1067,580,0.50267,-0.04935,11,375.0
2022-06-13,2022-06-24,327.0,call,47.86,48.86,48.36,0.0,0,0,0.41487,0.97388,11,375.0
2022-06-13,2022-06-24,327.0,put,0.72,0.74,0.73,0.82,1171,414,0.50267,-0.05304,11,375.0
2022-06-13,2022-06-24,328.0,call,46.88,47.88,47.38,0.0,0,0,0.41487,0.97121,11,375.0
2022-06-13,2022-06-24,328.0,put,0.76,0.77,0.77,0.78,273,616,0.49292,-0.05363,11,375.0
2022-06-13,2022-06-24,329.0,call,45.9,46.9,46.4,0.0,0,0,0.40511,0.97125,11,375.0
2022-06-13,2022-06-24,329.0,put,0.79,0.8,0.8,0.83,803,647,0.49292,-0.05762,11,375.0
2022-06-13,2022-06-24,330.0,call,45.21,45.92,45.56,81.5,0,2,0.43438,0.95874,11,375.0
2022-06-13,2022-06-24,330.0,put,0.83,0.84,0.83,0.84,1807,13022,0.48316,-0.05833,11,375.0
2022-06-13,2022-06-24,331.0,call,43.94,44.94,44.44,0.0,0,0,0.40511,0.96511,11,375.0
2022-06-13,2022-06-24,331.0,put,0.86,0.88,0.87,0.97,603,791,0.48316,-0.06265,11,375.0
2022-06-13,2022-06-24,332.0,call,42.97,43.97,43.47,0.0,0,0,0.39536,0.96504,11,375.0
2022-06-13,2022-06-24,332.0,put,0.9,0.92,0.91,1.04,872,235,0.4734,-0.06349,11,375.0
2022-06-13,2022-06-24,333.0,call,42.0,42.99,42.5,45.06,4,0,0.39536,0.96152,11,375.0
2022-06-13,2022-06-24,333.0,put,0.95,0.96,0.95,0.98,841,529,0.4734,-0.06818,11,375.0
2022-06-13,2022-06-24,334.0,call,41.02,42.02,41.52,0.0,0,0,0.39536,0.95773,11,375.0
2022-06-13,2022-06-24,334.0,put,0.99,1.01,1.0,1.08,991,551,0.4734,-0.07311,11,375.0
2022-06-13,2022-06-24,335.0,call,40.06,41.05,40.55,0.0,0,0,0.3856,0.95749,11,375.0
2022-06-13,2022-06-24,335.0,put,1.04,1.06,1.05,1.05,1171,3297,0.46365,-0.07427,11,375.0
2022-06-13,2022-06-24,336.0,call,39.09,40.09,39.59,0.0,0,0,0.3856,0.9533,11,375.0
2022-06-13,2022-06-24,336.0,put,1.09,1.11,1.1,1.14,1194,499,0.46365,-0.07961,11,375.0
2022-06-13,2022-06-24,337.0,call,38.13,39.12,38.62,0.0,0,0,0.3856,0.9488,11,375.0
2022-06-13,2022-06-24,337.0,put,1.15,1.17,1.16,1.17,1541,303,0.45389,-0.08098,11,375.0
2022-06-13,2022-06-24,338.0,call,37.17,38.16,37.66,0.0,0,0,0.37584,0.9483,11,375.0
2022-06-13,2022-06-24,338.0,put,1.21,1.23,1.22,1.3,1429,857,0.45389,-0.08677,11,375.0
2022-06-13,2022-06-24,339.0,call,36.22,37.2,36.71,0.0,0,0,0.37584,0.94332,11,375.0
2022-06-13,2022-06-24,339.0,put,1.27,1.29,1.28,1.35,912,1522,0.45389,-0.09285,11,375.0
2022-06-13,2022-06-24,340.0,call,35.56,36.25,35.91,64.0,0,2,0.39536,0.92861,11,375.0
2022-06-13,2022-06-24,340.0,put,1.34,1.36,1.35,1.34,3396,3121,0.44414,-0.09466,11,375.0
2022-06-13,2022-06-24,341.0,call,34.32,35.3,34.81,0.0,0,0,0.37584,0.9323,11,375.0
2022-06-13,2022-06-24,341.0,put,1.41,1.44,1.42,1.57,1045,913,0.44414,-0.10124,11,375.0
2022-06-13,2022-06-24,342.0,call,33.38,34.35,33.87,0.0,0,0,0.37584,0.92623,11,375.0
2022-06-13,2022-06-24,342.0,put,1.49,1.52,1.5,1.66,6301,1578,0.44414,-0.10813,11,375.0
2022-06-13,2022-06-24,343.0,call,32.45,33.41,32.93,0.0,0,0,0.36609,0.92495,11,375.0
2022-06-13,2022-06-24,343.0,put,1.57,1.6,1.58,1.86,2092,446,0.43438,-0.1105,11,375.0
2022-06-13,2022-06-24,344.0,call,31.51,32.47,31.99,33.98,4,0,0.36609,0.91825,11,375.0
2022-06-13,2022-06-24,344.0,put,1.66,1.69,1.67,1.74,1640,711,0.43438,-0.11796,11,375.0
2022-06-13,2022-06-24,345.0,call,30.59,31.54,31.06,0.0,0,0,0.36609,0.91112,11,375.0
2022-06-13,2022-06-24,345.0,put,1.77,1.78,1.77,1.72,2870,21859,0.43438,-0.12574,11,375.0
2022-06-13,2022-06-24,346.0,call,29.67,30.62,30.15,0.0,0,0,0.36609,0.90357,11,375.0
2022-06-13,2022-06-24,346.0,put,1.86,1.89,1.88,2.0,2355,1744,0.42462,-0.12879,11,375.0
2022-06-13,2022-06-24,347.0,call,28.75,29.7,29.23,0.0,0,0,0.35633,0.90138,11,375.0
2022-06-13,2022-06-24,347.0,put,1.97,2.0,1.98,1.95,1340,539,0.42462,-0.1372,11,375.0
2022-06-13,2022-06-24,348.0,call,27.85,28.79,28.32,32.17,4,0,0.35633,0.89305,11,375.0
2022-06-13,2022-06-24,348.0,put,2.08,2.12,2.1,2.21,1285,826,0.42462,-0.14596,11,375.0
2022-06-13,2022-06-24,349.0,call,26.96,27.88,27.42,0.0,0,0,0.35633,0.88426,11,375.0
2022-06-13,2022-06-24,349.0,put,2.21,2.24,2.23,2.28,978,1249,0.41487,-0.14983,11,375.0
2022-06-13,2022-06-24,350.0,call,26.33,26.98,26.66,25.54,13,11,0.36609,0.86892,11,375.0
2022-06-13,2022-06-24,350.0,put,2.35,2.37,2.36,2.33,5648,4909,0.41487,-0.15928,11,375.0
2022-06-13,2022-06-24,351.0,call,25.17,26.09,25.63,41.24,0,0,0.34658,0.8715,11,375.0
2022-06-13,2022-06-24,351.0,put,2.48,2.52,2.5,2.62,951,1487,0.41487,-0.16908,11,375.0
2022-06-13,2022-06-24,352.0,call,24.57,25.21,24.89,29.33,1,2,0.35633,0.85501,11,375.0
2022-06-13,2022-06-24,352.0,put,2.63,2.67,2.65,2.77,1326,507,0.41487,-0.17923,11,375.0
2022-06-13,2022-06-24,353.0,call,23.71,24.34,24.02,59.58,0,2,0.35633,0.84431,11,375.0
2022-06-13,2022-06-24,353.0,put,2.81,2.83,2.82,2.85,1818,700,0.40511,-0.18449,11,375.0
2022-06-13,2022-06-24,354.0,call,22.61,23.48,23.05,0.0,0,0,0.34658,0.83942,11,375.0
2022-06-13,2022-06-24,354.0,put,2.99,3.0,3.0,2.99,2879,810,0.40511,-0.1954,11,375.0
2022-06-13,2022-06-24,355.0,call,21.75,22.62,22.19,0.0,0,0,0.34658,0.82772,11,375.0
2022-06-13,2022-06-24,355.0,put,3.16,3.18,3.17,3.15,4354,7163,0.40511,-0.20666,11,375.0
2022-06-13,2022-06-24,356.0,call,20.92,21.78,21.35,0.0,0,0,0.34658,0.81552,11,375.0
2022-06-13,2022-06-24,356.0,put,3.34,3.38,3.36,3.35,8036,766,0.40511,-0.21827,11,375.0
2022-06-13,2022-06-24,357.0,call,20.11,20.96,20.54,0.0,0,0,0.33682,0.80915,11,375.0
2022-06-13,2022-06-24,357.0,put,3.56,3.59,3.58,3.56,1884,969,0.40511,-0.23021,11,375.0
2022-06-13,2022-06-24,358.0,call,19.32,20.14,19.73,0.0,0,0,0.33682,0.79586,11,375.0
2022-06-13,2022-06-24,358.0,put,3.77,3.82,3.79,3.72,2201,870,0.39536,-0.23764,11,375.0
2022-06-13,2022-06-24,360.0,call,17.99,18.55,18.27,17.1,171,7,0.34658,0.76199,11,375.0
2022-06-13,2022-06-24,360.0,put,4.23,4.28,4.26,4.25,5967,12643,0.39536,-0.26345,11,375.0
2022-06-13,2022-06-24,362.0,call,16.48,17.03,16.76,18.23,94,2,0.33682,0.73791,11,375.0
2022-06-13,2022-06-24,362.0,put,4.76,4.83,4.79,5.04,1130,2357,0.39536,-0.29047,11,375.0
2022-06-13,2022-06-24,364.0,call,15.02,15.53,15.27,16.88,102,1,0.33682,0.70633,11,375.0
2022-06-13,2022-06-24,364.0,put,5.35,5.41,5.38,5.32,1558,2886,0.3856,-0.31492,11,375.0
2022-06-13,2022-06-24,365.0,call,14.32,14.82,14.57,14.66,83,3,0.33682,0.68997,11,375.0
2022-06-13,2022-06-24,365.0,put,5.66,5.71,5.69,5.68,5014,4248,0.3856,-0.32961,11,375.0
2022-06-13,2022-06-24,366.0,call,13.65,14.11,13.88,13.62,129,1,0.33682,0.67327,11,375.0
2022-06-13,2022-06-24,366.0,put,6.0,6.06,6.03,5.96,6615,2157,0.3856,-0.34454,11,375.0
2022-06-13,2022-06-24,368.0,call,12.55,12.62,12.59,12.43,129,11,0.33682,0.63899,11,375.0
2022-06-13,2022-06-24,368.0,put,6.7,6.76,6.73,6.9,1263,2726,0.3856,-0.37498,11,375.0
2022-06-13,2022-06-24,370.0,call,11.31,11.39,11.35,11.35,437,43,0.33682,0.60375,11,375.0
2022-06-13,2022-06-24,370.0,put,7.47,7.52,7.49,7.49,8214,5221,0.3856,-0.40605,11,375.0
2022-06-13,2022-06-24,371.0,call,10.7,10.77,10.73,10.71,539,0,0.32707,0.58771,11,375.0
2022-06-13,2022-06-24,371.0,put,7.89,7.94,7.92,8.01,4215,0,0.37584,-0.42042,11,375.0
2022-06-13,2022-06-24,372.0,call,10.12,10.19,10.15,9.88,2001,3,0.32707,0.56917,11,375.0
2022-06-13,2022-06-24,372.0,put,8.31,8.37,8.34,8.32,5245,4998,0.37584,-0.43661,11,375.0
2022-06-13,2022-06-24,373.0,call,9.56,9.62,9.59,9.58,2445,0,0.32707,0.55052,11,375.0
2022-06-13,2022-06-24,373.0,put,8.75,8.82,8.79,8.76,2015,0,0.37584,-0.45287,11,375.0
2022-06-13,2022-06-24,374.0,call,9.01,9.07,9.04,8.57,1686,10,0.32707,0.53181,11,375.0
2022-06-13,2022-06-24,374.0,put,9.2,9.28,9.24,9.35,4328,2896,0.37584,-0.46916,11,375.0
2022-06-13,2022-06-24,375.0,call,8.48,8.55,8.52,8.37,2577,44,0.32707,0.51308,11,375.0
2022-06-13,2022-06-24,375.0,put,9.67,9.74,9.71,9.76,8619,2653,0.37584,-0.48546,11,375.0
2022-06-13,2022-06-24,376.0,call,7.96,8.01,7.98,7.61,1789,106,0.32707,0.49437,11,375.0
2022-06-13,2022-06-24,376.0,put,10.18,10.25,10.21,10.29,2924,1747,0.37584,-0.50174,11,375.0
2022-06-13,2022-06-24,377.0,call,7.47,7.53,7.5,7.48,1481,0,0.32707,0.47572,11,375.0
2022-06-13,2022-06-24,377.0,put,10.69,10.77,10.73,11.02,2083,0,0.37584,-0.51797,11,375.0
2022-06-13,2022-06-24,378.0,call,6.99,7.04,7.02,6.78,2435,220,0.31731,0.45519,11,375.0
2022-06-13,2022-06-24,378.0,put,11.21,11.3,11.26,11.61,2991,1722,0.37584,-0.53413,11,375.0
2022-06-13,2022-06-24,379.0,call,6.52,6.57,6.54,6.42,1938,171,0.31731,0.43623,11,375.0
2022-06-13,2022-06-24,379.0,put,11.79,11.87,11.83,11.77,2455,1527,0.37584,-0.5502,11,375.0
2022-06-13,2022-06-24,380.0,call,6.1,6.14,6.12,6.17,7296,253,0.31731,0.41747,11,375.0
2022-06-13,2022-06-24,380.0,put,12.32,12.39,12.36,12.28,8354,6013,0.37584,-0.56614,11,375.0
2022-06-13,2022-06-24,381.0,call,5.67,5.73,5.7,5.53,2976,122,0.31731,0.39895,11,375.0
2022-06-13,2022-06-24,381.0,put,12.9,13.01,12.96,13.58,2119,2143,0.37584,-0.58193,11,375.0
2022-06-13,2022-06-24,382.0,call,5.27,5.33,5.3,5.34,1747,97,0.31731,0.38069,11,375.0
2022-06-13,2022-06-24,382.0,put,13.42,13.67,13.54,14.13,1349,4387,0.36609,-0.60075,11,375.0
2022-06-13,2022-06-24,383.0,call,4.88,4.94,4.91,4.75,1137,888,0.31731,0.36275,11,375.0
2022-06-13,2022-06-24,383.0,put,13.99,14.33,14.16,14.56,1176,1281,0.36609,-0.61655,11,375.0
2022-06-13,2022-06-24,384.0,call,4.51,4.56,4.54,4.36,5149,534,0.31731,0.34515,11,375.0
2022-06-13,2022-06-24,384.0,put,14.6,14.96,14.78,15.25,438,2278,0.36609,-0.63212,11,375.0
2022-06-13,2022-06-24,385.0,call,4.17,4.21,4.19,4.21,2847,633,0.30755,0.32221,11,375.0
2022-06-13,2022-06-24,385.0,put,15.27,15.62,15.45,16.08,3033,6090,0.36609,-0.64743,11,375.0
2022-06-13,2022-06-24,386.0,call,3.82,3.87,3.84,3.74,1371,584,0.30755,0.30498,11,375.0
2022-06-13,2022-06-24,386.0,put,15.9,16.3,16.1,17.38,224,1307,0.36609,-0.66247,11,375.0
2022-06-13,2022-06-24,387.0,call,3.5,3.56,3.53,3.37,1684,656,0.30755,0.28822,11,375.0
2022-06-13,2022-06-24,387.0,put,16.58,17.02,16.8,18.08,212,1527,0.36609,-0.67721,11,375.0
2022-06-13,2022-06-24,388.0,call,3.21,3.26,3.23,3.2,1394,1828,0.30755,0.27195,11,375.0
2022-06-13,2022-06-24,388.0,put,17.28,17.73,17.51,17.51,193,1384,0.36609,-0.69165,11,375.0
2022-06-13,2022-06-24,389.0,call,2.92,2.97,2.95,2.77,4107,1125,0.30755,0.25619,11,375.0
2022-06-13,2022-06-24,389.0,put,17.99,18.45,18.22,19.42,175,736,0.36609,-0.70575,11,375.0
2022-06-13,2022-06-24,390.0,call,2.67,2.71,2.69,2.71,5295,1627,0.30755,0.24096,11,375.0
2022-06-13,2022-06-24,390.0,put,18.73,19.2,18.96,19.3,6341,7750,0.36609,-0.71952,11,375.0
2022-06-13,2022-06-24,391.0,call,2.42,2.46,2.44,2.43,2170,1116,0.2978,0.21843,11,375.0
2022-06-13,2022-06-24,391.0,put,19.48,19.96,19.72,20.44,182,1305,0.36609,-0.73294,11,375.0
2022-06-13,2022-06-24,392.0,call,2.2,2.23,2.21,2.16,1448,1364,0.2978,0.20414,11,375.0
2022-06-13,2022-06-24,392.0,put,20.25,20.74,20.49,20.9,177,1518,0.36609,-0.74598,11,375.0
2022-06-13,2022-06-24,393.0,call,1.98,2.02,2.0,1.94,1133,1347,0.2978,0.19046,11,375.0
2022-06-13,2022-06-24,393.0,put,21.04,21.53,21.29,23.11,212,766,0.36609,-0.75866,11,375.0
2022-06-13,2022-06-24,394.0,call,1.79,1.81,1.8,1.75,1906,2814,0.2978,0.17739,11,375.0
2022-06-13,2022-06-24,394.0,put,21.84,22.34,22.09,22.35,278,2161,0.37584,-0.76456,11,375.0
2022-06-13,2022-06-24,395.0,call,1.61,1.63,1.62,1.65,5224,1491,0.2978,0.16493,11,375.0
2022-06-13,2022-06-24,395.0,put,22.66,23.17,22.91,23.0,431,2441,0.37584,-0.77634,11,375.0
2022-06-13,2022-06-24,396.0,call,1.44,1.47,1.46,1.4,1057,759,0.2978,0.15309,11,375.0
2022-06-13,2022-06-24,396.0,put,23.49,24.01,23.75,25.1,152,3598,0.37584,-0.78775,11,375.0
2022-06-13,2022-06-24,397.0,call,1.29,1.32,1.31,1.25,2063,556,0.2978,0.14184,11,375.0
2022-06-13,2022-06-24,397.0,put,24.34,24.84,24.59,23.83,10,1229,0.37584,-0.79879,11,375.0
2022-06-13,2022-06-24,398.0,call,1.15,1.18,1.17,1.18,1513,1488,0.28804,0.12294,11,375.0
2022-06-13,2022-06-24,398.0,put,25.2,25.73,25.46,23.77,55,1577,0.37584,-0.80945,11,375.0
2022-06-13,2022-06-24,399.0,call,1.03,1.05,1.04,1.01,1090,687,0.28804,0.11302,11,375.0
2022-06-13,2022-06-24,399.0,put,26.08,26.66,26.37,27.0,79,1138,0.3856,-0.81314,11,375.0
2022-06-13,2022-06-24,400.0,call,0.92,0.94,0.93,0.94,10733,3455,0.28804,0.10372,11,375.0
2022-06-13,2022-06-24,400.0,put,26.97,27.55,27.26,28.01,3216,9307,0.3856,-0.82301,11,375.0
2022-06-13,2022-06-24,401.0,call,0.81,0.83,0.82,0.8,8031,5567,0.28804,0.095,11,375.0
2022-06-13,2022-06-24,401.0,put,27.87,28.46,28.16,26.17,12,731,0.39536,-0.82607,11,375.0
2022-06-13,2022-06-24,402.0,call,0.72,0.74,0.73,0.73,1485,1101,0.28804,0.08685,11,375.0
2022-06-13,2022-06-24,402.0,put,28.79,29.37,29.08,27.84,26,1915,0.39536,-0.83523,11,375.0
2022-06-13,2022-06-24,403.0,call,0.64,0.66,0.65,0.62,8291,764,0.28804,0.07926,11,375.0
2022-06-13,2022-06-24,403.0,put,29.71,30.3,30.01,31.5,375,1180,0.39536,-0.84405,11,375.0
2022-06-13,2022-06-24,404.0,call,0.57,0.59,0.58,0.58,922,754,0.28804,0.07219,11,375.0
2022-06-13,2022-06-24,404.0,put,30.64,31.23,30.94,29.26,26,3776,0.40511,-0.84624,11,375.0
2022-06-13,2022-06-24,405.0,call,0.51,0.52,0.52,0.5,2700,3158,0.28804,0.06564,11,375.0
2022-06-13,2022-06-24,405.0,put,31.58,32.17,31.88,32.77,185,1644,0.40511,-0.85443,11,375.0
2022-06-13,2022-06-24,406.0,call,0.45,0.47,0.46,0.45,1698,1618,0.28804,0.05957,11,375.0
2022-06-13,2022-06-24,406.0,put,32.52,33.12,32.82,31.81,22,1790,0.41487,-0.85619,11,375.0
2022-06-13,2022-06-24,407.0,call,0.4,0.42,0.41,0.43,405,1831,0.28804,0.05396,11,375.0
2022-06-13,2022-06-24,407.0,put,33.48,34.07,33.77,34.66,73,940,0.41487,-0.86379,11,375.0
2022-06-13,2022-06-24,407.5,call,0.38,0.39,0.39,0.39,1408,1032,0.28804,0.05132,11,375.0
2022-06-13,2022-06-24,407.5,put,33.95,34.55,34.25,31.74,3,2111,0.42462,-0.86154,11,375.0
2022-06-13,2022-06-24,408.0,call,0.36,0.37,0.36,0.4,1608,1070,0.28804,0.04879,11,375.0
2022-06-13,2022-06-24,408.0,put,34.43,35.03,34.73,35.61,25,1506,0.42462,-0.86518,11,375.0
2022-06-13,2022-06-24,409.0,call,0.32,0.34,0.33,0.35,1317,1769,0.28804,0.04404,11,375.0
2022-06-13,2022-06-24,409.0,put,35.4,35.99,35.7,36.16,29,2327,0.43438,-0.86648,11,375.0
2022-06-13,2022-06-24,410.0,call,0.29,0.31,0.3,0.3,5637,4119,0.28804,0.03967,11,375.0
2022-06-13,2022-06-24,410.0,put,36.37,36.96,36.66,36.87,178,3181,0.43438,-0.87333,11,375.0
2022-06-13,2022-06-24,411.0,call,0.27,0.28,0.28,0.29,749,1461,0.28804,0.03568,11,375.0
2022-06-13,2022-06-24,411.0,put,37.34,37.7,37.52,39.27,22,1393,0.43438,-0.87992,11,375.0
2022-06-13,2022-06-24,412.0,call,0.24,0.25,0.24,0.25,461,1460,0.28804,0.03203,11,375.0
2022-06-13,2022-06-24,412.0,put,38.32,38.91,38.61,38.65,36,2741,0.45389,-0.87526,11,375.0
2022-06-13,2022-06-24,412.5,call,0.23,0.24,0.23,0.26,372,901,0.28804,0.03032,11,375.0
2022-06-13,2022-06-24,412.5,put,38.81,39.4,39.11,34.59,5,1521,0.45389,-0.8784,11,375.0
2022-06-13,2022-06-24,413.0,call,0.22,0.23,0.23,0.25,124,1521,0.2978,0.03315,11,375.0
2022-06-13,2022-06-24,413.0,put,39.3,39.89,39.59,39.31,58,1881,0.45389,-0.88147,11,375.0
2022-06-13,2022-06-24,414.0,call,0.2,0.21,0.21,0.21,389,2128,0.2978,0.02984,11,375.0
2022-06-13,2022-06-24,414.0,put,40.28,40.87,40.58,40.28,29,1840,0.46365,-0.88217,11,375.0
2022-06-13,2022-06-24,415.0,call,0.18,0.19,0.18,0.19,24862,9424,0.2978,0.02682,11,375.0
2022-06-13,2022-06-24,415.0,put,41.26,41.85,41.55,41.96,97,3647,0.4734,-0.8828,11,375.0
2022-06-13,2022-06-24,416.0,call,0.17,0.18,0.17,0.19,378,2530,0.2978,0.02406,11,375.0
2022-06-13,2022-06-24,416.0,put,42.25,42.84,42.55,42.48,15,1729,0.4734,-0.88847,11,375.0
2022-06-13,2022-06-24,417.0,call,0.15,0.16,0.15,0.16,119,1416,0.2978,0.02155,11,375.0
2022-06-13,2022-06-24,417.0,put,43.23,43.82,43.52,44.0,3,1411,0.48316,-0.88891,11,375.0
2022-06-13,2022-06-24,417.5,call,0.14,0.16,0.15,0.18,24,1479,0.2978,0.02038,11,375.0
2022-06-13,2022-06-24,417.5,put,43.73,44.31,44.02,13.46,0,1192,0.48316,-0.89159,11,375.0
2022-06-13,2022-06-24,418.0,call,0.14,0.15,0.15,0.16,3342,16620,0.30755,0.02265,11,375.0
2022-06-13,2022-06-24,418.0,put,44.22,44.81,44.52,40.38,32,3020,0.49292,-0.88932,11,375.0
2022-06-13,2022-06-24,419.0,call,0.13,0.14,0.14,0.14,84,1897,0.30755,0.02035,11,375.0
2022-06-13,2022-06-24,419.0,put,45.21,45.8,45.5,40.44,2,409,0.49292,-0.8945,11,375.0
2022-06-13,2022-06-24,420.0,call,0.12,0.13,0.12,0.13,10607,9707,0.30755,0.01825,11,375.0
2022-06-13,2022-06-24,420.0,put,46.2,46.79,46.5,47.37,95,531,0.50267,-0.89475,11,375.0
2022-06-13,2022-06-24,421.0,call,0.11,0.12,0.11,0.11,98,1847,0.30755,0.01635,11,375.0
2022-06-13,2022-06-24,421.0,put,47.19,47.78,47.48,13.53,0,186,0.51243,-0.89497,11,375.0
2022-06-13,2022-06-24,422.0,call,0.1,0.11,0.11,0.11,76,1158,0.30755,0.01462,11,375.0
2022-06-13,2022-06-24,422.0,put,48.19,48.77,48.48,32.1,0,63,0.52218,-0.89517,11,375.0
2022-06-13,2022-06-24,422.5,call,0.09,0.1,0.1,0.12,20,1487,0.30755,0.01382,11,375.0
2022-06-13,2022-06-24,422.5,put,48.68,49.26,48.97,17.08,0,111,0.52218,-0.89752,11,375.0
2022-06-13,2022-06-24,423.0,call,0.09,0.1,0.1,0.1,52,1032,0.30755,0.01306,11,375.0
2022-06-13,2022-06-24,423.0,put,49.18,49.76,49.47,32.94,0,11,0.52218,-0.89983,11,375.0
2022-06-13,2022-06-24,424.0,call,0.08,0.09,0.08,0.09,95,1195,0.30755,0.01164,11,375.0
2022-06-13,2022-06-24,424.0,put,50.17,50.75,50.46,51.29,2,769,0.53194,-0.8999,11,375.0
2022-06-13,2022-06-24,425.0,call,0.08,0.09,0.08,0.09,1584,5359,0.31731,0.01254,11,375.0
2022-06-13,2022-06-24,425.0,put,51.17,51.74,51.45,46.44,12,200,0.54169,-0.89996,11,375.0
2022-06-13,2022-06-24,426.0,call,0.07,0.08,0.08,0.07,209,1182,0.31731,0.01122,11,375.0
2022-06-13,2022-06-24,426.0,put,52.16,52.74,52.45,50.28,8,64,0.54169,-0.90427,11,375.0
2022-06-13,2022-06-24,427.0,call,0.06,0.07,0.07,0.07,22,851,0.31731,0.01003,11,375.0
2022-06-13,2022-06-24,427.0,put,53.15,53.73,53.44,51.41,6,33,0.55145,-0.90422,11,375.0
2022-06-13,2022-06-24,427.5,call,0.06,0.07,0.07,0.07,2,501,0.31731,0.00947,11,375.0
2022-06-13,2022-06-24,427.5,put,53.65,54.23,53.94,20.56,0,0,0.55145,-0.90629,11,375.0
2022-06-13,2022-06-24,428.0,call,0.05,0.06,0.06,0.07,711,1214,0.31731,0.00895,11,375.0
2022-06-13,2022-06-24,428.0,put,54.15,54.72,54.44,17.82,0,16,0.56121,-0.90416,11,375.0
2022-06-13,2022-06-24,429.0,call,0.05,0.06,0.06,0.06,54,971,0.31731,0.00797,11,375.0
2022-06-13,2022-06-24,429.0,put,55.15,55.72,55.44,52.42,1,26,0.56121,-0.90817,11,375.0
2022-06-13,2022-06-24,430.0,call,0.05,0.06,0.06,0.05,3205,34211,0.32707,0.00871,11,375.0
2022-06-13,2022-06-24,430.0,put,56.14,56.71,56.42,57.0,38,165,0.57096,-0.90802,11,375.0
2022-06-13,2022-06-24,431.0,call,0.04,0.05,0.04,0.06,189,869,0.31731,0.00631,11,375.0
2022-06-13,2022-06-24,431.0,put,57.14,57.71,57.42,40.56,0,8,0.58072,-0.90786,11,375.0
2022-06-13,2022-06-24,432.0,call,0.04,0.05,0.04,0.05,173,1074,0.31731,0.0056,11,375.0
2022-06-13,2022-06-24,432.0,put,58.13,58.71,58.42,41.79,0,17,0.58072,-0.9116,11,375.0
2022-06-13,2022-06-24,433.0,call,0.03,0.04,0.04,0.05,172,737,0.32707,0.00621,11,375.0
2022-06-13,2022-06-24,433.0,put,59.13,59.7,59.42,56.97,1,105,0.59047,-0.91137,11,375.0
2022-06-13,2022-06-24,434.0,call,0.03,0.04,0.04,0.03,37,1012,0.32707,0.00553,11,375.0
2022-06-13,2022-06-24,434.0,put,60.13,60.7,60.42,44.62,0,11,0.60023,-0.91114,11,375.0
2022-06-13,2022-06-24,435.0,call,0.03,0.04,0.04,0.03,34,904,0.33682,0.00613,11,375.0
2022-06-13,2022-06-24,435.0,put,61.13,61.69,61.41,58.97,1,433,0.60999,-0.9109,11,375.0
2022-06-13,2022-06-24,436.0,call,0.03,0.04,0.04,0.03,38,892,0.33682,0.00548,11,375.0
2022-06-13,2022-06-24,436.0,put,62.12,62.69,62.41,45.77,0,10,0.60999,-0.91434,11,375.0
2022-06-13,2022-06-24,437.0,call,0.03,0.04,0.04,0.04,13,1032,0.34658,0.00606,11,375.0
2022-06-13,2022-06-24,437.0,put,63.12,63.69,63.41,0.0,0,0,0.61974,-0.91404,11,375.0
2022-06-13,2022-06-24,438.0,call,0.03,0.04,0.04,0.04,71,2309,0.34658,0.00544,11,375.0
2022-06-13,2022-06-24,438.0,put,64.12,64.68,64.4,29.23,0,5,0.6295,-0.91373,11,375.0
2022-06-13,2022-06-24,439.0,call,0.03,0.04,0.04,0.03,37,416,0.35633,0.006,11,375.0
2022-06-13,2022-06-24,439.0,put,65.12,65.68,65.4,25.85,0,3,0.6295,-0.91697,11,375.0
2022-06-13,2022-06-24,440.0,call,0.02,0.03,0.03,0.03,503,1448,0.34658,0.00436,11,375.0
2022-06-13,2022-06-24,440.0,put,66.11,66.68,66.4,65.33,2,96,0.63925,-0.91662,11,375.0
2022-06-13,2022-06-24,441.0,call,0.02,0.03,0.03,0.03,15,553,0.34658,0.0039,11,375.0
2022-06-13,2022-06-24,441.0,put,67.11,67.68,67.4,38.61,0,4,0.64901,-0.91626,11,375.0
2022-06-13,2022-06-24,442.0,call,0.02,0.03,0.03,0.02,27,539,0.35633,0.00437,11,375.0
2022-06-13,2022-06-24,442.0,put,68.11,68.67,68.39,30.18,0,4,0.64901,-0.91931,11,375.0
2022-06-13,2022-06-24,443.0,call,0.02,0.03,0.03,0.03,0,230,0.35633,0.00392,11,375.0
2022-06-13,2022-06-24,443.0,put,69.11,69.67,69.39,31.63,0,2,0.65876,-0.91891,11,375.0
2022-06-13,2022-06-24,444.0,call,0.02,0.03,0.03,0.02,36,679,0.36609,0.00437,11,375.0
2022-06-13,2022-06-24,444.0,put,69.99,70.74,70.36,37.0,0,13,0.65876,-0.92183,11,375.0
2022-06-13,2022-06-24,445.0,call,0.02,0.03,0.03,0.02,30,386,0.36609,0.00394,11,375.0
2022-06-13,2022-06-24,445.0,put,70.98,71.74,71.36,53.03,0,8,0.66852,-0.9214,11,375.0
2022-06-13,2022-06-24,446.0,call,0.02,0.03,0.03,0.02,18,754,0.37584,0.00438,11,375.0
2022-06-13,2022-06-24,446.0,put,71.75,72.99,72.37,0.0,0,0,0.67828,-0.92096,11,375.0
2022-06-13,2022-06-24,447.0,call,0.02,0.03,0.03,0.03,169,665,0.37584,0.00396,11,375.0
2022-06-13,2022-06-24,447.0,put,72.75,73.99,73.37,0.0,0,0,0.67828,-0.92373,11,375.0
2022-06-13,2022-06-24,448.0,call,0.02,0.03,0.03,0.02,558,497,0.3856,0.0044,11,375.0
2022-06-13,2022-06-24,448.0,put,73.75,74.99,74.37,60.18,0,0,0.68803,-0.92326,11,375.0
2022-06-13,2022-06-24,449.0,call,0.02,0.03,0.03,0.02,18,1250,0.3856,0.00399,11,375.0
2022-06-13,2022-06-24,449.0,put,75.03,75.73,75.38,56.6,0,3,0.69779,-0.92279,11,375.0
2022-06-13,2022-06-24,450.0,call,0.02,0.03,0.03,0.02,857,3119,0.3856,0.00361,11,375.0
2022-06-13,2022-06-24,450.0,put,75.98,76.73,76.36,60.5,0,16,0.69779,-0.92541,11,375.0
2022-06-13,2022-06-24,452.0,call,0.02,0.03,0.03,0.01,60,185,0.39536,0.00365,11,375.0
2022-06-13,2022-06-24,452.0,put,77.97,78.73,78.35,40.3,0,3,0.7173,-0.92443,11,375.0
2022-06-13,2022-06-24,454.0,call,0.01,0.02,0.01,0.01,2,31,0.36609,0.00148,11,375.0
2022-06-13,2022-06-24,454.0,put,79.74,80.99,80.36,0.0,0,0,0.72706,-0.92641,11,375.0
2022-06-13,2022-06-24,455.0,call,0.01,0.02,0.01,0.01,4,701,0.36609,0.00132,11,375.0
2022-06-13,2022-06-24,455.0,put,80.97,81.73,81.35,46.2,0,16,0.72706,-0.92881,11,375.0
2022-06-13,2022-06-24,460.0,call,0.01,0.02,0.01,0.01,0,988,0.3856,0.00129,11,375.0
2022-06-13,2022-06-24,460.0,put,85.97,86.72,86.34,48.82,0,2,0.76608,-0.92892,11,375.0
2022-06-13,2022-06-24,465.0,call,0.01,0.02,0.01,0.01,11,512,0.40511,0.00126,11,375.0
2022-06-13,2022-06-24,465.0,put,90.96,91.72,91.34,56.0,0,4,0.79535,-0.93151,11,375.0
2022-06-13,2022-06-24,470.0,call,0.01,0.02,0.01,0.01,301,290,0.42462,0.00125,11,375.0
2022-06-13,2022-06-24,470.0,put,95.96,96.72,96.34,61.68,0,3,0.82461,-0.93372,11,375.0
2022-06-13,2022-06-24,475.0,call,0.01,0.02,0.01,0.01,171,127,0.44414,0.00125,11,375.0
2022-06-13,2022-06-24,475.0,put,100.98,101.72,101.35,64.47,0,5,0.85388,-0.93561,11,375.0
2022-06-13,2022-06-24,480.0,call,0.01,0.02,0.01,0.02,1135,1770,0.46365,0.00125,11,375.0
2022-06-13,2022-06-24,480.0,put,105.96,106.71,106.33,70.3,0,7,0.88315,-0.93722,11,375.0
2022-06-13,2022-06-24,485.0,put,110.95,111.71,111.33,75.0,0,4,0.91242,-0.9386,11,375.0
2022-06-13,2022-06-24,490.0,put,115.72,116.97,116.34,0.0,0,0,0.94168,-0.93978,11,375.0
2022-06-13,2022-06-24,495.0,put,120.72,121.97,121.34,0.0,0,0,0.9612,-0.94282,11,375.0
2022-06-13,2022-06-24,500.0,put,125.72,126.97,126.34,110.0,0,4,0.99046,-0.94359,11,375.0
2022-06-13,2022-06-24,505.0,put,130.72,131.96,131.34,0.0,0,0,1.01973,-0.94424,11,375.0
2022-06-13,2022-06-24,510.0,put,135.72,136.96,136.34,0.0,0,0,1.049,-0.94476,11,375.0
2022-06-13,2022-06-24,515.0,put,140.72,141.96,141.34,0.0,0,0,1.06851,-0.94697,11,375.0
2022-06-13,2022-06-24,520.0,put,145.71,146.96,146.34,0.0,0,0,1.09778,-0.94725,11,375.0
2022-06-13,2022-06-24,530.0,put,155.71,156.96,156.34,0.0,0,0,1.14656,-0.94922,11,375.0
2022-06-13,2022-06-24,540.0,put,165.71,166.95,166.33,127.53,0,3,1.19534,-0.95076,11,375.0
2022-06-13,2022-06-24,550.0,put,175.7,176.95,176.32,0.0,0,0,1.23436,-0.95342,11,375.0
2022-06-13,2022-06-24,560.0,put,185.7,186.95,186.32,0.0,0,0,1.28314,-0.95427,11,375.0
2022-06-13,2022-06-24,570.0,put,195.7,196.94,196.32,0.0,0,0,1.33192,-0.95488,11,375.0
2022-06-13,2022-06-24,580.0,put,205.7,206.94,206.32,0.0,0,0,1.37094,-0.95658,11,375.0
2022-06-13,2022-06-24,590.0,put,215.69,216.94,216.31,0.0,0,0,1.40997,-0.95802,11,375.0
2022-06-13,2022-06-24,600.0,put,225.69,226.93,226.31,0.0,0,0,1.45875,-0.95804,11,375.0
2022-06-13,2022-06-27,290.0,call,84.6,85.58,85.09,0.0,0,0,0.01488,1.0,14,375.0
2022-06-13,2022-06-27,290.0,put,0.23,0.24,0.23,0.25,209,253,0.60999,-0.01341,14,375.0
2022-06-13,2022-06-27,295.0,call,79.62,80.6,80.11,0.0,0,0,0.42462,0.99831,14,375.0
2022-06-13,2022-06-27,295.0,put,0.27,0.28,0.28,0.29,107,67,0.60023,-0.01775,14,375.0
2022-06-13,2022-06-27,300.0,call,74.63,75.63,75.13,0.0,0,0,0.43438,0.9962,14,375.0
2022-06-13,2022-06-27,300.0,put,0.32,0.33,0.33,0.39,324,195,0.57096,-0.01997,14,375.0
2022-06-13,2022-06-27,305.0,call,69.66,70.66,70.16,0.0,0,0,0.42462,0.9943,14,375.0
2022-06-13,2022-06-27,305.0,put,0.37,0.39,0.38,0.45,197,187,0.55145,-0.02442,14,375.0
2022-06-13,2022-06-27,310.0,call,64.69,65.69,65.19,0.0,0,0,0.41487,0.99151,14,375.0
2022-06-13,2022-06-27,310.0,put,0.44,0.45,0.45,0.5,408,147,0.53194,-0.0299,14,375.0
2022-06-13,2022-06-27,315.0,call,59.73,60.74,60.23,0.0,0,0,0.40511,0.98749,14,375.0
2022-06-13,2022-06-27,315.0,put,0.52,0.54,0.53,0.57,359,202,0.50267,-0.03411,14,375.0
2022-06-13,2022-06-27,320.0,call,54.78,55.8,55.29,0.0,0,0,0.39536,0.98175,14,375.0
2022-06-13,2022-06-27,320.0,put,0.62,0.64,0.63,0.66,104,210,0.48316,-0.0421,14,375.0
2022-06-13,2022-06-27,325.0,call,49.86,50.88,50.37,0.0,0,0,0.37584,0.97644,14,375.0
2022-06-13,2022-06-27,325.0,put,0.76,0.78,0.77,0.9,968,458,0.46365,-0.0521,14,375.0
2022-06-13,2022-06-27,330.0,call,44.99,45.99,45.49,0.0,0,0,0.36609,0.96587,14,375.0
2022-06-13,2022-06-27,330.0,put,0.94,0.96,0.95,1.02,399,496,0.44414,-0.06466,14,375.0
2022-06-13,2022-06-27,335.0,call,40.12,41.14,40.63,0.0,0,0,0.35633,0.95111,14,375.0
2022-06-13,2022-06-27,335.0,put,1.18,1.21,1.19,1.21,1594,213,0.42462,-0.08049,14,375.0
2022-06-13,2022-06-27,340.0,call,35.34,36.37,35.86,0.0,0,0,0.34658,0.93085,14,375.0
2022-06-13,2022-06-27,340.0,put,1.51,1.55,1.53,1.54,1373,14795,0.41487,-0.10557,14,375.0
2022-06-13,2022-06-27,345.0,call,30.73,31.7,31.21,0.0,0,0,0.33682,0.90351,14,375.0
2022-06-13,2022-06-27,345.0,put,1.98,2.01,1.99,2.11,1380,1515,0.39536,-0.13142,14,375.0
2022-06-13,2022-06-27,350.0,call,26.23,27.18,26.7,31.66,2,0,0.32707,0.86738,14,375.0
2022-06-13,2022-06-27,350.0,put,2.61,2.65,2.63,2.66,1281,1323,0.3856,-0.16965,14,375.0
2022-06-13,2022-06-27,352.0,call,24.48,25.43,24.95,24.35,12,0,0.31731,0.85422,14,375.0
2022-06-13,2022-06-27,352.0,put,2.91,2.95,2.93,3.4,363,1245,0.37584,-0.18379,14,375.0
2022-06-13,2022-06-27,354.0,call,22.79,23.71,23.25,26.89,1,0,0.31731,0.83236,14,375.0
2022-06-13,2022-06-27,354.0,put,3.26,3.31,3.29,3.38,267,1167,0.37584,-0.20496,14,375.0
2022-06-13,2022-06-27,355.0,call,22.11,22.87,22.49,22.5,10,10,0.31731,0.82073,14,375.0
2022-06-13,2022-06-27,355.0,put,3.46,3.51,3.48,3.46,202,785,0.37584,-0.21601,14,375.0
2022-06-13,2022-06-27,356.0,call,21.12,22.04,21.58,25.94,1,0,0.31731,0.80864,14,375.0
2022-06-13,2022-06-27,356.0,put,3.66,3.7,3.68,3.73,243,375,0.37584,-0.22738,14,375.0
2022-06-13,2022-06-27,358.0,call,19.53,20.41,19.97,0.0,0,0,0.30755,0.78977,14,375.0
2022-06-13,2022-06-27,358.0,put,4.09,4.14,4.12,4.15,878,665,0.36609,-0.24593,14,375.0
2022-06-13,2022-06-27,360.0,call,18.06,18.84,18.45,22.56,3,0,0.30755,0.76212,14,375.0
2022-06-13,2022-06-27,360.0,put,4.6,4.65,4.62,4.71,1849,1534,0.36609,-0.27105,14,375.0
2022-06-13,2022-06-27,362.0,call,16.59,17.34,16.96,0.0,0,0,0.30755,0.73275,14,375.0
2022-06-13,2022-06-27,362.0,put,5.13,5.18,5.15,5.18,198,787,0.36609,-0.29723,14,375.0
2022-06-13,2022-06-27,364.0,call,15.2,15.87,15.54,0.0,0,0,0.30755,0.70183,14,375.0
2022-06-13,2022-06-27,364.0,put,5.73,5.79,5.76,5.8,519,823,0.35633,-0.32058,14,375.0
2022-06-13,2022-06-27,365.0,call,14.58,15.16,14.87,16.84,6,0,0.30755,0.68585,14,375.0
2022-06-13,2022-06-27,365.0,put,6.07,6.13,6.1,6.44,520,651,0.35633,-0.33478,14,375.0
2022-06-13,2022-06-27,366.0,call,13.85,14.48,14.16,13.56,40,0,0.30755,0.66956,14,375.0
2022-06-13,2022-06-27,366.0,put,6.39,6.45,6.42,6.5,281,305,0.35633,-0.34917,14,375.0
2022-06-13,2022-06-27,368.0,call,12.94,13.03,12.98,13.0,288,2,0.30755,0.63617,14,375.0
2022-06-13,2022-06-27,368.0,put,7.11,7.17,7.14,7.21,197,633,0.35633,-0.37848,14,375.0
2022-06-13,2022-06-27,370.0,call,11.68,11.76,11.72,11.55,83,5,0.30755,0.60189,14,375.0
2022-06-13,2022-06-27,370.0,put,7.9,7.98,7.94,7.98,1635,517,0.35633,-0.40835,14,375.0
2022-06-13,2022-06-27,371.0,call,11.1,11.16,11.13,11.12,204,0,0.30755,0.58451,14,375.0
2022-06-13,2022-06-27,371.0,put,8.32,8.4,8.36,8.37,340,282,0.35633,-0.42343,14,375.0
2022-06-13,2022-06-27,372.0,call,10.52,10.58,10.55,10.64,388,0,0.30755,0.567,14,375.0
2022-06-13,2022-06-27,372.0,put,8.75,8.83,8.79,8.82,292,730,0.35633,-0.43859,14,375.0
2022-06-13,2022-06-27,373.0,call,9.96,10.02,9.99,9.41,46,0,0.30755,0.54941,14,375.0
2022-06-13,2022-06-27,373.0,put,9.19,9.28,9.23,9.29,265,299,0.34658,-0.45327,14,375.0
2022-06-13,2022-06-27,374.0,call,9.42,9.48,9.45,9.0,476,0,0.30755,0.53178,14,375.0
2022-06-13,2022-06-27,374.0,put,9.65,9.73,9.69,10.06,527,702,0.34658,-0.46893,14,375.0
2022-06-13,2022-06-27,375.0,call,8.88,8.95,8.91,8.75,701,24,0.2978,0.51381,14,375.0
2022-06-13,2022-06-27,375.0,put,10.13,10.2,10.16,10.11,1296,905,0.34658,-0.48459,14,375.0
2022-06-13,2022-06-27,376.0,call,8.37,8.44,8.4,8.35,391,0,0.2978,0.4956,14,375.0
2022-06-13,2022-06-27,376.0,put,10.62,10.71,10.66,10.77,324,1274,0.34658,-0.50024,14,375.0
2022-06-13,2022-06-27,377.0,call,7.87,7.94,7.91,7.71,726,0,0.2978,0.47744,14,375.0
2022-06-13,2022-06-27,377.0,put,11.13,11.21,11.17,11.72,795,338,0.34658,-0.51585,14,375.0
2022-06-13,2022-06-27,378.0,call,7.4,7.46,7.43,7.22,615,10,0.2978,0.45938,14,375.0
2022-06-13,2022-06-27,378.0,put,11.65,11.74,11.7,12.47,1169,293,0.34658,-0.53139,14,375.0
2022-06-13,2022-06-27,379.0,call,6.93,7.0,6.96,6.83,400,0,0.2978,0.44145,14,375.0
2022-06-13,2022-06-27,379.0,put,12.19,12.28,12.23,12.84,856,761,0.34658,-0.54684,14,375.0
2022-06-13,2022-06-27,380.0,call,6.49,6.56,6.53,6.53,655,4,0.2978,0.42368,14,375.0
2022-06-13,2022-06-27,380.0,put,12.75,12.84,12.79,13.08,456,812,0.34658,-0.56218,14,375.0
2022-06-13,2022-06-27,381.0,call,6.07,6.13,6.1,6.09,733,0,0.2978,0.40612,14,375.0
2022-06-13,2022-06-27,381.0,put,13.33,13.42,13.38,14.35,262,464,0.34658,-0.57739,14,375.0
2022-06-13,2022-06-27,382.0,call,5.65,5.71,5.68,5.27,261,0,0.2978,0.38879,14,375.0
2022-06-13,2022-06-27,382.0,put,13.92,14.02,13.97,12.68,173,381,0.34658,-0.59245,14,375.0
2022-06-13,2022-06-27,383.0,call,5.26,5.32,5.29,5.28,82,4,0.28804,0.3668,14,375.0
2022-06-13,2022-06-27,383.0,put,14.4,14.67,14.54,15.45,51,351,0.34658,-0.60733,14,375.0
2022-06-13,2022-06-27,384.0,call,4.88,4.94,4.91,4.94,229,313,0.28804,0.34954,14,375.0
2022-06-13,2022-06-27,384.0,put,14.99,15.33,15.16,13.33,127,261,0.33682,-0.62617,14,375.0
2022-06-13,2022-06-27,385.0,call,4.52,4.58,4.55,4.46,449,144,0.28804,0.33263,14,375.0
2022-06-13,2022-06-27,385.0,put,15.62,15.97,15.79,16.4,203,806,0.33682,-0.641,14,375.0
2022-06-13,2022-06-27,386.0,call,4.17,4.23,4.2,4.13,111,196,0.28804,0.31609,14,375.0
2022-06-13,2022-06-27,386.0,put,16.27,16.61,16.44,16.59,42,436,0.33682,-0.65559,14,375.0
2022-06-13,2022-06-27,387.0,call,3.84,3.9,3.87,3.75,189,192,0.28804,0.29996,14,375.0
2022-06-13,2022-06-27,387.0,put,16.91,17.35,17.13,16.99,35,190,0.33682,-0.66992,14,375.0
2022-06-13,2022-06-27,388.0,call,3.53,3.59,3.56,3.32,166,202,0.28804,0.28425,14,375.0
2022-06-13,2022-06-27,388.0,put,17.6,18.07,17.84,18.6,31,685,0.33682,-0.68396,14,375.0
2022-06-13,2022-06-27,389.0,call,3.24,3.3,3.27,3.1,123,151,0.28804,0.26898,14,375.0
2022-06-13,2022-06-27,389.0,put,18.3,18.76,18.53,17.67,35,1004,0.33682,-0.69771,14,375.0
2022-06-13,2022-06-27,390.0,call,2.97,3.02,3.0,2.92,1008,297,0.27829,0.24619,14,375.0
2022-06-13,2022-06-27,390.0,put,19.02,19.51,19.27,19.77,138,1170,0.33682,-0.71115,14,375.0
2022-06-13,2022-06-27,391.0,call,2.71,2.76,2.73,2.63,865,429,0.27829,0.23162,14,375.0
2022-06-13,2022-06-27,391.0,put,19.76,20.26,20.01,17.43,8,854,0.33682,-0.72427,14,375.0
2022-06-13,2022-06-27,392.0,call,2.46,2.51,2.48,2.4,412,556,0.27829,0.21758,14,375.0
2022-06-13,2022-06-27,392.0,put,20.52,21.02,20.77,21.18,13,513,0.33682,-0.73706,14,375.0
2022-06-13,2022-06-27,393.0,call,2.24,2.28,2.26,2.14,293,250,0.27829,0.20408,14,375.0
2022-06-13,2022-06-27,393.0,put,21.29,21.78,21.54,18.48,15,308,0.33682,-0.7495,14,375.0
2022-06-13,2022-06-27,394.0,call,2.03,2.07,2.05,2.07,370,123,0.27829,0.19112,14,375.0
2022-06-13,2022-06-27,394.0,put,22.08,22.6,22.34,23.05,24,632,0.33682,-0.7616,14,375.0
2022-06-13,2022-06-27,395.0,call,1.83,1.87,1.85,1.86,484,191,0.27829,0.17872,14,375.0
2022-06-13,2022-06-27,395.0,put,22.88,23.41,23.14,19.31,170,947,0.34658,-0.76635,14,375.0
2022-06-13,2022-06-27,396.0,call,1.66,1.69,1.67,1.94,228,93,0.26853,0.15776,14,375.0
2022-06-13,2022-06-27,396.0,put,23.7,24.24,23.97,20.25,1,468,0.34658,-0.77761,14,375.0
2022-06-13,2022-06-27,397.0,call,1.49,1.52,1.5,1.55,588,49,0.26853,0.14647,14,375.0
2022-06-13,2022-06-27,397.0,put,24.54,25.08,24.81,22.44,518,613,0.34658,-0.78852,14,375.0
2022-06-13,2022-06-27,398.0,call,1.34,1.37,1.35,1.38,770,26,0.26853,0.13577,14,375.0
2022-06-13,2022-06-27,398.0,put,25.39,25.93,25.66,23.22,4,237,0.34658,-0.79908,14,375.0
2022-06-13,2022-06-27,399.0,call,1.2,1.23,1.21,1.18,169,37,0.26853,0.12564,14,375.0
2022-06-13,2022-06-27,399.0,put,26.25,26.8,26.52,25.26,18,251,0.34658,-0.8093,14,375.0
2022-06-13,2022-06-27,400.0,call,1.08,1.1,1.09,1.05,1028,308,0.26853,0.11608,14,375.0
2022-06-13,2022-06-27,400.0,put,27.13,27.68,27.41,27.64,55,1210,0.35633,-0.81201,14,375.0
2022-06-13,2022-06-27,401.0,call,0.96,0.99,0.97,1.0,73,97,0.26853,0.10706,14,375.0
2022-06-13,2022-06-27,401.0,put,28.01,28.59,28.3,24.36,5,134,0.35633,-0.82151,14,375.0
2022-06-13,2022-06-27,402.0,call,0.86,0.88,0.87,0.85,96,184,0.26853,0.09858,14,375.0
2022-06-13,2022-06-27,402.0,put,28.91,29.49,29.2,27.27,2,194,0.35633,-0.83067,14,375.0
2022-06-13,2022-06-27,403.0,call,0.77,0.79,0.78,0.83,260,346,0.26853,0.09063,14,375.0
2022-06-13,2022-06-27,403.0,put,29.82,30.4,30.11,26.1,5,152,0.36609,-0.8325,14,375.0
2022-06-13,2022-06-27,404.0,call,0.68,0.71,0.7,0.7,180,272,0.26853,0.08317,14,375.0
2022-06-13,2022-06-27,404.0,put,30.74,31.32,31.03,32.05,54,407,0.36609,-0.84102,14,375.0
2022-06-13,2022-06-27,405.0,call,0.61,0.64,0.62,0.63,482,408,0.26853,0.07621,14,375.0
2022-06-13,2022-06-27,405.0,put,31.67,32.25,31.96,32.75,73,350,0.36609,-0.84923,14,375.0
2022-06-13,2022-06-27,406.0,call,0.55,0.56,0.56,0.55,189,275,0.26853,0.06971,14,375.0
2022-06-13,2022-06-27,406.0,put,32.6,33.19,32.89,28.2,1,140,0.37584,-0.85035,14,375.0
2022-06-13,2022-06-27,407.0,call,0.49,0.51,0.5,0.53,300,253,0.26853,0.06367,14,375.0
2022-06-13,2022-06-27,407.0,put,33.55,34.14,33.84,19.15,0,267,0.37584,-0.85799,14,375.0
2022-06-13,2022-06-27,408.0,call,0.44,0.45,0.45,0.45,216,243,0.26853,0.05805,14,375.0
2022-06-13,2022-06-27,408.0,put,34.5,35.09,34.8,31.95,2,61,0.3856,-0.85878,14,375.0
2022-06-13,2022-06-27,409.0,call,0.39,0.41,0.4,0.4,71,318,0.26853,0.05284,14,375.0
2022-06-13,2022-06-27,409.0,put,35.46,36.05,35.75,32.77,3,361,0.3856,-0.86591,14,375.0
2022-06-13,2022-06-27,410.0,call,0.35,0.37,0.36,0.36,1985,764,0.26853,0.04802,14,375.0
2022-06-13,2022-06-27,410.0,put,36.42,37.01,36.72,31.78,33,442,0.39536,-0.86641,14,375.0
2022-06-13,2022-06-27,411.0,call,0.32,0.33,0.33,0.35,70,620,0.26853,0.04357,14,375.0
2022-06-13,2022-06-27,411.0,put,37.39,37.97,37.68,20.38,0,352,0.39536,-0.87308,14,375.0
2022-06-13,2022-06-27,412.0,call,0.29,0.3,0.29,0.3,313,420,0.26853,0.03947,14,375.0
2022-06-13,2022-06-27,412.0,put,38.36,38.94,38.65,39.06,26,285,0.40511,-0.87334,14,375.0
2022-06-13,2022-06-27,413.0,call,0.26,0.28,0.27,0.3,226,378,0.26853,0.0357,14,375.0
2022-06-13,2022-06-27,413.0,put,39.33,39.92,39.62,36.0,20,144,0.40511,-0.87958,14,375.0
2022-06-13,2022-06-27,414.0,call,0.24,0.25,0.24,0.26,36,392,0.26853,0.03223,14,375.0
2022-06-13,2022-06-27,414.0,put,40.31,40.89,40.6,36.17,1,101,0.41487,-0.87964,14,375.0
2022-06-13,2022-06-27,415.0,call,0.22,0.23,0.23,0.24,320,575,0.26853,0.02906,14,375.0
2022-06-13,2022-06-27,415.0,put,41.29,41.87,41.58,42.0,8,349,0.41487,-0.88548,14,375.0
2022-06-13,2022-06-27,416.0,call,0.2,0.21,0.21,0.21,27,327,0.26853,0.02615,14,375.0
2022-06-13,2022-06-27,416.0,put,42.27,42.86,42.56,42.15,58,144,0.42462,-0.88537,14,375.0
2022-06-13,2022-06-27,417.0,call,0.18,0.19,0.18,0.19,213,625,0.26853,0.0235,14,375.0
2022-06-13,2022-06-27,417.0,put,43.26,43.84,43.55,43.12,58,257,0.43438,-0.88524,14,375.0
2022-06-13,2022-06-27,418.0,call,0.17,0.18,0.17,0.18,8,636,0.27829,0.02507,14,375.0
2022-06-13,2022-06-27,418.0,put,44.24,44.82,44.53,40.07,1,99,0.43438,-0.89061,14,375.0
2022-06-13,2022-06-27,419.0,call,0.15,0.16,0.15,0.18,25,1015,0.26853,0.01889,14,375.0
2022-06-13,2022-06-27,419.0,put,45.23,45.81,45.52,44.91,1,87,0.44414,-0.89034,14,375.0
2022-06-13,2022-06-27,420.0,call,0.14,0.15,0.15,0.15,354,1581,0.27829,0.02036,14,375.0
2022-06-13,2022-06-27,420.0,put,46.22,46.8,46.51,45.89,3,30,0.45389,-0.89006,14,375.0
2022-06-13,2022-06-27,421.0,call,0.13,0.14,0.14,0.14,8,836,0.27829,0.01831,14,375.0
2022-06-13,2022-06-27,421.0,put,47.21,47.79,47.5,47.75,6,21,0.45389,-0.89501,14,375.0
2022-06-13,2022-06-27,422.0,call,0.12,0.13,0.12,0.14,8,727,0.27829,0.01644,14,375.0
2022-06-13,2022-06-27,422.0,put,48.2,48.78,48.49,47.4,10,19,0.46365,-0.89462,14,375.0
2022-06-13,2022-06-27,423.0,call,0.11,0.12,0.11,0.13,7,550,0.27829,0.01475,14,375.0
2022-06-13,2022-06-27,423.0,put,49.19,49.77,49.48,16.87,0,2,0.46365,-0.89929,14,375.0
2022-06-13,2022-06-27,424.0,call,0.1,0.11,0.11,0.1,238,981,0.28804,0.01605,14,375.0
2022-06-13,2022-06-27,424.0,put,50.19,50.76,50.47,24.5,0,7,0.4734,-0.89881,14,375.0
2022-06-13,2022-06-27,425.0,call,0.09,0.1,0.1,0.09,899,1531,0.28804,0.01445,14,375.0
2022-06-13,2022-06-27,425.0,put,51.18,51.75,51.47,16.49,0,21,0.48316,-0.89832,14,375.0
2022-06-13,2022-06-27,426.0,call,0.08,0.09,0.08,0.1,21,885,0.27829,0.01054,14,375.0
2022-06-13,2022-06-27,426.0,put,52.17,52.74,52.45,14.84,0,21,0.48316,-0.90266,14,375.0
2022-06-13,2022-06-27,428.0,call,0.07,0.08,0.08,0.07,9,1352,0.28804,0.01046,14,375.0
2022-06-13,2022-06-27,428.0,put,54.16,54.73,54.44,19.25,0,5,0.49292,-0.90622,14,375.0
2022-06-13,2022-06-27,430.0,call,0.06,0.07,0.07,0.07,301,684,0.2978,0.01039,14,375.0
2022-06-13,2022-06-27,430.0,put,56.15,56.72,56.44,23.19,0,174,0.51243,-0.90496,14,375.0
2022-06-13,2022-06-27,432.0,call,0.05,0.06,0.06,0.06,6,597,0.2978,0.00839,14,375.0
2022-06-13,2022-06-27,432.0,put,58.15,58.71,58.43,24.68,0,8,0.52218,-0.90814,14,375.0
2022-06-13,2022-06-27,434.0,call,0.04,0.05,0.04,0.05,144,175,0.28804,0.00529,14,375.0
2022-06-13,2022-06-27,434.0,put,60.14,60.7,60.42,25.88,0,1,0.53194,-0.91108,14,375.0
2022-06-13,2022-06-27,435.0,call,0.04,0.05,0.04,0.04,313,995,0.2978,0.00603,14,375.0
2022-06-13,2022-06-27,435.0,put,61.14,61.7,61.42,27.3,0,7,0.54169,-0.91036,14,375.0
2022-06-13,2022-06-27,436.0,call,0.03,0.04,0.04,0.03,113,423,0.2978,0.00539,14,375.0
2022-06-13,2022-06-27,436.0,put,62.13,62.69,62.41,26.9,0,2,0.54169,-0.91381,14,375.0
2022-06-13,2022-06-27,438.0,call,0.03,0.04,0.04,0.04,23,173,0.30755,0.0055,14,375.0
2022-06-13,2022-06-27,438.0,put,64.13,64.68,64.41,29.66,0,3,0.56121,-0.9123,14,375.0
2022-06-13,2022-06-27,440.0,call,0.03,0.04,0.04,0.03,16,487,0.31731,0.00561,14,375.0
2022-06-13,2022-06-27,440.0,put,66.13,66.68,66.41,66.3,1,3,0.57096,-0.91477,14,375.0
2022-06-13,2022-06-27,442.0,call,0.02,0.03,0.03,0.04,5,350,0.31731,0.00454,14,375.0
2022-06-13,2022-06-27,442.0,put,68.12,68.67,68.4,33.29,0,3,0.58072,-0.91708,14,375.0
2022-06-13,2022-06-27,444.0,call,0.02,0.03,0.03,0.03,1,185,0.32707,0.00466,14,375.0
2022-06-13,2022-06-27,444.0,put,70.12,70.67,70.4,34.6,0,2,0.59047,-0.91924,14,375.0
2022-06-13,2022-06-27,445.0,call,0.02,0.03,0.03,0.03,80,105,0.32707,0.00421,14,375.0
2022-06-13,2022-06-27,445.0,put,71.12,71.67,71.4,0.0,0,0,0.60023,-0.91841,14,375.0
2022-06-13,2022-06-27,446.0,call,0.02,0.03,0.03,0.03,1,109,0.32707,0.00379,14,375.0
2022-06-13,2022-06-27,446.0,put,71.75,73.0,72.38,0.0,0,0,0.60023,-0.92125,14,375.0
2022-06-13,2022-06-27,448.0,call,0.02,0.03,0.03,0.02,1,81,0.33682,0.00392,14,375.0
2022-06-13,2022-06-27,448.0,put,73.74,74.99,74.36,0.0,0,0,0.60999,-0.92314,14,375.0
2022-06-13,2022-06-27,450.0,call,0.02,0.03,0.03,0.02,13,262,0.34658,0.00405,14,375.0
2022-06-13,2022-06-27,450.0,put,75.74,76.99,76.36,0.0,0,0,0.61974,-0.9249,14,375.0
2022-06-13,2022-06-27,452.0,call,0.02,0.03,0.03,0.02,152,61,0.35633,0.00419,14,375.0
2022-06-13,2022-06-27,452.0,put,77.74,78.99,78.36,0.0,0,0,0.63925,-0.92315,14,375.0
2022-06-13,2022-06-27,454.0,call,0.02,0.03,0.03,0.02,1,100,0.35633,0.00347,14,375.0
2022-06-13,2022-06-27,454.0,put,79.74,80.99,80.36,0.0,0,0,0.64901,-0.92478,14,375.0
2022-06-13,2022-06-27,455.0,call,0.01,0.02,0.01,0.02,17,73,0.32707,0.00143,14,375.0
2022-06-13,2022-06-27,455.0,put,80.74,81.99,81.36,0.0,0,0,0.64901,-0.9272,14,375.0
2022-06-13,2022-06-27,460.0,call,0.01,0.02,0.01,0.01,1,492,0.34658,0.00148,14,375.0
2022-06-13,2022-06-27,460.0,put,85.74,86.98,86.36,0.0,0,0,0.67828,-0.9291,14,375.0
2022-06-13,2022-06-27,465.0,call,0.01,0.02,0.01,0.03,3,64,0.36609,0.00154,14,375.0
2022-06-13,2022-06-27,465.0,put,90.74,91.98,91.36,0.0,0,0,0.70754,-0.93067,14,375.0
2022-06-13,2022-06-27,470.0,call,0.01,0.02,0.01,0.02,0,19,0.37584,0.00124,14,375.0
2022-06-13,2022-06-27,470.0,put,95.74,96.98,96.36,97.0,2,0,0.73681,-0.93195,14,375.0
2022-06-13,2022-06-27,475.0,call,0.01,0.02,0.01,0.03,0,0,0.39536,0.00131,14,375.0
2022-06-13,2022-06-27,475.0,put,100.74,101.98,101.36,0.0,0,0,0.75632,-0.9357,14,375.0
2022-06-13,2022-06-27,480.0,call,0.01,0.02,0.01,0.01,1,1,0.40511,0.00108,14,375.0
2022-06-13,2022-06-27,480.0,put,105.74,106.97,106.35,0.0,0,0,0.78559,-0.93643,14,375.0
2022-06-13,2022-06-27,485.0,put,110.74,111.97,111.35,0.0,0,0,0.81486,-0.93699,14,375.0
2022-06-13,2022-06-27,490.0,put,115.74,116.97,116.35,0.0,0,0,0.83437,-0.93981,14,375.0
2022-06-13,2022-06-27,495.0,put,120.73,121.97,121.35,0.0,0,0,0.86364,-0.94002,14,375.0
2022-06-13,2022-06-27,500.0,put,125.73,126.97,126.35,0.0,0,0,0.88315,-0.94237,14,375.0
2022-06-13,2022-06-29,285.0,call,89.59,90.82,90.2,0.0,0,0,0.54169,0.99343,16,375.0
2022-06-13,2022-06-29,285.0,put,0.26,0.27,0.27,0.32,118,295,0.61974,-0.01453,16,375.0
2022-06-13,2022-06-29,290.0,call,84.61,85.84,85.22,0.0,0,0,0.52218,0.992,16,375.0
2022-06-13,2022-06-29,290.0,put,0.3,0.31,0.3,0.33,18,38,0.60023,-0.01738,16,375.0
2022-06-13,2022-06-29,295.0,call,79.62,80.85,80.23,0.0,0,0,0.49292,0.99135,16,375.0
2022-06-13,2022-06-29,295.0,put,0.35,0.36,0.35,0.42,667,20,0.58072,-0.02081,16,375.0
2022-06-13,2022-06-29,300.0,call,74.65,75.88,75.27,0.0,0,0,0.48316,0.98809,16,375.0
2022-06-13,2022-06-29,300.0,put,0.4,0.41,0.41,0.48,186,52,0.55145,-0.0231,16,375.0
2022-06-13,2022-06-29,305.0,call,69.67,70.91,70.29,0.0,0,0,0.45389,0.98698,16,375.0
2022-06-13,2022-06-29,305.0,put,0.47,0.48,0.47,0.5,382,49,0.53194,-0.0278,16,375.0
2022-06-13,2022-06-29,310.0,call,64.71,65.79,65.25,0.0,0,0,0.41487,0.98743,16,375.0
2022-06-13,2022-06-29,310.0,put,0.55,0.56,0.56,0.56,223,108,0.51243,-0.03353,16,375.0
2022-06-13,2022-06-29,315.0,call,59.76,60.85,60.3,0.0,0,0,0.39536,0.98431,16,375.0
2022-06-13,2022-06-29,315.0,put,0.64,0.66,0.65,0.69,628,487,0.49292,-0.04053,16,375.0
2022-06-13,2022-06-29,320.0,call,54.82,55.92,55.37,0.0,0,0,0.3856,0.97775,16,375.0
2022-06-13,2022-06-29,320.0,put,0.77,0.78,0.78,0.84,464,783,0.4734,-0.04912,16,375.0
2022-06-13,2022-06-29,325.0,call,49.92,51.02,50.47,0.0,0,0,0.37584,0.96873,16,375.0
2022-06-13,2022-06-29,325.0,put,0.93,0.95,0.94,0.96,2549,331,0.45389,-0.05971,16,375.0
2022-06-13,2022-06-29,330.0,call,45.05,46.15,45.6,45.5,12,0,0.35633,0.96043,16,375.0
2022-06-13,2022-06-29,330.0,put,1.15,1.17,1.16,1.25,753,433,0.43438,-0.07282,16,375.0
2022-06-13,2022-06-29,335.0,call,40.25,41.34,40.8,0.0,0,0,0.34658,0.94473,16,375.0
2022-06-13,2022-06-29,335.0,put,1.43,1.46,1.44,1.55,907,139,0.41487,-0.08912,16,375.0
2022-06-13,2022-06-29,340.0,call,35.66,36.61,36.13,53.16,0,5,0.34658,0.91798,16,375.0
2022-06-13,2022-06-29,340.0,put,1.82,1.85,1.83,1.99,574,669,0.40511,-0.11471,16,375.0
2022-06-13,2022-06-29,345.0,call,30.94,31.96,31.45,0.0,0,0,0.32707,0.89566,16,375.0
2022-06-13,2022-06-29,345.0,put,2.34,2.38,2.36,2.59,890,229,0.39536,-0.14615,16,375.0
2022-06-13,2022-06-29,350.0,call,26.53,27.52,27.02,0.0,0,0,0.31731,0.8593,16,375.0
2022-06-13,2022-06-29,350.0,put,3.04,3.08,3.06,3.07,2952,303,0.37584,-0.1786,16,375.0
2022-06-13,2022-06-29,355.0,call,22.51,23.3,22.91,38.37,0,2,0.31731,0.80612,16,375.0
2022-06-13,2022-06-29,355.0,put,3.96,4.01,3.98,4.14,362,354,0.37584,-0.22951,16,375.0
2022-06-13,2022-06-29,360.0,call,18.77,19.35,19.06,0.0,0,0,0.31731,0.74317,16,375.0
2022-06-13,2022-06-29,360.0,put,5.16,5.21,5.19,5.21,2392,1347,0.36609,-0.28242,16,375.0
2022-06-13,2022-06-29,365.0,call,15.3,15.74,15.52,49.87,0,1,0.30755,0.67638,16,375.0
2022-06-13,2022-06-29,365.0,put,6.69,6.74,6.71,6.87,799,1199,0.35633,-0.34293,16,375.0
2022-06-13,2022-06-29,366.0,call,14.47,15.09,14.78,0.0,0,0,0.30755,0.66097,16,375.0
2022-06-13,2022-06-29,366.0,put,7.03,7.08,7.05,7.06,264,323,0.35633,-0.35651,16,375.0
2022-06-13,2022-06-29,368.0,call,13.56,13.64,13.6,13.69,47,0,0.30755,0.62948,16,375.0
2022-06-13,2022-06-29,368.0,put,7.76,7.82,7.79,8.12,324,301,0.35633,-0.38409,16,375.0
2022-06-13,2022-06-29,370.0,call,12.32,12.4,12.36,12.11,200,1,0.30755,0.59728,16,375.0
2022-06-13,2022-06-29,370.0,put,8.57,8.63,8.6,8.76,1849,1572,0.35633,-0.41212,16,375.0
2022-06-13,2022-06-29,372.0,call,11.19,11.27,11.23,10.9,724,0,0.30755,0.56458,16,375.0
2022-06-13,2022-06-29,372.0,put,9.4,9.46,9.43,9.6,2412,1363,0.34658,-0.4396,16,375.0
2022-06-13,2022-06-29,374.0,call,10.1,10.17,10.13,10.0,255,0,0.30755,0.53161,16,375.0
2022-06-13,2022-06-29,374.0,put,10.29,10.37,10.33,10.74,1201,630,0.34658,-0.46888,16,375.0
2022-06-13,2022-06-29,375.0,call,9.56,9.61,9.59,9.29,199,1,0.30755,0.5151,16,375.0
2022-06-13,2022-06-29,375.0,put,10.79,10.87,10.83,11.12,707,888,0.34658,-0.48353,16,375.0
2022-06-13,2022-06-29,376.0,call,9.06,9.13,9.1,9.11,254,0,0.30755,0.4986,16,375.0
2022-06-13,2022-06-29,376.0,put,11.26,11.33,11.29,11.38,922,658,0.34658,-0.49817,16,375.0
2022-06-13,2022-06-29,378.0,call,8.07,8.12,8.09,8.02,280,20,0.2978,0.46383,16,375.0
2022-06-13,2022-06-29,378.0,put,12.31,12.39,12.35,12.71,706,391,0.34658,-0.52731,16,375.0
2022-06-13,2022-06-29,380.0,call,7.15,7.21,7.18,7.41,168,24,0.2978,0.43037,16,375.0
2022-06-13,2022-06-29,380.0,put,13.39,13.47,13.43,13.57,4286,3270,0.34658,-0.55616,16,375.0
2022-06-13,2022-06-29,382.0,call,6.29,6.35,6.32,6.53,281,0,0.2978,0.39758,16,375.0
2022-06-13,2022-06-29,382.0,put,14.53,14.63,14.58,15.12,321,1059,0.34658,-0.58456,16,375.0
2022-06-13,2022-06-29,384.0,call,5.49,5.55,5.52,5.41,22,306,0.2978,0.36566,16,375.0
2022-06-13,2022-06-29,384.0,put,15.62,15.94,15.78,13.11,204,1151,0.33682,-0.61634,16,375.0
2022-06-13,2022-06-29,385.0,call,5.12,5.17,5.14,5.03,232,59,0.28804,0.3445,16,375.0
2022-06-13,2022-06-29,385.0,put,16.21,16.56,16.38,17.1,107,2000,0.33682,-0.63035,16,375.0
2022-06-13,2022-06-29,386.0,call,4.76,4.81,4.79,4.98,14,83,0.28804,0.32881,16,375.0
2022-06-13,2022-06-29,386.0,put,16.84,17.23,17.04,14.83,85,1484,0.33682,-0.64414,16,375.0
2022-06-13,2022-06-29,388.0,call,4.09,4.14,4.12,4.1,173,142,0.28804,0.29843,16,375.0
2022-06-13,2022-06-29,388.0,put,18.13,18.58,18.35,18.34,101,1162,0.33682,-0.67106,16,375.0
2022-06-13,2022-06-29,390.0,call,3.48,3.53,3.5,3.53,4700,475,0.28804,0.26955,16,375.0
2022-06-13,2022-06-29,390.0,put,19.51,19.98,19.75,20.35,100,1953,0.33682,-0.69698,16,375.0
2022-06-13,2022-06-29,392.0,call,2.94,2.98,2.96,3.02,134,343,0.27829,0.23405,16,375.0
2022-06-13,2022-06-29,392.0,put,20.96,21.47,21.21,21.29,22,1241,0.33682,-0.72183,16,375.0
2022-06-13,2022-06-29,394.0,call,2.45,2.49,2.47,2.46,239,125,0.27829,0.20814,16,375.0
2022-06-13,2022-06-29,394.0,put,22.48,23.0,22.74,23.5,8,600,0.33682,-0.74552,16,375.0
2022-06-13,2022-06-29,395.0,call,2.23,2.27,2.25,2.23,332,103,0.27829,0.19589,16,375.0
2022-06-13,2022-06-29,395.0,put,23.26,23.79,23.52,20.06,55,866,0.33682,-0.75691,16,375.0
2022-06-13,2022-06-29,396.0,call,2.03,2.07,2.05,2.23,490,46,0.27829,0.18411,16,375.0
2022-06-13,2022-06-29,396.0,put,24.06,24.59,24.32,25.37,172,1321,0.33682,-0.76799,16,375.0
2022-06-13,2022-06-29,398.0,call,1.67,1.7,1.69,1.68,465,440,0.26853,0.15287,16,375.0
2022-06-13,2022-06-29,398.0,put,25.7,26.24,25.97,23.14,46,897,0.33682,-0.78921,16,375.0
2022-06-13,2022-06-29,400.0,call,1.36,1.39,1.38,1.42,782,2518,0.26853,0.13278,16,375.0
2022-06-13,2022-06-29,400.0,put,27.39,27.95,27.67,25.42,70,822,0.34658,-0.80181,16,375.0
2022-06-13,2022-06-29,402.0,call,1.11,1.13,1.12,1.18,95,1630,0.26853,0.11467,16,375.0
2022-06-13,2022-06-29,402.0,put,29.14,29.7,29.42,28.43,11,985,0.34658,-0.82039,16,375.0
2022-06-13,2022-06-29,404.0,call,0.89,0.92,0.91,0.87,109,205,0.26853,0.09847,16,375.0
2022-06-13,2022-06-29,404.0,put,30.88,31.58,31.23,25.49,27,528,0.35633,-0.83053,16,375.0
2022-06-13,2022-06-29,405.0,call,0.8,0.82,0.81,0.86,174,245,0.25877,0.08277,16,375.0
2022-06-13,2022-06-29,405.0,put,31.79,32.5,32.14,32.6,21,429,0.35633,-0.83877,16,375.0
2022-06-13,2022-06-29,406.0,call,0.72,0.74,0.73,0.74,66,243,0.25877,0.07604,16,375.0
2022-06-13,2022-06-29,406.0,put,32.71,33.42,33.06,29.38,5,389,0.35633,-0.84672,16,375.0
2022-06-13,2022-06-29,408.0,call,0.58,0.6,0.59,0.59,546,768,0.25877,0.06389,16,375.0
2022-06-13,2022-06-29,408.0,put,34.57,35.29,34.93,35.52,16,205,0.36609,-0.85481,16,375.0
2022-06-13,2022-06-29,410.0,call,0.47,0.49,0.48,0.48,2558,3668,0.25877,0.05336,16,375.0
2022-06-13,2022-06-29,410.0,put,36.47,37.19,36.83,37.05,23,315,0.37584,-0.86214,16,375.0
2022-06-13,2022-06-29,412.0,call,0.39,0.4,0.4,0.39,191,515,0.26853,0.0506,16,375.0
2022-06-13,2022-06-29,412.0,put,38.39,39.11,38.75,39.26,34,632,0.3856,-0.86878,16,375.0
2022-06-13,2022-06-29,414.0,call,0.32,0.33,0.33,0.32,45,346,0.26853,0.04224,16,375.0
2022-06-13,2022-06-29,414.0,put,40.32,41.04,40.68,40.29,1,229,0.39536,-0.87482,16,375.0
2022-06-13,2022-06-29,415.0,call,0.29,0.3,0.29,0.31,94,353,0.26853,0.03852,16,375.0
2022-06-13,2022-06-29,415.0,put,41.3,42.01,41.66,40.94,6,146,0.39536,-0.88073,16,375.0
2022-06-13,2022-06-29,416.0,call,0.26,0.28,0.27,0.3,80,262,0.26853,0.03507,16,375.0
2022-06-13,2022-06-29,416.0,put,42.27,42.99,42.63,27.47,0,130,0.40511,-0.88033,16,375.0
2022-06-13,2022-06-29,418.0,call,0.22,0.23,0.23,0.27,628,697,0.26853,0.02896,16,375.0
2022-06-13,2022-06-29,418.0,put,44.23,44.95,44.59,29.01,0,295,0.41487,-0.88535,16,375.0
2022-06-13,2022-06-29,420.0,call,0.19,0.2,0.2,0.2,482,515,0.26853,0.02379,16,375.0
2022-06-13,2022-06-29,420.0,put,46.2,46.92,46.56,43.2,4,73,0.42462,-0.88994,16,375.0
2022-06-13,2022-06-29,422.0,call,0.16,0.17,0.17,0.18,363,353,0.27829,0.02323,16,375.0
2022-06-13,2022-06-29,422.0,put,47.98,49.02,48.5,21.45,0,5,0.43438,-0.89414,16,375.0
2022-06-13,2022-06-29,424.0,call,0.13,0.14,0.14,0.17,3,99,0.27829,0.01912,16,375.0
2022-06-13,2022-06-29,424.0,put,49.95,50.99,50.47,35.23,0,12,0.44414,-0.89801,16,375.0
2022-06-13,2022-06-29,425.0,call,0.12,0.13,0.12,0.14,230,484,0.27829,0.01731,16,375.0
2022-06-13,2022-06-29,425.0,put,50.94,51.98,51.46,48.59,4,27,0.45389,-0.8972,16,375.0
2022-06-13,2022-06-29,426.0,call,0.11,0.12,0.11,0.13,388,1045,0.27829,0.01565,16,375.0
2022-06-13,2022-06-29,426.0,put,51.93,52.99,52.46,51.0,2,19,0.45389,-0.90155,16,375.0
2022-06-13,2022-06-29,428.0,call,0.1,0.11,0.11,0.1,153,1078,0.28804,0.01555,16,375.0
2022-06-13,2022-06-29,428.0,put,53.97,54.96,54.47,52.18,1,4,0.46365,-0.90482,16,375.0
2022-06-13,2022-06-29,430.0,call,0.08,0.09,0.08,0.11,182,544,0.27829,0.01035,16,375.0
2022-06-13,2022-06-29,430.0,put,55.9,56.96,56.43,37.95,0,186,0.4734,-0.90784,16,375.0
2022-06-13,2022-06-29,432.0,call,0.07,0.08,0.08,0.08,333,657,0.28804,0.01044,16,375.0
2022-06-13,2022-06-29,432.0,put,57.8,59.05,58.42,56.93,1,0,0.49292,-0.90591,16,375.0
2022-06-13,2022-06-29,434.0,call,0.06,0.07,0.07,0.06,4,268,0.28804,0.0085,16,375.0
2022-06-13,2022-06-29,434.0,put,59.88,60.94,60.41,21.25,0,4,0.50267,-0.90862,16,375.0
2022-06-13,2022-06-29,435.0,call,0.06,0.07,0.07,0.07,14,435,0.2978,0.00955,16,375.0
2022-06-13,2022-06-29,435.0,put,60.87,61.93,61.4,23.5,0,23,0.50267,-0.91216,16,375.0
2022-06-13,2022-06-29,436.0,call,0.05,0.06,0.06,0.06,9,91,0.2978,0.00865,16,375.0
2022-06-13,2022-06-29,436.0,put,61.87,62.93,62.4,22.81,0,1,0.51243,-0.91113,16,375.0
2022-06-13,2022-06-29,438.0,call,0.04,0.05,0.04,0.05,11,497,0.28804,0.00556,16,375.0
2022-06-13,2022-06-29,438.0,put,63.86,64.92,64.39,49.05,0,2,0.52218,-0.91347,16,375.0
2022-06-13,2022-06-29,440.0,call,0.04,0.05,0.04,0.04,216,544,0.2978,0.00576,16,375.0
2022-06-13,2022-06-29,440.0,put,65.85,66.91,66.38,63.66,6,4,0.53194,-0.91564,16,375.0
2022-06-13,2022-06-29,442.0,call,0.03,0.04,0.04,0.04,1,398,0.30755,0.00595,16,375.0
2022-06-13,2022-06-29,442.0,put,67.76,69.02,68.39,0.0,0,0,0.54169,-0.91766,16,375.0
2022-06-13,2022-06-29,444.0,call,0.03,0.04,0.04,0.03,61,227,0.30755,0.00487,16,375.0
2022-06-13,2022-06-29,444.0,put,69.86,70.9,70.38,33.4,0,2,0.55145,-0.91954,16,375.0
2022-06-13,2022-06-29,445.0,call,0.03,0.04,0.04,0.03,32,422,0.31731,0.00558,16,375.0
2022-06-13,2022-06-29,445.0,put,70.84,71.9,71.37,31.59,0,4,0.56121,-0.91845,16,375.0
2022-06-13,2022-06-29,446.0,call,0.03,0.04,0.04,0.04,2,193,0.31731,0.00507,16,375.0
2022-06-13,2022-06-29,446.0,put,71.76,73.01,72.39,0.0,0,0,0.56121,-0.9213,16,375.0
2022-06-13,2022-06-29,448.0,call,0.03,0.04,0.04,0.02,1,17,0.32707,0.00527,16,375.0
2022-06-13,2022-06-29,448.0,put,73.75,75.01,74.38,0.0,0,0,0.58072,-0.91911,16,375.0
2022-06-13,2022-06-29,450.0,call,0.02,0.03,0.03,0.02,6,190,0.32707,0.00436,16,375.0
2022-06-13,2022-06-29,450.0,put,75.83,76.89,76.36,60.5,0,1,0.58072,-0.92446,16,375.0
2022-06-13,2022-06-29,452.0,call,0.02,0.03,0.03,0.02,13,269,0.32707,0.0036,16,375.0
2022-06-13,2022-06-29,452.0,put,77.75,79.0,78.38,0.0,0,0,0.60023,-0.92225,16,375.0
2022-06-13,2022-06-29,454.0,call,0.02,0.03,0.03,0.13,0,1,0.33682,0.00379,16,375.0
2022-06-13,2022-06-29,454.0,put,79.74,81.0,80.37,0.0,0,0,0.60999,-0.92367,16,375.0
2022-06-13,2022-06-29,455.0,call,0.02,0.03,0.03,0.03,0,79,0.33682,0.00345,16,375.0
2022-06-13,2022-06-29,455.0,put,80.74,82.0,81.37,0.0,0,0,0.60999,-0.92611,16,375.0
2022-06-13,2022-06-29,460.0,call,0.02,0.03,0.03,0.02,2,125,0.35633,0.00351,16,375.0
2022-06-13,2022-06-29,460.0,put,85.74,86.99,86.36,0.0,0,0,0.63925,-0.92742,16,375.0
2022-06-13,2022-06-29,465.0,call,0.01,0.02,0.01,0.02,0,17,0.33682,0.00131,16,375.0
2022-06-13,2022-06-29,465.0,put,90.74,91.98,91.36,0.0,0,0,0.66852,-0.92844,16,375.0
2022-06-13,2022-06-29,470.0,call,0.01,0.02,0.01,0.02,0,162,0.35633,0.00142,16,375.0
2022-06-13,2022-06-29,470.0,put,95.74,96.98,96.36,0.0,0,0,0.68803,-0.93228,16,375.0
2022-06-13,2022-06-29,475.0,call,0.01,0.02,0.01,0.06,0,10,0.36609,0.00118,16,375.0
2022-06-13,2022-06-29,475.0,put,100.74,101.98,101.36,0.0,0,0,0.7173,-0.93274,16,375.0
2022-06-13,2022-06-29,480.0,call,0.01,0.02,0.01,0.02,0,676,0.3856,0.00129,16,375.0
2022-06-13,2022-06-29,480.0,put,105.74,106.95,106.34,0.0,0,0,0.73681,-0.93584,16,375.0
2022-06-13,2022-06-29,485.0,call,0.01,0.02,0.01,0.02,0,65,0.39536,0.0011,16,375.0
2022-06-13,2022-06-29,485.0,put,110.73,111.97,111.35,0.0,0,0,0.75632,-0.93857,16,375.0
2022-06-13,2022-06-29,490.0,call,0.01,0.02,0.01,0.01,3,13,0.41487,0.00122,16,375.0
2022-06-13,2022-06-29,490.0,put,115.73,116.97,116.35,0.0,0,0,0.78559,-0.93844,16,375.0
2022-06-13,2022-06-29,495.0,put,120.73,121.97,121.35,0.0,0,0,0.8051,-0.94069,16,375.0
2022-06-13,2022-06-29,500.0,put,125.73,126.97,126.35,0.0,0,0,0.83437,-0.94031,16,375.0
2022-06-13,2022-06-30,156.0,call,218.54,219.77,219.16,0.0,0,0,1.53679,0.99753,17,375.0
2022-06-13,2022-06-30,156.0,put,0.01,0.02,0.01,0.02,23,536,1.25387,-0.00037,17,375.0
2022-06-13,2022-06-30,157.0,call,217.54,218.77,218.16,0.0,0,0,1.52704,0.99751,17,375.0
2022-06-13,2022-06-30,158.0,call,216.54,217.77,217.16,0.0,0,0,1.51728,0.99748,17,375.0
2022-06-13,2022-06-30,158.0,put,0.01,0.02,0.01,0.02,188,546,1.23436,-0.00036,17,375.0
2022-06-13,2022-06-30,200.0,call,174.54,175.77,175.16,0.0,0,0,1.10753,0.99703,17,375.0
2022-06-13,2022-06-30,200.0,put,0.03,0.04,0.04,0.05,512,1056,1.02949,-0.00163,17,375.0
2022-06-13,2022-06-30,250.0,call,124.55,125.78,125.16,0.0,0,0,0.7173,0.99652,17,375.0
2022-06-13,2022-06-30,250.0,put,0.11,0.12,0.11,0.12,233,907,0.75632,-0.00511,17,375.0
2022-06-13,2022-06-30,275.0,call,99.77,100.73,100.25,134.76,0,1,0.61974,0.99155,17,375.0
2022-06-13,2022-06-30,275.0,put,0.21,0.22,0.21,0.23,924,4542,0.64901,-0.01109,17,375.0
2022-06-13,2022-06-30,280.0,call,94.59,95.82,95.2,0.0,0,0,0.55145,0.99409,17,375.0
2022-06-13,2022-06-30,280.0,put,0.24,0.25,0.24,0.26,1337,22537,0.6295,-0.01317,17,375.0
2022-06-13,2022-06-30,285.0,call,89.6,90.83,90.22,0.0,0,0,0.53194,0.99288,17,375.0
2022-06-13,2022-06-30,285.0,put,0.28,0.29,0.29,0.26,830,2503,0.60999,-0.01564,17,375.0
2022-06-13,2022-06-30,290.0,call,84.62,85.85,85.23,0.0,0,0,0.51243,0.99142,17,375.0
2022-06-13,2022-06-30,290.0,put,0.32,0.33,0.33,0.29,515,1615,0.59047,-0.01859,17,375.0
2022-06-13,2022-06-30,295.0,call,79.63,80.86,80.25,0.0,0,0,0.49292,0.98962,17,375.0
2022-06-13,2022-06-30,295.0,put,0.37,0.39,0.38,0.43,357,2034,0.57096,-0.02211,17,375.0
2022-06-13,2022-06-30,300.0,call,74.83,75.75,75.29,112.1,0,18,0.4734,0.98742,17,375.0
2022-06-13,2022-06-30,300.0,put,0.44,0.45,0.45,0.44,1237,13125,0.55145,-0.02633,17,375.0
2022-06-13,2022-06-30,305.0,call,69.86,70.82,70.34,106.24,0,10,0.46365,0.98295,17,375.0
2022-06-13,2022-06-30,305.0,put,0.51,0.53,0.52,0.61,56,2108,0.52218,-0.02917,17,375.0
2022-06-13,2022-06-30,310.0,call,64.74,65.81,65.28,105.38,0,0,0.40511,0.98697,17,375.0
2022-06-13,2022-06-30,310.0,put,0.6,0.62,0.61,0.63,227,2656,0.50267,-0.03496,17,375.0
2022-06-13,2022-06-30,315.0,call,59.96,60.87,60.41,63.19,1,43,0.41487,0.97706,17,375.0
2022-06-13,2022-06-30,315.0,put,0.71,0.73,0.72,0.76,911,2337,0.48316,-0.042,17,375.0
2022-06-13,2022-06-30,320.0,call,55.04,55.96,55.5,54.1,3,22,0.39536,0.97168,17,375.0
2022-06-13,2022-06-30,320.0,put,0.85,0.87,0.86,0.91,2769,12868,0.46365,-0.05061,17,375.0
2022-06-13,2022-06-30,325.0,call,50.14,51.06,50.6,91.0,0,36,0.3856,0.96129,17,375.0
2022-06-13,2022-06-30,325.0,put,1.03,1.05,1.04,1.07,1767,2912,0.45389,-0.06504,17,375.0
2022-06-13,2022-06-30,330.0,call,45.29,46.21,45.75,69.39,0,9,0.36609,0.95178,17,375.0
2022-06-13,2022-06-30,330.0,put,1.27,1.29,1.28,1.44,1495,7028,0.43438,-0.07859,17,375.0
2022-06-13,2022-06-30,335.0,call,40.51,41.42,40.97,57.97,0,6,0.35633,0.93451,17,375.0
2022-06-13,2022-06-30,335.0,put,1.58,1.6,1.59,1.6,2039,11205,0.41487,-0.09529,17,375.0
2022-06-13,2022-06-30,340.0,call,35.83,36.72,36.27,35.5,8,41,0.34658,0.9119,17,375.0
2022-06-13,2022-06-30,340.0,put,1.99,2.01,2.0,2.05,7801,19687,0.40511,-0.12124,17,375.0
2022-06-13,2022-06-30,345.0,call,31.29,32.1,31.7,65.37,0,7,0.33682,0.88273,17,375.0
2022-06-13,2022-06-30,345.0,put,2.54,2.57,2.55,2.52,3443,12158,0.3856,-0.14727,17,375.0
2022-06-13,2022-06-30,348.0,call,28.46,29.44,28.95,0.0,0,0,0.32707,0.8642,17,375.0
2022-06-13,2022-06-30,348.0,put,2.95,2.98,2.96,3.13,618,1468,0.3856,-0.17254,17,375.0
2022-06-13,2022-06-30,349.0,call,27.79,28.56,28.17,42.94,0,10,0.32707,0.85514,17,375.0
2022-06-13,2022-06-30,349.0,put,3.09,3.14,3.12,3.13,646,2124,0.3856,-0.18149,17,375.0
2022-06-13,2022-06-30,350.0,call,26.94,27.7,27.32,30.39,5,144,0.32707,0.84571,17,375.0
2022-06-13,2022-06-30,350.0,put,3.26,3.3,3.28,3.27,11310,51550,0.37584,-0.18515,17,375.0
2022-06-13,2022-06-30,351.0,call,26.09,26.84,26.46,40.08,0,6,0.32707,0.83591,17,375.0
2022-06-13,2022-06-30,351.0,put,3.43,3.47,3.45,3.5,1346,3149,0.37584,-0.19469,17,375.0
2022-06-13,2022-06-30,352.0,call,25.02,26.0,25.51,29.5,1,0,0.31731,0.83252,17,375.0
2022-06-13,2022-06-30,352.0,put,3.62,3.65,3.63,3.87,814,1241,0.37584,-0.2045,17,375.0
2022-06-13,2022-06-30,353.0,call,24.22,25.16,24.69,23.93,14,0,0.31731,0.82193,17,375.0
2022-06-13,2022-06-30,353.0,put,3.81,3.84,3.83,4.28,403,1516,0.37584,-0.21456,17,375.0
2022-06-13,2022-06-30,354.0,call,23.62,24.34,23.98,37.05,0,1,0.31731,0.81096,17,375.0
2022-06-13,2022-06-30,354.0,put,4.01,4.05,4.03,4.15,636,1948,0.37584,-0.22488,17,375.0
2022-06-13,2022-06-30,355.0,call,22.82,23.52,23.17,22.38,2,69,0.31731,0.79961,17,375.0
2022-06-13,2022-06-30,355.0,put,4.22,4.26,4.24,4.17,5026,18567,0.36609,-0.23022,17,375.0
2022-06-13,2022-06-30,356.0,call,22.02,22.75,22.38,33.53,0,1,0.31731,0.7879,17,375.0
2022-06-13,2022-06-30,356.0,put,4.44,4.48,4.46,4.46,1054,1387,0.36609,-0.24118,17,375.0
2022-06-13,2022-06-30,357.0,call,21.07,21.96,21.52,0.0,0,0,0.31731,0.77584,17,375.0
2022-06-13,2022-06-30,357.0,put,4.68,4.72,4.7,4.91,1059,1439,0.36609,-0.25238,17,375.0
2022-06-13,2022-06-30,358.0,call,20.48,21.19,20.84,45.35,0,1,0.31731,0.76342,17,375.0
2022-06-13,2022-06-30,358.0,put,4.92,4.97,4.95,5.2,1229,1575,0.36609,-0.26382,17,375.0
2022-06-13,2022-06-30,360.0,call,18.99,19.65,19.32,18.95,48,494,0.31731,0.73761,17,375.0
2022-06-13,2022-06-30,360.0,put,5.46,5.5,5.48,5.72,9483,17850,0.36609,-0.28737,17,375.0
2022-06-13,2022-06-30,362.0,call,17.54,18.16,17.85,19.24,8,19,0.31731,0.71059,17,375.0
2022-06-13,2022-06-30,362.0,put,6.03,6.08,6.05,5.96,2281,1952,0.35633,-0.30774,17,375.0
2022-06-13,2022-06-30,364.0,call,16.16,16.78,16.47,52.49,0,1,0.30755,0.68707,17,375.0
2022-06-13,2022-06-30,364.0,put,6.67,6.72,6.7,6.62,1438,2486,0.35633,-0.33337,17,375.0
2022-06-13,2022-06-30,365.0,call,15.49,16.06,15.77,18.05,23,58,0.30755,0.67228,17,375.0
2022-06-13,2022-06-30,365.0,put,7.01,7.05,7.03,7.11,4862,14453,0.35633,-0.34644,17,375.0
2022-06-13,2022-06-30,366.0,call,14.83,15.41,15.12,14.76,36,30,0.30755,0.65726,17,375.0
2022-06-13,2022-06-30,366.0,put,7.34,7.4,7.37,7.64,1376,773,0.35633,-0.35966,17,375.0
2022-06-13,2022-06-30,368.0,call,13.91,13.99,13.95,13.53,32,2,0.30755,0.62662,17,375.0
2022-06-13,2022-06-30,368.0,put,8.09,8.14,8.12,8.2,4567,1608,0.35633,-0.38648,17,375.0
2022-06-13,2022-06-30,370.0,call,12.7,12.76,12.73,12.68,3466,49,0.30755,0.59532,17,375.0
2022-06-13,2022-06-30,370.0,put,8.88,8.96,8.92,9.11,21381,29056,0.35633,-0.4137,17,375.0
2022-06-13,2022-06-30,372.0,call,11.55,11.62,11.59,11.18,926,39,0.30755,0.56357,17,375.0
2022-06-13,2022-06-30,372.0,put,9.72,9.79,9.75,10.09,2343,2426,0.34658,-0.4404,17,375.0
2022-06-13,2022-06-30,374.0,call,10.45,10.51,10.48,10.27,1654,5,0.30755,0.53158,17,375.0
2022-06-13,2022-06-30,374.0,put,10.62,10.69,10.65,10.6,852,1618,0.34658,-0.46881,17,375.0
2022-06-13,2022-06-30,375.0,call,9.91,9.98,9.95,9.93,3747,115,0.30755,0.51556,17,375.0
2022-06-13,2022-06-30,375.0,put,11.1,11.18,11.14,11.36,15782,7637,0.34658,-0.48302,17,375.0
2022-06-13,2022-06-30,376.0,call,9.41,9.47,9.44,9.48,659,87,0.30755,0.49956,17,375.0
2022-06-13,2022-06-30,376.0,put,11.58,11.65,11.62,11.68,1306,3387,0.34658,-0.49722,17,375.0
2022-06-13,2022-06-30,378.0,call,8.43,8.48,8.46,7.87,1729,233,0.30755,0.46771,17,375.0
2022-06-13,2022-06-30,378.0,put,12.59,12.67,12.63,12.83,1346,2430,0.34658,-0.5255,17,375.0
2022-06-13,2022-06-30,380.0,call,7.48,7.55,7.52,7.31,6649,731,0.2978,0.43331,17,375.0
2022-06-13,2022-06-30,380.0,put,13.62,13.83,13.72,13.85,10482,102414,0.34658,-0.5535,17,375.0
2022-06-13,2022-06-30,382.0,call,6.64,6.69,6.67,6.42,904,245,0.2978,0.40144,17,375.0
2022-06-13,2022-06-30,382.0,put,14.79,14.88,14.84,15.05,669,2188,0.33682,-0.58425,17,375.0
2022-06-13,2022-06-30,383.0,call,6.22,6.27,6.24,6.09,502,1173,0.2978,0.38579,17,375.0
2022-06-13,2022-06-30,383.0,put,15.32,15.59,15.46,16.67,1345,3016,0.33682,-0.59822,17,375.0
2022-06-13,2022-06-30,384.0,call,5.82,5.87,5.85,5.82,407,296,0.2978,0.37037,17,375.0
2022-06-13,2022-06-30,384.0,put,15.92,16.19,16.05,16.54,1143,2697,0.33682,-0.61203,17,375.0
2022-06-13,2022-06-30,385.0,call,5.44,5.49,5.46,5.29,1680,1146,0.2978,0.35519,17,375.0
2022-06-13,2022-06-30,385.0,put,16.51,16.82,16.66,17.19,10076,21081,0.33682,-0.62566,17,375.0
2022-06-13,2022-06-30,386.0,call,5.07,5.12,5.1,4.92,828,396,0.28804,0.3344,17,375.0
2022-06-13,2022-06-30,386.0,put,17.13,17.46,17.3,17.66,398,2289,0.33682,-0.63911,17,375.0
2022-06-13,2022-06-30,387.0,call,4.72,4.77,4.74,4.55,1816,520,0.28804,0.31939,17,375.0
2022-06-13,2022-06-30,387.0,put,17.78,18.11,17.95,18.73,114,2014,0.33682,-0.65235,17,375.0
2022-06-13,2022-06-30,388.0,call,4.38,4.43,4.4,4.37,1156,578,0.28804,0.3047,17,375.0
2022-06-13,2022-06-30,388.0,put,18.44,18.78,18.61,18.93,133,3244,0.33682,-0.66537,17,375.0
2022-06-13,2022-06-30,389.0,call,4.06,4.1,4.08,3.99,988,978,0.28804,0.29036,17,375.0
2022-06-13,2022-06-30,389.0,put,19.08,19.5,19.29,19.59,118,2071,0.33682,-0.67817,17,375.0
2022-06-13,2022-06-30,390.0,call,3.75,3.8,3.77,3.75,2197,2204,0.28804,0.27638,17,375.0
2022-06-13,2022-06-30,390.0,put,19.78,20.2,19.99,20.63,10522,35872,0.33682,-0.69072,17,375.0
2022-06-13,2022-06-30,391.0,call,3.46,3.51,3.48,3.4,1049,430,0.28804,0.26277,17,375.0
2022-06-13,2022-06-30,391.0,put,20.48,20.94,20.71,20.99,55,5305,0.33682,-0.70303,17,375.0
2022-06-13,2022-06-30,392.0,call,3.19,3.23,3.21,3.02,2602,661,0.27829,0.24142,17,375.0
2022-06-13,2022-06-30,392.0,put,21.21,21.67,21.44,22.86,80,2432,0.33682,-0.71507,17,375.0
2022-06-13,2022-06-30,393.0,call,2.93,2.97,2.95,2.91,951,595,0.27829,0.22839,17,375.0
2022-06-13,2022-06-30,393.0,put,21.95,22.42,22.19,22.28,48,3822,0.33682,-0.72685,17,375.0
2022-06-13,2022-06-30,394.0,call,2.68,2.72,2.7,2.64,694,582,0.27829,0.21579,17,375.0
2022-06-13,2022-06-30,394.0,put,22.7,23.18,22.94,22.7,103,1690,0.33682,-0.73835,17,375.0
2022-06-13,2022-06-30,395.0,call,2.44,2.49,2.46,2.31,923,1359,0.27829,0.20364,17,375.0
2022-06-13,2022-06-30,395.0,put,23.47,23.96,23.71,24.23,576,13175,0.33682,-0.74957,17,375.0
2022-06-13,2022-06-30,396.0,call,2.24,2.28,2.26,2.2,875,1105,0.27829,0.19193,17,375.0
2022-06-13,2022-06-30,396.0,put,24.26,24.75,24.51,21.35,164,2496,0.33682,-0.76051,17,375.0
2022-06-13,2022-06-30,397.0,call,2.04,2.08,2.06,1.91,691,694,0.27829,0.18068,17,375.0
2022-06-13,2022-06-30,397.0,put,25.06,25.56,25.31,24.21,28,2676,0.33682,-0.77115,17,375.0
2022-06-13,2022-06-30,398.0,call,1.85,1.89,1.87,1.94,1773,689,0.26853,0.16072,17,375.0
2022-06-13,2022-06-30,398.0,put,25.87,26.38,26.12,26.28,222,1669,0.33682,-0.78149,17,375.0
2022-06-13,2022-06-30,399.0,call,1.68,1.72,1.7,1.68,1034,1270,0.26853,0.15038,17,375.0
2022-06-13,2022-06-30,399.0,put,26.7,27.21,26.95,23.29,23,2175,0.33682,-0.79153,17,375.0
2022-06-13,2022-06-30,400.0,call,1.53,1.55,1.54,1.52,4428,3399,0.26853,0.14052,17,375.0
2022-06-13,2022-06-30,400.0,put,27.54,28.06,27.8,28.01,2898,20221,0.33682,-0.80128,17,375.0
2022-06-13,2022-06-30,401.0,call,1.38,1.41,1.4,1.38,1637,816,0.26853,0.13113,17,375.0
2022-06-13,2022-06-30,401.0,put,28.4,28.92,28.66,29.31,109,1468,0.33682,-0.81072,17,375.0
2022-06-13,2022-06-30,402.0,call,1.25,1.27,1.26,1.28,1532,1083,0.26853,0.1222,17,375.0
2022-06-13,2022-06-30,402.0,put,29.27,29.79,29.53,25.89,19,1058,0.34658,-0.81245,17,375.0
2022-06-13,2022-06-30,403.0,call,1.12,1.15,1.14,1.12,632,1069,0.26853,0.11373,17,375.0
2022-06-13,2022-06-30,403.0,put,30.15,30.68,30.41,30.64,40,788,0.34658,-0.82126,17,375.0
2022-06-13,2022-06-30,404.0,call,1.01,1.04,1.02,1.08,1110,1333,0.26853,0.1057,17,375.0
2022-06-13,2022-06-30,404.0,put,30.98,31.66,31.32,28.8,16,764,0.34658,-0.82979,17,375.0
2022-06-13,2022-06-30,405.0,call,0.91,0.93,0.92,0.89,2596,2207,0.26853,0.09812,17,375.0
2022-06-13,2022-06-30,405.0,put,31.88,32.56,32.22,32.38,3791,4636,0.34658,-0.83803,17,375.0
2022-06-13,2022-06-30,406.0,call,0.82,0.84,0.83,0.82,400,948,0.25877,0.08266,17,375.0
2022-06-13,2022-06-30,406.0,put,32.79,33.48,33.13,33.67,35,2459,0.35633,-0.83876,17,375.0
2022-06-13,2022-06-30,407.0,call,0.73,0.76,0.74,0.72,547,668,0.25877,0.07615,17,375.0
2022-06-13,2022-06-30,407.0,put,33.71,34.4,34.05,34.43,42,1491,0.35633,-0.84646,17,375.0
2022-06-13,2022-06-30,408.0,call,0.66,0.68,0.67,0.71,267,1259,0.25877,0.07006,17,375.0
2022-06-13,2022-06-30,408.0,put,34.64,35.33,34.98,36.12,125,1691,0.35633,-0.85389,17,375.0
2022-06-13,2022-06-30,409.0,call,0.6,0.61,0.6,0.64,352,1606,0.25877,0.06436,17,375.0
2022-06-13,2022-06-30,409.0,put,35.57,36.27,35.92,36.32,33,1966,0.36609,-0.85408,17,375.0
2022-06-13,2022-06-30,410.0,call,0.54,0.55,0.55,0.53,2373,5042,0.25877,0.05903,17,375.0
2022-06-13,2022-06-30,410.0,put,36.52,37.22,36.87,36.62,313,5411,0.36609,-0.86104,17,375.0
2022-06-13,2022-06-30,411.0,call,0.48,0.5,0.49,0.47,587,2516,0.25877,0.05408,17,375.0
2022-06-13,2022-06-30,411.0,put,37.47,38.17,37.82,38.2,23,3012,0.36609,-0.86776,17,375.0
2022-06-13,2022-06-30,412.0,call,0.44,0.45,0.45,0.46,246,1552,0.25877,0.04946,17,375.0
2022-06-13,2022-06-30,412.0,put,38.42,39.13,38.78,36.2,67,1575,0.37584,-0.86752,17,375.0
2022-06-13,2022-06-30,413.0,call,0.4,0.41,0.41,0.42,681,2374,0.25877,0.04518,17,375.0
2022-06-13,2022-06-30,413.0,put,39.38,40.09,39.73,40.3,36,1961,0.37584,-0.87382,17,375.0
2022-06-13,2022-06-30,414.0,call,0.36,0.37,0.36,0.4,502,1474,0.25877,0.04121,17,375.0
2022-06-13,2022-06-30,414.0,put,40.35,41.05,40.7,36.7,21,1948,0.3856,-0.87341,17,375.0
2022-06-13,2022-06-30,415.0,call,0.33,0.34,0.34,0.33,3030,3692,0.25877,0.03754,17,375.0
2022-06-13,2022-06-30,415.0,put,41.32,42.02,41.67,39.0,92,6162,0.3856,-0.87933,17,375.0
2022-06-13,2022-06-30,416.0,call,0.3,0.31,0.3,0.31,3661,3042,0.25877,0.03415,17,375.0
2022-06-13,2022-06-30,416.0,put,42.29,43.0,42.64,40.76,1,1681,0.39536,-0.87877,17,375.0
2022-06-13,2022-06-30,417.0,call,0.27,0.29,0.28,0.3,916,1464,0.26853,0.03623,17,375.0
2022-06-13,2022-06-30,417.0,put,43.27,43.97,43.62,26.35,0,1402,0.39536,-0.88435,17,375.0
2022-06-13,2022-06-30,418.0,call,0.25,0.26,0.26,0.28,1245,1636,0.26853,0.03307,17,375.0
2022-06-13,2022-06-30,418.0,put,44.25,44.95,44.6,40.85,32,631,0.40511,-0.88367,17,375.0
2022-06-13,2022-06-30,419.0,call,0.23,0.24,0.23,0.25,67,1018,0.26853,0.03014,17,375.0
2022-06-13,2022-06-30,419.0,put,45.23,45.93,45.58,42.78,2,1116,0.40511,-0.88893,17,375.0
2022-06-13,2022-06-30,420.0,call,0.21,0.22,0.21,0.22,1945,6915,0.26853,0.02744,17,375.0
2022-06-13,2022-06-30,420.0,put,46.22,46.92,46.57,47.45,177,4960,0.41487,-0.88814,17,375.0
2022-06-13,2022-06-30,421.0,call,0.19,0.2,0.2,0.23,156,1265,0.26853,0.02494,17,375.0
2022-06-13,2022-06-30,421.0,put,47.2,47.9,47.55,48.06,2,1003,0.41487,-0.89311,17,375.0
2022-06-13,2022-06-30,422.0,call,0.18,0.19,0.18,0.21,85,2467,0.26853,0.02265,17,375.0
2022-06-13,2022-06-30,422.0,put,48.19,48.89,48.54,43.91,1,800,0.42462,-0.89223,17,375.0
2022-06-13,2022-06-30,423.0,call,0.16,0.17,0.17,0.17,739,4802,0.26853,0.02054,17,375.0
2022-06-13,2022-06-30,423.0,put,49.03,50.0,49.52,49.24,25,1045,0.42462,-0.89694,17,375.0
2022-06-13,2022-06-30,424.0,call,0.15,0.16,0.15,0.17,99,3612,0.26853,0.0186,17,375.0
2022-06-13,2022-06-30,424.0,put,49.85,51.1,50.48,49.61,5,3855,0.43438,-0.89599,17,375.0
2022-06-13,2022-06-30,425.0,call,0.14,0.15,0.15,0.15,1211,4782,0.27829,0.0203,17,375.0
2022-06-13,2022-06-30,425.0,put,51.03,51.97,51.5,53.14,81,13023,0.44414,-0.89505,17,375.0
2022-06-13,2022-06-30,426.0,call,0.13,0.14,0.14,0.15,116,1668,0.27829,0.01846,17,375.0
2022-06-13,2022-06-30,426.0,put,52.0,52.96,52.48,50.37,8,1342,0.44414,-0.89944,17,375.0
2022-06-13,2022-06-30,427.0,call,0.12,0.13,0.12,0.13,35,5643,0.27829,0.01676,17,375.0
2022-06-13,2022-06-30,427.0,put,52.82,54.07,53.45,37.61,0,4347,0.44414,-0.90369,17,375.0
2022-06-13,2022-06-30,428.0,call,0.11,0.12,0.11,0.13,153,2678,0.27829,0.01521,17,375.0
2022-06-13,2022-06-30,428.0,put,53.98,54.94,54.46,52.5,1,1099,0.45389,-0.90262,17,375.0
2022-06-13,2022-06-30,429.0,call,0.1,0.11,0.11,0.11,130,1885,0.27829,0.01378,17,375.0
2022-06-13,2022-06-30,429.0,put,54.99,55.93,55.46,49.71,5,1080,0.46365,-0.90158,17,375.0
2022-06-13,2022-06-30,430.0,call,0.1,0.11,0.11,0.11,1791,21239,0.28804,0.01522,17,375.0
2022-06-13,2022-06-30,430.0,put,55.98,56.93,56.45,57.97,56,61567,0.46365,-0.90555,17,375.0
2022-06-13,2022-06-30,431.0,call,0.09,0.1,0.1,0.1,241,1525,0.28804,0.01384,17,375.0
2022-06-13,2022-06-30,431.0,put,56.95,57.92,57.44,30.05,0,755,0.4734,-0.90447,17,375.0
2022-06-13,2022-06-30,432.0,call,0.08,0.09,0.08,0.09,233,1456,0.27829,0.01018,17,375.0
2022-06-13,2022-06-30,432.0,put,57.94,58.91,58.42,55.55,2,852,0.4734,-0.90826,17,375.0
2022-06-13,2022-06-30,433.0,call,0.08,0.09,0.08,0.09,139,2715,0.28804,0.01142,17,375.0
2022-06-13,2022-06-30,433.0,put,58.78,60.04,59.41,41.76,0,4497,0.48316,-0.90714,17,375.0
2022-06-13,2022-06-30,434.0,call,0.07,0.08,0.08,0.08,79,2501,0.28804,0.01035,17,375.0
2022-06-13,2022-06-30,434.0,put,59.93,60.9,60.41,55.52,1,2218,0.48316,-0.91076,17,375.0
2022-06-13,2022-06-30,435.0,call,0.07,0.08,0.08,0.08,102,4050,0.28804,0.00938,17,375.0
2022-06-13,2022-06-30,435.0,put,60.93,61.89,61.41,62.22,3,3282,0.49292,-0.90962,17,375.0
2022-06-13,2022-06-30,436.0,call,0.06,0.07,0.07,0.08,45,3407,0.28804,0.00849,17,375.0
2022-06-13,2022-06-30,436.0,put,61.94,62.89,62.41,59.91,2,3011,0.49292,-0.91308,17,375.0
2022-06-13,2022-06-30,437.0,call,0.06,0.07,0.07,0.06,5,788,0.2978,0.00958,17,375.0
2022-06-13,2022-06-30,437.0,put,62.77,64.02,63.39,61.47,1,5400,0.50267,-0.91191,17,375.0
2022-06-13,2022-06-30,438.0,call,0.05,0.06,0.06,0.06,40,1723,0.2978,0.0087,17,375.0
2022-06-13,2022-06-30,438.0,put,63.91,64.88,64.39,46.28,0,984,0.50267,-0.91523,17,375.0
2022-06-13,2022-06-30,439.0,call,0.05,0.06,0.06,0.05,56,1801,0.2978,0.0079,17,375.0
2022-06-13,2022-06-30,439.0,put,64.91,65.88,65.39,61.63,2,926,0.51243,-0.91404,17,375.0
2022-06-13,2022-06-30,440.0,call,0.04,0.05,0.04,0.05,942,13996,0.28804,0.00564,17,375.0
2022-06-13,2022-06-30,440.0,put,65.76,67.01,66.39,67.5,84,7876,0.52218,-0.91287,17,375.0
2022-06-13,2022-06-30,441.0,call,0.04,0.05,0.04,0.06,10,2495,0.28804,0.00508,17,375.0
2022-06-13,2022-06-30,441.0,put,66.9,67.87,67.39,32.1,0,2466,0.52218,-0.91602,17,375.0
2022-06-13,2022-06-30,442.0,call,0.04,0.05,0.04,0.05,124,2751,0.2978,0.00587,17,375.0
2022-06-13,2022-06-30,442.0,put,67.9,68.87,68.39,51.55,0,2799,0.53194,-0.91484,17,375.0
2022-06-13,2022-06-30,443.0,call,0.04,0.05,0.04,0.05,208,2477,0.2978,0.00531,17,375.0
2022-06-13,2022-06-30,443.0,put,68.9,69.86,69.38,67.28,11,1757,0.53194,-0.91786,17,375.0
2022-06-13,2022-06-30,444.0,call,0.03,0.05,0.04,0.04,65,3330,0.2978,0.0048,17,375.0
2022-06-13,2022-06-30,444.0,put,69.9,70.86,70.38,66.9,1,3522,0.54169,-0.91667,17,375.0
2022-06-13,2022-06-30,445.0,call,0.03,0.04,0.04,0.04,270,4455,0.30755,0.00555,17,375.0
2022-06-13,2022-06-30,445.0,put,70.89,71.86,71.38,68.91,3,2616,0.54169,-0.91958,17,375.0
2022-06-13,2022-06-30,446.0,call,0.03,0.04,0.04,0.03,4,4503,0.30755,0.00504,17,375.0
2022-06-13,2022-06-30,446.0,put,71.89,72.86,72.38,68.83,1,2470,0.55145,-0.91837,17,375.0
2022-06-13,2022-06-30,447.0,call,0.03,0.04,0.04,0.04,3,2784,0.30755,0.00457,17,375.0
2022-06-13,2022-06-30,447.0,put,72.89,73.85,73.37,36.62,0,669,0.55145,-0.92118,17,375.0
2022-06-13,2022-06-30,448.0,call,0.03,0.04,0.04,0.03,31,1948,0.31731,0.00527,17,375.0
2022-06-13,2022-06-30,448.0,put,73.89,74.85,74.37,33.79,0,1133,0.56121,-0.91996,17,375.0
2022-06-13,2022-06-30,449.0,call,0.03,0.04,0.04,0.03,8,3345,0.31731,0.0048,17,375.0
2022-06-13,2022-06-30,449.0,put,74.88,75.85,75.36,38.75,0,893,0.56121,-0.92267,17,375.0
2022-06-13,2022-06-30,450.0,call,0.03,0.04,0.04,0.04,386,39207,0.32707,0.00551,17,375.0
2022-06-13,2022-06-30,450.0,put,75.9,76.85,76.38,77.13,12,23105,0.57096,-0.92145,17,375.0
2022-06-13,2022-06-30,451.0,call,0.02,0.03,0.03,0.03,206,2456,0.31731,0.00397,17,375.0
2022-06-13,2022-06-30,451.0,put,76.9,77.85,77.38,75.04,1,376,0.57096,-0.92406,17,375.0
2022-06-13,2022-06-30,452.0,call,0.03,0.04,0.04,0.03,124,3181,0.32707,0.00459,17,375.0
2022-06-13,2022-06-30,452.0,put,77.9,78.85,78.38,41.19,0,456,0.58072,-0.92284,17,375.0
2022-06-13,2022-06-30,453.0,call,0.02,0.04,0.03,0.02,1,2966,0.32707,0.00419,17,375.0
2022-06-13,2022-06-30,453.0,put,78.88,79.85,79.36,63.38,0,414,0.58072,-0.92535,17,375.0
2022-06-13,2022-06-30,454.0,call,0.02,0.03,0.03,0.02,4,1495,0.32707,0.00382,17,375.0
2022-06-13,2022-06-30,454.0,put,79.88,80.84,80.36,80.72,12,505,0.59047,-0.92413,17,375.0
2022-06-13,2022-06-30,455.0,call,0.02,0.03,0.03,0.03,57,2195,0.32707,0.00348,17,375.0
2022-06-13,2022-06-30,455.0,put,80.88,81.84,81.36,81.16,4,851,0.59047,-0.92657,17,375.0
2022-06-13,2022-06-30,456.0,call,0.02,0.03,0.03,0.03,48,1180,0.33682,0.00404,17,375.0
2022-06-13,2022-06-30,456.0,put,81.87,82.84,82.36,64.93,0,1180,0.60023,-0.92535,17,375.0
2022-06-13,2022-06-30,457.0,call,0.02,0.03,0.03,0.04,0,1152,0.33682,0.00369,17,375.0
2022-06-13,2022-06-30,457.0,put,82.87,83.84,83.36,50.03,0,1773,0.60023,-0.9277,17,375.0
2022-06-13,2022-06-30,458.0,call,0.02,0.03,0.03,0.02,244,929,0.33682,0.00337,17,375.0
2022-06-13,2022-06-30,458.0,put,83.87,84.84,84.36,60.9,0,307,0.60999,-0.92648,17,375.0
2022-06-13,2022-06-30,459.0,call,0.02,0.03,0.03,0.03,0,1275,0.34658,0.00391,17,375.0
2022-06-13,2022-06-30,459.0,put,84.87,85.84,85.36,82.85,4,584,0.60999,-0.92876,17,375.0
2022-06-13,2022-06-30,460.0,call,0.02,0.03,0.03,0.03,142,7970,0.34658,0.00358,17,375.0
2022-06-13,2022-06-30,460.0,put,85.74,86.99,86.36,82.0,17,5129,0.61974,-0.92754,17,375.0
2022-06-13,2022-06-30,461.0,call,0.02,0.03,0.03,0.04,0,3331,0.34658,0.00328,17,375.0
2022-06-13,2022-06-30,461.0,put,86.87,87.84,87.36,81.21,3,2926,0.6295,-0.92634,17,375.0
2022-06-13,2022-06-30,462.0,call,0.02,0.03,0.03,0.02,57,3900,0.35633,0.0038,17,375.0
2022-06-13,2022-06-30,462.0,put,87.88,88.83,88.35,82.51,2,250,0.6295,-0.92854,17,375.0
2022-06-13,2022-06-30,463.0,call,0.02,0.03,0.03,0.02,0,5831,0.35633,0.00349,17,375.0
2022-06-13,2022-06-30,463.0,put,88.88,89.83,89.35,73.87,0,2627,0.6295,-0.93068,17,375.0
2022-06-13,2022-06-30,464.0,call,0.02,0.03,0.03,0.02,292,1222,0.35633,0.00321,17,375.0
2022-06-13,2022-06-30,464.0,put,89.86,90.83,90.34,90.71,1,263,0.63925,-0.92947,17,375.0
2022-06-13,2022-06-30,465.0,call,0.02,0.03,0.03,0.02,217,6194,0.36609,0.0037,17,375.0
2022-06-13,2022-06-30,465.0,put,90.88,91.83,91.35,57.3,0,1000,0.63925,-0.93155,17,375.0
2022-06-13,2022-06-30,466.0,call,0.02,0.03,0.03,0.03,0,3317,0.36609,0.00341,17,375.0
2022-06-13,2022-06-30,466.0,put,91.88,92.83,92.35,76.88,0,83,0.64901,-0.93034,17,375.0
2022-06-13,2022-06-30,467.0,call,0.01,0.02,0.01,0.01,1,2459,0.33682,0.00146,17,375.0
2022-06-13,2022-06-30,467.0,put,92.86,93.83,93.34,61.8,0,32,0.64901,-0.93237,17,375.0
2022-06-13,2022-06-30,468.0,call,0.01,0.03,0.02,0.01,8,2681,0.35633,0.00227,17,375.0
2022-06-13,2022-06-30,468.0,put,93.88,94.83,94.35,72.82,0,38,0.65876,-0.93116,17,375.0
2022-06-13,2022-06-30,469.0,call,0.01,0.03,0.02,0.02,0,2910,0.36609,0.00266,17,375.0
2022-06-13,2022-06-30,469.0,put,94.86,95.83,95.34,74.98,0,225,0.65876,-0.93313,17,375.0
2022-06-13,2022-06-30,470.0,call,0.01,0.02,0.01,0.01,0,7503,0.34658,0.00146,17,375.0
2022-06-13,2022-06-30,470.0,put,95.73,96.98,96.36,96.81,1,5994,0.66852,-0.93193,17,375.0
2022-06-13,2022-06-30,471.0,call,0.01,0.02,0.01,0.05,0,1011,0.34658,0.00133,17,375.0
2022-06-13,2022-06-30,471.0,put,96.86,97.83,97.34,76.29,0,52,0.66852,-0.93384,17,375.0
2022-06-13,2022-06-30,472.0,call,0.01,0.02,0.01,0.02,1,3174,0.34658,0.00121,17,375.0
2022-06-13,2022-06-30,472.0,put,97.86,98.83,98.34,64.76,0,2610,0.67828,-0.93264,17,375.0
2022-06-13,2022-06-30,473.0,call,0.01,0.02,0.01,0.02,29,4376,0.35633,0.00146,17,375.0
2022-06-13,2022-06-30,473.0,put,98.86,99.83,99.34,73.05,0,6,0.67828,-0.93451,17,375.0
2022-06-13,2022-06-30,474.0,call,0.01,0.02,0.01,0.01,2,2328,0.35633,0.00134,17,375.0
2022-06-13,2022-06-30,474.0,put,99.86,100.83,100.34,74.09,0,230,0.68803,-0.93332,17,375.0
2022-06-13,2022-06-30,475.0,call,0.01,0.02,0.01,0.01,107,3173,0.35633,0.00122,17,375.0
2022-06-13,2022-06-30,475.0,put,100.91,101.82,101.36,69.5,0,203,0.69779,-0.93213,17,375.0
2022-06-13,2022-06-30,476.0,call,0.01,0.02,0.01,0.03,0,3802,0.35633,0.00111,17,375.0
2022-06-13,2022-06-30,476.0,put,101.85,102.82,102.33,68.69,0,263,0.69779,-0.93394,17,375.0
2022-06-13,2022-06-30,477.0,call,0.01,0.02,0.01,0.04,0,1230,0.36609,0.00135,17,375.0
2022-06-13,2022-06-30,477.0,put,102.85,103.82,103.33,55.0,0,299,0.69779,-0.93572,17,375.0
2022-06-13,2022-06-30,478.0,call,0.01,0.02,0.01,0.01,0,4846,0.36609,0.00123,17,375.0
2022-06-13,2022-06-30,478.0,put,103.85,104.82,104.33,62.31,0,73,0.70754,-0.93453,17,375.0
2022-06-13,2022-06-30,479.0,call,0.01,0.02,0.01,0.02,0,585,0.36609,0.00113,17,375.0
2022-06-13,2022-06-30,479.0,put,104.85,105.82,105.33,100.87,22,48,0.70754,-0.93626,17,375.0
2022-06-13,2022-06-30,480.0,call,0.01,0.02,0.01,0.01,39,11122,0.37584,0.00136,17,375.0
2022-06-13,2022-06-30,480.0,put,105.85,106.82,106.33,106.83,11,209,0.7173,-0.93509,17,375.0
2022-06-13,2022-06-30,481.0,call,0.01,0.02,0.01,0.01,21,988,0.37584,0.00125,17,375.0
2022-06-13,2022-06-30,481.0,put,106.85,107.82,107.33,57.49,0,92,0.7173,-0.93677,17,375.0
2022-06-13,2022-06-30,482.0,call,0.01,0.02,0.01,0.01,1,437,0.37584,0.00115,17,375.0
2022-06-13,2022-06-30,482.0,put,107.85,108.82,108.33,40.95,0,60,0.72706,-0.9356,17,375.0
2022-06-13,2022-06-30,483.0,call,0.01,0.02,0.01,0.02,0,697,0.37584,0.00105,17,375.0
2022-06-13,2022-06-30,483.0,put,108.85,109.82,109.33,60.57,0,93,0.72706,-0.93725,17,375.0
2022-06-13,2022-06-30,484.0,call,0.01,0.02,0.01,0.01,39,1283,0.3856,0.00126,17,375.0
2022-06-13,2022-06-30,484.0,put,109.85,110.82,110.33,38.92,0,68,0.73681,-0.93608,17,375.0
2022-06-13,2022-06-30,485.0,call,0.01,0.02,0.01,0.01,2,5817,0.3856,0.00116,17,375.0
2022-06-13,2022-06-30,485.0,put,110.85,111.82,111.33,44.69,0,73,0.73681,-0.93769,17,375.0
2022-06-13,2022-06-30,486.0,call,0.01,0.02,0.01,0.01,0,3406,0.3856,0.00107,17,375.0
2022-06-13,2022-06-30,486.0,put,111.85,112.82,112.33,74.18,0,83,0.73681,-0.93926,17,375.0
2022-06-13,2022-06-30,487.0,call,0.01,0.02,0.01,0.02,0,665,0.39536,0.00128,17,375.0
2022-06-13,2022-06-30,487.0,put,112.85,113.82,113.33,32.1,0,11,0.74657,-0.93811,17,375.0
2022-06-13,2022-06-30,488.0,call,0.01,0.02,0.01,0.02,0,2735,0.39536,0.00118,17,375.0
2022-06-13,2022-06-30,488.0,put,113.9,114.82,114.36,46.55,0,3,0.75632,-0.93695,17,375.0
2022-06-13,2022-06-30,489.0,call,0.01,0.02,0.01,0.03,0,3245,0.39536,0.00109,17,375.0
2022-06-13,2022-06-30,489.0,put,114.9,115.82,115.36,50.3,0,41,0.75632,-0.93849,17,375.0
2022-06-13,2022-06-30,490.0,call,0.01,0.02,0.01,0.01,0,1757,0.39536,0.00101,17,375.0
2022-06-13,2022-06-30,490.0,put,115.9,116.82,116.36,71.6,0,88,0.76608,-0.93734,17,375.0
2022-06-13,2022-06-30,491.0,call,0.01,0.02,0.01,0.03,0,3345,0.40511,0.0012,17,375.0
2022-06-13,2022-06-30,491.0,put,116.9,117.82,117.36,82.19,0,31,0.76608,-0.93885,17,375.0
2022-06-13,2022-06-30,492.0,call,0.01,0.02,0.01,0.03,0,1602,0.40511,0.00111,17,375.0
2022-06-13,2022-06-30,492.0,put,117.89,118.82,118.35,48.0,0,5,0.76608,-0.94032,17,375.0
2022-06-13,2022-06-30,493.0,call,0.01,0.02,0.01,0.01,0,646,0.40511,0.00103,17,375.0
2022-06-13,2022-06-30,493.0,put,118.89,119.82,119.35,70.21,0,2,0.77583,-0.93918,17,375.0
2022-06-13,2022-06-30,494.0,call,0.01,0.02,0.01,0.04,0,1185,0.41487,0.00123,17,375.0
2022-06-13,2022-06-30,494.0,put,119.89,120.82,120.35,51.29,0,1,0.77583,-0.94062,17,375.0
2022-06-13,2022-06-30,495.0,call,0.01,0.02,0.01,0.01,25,3075,0.41487,0.00114,17,375.0
2022-06-13,2022-06-30,495.0,put,120.84,121.82,121.33,74.98,0,30,0.78559,-0.93949,17,375.0
2022-06-13,2022-06-30,496.0,call,0.01,0.02,0.01,0.01,0,1181,0.41487,0.00106,17,375.0
2022-06-13,2022-06-30,496.0,put,121.73,122.97,122.35,0.0,0,0,0.78559,-0.9409,17,375.0
2022-06-13,2022-06-30,497.0,call,0.01,0.02,0.01,0.02,0,720,0.41487,0.00098,17,375.0
2022-06-13,2022-06-30,497.0,put,122.73,123.97,123.35,0.0,0,0,0.79535,-0.93977,17,375.0
2022-06-13,2022-06-30,498.0,call,0.01,0.02,0.01,0.01,0,3529,0.42462,0.00116,17,375.0
2022-06-13,2022-06-30,498.0,put,123.73,124.97,124.35,0.0,0,0,0.79535,-0.94116,17,375.0
2022-06-13,2022-06-30,499.0,put,124.84,125.81,125.33,46.64,0,2,0.79535,-0.94252,17,375.0
2022-06-13,2022-06-30,500.0,put,125.73,126.97,126.35,121.53,1,421,0.8051,-0.9414,17,375.0
2022-06-13,2022-06-30,501.0,put,126.73,127.97,127.35,66.03,0,1,0.81486,-0.94028,17,375.0
2022-06-13,2022-06-30,502.0,put,127.73,128.96,128.34,0.0,0,0,0.81486,-0.94161,17,375.0
2022-06-13,2022-06-30,503.0,put,128.73,129.96,129.34,90.77,0,3,0.81486,-0.94292,17,375.0
2022-06-13,2022-06-30,504.0,put,129.72,130.96,130.34,0.0,0,0,0.82461,-0.94181,17,375.0
2022-06-13,2022-06-30,505.0,put,130.72,131.96,131.34,72.71,0,80,0.82461,-0.94309,17,375.0
2022-06-13,2022-06-30,506.0,put,131.72,132.96,132.34,0.0,0,0,0.83437,-0.94199,17,375.0
2022-06-13,2022-06-30,507.0,put,132.72,133.96,133.34,0.0,0,0,0.83437,-0.94325,17,375.0
2022-06-13,2022-06-30,508.0,put,133.72,134.96,134.34,77.69,0,1,0.84413,-0.94215,17,375.0
2022-06-13,2022-06-30,510.0,put,135.72,136.96,136.34,63.34,0,1,0.84413,-0.94461,17,375.0
2022-06-13,2022-06-30,512.0,put,137.72,138.96,138.34,65.2,0,1,0.85388,-0.94471,17,375.0
2022-06-13,2022-06-30,515.0,put,140.7,141.96,141.33,0.0,0,0,0.86364,-0.94595,17,375.0
2022-06-13,2022-06-30,520.0,put,145.7,146.96,146.33,94.4,0,18,0.89291,-0.94499,17,375.0
2022-06-13,2022-06-30,525.0,put,150.7,151.96,151.33,87.0,0,2,0.91242,-0.94612,17,375.0
2022-06-13,2022-06-30,530.0,put,155.7,156.95,156.32,0.0,0,0,0.93193,-0.94713,17,375.0
2022-06-13,2022-06-30,535.0,put,160.69,161.95,161.32,124.5,0,1,0.95144,-0.94803,17,375.0
2022-06-13,2022-06-30,540.0,put,165.69,166.95,166.32,0.0,0,0,0.97095,-0.94882,17,375.0
2022-06-13,2022-06-30,545.0,put,170.69,171.95,171.32,70.01,0,0,0.99046,-0.94953,17,375.0
2022-06-13,2022-06-30,550.0,put,175.69,176.95,176.32,0.0,0,0,1.00998,-0.95016,17,375.0
2022-06-13,2022-06-30,555.0,put,180.69,181.95,181.32,91.89,0,1,1.01973,-0.9525,17,375.0
2022-06-13,2022-06-30,560.0,put,185.69,186.95,186.32,0.0,0,0,1.03924,-0.95295,17,375.0
2022-06-13,2022-06-30,565.0,put,190.69,191.94,191.31,0.0,0,0,1.05875,-0.95333,17,375.0
2022-06-13,2022-06-30,570.0,put,195.68,196.94,196.31,0.0,0,0,1.07827,-0.95365,17,375.0
2022-06-13,2022-06-30,575.0,put,200.68,201.94,201.31,0.0,0,0,1.09778,-0.95392,17,375.0
2022-06-13,2022-06-30,580.0,put,205.68,206.94,206.31,177.08,0,2,1.11729,-0.95414,17,375.0
2022-06-13,2022-06-30,585.0,put,210.68,211.94,211.31,0.0,0,0,1.12705,-0.95591,17,375.0
2022-06-13,2022-06-30,590.0,put,215.68,216.94,216.31,124.68,0,0,1.14656,-0.95602,17,375.0
2022-06-13,2022-06-30,595.0,put,220.68,221.93,221.31,0.0,0,0,1.16607,-0.95609,17,375.0
2022-06-13,2022-06-30,600.0,put,225.68,226.93,226.31,141.3,0,1,1.18558,-0.95613,17,375.0
2022-06-13,2022-06-30,605.0,put,230.67,231.93,231.3,150.47,0,1,1.19534,-0.95761,17,375.0
2022-06-13,2022-07-01,250.0,call,124.55,125.78,125.16,0.0,0,0,0.68803,0.99686,18,375.0
2022-06-13,2022-07-01,250.0,put,0.12,0.13,0.12,0.14,289,463,0.74657,-0.00569,18,375.0
2022-06-13,2022-07-01,255.0,call,119.56,120.79,120.18,0.0,0,0,0.67828,0.99584,18,375.0
2022-06-13,2022-07-01,255.0,put,0.14,0.15,0.15,0.16,461,584,0.73681,-0.00732,18,375.0
2022-06-13,2022-07-01,260.0,call,114.56,115.79,115.18,0.0,0,0,0.64901,0.99555,18,375.0
2022-06-13,2022-07-01,260.0,put,0.15,0.16,0.15,0.14,616,1012,0.69779,-0.00727,18,375.0
2022-06-13,2022-07-01,265.0,call,109.57,110.8,110.19,0.0,0,0,0.61974,0.99526,18,375.0
2022-06-13,2022-07-01,265.0,put,0.18,0.19,0.18,0.22,152,562,0.68803,-0.00935,18,375.0
2022-06-13,2022-07-01,270.0,call,104.57,105.8,105.19,0.0,0,0,0.59047,0.99497,18,375.0
2022-06-13,2022-07-01,270.0,put,0.2,0.21,0.21,0.24,14,279,0.66852,-0.01102,18,375.0
2022-06-13,2022-07-01,275.0,call,99.58,100.81,100.19,0.0,0,0,0.56121,0.99468,18,375.0
2022-06-13,2022-07-01,275.0,put,0.23,0.25,0.24,0.24,570,835,0.63925,-0.01195,18,375.0
2022-06-13,2022-07-01,280.0,call,94.59,95.82,95.2,0.0,0,0,0.53194,0.99439,18,375.0
2022-06-13,2022-07-01,280.0,put,0.27,0.28,0.28,0.28,69,120,0.61974,-0.0141,18,375.0
2022-06-13,2022-07-01,285.0,call,89.6,90.83,90.22,0.0,0,0,0.51243,0.99329,18,375.0
2022-06-13,2022-07-01,285.0,put,0.31,0.32,0.32,0.36,228,234,0.60023,-0.01664,18,375.0
2022-06-13,2022-07-01,290.0,call,84.62,85.85,85.23,0.0,0,0,0.49292,0.99195,18,375.0
2022-06-13,2022-07-01,290.0,put,0.36,0.37,0.36,0.42,377,353,0.58072,-0.01966,18,375.0
2022-06-13,2022-07-01,295.0,call,79.64,80.87,80.25,0.0,0,0,0.4734,0.99033,18,375.0
2022-06-13,2022-07-01,295.0,put,0.42,0.43,0.42,0.49,72,963,0.56121,-0.02324,18,375.0
2022-06-13,2022-07-01,300.0,call,74.81,75.85,75.33,76.0,2,3,0.4734,0.98534,18,375.0
2022-06-13,2022-07-01,300.0,put,0.49,0.5,0.49,0.5,526,1247,0.54169,-0.02752,18,375.0
2022-06-13,2022-07-01,305.0,call,69.7,70.88,70.29,0.0,0,0,0.42462,0.98754,18,375.0
2022-06-13,2022-07-01,305.0,put,0.57,0.58,0.57,0.6,259,246,0.52218,-0.03265,18,375.0
2022-06-13,2022-07-01,310.0,call,64.89,65.91,65.4,74.06,0,1,0.42462,0.98078,18,375.0
2022-06-13,2022-07-01,310.0,put,0.67,0.68,0.68,0.7,574,824,0.50267,-0.0388,18,375.0
2022-06-13,2022-07-01,315.0,call,59.81,60.96,60.39,60.45,1,0,0.39536,0.97905,18,375.0
2022-06-13,2022-07-01,315.0,put,0.79,0.8,0.8,0.82,725,4807,0.48316,-0.04624,18,375.0
2022-06-13,2022-07-01,320.0,call,55.03,56.04,55.53,91.89,0,1,0.39536,0.96821,18,375.0
2022-06-13,2022-07-01,320.0,put,0.94,0.96,0.95,0.98,1436,813,0.46365,-0.05526,18,375.0
2022-06-13,2022-07-01,325.0,call,50.16,51.15,50.66,73.06,0,1,0.37584,0.96089,18,375.0
2022-06-13,2022-07-01,325.0,put,1.14,1.16,1.15,1.13,2012,912,0.44414,-0.06624,18,375.0
2022-06-13,2022-07-01,330.0,call,45.19,46.31,45.75,0.0,0,0,0.35633,0.95156,18,375.0
2022-06-13,2022-07-01,330.0,put,1.39,1.42,1.4,1.4,3092,12225,0.43438,-0.08415,18,375.0
2022-06-13,2022-07-01,335.0,call,40.43,41.53,40.98,41.09,12,0,0.34658,0.9344,18,375.0
2022-06-13,2022-07-01,335.0,put,1.73,1.76,1.75,1.83,1938,9729,0.41487,-0.10119,18,375.0
2022-06-13,2022-07-01,340.0,call,35.79,36.86,36.33,36.42,17,0,0.33682,0.91194,18,375.0
2022-06-13,2022-07-01,340.0,put,2.16,2.2,2.18,2.17,11214,1865,0.40511,-0.12743,18,375.0
2022-06-13,2022-07-01,345.0,call,31.28,32.31,31.8,36.07,5,0,0.32707,0.88297,18,375.0
2022-06-13,2022-07-01,345.0,put,2.74,2.78,2.76,2.76,2022,21233,0.3856,-0.15355,18,375.0
2022-06-13,2022-07-01,350.0,call,27.11,27.93,27.52,31.5,7,1,0.32707,0.83937,18,375.0
2022-06-13,2022-07-01,350.0,put,3.51,3.55,3.53,3.48,1150,18011,0.37584,-0.19126,18,375.0
2022-06-13,2022-07-01,351.0,call,26.09,27.09,26.59,0.0,0,0,0.31731,0.83637,18,375.0
2022-06-13,2022-07-01,351.0,put,3.69,3.73,3.71,3.87,422,1321,0.37584,-0.20071,18,375.0
2022-06-13,2022-07-01,352.0,call,25.27,26.22,25.74,0.0,0,0,0.31731,0.82621,18,375.0
2022-06-13,2022-07-01,352.0,put,3.88,3.91,3.9,3.99,419,608,0.37584,-0.21041,18,375.0
2022-06-13,2022-07-01,353.0,call,24.45,25.39,24.92,0.0,0,0,0.31731,0.81568,18,375.0
2022-06-13,2022-07-01,353.0,put,4.07,4.11,4.09,4.08,320,5030,0.37584,-0.22035,18,375.0
2022-06-13,2022-07-01,354.0,call,23.66,24.58,24.12,56.01,0,0,0.31731,0.8048,18,375.0
2022-06-13,2022-07-01,354.0,put,4.28,4.32,4.3,4.35,150,593,0.37584,-0.23053,18,375.0
2022-06-13,2022-07-01,355.0,call,23.04,23.77,23.41,24.41,4,1,0.31731,0.79356,18,375.0
2022-06-13,2022-07-01,355.0,put,4.49,4.54,4.52,4.51,862,2828,0.37584,-0.24093,18,375.0
2022-06-13,2022-07-01,356.0,call,22.12,22.98,22.55,0.0,0,0,0.31731,0.78199,18,375.0
2022-06-13,2022-07-01,356.0,put,4.73,4.77,4.75,5.17,3455,883,0.36609,-0.24659,18,375.0
2022-06-13,2022-07-01,357.0,call,21.37,22.17,21.77,23.8,3,0,0.31731,0.77008,18,375.0
2022-06-13,2022-07-01,357.0,put,4.97,5.01,4.99,4.96,630,873,0.36609,-0.2576,18,375.0
2022-06-13,2022-07-01,358.0,call,20.73,21.43,21.08,31.79,0,1,0.31731,0.75786,18,375.0
2022-06-13,2022-07-01,358.0,put,5.22,5.27,5.24,5.36,686,539,0.36609,-0.26883,18,375.0
2022-06-13,2022-07-01,359.0,call,19.99,20.67,20.33,37.79,0,5,0.31731,0.74532,18,375.0
2022-06-13,2022-07-01,359.0,put,5.49,5.54,5.52,5.95,963,230,0.36609,-0.28027,18,375.0
2022-06-13,2022-07-01,360.0,call,19.25,19.91,19.58,19.28,24,1,0.31731,0.73249,18,375.0
2022-06-13,2022-07-01,360.0,put,5.75,5.81,5.78,5.85,8616,11396,0.36609,-0.29191,18,375.0
2022-06-13,2022-07-01,361.0,call,18.48,19.14,18.81,20.38,1,0,0.31731,0.71938,18,375.0
2022-06-13,2022-07-01,361.0,put,6.05,6.1,6.07,6.76,602,688,0.36609,-0.30373,18,375.0
2022-06-13,2022-07-01,362.0,call,17.79,18.42,18.11,0.0,0,0,0.31731,0.706,18,375.0
2022-06-13,2022-07-01,362.0,put,6.35,6.4,6.38,6.24,578,1343,0.36609,-0.31573,18,375.0
2022-06-13,2022-07-01,363.0,call,17.13,17.75,17.44,19.21,1,1,0.31731,0.69237,18,375.0
2022-06-13,2022-07-01,363.0,put,6.66,6.71,6.69,7.02,318,1154,0.35633,-0.32429,18,375.0
2022-06-13,2022-07-01,364.0,call,16.45,17.03,16.74,18.22,7,5,0.30755,0.68298,18,375.0
2022-06-13,2022-07-01,364.0,put,6.99,7.04,7.02,7.01,559,983,0.35633,-0.33689,18,375.0
2022-06-13,2022-07-01,365.0,call,15.79,16.38,16.09,16.9,43,3,0.30755,0.66854,18,375.0
2022-06-13,2022-07-01,365.0,put,7.31,7.38,7.34,7.55,9698,14698,0.35633,-0.34963,18,375.0
2022-06-13,2022-07-01,366.0,call,15.48,15.58,15.53,15.63,55,0,0.31731,0.65017,18,375.0
2022-06-13,2022-07-01,366.0,put,7.68,7.73,7.71,8.11,389,1263,0.35633,-0.36252,18,375.0
2022-06-13,2022-07-01,367.0,call,14.85,14.94,14.89,14.79,28,0,0.31731,0.63573,18,375.0
2022-06-13,2022-07-01,367.0,put,8.04,8.1,8.07,8.38,924,1055,0.35633,-0.37553,18,375.0
2022-06-13,2022-07-01,368.0,call,14.22,14.31,14.27,14.2,128,1,0.31731,0.62113,18,375.0
2022-06-13,2022-07-01,368.0,put,8.42,8.48,8.45,9.24,755,1301,0.35633,-0.38864,18,375.0
2022-06-13,2022-07-01,369.0,call,13.61,13.7,13.65,13.5,30,0,0.30755,0.60884,18,375.0
2022-06-13,2022-07-01,369.0,put,8.81,8.87,8.84,8.75,438,1011,0.35633,-0.40185,18,375.0
2022-06-13,2022-07-01,370.0,call,13.03,13.11,13.07,13.06,325,43,0.30755,0.59355,18,375.0
2022-06-13,2022-07-01,370.0,put,9.21,9.27,9.24,9.6,4087,6900,0.35633,-0.41513,18,375.0
2022-06-13,2022-07-01,371.0,call,12.43,12.51,12.47,12.42,387,0,0.30755,0.57815,18,375.0
2022-06-13,2022-07-01,371.0,put,9.63,9.69,9.66,9.77,381,1370,0.35633,-0.42847,18,375.0
2022-06-13,2022-07-01,372.0,call,11.86,11.94,11.9,11.6,507,0,0.30755,0.56267,18,375.0
2022-06-13,2022-07-01,372.0,put,10.06,10.12,10.09,10.19,1255,334,0.34658,-0.44111,18,375.0
2022-06-13,2022-07-01,373.0,call,11.3,11.39,11.35,12.75,315,1,0.30755,0.54714,18,375.0
2022-06-13,2022-07-01,373.0,put,10.51,10.57,10.54,10.7,1094,1726,0.34658,-0.4549,18,375.0
2022-06-13,2022-07-01,374.0,call,10.77,10.85,10.81,10.84,552,4,0.30755,0.53158,18,375.0
2022-06-13,2022-07-01,374.0,put,10.95,11.03,10.99,10.98,1059,560,0.34658,-0.46872,18,375.0
2022-06-13,2022-07-01,375.0,call,10.25,10.32,10.29,10.14,1233,58,0.30755,0.51601,18,375.0
2022-06-13,2022-07-01,375.0,put,11.42,11.5,11.46,11.65,2590,1839,0.34658,-0.48253,18,375.0
2022-06-13,2022-07-01,376.0,call,9.73,9.8,9.77,9.76,1786,34,0.30755,0.50046,18,375.0
2022-06-13,2022-07-01,376.0,put,11.9,11.99,11.95,12.09,731,929,0.34658,-0.49633,18,375.0
2022-06-13,2022-07-01,377.0,call,9.24,9.3,9.27,9.08,593,0,0.30755,0.48495,18,375.0
2022-06-13,2022-07-01,377.0,put,12.4,12.49,12.45,12.65,572,0,0.34658,-0.5101,18,375.0
2022-06-13,2022-07-01,378.0,call,8.74,8.81,8.78,8.8,750,21,0.30755,0.4695,18,375.0
2022-06-13,2022-07-01,378.0,put,12.91,13.0,12.96,12.94,1400,912,0.34658,-0.52381,18,375.0
2022-06-13,2022-07-01,379.0,call,8.26,8.32,8.29,8.12,1291,13,0.2978,0.45177,18,375.0
2022-06-13,2022-07-01,379.0,put,13.45,13.54,13.49,13.85,1480,1208,0.34658,-0.53747,18,375.0
2022-06-13,2022-07-01,380.0,call,7.81,7.87,7.84,7.84,2104,40,0.2978,0.43604,18,375.0
2022-06-13,2022-07-01,380.0,put,13.96,14.08,14.02,14.23,9579,17197,0.34658,-0.55104,18,375.0
2022-06-13,2022-07-01,381.0,call,7.36,7.44,7.4,7.44,680,61,0.2978,0.42044,18,375.0
2022-06-13,2022-07-01,381.0,put,14.51,14.63,14.57,15.41,7823,1774,0.33682,-0.56724,18,375.0
2022-06-13,2022-07-01,382.0,call,6.93,6.99,6.96,6.83,1559,24,0.2978,0.40501,18,375.0
2022-06-13,2022-07-01,382.0,put,15.06,15.21,15.14,15.4,311,1478,0.33682,-0.58098,18,375.0
2022-06-13,2022-07-01,382.5,call,6.72,6.78,6.75,6.89,363,21,0.2978,0.39736,18,375.0
2022-06-13,2022-07-01,382.5,put,15.34,15.5,15.42,16.0,662,565,0.33682,-0.5878,18,375.0
2022-06-13,2022-07-01,383.0,call,6.51,6.57,6.54,6.44,264,86,0.2978,0.38976,18,375.0
2022-06-13,2022-07-01,383.0,put,15.63,15.79,15.71,16.69,331,948,0.33682,-0.59458,18,375.0
2022-06-13,2022-07-01,384.0,call,6.11,6.17,6.14,6.18,590,103,0.2978,0.37472,18,375.0
2022-06-13,2022-07-01,384.0,put,16.18,16.44,16.31,16.76,249,702,0.33682,-0.60804,18,375.0
2022-06-13,2022-07-01,385.0,call,5.72,5.78,5.75,5.75,998,179,0.2978,0.35991,18,375.0
2022-06-13,2022-07-01,385.0,put,16.79,17.05,16.92,17.11,1716,1150,0.33682,-0.62133,18,375.0
2022-06-13,2022-07-01,386.0,call,5.34,5.4,5.37,5.08,4868,22,0.28804,0.33958,18,375.0
2022-06-13,2022-07-01,386.0,put,17.41,17.72,17.56,17.8,67,995,0.33682,-0.63445,18,375.0
2022-06-13,2022-07-01,387.0,call,4.98,5.03,5.01,4.83,549,366,0.28804,0.3249,18,375.0
2022-06-13,2022-07-01,387.0,put,18.04,18.36,18.2,18.91,565,1355,0.33682,-0.64738,18,375.0
2022-06-13,2022-07-01,387.5,call,4.8,4.86,4.83,4.65,201,170,0.28804,0.31767,18,375.0
2022-06-13,2022-07-01,387.5,put,18.32,18.71,18.52,18.95,32,878,0.33682,-0.65377,18,375.0
2022-06-13,2022-07-01,388.0,call,4.63,4.69,4.66,4.5,449,329,0.28804,0.31051,18,375.0
2022-06-13,2022-07-01,388.0,put,18.65,19.02,18.84,20.0,88,1057,0.33682,-0.6601,18,375.0
2022-06-13,2022-07-01,389.0,call,4.3,4.35,4.32,4.26,727,92,0.28804,0.29645,18,375.0
2022-06-13,2022-07-01,389.0,put,19.28,19.73,19.51,20.0,146,1564,0.33682,-0.67262,18,375.0
2022-06-13,2022-07-01,390.0,call,3.99,4.04,4.02,4.01,3656,2274,0.28804,0.28272,18,375.0
2022-06-13,2022-07-01,390.0,put,19.97,20.42,20.2,20.46,1604,4449,0.33682,-0.68491,18,375.0
2022-06-13,2022-07-01,391.0,call,3.69,3.74,3.71,3.82,311,1105,0.28804,0.26934,18,375.0
2022-06-13,2022-07-01,391.0,put,20.66,21.13,20.89,20.96,181,2583,0.32707,-0.70309,18,375.0
2022-06-13,2022-07-01,392.0,call,3.4,3.45,3.42,3.49,3000,1643,0.27829,0.24828,18,375.0
2022-06-13,2022-07-01,392.0,put,21.38,21.85,21.62,23.0,204,658,0.32707,-0.71514,18,375.0
2022-06-13,2022-07-01,392.5,call,3.27,3.32,3.29,3.26,159,286,0.27829,0.2418,18,375.0
2022-06-13,2022-07-01,392.5,put,21.72,22.26,21.99,22.86,9,313,0.32707,-0.72107,18,375.0
2022-06-13,2022-07-01,393.0,call,3.13,3.18,3.16,3.2,165,799,0.27829,0.23542,18,375.0
2022-06-13,2022-07-01,393.0,put,22.11,22.59,22.35,23.5,108,495,0.32707,-0.72693,18,375.0
2022-06-13,2022-07-01,394.0,call,2.88,2.93,2.91,2.76,193,249,0.27829,0.22296,18,375.0
2022-06-13,2022-07-01,394.0,put,22.85,23.34,23.09,23.98,85,641,0.32707,-0.73844,18,375.0
2022-06-13,2022-07-01,395.0,call,2.64,2.69,2.67,2.6,1196,386,0.27829,0.21091,18,375.0
2022-06-13,2022-07-01,395.0,put,23.61,24.11,23.86,24.5,4892,5214,0.32707,-0.74967,18,375.0
2022-06-13,2022-07-01,396.0,call,2.41,2.46,2.44,2.32,703,470,0.27829,0.19929,18,375.0
2022-06-13,2022-07-01,396.0,put,24.41,24.89,24.65,22.5,69,923,0.32707,-0.76061,18,375.0
2022-06-13,2022-07-01,397.0,call,2.21,2.25,2.23,2.25,844,290,0.27829,0.18808,18,375.0
2022-06-13,2022-07-01,397.0,put,25.2,25.69,25.45,26.55,18,739,0.32707,-0.77125,18,375.0
2022-06-13,2022-07-01,397.5,call,2.1,2.14,2.12,2.24,451,165,0.26853,0.17349,18,375.0
2022-06-13,2022-07-01,397.5,put,25.55,26.14,25.84,26.66,6,616,0.32707,-0.77646,18,375.0
2022-06-13,2022-07-01,398.0,call,2.01,2.05,2.03,2.05,832,332,0.26853,0.16814,18,375.0
2022-06-13,2022-07-01,398.0,put,25.98,26.5,26.24,27.0,636,1229,0.32707,-0.7816,18,375.0
2022-06-13,2022-07-01,399.0,call,1.83,1.87,1.85,1.75,790,279,0.26853,0.15778,18,375.0
2022-06-13,2022-07-01,399.0,put,26.8,27.32,27.06,28.73,9,1300,0.33682,-0.78421,18,375.0
2022-06-13,2022-07-01,400.0,call,1.66,1.69,1.67,1.7,3293,933,0.26853,0.14788,18,375.0
2022-06-13,2022-07-01,400.0,put,27.63,28.16,27.89,28.5,835,2941,0.33682,-0.79388,18,375.0
2022-06-13,2022-07-01,401.0,call,1.5,1.54,1.52,1.61,671,288,0.26853,0.13842,18,375.0
2022-06-13,2022-07-01,401.0,put,28.48,29.04,28.76,29.0,12,983,0.33682,-0.80327,18,375.0
2022-06-13,2022-07-01,402.0,call,1.36,1.39,1.38,1.39,1049,255,0.26853,0.1294,18,375.0
2022-06-13,2022-07-01,402.0,put,29.34,29.91,29.62,24.44,31,859,0.33682,-0.81237,18,375.0
2022-06-13,2022-07-01,402.5,call,1.3,1.33,1.31,1.29,540,178,0.26853,0.12506,18,375.0
2022-06-13,2022-07-01,402.5,put,29.74,30.44,30.09,29.79,9,786,0.33682,-0.81681,18,375.0
2022-06-13,2022-07-01,403.0,call,1.23,1.27,1.25,1.22,366,354,0.26853,0.12082,18,375.0
2022-06-13,2022-07-01,403.0,put,30.21,30.78,30.5,28.14,10,936,0.33682,-0.82118,18,375.0
2022-06-13,2022-07-01,404.0,call,1.11,1.14,1.12,1.15,581,403,0.26853,0.11267,18,375.0
2022-06-13,2022-07-01,404.0,put,31.06,31.75,31.41,29.03,8,519,0.34658,-0.82227,18,375.0
2022-06-13,2022-07-01,405.0,call,1.01,1.03,1.02,1.04,1246,691,0.25877,0.09622,18,375.0
2022-06-13,2022-07-01,405.0,put,31.96,32.65,32.3,33.87,606,1364,0.34658,-0.8305,18,375.0
2022-06-13,2022-07-01,406.0,call,0.91,0.93,0.92,0.94,337,412,0.25877,0.0891,18,375.0
2022-06-13,2022-07-01,406.0,put,32.86,33.56,33.21,33.44,37,430,0.34658,-0.83847,18,375.0
2022-06-13,2022-07-01,407.0,call,0.82,0.84,0.83,0.79,589,797,0.25877,0.0824,18,375.0
2022-06-13,2022-07-01,407.0,put,33.77,34.48,34.12,34.34,6,633,0.34658,-0.84617,18,375.0
2022-06-13,2022-07-01,407.5,call,0.78,0.8,0.79,0.75,367,474,0.25877,0.0792,18,375.0
2022-06-13,2022-07-01,407.5,put,34.15,35.02,34.59,19.94,0,1118,0.34658,-0.84993,18,375.0
2022-06-13,2022-07-01,408.0,call,0.74,0.76,0.75,0.77,169,420,0.25877,0.0761,18,375.0
2022-06-13,2022-07-01,408.0,put,34.7,35.4,35.05,35.6,152,887,0.35633,-0.8464,18,375.0
2022-06-13,2022-07-01,409.0,call,0.67,0.69,0.68,0.69,212,545,0.25877,0.07019,18,375.0
2022-06-13,2022-07-01,409.0,put,35.63,36.33,35.98,36.5,52,509,0.35633,-0.85361,18,375.0
2022-06-13,2022-07-01,410.0,call,0.6,0.62,0.61,0.62,1978,2079,0.25877,0.06465,18,375.0
2022-06-13,2022-07-01,410.0,put,36.56,37.27,36.92,38.0,95,2673,0.35633,-0.86057,18,375.0
2022-06-13,2022-07-01,411.0,call,0.54,0.56,0.55,0.58,173,1026,0.25877,0.05946,18,375.0
2022-06-13,2022-07-01,411.0,put,37.51,38.22,37.86,38.29,19,578,0.36609,-0.86035,18,375.0
2022-06-13,2022-07-01,412.0,call,0.49,0.51,0.5,0.52,699,1838,0.25877,0.05462,18,375.0
2022-06-13,2022-07-01,412.0,put,38.46,39.17,38.81,38.29,34,427,0.36609,-0.86688,18,375.0
2022-06-13,2022-07-01,413.0,call,0.45,0.46,0.46,0.49,373,1424,0.25877,0.05011,18,375.0
2022-06-13,2022-07-01,413.0,put,39.41,40.13,39.77,38.82,8,603,0.36609,-0.87319,18,375.0
2022-06-13,2022-07-01,414.0,call,0.4,0.42,0.41,0.42,571,5052,0.25877,0.04591,18,375.0
2022-06-13,2022-07-01,414.0,put,40.37,41.1,40.73,41.62,4,664,0.37584,-0.8726,18,375.0
2022-06-13,2022-07-01,415.0,call,0.37,0.38,0.38,0.37,1236,3424,0.25877,0.04201,18,375.0
2022-06-13,2022-07-01,415.0,put,41.34,42.06,41.7,38.35,60,1596,0.37584,-0.87853,18,375.0
2022-06-13,2022-07-01,416.0,call,0.34,0.35,0.34,0.36,131,760,0.25877,0.03839,18,375.0
2022-06-13,2022-07-01,416.0,put,42.31,43.04,42.67,44.0,6,1722,0.3856,-0.87781,18,375.0
2022-06-13,2022-07-01,417.0,call,0.31,0.32,0.32,0.38,205,841,0.25877,0.03503,18,375.0
2022-06-13,2022-07-01,417.0,put,43.28,44.01,43.64,42.66,1,1570,0.3856,-0.8834,18,375.0
2022-06-13,2022-07-01,418.0,call,0.28,0.29,0.29,0.32,526,1165,0.25877,0.03193,18,375.0
2022-06-13,2022-07-01,418.0,put,44.25,44.99,44.62,40.75,1,965,0.39536,-0.88256,18,375.0
2022-06-13,2022-07-01,419.0,call,0.26,0.27,0.27,0.28,26,818,0.26853,0.03409,18,375.0
2022-06-13,2022-07-01,419.0,put,45.23,45.98,45.6,30.0,0,1203,0.39536,-0.88784,18,375.0
2022-06-13,2022-07-01,420.0,call,0.24,0.25,0.24,0.23,1825,9776,0.26853,0.03118,18,375.0
2022-06-13,2022-07-01,420.0,put,46.2,46.96,46.58,47.1,17,1404,0.40511,-0.8869,18,375.0
2022-06-13,2022-07-01,421.0,call,0.22,0.23,0.23,0.24,165,1137,0.26853,0.02848,18,375.0
2022-06-13,2022-07-01,421.0,put,47.18,47.95,47.56,45.21,89,335,0.40511,-0.89189,18,375.0
2022-06-13,2022-07-01,422.0,call,0.2,0.21,0.21,0.22,66,831,0.26853,0.02598,18,375.0
2022-06-13,2022-07-01,422.0,put,48.16,48.94,48.55,29.96,0,24,0.41487,-0.89087,18,375.0
2022-06-13,2022-07-01,423.0,call,0.18,0.19,0.18,0.21,23,782,0.26853,0.02368,18,375.0
2022-06-13,2022-07-01,423.0,put,49.14,49.94,49.54,18.05,0,7,0.41487,-0.8956,18,375.0
2022-06-13,2022-07-01,424.0,call,0.17,0.18,0.17,0.19,38,578,0.26853,0.02155,18,375.0
2022-06-13,2022-07-01,424.0,put,49.99,51.03,50.51,46.72,2,10,0.42462,-0.89451,18,375.0
2022-06-13,2022-07-01,425.0,call,0.16,0.17,0.17,0.16,4804,4955,0.26853,0.01959,18,375.0
2022-06-13,2022-07-01,425.0,put,50.98,52.02,51.5,50.37,8,172,0.42462,-0.899,18,375.0
2022-06-13,2022-07-01,426.0,call,0.14,0.15,0.15,0.15,252,1090,0.26853,0.01779,18,375.0
2022-06-13,2022-07-01,426.0,put,51.97,53.01,52.49,48.68,2,24,0.43438,-0.89785,18,375.0
2022-06-13,2022-07-01,427.0,call,0.13,0.14,0.14,0.15,69,1472,0.26853,0.01614,18,375.0
2022-06-13,2022-07-01,427.0,put,52.95,54.0,53.48,37.78,0,17,0.43438,-0.90212,18,375.0
2022-06-13,2022-07-01,428.0,call,0.12,0.13,0.12,0.13,111,931,0.26853,0.01462,18,375.0
2022-06-13,2022-07-01,428.0,put,53.94,54.99,54.47,38.88,0,26,0.44414,-0.90093,18,375.0
2022-06-13,2022-07-01,429.0,call,0.11,0.12,0.11,0.12,187,908,0.26853,0.01323,18,375.0
2022-06-13,2022-07-01,429.0,put,54.94,55.98,55.46,53.06,3,44,0.44414,-0.90499,18,375.0
2022-06-13,2022-07-01,430.0,call,0.11,0.12,0.11,0.12,394,1624,0.27829,0.01474,18,375.0
2022-06-13,2022-07-01,430.0,put,55.93,56.97,56.45,41.22,0,245,0.45389,-0.90377,18,375.0
2022-06-13,2022-07-01,431.0,call,0.1,0.11,0.11,0.12,276,1652,0.27829,0.01339,18,375.0
2022-06-13,2022-07-01,431.0,put,56.92,57.95,57.44,52.57,2,46,0.45389,-0.90764,18,375.0
2022-06-13,2022-07-01,432.0,call,0.09,0.1,0.1,0.11,71,1388,0.27829,0.01216,18,375.0
2022-06-13,2022-07-01,432.0,put,57.91,58.95,58.43,58.45,1,24,0.46365,-0.90639,18,375.0
2022-06-13,2022-07-01,433.0,call,0.09,0.1,0.1,0.1,130,1266,0.28804,0.01356,18,375.0
2022-06-13,2022-07-01,433.0,put,58.9,59.95,59.42,23.65,0,103,0.46365,-0.91009,18,375.0
2022-06-13,2022-07-01,434.0,call,0.08,0.09,0.08,0.1,291,1468,0.27829,0.00999,18,375.0
2022-06-13,2022-07-01,434.0,put,59.9,60.93,60.41,43.71,0,28,0.4734,-0.90881,18,375.0
2022-06-13,2022-07-01,435.0,call,0.08,0.09,0.08,0.09,614,3120,0.28804,0.01125,18,375.0
2022-06-13,2022-07-01,435.0,put,60.89,61.94,61.41,45.06,0,281,0.4734,-0.91234,18,375.0
2022-06-13,2022-07-01,436.0,call,0.07,0.08,0.08,0.08,161,1951,0.28804,0.01023,18,375.0
2022-06-13,2022-07-01,436.0,put,61.89,62.92,62.41,26.65,0,13,0.48316,-0.91105,18,375.0
2022-06-13,2022-07-01,437.0,call,0.07,0.08,0.08,0.08,9,615,0.28804,0.0093,18,375.0
2022-06-13,2022-07-01,437.0,put,62.88,63.93,63.41,29.62,0,3,0.49292,-0.90977,18,375.0
2022-06-13,2022-07-01,438.0,call,0.06,0.07,0.07,0.07,142,839,0.28804,0.00844,18,375.0
2022-06-13,2022-07-01,438.0,put,63.88,64.91,64.39,27.98,0,5,0.49292,-0.91312,18,375.0
2022-06-13,2022-07-01,439.0,call,0.06,0.07,0.07,0.05,6,853,0.2978,0.00955,18,375.0
2022-06-13,2022-07-01,439.0,put,64.76,66.02,65.39,0.0,0,0,0.50267,-0.91183,18,375.0
2022-06-13,2022-07-01,440.0,call,0.05,0.06,0.06,0.06,247,1395,0.28804,0.00694,18,375.0
2022-06-13,2022-07-01,440.0,put,65.87,66.92,66.4,65.29,3,75,0.50267,-0.91505,18,375.0
2022-06-13,2022-07-01,441.0,call,0.05,0.06,0.06,0.05,10,278,0.2978,0.00793,18,375.0
2022-06-13,2022-07-01,441.0,put,66.92,67.9,67.41,31.94,0,1,0.51243,-0.91374,18,375.0
2022-06-13,2022-07-01,442.0,call,0.05,0.06,0.06,0.06,27,355,0.2978,0.00721,18,375.0
2022-06-13,2022-07-01,442.0,put,67.87,68.91,68.39,37.72,0,1,0.51243,-0.91683,18,375.0
2022-06-13,2022-07-01,443.0,call,0.04,0.05,0.04,0.04,2,481,0.28804,0.00513,18,375.0
2022-06-13,2022-07-01,443.0,put,68.86,69.91,69.38,29.88,0,14,0.52218,-0.91552,18,375.0
2022-06-13,2022-07-01,444.0,call,0.04,0.05,0.04,0.04,51,208,0.28804,0.00463,18,375.0
2022-06-13,2022-07-01,444.0,put,69.86,70.91,70.38,50.55,0,5,0.52218,-0.91849,18,375.0
2022-06-13,2022-07-01,445.0,call,0.04,0.05,0.04,0.04,173,2569,0.2978,0.00541,18,375.0
2022-06-13,2022-07-01,445.0,put,70.9,71.89,71.4,30.96,0,3,0.53194,-0.91717,18,375.0
2022-06-13,2022-07-01,446.0,call,0.04,0.05,0.04,0.03,62,115,0.2978,0.0049,18,375.0
2022-06-13,2022-07-01,446.0,put,71.85,72.9,72.38,36.88,0,2,0.53194,-0.92004,18,375.0
2022-06-13,2022-07-01,447.0,call,0.03,0.04,0.04,0.04,2,57,0.30755,0.00568,18,375.0
2022-06-13,2022-07-01,447.0,put,72.85,73.9,73.38,58.8,0,4,0.54169,-0.91871,18,375.0
2022-06-13,2022-07-01,448.0,call,0.03,0.04,0.04,0.04,3,615,0.30755,0.00517,18,375.0
2022-06-13,2022-07-01,448.0,put,73.85,74.9,74.38,52.05,0,3,0.54169,-0.92147,18,375.0
2022-06-13,2022-07-01,449.0,call,0.03,0.04,0.04,0.03,8,318,0.30755,0.00471,18,375.0
2022-06-13,2022-07-01,449.0,put,74.85,75.88,75.36,48.73,0,2,0.55145,-0.92015,18,375.0
2022-06-13,2022-07-01,450.0,call,0.03,0.04,0.04,0.04,36,962,0.31731,0.00544,18,375.0
2022-06-13,2022-07-01,450.0,put,75.89,76.88,76.38,74.82,4,50,0.55145,-0.92281,18,375.0
2022-06-13,2022-07-01,452.0,call,0.03,0.04,0.04,0.04,250,1187,0.31731,0.00454,18,375.0
2022-06-13,2022-07-01,452.0,put,77.86,78.89,78.38,51.3,0,1,0.56121,-0.92406,18,375.0
2022-06-13,2022-07-01,454.0,call,0.03,0.04,0.04,0.04,0,70,0.32707,0.0048,18,375.0
2022-06-13,2022-07-01,454.0,put,79.73,81.0,80.37,0.0,0,0,0.57096,-0.92522,18,375.0
2022-06-13,2022-07-01,455.0,call,0.02,0.04,0.03,0.04,36,525,0.31731,0.00343,18,375.0
2022-06-13,2022-07-01,455.0,put,80.89,81.87,81.38,76.21,4,2,0.58072,-0.9239,18,375.0
2022-06-13,2022-07-01,460.0,call,0.02,0.03,0.03,0.02,8,5319,0.33682,0.00359,18,375.0
2022-06-13,2022-07-01,460.0,put,85.83,86.88,86.35,83.5,1,2,0.60023,-0.92827,18,375.0
2022-06-13,2022-07-01,465.0,call,0.02,0.03,0.03,0.02,14,3079,0.35633,0.00375,18,375.0
2022-06-13,2022-07-01,465.0,put,90.87,91.86,91.37,74.92,0,1,0.6295,-0.92867,18,375.0
2022-06-13,2022-07-01,470.0,call,0.02,0.03,0.03,0.02,50,2296,0.36609,0.00315,18,375.0
2022-06-13,2022-07-01,470.0,put,95.82,96.87,96.34,58.0,0,1,0.64901,-0.93213,18,375.0
2022-06-13,2022-07-01,475.0,call,0.01,0.02,0.01,0.01,7,353,0.34658,0.00123,18,375.0
2022-06-13,2022-07-01,475.0,put,100.86,101.85,101.35,87.87,0,1,0.67828,-0.93207,18,375.0
2022-06-13,2022-07-01,480.0,call,0.01,0.02,0.01,0.02,140,7836,0.35633,0.00105,18,375.0
2022-06-13,2022-07-01,480.0,put,105.81,106.86,106.34,84.8,0,10,0.69779,-0.93485,18,375.0
2022-06-13,2022-07-01,485.0,call,0.01,0.02,0.01,0.01,0,122,0.37584,0.0012,18,375.0
2022-06-13,2022-07-01,485.0,put,110.81,111.86,111.34,71.2,0,3,0.7173,-0.93731,18,375.0
2022-06-13,2022-07-01,490.0,call,0.01,0.02,0.01,0.01,7,122,0.3856,0.00105,18,375.0
2022-06-13,2022-07-01,490.0,put,115.71,116.97,116.34,0.0,0,0,0.73681,-0.93948,18,375.0
2022-06-13,2022-07-01,495.0,call,0.01,0.02,0.01,0.01,1,152,0.40511,0.0012,18,375.0
2022-06-13,2022-07-01,495.0,put,120.7,121.97,121.34,0.0,0,0,0.76608,-0.93876,18,375.0
2022-06-13,2022-07-01,500.0,put,125.7,126.97,126.34,0.0,0,0,0.78559,-0.94055,18,375.0
2022-06-13,2022-07-01,510.0,put,135.7,136.96,136.33,0.0,0,0,0.82461,-0.94355,18,375.0
2022-06-13,2022-07-01,520.0,put,145.7,146.96,146.33,0.0,0,0,0.86364,-0.94591,18,375.0
2022-06-13,2022-07-01,530.0,put,155.69,156.95,156.32,0.0,0,0,0.90266,-0.94777,18,375.0
2022-06-13,2022-07-01,540.0,put,165.69,166.95,166.32,0.0,0,0,0.94168,-0.9492,18,375.0
2022-06-13,2022-07-01,550.0,put,175.69,176.95,176.32,0.0,0,0,0.98071,-0.9503,18,375.0
2022-06-13,2022-07-01,560.0,put,185.69,186.95,186.32,0.0,0,0,1.00998,-0.95293,18,375.0
2022-06-13,2022-07-01,570.0,put,195.68,196.94,196.31,0.0,0,0,1.049,-0.95344,18,375.0
2022-06-13,2022-07-01,580.0,put,205.68,206.94,206.31,175.6,0,2,1.08802,-0.95376,18,375.0
2022-06-13,2022-07-01,590.0,put,215.68,216.94,216.31,0.0,0,0,1.11729,-0.95551,18,375.0
2022-06-13,2022-07-01,600.0,put,225.67,226.93,226.3,0.0,0,0,1.14656,-0.95701,18,375.0
2022-06-13,2022-07-05,250.0,call,124.24,126.14,125.19,0.0,0,0,0.6295,0.99658,22,375.0
2022-06-13,2022-07-05,250.0,put,0.14,0.15,0.15,0.16,208,49,0.69779,-0.00704,22,375.0
2022-06-13,2022-07-05,255.0,call,119.25,121.14,120.19,0.0,0,0,0.60023,0.99647,22,375.0
2022-06-13,2022-07-05,255.0,put,0.16,0.17,0.17,0.24,4,302,0.67828,-0.00815,22,375.0
2022-06-13,2022-07-05,260.0,call,114.25,116.14,115.19,0.0,0,0,0.57096,0.99639,22,375.0
2022-06-13,2022-07-05,260.0,put,0.18,0.19,0.18,0.19,2,9,0.64901,-0.00862,22,375.0
2022-06-13,2022-07-05,265.0,call,109.25,111.15,110.2,0.0,0,0,0.55145,0.9958,22,375.0
2022-06-13,2022-07-05,265.0,put,0.2,0.22,0.21,0.23,22,14,0.6295,-0.00998,22,375.0
2022-06-13,2022-07-05,270.0,call,104.26,106.1,105.18,0.0,0,0,0.50267,0.99681,22,375.0
2022-06-13,2022-07-05,270.0,put,0.23,0.25,0.24,0.2,8,30,0.60999,-0.01155,22,375.0
2022-06-13,2022-07-05,275.0,call,99.27,101.15,100.21,0.0,0,0,0.50267,0.99505,22,375.0
2022-06-13,2022-07-05,275.0,put,0.27,0.28,0.28,0.28,386,923,0.59047,-0.01336,22,375.0
2022-06-13,2022-07-05,280.0,call,94.28,96.16,95.22,0.0,0,0,0.48316,0.99424,22,375.0
2022-06-13,2022-07-05,280.0,put,0.31,0.32,0.32,0.3,65,47,0.57096,-0.01547,22,375.0
2022-06-13,2022-07-05,285.0,call,89.29,91.17,90.23,0.0,0,0,0.45389,0.99418,22,375.0
2022-06-13,2022-07-05,285.0,put,0.36,0.37,0.36,0.41,10,38,0.55145,-0.01793,22,375.0
2022-06-13,2022-07-05,290.0,call,84.3,86.18,85.24,0.0,0,0,0.43438,0.99321,22,375.0
2022-06-13,2022-07-05,290.0,put,0.41,0.43,0.42,0.5,4,3,0.54169,-0.02258,22,375.0
2022-06-13,2022-07-05,295.0,call,79.33,81.2,80.27,80.47,1,0,0.42462,0.99083,22,375.0
2022-06-13,2022-07-05,295.0,put,0.48,0.49,0.48,0.54,7,228,0.52218,-0.02621,22,375.0
2022-06-13,2022-07-05,300.0,call,74.36,76.22,75.29,0.0,0,0,0.40511,0.98923,22,375.0
2022-06-13,2022-07-05,300.0,put,0.55,0.57,0.56,0.58,232,76,0.50267,-0.03047,22,375.0
2022-06-13,2022-07-05,305.0,call,69.4,71.03,70.22,0.0,0,0,0.34658,0.99337,22,375.0
2022-06-13,2022-07-05,305.0,put,0.65,0.67,0.66,0.69,45,103,0.48316,-0.03551,22,375.0
2022-06-13,2022-07-05,310.0,call,64.46,66.08,65.27,0.0,0,0,0.34658,0.98886,22,375.0
2022-06-13,2022-07-05,310.0,put,0.76,0.78,0.77,0.8,43,148,0.46365,-0.0415,22,375.0
2022-06-13,2022-07-05,315.0,call,59.54,61.16,60.35,0.0,0,0,0.33682,0.98445,22,375.0
2022-06-13,2022-07-05,315.0,put,0.89,0.92,0.91,1.01,167,116,0.45389,-0.0521,22,375.0
2022-06-13,2022-07-05,320.0,call,54.65,56.25,55.45,0.0,0,0,0.33682,0.97532,22,375.0
2022-06-13,2022-07-05,320.0,put,1.07,1.09,1.08,1.11,196,156,0.43438,-0.06114,22,375.0
2022-06-13,2022-07-05,325.0,call,49.81,51.35,50.58,0.0,0,0,0.32707,0.96626,22,375.0
2022-06-13,2022-07-05,325.0,put,1.29,1.32,1.31,1.4,72,263,0.41487,-0.07203,22,375.0
2022-06-13,2022-07-05,330.0,call,45.03,46.51,45.77,48.93,2,0,0.31731,0.95413,22,375.0
2022-06-13,2022-07-05,330.0,put,1.57,1.61,1.59,1.67,812,172,0.40511,-0.09011,22,375.0
2022-06-13,2022-07-05,335.0,call,40.34,41.75,41.05,44.0,1,0,0.31731,0.93232,22,375.0
2022-06-13,2022-07-05,335.0,put,1.94,1.98,1.96,2.19,253,55,0.3856,-0.10673,22,375.0
2022-06-13,2022-07-05,340.0,call,35.79,37.07,36.43,39.2,5,0,0.30755,0.9102,22,375.0
2022-06-13,2022-07-05,340.0,put,2.42,2.47,2.45,2.47,218,152,0.37584,-0.13277,22,375.0
2022-06-13,2022-07-05,345.0,call,31.39,32.57,31.98,0.0,0,0,0.30755,0.87465,22,375.0
2022-06-13,2022-07-05,345.0,put,3.04,3.1,3.07,3.1,162,1000,0.36609,-0.16398,22,375.0
2022-06-13,2022-07-05,350.0,call,27.2,28.25,27.73,59.72,0,1,0.30755,0.831,22,375.0
2022-06-13,2022-07-05,350.0,put,3.85,3.91,3.88,3.97,355,1990,0.35633,-0.20099,22,375.0
2022-06-13,2022-07-05,355.0,call,23.27,24.18,23.73,0.0,0,0,0.2978,0.78613,22,375.0
2022-06-13,2022-07-05,355.0,put,4.88,4.95,4.92,4.8,197,1353,0.34658,-0.24429,22,375.0
2022-06-13,2022-07-05,360.0,call,19.6,20.34,19.97,22.85,1,1,0.2978,0.72633,22,375.0
2022-06-13,2022-07-05,360.0,put,6.17,6.25,6.21,6.24,633,650,0.34658,-0.29868,22,375.0
2022-06-13,2022-07-05,365.0,call,16.24,16.85,16.55,17.13,1,1,0.2978,0.66023,22,375.0
2022-06-13,2022-07-05,365.0,put,7.76,7.84,7.8,7.77,153,1181,0.33682,-0.35411,22,375.0
2022-06-13,2022-07-05,366.0,call,15.6,16.21,15.91,16.45,1,0,0.2978,0.64642,22,375.0
2022-06-13,2022-07-05,366.0,put,8.09,8.18,8.13,8.55,117,181,0.33682,-0.36649,22,375.0
2022-06-13,2022-07-05,368.0,call,14.37,14.94,14.65,0.0,0,0,0.2978,0.61834,22,375.0
2022-06-13,2022-07-05,368.0,put,8.83,8.92,8.88,8.83,258,332,0.33682,-0.39156,22,375.0
2022-06-13,2022-07-05,370.0,call,13.45,13.56,13.5,13.15,1,2,0.2978,0.58979,22,375.0
2022-06-13,2022-07-05,370.0,put,9.65,9.74,9.7,9.73,562,450,0.33682,-0.41694,22,375.0
2022-06-13,2022-07-05,372.0,call,12.33,12.43,12.38,11.82,91,0,0.2978,0.5609,22,375.0
2022-06-13,2022-07-05,372.0,put,10.47,10.56,10.52,10.48,179,310,0.32707,-0.4418,22,375.0
2022-06-13,2022-07-05,374.0,call,11.22,11.32,11.27,11.11,5,1,0.28804,0.53196,22,375.0
2022-06-13,2022-07-05,374.0,put,11.36,11.46,11.41,11.59,136,188,0.32707,-0.46826,22,375.0
2022-06-13,2022-07-05,375.0,call,10.66,10.76,10.71,10.65,95,37,0.28804,0.51692,22,375.0
2022-06-13,2022-07-05,375.0,put,11.86,11.96,11.91,12.03,599,526,0.32707,-0.4815,22,375.0
2022-06-13,2022-07-05,376.0,call,10.17,10.27,10.22,10.12,107,0,0.28804,0.5019,22,375.0
2022-06-13,2022-07-05,376.0,put,12.31,12.41,12.36,12.66,237,520,0.32707,-0.49473,22,375.0
2022-06-13,2022-07-05,378.0,call,9.17,9.26,9.21,9.08,83,0,0.28804,0.472,22,375.0
2022-06-13,2022-07-05,378.0,put,13.31,13.4,13.36,13.71,701,196,0.32707,-0.52108,22,375.0
2022-06-13,2022-07-05,380.0,call,8.2,8.29,8.24,8.24,318,11,0.28804,0.44241,22,375.0
2022-06-13,2022-07-05,380.0,put,14.39,14.49,14.44,14.42,607,424,0.31731,-0.5496,22,375.0
2022-06-13,2022-07-05,382.0,call,7.33,7.42,7.38,7.21,75,1,0.27829,0.40935,22,375.0
2022-06-13,2022-07-05,382.0,put,15.47,15.56,15.52,15.88,69,183,0.31731,-0.57614,22,375.0
2022-06-13,2022-07-05,384.0,call,6.49,6.57,6.53,6.88,27,29,0.27829,0.37994,22,375.0
2022-06-13,2022-07-05,384.0,put,16.63,16.73,16.68,17.1,22,565,0.31731,-0.60221,22,375.0
2022-06-13,2022-07-05,385.0,call,6.07,6.16,6.12,6.18,158,24,0.27829,0.36553,22,375.0
2022-06-13,2022-07-05,385.0,put,17.15,17.49,17.32,18.17,86,516,0.31731,-0.61503,22,375.0
2022-06-13,2022-07-05,386.0,call,5.71,5.79,5.75,5.74,77,2,0.27829,0.35135,22,375.0
2022-06-13,2022-07-05,386.0,put,17.73,18.1,17.91,18.34,36,273,0.31731,-0.62769,22,375.0
2022-06-13,2022-07-05,388.0,call,4.98,5.06,5.02,5.1,9,137,0.26853,0.3169,22,375.0
2022-06-13,2022-07-05,388.0,put,18.98,19.38,19.18,19.81,12,294,0.31731,-0.6525,22,375.0
2022-06-13,2022-07-05,390.0,call,4.3,4.38,4.34,4.25,498,115,0.26853,0.28966,22,375.0
2022-06-13,2022-07-05,390.0,put,20.31,20.78,20.55,20.79,120,438,0.30755,-0.68263,22,375.0
2022-06-13,2022-07-05,391.0,call,3.99,4.07,4.03,4.01,81,305,0.26853,0.27652,22,375.0
2022-06-13,2022-07-05,391.0,put,20.98,21.46,21.22,20.31,41,168,0.30755,-0.69461,22,375.0
2022-06-13,2022-07-05,392.0,call,3.7,3.77,3.74,3.88,57,67,0.26853,0.26371,22,375.0
2022-06-13,2022-07-05,392.0,put,21.68,22.19,21.94,22.14,38,261,0.30755,-0.70637,22,375.0
2022-06-13,2022-07-05,393.0,call,3.42,3.49,3.46,3.42,101,79,0.26853,0.25124,22,375.0
2022-06-13,2022-07-05,393.0,put,22.4,22.92,22.66,22.15,8,73,0.30755,-0.71787,22,375.0
2022-06-13,2022-07-05,394.0,call,3.15,3.22,3.19,3.13,110,35,0.25877,0.23016,22,375.0
2022-06-13,2022-07-05,394.0,put,23.13,23.66,23.39,20.73,17,116,0.30755,-0.72913,22,375.0
2022-06-13,2022-07-05,395.0,call,2.9,2.96,2.93,2.95,135,56,0.25877,0.21822,22,375.0
2022-06-13,2022-07-05,395.0,put,23.88,24.41,24.14,23.72,10,415,0.30755,-0.74014,22,375.0
2022-06-13,2022-07-05,396.0,call,2.66,2.73,2.7,2.87,16,44,0.25877,0.20667,22,375.0
2022-06-13,2022-07-05,396.0,put,24.64,25.18,24.91,25.34,6,575,0.30755,-0.75088,22,375.0
2022-06-13,2022-07-05,397.0,call,2.44,2.5,2.47,2.6,25,108,0.25877,0.19552,22,375.0
2022-06-13,2022-07-05,397.0,put,25.42,25.94,25.68,26.68,10,96,0.30755,-0.76135,22,375.0
2022-06-13,2022-07-05,398.0,call,2.23,2.29,2.26,2.41,32,28,0.25877,0.18477,22,375.0
2022-06-13,2022-07-05,398.0,put,26.21,26.76,26.48,22.95,2,78,0.30755,-0.77155,22,375.0
2022-06-13,2022-07-05,399.0,call,2.04,2.1,2.07,2.05,226,50,0.25877,0.17443,22,375.0
2022-06-13,2022-07-05,399.0,put,27.02,27.58,27.3,24.12,8,332,0.30755,-0.78148,22,375.0
2022-06-13,2022-07-05,400.0,call,1.86,1.91,1.89,1.86,615,189,0.24902,0.1546,22,375.0
2022-06-13,2022-07-05,400.0,put,27.84,28.4,28.12,28.89,45,231,0.30755,-0.79113,22,375.0
2022-06-13,2022-07-05,401.0,call,1.7,1.75,1.73,1.73,18,99,0.24902,0.14509,22,375.0
2022-06-13,2022-07-05,401.0,put,28.67,29.25,28.96,27.22,3,301,0.30755,-0.80051,22,375.0
2022-06-13,2022-07-05,402.0,call,1.54,1.59,1.56,1.55,459,65,0.24902,0.136,22,375.0
2022-06-13,2022-07-05,402.0,put,29.52,30.1,29.81,25.08,7,106,0.31731,-0.80153,22,375.0
2022-06-13,2022-07-05,403.0,call,1.4,1.45,1.42,1.47,18,53,0.24902,0.12733,22,375.0
2022-06-13,2022-07-05,403.0,put,30.38,30.96,30.67,27.1,25,37,0.31731,-0.8103,22,375.0
2022-06-13,2022-07-05,404.0,call,1.27,1.31,1.29,1.36,18,537,0.24902,0.11907,22,375.0
2022-06-13,2022-07-05,404.0,put,31.25,31.84,31.55,31.0,16,192,0.31731,-0.8188,22,375.0
2022-06-13,2022-07-05,405.0,call,1.15,1.19,1.17,1.15,126,718,0.24902,0.11121,22,375.0
2022-06-13,2022-07-05,405.0,put,32.08,32.8,32.44,33.5,32,502,0.31731,-0.82704,22,375.0
2022-06-13,2022-07-05,406.0,call,1.04,1.08,1.06,1.08,36,41,0.24902,0.10376,22,375.0
2022-06-13,2022-07-05,406.0,put,32.97,33.7,33.34,31.66,11,48,0.31731,-0.83502,22,375.0
2022-06-13,2022-07-05,407.0,call,0.94,0.98,0.96,1.0,437,157,0.24902,0.09668,22,375.0
2022-06-13,2022-07-05,407.0,put,33.87,34.61,34.24,30.62,1,634,0.32707,-0.83483,22,375.0
2022-06-13,2022-07-05,408.0,call,0.85,0.89,0.87,0.89,82,93,0.24902,0.08999,22,375.0
2022-06-13,2022-07-05,408.0,put,34.78,35.53,35.16,36.01,48,174,0.32707,-0.84231,22,375.0
2022-06-13,2022-07-05,409.0,call,0.77,0.81,0.79,0.82,56,107,0.24902,0.08366,22,375.0
2022-06-13,2022-07-05,409.0,put,35.7,36.45,36.08,34.1,59,387,0.32707,-0.84954,22,375.0
2022-06-13,2022-07-05,410.0,call,0.7,0.73,0.71,0.7,378,343,0.23926,0.06928,22,375.0
2022-06-13,2022-07-05,410.0,put,36.63,37.39,37.01,35.63,90,484,0.32707,-0.85654,22,375.0
2022-06-13,2022-07-05,411.0,call,0.64,0.66,0.65,0.78,29,206,0.23926,0.06392,22,375.0
2022-06-13,2022-07-05,411.0,put,37.56,38.33,37.95,22.31,0,343,0.33682,-0.85569,22,375.0
2022-06-13,2022-07-05,412.0,call,0.58,0.6,0.59,0.69,447,385,0.23926,0.05891,22,375.0
2022-06-13,2022-07-05,412.0,put,38.5,39.28,38.89,37.17,13,356,0.33682,-0.86226,22,375.0
2022-06-13,2022-07-05,413.0,call,0.53,0.55,0.54,0.53,49,297,0.23926,0.05421,22,375.0
2022-06-13,2022-07-05,413.0,put,39.44,40.24,39.84,25.52,0,444,0.33682,-0.86861,22,375.0
2022-06-13,2022-07-05,414.0,call,0.48,0.5,0.49,0.63,4,376,0.23926,0.04983,22,375.0
2022-06-13,2022-07-05,414.0,put,40.39,41.2,40.8,39.7,3,205,0.34658,-0.86744,22,375.0
2022-06-13,2022-07-05,415.0,call,0.44,0.45,0.45,0.45,426,941,0.23926,0.04575,22,375.0
2022-06-13,2022-07-05,415.0,put,41.34,42.17,41.76,42.19,6,360,0.34658,-0.87343,22,375.0
2022-06-13,2022-07-05,416.0,call,0.4,0.41,0.41,0.41,52,403,0.24902,0.04861,22,375.0
2022-06-13,2022-07-05,416.0,put,42.3,43.15,42.72,42.13,3,284,0.35633,-0.87215,22,375.0
2022-06-13,2022-07-05,417.0,call,0.36,0.38,0.37,0.39,41,174,0.23926,0.03842,22,375.0
2022-06-13,2022-07-05,417.0,put,43.25,44.14,43.7,14.1,0,261,0.35633,-0.8778,22,375.0
2022-06-13,2022-07-05,418.0,call,0.33,0.35,0.34,0.36,22,208,0.24902,0.0412,22,375.0
2022-06-13,2022-07-05,418.0,put,44.2,45.12,44.66,43.22,13,697,0.35633,-0.88326,22,375.0
2022-06-13,2022-07-05,419.0,call,0.3,0.32,0.31,0.34,111,401,0.24902,0.03787,22,375.0
2022-06-13,2022-07-05,419.0,put,45.17,46.11,45.64,30.09,0,491,0.36609,-0.88177,22,375.0
2022-06-13,2022-07-05,420.0,call,0.28,0.29,0.29,0.28,623,1100,0.24902,0.03476,22,375.0
2022-06-13,2022-07-05,420.0,put,46.15,47.09,46.62,46.67,12,166,0.36609,-0.88694,22,375.0
2022-06-13,2022-07-05,422.0,call,0.24,0.25,0.24,0.27,102,1198,0.24902,0.0292,22,375.0
2022-06-13,2022-07-05,422.0,put,48.11,49.06,48.59,31.29,0,2,0.37584,-0.8903,22,375.0
2022-06-13,2022-07-05,424.0,call,0.2,0.21,0.21,0.2,16,250,0.24902,0.02442,22,375.0
2022-06-13,2022-07-05,424.0,put,50.07,51.03,50.55,49.44,3,16,0.3856,-0.89337,22,375.0
2022-06-13,2022-07-05,425.0,call,0.19,0.2,0.2,0.22,257,1059,0.24902,0.02229,22,375.0
2022-06-13,2022-07-05,425.0,put,51.06,52.02,51.54,36.91,0,58,0.39536,-0.89174,22,375.0
2022-06-13,2022-07-05,426.0,call,0.17,0.18,0.17,0.2,93,654,0.24902,0.02033,22,375.0
2022-06-13,2022-07-05,426.0,put,51.56,53.32,52.44,51.92,8,19,0.39536,-0.89617,22,375.0
2022-06-13,2022-07-05,428.0,call,0.15,0.16,0.15,0.2,15,267,0.24902,0.01685,22,375.0
2022-06-13,2022-07-05,428.0,put,53.53,55.31,54.42,51.76,6,5,0.39536,-0.90461,22,375.0
2022-06-13,2022-07-05,430.0,call,0.14,0.15,0.15,0.14,5698,6859,0.25877,0.01723,22,375.0
2022-06-13,2022-07-05,430.0,put,55.51,57.3,56.41,53.77,1,203,0.40511,-0.9068,22,375.0
2022-06-13,2022-07-05,432.0,call,0.11,0.12,0.11,0.14,8,256,0.25877,0.01435,22,375.0
2022-06-13,2022-07-05,432.0,put,57.49,59.38,58.44,24.55,0,1,0.42462,-0.90327,22,375.0
2022-06-13,2022-07-05,434.0,call,0.1,0.11,0.11,0.1,10,267,0.25877,0.0119,22,375.0
2022-06-13,2022-07-05,434.0,put,59.48,61.3,60.39,24.68,0,3,0.42462,-0.91064,22,375.0
2022-06-13,2022-07-05,435.0,call,0.09,0.1,0.1,0.11,280,735,0.26853,0.01353,22,375.0
2022-06-13,2022-07-05,435.0,put,60.47,62.29,61.38,23.7,0,1,0.43438,-0.90885,22,375.0
2022-06-13,2022-07-05,436.0,call,0.08,0.09,0.08,0.1,11,536,0.25877,0.00983,22,375.0
2022-06-13,2022-07-05,436.0,put,61.47,63.29,62.38,26.56,0,3,0.43438,-0.91233,22,375.0
2022-06-13,2022-07-05,438.0,call,0.07,0.08,0.08,0.09,33,76,0.26853,0.01031,22,375.0
2022-06-13,2022-07-05,438.0,put,63.46,65.29,64.38,0.0,0,0,0.44414,-0.91389,22,375.0
2022-06-13,2022-07-05,440.0,call,0.07,0.08,0.08,0.07,167,662,0.26853,0.00856,22,375.0
2022-06-13,2022-07-05,440.0,put,65.45,67.3,66.38,27.39,0,6,0.45389,-0.91532,22,375.0
2022-06-13,2022-07-05,442.0,call,0.05,0.07,0.06,0.07,13,381,0.26853,0.00709,22,375.0
2022-06-13,2022-07-05,442.0,put,67.45,69.29,68.37,29.75,0,7,0.46365,-0.91664,22,375.0
2022-06-13,2022-07-05,444.0,call,0.05,0.06,0.06,0.05,52,210,0.27829,0.00754,22,375.0
2022-06-13,2022-07-05,444.0,put,69.44,71.11,70.28,0.0,0,0,0.4734,-0.91786,22,375.0
2022-06-13,2022-07-05,445.0,call,0.04,0.06,0.05,0.05,7,317,0.27829,0.00688,22,375.0
2022-06-13,2022-07-05,445.0,put,70.44,72.31,71.38,0.0,0,0,0.48316,-0.9161,22,375.0
2022-06-13,2022-07-05,446.0,call,0.04,0.05,0.04,0.05,49,238,0.26853,0.00481,22,375.0
2022-06-13,2022-07-05,446.0,put,71.43,73.11,72.27,0.0,0,0,0.4734,-0.92357,22,375.0
2022-06-13,2022-07-05,448.0,call,0.04,0.05,0.04,0.04,45,77,0.27829,0.0052,22,375.0
2022-06-13,2022-07-05,448.0,put,73.43,75.12,74.28,0.0,0,0,0.49292,-0.92001,22,375.0
2022-06-13,2022-07-05,450.0,call,0.03,0.05,0.04,0.05,54,445,0.28804,0.00561,22,375.0
2022-06-13,2022-07-05,450.0,put,75.43,77.12,76.28,35.55,0,6,0.49292,-0.92534,22,375.0
2022-06-13,2022-07-05,452.0,call,0.03,0.04,0.04,0.03,3,27,0.28804,0.00468,22,375.0
2022-06-13,2022-07-05,452.0,put,77.42,79.32,78.37,0.0,0,0,0.51243,-0.92185,22,375.0
2022-06-13,2022-07-05,454.0,call,0.03,0.04,0.04,0.03,0,36,0.2978,0.00506,22,375.0
2022-06-13,2022-07-05,454.0,put,79.43,81.14,80.28,44.8,0,1,0.51243,-0.92685,22,375.0
2022-06-13,2022-07-05,455.0,call,0.03,0.04,0.04,0.05,0,78,0.2978,0.00464,22,375.0
2022-06-13,2022-07-05,455.0,put,80.42,82.32,81.37,63.78,0,1,0.52218,-0.92512,22,375.0
2022-06-13,2022-07-05,460.0,call,0.02,0.03,0.03,0.03,0,60,0.30755,0.00389,22,375.0
2022-06-13,2022-07-05,460.0,put,85.41,87.31,86.36,0.0,0,0,0.55145,-0.92473,22,375.0
2022-06-13,2022-07-05,465.0,call,0.02,0.03,0.03,0.02,0,21,0.31731,0.0033,22,375.0
2022-06-13,2022-07-05,465.0,put,90.46,92.31,91.38,0.0,0,0,0.57096,-0.92798,22,375.0
2022-06-13,2022-07-05,470.0,call,0.01,0.03,0.02,0.04,0,19,0.31731,0.00216,22,375.0
2022-06-13,2022-07-05,470.0,put,95.41,97.19,96.3,80.12,0,1,0.59047,-0.93079,22,375.0
2022-06-13,2022-07-05,480.0,call,0.01,0.02,0.01,0.02,11,51,0.32707,0.00123,22,375.0
2022-06-13,2022-07-05,480.0,put,105.4,107.3,106.35,0.0,0,0,0.6295,-0.93534,22,375.0
2022-06-13,2022-07-05,490.0,call,0.01,0.02,0.01,0.02,0,254,0.34658,0.00098,22,375.0
2022-06-13,2022-07-05,490.0,put,115.4,117.29,116.34,0.0,0,0,0.66852,-0.93878,22,375.0
2022-06-13,2022-07-06,330.0,call,45.12,46.59,45.86,0.0,0,0,0.32707,0.94569,23,375.0
2022-06-13,2022-07-06,330.0,put,1.7,1.74,1.72,1.84,289,401,0.40511,-0.09459,23,375.0
2022-06-13,2022-07-06,335.0,call,40.47,41.86,41.16,0.0,0,0,0.31731,0.9282,23,375.0
2022-06-13,2022-07-06,335.0,put,2.09,2.13,2.11,2.32,174,713,0.3856,-0.1114,23,375.0
2022-06-13,2022-07-06,340.0,call,35.94,37.25,36.59,0.0,0,0,0.31731,0.89911,23,375.0
2022-06-13,2022-07-06,340.0,put,2.6,2.65,2.62,2.38,128,40,0.37584,-0.13759,23,375.0
2022-06-13,2022-07-06,345.0,call,31.59,32.78,32.19,0.0,0,0,0.30755,0.86979,23,375.0
2022-06-13,2022-07-06,345.0,put,3.26,3.31,3.29,3.52,27,376,0.36609,-0.16879,23,375.0
2022-06-13,2022-07-06,350.0,call,27.45,28.48,27.96,27.6,1,0,0.30755,0.82614,23,375.0
2022-06-13,2022-07-06,350.0,put,4.11,4.16,4.13,4.24,1389,236,0.35633,-0.20557,23,375.0
2022-06-13,2022-07-06,355.0,call,23.55,24.44,24.0,0.0,0,0,0.30755,0.77496,23,375.0
2022-06-13,2022-07-06,355.0,put,5.17,5.23,5.2,5.57,413,211,0.35633,-0.25357,23,375.0
2022-06-13,2022-07-06,360.0,call,19.91,20.64,20.27,0.0,0,0,0.2978,0.72256,23,375.0
2022-06-13,2022-07-06,360.0,put,6.48,6.56,6.52,6.56,601,1635,0.34658,-0.30197,23,375.0
2022-06-13,2022-07-06,365.0,call,16.56,17.16,16.86,16.6,36,0,0.2978,0.65761,23,375.0
2022-06-13,2022-07-06,365.0,put,8.07,8.15,8.11,8.5,2849,3220,0.33682,-0.35639,23,375.0
2022-06-13,2022-07-06,366.0,call,15.92,16.52,16.22,0.0,0,0,0.2978,0.64406,23,375.0
2022-06-13,2022-07-06,366.0,put,8.41,8.49,8.45,6.98,160,2,0.33682,-0.36852,23,375.0
2022-06-13,2022-07-06,368.0,call,14.69,15.25,14.97,0.0,0,0,0.2978,0.61655,23,375.0
2022-06-13,2022-07-06,368.0,put,9.15,9.25,9.2,9.3,37,2,0.33682,-0.39307,23,375.0
2022-06-13,2022-07-06,370.0,call,13.79,13.88,13.84,13.11,104,2,0.2978,0.5886,23,375.0
2022-06-13,2022-07-06,370.0,put,9.96,10.05,10.01,10.39,115,1376,0.33682,-0.41792,23,375.0
2022-06-13,2022-07-06,372.0,call,12.66,12.75,12.71,12.62,392,0,0.2978,0.56034,23,375.0
2022-06-13,2022-07-06,372.0,put,10.78,10.87,10.82,11.63,76,73,0.32707,-0.44226,23,375.0
2022-06-13,2022-07-06,374.0,call,11.54,11.63,11.59,11.3,311,0,0.2978,0.53192,23,375.0
2022-06-13,2022-07-06,374.0,put,11.67,11.75,11.71,12.48,24,201,0.32707,-0.46814,23,375.0
2022-06-13,2022-07-06,375.0,call,10.98,11.07,11.03,10.95,403,1,0.28804,0.5173,23,375.0
2022-06-13,2022-07-06,375.0,put,12.16,12.25,12.21,12.43,135,799,0.32707,-0.48109,23,375.0
2022-06-13,2022-07-06,376.0,call,10.48,10.57,10.53,10.28,27,0,0.28804,0.50262,23,375.0
2022-06-13,2022-07-06,376.0,put,12.61,12.7,12.65,12.94,73,157,0.32707,-0.49402,23,375.0
2022-06-13,2022-07-06,378.0,call,9.47,9.56,9.52,10.51,78,0,0.28804,0.47336,23,375.0
2022-06-13,2022-07-06,378.0,put,13.6,13.68,13.64,12.7,80,45,0.32707,-0.51979,23,375.0
2022-06-13,2022-07-06,380.0,call,8.49,8.58,8.54,8.41,72,30,0.28804,0.44441,23,375.0
2022-06-13,2022-07-06,380.0,put,14.66,14.77,14.71,15.01,199,267,0.31731,-0.54772,23,375.0
2022-06-13,2022-07-06,382.0,call,7.61,7.69,7.65,9.03,30,1,0.27829,0.41203,23,375.0
2022-06-13,2022-07-06,382.0,put,15.73,15.82,15.78,16.37,44,72,0.31731,-0.5737,23,375.0
2022-06-13,2022-07-06,384.0,call,6.76,6.85,6.8,7.9,15,10,0.27829,0.3832,23,375.0
2022-06-13,2022-07-06,384.0,put,16.87,16.98,16.93,15.29,1,131,0.31731,-0.59923,23,375.0
2022-06-13,2022-07-06,385.0,call,6.34,6.42,6.38,7.43,33,0,0.27829,0.36907,23,375.0
2022-06-13,2022-07-06,385.0,put,17.43,17.76,17.59,16.96,64,209,0.31731,-0.6118,23,375.0
2022-06-13,2022-07-06,386.0,call,5.96,6.04,6.0,6.04,9,0,0.27829,0.35515,23,375.0
2022-06-13,2022-07-06,386.0,put,17.98,18.36,18.17,17.43,3,64,0.31731,-0.62422,23,375.0
2022-06-13,2022-07-06,388.0,call,5.23,5.3,5.27,6.14,8,334,0.27829,0.328,23,375.0
2022-06-13,2022-07-06,388.0,put,19.24,19.63,19.43,15.98,3,126,0.31731,-0.64857,23,375.0
2022-06-13,2022-07-06,390.0,call,4.53,4.6,4.56,4.49,54,245,0.26853,0.29447,23,375.0
2022-06-13,2022-07-06,390.0,put,20.53,21.01,20.77,19.8,9,341,0.30755,-0.67819,23,375.0
2022-06-13,2022-07-06,392.0,call,3.93,3.99,3.96,4.12,40,225,0.26853,0.26886,23,375.0
2022-06-13,2022-07-06,392.0,put,21.88,22.38,22.13,17.47,16,203,0.30755,-0.70156,23,375.0
2022-06-13,2022-07-06,394.0,call,3.36,3.42,3.39,3.74,17,153,0.25877,0.23566,23,375.0
2022-06-13,2022-07-06,394.0,put,23.34,23.83,23.59,21.26,2,102,0.30755,-0.72402,23,375.0
2022-06-13,2022-07-06,395.0,call,3.09,3.15,3.12,3.02,110,178,0.25877,0.22382,23,375.0
2022-06-13,2022-07-06,395.0,put,24.08,24.6,24.34,23.36,3,102,0.30755,-0.73488,23,375.0
2022-06-13,2022-07-06,396.0,call,2.86,2.92,2.89,2.92,36,172,0.25877,0.21235,23,375.0
2022-06-13,2022-07-06,396.0,put,24.81,25.33,25.07,23.16,3,45,0.30755,-0.7455,23,375.0
2022-06-13,2022-07-06,398.0,call,2.41,2.47,2.44,2.49,20,95,0.25877,0.19056,23,375.0
2022-06-13,2022-07-06,398.0,put,26.36,26.9,26.63,22.21,2,37,0.30755,-0.76597,23,375.0
2022-06-13,2022-07-06,400.0,call,2.01,2.06,2.04,2.03,240,121,0.25877,0.1703,23,375.0
2022-06-13,2022-07-06,400.0,put,28.0,28.52,28.26,29.0,2447,2954,0.30755,-0.7854,23,375.0
2022-06-13,2022-07-06,402.0,call,1.68,1.73,1.71,2.07,4,85,0.24902,0.14172,23,375.0
2022-06-13,2022-07-06,402.0,put,29.63,30.19,29.91,28.0,5,90,0.30755,-0.80377,23,375.0
2022-06-13,2022-07-06,404.0,call,1.39,1.43,1.41,1.43,100,21,0.24902,0.12466,23,375.0
2022-06-13,2022-07-06,404.0,put,31.34,31.89,31.62,18.41,0,85,0.31731,-0.81294,23,375.0
2022-06-13,2022-07-06,405.0,call,1.26,1.3,1.28,1.32,65,39,0.24902,0.11672,23,375.0
2022-06-13,2022-07-06,405.0,put,32.24,32.82,32.53,30.07,28,271,0.31731,-0.82117,23,375.0
2022-06-13,2022-07-06,406.0,call,1.15,1.19,1.17,1.18,24,14,0.24902,0.10916,23,375.0
2022-06-13,2022-07-06,406.0,put,33.07,33.79,33.43,19.76,0,178,0.31731,-0.82914,23,375.0
2022-06-13,2022-07-06,408.0,call,0.94,0.98,0.96,1.01,11,171,0.24902,0.09516,23,375.0
2022-06-13,2022-07-06,408.0,put,34.87,35.6,35.23,31.22,4,172,0.31731,-0.84434,23,375.0
2022-06-13,2022-07-06,410.0,call,0.77,0.81,0.79,0.8,131,161,0.23926,0.07396,23,375.0
2022-06-13,2022-07-06,410.0,put,36.7,37.45,37.08,34.46,3,319,0.32707,-0.85069,23,375.0
2022-06-13,2022-07-06,412.0,call,0.64,0.66,0.65,0.69,121,189,0.23926,0.06326,23,375.0
2022-06-13,2022-07-06,412.0,put,38.56,39.33,38.95,37.23,16,238,0.33682,-0.85644,23,375.0
2022-06-13,2022-07-06,414.0,call,0.53,0.55,0.54,0.58,49,148,0.23926,0.05385,23,375.0
2022-06-13,2022-07-06,414.0,put,40.44,41.23,40.83,36.57,2,250,0.33682,-0.86901,23,375.0
2022-06-13,2022-07-06,415.0,call,0.48,0.5,0.49,0.51,86,765,0.23926,0.0496,23,375.0
2022-06-13,2022-07-06,415.0,put,41.38,42.2,41.79,26.86,0,53,0.34658,-0.86767,23,375.0
2022-06-13,2022-07-06,416.0,call,0.44,0.46,0.45,0.51,7,140,0.23926,0.04563,23,375.0
2022-06-13,2022-07-06,416.0,put,42.33,43.17,42.75,17.98,0,33,0.34658,-0.87351,23,375.0
2022-06-13,2022-07-06,418.0,call,0.37,0.38,0.38,0.45,36,53,0.24902,0.04485,23,375.0
2022-06-13,2022-07-06,418.0,put,44.29,45.13,44.71,45.5,10,48,0.35633,-0.87759,23,375.0
2022-06-13,2022-07-06,420.0,call,0.31,0.32,0.32,0.34,418,626,0.24902,0.03809,23,375.0
2022-06-13,2022-07-06,420.0,put,46.17,47.11,46.64,31.68,0,509,0.36609,-0.88131,23,375.0
2022-06-13,2022-07-06,422.0,call,0.26,0.28,0.27,0.3,181,298,0.24902,0.0322,23,375.0
2022-06-13,2022-07-06,422.0,put,48.12,49.07,48.59,31.23,0,2,0.36609,-0.89126,23,375.0
2022-06-13,2022-07-06,424.0,call,0.22,0.23,0.23,0.27,1,81,0.24902,0.02712,23,375.0
2022-06-13,2022-07-06,424.0,put,50.09,51.04,50.56,34.41,0,30,0.37584,-0.89416,23,375.0
2022-06-13,2022-07-06,425.0,call,0.2,0.22,0.21,0.24,172,548,0.24902,0.02484,23,375.0
2022-06-13,2022-07-06,425.0,put,51.07,52.03,51.55,35.33,0,13,0.3856,-0.89238,23,375.0
2022-06-13,2022-07-06,426.0,call,0.19,0.2,0.2,0.21,14,84,0.24902,0.02274,23,375.0
2022-06-13,2022-07-06,426.0,put,51.59,53.34,52.47,47.6,2,15,0.3856,-0.8968,23,375.0
2022-06-13,2022-07-06,428.0,call,0.16,0.17,0.17,0.19,12,295,0.24902,0.01898,23,375.0
2022-06-13,2022-07-06,428.0,put,53.57,55.32,54.45,20.68,0,4,0.39536,-0.89922,23,375.0
2022-06-13,2022-07-06,430.0,call,0.14,0.15,0.15,0.16,36,739,0.25877,0.0194,23,375.0
2022-06-13,2022-07-06,430.0,put,55.54,57.31,56.42,50.73,1,10,0.40511,-0.90144,23,375.0
2022-06-13,2022-07-06,432.0,call,0.12,0.13,0.12,0.14,16,138,0.24902,0.01307,23,375.0
2022-06-13,2022-07-06,432.0,put,57.53,59.31,58.42,23.83,0,40,0.41487,-0.90348,23,375.0
2022-06-13,2022-07-06,434.0,call,0.11,0.12,0.11,0.11,2,105,0.25877,0.01359,23,375.0
2022-06-13,2022-07-06,434.0,put,59.52,61.3,60.41,23.61,0,1,0.42462,-0.90535,23,375.0
2022-06-13,2022-07-06,435.0,call,0.1,0.11,0.11,0.13,1,341,0.25877,0.01241,23,375.0
2022-06-13,2022-07-06,435.0,put,60.5,62.3,61.4,24.39,0,1,0.42462,-0.90893,23,375.0
2022-06-13,2022-07-06,436.0,call,0.09,0.1,0.1,0.24,0,45,0.25877,0.01131,23,375.0
2022-06-13,2022-07-06,436.0,put,61.5,63.36,62.43,32.8,0,6,0.43438,-0.90706,23,375.0
2022-06-13,2022-07-06,438.0,call,0.08,0.09,0.08,0.1,2,41,0.25877,0.00938,23,375.0
2022-06-13,2022-07-06,438.0,put,63.46,65.35,64.41,0.0,0,0,0.44414,-0.90865,23,375.0
2022-06-13,2022-07-06,440.0,call,0.07,0.08,0.08,0.06,17,42,0.26853,0.00991,23,375.0
2022-06-13,2022-07-06,440.0,put,65.48,67.3,66.39,29.17,0,1,0.44414,-0.91517,23,375.0
2022-06-13,2022-07-06,442.0,call,0.06,0.07,0.07,0.07,7,22,0.26853,0.00826,23,375.0
2022-06-13,2022-07-06,442.0,put,67.44,69.3,68.37,0.0,0,0,0.45389,-0.91639,23,375.0
2022-06-13,2022-07-06,444.0,call,0.05,0.07,0.06,0.06,93,6,0.26853,0.00687,23,375.0
2022-06-13,2022-07-06,444.0,put,69.44,71.31,70.38,0.0,0,0,0.46365,-0.91751,23,375.0
2022-06-13,2022-07-06,445.0,call,0.05,0.06,0.06,0.05,3,19,0.27829,0.00803,23,375.0
2022-06-13,2022-07-06,445.0,put,70.49,72.11,71.3,0.0,0,0,0.46365,-0.92041,23,375.0
2022-06-13,2022-07-06,446.0,call,0.05,0.06,0.06,0.12,0,4,0.27829,0.00735,23,375.0
2022-06-13,2022-07-06,446.0,put,71.43,73.12,72.28,0.0,0,0,0.4734,-0.91853,23,375.0
2022-06-13,2022-07-06,448.0,call,0.04,0.05,0.04,0.24,0,7,0.26853,0.0047,23,375.0
2022-06-13,2022-07-06,448.0,put,73.46,75.11,74.28,69.0,1,1,0.4734,-0.92406,23,375.0
2022-06-13,2022-07-06,450.0,call,0.04,0.05,0.04,0.06,0,25,0.27829,0.00512,23,375.0
2022-06-13,2022-07-06,450.0,put,75.46,77.13,76.29,59.98,0,2,0.48316,-0.92482,23,375.0
2022-06-13,2022-07-06,452.0,call,0.03,0.04,0.04,0.04,3,5,0.27829,0.00426,23,375.0
2022-06-13,2022-07-06,452.0,put,77.42,79.13,78.28,0.0,0,0,0.49292,-0.92552,23,375.0
2022-06-13,2022-07-06,454.0,call,0.03,0.04,0.04,0.07,0,8,0.28804,0.00465,23,375.0
2022-06-13,2022-07-06,454.0,put,79.42,81.32,80.37,0.0,0,0,0.51243,-0.92188,23,375.0
2022-06-13,2022-07-06,455.0,call,0.03,0.04,0.04,0.0,0,0,0.28804,0.00426,23,375.0
2022-06-13,2022-07-06,455.0,put,80.42,82.14,81.28,0.0,0,0,0.51243,-0.92434,23,375.0
2022-06-13,2022-07-06,460.0,call,0.02,0.03,0.03,0.03,0,16,0.2978,0.00359,23,375.0
2022-06-13,2022-07-06,460.0,put,85.41,87.15,86.28,0.0,0,0,0.53194,-0.92776,23,375.0
2022-06-13,2022-07-06,465.0,call,0.02,0.03,0.03,0.0,0,0,0.30755,0.00306,23,375.0
2022-06-13,2022-07-06,465.0,put,90.41,92.18,91.3,0.0,0,0,0.55145,-0.93069,23,375.0
2022-06-13,2022-07-06,470.0,call,0.02,0.03,0.03,0.03,5,5,0.32707,0.00344,23,375.0
2022-06-13,2022-07-06,470.0,put,95.41,97.2,96.31,0.0,0,0,0.58072,-0.92956,23,375.0
2022-06-13,2022-07-06,480.0,call,0.01,0.02,0.01,0.0,0,0,0.31731,0.00113,23,375.0
2022-06-13,2022-07-06,480.0,put,105.4,107.25,106.33,0.0,0,0,0.61974,-0.93392,23,375.0
2022-06-13,2022-07-06,490.0,call,0.01,0.02,0.01,0.02,0,1,0.34658,0.00124,23,375.0
2022-06-13,2022-07-06,490.0,put,115.4,117.3,116.35,0.0,0,0,0.65876,-0.9372,23,375.0
2022-06-13,2022-07-08,250.0,call,124.55,125.8,125.17,0.0,0,0,0.54169,0.99833,25,375.0
2022-06-13,2022-07-08,250.0,put,0.18,0.19,0.18,0.19,119,78,0.66852,-0.00802,25,375.0
2022-06-13,2022-07-08,255.0,call,119.55,120.8,120.17,0.0,0,0,0.51243,0.9984,25,375.0
2022-06-13,2022-07-08,255.0,put,0.21,0.22,0.21,0.28,1,113,0.64901,-0.00917,25,375.0
2022-06-13,2022-07-08,260.0,call,114.56,115.81,115.19,0.0,0,0,0.51243,0.99746,25,375.0
2022-06-13,2022-07-08,260.0,put,0.24,0.25,0.24,0.27,331,692,0.6295,-0.01047,25,375.0
2022-06-13,2022-07-08,265.0,call,109.57,110.81,110.19,0.0,0,0,0.48316,0.99755,25,375.0
2022-06-13,2022-07-08,265.0,put,0.27,0.28,0.28,0.3,12,367,0.61974,-0.01303,25,375.0
2022-06-13,2022-07-08,270.0,call,104.58,105.82,105.2,0.0,0,0,0.4734,0.99672,25,375.0
2022-06-13,2022-07-08,270.0,put,0.31,0.32,0.32,0.4,5,241,0.60023,-0.01488,25,375.0
2022-06-13,2022-07-08,275.0,call,99.59,100.83,100.21,0.0,0,0,0.45389,0.99627,25,375.0
2022-06-13,2022-07-08,275.0,put,0.36,0.37,0.36,0.44,212,6628,0.58072,-0.01698,25,375.0
2022-06-13,2022-07-08,280.0,call,94.6,95.85,95.22,0.0,0,0,0.43438,0.99575,25,375.0
2022-06-13,2022-07-08,280.0,put,0.41,0.42,0.41,0.44,65,737,0.56121,-0.0194,25,375.0
2022-06-13,2022-07-08,285.0,call,89.62,90.87,90.25,0.0,0,0,0.43438,0.99336,25,375.0
2022-06-13,2022-07-08,285.0,put,0.47,0.48,0.47,0.53,23,179,0.54169,-0.02218,25,375.0
2022-06-13,2022-07-08,290.0,call,84.65,85.9,85.28,0.0,0,0,0.41487,0.99239,25,375.0
2022-06-13,2022-07-08,290.0,put,0.53,0.55,0.54,0.61,144,149,0.52218,-0.02539,25,375.0
2022-06-13,2022-07-08,295.0,call,79.68,80.92,80.3,0.0,0,0,0.40511,0.98987,25,375.0
2022-06-13,2022-07-08,295.0,put,0.62,0.63,0.62,0.6,3,43,0.51243,-0.03141,25,375.0
2022-06-13,2022-07-08,300.0,call,74.73,75.91,75.32,0.0,0,0,0.3856,0.98831,25,375.0
2022-06-13,2022-07-08,300.0,put,0.71,0.73,0.72,0.8,273,302,0.49292,-0.03603,25,375.0
2022-06-13,2022-07-08,305.0,call,69.79,71.0,70.4,0.0,0,0,0.37584,0.98444,25,375.0
2022-06-13,2022-07-08,305.0,put,0.83,0.85,0.84,0.86,57,65,0.4734,-0.04144,25,375.0
2022-06-13,2022-07-08,310.0,call,64.86,66.07,65.47,0.0,0,0,0.36609,0.97936,25,375.0
2022-06-13,2022-07-08,310.0,put,0.97,0.99,0.98,1.02,399,145,0.46365,-0.05112,25,375.0
2022-06-13,2022-07-08,315.0,call,59.97,61.17,60.57,0.0,0,0,0.35633,0.97272,25,375.0
2022-06-13,2022-07-08,315.0,put,1.15,1.17,1.16,1.26,688,279,0.44414,-0.05903,25,375.0
2022-06-13,2022-07-08,320.0,call,55.11,56.31,55.71,0.0,0,0,0.34658,0.96409,25,375.0
2022-06-13,2022-07-08,320.0,put,1.36,1.39,1.38,1.37,1219,759,0.43438,-0.07256,25,375.0
2022-06-13,2022-07-08,325.0,call,50.3,51.49,50.89,0.0,0,0,0.33682,0.95292,25,375.0
2022-06-13,2022-07-08,325.0,put,1.64,1.66,1.65,1.72,472,4878,0.41487,-0.08418,25,375.0
2022-06-13,2022-07-08,330.0,call,45.58,46.74,46.16,61.29,0,2,0.33682,0.93328,25,375.0
2022-06-13,2022-07-08,330.0,put,1.98,2.02,2.0,1.98,364,10689,0.40511,-0.1031,25,375.0
2022-06-13,2022-07-08,335.0,call,40.95,42.08,41.52,0.0,0,0,0.32707,0.91422,25,375.0
2022-06-13,2022-07-08,335.0,put,2.42,2.46,2.44,2.64,716,463,0.39536,-0.12562,25,375.0
2022-06-13,2022-07-08,340.0,call,36.44,37.51,36.97,36.08,26,1,0.31731,0.89032,25,375.0
2022-06-13,2022-07-08,340.0,put,2.99,3.02,3.0,3.05,2335,2082,0.37584,-0.14661,25,375.0
2022-06-13,2022-07-08,345.0,call,32.11,33.12,32.61,0.0,0,0,0.31731,0.8537,25,375.0
2022-06-13,2022-07-08,345.0,put,3.7,3.74,3.72,3.98,1167,20751,0.36609,-0.17771,25,375.0
2022-06-13,2022-07-08,350.0,call,27.98,28.92,28.45,64.94,0,10,0.31731,0.81035,25,375.0
2022-06-13,2022-07-08,350.0,put,4.6,4.64,4.62,4.62,667,1123,0.36609,-0.21948,25,375.0
2022-06-13,2022-07-08,351.0,call,27.19,28.11,27.65,0.0,0,0,0.30755,0.80758,25,375.0
2022-06-13,2022-07-08,351.0,put,4.81,4.85,4.83,4.92,290,212,0.35633,-0.22305,25,375.0
2022-06-13,2022-07-08,352.0,call,26.41,27.31,26.86,0.0,0,0,0.30755,0.79777,25,375.0
2022-06-13,2022-07-08,352.0,put,5.02,5.08,5.05,4.28,41,406,0.35633,-0.23225,25,375.0
2022-06-13,2022-07-08,353.0,call,25.65,26.52,26.09,0.0,0,0,0.30755,0.78769,25,375.0
2022-06-13,2022-07-08,353.0,put,5.24,5.3,5.27,5.29,188,700,0.35633,-0.24164,25,375.0
2022-06-13,2022-07-08,354.0,call,24.89,25.73,25.31,0.0,0,0,0.30755,0.77735,25,375.0
2022-06-13,2022-07-08,354.0,put,5.47,5.53,5.5,5.95,168,495,0.35633,-0.25121,25,375.0
2022-06-13,2022-07-08,355.0,call,24.14,24.96,24.55,0.0,0,0,0.30755,0.76677,25,375.0
2022-06-13,2022-07-08,355.0,put,5.71,5.77,5.74,6.33,315,773,0.35633,-0.26094,25,375.0
2022-06-13,2022-07-08,356.0,call,23.4,24.2,23.8,0.0,0,0,0.30755,0.75594,25,375.0
2022-06-13,2022-07-08,356.0,put,5.96,6.02,5.99,6.46,165,512,0.35633,-0.27084,25,375.0
2022-06-13,2022-07-08,357.0,call,22.67,23.45,23.06,0.0,0,0,0.30755,0.74487,25,375.0
2022-06-13,2022-07-08,357.0,put,6.22,6.28,6.25,5.61,30,309,0.35633,-0.28089,25,375.0
2022-06-13,2022-07-08,358.0,call,21.96,22.66,22.31,0.0,0,0,0.30755,0.73358,25,375.0
2022-06-13,2022-07-08,358.0,put,6.49,6.56,6.53,6.35,465,863,0.34658,-0.28668,25,375.0
2022-06-13,2022-07-08,359.0,call,21.25,21.93,21.59,0.0,0,0,0.30755,0.72208,25,375.0
2022-06-13,2022-07-08,359.0,put,6.77,6.84,6.8,6.46,117,699,0.34658,-0.29724,25,375.0
2022-06-13,2022-07-08,360.0,call,20.55,21.21,20.88,20.65,1,4,0.30755,0.71037,25,375.0
2022-06-13,2022-07-08,360.0,put,7.06,7.13,7.09,7.0,1284,10790,0.34658,-0.30795,25,375.0
2022-06-13,2022-07-08,361.0,call,19.86,20.51,20.19,0.0,0,0,0.30755,0.69847,25,375.0
2022-06-13,2022-07-08,361.0,put,7.36,7.43,7.39,7.84,151,274,0.34658,-0.31879,25,375.0
2022-06-13,2022-07-08,362.0,call,19.18,19.81,19.49,0.0,0,0,0.30755,0.68639,25,375.0
2022-06-13,2022-07-08,362.0,put,7.68,7.74,7.71,8.05,129,3890,0.34658,-0.32975,25,375.0
2022-06-13,2022-07-08,363.0,call,18.52,19.1,18.81,18.52,18,0,0.30755,0.67414,25,375.0
2022-06-13,2022-07-08,363.0,put,8.0,8.06,8.03,8.15,410,617,0.34658,-0.34083,25,375.0
2022-06-13,2022-07-08,364.0,call,17.86,18.43,18.14,19.57,3,0,0.30755,0.66173,25,375.0
2022-06-13,2022-07-08,364.0,put,8.33,8.4,8.37,8.9,243,1373,0.34658,-0.35203,25,375.0
2022-06-13,2022-07-08,365.0,call,17.22,17.76,17.49,19.11,1,0,0.2978,0.65286,25,375.0
2022-06-13,2022-07-08,365.0,put,8.67,8.74,8.71,9.12,487,1152,0.33682,-0.36049,25,375.0
2022-06-13,2022-07-08,366.0,call,16.58,17.11,16.84,18.9,2,0,0.2978,0.63981,25,375.0
2022-06-13,2022-07-08,366.0,put,9.03,9.1,9.06,9.4,365,325,0.33682,-0.37217,25,375.0
2022-06-13,2022-07-08,367.0,call,15.96,16.48,16.22,0.0,0,0,0.2978,0.62663,25,375.0
2022-06-13,2022-07-08,367.0,put,9.39,9.47,9.43,10.19,337,453,0.33682,-0.38394,25,375.0
2022-06-13,2022-07-08,368.0,call,15.43,15.83,15.63,0.0,0,0,0.2978,0.61334,25,375.0
2022-06-13,2022-07-08,368.0,put,9.77,9.84,9.8,10.43,217,166,0.33682,-0.39578,25,375.0
2022-06-13,2022-07-08,369.0,call,15.02,15.12,15.07,14.95,1,0,0.2978,0.59995,25,375.0
2022-06-13,2022-07-08,369.0,put,10.15,10.23,10.19,10.52,198,443,0.33682,-0.40769,25,375.0
2022-06-13,2022-07-08,370.0,call,14.43,14.51,14.47,14.45,50,10,0.2978,0.58648,25,375.0
2022-06-13,2022-07-08,370.0,put,10.55,10.63,10.59,10.73,1158,1947,0.33682,-0.41965,25,375.0
2022-06-13,2022-07-08,371.0,call,13.84,13.92,13.88,14.11,171,1,0.2978,0.57294,25,375.0
2022-06-13,2022-07-08,371.0,put,10.96,11.05,11.01,11.5,140,295,0.33682,-0.43165,25,375.0
2022-06-13,2022-07-08,372.0,call,13.25,13.35,13.3,12.86,152,0,0.2978,0.55935,25,375.0
2022-06-13,2022-07-08,372.0,put,11.39,11.47,11.43,11.61,111,274,0.33682,-0.44368,25,375.0
2022-06-13,2022-07-08,373.0,call,12.69,12.78,12.73,12.95,368,0,0.2978,0.54573,25,375.0
2022-06-13,2022-07-08,373.0,put,11.82,11.91,11.87,12.04,58,229,0.32707,-0.45545,25,375.0
2022-06-13,2022-07-08,374.0,call,12.14,12.22,12.18,12.27,324,1,0.2978,0.53209,25,375.0
2022-06-13,2022-07-08,374.0,put,12.26,12.35,12.3,12.48,91,240,0.32707,-0.46787,25,375.0
2022-06-13,2022-07-08,375.0,call,11.6,11.69,11.64,11.45,337,18,0.2978,0.51845,25,375.0
2022-06-13,2022-07-08,375.0,put,12.72,12.81,12.77,12.62,2915,735,0.32707,-0.48028,25,375.0
2022-06-13,2022-07-08,376.0,call,11.07,11.15,11.11,11.08,774,1,0.2978,0.50482,25,375.0
2022-06-13,2022-07-08,376.0,put,13.19,13.28,13.23,14.0,209,503,0.32707,-0.49269,25,375.0
2022-06-13,2022-07-08,378.0,call,10.05,10.13,10.09,9.63,437,1,0.28804,0.47589,25,375.0
2022-06-13,2022-07-08,378.0,put,14.17,14.26,14.21,13.63,416,334,0.32707,-0.51741,25,375.0
2022-06-13,2022-07-08,379.0,call,9.56,9.63,9.6,10.56,363,4,0.28804,0.46195,25,375.0
2022-06-13,2022-07-08,379.0,put,14.67,14.76,14.71,15.45,590,825,0.32707,-0.5297,25,375.0
2022-06-13,2022-07-08,380.0,call,9.07,9.15,9.11,9.0,836,3,0.28804,0.4481,25,375.0
2022-06-13,2022-07-08,380.0,put,15.19,15.28,15.23,15.9,1127,914,0.32707,-0.54193,25,375.0
2022-06-13,2022-07-08,381.0,call,8.61,8.68,8.64,8.56,43,8,0.28804,0.43434,25,375.0
2022-06-13,2022-07-08,381.0,put,15.72,15.82,15.77,16.42,126,551,0.31731,-0.55677,25,375.0
2022-06-13,2022-07-08,382.0,call,8.15,8.23,8.19,8.24,218,1,0.28804,0.4207,25,375.0
2022-06-13,2022-07-08,382.0,put,16.27,16.36,16.31,15.04,160,556,0.31731,-0.5692,25,375.0
2022-06-13,2022-07-08,383.0,call,7.71,7.79,7.75,7.8,110,4,0.28804,0.40719,25,375.0
2022-06-13,2022-07-08,383.0,put,16.83,16.93,16.88,15.58,117,194,0.31731,-0.58154,25,375.0
2022-06-13,2022-07-08,384.0,call,7.29,7.36,7.33,7.21,13,13,0.27829,0.3892,25,375.0
2022-06-13,2022-07-08,384.0,put,17.4,17.5,17.45,18.13,228,202,0.31731,-0.59376,25,375.0
2022-06-13,2022-07-08,385.0,call,6.87,6.94,6.91,6.58,219,32,0.27829,0.37557,25,375.0
2022-06-13,2022-07-08,385.0,put,17.99,18.09,18.04,15.77,484,380,0.31731,-0.60586,25,375.0
2022-06-13,2022-07-08,386.0,call,6.46,6.54,6.5,6.36,108,20,0.27829,0.36214,25,375.0
2022-06-13,2022-07-08,386.0,put,18.51,18.83,18.67,17.13,93,241,0.31731,-0.61783,25,375.0
2022-06-13,2022-07-08,387.0,call,6.08,6.15,6.12,6.2,124,111,0.27829,0.34891,25,375.0
2022-06-13,2022-07-08,387.0,put,19.09,19.46,19.27,20.08,39,612,0.31731,-0.62965,25,375.0
2022-06-13,2022-07-08,387.5,call,5.89,5.96,5.92,6.59,30,58,0.27829,0.34237,25,375.0
2022-06-13,2022-07-08,387.5,put,19.35,19.78,19.57,20.82,8,376,0.31731,-0.63551,25,375.0
2022-06-13,2022-07-08,388.0,call,5.71,5.77,5.74,5.71,63,356,0.27829,0.33589,25,375.0
2022-06-13,2022-07-08,388.0,put,19.71,20.09,19.9,19.86,67,329,0.31731,-0.64133,25,375.0
2022-06-13,2022-07-08,389.0,call,5.34,5.41,5.38,6.74,79,215,0.27829,0.3231,25,375.0
2022-06-13,2022-07-08,389.0,put,20.35,20.73,20.54,16.81,56,229,0.31731,-0.65284,25,375.0
2022-06-13,2022-07-08,390.0,call,5.0,5.06,5.03,4.93,254,223,0.26853,0.30333,25,375.0
2022-06-13,2022-07-08,390.0,put,21.0,21.39,21.2,21.68,155,730,0.30755,-0.67002,25,375.0
2022-06-13,2022-07-08,391.0,call,4.67,4.73,4.7,4.66,154,225,0.26853,0.29072,25,375.0
2022-06-13,2022-07-08,391.0,put,21.63,22.1,21.87,23.02,24,191,0.30755,-0.68146,25,375.0
2022-06-13,2022-07-08,392.0,call,4.35,4.41,4.38,4.86,35,175,0.26853,0.27839,25,375.0
2022-06-13,2022-07-08,392.0,put,22.3,22.79,22.55,23.9,22,277,0.30755,-0.6927,25,375.0
2022-06-13,2022-07-08,392.5,call,4.2,4.26,4.23,4.2,39,170,0.26853,0.27233,25,375.0
2022-06-13,2022-07-08,392.5,put,22.58,23.21,22.89,23.15,16,124,0.30755,-0.69824,25,375.0
2022-06-13,2022-07-08,393.0,call,4.05,4.11,4.08,3.89,33,499,0.26853,0.26635,25,375.0
2022-06-13,2022-07-08,393.0,put,23.0,23.49,23.24,21.11,89,2180,0.30755,-0.70373,25,375.0
2022-06-13,2022-07-08,394.0,call,3.76,3.82,3.79,3.8,36,285,0.26853,0.25461,25,375.0
2022-06-13,2022-07-08,394.0,put,23.71,24.18,23.95,23.65,59,265,0.30755,-0.71455,25,375.0
2022-06-13,2022-07-08,395.0,call,3.48,3.54,3.51,3.53,180,1254,0.25877,0.23424,25,375.0
2022-06-13,2022-07-08,395.0,put,24.43,24.91,24.67,25.0,43,272,0.30755,-0.72516,25,375.0
2022-06-13,2022-07-08,396.0,call,3.23,3.28,3.25,3.28,78,288,0.25877,0.22294,25,375.0
2022-06-13,2022-07-08,396.0,put,25.17,25.68,25.43,24.79,1,683,0.30755,-0.73554,25,375.0
2022-06-13,2022-07-08,397.0,call,2.98,3.03,3.0,3.02,54,115,0.25877,0.21199,25,375.0
2022-06-13,2022-07-08,397.0,put,25.92,26.44,26.18,23.08,15,766,0.30755,-0.74569,25,375.0
2022-06-13,2022-07-08,397.5,call,2.86,2.92,2.89,3.0,116,82,0.25877,0.20664,25,375.0
2022-06-13,2022-07-08,397.5,put,26.22,26.9,26.56,24.93,2,624,0.30755,-0.75067,25,375.0
2022-06-13,2022-07-08,398.0,call,2.75,2.8,2.77,2.68,248,42,0.25877,0.20138,25,375.0
2022-06-13,2022-07-08,398.0,put,26.69,27.21,26.95,27.31,5,342,0.30755,-0.7556,25,375.0
2022-06-13,2022-07-08,399.0,call,2.53,2.58,2.55,2.63,42,32,0.25877,0.19113,25,375.0
2022-06-13,2022-07-08,399.0,put,27.47,28.0,27.73,26.18,82,406,0.30755,-0.76529,25,375.0
2022-06-13,2022-07-08,400.0,call,2.33,2.37,2.35,2.25,688,608,0.25877,0.18123,25,375.0
2022-06-13,2022-07-08,400.0,put,28.26,28.8,28.53,29.96,63,1163,0.30755,-0.77473,25,375.0
2022-06-13,2022-07-08,401.0,call,2.14,2.18,2.16,2.63,34,86,0.25877,0.17167,25,375.0
2022-06-13,2022-07-08,401.0,put,29.07,29.61,29.34,28.85,32,1216,0.30755,-0.78393,25,375.0
2022-06-13,2022-07-08,402.0,call,1.96,2.0,1.98,1.96,67,42,0.24902,0.15256,25,375.0
2022-06-13,2022-07-08,402.0,put,29.89,30.44,30.16,28.69,4,289,0.30755,-0.79288,25,375.0
2022-06-13,2022-07-08,402.5,call,1.87,1.91,1.89,2.45,3,1,0.24902,0.14811,25,375.0
2022-06-13,2022-07-08,402.5,put,30.21,30.95,30.58,29.21,1,308,0.30755,-0.79727,25,375.0
2022-06-13,2022-07-08,403.0,call,1.79,1.83,1.81,1.85,26,263,0.24902,0.14375,25,375.0
2022-06-13,2022-07-08,403.0,put,30.73,31.28,31.01,30.97,36,501,0.30755,-0.8016,25,375.0
2022-06-13,2022-07-08,404.0,call,1.64,1.68,1.66,1.64,111,349,0.24902,0.1353,25,375.0
2022-06-13,2022-07-08,404.0,put,31.58,32.13,31.86,29.27,4,230,0.30755,-0.81006,25,375.0
2022-06-13,2022-07-08,405.0,call,1.49,1.53,1.51,1.46,284,633,0.24902,0.12723,25,375.0
2022-06-13,2022-07-08,405.0,put,32.44,32.99,32.72,33.5,564,1074,0.30755,-0.81828,25,375.0
2022-06-13,2022-07-08,406.0,call,1.36,1.4,1.38,1.5,24,253,0.24902,0.11951,25,375.0
2022-06-13,2022-07-08,406.0,put,33.31,33.84,33.58,31.18,86,753,0.30755,-0.82626,25,375.0
2022-06-13,2022-07-08,407.0,call,1.24,1.28,1.26,1.32,94,117,0.24902,0.11215,25,375.0
2022-06-13,2022-07-08,407.0,put,34.13,34.83,34.48,32.91,4,300,0.31731,-0.8258,25,375.0
2022-06-13,2022-07-08,407.5,call,1.18,1.22,1.2,1.19,42,135,0.24902,0.1086,25,375.0
2022-06-13,2022-07-08,407.5,put,34.49,35.36,34.92,32.46,12,371,0.31731,-0.82958,25,375.0
2022-06-13,2022-07-08,408.0,call,1.13,1.16,1.15,1.28,22,333,0.24902,0.10513,25,375.0
2022-06-13,2022-07-08,408.0,put,35.02,35.73,35.38,34.86,8,246,0.31731,-0.83329,25,375.0
2022-06-13,2022-07-08,409.0,call,1.03,1.06,1.04,1.12,144,120,0.24902,0.09846,25,375.0
2022-06-13,2022-07-08,409.0,put,35.92,36.63,36.28,34.04,24,158,0.31731,-0.84055,25,375.0
2022-06-13,2022-07-08,410.0,call,0.94,0.97,0.95,0.92,859,516,0.24902,0.09211,25,375.0
2022-06-13,2022-07-08,410.0,put,36.83,37.54,37.19,37.27,81,819,0.31731,-0.84759,25,375.0
2022-06-13,2022-07-08,411.0,call,0.85,0.88,0.86,0.92,417,698,0.23926,0.07729,25,375.0
2022-06-13,2022-07-08,411.0,put,37.75,38.47,38.11,35.77,12,425,0.31731,-0.8544,25,375.0
2022-06-13,2022-07-08,412.0,call,0.78,0.8,0.79,0.81,68,292,0.23926,0.07182,25,375.0
2022-06-13,2022-07-08,412.0,put,38.68,39.4,39.04,34.7,32,1294,0.32707,-0.85311,25,375.0
2022-06-13,2022-07-08,413.0,call,0.7,0.73,0.71,0.95,61,493,0.23926,0.06667,25,375.0
2022-06-13,2022-07-08,413.0,put,39.61,40.33,39.97,37.68,11,416,0.32707,-0.85953,25,375.0
2022-06-13,2022-07-08,414.0,call,0.65,0.66,0.66,0.69,231,336,0.23926,0.06182,25,375.0
2022-06-13,2022-07-08,414.0,put,40.55,41.27,40.91,37.26,6,224,0.32707,-0.86573,25,375.0
2022-06-13,2022-07-08,415.0,call,0.59,0.61,0.6,0.59,219,469,0.23926,0.05726,25,375.0
2022-06-13,2022-07-08,415.0,put,41.5,42.22,41.86,39.45,5,491,0.33682,-0.86417,25,375.0
2022-06-13,2022-07-08,416.0,call,0.54,0.55,0.55,0.56,3856,317,0.23926,0.05298,25,375.0
2022-06-13,2022-07-08,416.0,put,42.45,43.18,42.81,37.7,6,624,0.33682,-0.87003,25,375.0
2022-06-13,2022-07-08,417.0,call,0.49,0.51,0.5,0.54,158,264,0.23926,0.04896,25,375.0
2022-06-13,2022-07-08,417.0,put,43.41,44.14,43.77,40.57,1,469,0.33682,-0.87571,25,375.0
2022-06-13,2022-07-08,418.0,call,0.45,0.46,0.46,0.51,63,252,0.23926,0.04521,25,375.0
2022-06-13,2022-07-08,418.0,put,44.37,45.1,44.73,29.87,0,936,0.34658,-0.87394,25,375.0
2022-06-13,2022-07-08,419.0,call,0.41,0.43,0.42,0.41,20,525,0.23926,0.04169,25,375.0
2022-06-13,2022-07-08,419.0,put,45.34,46.07,45.7,30.29,0,385,0.34658,-0.87931,25,375.0
2022-06-13,2022-07-08,420.0,call,0.38,0.39,0.39,0.41,379,773,0.23926,0.03841,25,375.0
2022-06-13,2022-07-08,420.0,put,46.31,47.04,46.67,43.08,4,482,0.34658,-0.88451,25,375.0
2022-06-13,2022-07-08,421.0,call,0.35,0.36,0.35,0.37,26,523,0.23926,0.03535,25,375.0
2022-06-13,2022-07-08,421.0,put,47.28,48.02,47.65,32.9,0,7,0.35633,-0.88259,25,375.0
2022-06-13,2022-07-08,422.0,call,0.32,0.33,0.33,0.31,60,467,0.24902,0.03832,25,375.0
2022-06-13,2022-07-08,422.0,put,48.25,49.0,48.62,32.79,0,3,0.35633,-0.88752,25,375.0
2022-06-13,2022-07-08,423.0,call,0.29,0.31,0.3,0.31,48,708,0.24902,0.03539,25,375.0
2022-06-13,2022-07-08,423.0,put,49.23,49.98,49.6,44.66,2,12,0.36609,-0.88557,25,375.0
2022-06-13,2022-07-08,424.0,call,0.27,0.28,0.28,0.31,18,243,0.24902,0.03266,25,375.0
2022-06-13,2022-07-08,424.0,put,50.2,50.97,50.59,45.99,1,8,0.36609,-0.89027,25,375.0
2022-06-13,2022-07-08,425.0,call,0.26,0.27,0.27,0.27,245,1369,0.24902,0.03011,25,375.0
2022-06-13,2022-07-08,425.0,put,51.18,51.96,51.57,33.99,0,22,0.36609,-0.89481,25,375.0
2022-06-13,2022-07-08,426.0,call,0.23,0.24,0.23,0.23,10,491,0.24902,0.02773,25,375.0
2022-06-13,2022-07-08,426.0,put,52.16,52.95,52.55,36.31,0,5,0.37584,-0.89277,25,375.0
2022-06-13,2022-07-08,427.0,call,0.22,0.23,0.23,0.24,8,591,0.24902,0.02551,25,375.0
2022-06-13,2022-07-08,427.0,put,53.14,53.95,53.55,49.98,2,26,0.37584,-0.89711,25,375.0
2022-06-13,2022-07-08,428.0,call,0.2,0.21,0.21,0.21,50,873,0.24902,0.02345,25,375.0
2022-06-13,2022-07-08,428.0,put,53.85,55.12,54.48,27.78,0,3,0.37584,-0.9013,25,375.0
2022-06-13,2022-07-08,429.0,call,0.19,0.2,0.2,0.23,29,596,0.24902,0.02154,25,375.0
2022-06-13,2022-07-08,429.0,put,54.84,56.11,55.48,52.96,1,7,0.3856,-0.8992,25,375.0
2022-06-13,2022-07-08,430.0,call,0.17,0.18,0.17,0.2,216,1556,0.24902,0.01976,25,375.0
2022-06-13,2022-07-08,430.0,put,55.83,57.1,56.47,52.27,6,49,0.3856,-0.90321,25,375.0
2022-06-13,2022-07-08,431.0,call,0.16,0.17,0.17,0.18,26,356,0.24902,0.01812,25,375.0
2022-06-13,2022-07-08,431.0,put,56.82,58.09,57.45,40.95,0,13,0.39536,-0.90111,25,375.0
2022-06-13,2022-07-08,432.0,call,0.15,0.16,0.15,0.16,13,237,0.24902,0.01659,25,375.0
2022-06-13,2022-07-08,432.0,put,57.81,59.08,58.45,55.79,2,10,0.39536,-0.90496,25,375.0
2022-06-13,2022-07-08,433.0,call,0.14,0.15,0.15,0.16,24,249,0.25877,0.01871,25,375.0
2022-06-13,2022-07-08,433.0,put,58.8,60.08,59.44,54.66,1,1,0.40511,-0.90286,25,375.0
2022-06-13,2022-07-08,434.0,call,0.13,0.14,0.14,0.14,13,207,0.25877,0.0172,25,375.0
2022-06-13,2022-07-08,434.0,put,59.79,61.07,60.43,0.0,0,0,0.40511,-0.90655,25,375.0
2022-06-13,2022-07-08,435.0,call,0.13,0.14,0.14,0.14,95,867,0.25877,0.01581,25,375.0
2022-06-13,2022-07-08,435.0,put,60.79,62.06,61.42,57.29,2,24,0.41487,-0.90447,25,375.0
2022-06-13,2022-07-08,436.0,call,0.11,0.12,0.11,0.15,11,662,0.24902,0.01156,25,375.0
2022-06-13,2022-07-08,436.0,put,61.78,63.06,62.42,27.68,0,6,0.41487,-0.90801,25,375.0
2022-06-13,2022-07-08,437.0,call,0.11,0.12,0.11,0.11,3,495,0.25877,0.01331,25,375.0
2022-06-13,2022-07-08,437.0,put,62.78,64.05,63.41,24.78,0,1,0.41487,-0.91144,25,375.0
2022-06-13,2022-07-08,438.0,call,0.1,0.11,0.11,0.11,23,220,0.25877,0.0122,25,375.0
2022-06-13,2022-07-08,438.0,put,63.77,65.05,64.41,48.91,0,2,0.42462,-0.90934,25,375.0
2022-06-13,2022-07-08,439.0,call,0.09,0.1,0.1,0.11,16,325,0.25877,0.01117,25,375.0
2022-06-13,2022-07-08,439.0,put,64.77,66.04,65.41,28.18,0,3,0.42462,-0.91265,25,375.0
2022-06-13,2022-07-08,440.0,call,0.09,0.1,0.1,0.11,383,636,0.25877,0.01022,25,375.0
2022-06-13,2022-07-08,440.0,put,65.76,67.04,66.4,61.9,2,24,0.43438,-0.91057,25,375.0
2022-06-13,2022-07-08,441.0,call,0.08,0.09,0.08,0.1,22,230,0.25877,0.00935,25,375.0
2022-06-13,2022-07-08,441.0,put,66.76,68.04,67.4,0.0,0,0,0.43438,-0.91375,25,375.0
2022-06-13,2022-07-08,442.0,call,0.08,0.09,0.08,0.09,12,147,0.25877,0.00854,25,375.0
2022-06-13,2022-07-08,442.0,put,67.76,69.03,68.4,0.0,0,0,0.44414,-0.91169,25,375.0
2022-06-13,2022-07-08,443.0,call,0.07,0.08,0.08,0.08,8,193,0.26853,0.00996,25,375.0
2022-06-13,2022-07-08,443.0,put,68.75,70.03,69.39,54.45,0,1,0.44414,-0.91476,25,375.0
2022-06-13,2022-07-08,444.0,call,0.07,0.08,0.08,0.07,10,906,0.26853,0.00914,25,375.0
2022-06-13,2022-07-08,444.0,put,69.75,71.02,70.38,0.0,0,0,0.44414,-0.91774,25,375.0
2022-06-13,2022-07-08,445.0,call,0.06,0.08,0.07,0.08,266,640,0.26853,0.00838,25,375.0
2022-06-13,2022-07-08,445.0,put,70.75,72.02,71.38,0.0,0,0,0.45389,-0.91568,25,375.0
2022-06-13,2022-07-08,446.0,call,0.06,0.07,0.07,0.13,0,313,0.26853,0.00767,25,375.0
2022-06-13,2022-07-08,446.0,put,71.74,73.02,72.38,67.47,1,7,0.45389,-0.91857,25,375.0
2022-06-13,2022-07-08,447.0,call,0.06,0.07,0.07,0.05,36,265,0.27829,0.00896,25,375.0
2022-06-13,2022-07-08,447.0,put,72.74,74.02,73.38,38.34,0,10,0.46365,-0.91652,25,375.0
2022-06-13,2022-07-08,448.0,call,0.05,0.06,0.06,0.06,31,547,0.26853,0.00643,25,375.0
2022-06-13,2022-07-08,448.0,put,73.74,75.01,74.38,0.0,0,0,0.46365,-0.91931,25,375.0
2022-06-13,2022-07-08,449.0,call,0.05,0.06,0.06,0.05,2,214,0.27829,0.00758,25,375.0
2022-06-13,2022-07-08,449.0,put,74.74,76.01,75.38,37.85,0,11,0.4734,-0.91729,25,375.0
2022-06-13,2022-07-08,450.0,call,0.05,0.06,0.06,0.05,25,1709,0.27829,0.00696,25,375.0
2022-06-13,2022-07-08,450.0,put,75.74,77.01,76.38,60.37,0,15,0.4734,-0.92,25,375.0
2022-06-13,2022-07-08,452.0,call,0.04,0.05,0.04,0.04,6,829,0.26853,0.00447,25,375.0
2022-06-13,2022-07-08,452.0,put,77.73,79.01,78.37,0.0,0,0,0.48316,-0.92061,25,375.0
2022-06-13,2022-07-08,454.0,call,0.04,0.05,0.04,0.03,1,87,0.27829,0.00493,25,375.0
2022-06-13,2022-07-08,454.0,put,79.73,81.0,80.37,0.0,0,0,0.49292,-0.92117,25,375.0
2022-06-13,2022-07-08,455.0,call,0.04,0.05,0.04,0.03,9,161,0.27829,0.00452,25,375.0
2022-06-13,2022-07-08,455.0,put,80.73,82.0,81.37,44.62,0,2,0.49292,-0.92365,25,375.0
2022-06-13,2022-07-08,460.0,call,0.03,0.04,0.04,0.03,2,175,0.2978,0.00501,25,375.0
2022-06-13,2022-07-08,460.0,put,85.72,87.0,86.36,47.38,0,31,0.51243,-0.92676,25,375.0
2022-06-13,2022-07-08,465.0,call,0.02,0.04,0.03,0.02,1,40,0.2978,0.00333,25,375.0
2022-06-13,2022-07-08,465.0,put,90.72,91.99,91.35,0.0,0,0,0.54169,-0.92541,25,375.0
2022-06-13,2022-07-08,470.0,call,0.02,0.03,0.03,0.03,0,58,0.30755,0.00291,25,375.0
2022-06-13,2022-07-08,470.0,put,95.71,96.99,96.35,0.0,0,0,0.56121,-0.92787,25,375.0
2022-06-13,2022-07-08,475.0,call,0.02,0.03,0.03,0.02,4,17,0.32707,0.00334,25,375.0
2022-06-13,2022-07-08,475.0,put,100.71,101.99,101.35,65.9,0,2,0.58072,-0.92998,25,375.0
2022-06-13,2022-07-08,480.0,call,0.01,0.03,0.02,0.03,0,21,0.32707,0.00229,25,375.0
2022-06-13,2022-07-08,480.0,put,105.71,106.98,106.34,68.0,0,1,0.60023,-0.9318,25,375.0
2022-06-13,2022-07-08,485.0,call,0.01,0.02,0.01,0.03,0,1,0.31731,0.00115,25,375.0
2022-06-13,2022-07-08,485.0,put,110.7,111.98,111.34,0.0,0,0,0.61974,-0.93336,25,375.0
2022-06-13,2022-07-08,490.0,call,0.01,0.02,0.01,0.02,0,1415,0.32707,0.00105,25,375.0
2022-06-13,2022-07-08,490.0,put,115.7,116.98,116.34,115.83,1,1,0.6295,-0.93795,25,375.0
2022-06-13,2022-07-08,495.0,call,0.01,0.02,0.01,0.02,0,800,0.33682,0.00097,25,375.0
2022-06-13,2022-07-08,495.0,put,120.7,121.97,121.34,0.0,0,0,0.64901,-0.93898,25,375.0
2022-06-13,2022-07-08,500.0,call,0.01,0.02,0.01,0.02,70,340,0.35633,0.00121,25,375.0
2022-06-13,2022-07-08,500.0,put,125.69,126.97,126.33,0.0,0,0,0.66852,-0.93985,25,375.0
2022-06-13,2022-07-08,510.0,put,135.69,136.97,136.33,0.0,0,0,0.70754,-0.94119,25,375.0
2022-06-13,2022-07-08,520.0,put,145.69,146.96,146.32,0.0,0,0,0.73681,-0.94474,25,375.0
2022-06-13,2022-07-08,530.0,put,155.69,156.96,156.32,0.0,0,0,0.77583,-0.94514,25,375.0
2022-06-13,2022-07-08,540.0,put,165.68,166.96,166.32,0.0,0,0,0.8051,-0.94766,25,375.0
2022-06-13,2022-07-08,550.0,put,175.68,176.96,176.32,0.0,0,0,0.83437,-0.94972,25,375.0
2022-06-13,2022-07-08,560.0,put,185.68,186.95,186.31,0.0,0,0,0.87339,-0.94925,25,375.0
2022-06-13,2022-07-08,570.0,put,195.67,196.95,196.31,0.0,0,0,0.90266,-0.95072,25,375.0
2022-06-13,2022-07-08,580.0,put,205.67,206.95,206.31,0.0,0,0,0.93193,-0.95192,25,375.0
2022-06-13,2022-07-08,590.0,put,215.67,216.94,216.31,0.0,0,0,0.9612,-0.95289,25,375.0
2022-06-13,2022-07-08,600.0,put,225.67,226.94,226.31,0.0,0,0,0.99046,-0.95365,25,375.0
2022-06-13,2022-07-11,330.0,call,45.48,46.91,46.19,0.0,0,0,0.31731,0.93393,28,375.0
2022-06-13,2022-07-11,330.0,put,2.14,2.2,2.17,2.18,150,32,0.3856,-0.1045,28,375.0
2022-06-13,2022-07-11,335.0,call,40.93,42.27,41.6,0.0,0,0,0.31731,0.909,28,375.0
2022-06-13,2022-07-11,335.0,put,2.61,2.68,2.65,2.76,41,49,0.37584,-0.12679,28,375.0
2022-06-13,2022-07-11,340.0,call,36.53,37.76,37.14,39.3,1,0,0.30755,0.88499,28,375.0
2022-06-13,2022-07-11,340.0,put,3.2,3.27,3.24,3.45,61,24,0.36609,-0.15308,28,375.0
2022-06-13,2022-07-11,345.0,call,32.3,33.41,32.85,0.0,0,0,0.30755,0.84824,28,375.0
2022-06-13,2022-07-11,345.0,put,3.95,4.02,3.98,3.95,29,33,0.35633,-0.18389,28,375.0
2022-06-13,2022-07-11,350.0,call,28.27,29.24,28.75,30.7,5,0,0.30755,0.80511,28,375.0
2022-06-13,2022-07-11,350.0,put,4.87,4.95,4.91,4.98,650,181,0.35633,-0.22517,28,375.0
2022-06-13,2022-07-11,355.0,call,24.46,25.31,24.88,0.0,0,0,0.2978,0.76222,28,375.0
2022-06-13,2022-07-11,355.0,put,6.0,6.09,6.04,6.28,118,66,0.34658,-0.26579,28,375.0
2022-06-13,2022-07-11,360.0,call,20.89,21.55,21.22,0.0,0,0,0.2978,0.70674,28,375.0
2022-06-13,2022-07-11,360.0,put,7.35,7.45,7.4,7.68,870,182,0.33682,-0.31169,28,375.0
2022-06-13,2022-07-11,365.0,call,17.57,18.15,17.86,0.0,0,0,0.2978,0.64679,28,375.0
2022-06-13,2022-07-11,365.0,put,8.96,9.07,9.02,9.22,147,152,0.32707,-0.36291,28,375.0
2022-06-13,2022-07-11,366.0,call,16.93,17.51,17.22,28.47,0,1,0.2978,0.63438,28,375.0
2022-06-13,2022-07-11,366.0,put,9.31,9.43,9.37,8.5,47,22,0.32707,-0.3743,28,375.0
2022-06-13,2022-07-11,368.0,call,15.76,16.2,15.98,17.28,1,0,0.2978,0.60927,28,375.0
2022-06-13,2022-07-11,368.0,put,10.05,10.17,10.11,10.71,23,1,0.32707,-0.3973,28,375.0
2022-06-13,2022-07-11,370.0,call,14.77,14.9,14.84,15.19,14,0,0.28804,0.58555,28,375.0
2022-06-13,2022-07-11,370.0,put,10.83,10.95,10.89,11.38,88,91,0.32707,-0.42054,28,375.0
2022-06-13,2022-07-11,372.0,call,13.6,13.73,13.66,14.58,36,0,0.28804,0.55905,28,375.0
2022-06-13,2022-07-11,372.0,put,11.66,11.78,11.72,12.78,13,27,0.31731,-0.44331,28,375.0
2022-06-13,2022-07-11,374.0,call,12.47,12.6,12.54,12.36,51,0,0.28804,0.53241,28,375.0
2022-06-13,2022-07-11,374.0,put,12.53,12.65,12.59,12.92,88,36,0.31731,-0.46749,28,375.0
2022-06-13,2022-07-11,375.0,call,11.93,12.06,12.0,11.94,42,0,0.28804,0.51909,28,375.0
2022-06-13,2022-07-11,375.0,put,12.98,13.11,13.04,14.05,145,136,0.31731,-0.47959,28,375.0
2022-06-13,2022-07-11,376.0,call,11.4,11.52,11.46,11.49,116,0,0.28804,0.50578,28,375.0
2022-06-13,2022-07-11,376.0,put,13.45,13.58,13.52,13.71,250,19,0.31731,-0.49167,28,375.0
2022-06-13,2022-07-11,378.0,call,10.37,10.49,10.43,10.52,105,0,0.27829,0.47744,28,375.0
2022-06-13,2022-07-11,378.0,put,14.42,14.55,14.48,14.88,92,37,0.31731,-0.51575,28,375.0
2022-06-13,2022-07-11,380.0,call,9.39,9.51,9.45,9.45,509,16,0.27829,0.45024,28,375.0
2022-06-13,2022-07-11,380.0,put,15.43,15.58,15.5,15.62,241,344,0.30755,-0.54198,28,375.0
2022-06-13,2022-07-11,382.0,call,8.46,8.57,8.52,8.39,270,1,0.27829,0.42342,28,375.0
2022-06-13,2022-07-11,382.0,put,16.51,16.63,16.57,16.93,62,48,0.30755,-0.56633,28,375.0
2022-06-13,2022-07-11,384.0,call,7.58,7.69,7.63,7.52,97,0,0.27829,0.39708,28,375.0
2022-06-13,2022-07-11,384.0,put,17.63,17.76,17.7,14.85,46,12,0.30755,-0.59031,28,375.0
2022-06-13,2022-07-11,385.0,call,7.16,7.27,7.21,7.15,34,35,0.26853,0.379,28,375.0
2022-06-13,2022-07-11,385.0,put,18.2,18.34,18.27,18.77,79,314,0.30755,-0.60214,28,375.0
2022-06-13,2022-07-11,386.0,call,6.75,6.86,6.8,6.72,21,2,0.26853,0.36581,28,375.0
2022-06-13,2022-07-11,386.0,put,18.75,19.11,18.93,17.21,83,76,0.30755,-0.61384,28,375.0
2022-06-13,2022-07-11,388.0,call,5.98,6.08,6.03,6.48,16,12,0.26853,0.34,28,375.0
2022-06-13,2022-07-11,388.0,put,19.96,20.36,20.16,16.55,39,69,0.30755,-0.63683,28,375.0
2022-06-13,2022-07-11,390.0,call,5.26,5.36,5.31,5.0,20,20,0.26853,0.31505,28,375.0
2022-06-13,2022-07-11,390.0,put,21.25,21.64,21.45,22.34,27,249,0.2978,-0.66515,28,375.0
2022-06-13,2022-07-11,391.0,call,4.92,5.02,4.97,5.09,293,75,0.25877,0.29521,28,375.0
2022-06-13,2022-07-11,391.0,put,21.87,22.35,22.11,23.01,74,63,0.2978,-0.67638,28,375.0
2022-06-13,2022-07-11,392.0,call,4.6,4.69,4.64,5.03,72,74,0.25877,0.28303,28,375.0
2022-06-13,2022-07-11,392.0,put,22.52,23.03,22.77,20.33,33,51,0.2978,-0.68743,28,375.0
2022-06-13,2022-07-11,393.0,call,4.28,4.38,4.33,4.49,17,53,0.25877,0.27112,28,375.0
2022-06-13,2022-07-11,393.0,put,23.23,23.72,23.48,24.04,19,29,0.2978,-0.69828,28,375.0
2022-06-13,2022-07-11,394.0,call,3.99,4.08,4.04,4.39,15,46,0.25877,0.25951,28,375.0
2022-06-13,2022-07-11,394.0,put,23.93,24.43,24.18,25.69,2,21,0.2978,-0.70893,28,375.0
2022-06-13,2022-07-11,395.0,call,3.7,3.8,3.75,3.74,134,119,0.25877,0.24818,28,375.0
2022-06-13,2022-07-11,395.0,put,24.62,25.15,24.88,26.09,18,37,0.2978,-0.71938,28,375.0
2022-06-13,2022-07-11,396.0,call,3.43,3.53,3.48,3.8,7,84,0.25877,0.23715,28,375.0
2022-06-13,2022-07-11,396.0,put,25.35,25.88,25.62,14.22,0,35,0.2978,-0.72962,28,375.0
2022-06-13,2022-07-11,397.0,call,3.18,3.27,3.23,3.25,27,12,0.24902,0.21685,28,375.0
2022-06-13,2022-07-11,397.0,put,26.09,26.63,26.36,15.61,0,15,0.2978,-0.73964,28,375.0
2022-06-13,2022-07-11,398.0,call,2.94,3.03,2.98,3.29,4,31,0.24902,0.20629,28,375.0
2022-06-13,2022-07-11,398.0,put,26.85,27.39,27.12,24.36,1,4,0.2978,-0.74944,28,375.0
2022-06-13,2022-07-11,399.0,call,2.71,2.8,2.75,3.29,7,149,0.24902,0.19607,28,375.0
2022-06-13,2022-07-11,399.0,put,27.62,28.17,27.9,16.33,0,38,0.2978,-0.75902,28,375.0
2022-06-13,2022-07-11,400.0,call,2.49,2.58,2.54,2.5,100,176,0.24902,0.18619,28,375.0
2022-06-13,2022-07-11,400.0,put,28.41,28.96,28.69,30.0,24,76,0.2978,-0.76837,28,375.0
2022-06-13,2022-07-11,401.0,call,2.29,2.37,2.33,2.4,1,112,0.24902,0.17665,28,375.0
2022-06-13,2022-07-11,401.0,put,29.23,29.76,29.5,27.21,7,9,0.2978,-0.7775,28,375.0
2022-06-13,2022-07-11,402.0,call,2.1,2.18,2.14,2.28,74,35,0.24902,0.16744,28,375.0
2022-06-13,2022-07-11,402.0,put,30.01,30.58,30.3,30.34,1,47,0.2978,-0.78639,28,375.0
2022-06-13,2022-07-11,403.0,call,1.93,2.01,1.97,2.0,10,29,0.24902,0.15857,28,375.0
2022-06-13,2022-07-11,403.0,put,30.84,31.41,31.12,27.32,10,110,0.2978,-0.79506,28,375.0
2022-06-13,2022-07-11,404.0,call,1.77,1.84,1.81,1.85,35,168,0.23926,0.13978,28,375.0
2022-06-13,2022-07-11,404.0,put,31.68,32.25,31.96,19.85,0,75,0.2978,-0.80349,28,375.0
2022-06-13,2022-07-11,405.0,call,1.61,1.69,1.65,1.63,154,137,0.23926,0.13165,28,375.0
2022-06-13,2022-07-11,405.0,put,32.53,33.11,32.82,19.52,0,26,0.2978,-0.81168,28,375.0
2022-06-13,2022-07-11,406.0,call,1.47,1.54,1.5,1.91,9,90,0.23926,0.12388,28,375.0
2022-06-13,2022-07-11,406.0,put,33.39,33.97,33.68,32.86,5,58,0.2978,-0.81965,28,375.0
2022-06-13,2022-07-11,407.0,call,1.35,1.41,1.38,1.8,16,53,0.23926,0.11645,28,375.0
2022-06-13,2022-07-11,407.0,put,34.26,34.85,34.55,29.58,1,78,0.2978,-0.82737,28,375.0
2022-06-13,2022-07-11,408.0,call,1.23,1.29,1.26,1.29,30,151,0.23926,0.10935,28,375.0
2022-06-13,2022-07-11,408.0,put,35.12,35.84,35.48,32.96,2,102,0.30755,-0.8264,28,375.0
2022-06-13,2022-07-11,409.0,call,1.12,1.18,1.15,1.2,30,190,0.23926,0.10259,28,375.0
2022-06-13,2022-07-11,409.0,put,36.01,36.74,36.38,22.97,0,50,0.30755,-0.83367,28,375.0
2022-06-13,2022-07-11,410.0,call,1.02,1.08,1.05,1.0,83,248,0.23926,0.09616,28,375.0
2022-06-13,2022-07-11,410.0,put,36.91,37.65,37.28,38.11,206,332,0.30755,-0.84073,28,375.0
2022-06-13,2022-07-11,411.0,call,0.93,0.98,0.96,1.1,23,120,0.23926,0.09004,28,375.0
2022-06-13,2022-07-11,411.0,put,37.82,38.57,38.2,35.62,7,54,0.30755,-0.84757,28,375.0
2022-06-13,2022-07-11,412.0,call,0.85,0.9,0.88,0.97,12,112,0.23926,0.08423,28,375.0
2022-06-13,2022-07-11,412.0,put,38.74,39.49,39.12,36.46,1,97,0.30755,-0.85419,28,375.0
2022-06-13,2022-07-11,413.0,call,0.77,0.82,0.79,0.9,2,127,0.23926,0.07871,28,375.0
2022-06-13,2022-07-11,413.0,put,39.67,40.42,40.05,26.7,0,102,0.31731,-0.85247,28,375.0
2022-06-13,2022-07-11,414.0,call,0.7,0.75,0.72,0.96,9,190,0.22951,0.06493,28,375.0
2022-06-13,2022-07-11,414.0,put,40.6,41.36,40.98,26.3,0,79,0.31731,-0.85872,28,375.0
2022-06-13,2022-07-11,415.0,call,0.65,0.68,0.67,0.66,34,85,0.23926,0.06855,28,375.0
2022-06-13,2022-07-11,415.0,put,41.53,42.31,41.92,42.55,6,51,0.31731,-0.86478,28,375.0
2022-06-13,2022-07-11,416.0,call,0.59,0.62,0.6,0.64,4,128,0.22951,0.05586,28,375.0
2022-06-13,2022-07-11,416.0,put,42.48,43.26,42.87,42.0,1,75,0.31731,-0.87064,28,375.0
2022-06-13,2022-07-11,417.0,call,0.54,0.57,0.55,0.58,17,54,0.22951,0.05173,28,375.0
2022-06-13,2022-07-11,417.0,put,43.42,44.23,43.83,25.9,0,13,0.32707,-0.86856,28,375.0
2022-06-13,2022-07-11,418.0,call,0.49,0.52,0.51,0.53,1,42,0.22951,0.04786,28,375.0
2022-06-13,2022-07-11,418.0,put,44.37,45.19,44.78,13.49,0,41,0.32707,-0.87411,28,375.0
2022-06-13,2022-07-11,419.0,call,0.45,0.48,0.46,0.51,5,23,0.22951,0.04423,28,375.0
2022-06-13,2022-07-11,419.0,put,45.33,46.16,45.74,14.81,0,1,0.32707,-0.87948,28,375.0
2022-06-13,2022-07-11,420.0,call,0.42,0.44,0.43,0.45,296,236,0.22951,0.04084,28,375.0
2022-06-13,2022-07-11,420.0,put,46.28,47.15,46.72,43.91,1,96,0.33682,-0.87725,28,375.0
2022-06-13,2022-07-11,421.0,call,0.38,0.41,0.4,0.51,22,77,0.23926,0.04426,28,375.0
2022-06-13,2022-07-11,421.0,put,47.24,48.13,47.69,42.73,1,9,0.33682,-0.88235,28,375.0
2022-06-13,2022-07-11,422.0,call,0.35,0.37,0.36,0.43,6,42,0.22951,0.0347,28,375.0
2022-06-13,2022-07-11,422.0,put,48.18,49.13,48.66,0.0,0,0,0.33682,-0.88729,28,375.0
2022-06-13,2022-07-11,423.0,call,0.32,0.35,0.33,0.33,9,52,0.23926,0.03797,28,375.0
2022-06-13,2022-07-11,423.0,put,49.15,50.11,49.63,15.8,0,1,0.34658,-0.88496,28,375.0
2022-06-13,2022-07-11,424.0,call,0.3,0.32,0.31,0.31,24,46,0.23926,0.03511,28,375.0
2022-06-13,2022-07-11,424.0,put,50.13,51.09,50.61,46.18,1,18,0.34658,-0.88966,28,375.0
2022-06-13,2022-07-11,425.0,call,0.28,0.3,0.29,0.31,11,46,0.23926,0.03245,28,375.0
2022-06-13,2022-07-11,425.0,put,51.11,52.08,51.59,46.39,1,4,0.35633,-0.88732,28,375.0
2022-06-13,2022-07-11,426.0,call,0.26,0.28,0.27,0.29,4,48,0.23926,0.02996,28,375.0
2022-06-13,2022-07-11,426.0,put,52.09,53.06,52.58,47.82,1,2,0.35633,-0.89181,28,375.0
2022-06-13,2022-07-11,427.0,call,0.24,0.26,0.25,0.31,13,48,0.23926,0.02763,28,375.0
2022-06-13,2022-07-11,427.0,put,53.08,54.05,53.56,17.45,0,10,0.35633,-0.89616,28,375.0
2022-06-13,2022-07-11,428.0,call,0.22,0.24,0.23,0.28,3,15,0.23926,0.02546,28,375.0
2022-06-13,2022-07-11,428.0,put,54.06,55.04,54.55,21.5,0,1,0.36609,-0.89376,28,375.0
2022-06-13,2022-07-11,429.0,call,0.2,0.22,0.21,0.22,5,133,0.23926,0.02344,28,375.0
2022-06-13,2022-07-11,429.0,put,54.55,56.35,55.45,50.78,1,20,0.36609,-0.89792,28,375.0
2022-06-13,2022-07-11,430.0,call,0.19,0.21,0.2,0.24,25,103,0.23926,0.02156,28,375.0
2022-06-13,2022-07-11,430.0,put,55.53,57.34,56.44,55.33,2,25,0.36609,-0.90196,28,375.0
2022-06-13,2022-07-11,432.0,call,0.16,0.18,0.17,0.19,19,30,0.23926,0.0182,28,375.0
2022-06-13,2022-07-11,432.0,put,57.51,59.33,58.42,0.0,0,0,0.37584,-0.90339,28,375.0
2022-06-13,2022-07-11,434.0,call,0.14,0.16,0.15,0.16,20,55,0.23926,0.0153,28,375.0
2022-06-13,2022-07-11,434.0,put,59.49,61.32,60.41,42.95,0,0,0.3856,-0.9047,28,375.0
2022-06-13,2022-07-11,435.0,call,0.13,0.15,0.14,0.16,18,112,0.24902,0.01751,28,375.0
2022-06-13,2022-07-11,435.0,put,60.49,62.32,61.41,26.85,0,1,0.3856,-0.9083,28,375.0
2022-06-13,2022-07-11,436.0,call,0.12,0.14,0.13,0.15,17,22,0.24902,0.01612,28,375.0
2022-06-13,2022-07-11,436.0,put,61.48,63.32,62.4,0.0,0,0,0.39536,-0.90588,28,375.0
2022-06-13,2022-07-11,438.0,call,0.11,0.12,0.11,0.27,0,7,0.24902,0.01363,28,375.0
2022-06-13,2022-07-11,438.0,put,63.46,65.31,64.39,0.0,0,0,0.40511,-0.90696,28,375.0
2022-06-13,2022-07-11,440.0,call,0.09,0.11,0.1,0.11,119,138,0.24902,0.01149,28,375.0
2022-06-13,2022-07-11,440.0,put,65.46,67.31,66.38,32.72,0,46,0.40511,-0.91354,28,375.0
2022-06-13,2022-07-11,442.0,call,0.08,0.1,0.09,0.2,0,35,0.24902,0.00965,28,375.0
2022-06-13,2022-07-11,442.0,put,67.45,69.31,68.38,0.0,0,0,0.41487,-0.91428,28,375.0
2022-06-13,2022-07-11,444.0,call,0.07,0.09,0.08,0.19,0,8,0.25877,0.01039,28,375.0
2022-06-13,2022-07-11,444.0,put,69.44,71.13,70.28,0.0,0,0,0.41487,-0.92027,28,375.0
2022-06-13,2022-07-11,445.0,call,0.07,0.08,0.08,0.08,9,229,0.25877,0.00956,28,375.0
2022-06-13,2022-07-11,445.0,put,70.44,72.32,71.38,0.0,0,0,0.43438,-0.91263,28,375.0
2022-06-13,2022-07-11,446.0,call,0.06,0.08,0.07,0.07,1,216,0.25877,0.00879,28,375.0
2022-06-13,2022-07-11,446.0,put,71.44,73.32,72.38,45.28,0,0,0.43438,-0.91555,28,375.0
2022-06-13,2022-07-11,448.0,call,0.05,0.07,0.06,0.1,0,145,0.25877,0.00741,28,375.0
2022-06-13,2022-07-11,448.0,put,73.43,75.13,74.28,0.0,0,0,0.43438,-0.92117,28,375.0
2022-06-13,2022-07-11,450.0,call,0.05,0.07,0.06,0.04,24,118,0.25877,0.00623,28,375.0
2022-06-13,2022-07-11,450.0,put,75.43,77.32,76.38,39.85,0,1,0.45389,-0.91657,28,375.0
2022-06-13,2022-07-11,452.0,call,0.04,0.06,0.05,0.05,1,3,0.25877,0.00522,28,375.0
2022-06-13,2022-07-11,452.0,put,77.42,79.14,78.28,0.0,0,0,0.45389,-0.92185,28,375.0
2022-06-13,2022-07-11,454.0,call,0.04,0.05,0.04,0.0,0,0,0.25877,0.00436,28,375.0
2022-06-13,2022-07-11,454.0,put,79.42,81.32,80.37,0.0,0,0,0.46365,-0.92213,28,375.0
2022-06-13,2022-07-11,455.0,call,0.03,0.05,0.04,0.15,0,9,0.26853,0.00532,28,375.0
2022-06-13,2022-07-11,455.0,put,80.42,82.14,81.28,0.0,0,0,0.46365,-0.92459,28,375.0
2022-06-13,2022-07-11,460.0,call,0.03,0.04,0.04,0.07,0,9,0.27829,0.00461,28,375.0
2022-06-13,2022-07-11,460.0,put,85.41,87.16,86.28,0.0,0,0,0.48316,-0.92717,28,375.0
2022-06-13,2022-07-11,465.0,call,0.02,0.04,0.03,0.05,0,26,0.27829,0.00303,28,375.0
2022-06-13,2022-07-11,465.0,put,90.41,92.18,91.3,0.0,0,0,0.50267,-0.92934,28,375.0
2022-06-13,2022-07-11,470.0,call,0.02,0.04,0.03,0.09,0,3,0.2978,0.00359,28,375.0
2022-06-13,2022-07-11,470.0,put,95.41,97.2,96.31,0.0,0,0,0.52218,-0.93117,28,375.0
2022-06-13,2022-07-11,480.0,call,0.01,0.03,0.02,0.0,0,0,0.30755,0.0022,28,375.0
2022-06-13,2022-07-11,480.0,put,105.4,107.3,106.35,0.0,0,0,0.57096,-0.93029,28,375.0
2022-06-13,2022-07-11,490.0,call,0.01,0.03,0.02,0.02,0,75,0.32707,0.00186,28,375.0
2022-06-13,2022-07-11,490.0,put,115.4,117.3,116.35,0.0,0,0,0.60023,-0.93599,28,375.0
2022-06-13,2022-07-13,340.0,call,36.97,38.12,37.55,0.0,0,0,0.31731,0.87077,30,375.0
2022-06-13,2022-07-13,340.0,put,3.59,3.69,3.64,3.82,156,137,0.37584,-0.16614,30,375.0
2022-06-13,2022-07-13,345.0,call,32.81,33.83,33.32,0.0,0,0,0.31731,0.83387,30,375.0
2022-06-13,2022-07-13,345.0,put,4.39,4.5,4.45,4.51,75,22,0.36609,-0.19671,30,375.0
2022-06-13,2022-07-13,350.0,call,28.84,29.74,29.29,0.0,0,0,0.30755,0.79794,30,375.0
2022-06-13,2022-07-13,350.0,put,5.37,5.49,5.43,5.48,276,347,0.35633,-0.23174,30,375.0
2022-06-13,2022-07-13,355.0,call,25.11,25.87,25.49,28.23,1,0,0.30755,0.74966,30,375.0
2022-06-13,2022-07-13,355.0,put,6.55,6.68,6.62,6.8,198,225,0.34658,-0.27154,30,375.0
2022-06-13,2022-07-13,360.0,call,21.55,22.18,21.87,22.92,10,0,0.30755,0.69665,30,375.0
2022-06-13,2022-07-13,360.0,put,7.95,8.08,8.02,8.1,515,300,0.34658,-0.32011,30,375.0
2022-06-13,2022-07-13,365.0,call,18.25,18.78,18.52,19.45,10,0,0.2978,0.64329,30,375.0
2022-06-13,2022-07-13,365.0,put,9.57,9.72,9.64,9.84,105,83,0.33682,-0.36872,30,375.0
2022-06-13,2022-07-13,366.0,call,17.62,18.15,17.88,0.0,0,0,0.2978,0.63127,30,375.0
2022-06-13,2022-07-13,366.0,put,9.93,10.08,10.0,10.46,45,1,0.33682,-0.37945,30,375.0
2022-06-13,2022-07-13,368.0,call,16.39,16.86,16.62,0.0,0,0,0.2978,0.60695,30,375.0
2022-06-13,2022-07-13,368.0,put,10.66,10.83,10.75,11.0,104,2,0.32707,-0.39932,30,375.0
2022-06-13,2022-07-13,370.0,call,15.41,15.58,15.5,15.23,29,0,0.2978,0.58235,30,375.0
2022-06-13,2022-07-13,370.0,put,11.45,11.6,11.52,11.74,256,163,0.32707,-0.42179,30,375.0
2022-06-13,2022-07-13,372.0,call,14.23,14.4,14.32,13.9,1,1,0.2978,0.55755,30,375.0
2022-06-13,2022-07-13,372.0,put,12.28,12.43,12.36,12.89,86,0,0.32707,-0.4444,30,375.0
2022-06-13,2022-07-13,374.0,call,13.11,13.27,13.19,13.16,18,0,0.2978,0.53266,30,375.0
2022-06-13,2022-07-13,374.0,put,13.14,13.3,13.22,13.85,278,1,0.32707,-0.46707,30,375.0
2022-06-13,2022-07-13,375.0,call,12.55,12.72,12.64,12.55,60,0,0.28804,0.51976,30,375.0
2022-06-13,2022-07-13,375.0,put,13.59,13.75,13.67,13.94,90,618,0.31731,-0.47887,30,375.0
2022-06-13,2022-07-13,376.0,call,12.02,12.19,12.11,12.24,19,0,0.28804,0.5069,30,375.0
2022-06-13,2022-07-13,376.0,put,14.05,14.21,14.13,14.69,258,4,0.31731,-0.49054,30,375.0
2022-06-13,2022-07-13,378.0,call,10.98,11.14,11.06,11.01,96,0,0.28804,0.48128,30,375.0
2022-06-13,2022-07-13,378.0,put,14.97,15.17,15.07,15.83,282,12,0.31731,-0.5138,30,375.0
2022-06-13,2022-07-13,380.0,call,9.99,10.15,10.07,9.51,160,11,0.28804,0.45587,30,375.0
2022-06-13,2022-07-13,380.0,put,16.01,16.18,16.09,16.2,509,88,0.31731,-0.5369,30,375.0
2022-06-13,2022-07-13,382.0,call,9.04,9.2,9.12,9.15,71,1,0.27829,0.42725,30,375.0
2022-06-13,2022-07-13,382.0,put,17.03,17.23,17.13,16.27,154,1,0.30755,-0.56274,30,375.0
2022-06-13,2022-07-13,384.0,call,8.15,8.3,8.23,8.29,15,0,0.27829,0.40175,30,375.0
2022-06-13,2022-07-13,384.0,put,18.13,18.33,18.23,17.66,125,10,0.30755,-0.58596,30,375.0
2022-06-13,2022-07-13,385.0,call,7.71,7.86,7.79,7.59,192,5,0.27829,0.38919,30,375.0
2022-06-13,2022-07-13,385.0,put,18.74,18.9,18.82,15.16,16,63,0.30755,-0.59741,30,375.0
2022-06-13,2022-07-13,386.0,call,7.3,7.44,7.37,8.1,89,122,0.27829,0.37678,30,375.0
2022-06-13,2022-07-13,386.0,put,19.31,19.49,19.4,19.15,93,4,0.30755,-0.60875,30,375.0
2022-06-13,2022-07-13,388.0,call,6.5,6.65,6.58,6.97,13,0,0.26853,0.3463,30,375.0
2022-06-13,2022-07-13,388.0,put,20.47,20.89,20.68,20.33,27,28,0.30755,-0.63107,30,375.0
2022-06-13,2022-07-13,390.0,call,5.76,5.9,5.83,5.66,562,26,0.26853,0.322,30,375.0
2022-06-13,2022-07-13,390.0,put,21.73,22.15,21.94,23.12,69,567,0.30755,-0.65284,30,375.0
2022-06-13,2022-07-13,392.0,call,5.07,5.2,5.13,5.04,95,65,0.26853,0.29856,30,375.0
2022-06-13,2022-07-13,392.0,put,22.99,23.51,23.25,22.75,15,12,0.2978,-0.68033,30,375.0
2022-06-13,2022-07-13,394.0,call,4.43,4.56,4.49,4.67,24,13,0.25877,0.26766,30,375.0
2022-06-13,2022-07-13,394.0,put,24.35,24.89,24.62,24.3,5,7,0.2978,-0.70133,30,375.0
2022-06-13,2022-07-13,395.0,call,4.13,4.26,4.2,4.15,72,43,0.25877,0.25653,30,375.0
2022-06-13,2022-07-13,395.0,put,25.05,25.57,25.31,22.39,26,33,0.2978,-0.71155,30,375.0
2022-06-13,2022-07-13,396.0,call,3.85,3.97,3.91,4.13,25,40,0.25877,0.24567,30,375.0
2022-06-13,2022-07-13,396.0,put,25.79,26.29,26.04,24.93,2,51,0.2978,-0.72158,30,375.0
2022-06-13,2022-07-13,398.0,call,3.32,3.44,3.38,3.91,3,2,0.25877,0.2248,30,375.0
2022-06-13,2022-07-13,398.0,put,27.24,27.8,27.52,23.43,3,32,0.2978,-0.74104,30,375.0
2022-06-13,2022-07-13,400.0,call,2.86,2.96,2.91,2.92,359,92,0.24902,0.19524,30,375.0
2022-06-13,2022-07-13,400.0,put,28.79,29.33,29.06,26.58,15,73,0.2978,-0.75967,30,375.0
2022-06-13,2022-07-13,402.0,call,2.43,2.53,2.48,2.5,29,51,0.24902,0.17654,30,375.0
2022-06-13,2022-07-13,402.0,put,30.34,30.92,30.63,27.06,2,9,0.2978,-0.77747,30,375.0
2022-06-13,2022-07-13,404.0,call,2.05,2.16,2.1,2.04,71,32,0.24902,0.15911,30,375.0
2022-06-13,2022-07-13,404.0,put,31.97,32.56,32.27,30.16,6,39,0.2978,-0.79441,30,375.0
2022-06-13,2022-07-13,405.0,call,1.89,1.99,1.94,1.87,269,111,0.24902,0.15086,30,375.0
2022-06-13,2022-07-13,405.0,put,32.8,33.37,33.08,30.94,1,178,0.2978,-0.80255,30,375.0
2022-06-13,2022-07-13,406.0,call,1.73,1.83,1.78,1.8,8,11,0.23926,0.13271,30,375.0
2022-06-13,2022-07-13,406.0,put,33.64,34.24,33.94,29.95,5,11,0.2978,-0.81047,30,375.0
2022-06-13,2022-07-13,408.0,call,1.46,1.54,1.5,1.77,230,50,0.23926,0.11795,30,375.0
2022-06-13,2022-07-13,408.0,put,35.37,35.95,35.66,12.2,0,12,0.2978,-0.82567,30,375.0
2022-06-13,2022-07-13,410.0,call,1.22,1.3,1.26,1.2,174,155,0.23926,0.10445,30,375.0
2022-06-13,2022-07-13,410.0,put,37.11,37.85,37.48,34.5,310,1251,0.30755,-0.83152,30,375.0
2022-06-13,2022-07-13,412.0,call,1.02,1.09,1.06,1.1,75,129,0.23926,0.09216,30,375.0
2022-06-13,2022-07-13,412.0,put,38.91,39.66,39.28,23.54,0,36,0.30755,-0.84503,30,375.0
2022-06-13,2022-07-13,414.0,call,0.85,0.92,0.89,0.98,16,75,0.23926,0.08103,30,375.0
2022-06-13,2022-07-13,414.0,put,40.74,41.51,41.12,38.72,1,7,0.30755,-0.85776,30,375.0
2022-06-13,2022-07-13,415.0,call,0.78,0.84,0.81,0.82,22,38,0.23926,0.07588,30,375.0
2022-06-13,2022-07-13,415.0,put,41.67,42.44,42.05,25.92,0,47,0.31731,-0.85569,30,375.0
2022-06-13,2022-07-13,416.0,call,0.71,0.77,0.74,0.8,6,7,0.23926,0.071,30,375.0
2022-06-13,2022-07-13,416.0,put,42.6,43.38,42.99,37.55,1,5,0.31731,-0.86162,30,375.0
2022-06-13,2022-07-13,418.0,call,0.6,0.64,0.62,0.65,23,55,0.23926,0.06198,30,375.0
2022-06-13,2022-07-13,418.0,put,44.48,45.28,44.88,40.03,1,0,0.31731,-0.87293,30,375.0
2022-06-13,2022-07-13,420.0,call,0.51,0.54,0.53,0.53,75,27,0.23926,0.05393,30,375.0
2022-06-13,2022-07-13,420.0,put,46.38,47.21,46.8,29.86,0,13,0.32707,-0.87585,30,375.0
2022-06-13,2022-07-13,422.0,call,0.43,0.46,0.45,0.46,15,9,0.23926,0.04675,30,375.0
2022-06-13,2022-07-13,422.0,put,48.28,49.17,48.73,23.44,0,22,0.33682,-0.87849,30,375.0
2022-06-13,2022-07-13,424.0,call,0.36,0.39,0.38,0.42,2,7,0.23926,0.0404,30,375.0
2022-06-13,2022-07-13,424.0,put,50.18,51.15,50.66,0.0,0,0,0.33682,-0.88809,30,375.0
2022-06-13,2022-07-13,425.0,call,0.33,0.36,0.34,0.38,5,28,0.23926,0.0375,30,375.0
2022-06-13,2022-07-13,425.0,put,51.15,52.13,51.64,24.63,0,11,0.34658,-0.88554,30,375.0
2022-06-13,2022-07-13,426.0,call,0.31,0.34,0.33,0.38,7,7,0.23926,0.03478,30,375.0
2022-06-13,2022-07-13,426.0,put,52.13,53.11,52.62,26.52,0,22,0.34658,-0.89005,30,375.0
2022-06-13,2022-07-13,428.0,call,0.26,0.29,0.28,0.3,159,3,0.23926,0.02985,30,375.0
2022-06-13,2022-07-13,428.0,put,54.09,55.08,54.59,52.51,6,0,0.35633,-0.89183,30,375.0
2022-06-13,2022-07-13,430.0,call,0.24,0.25,0.24,0.28,66,24,0.23926,0.02553,30,375.0
2022-06-13,2022-07-13,430.0,put,56.06,57.05,56.55,37.24,0,4,0.36609,-0.89344,30,375.0
2022-06-13,2022-07-13,432.0,call,0.2,0.22,0.21,0.24,101,1,0.23926,0.02176,30,375.0
2022-06-13,2022-07-13,432.0,put,57.53,59.37,58.45,0.0,0,0,0.36609,-0.90134,30,375.0
2022-06-13,2022-07-13,434.0,call,0.17,0.19,0.18,0.22,24,16,0.23926,0.01849,30,375.0
2022-06-13,2022-07-13,434.0,put,59.51,61.36,60.44,0.0,0,0,0.37584,-0.90249,30,375.0
2022-06-13,2022-07-13,435.0,call,0.16,0.18,0.17,0.19,4,18,0.23926,0.01702,30,375.0
2022-06-13,2022-07-13,435.0,put,60.5,62.35,61.42,29.0,0,1,0.37584,-0.90612,30,375.0
2022-06-13,2022-07-13,436.0,call,0.15,0.17,0.16,0.17,5,10,0.23926,0.01566,30,375.0
2022-06-13,2022-07-13,436.0,put,61.49,63.35,62.42,27.81,0,2,0.3856,-0.90353,30,375.0
2022-06-13,2022-07-13,438.0,call,0.13,0.15,0.14,0.15,2,15,0.24902,0.01659,30,375.0
2022-06-13,2022-07-13,438.0,put,63.48,65.34,64.41,0.0,0,0,0.3856,-0.91041,30,375.0
2022-06-13,2022-07-13,440.0,call,0.11,0.13,0.12,0.13,26,92,0.24902,0.01413,30,375.0
2022-06-13,2022-07-13,440.0,put,65.46,67.34,66.4,31.8,0,12,0.39536,-0.9111,30,375.0
2022-06-13,2022-07-13,442.0,call,0.1,0.12,0.11,0.11,1,0,0.24902,0.01199,30,375.0
2022-06-13,2022-07-13,442.0,put,67.45,69.14,68.3,0.0,0,0,0.39536,-0.91737,30,375.0
2022-06-13,2022-07-13,444.0,call,0.08,0.11,0.1,0.0,0,0,0.24902,0.01016,30,375.0
2022-06-13,2022-07-13,444.0,put,69.45,71.14,70.3,0.0,0,0,0.40511,-0.91778,30,375.0
2022-06-13,2022-07-13,445.0,call,0.08,0.1,0.09,0.1,3,25,0.24902,0.00933,30,375.0
2022-06-13,2022-07-13,445.0,put,70.44,72.14,71.29,36.32,0,11,0.41487,-0.91524,30,375.0
2022-06-13,2022-07-13,446.0,call,0.07,0.1,0.09,0.3,0,1,0.25877,0.01098,30,375.0
2022-06-13,2022-07-13,446.0,put,71.44,73.14,72.29,0.0,0,0,0.41487,-0.91813,30,375.0
2022-06-13,2022-07-13,448.0,call,0.06,0.09,0.07,0.15,0,11,0.24902,0.00722,30,375.0
2022-06-13,2022-07-13,448.0,put,73.43,75.33,74.38,0.0,0,0,0.42462,-0.91843,30,375.0
2022-06-13,2022-07-13,450.0,call,0.06,0.08,0.07,0.94,0,16,0.25877,0.00795,30,375.0
2022-06-13,2022-07-13,450.0,put,75.43,77.14,76.28,0.0,0,0,0.43438,-0.91869,30,375.0
2022-06-13,2022-07-13,455.0,call,0.04,0.06,0.05,0.05,13,12,0.25877,0.00523,30,375.0
2022-06-13,2022-07-13,455.0,put,80.42,82.16,81.29,0.0,0,0,0.45389,-0.92157,30,375.0
2022-06-13,2022-07-13,460.0,call,0.03,0.05,0.04,0.08,0,114,0.26853,0.00457,30,375.0
2022-06-13,2022-07-13,460.0,put,85.41,87.31,86.36,0.0,0,0,0.4734,-0.92399,30,375.0
2022-06-13,2022-07-13,465.0,call,0.02,0.04,0.03,0.12,0,5,0.26853,0.00301,30,375.0
2022-06-13,2022-07-13,465.0,put,90.41,92.31,91.36,0.0,0,0,0.49292,-0.92601,30,375.0
2022-06-13,2022-07-13,470.0,call,0.02,0.04,0.03,0.03,30,3,0.28804,0.00363,30,375.0
2022-06-13,2022-07-13,470.0,put,95.41,97.3,96.35,0.0,0,0,0.51243,-0.92771,30,375.0
2022-06-13,2022-07-15,195.0,call,179.53,180.78,180.16,0.0,0,0,0.72706,0.99918,32,375.0
2022-06-13,2022-07-15,195.0,put,0.08,0.09,0.08,0.09,2389,2653,0.83437,-0.00277,32,375.0
2022-06-13,2022-07-15,200.0,call,174.53,175.78,175.16,188.63,0,5,0.68803,0.99929,32,375.0
2022-06-13,2022-07-15,200.0,put,0.09,0.1,0.1,0.09,640,9600,0.82461,-0.00347,32,375.0
2022-06-13,2022-07-15,205.0,call,169.54,170.79,170.16,0.0,0,0,0.64901,0.99941,32,375.0
2022-06-13,2022-07-15,205.0,put,0.1,0.11,0.11,0.1,170,8536,0.79535,-0.00362,32,375.0
2022-06-13,2022-07-15,210.0,call,164.54,165.79,165.16,211.01,0,3,0.60023,0.9996,32,375.0
2022-06-13,2022-07-15,210.0,put,0.11,0.12,0.11,0.12,35,7851,0.76608,-0.00376,32,375.0
2022-06-13,2022-07-15,215.0,call,159.23,161.13,160.18,206.07,0,3,0.63925,0.99881,32,375.0
2022-06-13,2022-07-15,215.0,put,0.12,0.13,0.12,0.13,325,2008,0.74657,-0.00426,32,375.0
2022-06-13,2022-07-15,220.0,call,154.23,156.13,155.18,220.69,0,2,0.60023,0.99901,32,375.0
2022-06-13,2022-07-15,220.0,put,0.14,0.15,0.15,0.15,117,8155,0.73681,-0.00528,32,375.0
2022-06-13,2022-07-15,225.0,call,149.24,151.13,150.19,0.0,0,0,0.59047,0.99871,32,375.0
2022-06-13,2022-07-15,225.0,put,0.15,0.16,0.15,0.19,177,6640,0.70754,-0.00544,32,375.0
2022-06-13,2022-07-15,230.0,call,144.24,146.13,145.19,193.14,0,0,0.56121,0.99877,32,375.0
2022-06-13,2022-07-15,230.0,put,0.17,0.18,0.17,0.2,698,4487,0.68803,-0.00612,32,375.0
2022-06-13,2022-07-15,235.0,call,139.24,141.14,140.19,187.83,0,0,0.53194,0.99886,32,375.0
2022-06-13,2022-07-15,235.0,put,0.2,0.21,0.21,0.22,30,3651,0.67828,-0.00753,32,375.0
2022-06-13,2022-07-15,240.0,call,134.24,136.14,135.19,0.0,0,0,0.50267,0.99896,32,375.0
2022-06-13,2022-07-15,240.0,put,0.22,0.23,0.23,0.24,54,2090,0.65876,-0.00844,32,375.0
2022-06-13,2022-07-15,245.0,call,129.25,131.14,130.19,194.65,0,1,0.46365,0.99925,32,375.0
2022-06-13,2022-07-15,245.0,put,0.25,0.26,0.26,0.27,277,11256,0.64901,-0.01031,32,375.0
2022-06-13,2022-07-15,250.0,call,124.25,126.14,125.19,130.76,4,3,0.43438,0.99936,32,375.0
2022-06-13,2022-07-15,250.0,put,0.28,0.3,0.29,0.29,1547,10674,0.6295,-0.01153,32,375.0
2022-06-13,2022-07-15,255.0,call,119.26,121.15,120.21,0.0,0,0,0.45389,0.99837,32,375.0
2022-06-13,2022-07-15,255.0,put,0.32,0.33,0.33,0.35,3103,8370,0.60999,-0.01289,32,375.0
2022-06-13,2022-07-15,260.0,call,114.27,116.15,115.21,0.0,0,0,0.42462,0.99857,32,375.0
2022-06-13,2022-07-15,260.0,put,0.36,0.38,0.37,0.4,399,22353,0.59047,-0.01439,32,375.0
2022-06-13,2022-07-15,265.0,call,109.28,111.16,110.22,178.51,0,5,0.41487,0.9981,32,375.0
2022-06-13,2022-07-15,265.0,put,0.41,0.42,0.41,0.41,127,11235,0.58072,-0.01745,32,375.0
2022-06-13,2022-07-15,270.0,call,104.29,106.17,105.23,180.54,0,5,0.40511,0.99748,32,375.0
2022-06-13,2022-07-15,270.0,put,0.47,0.48,0.47,0.47,176,2040,0.56121,-0.01949,32,375.0
2022-06-13,2022-07-15,275.0,call,99.31,101.18,100.25,137.96,0,1,0.39536,0.99668,32,375.0
2022-06-13,2022-07-15,275.0,put,0.53,0.54,0.54,0.54,1358,9528,0.54169,-0.02177,32,375.0
2022-06-13,2022-07-15,280.0,call,94.33,96.2,95.27,110.71,0,20,0.3856,0.99563,32,375.0
2022-06-13,2022-07-15,280.0,put,0.6,0.61,0.6,0.61,3367,11006,0.53194,-0.0263,32,375.0
2022-06-13,2022-07-15,285.0,call,89.37,90.92,90.15,105.09,0,21,0.01488,1.0,32,375.0
2022-06-13,2022-07-15,285.0,put,0.68,0.7,0.69,0.7,1314,3917,0.51243,-0.02942,32,375.0
2022-06-13,2022-07-15,290.0,call,84.41,85.97,85.19,121.3,0,27,0.01488,1.0,32,375.0
2022-06-13,2022-07-15,290.0,put,0.78,0.79,0.79,0.77,2963,4111,0.50267,-0.03543,32,375.0
2022-06-13,2022-07-15,295.0,call,79.47,81.03,80.25,146.09,0,1,0.30755,0.99641,32,375.0
2022-06-13,2022-07-15,295.0,put,0.9,0.91,0.91,0.9,2470,7214,0.48316,-0.03972,32,375.0
2022-06-13,2022-07-15,300.0,call,74.55,76.1,75.32,75.9,2,260,0.31731,0.99245,32,375.0
2022-06-13,2022-07-15,300.0,put,1.03,1.05,1.04,1.03,11927,15426,0.46365,-0.04462,32,375.0
2022-06-13,2022-07-15,305.0,call,69.67,71.21,70.44,107.75,0,4,0.33682,0.98337,32,375.0
2022-06-13,2022-07-15,305.0,put,1.19,1.21,1.2,1.2,4075,10750,0.45389,-0.0537,32,375.0
2022-06-13,2022-07-15,310.0,call,64.81,66.33,65.57,109.0,0,49,0.33682,0.97534,32,375.0
2022-06-13,2022-07-15,310.0,put,1.39,1.41,1.4,1.4,10250,10237,0.44414,-0.06441,32,375.0
2022-06-13,2022-07-15,315.0,call,60.0,61.5,60.75,100.3,0,72,0.33682,0.96449,32,375.0
2022-06-13,2022-07-15,315.0,put,1.62,1.64,1.63,1.63,6776,16340,0.42462,-0.07278,32,375.0
2022-06-13,2022-07-15,320.0,call,55.26,56.71,55.98,55.4,2,14,0.32707,0.95484,32,375.0
2022-06-13,2022-07-15,320.0,put,1.91,1.94,1.92,1.9,11253,12810,0.41487,-0.08715,32,375.0
2022-06-13,2022-07-15,325.0,call,50.6,51.99,51.3,50.87,5,14,0.32707,0.93744,32,375.0
2022-06-13,2022-07-15,325.0,put,2.27,2.3,2.29,2.3,8670,24882,0.40511,-0.10401,32,375.0
2022-06-13,2022-07-15,330.0,call,46.05,47.32,46.69,45.59,4,56,0.32707,0.91558,32,375.0
2022-06-13,2022-07-15,330.0,put,2.71,2.74,2.73,2.76,13681,46027,0.39536,-0.12369,32,375.0
2022-06-13,2022-07-15,335.0,call,41.62,42.8,42.21,73.9,0,20,0.32707,0.8889,32,375.0
2022-06-13,2022-07-15,335.0,put,3.27,3.3,3.29,3.27,10146,23934,0.3856,-0.14654,32,375.0
2022-06-13,2022-07-15,340.0,call,37.34,38.41,37.88,41.2,13,99,0.31731,0.86381,32,375.0
2022-06-13,2022-07-15,340.0,put,3.95,3.99,3.97,3.93,31186,50322,0.37584,-0.17294,32,375.0
2022-06-13,2022-07-15,345.0,call,33.23,34.19,33.71,33.59,85,79,0.31731,0.82696,32,375.0
2022-06-13,2022-07-15,345.0,put,4.79,4.83,4.81,4.81,16371,21447,0.36609,-0.20323,32,375.0
2022-06-13,2022-07-15,348.0,call,30.85,31.74,31.3,30.77,45,0,0.31731,0.80235,32,375.0
2022-06-13,2022-07-15,348.0,put,5.39,5.42,5.4,5.5,2789,2572,0.35633,-0.22128,32,375.0
2022-06-13,2022-07-15,349.0,call,30.07,30.94,30.51,32.3,1,1,0.31731,0.79375,32,375.0
2022-06-13,2022-07-15,349.0,put,5.6,5.63,5.62,5.72,3595,3424,0.35633,-0.22944,32,375.0
2022-06-13,2022-07-15,350.0,call,29.36,30.15,29.75,30.88,32,225,0.31731,0.78496,32,375.0
2022-06-13,2022-07-15,350.0,put,5.82,5.86,5.84,5.76,37381,136083,0.35633,-0.23775,32,375.0
2022-06-13,2022-07-15,351.0,call,28.54,29.37,28.95,28.71,20,0,0.31731,0.77598,32,375.0
2022-06-13,2022-07-15,351.0,put,6.04,6.08,6.06,6.0,2888,2008,0.35633,-0.24619,32,375.0
2022-06-13,2022-07-15,352.0,call,27.79,28.59,28.19,27.49,8,0,0.31731,0.76682,32,375.0
2022-06-13,2022-07-15,352.0,put,6.28,6.32,6.3,6.28,2641,2912,0.35633,-0.25477,32,375.0
2022-06-13,2022-07-15,353.0,call,27.04,27.82,27.43,0.0,0,0,0.31731,0.75748,32,375.0
2022-06-13,2022-07-15,353.0,put,6.52,6.57,6.54,6.65,1965,2201,0.35633,-0.26347,32,375.0
2022-06-13,2022-07-15,354.0,call,26.31,27.07,26.69,28.63,54,0,0.31731,0.74797,32,375.0
2022-06-13,2022-07-15,354.0,put,6.77,6.82,6.79,6.91,1428,1364,0.34658,-0.26763,32,375.0
2022-06-13,2022-07-15,355.0,call,25.58,26.32,25.95,25.58,22,22,0.31731,0.73829,32,375.0
2022-06-13,2022-07-15,355.0,put,7.03,7.08,7.05,7.01,19011,17869,0.34658,-0.27676,32,375.0
2022-06-13,2022-07-15,356.0,call,24.86,25.54,25.2,25.95,16,1,0.30755,0.73385,32,375.0
2022-06-13,2022-07-15,356.0,put,7.3,7.33,7.31,7.28,1977,2476,0.34658,-0.28601,32,375.0
2022-06-13,2022-07-15,357.0,call,24.15,24.81,24.48,23.97,46,9,0.30755,0.72364,32,375.0
2022-06-13,2022-07-15,357.0,put,7.57,7.61,7.59,7.72,1830,2710,0.34658,-0.29538,32,375.0
2022-06-13,2022-07-15,358.0,call,23.45,24.09,23.77,25.4,9,4,0.30755,0.71327,32,375.0
2022-06-13,2022-07-15,358.0,put,7.86,7.89,7.88,7.83,34649,3109,0.34658,-0.30485,32,375.0
2022-06-13,2022-07-15,360.0,call,22.07,22.67,22.37,21.5,303,445,0.30755,0.6921,32,375.0
2022-06-13,2022-07-15,360.0,put,8.46,8.51,8.48,8.47,123218,23022,0.34658,-0.32412,32,375.0
2022-06-13,2022-07-15,362.0,call,20.73,21.3,21.02,20.2,91,22,0.30755,0.67038,32,375.0
2022-06-13,2022-07-15,362.0,put,9.09,9.13,9.11,8.99,83126,3448,0.33682,-0.34056,32,375.0
2022-06-13,2022-07-15,364.0,call,19.42,19.94,19.68,19.53,55,870,0.30755,0.6482,32,375.0
2022-06-13,2022-07-15,364.0,put,9.75,9.8,9.78,9.95,3845,2576,0.33682,-0.36104,32,375.0
2022-06-13,2022-07-15,365.0,call,18.78,19.29,19.04,18.17,110,35,0.30755,0.63695,32,375.0
2022-06-13,2022-07-15,365.0,put,10.1,10.19,10.14,10.01,13314,26797,0.33682,-0.37139,32,375.0
2022-06-13,2022-07-15,366.0,call,18.15,18.65,18.4,18.61,17,5,0.30755,0.62562,32,375.0
2022-06-13,2022-07-15,366.0,put,10.46,10.5,10.48,10.45,1963,2639,0.33682,-0.3818,32,375.0
2022-06-13,2022-07-15,368.0,call,17.18,17.28,17.23,16.7,120,5,0.30755,0.60274,32,375.0
2022-06-13,2022-07-15,368.0,put,11.21,11.25,11.23,11.12,3150,5215,0.33682,-0.4028,32,375.0
2022-06-13,2022-07-15,370.0,call,15.96,16.05,16.01,15.75,3428,424,0.2978,0.58105,32,375.0
2022-06-13,2022-07-15,370.0,put,11.99,12.06,12.03,11.95,30663,124234,0.32707,-0.42288,32,375.0
2022-06-13,2022-07-15,372.0,call,14.81,14.88,14.85,14.95,1647,250,0.2978,0.55703,32,375.0
2022-06-13,2022-07-15,372.0,put,12.81,12.87,12.84,13.27,36442,30107,0.32707,-0.44477,32,375.0
2022-06-13,2022-07-15,374.0,call,13.68,13.75,13.71,13.47,1485,110,0.2978,0.53292,32,375.0
2022-06-13,2022-07-15,374.0,put,13.67,13.72,13.7,14.15,16305,4182,0.32707,-0.46672,32,375.0
2022-06-13,2022-07-15,375.0,call,13.11,13.19,13.15,13.26,9835,1391,0.2978,0.52087,32,375.0
2022-06-13,2022-07-15,375.0,put,14.13,14.21,14.17,14.14,46239,40658,0.32707,-0.4777,32,375.0
2022-06-13,2022-07-15,376.0,call,12.59,12.65,12.62,12.69,1889,302,0.28804,0.50796,32,375.0
2022-06-13,2022-07-15,376.0,put,14.58,14.64,14.61,15.1,5413,5269,0.31731,-0.48948,32,375.0
2022-06-13,2022-07-15,377.0,call,12.04,12.1,12.07,12.12,3855,14,0.28804,0.49554,32,375.0
2022-06-13,2022-07-15,377.0,put,15.06,15.13,15.1,15.08,8182,11038,0.31731,-0.50076,32,375.0
2022-06-13,2022-07-15,378.0,call,11.54,11.6,11.57,11.34,3472,335,0.28804,0.48315,32,375.0
2022-06-13,2022-07-15,378.0,put,15.52,15.58,15.55,16.03,3318,10315,0.31731,-0.512,32,375.0
2022-06-13,2022-07-15,379.0,call,11.02,11.07,11.04,11.03,2143,17,0.28804,0.47081,32,375.0
2022-06-13,2022-07-15,379.0,put,16.04,16.11,16.07,16.03,5621,4683,0.31731,-0.52321,32,375.0
2022-06-13,2022-07-15,380.0,call,10.52,10.59,10.55,10.45,16263,1639,0.28804,0.45853,32,375.0
2022-06-13,2022-07-15,380.0,put,16.5,16.59,16.55,16.56,74190,68711,0.31731,-0.53437,32,375.0
2022-06-13,2022-07-15,381.0,call,10.04,10.09,10.06,9.97,1998,272,0.28804,0.44633,32,375.0
2022-06-13,2022-07-15,381.0,put,17.06,17.13,17.09,16.93,1784,2024,0.31731,-0.54547,32,375.0
2022-06-13,2022-07-15,382.0,call,9.58,9.64,9.61,9.43,2107,1156,0.28804,0.43421,32,375.0
2022-06-13,2022-07-15,382.0,put,17.55,17.62,17.59,18.0,1753,7019,0.31731,-0.55651,32,375.0
2022-06-13,2022-07-15,383.0,call,9.11,9.16,9.13,9.23,1794,373,0.27829,0.41834,32,375.0
2022-06-13,2022-07-15,383.0,put,18.13,18.21,18.17,18.1,1391,8152,0.30755,-0.57075,32,375.0
2022-06-13,2022-07-15,384.0,call,8.67,8.73,8.7,8.73,799,2090,0.27829,0.40602,32,375.0
2022-06-13,2022-07-15,384.0,put,18.64,18.74,18.69,19.02,1271,13315,0.30755,-0.58196,32,375.0
2022-06-13,2022-07-15,385.0,call,8.22,8.28,8.25,8.23,2485,1892,0.27829,0.39383,32,375.0
2022-06-13,2022-07-15,385.0,put,19.15,19.47,19.31,19.86,30202,64392,0.30755,-0.59308,32,375.0
2022-06-13,2022-07-15,386.0,call,7.8,7.84,7.82,7.91,803,1790,0.27829,0.38177,32,375.0
2022-06-13,2022-07-15,386.0,put,19.81,19.9,19.85,19.99,1129,13239,0.30755,-0.60409,32,375.0
2022-06-13,2022-07-15,387.0,call,7.39,7.43,7.41,7.2,878,2465,0.27829,0.36985,32,375.0
2022-06-13,2022-07-15,387.0,put,20.41,20.49,20.45,20.83,2442,5862,0.30755,-0.615,32,375.0
2022-06-13,2022-07-15,388.0,call,6.99,7.03,7.01,6.93,437,939,0.27829,0.35809,32,375.0
2022-06-13,2022-07-15,388.0,put,20.9,21.27,21.09,21.42,1072,15853,0.30755,-0.62578,32,375.0
2022-06-13,2022-07-15,389.0,call,6.6,6.64,6.62,6.75,1737,3028,0.26853,0.34014,32,375.0
2022-06-13,2022-07-15,389.0,put,21.51,21.86,21.69,22.37,302,2879,0.30755,-0.63645,32,375.0
2022-06-13,2022-07-15,390.0,call,6.23,6.28,6.26,6.33,4295,4649,0.26853,0.32839,32,375.0
2022-06-13,2022-07-15,390.0,put,22.13,22.5,22.31,22.17,12582,36520,0.30755,-0.64698,32,375.0
2022-06-13,2022-07-15,391.0,call,5.87,5.91,5.89,5.92,641,1288,0.26853,0.31683,32,375.0
2022-06-13,2022-07-15,391.0,put,22.76,23.15,22.95,22.79,616,5882,0.2978,-0.66331,32,375.0
2022-06-13,2022-07-15,392.0,call,5.52,5.56,5.54,5.57,1781,2228,0.26853,0.30548,32,375.0
2022-06-13,2022-07-15,392.0,put,23.38,23.85,23.62,24.29,3775,23917,0.2978,-0.67381,32,375.0
2022-06-13,2022-07-15,393.0,call,5.19,5.22,5.21,5.24,1542,1208,0.26853,0.29434,32,375.0
2022-06-13,2022-07-15,393.0,put,24.04,24.51,24.27,24.95,353,7700,0.2978,-0.68416,32,375.0
2022-06-13,2022-07-15,394.0,call,4.86,4.9,4.88,4.84,1272,2669,0.26853,0.28342,32,375.0
2022-06-13,2022-07-15,394.0,put,24.71,25.2,24.95,25.62,232,5530,0.2978,-0.69434,32,375.0
2022-06-13,2022-07-15,395.0,call,4.56,4.59,4.57,4.62,3609,4477,0.25877,0.26424,32,375.0
2022-06-13,2022-07-15,395.0,put,25.4,25.87,25.63,26.28,1318,25810,0.2978,-0.70434,32,375.0
2022-06-13,2022-07-15,396.0,call,4.26,4.3,4.28,4.24,1696,3647,0.25877,0.25356,32,375.0
2022-06-13,2022-07-15,396.0,put,26.11,26.58,26.34,27.0,163,4563,0.2978,-0.71417,32,375.0
2022-06-13,2022-07-15,397.0,call,3.98,4.0,3.99,4.0,2125,1648,0.25877,0.24314,32,375.0
2022-06-13,2022-07-15,397.0,put,26.82,27.3,27.06,27.42,174,14957,0.2978,-0.72381,32,375.0
2022-06-13,2022-07-15,398.0,call,3.7,3.74,3.72,3.66,3793,2915,0.25877,0.23298,32,375.0
2022-06-13,2022-07-15,398.0,put,27.55,28.06,27.8,27.59,13865,12941,0.2978,-0.73327,32,375.0
2022-06-13,2022-07-15,399.0,call,3.45,3.47,3.46,3.43,2157,2940,0.25877,0.22308,32,375.0
2022-06-13,2022-07-15,399.0,put,28.29,28.81,28.55,29.14,104,3664,0.2978,-0.74254,32,375.0
2022-06-13,2022-07-15,400.0,call,3.2,3.24,3.22,3.25,48616,11410,0.25877,0.21345,32,375.0
2022-06-13,2022-07-15,400.0,put,29.05,29.57,29.31,29.16,31066,54291,0.2978,-0.75162,32,375.0
2022-06-13,2022-07-15,401.0,call,2.97,3.0,2.99,2.92,2290,2003,0.24902,0.19422,32,375.0
2022-06-13,2022-07-15,401.0,put,29.82,30.34,30.08,30.37,81,2199,0.2978,-0.7605,32,375.0
2022-06-13,2022-07-15,402.0,call,2.75,2.79,2.77,2.7,1547,4542,0.24902,0.18507,32,375.0
2022-06-13,2022-07-15,402.0,put,30.6,31.13,30.87,31.64,132,5538,0.2978,-0.76918,32,375.0
2022-06-13,2022-07-15,403.0,call,2.55,2.57,2.56,2.56,2453,1301,0.24902,0.17621,32,375.0
2022-06-13,2022-07-15,403.0,put,31.39,31.93,31.66,31.53,245,2614,0.2978,-0.77766,32,375.0
2022-06-13,2022-07-15,404.0,call,2.36,2.39,2.38,2.37,1464,3657,0.24902,0.16764,32,375.0
2022-06-13,2022-07-15,404.0,put,32.2,32.74,32.47,33.37,154,1919,0.2978,-0.78595,32,375.0
2022-06-13,2022-07-15,405.0,call,2.18,2.21,2.2,2.19,5775,7173,0.24902,0.15937,32,375.0
2022-06-13,2022-07-15,405.0,put,33.02,33.56,33.29,33.0,1640,16809,0.2978,-0.79403,32,375.0
2022-06-13,2022-07-15,406.0,call,2.01,2.03,2.02,2.07,1879,3129,0.24902,0.15139,32,375.0
2022-06-13,2022-07-15,406.0,put,33.85,34.4,34.12,34.35,39,1858,0.2978,-0.8019,32,375.0
2022-06-13,2022-07-15,407.0,call,1.86,1.87,1.87,1.82,1786,2871,0.24902,0.1437,32,375.0
2022-06-13,2022-07-15,407.0,put,34.7,35.25,34.98,36.36,33,2789,0.2978,-0.80958,32,375.0
2022-06-13,2022-07-15,408.0,call,1.7,1.73,1.71,1.7,2707,5144,0.23926,0.12614,32,375.0
2022-06-13,2022-07-15,408.0,put,35.55,36.11,35.83,36.05,78,5124,0.2978,-0.81705,32,375.0
2022-06-13,2022-07-15,409.0,call,1.57,1.59,1.58,1.53,637,3375,0.23926,0.11912,32,375.0
2022-06-13,2022-07-15,409.0,put,36.42,36.98,36.7,37.21,83,3317,0.2978,-0.82431,32,375.0
2022-06-13,2022-07-15,410.0,call,1.44,1.47,1.46,1.47,13255,13940,0.23926,0.1124,32,375.0
2022-06-13,2022-07-15,410.0,put,37.23,37.93,37.58,38.4,8501,40057,0.2978,-0.83138,32,375.0
2022-06-13,2022-07-15,411.0,call,1.32,1.35,1.33,1.4,1101,2845,0.23926,0.10597,32,375.0
2022-06-13,2022-07-15,411.0,put,38.12,38.82,38.47,38.81,70,2613,0.2978,-0.83824,32,375.0
2022-06-13,2022-07-15,412.0,call,1.21,1.24,1.23,1.25,2842,9232,0.23926,0.09983,32,375.0
2022-06-13,2022-07-15,412.0,put,39.02,39.72,39.37,38.51,1449,13608,0.2978,-0.8449,32,375.0
2022-06-13,2022-07-15,413.0,call,1.12,1.14,1.13,1.1,1936,4299,0.23926,0.09396,32,375.0
2022-06-13,2022-07-15,413.0,put,39.92,40.63,40.28,41.79,91,1733,0.30755,-0.84289,32,375.0
2022-06-13,2022-07-15,414.0,call,1.02,1.05,1.04,1.05,1598,5680,0.23926,0.08836,32,375.0
2022-06-13,2022-07-15,414.0,put,40.83,41.55,41.19,41.83,96,6547,0.30755,-0.84919,32,375.0
2022-06-13,2022-07-15,415.0,call,0.94,0.96,0.95,0.94,12658,11978,0.23926,0.08303,32,375.0
2022-06-13,2022-07-15,415.0,put,41.76,42.47,42.11,43.72,269,17531,0.30755,-0.8553,32,375.0
2022-06-13,2022-07-15,416.0,call,0.86,0.88,0.87,0.87,939,7034,0.23926,0.07796,32,375.0
2022-06-13,2022-07-15,416.0,put,42.68,43.4,43.04,43.55,87,2670,0.30755,-0.86123,32,375.0
2022-06-13,2022-07-15,417.0,call,0.79,0.81,0.8,0.85,1293,5790,0.23926,0.07314,32,375.0
2022-06-13,2022-07-15,417.0,put,43.62,44.34,43.98,43.0,341,2599,0.30755,-0.86698,32,375.0
2022-06-13,2022-07-15,418.0,call,0.73,0.74,0.73,0.76,749,5594,0.23926,0.06856,32,375.0
2022-06-13,2022-07-15,418.0,put,44.56,45.28,44.92,44.84,17,2389,0.31731,-0.86449,32,375.0
2022-06-13,2022-07-15,419.0,call,0.67,0.68,0.68,0.69,1119,2979,0.23926,0.06421,32,375.0
2022-06-13,2022-07-15,419.0,put,45.51,46.23,45.87,42.89,23,3151,0.31731,-0.86994,32,375.0
2022-06-13,2022-07-15,420.0,call,0.61,0.63,0.62,0.62,15864,20840,0.23926,0.06009,32,375.0
2022-06-13,2022-07-15,420.0,put,46.46,47.18,46.82,47.5,782,19079,0.31731,-0.87524,32,375.0
2022-06-13,2022-07-15,421.0,call,0.56,0.58,0.57,0.57,3214,4410,0.23926,0.05619,32,375.0
2022-06-13,2022-07-15,421.0,put,47.42,48.14,47.78,48.7,8,4961,0.31731,-0.88037,32,375.0
2022-06-13,2022-07-15,422.0,call,0.52,0.53,0.53,0.53,1474,9099,0.23926,0.0525,32,375.0
2022-06-13,2022-07-15,422.0,put,48.38,49.1,48.74,49.64,11,2991,0.32707,-0.87766,32,375.0
2022-06-13,2022-07-15,423.0,call,0.48,0.49,0.48,0.49,1512,4173,0.23926,0.04902,32,375.0
2022-06-13,2022-07-15,423.0,put,49.34,50.07,49.7,50.5,172,6968,0.32707,-0.88254,32,375.0
2022-06-13,2022-07-15,424.0,call,0.44,0.45,0.45,0.48,1363,5585,0.23926,0.04573,32,375.0
2022-06-13,2022-07-15,424.0,put,50.31,51.04,50.67,51.53,29,3539,0.32707,-0.88728,32,375.0
2022-06-13,2022-07-15,425.0,call,0.41,0.42,0.41,0.42,4817,11585,0.23926,0.04262,32,375.0
2022-06-13,2022-07-15,425.0,put,51.29,52.02,51.66,51.39,323,6318,0.33682,-0.88451,32,375.0
2022-06-13,2022-07-15,426.0,call,0.38,0.39,0.39,0.38,1113,5685,0.23926,0.0397,32,375.0
2022-06-13,2022-07-15,426.0,put,52.26,52.99,52.62,48.33,7,5431,0.33682,-0.88904,32,375.0
2022-06-13,2022-07-15,427.0,call,0.35,0.36,0.35,0.39,411,3535,0.23926,0.03694,32,375.0
2022-06-13,2022-07-15,427.0,put,53.24,53.98,53.61,53.67,16,656,0.33682,-0.89342,32,375.0
2022-06-13,2022-07-15,428.0,call,0.32,0.33,0.33,0.33,1178,4259,0.23926,0.03435,32,375.0
2022-06-13,2022-07-15,428.0,put,54.21,54.96,54.59,51.65,94,2383,0.34658,-0.89062,32,375.0
2022-06-13,2022-07-15,429.0,call,0.3,0.31,0.3,0.32,1515,3300,0.23926,0.03192,32,375.0
2022-06-13,2022-07-15,429.0,put,55.19,55.95,55.57,54.08,59,4041,0.34658,-0.89482,32,375.0
2022-06-13,2022-07-15,430.0,call,0.28,0.29,0.29,0.28,17645,34995,0.23926,0.02964,32,375.0
2022-06-13,2022-07-15,430.0,put,56.17,56.93,56.55,57.38,1539,16985,0.34658,-0.89889,32,375.0
2022-06-13,2022-07-15,431.0,call,0.26,0.27,0.27,0.29,639,2385,0.23926,0.0275,32,375.0
2022-06-13,2022-07-15,431.0,put,57.15,57.93,57.54,57.27,7,1394,0.35633,-0.89608,32,375.0
2022-06-13,2022-07-15,432.0,call,0.24,0.25,0.24,0.24,710,4812,0.23926,0.02549,32,375.0
2022-06-13,2022-07-15,432.0,put,57.74,59.1,58.42,59.0,15,1967,0.35633,-0.89999,32,375.0
2022-06-13,2022-07-15,433.0,call,0.23,0.24,0.23,0.24,684,3167,0.23926,0.02361,32,375.0
2022-06-13,2022-07-15,433.0,put,58.7,60.12,59.41,54.95,2,1088,0.35633,-0.90378,32,375.0
2022-06-13,2022-07-15,434.0,call,0.21,0.22,0.21,0.23,258,4463,0.23926,0.02186,32,375.0
2022-06-13,2022-07-15,434.0,put,59.65,61.14,60.39,44.47,0,958,0.35633,-0.90746,32,375.0
2022-06-13,2022-07-15,435.0,call,0.19,0.2,0.2,0.2,2454,20856,0.23926,0.02021,32,375.0
2022-06-13,2022-07-15,435.0,put,60.61,62.16,61.38,61.34,56,6395,0.36609,-0.90462,32,375.0
2022-06-13,2022-07-15,436.0,call,0.18,0.19,0.18,0.22,692,10426,0.23926,0.01868,32,375.0
2022-06-13,2022-07-15,436.0,put,61.57,63.19,62.38,61.68,24,1048,0.36609,-0.90816,32,375.0
2022-06-13,2022-07-15,437.0,call,0.17,0.18,0.17,0.19,951,3066,0.23926,0.01725,32,375.0
2022-06-13,2022-07-15,437.0,put,62.52,64.23,63.38,64.58,13,1023,0.37584,-0.90536,32,375.0
2022-06-13,2022-07-15,438.0,call,0.16,0.17,0.17,0.17,324,4196,0.23926,0.01592,32,375.0
2022-06-13,2022-07-15,438.0,put,63.48,65.28,64.38,45.94,0,1343,0.37584,-0.90878,32,375.0
2022-06-13,2022-07-15,439.0,call,0.15,0.16,0.15,0.18,2202,2414,0.23926,0.01468,32,375.0
2022-06-13,2022-07-15,439.0,put,64.47,66.32,65.39,66.61,14,1926,0.3856,-0.90602,32,375.0
2022-06-13,2022-07-15,440.0,call,0.15,0.16,0.15,0.15,3379,19407,0.24902,0.01695,32,375.0
2022-06-13,2022-07-15,440.0,put,65.47,67.32,66.39,66.85,116,12696,0.3856,-0.90932,32,375.0
2022-06-13,2022-07-15,441.0,call,0.13,0.14,0.14,0.13,74,9300,0.24902,0.0157,32,375.0
2022-06-13,2022-07-15,441.0,put,66.46,68.32,67.39,62.62,5,1199,0.3856,-0.91253,32,375.0
2022-06-13,2022-07-15,442.0,call,0.12,0.13,0.12,0.13,124,3894,0.24902,0.01453,32,375.0
2022-06-13,2022-07-15,442.0,put,67.46,69.32,68.39,65.44,5,1364,0.39536,-0.9098,32,375.0
2022-06-13,2022-07-15,443.0,call,0.12,0.13,0.12,0.13,2514,4510,0.24902,0.01344,32,375.0
2022-06-13,2022-07-15,443.0,put,68.45,70.29,69.37,69.7,6,2765,0.39536,-0.91289,32,375.0
2022-06-13,2022-07-15,444.0,call,0.11,0.12,0.11,0.12,227,7889,0.24902,0.01242,32,375.0
2022-06-13,2022-07-15,444.0,put,69.45,71.32,70.38,34.85,0,1623,0.40511,-0.91021,32,375.0
2022-06-13,2022-07-15,445.0,call,0.1,0.11,0.11,0.12,994,10260,0.24902,0.01147,32,375.0
2022-06-13,2022-07-15,445.0,put,70.44,72.11,71.28,71.57,50,13391,0.39536,-0.91884,32,375.0
2022-06-13,2022-07-15,446.0,call,0.1,0.11,0.11,0.11,44,3838,0.24902,0.01059,32,375.0
2022-06-13,2022-07-15,446.0,put,71.46,73.12,72.29,44.73,0,1191,0.40511,-0.91613,32,375.0
2022-06-13,2022-07-15,447.0,call,0.1,0.11,0.11,0.1,56,5549,0.25877,0.0124,32,375.0
2022-06-13,2022-07-15,447.0,put,72.44,74.13,73.28,68.17,1,786,0.40511,-0.91897,32,375.0
2022-06-13,2022-07-15,448.0,call,0.09,0.1,0.1,0.09,158,5891,0.25877,0.0115,32,375.0
2022-06-13,2022-07-15,448.0,put,73.43,75.33,74.38,37.59,0,1516,0.41487,-0.9163,32,375.0
2022-06-13,2022-07-15,449.0,call,0.09,0.1,0.1,0.09,93,6935,0.25877,0.01065,32,375.0
2022-06-13,2022-07-15,449.0,put,74.45,76.32,75.38,70.52,1,2755,0.42462,-0.91368,32,375.0
2022-06-13,2022-07-15,450.0,call,0.08,0.09,0.08,0.09,2469,17813,0.24902,0.00763,32,375.0
2022-06-13,2022-07-15,450.0,put,75.43,77.23,76.33,76.76,46,6763,0.42462,-0.91643,32,375.0
2022-06-13,2022-07-15,451.0,call,0.08,0.09,0.08,0.08,28,2069,0.25877,0.00912,32,375.0
2022-06-13,2022-07-15,451.0,put,76.43,78.13,77.28,75.28,5,209,0.42462,-0.91911,32,375.0
2022-06-13,2022-07-15,452.0,call,0.07,0.08,0.08,0.09,227,2335,0.25877,0.00843,32,375.0
2022-06-13,2022-07-15,452.0,put,77.43,79.08,78.25,74.66,35,457,0.42462,-0.92172,32,375.0
2022-06-13,2022-07-15,453.0,call,0.07,0.08,0.08,0.07,27,2190,0.25877,0.00779,32,375.0
2022-06-13,2022-07-15,453.0,put,78.42,80.32,79.37,74.1,1,363,0.43438,-0.91913,32,375.0
2022-06-13,2022-07-15,454.0,call,0.06,0.07,0.07,0.06,3,2499,0.25877,0.0072,32,375.0
2022-06-13,2022-07-15,454.0,put,79.42,81.32,80.37,76.97,2,789,0.43438,-0.92167,32,375.0
2022-06-13,2022-07-15,455.0,call,0.06,0.07,0.07,0.06,843,19582,0.25877,0.00664,32,375.0
2022-06-13,2022-07-15,455.0,put,80.42,82.14,81.28,77.22,3,4242,0.43438,-0.92414,32,375.0
2022-06-13,2022-07-15,456.0,call,0.06,0.07,0.07,0.07,1032,3988,0.26853,0.00796,32,375.0
2022-06-13,2022-07-15,456.0,put,81.42,83.15,82.28,66.69,0,2254,0.44414,-0.92159,32,375.0
2022-06-13,2022-07-15,457.0,call,0.05,0.06,0.06,0.07,51,1480,0.25877,0.00565,32,375.0
2022-06-13,2022-07-15,457.0,put,82.42,84.31,83.37,78.28,2,68,0.45389,-0.91907,32,375.0
2022-06-13,2022-07-15,458.0,call,0.05,0.06,0.06,0.05,385,1050,0.26853,0.00684,32,375.0
2022-06-13,2022-07-15,458.0,put,83.42,85.15,84.28,68.08,0,228,0.44414,-0.92635,32,375.0
2022-06-13,2022-07-15,459.0,call,0.05,0.06,0.06,0.05,518,1581,0.26853,0.00633,32,375.0
2022-06-13,2022-07-15,459.0,put,84.42,86.31,85.37,56.53,0,78,0.45389,-0.92384,32,375.0
2022-06-13,2022-07-15,460.0,call,0.05,0.06,0.06,0.06,357,13445,0.26853,0.00586,32,375.0
2022-06-13,2022-07-15,460.0,put,85.41,87.06,86.23,81.08,52,626,0.45389,-0.92613,32,375.0
2022-06-13,2022-07-15,461.0,call,0.04,0.05,0.04,0.05,185,2126,0.25877,0.00406,32,375.0
2022-06-13,2022-07-15,461.0,put,86.41,88.17,87.29,56.93,0,81,0.46365,-0.92365,32,375.0
2022-06-13,2022-07-15,462.0,call,0.04,0.05,0.04,0.05,352,916,0.26853,0.00501,32,375.0
2022-06-13,2022-07-15,462.0,put,87.41,89.31,88.36,58.46,0,3,0.4734,-0.9212,32,375.0
2022-06-13,2022-07-15,463.0,call,0.04,0.05,0.04,0.04,4,1076,0.26853,0.00463,32,375.0
2022-06-13,2022-07-15,463.0,put,88.41,90.17,89.29,52.21,0,7,0.46365,-0.92807,32,375.0
2022-06-13,2022-07-15,464.0,call,0.04,0.05,0.04,0.03,19,1733,0.26853,0.00428,32,375.0
2022-06-13,2022-07-15,464.0,put,89.41,91.18,90.3,88.55,1,41,0.4734,-0.92563,32,375.0
2022-06-13,2022-07-15,465.0,call,0.04,0.05,0.04,0.05,4502,15512,0.26853,0.00395,32,375.0
2022-06-13,2022-07-15,465.0,put,90.41,92.31,91.36,91.07,3,453,0.48316,-0.92321,32,375.0
2022-06-13,2022-07-15,466.0,call,0.04,0.05,0.04,0.04,501,747,0.27829,0.00485,32,375.0
2022-06-13,2022-07-15,466.0,put,91.41,93.19,92.3,55.86,0,5,0.48316,-0.92535,32,375.0
2022-06-13,2022-07-15,467.0,call,0.03,0.04,0.04,0.03,65,1278,0.27829,0.00449,32,375.0
2022-06-13,2022-07-15,467.0,put,92.41,94.31,93.36,0.0,0,0,0.48316,-0.92745,32,375.0
2022-06-13,2022-07-15,468.0,call,0.03,0.04,0.04,0.04,10,1312,0.27829,0.00416,32,375.0
2022-06-13,2022-07-15,468.0,put,93.41,95.19,94.3,93.57,2,15,0.48316,-0.92949,32,375.0
2022-06-13,2022-07-15,469.0,call,0.03,0.04,0.04,0.03,119,954,0.27829,0.00385,32,375.0
2022-06-13,2022-07-15,469.0,put,94.41,96.3,95.35,66.27,0,11,0.49292,-0.92711,32,375.0
2022-06-13,2022-07-15,470.0,call,0.03,0.04,0.04,0.04,316,23126,0.28804,0.00471,32,375.0
2022-06-13,2022-07-15,470.0,put,95.41,97.2,96.31,95.62,2,9685,0.49292,-0.92911,32,375.0
2022-06-13,2022-07-15,471.0,call,0.03,0.04,0.04,0.01,1,1643,0.28804,0.00438,32,375.0
2022-06-13,2022-07-15,471.0,put,96.41,98.21,97.31,75.8,0,10,0.50267,-0.92676,32,375.0
2022-06-13,2022-07-15,472.0,call,0.03,0.04,0.04,0.05,0,4332,0.28804,0.00407,32,375.0
2022-06-13,2022-07-15,472.0,put,97.41,99.3,98.35,96.3,4,10,0.50267,-0.92872,32,375.0
2022-06-13,2022-07-15,473.0,call,0.03,0.04,0.04,0.04,0,922,0.28804,0.00378,32,375.0
2022-06-13,2022-07-15,473.0,put,98.41,100.22,99.31,0.0,0,0,0.50267,-0.93064,32,375.0
2022-06-13,2022-07-15,474.0,call,0.03,0.04,0.04,0.04,0,758,0.2978,0.0046,32,375.0
2022-06-13,2022-07-15,474.0,put,99.4,101.3,100.35,69.35,0,4,0.51243,-0.92833,32,375.0
2022-06-13,2022-07-15,475.0,call,0.03,0.04,0.04,0.03,121,10595,0.2978,0.00429,32,375.0
2022-06-13,2022-07-15,475.0,put,100.4,102.23,101.31,99.01,35,193,0.51243,-0.93021,32,375.0
2022-06-13,2022-07-15,476.0,call,0.02,0.04,0.03,0.03,115,922,0.28804,0.00302,32,375.0
2022-06-13,2022-07-15,476.0,put,101.4,103.3,102.35,103.16,88,3,0.52218,-0.92792,32,375.0
2022-06-13,2022-07-15,477.0,call,0.02,0.03,0.03,0.03,4,2189,0.28804,0.0028,32,375.0
2022-06-13,2022-07-15,477.0,put,102.4,104.3,103.35,66.7,0,4,0.52218,-0.92977,32,375.0
2022-06-13,2022-07-15,478.0,call,0.02,0.03,0.03,0.03,0,2405,0.2978,0.00347,32,375.0
2022-06-13,2022-07-15,478.0,put,103.4,105.3,104.35,88.82,0,8,0.52218,-0.93157,32,375.0
2022-06-13,2022-07-15,479.0,call,0.02,0.03,0.03,0.03,2,1647,0.2978,0.00323,32,375.0
2022-06-13,2022-07-15,479.0,put,104.4,106.3,105.35,70.68,0,13,0.53194,-0.92932,32,375.0
2022-06-13,2022-07-15,480.0,call,0.02,0.03,0.03,0.02,296,18694,0.2978,0.003,32,375.0
2022-06-13,2022-07-15,480.0,put,105.4,107.3,106.35,102.0,2,355,0.53194,-0.93109,32,375.0
2022-06-13,2022-07-15,481.0,call,0.02,0.03,0.03,0.02,3,13705,0.2978,0.0028,32,375.0
2022-06-13,2022-07-15,481.0,put,106.4,108.25,107.33,86.42,0,51,0.53194,-0.93283,32,375.0
2022-06-13,2022-07-15,482.0,call,0.02,0.03,0.03,0.02,3,249,0.30755,0.00344,32,375.0
2022-06-13,2022-07-15,482.0,put,107.4,109.3,108.35,87.29,0,37,0.54169,-0.9306,32,375.0
2022-06-13,2022-07-15,483.0,call,0.02,0.03,0.03,0.02,0,601,0.30755,0.00321,32,375.0
2022-06-13,2022-07-15,483.0,put,108.4,110.26,109.33,43.08,0,4,0.54169,-0.93231,32,375.0
2022-06-13,2022-07-15,484.0,call,0.02,0.03,0.03,0.03,0,2198,0.30755,0.00299,32,375.0
2022-06-13,2022-07-15,484.0,put,109.4,111.3,110.35,0.0,0,0,0.54169,-0.93398,32,375.0
2022-06-13,2022-07-15,485.0,call,0.02,0.03,0.03,0.02,25,10352,0.30755,0.00279,32,375.0
2022-06-13,2022-07-15,485.0,put,110.4,112.27,111.34,72.88,0,27,0.55145,-0.93179,32,375.0
2022-06-13,2022-07-15,486.0,call,0.02,0.03,0.03,0.01,202,1563,0.30755,0.00261,32,375.0
2022-06-13,2022-07-15,486.0,put,111.4,113.3,112.35,83.54,0,4,0.55145,-0.93343,32,375.0
2022-06-13,2022-07-15,487.0,call,0.02,0.03,0.03,0.02,301,968,0.31731,0.0032,32,375.0
2022-06-13,2022-07-15,487.0,put,112.4,114.28,113.34,0.0,0,0,0.55145,-0.93504,32,375.0
2022-06-13,2022-07-15,488.0,call,0.02,0.03,0.03,0.02,403,2440,0.31731,0.00299,32,375.0
2022-06-13,2022-07-15,488.0,put,113.4,115.3,114.35,58.82,0,9,0.56121,-0.93288,32,375.0
2022-06-13,2022-07-15,489.0,call,0.02,0.03,0.03,0.02,14,1240,0.31731,0.0028,32,375.0
2022-06-13,2022-07-15,489.0,put,114.4,116.29,115.34,0.0,0,0,0.56121,-0.93447,32,375.0
2022-06-13,2022-07-15,490.0,call,0.01,0.02,0.01,0.01,66,8441,0.28804,0.00102,32,375.0
2022-06-13,2022-07-15,490.0,put,115.4,117.29,116.34,63.0,0,72,0.56121,-0.93602,32,375.0
2022-06-13,2022-07-15,491.0,call,0.01,0.02,0.01,0.02,1,745,0.2978,0.00133,32,375.0
2022-06-13,2022-07-15,491.0,put,116.4,118.3,117.35,0.0,0,0,0.57096,-0.93389,32,375.0
2022-06-13,2022-07-15,492.0,call,0.01,0.02,0.01,0.03,0,946,0.2978,0.00123,32,375.0
2022-06-13,2022-07-15,492.0,put,117.4,119.3,118.35,52.44,0,1,0.57096,-0.93542,32,375.0
2022-06-13,2022-07-15,493.0,call,0.01,0.02,0.01,0.03,2122,3566,0.2978,0.00114,32,375.0
2022-06-13,2022-07-15,493.0,put,118.4,120.29,119.34,44.41,0,2,0.58072,-0.93331,32,375.0
2022-06-13,2022-07-15,494.0,call,0.01,0.02,0.01,0.02,14,443,0.2978,0.00106,32,375.0
2022-06-13,2022-07-15,494.0,put,119.4,121.29,120.34,0.0,0,0,0.58072,-0.93482,32,375.0
2022-06-13,2022-07-15,495.0,call,0.01,0.02,0.01,0.01,9,5900,0.2978,0.00098,32,375.0
2022-06-13,2022-07-15,495.0,put,120.4,122.29,121.34,88.54,0,3,0.58072,-0.9363,32,375.0
2022-06-13,2022-07-15,496.0,call,0.01,0.02,0.01,0.01,0,720,0.30755,0.00127,32,375.0
2022-06-13,2022-07-15,496.0,put,121.4,123.29,122.34,0.0,0,0,0.59047,-0.93421,32,375.0
2022-06-13,2022-07-15,497.0,call,0.01,0.02,0.01,0.02,0,276,0.30755,0.00118,32,375.0
2022-06-13,2022-07-15,497.0,put,122.4,124.29,123.34,0.0,0,0,0.59047,-0.93567,32,375.0
2022-06-13,2022-07-15,498.0,call,0.01,0.02,0.01,0.03,0,1563,0.30755,0.0011,32,375.0
2022-06-13,2022-07-15,498.0,put,123.4,125.29,124.34,0.0,0,0,0.59047,-0.93711,32,375.0
2022-06-13,2022-07-15,499.0,call,0.01,0.02,0.01,0.01,10,291,0.30755,0.00102,32,375.0
2022-06-13,2022-07-15,499.0,put,124.39,126.29,125.34,0.0,0,0,0.60023,-0.93505,32,375.0
2022-06-13,2022-07-15,500.0,call,0.01,0.02,0.01,0.02,54,9050,0.30755,0.00095,32,375.0
2022-06-13,2022-07-15,500.0,put,125.39,127.29,126.34,123.1,27,122,0.60023,-0.93646,32,375.0
2022-06-13,2022-07-15,505.0,call,0.01,0.02,0.01,0.02,0,3883,0.31731,0.00093,32,375.0
2022-06-13,2022-07-15,505.0,put,130.39,132.29,131.34,55.9,0,2,0.61974,-0.93653,32,375.0
2022-06-13,2022-07-15,510.0,call,0.01,0.02,0.01,0.02,80,4538,0.32707,0.00091,32,375.0
2022-06-13,2022-07-15,510.0,put,135.39,137.29,136.34,116.0,0,1,0.6295,-0.93974,32,375.0
2022-06-13,2022-07-15,515.0,call,0.01,0.02,0.01,0.01,520,4376,0.33682,0.00089,32,375.0
2022-06-13,2022-07-15,515.0,put,140.39,142.29,141.34,57.5,0,1,0.64901,-0.93955,32,375.0
2022-06-13,2022-07-15,520.0,put,145.69,146.96,146.32,83.93,0,3,0.65876,-0.94234,32,375.0
2022-06-13,2022-07-15,525.0,put,150.69,151.96,151.32,0.0,0,0,0.67828,-0.94195,32,375.0
2022-06-13,2022-07-15,530.0,put,155.69,156.96,156.32,125.0,0,11,0.68803,-0.94439,32,375.0
2022-06-13,2022-07-15,535.0,put,160.69,161.96,161.32,0.0,0,0,0.70754,-0.94385,32,375.0
2022-06-13,2022-07-15,540.0,put,165.68,166.96,166.32,97.53,0,1,0.7173,-0.946,32,375.0
2022-06-13,2022-07-15,545.0,put,170.68,171.96,171.32,0.0,0,0,0.73681,-0.94534,32,375.0
2022-06-13,2022-07-15,550.0,put,175.68,176.96,176.32,143.0,0,3,0.74657,-0.94725,32,375.0
2022-06-13,2022-07-15,555.0,put,180.68,181.95,181.31,158.0,0,4,0.76608,-0.94649,32,375.0
2022-06-13,2022-07-15,560.0,put,185.68,186.95,186.31,0.0,0,0,0.77583,-0.9482,32,375.0
2022-06-13,2022-07-15,565.0,put,190.68,191.95,191.31,120.1,0,1,0.78559,-0.94978,32,375.0
2022-06-13,2022-07-15,570.0,put,195.68,196.95,196.31,0.0,0,0,0.8051,-0.94889,32,375.0
2022-06-13,2022-07-15,575.0,put,200.67,201.95,201.31,0.0,0,0,0.81486,-0.95032,32,375.0
2022-06-13,2022-07-15,580.0,put,205.67,206.95,206.31,177.09,0,2,0.82461,-0.95165,32,375.0
2022-06-13,2022-07-15,585.0,put,210.67,211.94,211.31,165.5,0,1,0.84413,-0.95066,32,375.0
2022-06-13,2022-07-15,590.0,put,215.67,216.94,216.31,0.0,0,0,0.85388,-0.95187,32,375.0
2022-06-13,2022-07-15,595.0,put,220.67,221.94,221.31,0.0,0,0,0.86364,-0.95299,32,375.0
2022-06-13,2022-07-15,600.0,put,225.67,226.94,226.31,210.2,0,1,0.88315,-0.95193,32,375.0
2022-06-13,2022-07-15,605.0,put,230.67,231.94,231.31,0.0,0,0,0.89291,-0.95295,32,375.0
2022-06-13,2022-07-15,610.0,put,235.67,236.94,236.31,0.0,0,0,0.90266,-0.95391,32,375.0
2022-06-13,2022-07-15,615.0,put,240.66,241.94,241.3,0.0,0,0,0.91242,-0.95481,32,375.0
2022-06-13,2022-07-15,620.0,put,245.66,246.93,246.3,0.0,0,0,0.93193,-0.95367,32,375.0
2022-06-13,2022-07-15,625.0,put,250.66,251.93,251.3,0.0,0,0,0.94168,-0.95449,32,375.0
2022-06-13,2022-07-15,630.0,put,255.66,256.93,256.3,210.0,0,4,0.95144,-0.95526,32,375.0
2022-06-13,2022-07-15,635.0,put,260.66,261.93,261.3,0.0,0,0,0.9612,-0.95598,32,375.0
2022-06-13,2022-07-15,640.0,put,265.66,266.93,266.3,198.82,0,1,0.97095,-0.95665,32,375.0
2022-06-13,2022-07-15,645.0,put,270.66,271.93,271.3,0.0,0,0,0.99046,-0.95545,32,375.0
2022-06-13,2022-07-15,650.0,put,275.65,276.93,276.29,253.0,0,7,1.00022,-0.95606,32,375.0
2022-06-13,2022-07-18,350.0,call,29.55,30.42,29.98,32.5,2,1,0.30755,0.78242,35,375.0
2022-06-13,2022-07-18,350.0,put,6.0,6.09,6.04,6.05,455,22,0.34658,-0.24074,35,375.0
2022-06-13,2022-07-18,355.0,call,25.84,26.61,26.23,29.79,2,0,0.30755,0.73613,35,375.0
2022-06-13,2022-07-18,355.0,put,7.22,7.33,7.28,7.49,157,69,0.33682,-0.27919,35,375.0
2022-06-13,2022-07-18,360.0,call,22.34,22.97,22.66,24.57,4,0,0.2978,0.69055,35,375.0
2022-06-13,2022-07-18,360.0,put,8.65,8.77,8.71,8.72,378,8,0.33682,-0.32593,35,375.0
2022-06-13,2022-07-18,365.0,call,19.06,19.61,19.34,0.0,0,0,0.2978,0.63602,35,375.0
2022-06-13,2022-07-18,365.0,put,10.31,10.43,10.37,10.76,237,46,0.32707,-0.37245,35,375.0
2022-06-13,2022-07-18,370.0,call,16.24,16.38,16.31,16.06,11,0,0.2978,0.57938,35,375.0
2022-06-13,2022-07-18,370.0,put,12.2,12.34,12.27,12.61,305,48,0.31731,-0.42315,35,375.0
2022-06-13,2022-07-18,375.0,call,13.38,13.52,13.45,13.04,54,0,0.28804,0.52134,35,375.0
2022-06-13,2022-07-18,375.0,put,14.34,14.47,14.41,14.43,330,61,0.31731,-0.47718,35,375.0
2022-06-13,2022-07-18,380.0,call,10.78,10.92,10.85,10.5,160,0,0.27829,0.45962,35,375.0
2022-06-13,2022-07-18,380.0,put,16.74,16.9,16.82,17.08,468,122,0.30755,-0.53311,35,375.0
2022-06-13,2022-07-18,385.0,call,8.47,8.6,8.54,8.22,80,0,0.26853,0.39537,35,375.0
2022-06-13,2022-07-18,385.0,put,19.39,19.71,19.55,18.39,33,23,0.2978,-0.59121,35,375.0
2022-06-13,2022-07-18,390.0,call,6.45,6.56,6.5,6.5,81,34,0.26853,0.33705,35,375.0
2022-06-13,2022-07-18,390.0,put,22.28,22.73,22.51,19.77,27,36,0.2978,-0.64452,35,375.0
2022-06-13,2022-07-18,395.0,call,4.74,4.85,4.79,4.74,128,36,0.25877,0.27478,35,375.0
2022-06-13,2022-07-18,395.0,put,25.53,26.08,25.8,26.3,9,24,0.28804,-0.7016,35,375.0
2022-06-13,2022-07-18,400.0,call,3.36,3.46,3.41,3.57,158,22,0.24902,0.21533,35,375.0
2022-06-13,2022-07-18,400.0,put,29.17,29.74,29.45,29.52,18,62,0.28804,-0.74858,35,375.0
2022-06-13,2022-07-18,405.0,call,2.29,2.38,2.33,2.37,32,41,0.23926,0.16085,35,375.0
2022-06-13,2022-07-18,405.0,put,33.11,33.7,33.41,29.99,11,2,0.28804,-0.79083,35,375.0
2022-06-13,2022-07-18,410.0,call,1.52,1.6,1.56,1.49,378,10,0.23926,0.12372,35,375.0
2022-06-13,2022-07-18,410.0,put,37.32,37.93,37.62,33.3,2,2,0.28804,-0.82815,35,375.0
2022-06-13,2022-07-18,415.0,call,1.0,1.06,1.03,0.99,118,19,0.22951,0.08389,35,375.0
2022-06-13,2022-07-18,415.0,put,41.79,42.56,42.17,40.0,1,1,0.2978,-0.85183,35,375.0
2022-06-13,2022-07-18,420.0,call,0.66,0.69,0.68,0.72,172,34,0.22951,0.06083,35,375.0
2022-06-13,2022-07-18,420.0,put,46.46,47.26,46.86,47.1,3,3,0.30755,-0.8716,35,375.0
2022-06-13,2022-07-18,425.0,call,0.44,0.46,0.45,0.5,26,28,0.22951,0.04323,35,375.0
2022-06-13,2022-07-18,425.0,put,51.22,52.13,51.67,0.0,0,0,0.31731,-0.88812,35,375.0
2022-06-13,2022-07-18,430.0,call,0.29,0.32,0.3,0.34,62,20,0.22951,0.03012,35,375.0
2022-06-13,2022-07-18,430.0,put,56.07,56.98,56.52,40.77,0,4,0.33682,-0.89478,35,375.0
2022-06-13,2022-07-18,435.0,call,0.21,0.22,0.21,0.24,8,9,0.22951,0.02059,35,375.0
2022-06-13,2022-07-18,435.0,put,60.51,62.37,61.44,44.79,0,1,0.35633,-0.9002,35,375.0
2022-06-13,2022-07-18,440.0,call,0.15,0.16,0.15,0.18,72,3,0.23926,0.01744,35,375.0
2022-06-13,2022-07-18,440.0,put,65.47,67.35,66.41,0.0,0,0,0.36609,-0.9109,35,375.0
2022-06-13,2022-07-18,445.0,call,0.1,0.12,0.11,0.12,13,2,0.23926,0.01184,35,375.0
2022-06-13,2022-07-18,445.0,put,70.44,72.33,71.38,0.0,0,0,0.3856,-0.91418,35,375.0
2022-06-13,2022-07-18,450.0,call,0.08,0.1,0.09,0.0,0,0,0.24902,0.01029,35,375.0
2022-06-13,2022-07-18,450.0,put,75.43,77.15,76.29,0.0,0,0,0.40511,-0.91687,35,375.0
2022-06-13,2022-07-18,455.0,call,0.06,0.08,0.07,0.08,25,0,0.24902,0.00697,35,375.0
2022-06-13,2022-07-18,455.0,put,80.42,82.32,81.37,0.0,0,0,0.42462,-0.91907,35,375.0
2022-06-13,2022-07-18,460.0,call,0.04,0.06,0.05,0.05,35,10,0.25877,0.00622,35,375.0
2022-06-13,2022-07-18,460.0,put,85.41,87.31,86.36,0.0,0,0,0.44414,-0.92087,35,375.0
2022-06-13,2022-07-18,465.0,call,0.03,0.05,0.04,0.07,0,1,0.25877,0.00421,35,375.0
2022-06-13,2022-07-18,465.0,put,90.41,92.3,91.35,0.0,0,0,0.46365,-0.92233,35,375.0
2022-06-13,2022-07-18,470.0,call,0.03,0.04,0.04,0.0,0,0,0.26853,0.00386,35,375.0
2022-06-13,2022-07-18,470.0,put,95.41,97.3,96.35,0.0,0,0,0.4734,-0.92808,35,375.0
2022-06-13,2022-07-22,250.0,call,124.26,126.15,125.21,0.0,0,0,0.01488,1.0,39,375.0
2022-06-13,2022-07-22,250.0,put,0.39,0.41,0.4,0.41,96,504,0.60023,-0.01503,39,375.0
2022-06-13,2022-07-22,255.0,call,119.27,121.16,120.22,0.0,0,0,0.01488,1.0,39,375.0
2022-06-13,2022-07-22,255.0,put,0.44,0.45,0.45,0.43,17,81,0.58072,-0.01653,39,375.0
2022-06-13,2022-07-22,260.0,call,114.29,116.17,115.23,0.0,0,0,0.01488,1.0,39,375.0
2022-06-13,2022-07-22,260.0,put,0.49,0.51,0.5,0.53,3525,5545,0.56121,-0.01817,39,375.0
2022-06-13,2022-07-22,265.0,call,109.31,111.18,110.25,0.0,0,0,0.35633,0.99884,39,375.0
2022-06-13,2022-07-22,265.0,put,0.56,0.57,0.56,0.56,5,833,0.55145,-0.02163,39,375.0
2022-06-13,2022-07-22,270.0,call,104.33,106.2,105.27,0.0,0,0,0.36609,0.99754,39,375.0
2022-06-13,2022-07-22,270.0,put,0.62,0.64,0.63,0.57,6,333,0.53194,-0.02378,39,375.0
2022-06-13,2022-07-22,275.0,call,99.37,101.0,100.19,0.0,0,0,0.01488,1.0,39,375.0
2022-06-13,2022-07-22,275.0,put,0.7,0.72,0.71,0.76,230,236,0.52218,-0.02822,39,375.0
2022-06-13,2022-07-22,280.0,call,94.41,96.03,95.22,0.0,0,0,0.01488,1.0,39,375.0
2022-06-13,2022-07-22,280.0,put,0.8,0.81,0.81,0.83,60,33,0.50267,-0.03106,39,375.0
2022-06-13,2022-07-22,285.0,call,89.47,91.08,90.28,0.0,0,0,0.30755,0.99736,39,375.0
2022-06-13,2022-07-22,285.0,put,0.9,0.92,0.91,0.83,2,1003,0.49292,-0.03678,39,375.0
2022-06-13,2022-07-22,290.0,call,84.54,86.14,85.34,0.0,0,0,0.32707,0.99317,39,375.0
2022-06-13,2022-07-22,290.0,put,1.02,1.04,1.03,1.07,48,11,0.4734,-0.04056,39,375.0
2022-06-13,2022-07-22,295.0,call,79.64,81.22,80.43,0.0,0,0,0.33682,0.98754,39,375.0
2022-06-13,2022-07-22,295.0,put,1.16,1.19,1.17,0.93,28,148,0.46365,-0.04797,39,375.0
2022-06-13,2022-07-22,300.0,call,74.77,76.32,75.54,0.0,0,0,0.33682,0.98168,39,375.0
2022-06-13,2022-07-22,300.0,put,1.33,1.35,1.34,1.34,124,505,0.44414,-0.05308,39,375.0
2022-06-13,2022-07-22,305.0,call,69.93,71.47,70.7,0.0,0,0,0.33682,0.97379,39,375.0
2022-06-13,2022-07-22,305.0,put,1.53,1.55,1.54,1.54,15,310,0.43438,-0.06271,39,375.0
2022-06-13,2022-07-22,310.0,call,65.15,66.65,65.9,0.0,0,0,0.33682,0.96344,39,375.0
2022-06-13,2022-07-22,310.0,put,1.77,1.79,1.78,1.65,70,679,0.42462,-0.07392,39,375.0
2022-06-13,2022-07-22,315.0,call,60.42,61.87,61.14,0.0,0,0,0.33682,0.95019,39,375.0
2022-06-13,2022-07-22,315.0,put,2.05,2.08,2.06,1.98,34,131,0.41487,-0.08691,39,375.0
2022-06-13,2022-07-22,320.0,call,55.77,57.16,56.47,0.0,0,0,0.33682,0.93367,39,375.0
2022-06-13,2022-07-22,320.0,put,2.39,2.44,2.42,2.5,230,382,0.39536,-0.09701,39,375.0
2022-06-13,2022-07-22,325.0,call,51.2,52.53,51.87,0.0,0,0,0.32707,0.91928,39,375.0
2022-06-13,2022-07-22,325.0,put,2.82,2.86,2.84,2.93,104,131,0.3856,-0.11403,39,375.0
2022-06-13,2022-07-22,330.0,call,46.74,47.99,47.37,48.47,10,0,0.32707,0.89571,39,375.0
2022-06-13,2022-07-22,330.0,put,3.33,3.39,3.36,3.42,682,752,0.37584,-0.13368,39,375.0
2022-06-13,2022-07-22,335.0,call,42.42,43.57,43.0,0.0,0,0,0.32707,0.86796,39,375.0
2022-06-13,2022-07-22,335.0,put,3.96,4.03,4.0,4.14,178,196,0.36609,-0.15629,39,375.0
2022-06-13,2022-07-22,340.0,call,38.24,39.29,38.77,39.72,10,2,0.31731,0.84257,39,375.0
2022-06-13,2022-07-22,340.0,put,4.73,4.79,4.76,4.82,839,2100,0.36609,-0.1878,39,375.0
2022-06-13,2022-07-22,345.0,call,34.22,35.16,34.69,0.0,0,0,0.31731,0.80629,39,375.0
2022-06-13,2022-07-22,345.0,put,5.65,5.72,5.69,5.84,265,582,0.35633,-0.21719,39,375.0
2022-06-13,2022-07-22,350.0,call,30.37,31.22,30.8,33.29,2,0,0.31731,0.76595,39,375.0
2022-06-13,2022-07-22,350.0,put,6.74,6.82,6.78,6.79,23931,629,0.34658,-0.25032,39,375.0
2022-06-13,2022-07-22,355.0,call,26.72,27.43,27.07,28.24,2,0,0.30755,0.72717,39,375.0
2022-06-13,2022-07-22,355.0,put,8.02,8.1,8.06,8.33,283,5694,0.33682,-0.28743,39,375.0
2022-06-13,2022-07-22,360.0,call,23.26,23.87,23.57,25.02,4,1,0.30755,0.67909,39,375.0
2022-06-13,2022-07-22,360.0,put,9.49,9.58,9.54,9.68,14004,19330,0.33682,-0.33219,39,375.0
2022-06-13,2022-07-22,365.0,call,19.99,20.55,20.27,20.01,5,0,0.2978,0.63136,39,375.0
2022-06-13,2022-07-22,365.0,put,11.17,11.26,11.21,11.54,15316,16620,0.32707,-0.37655,39,375.0
2022-06-13,2022-07-22,366.0,call,19.36,19.91,19.63,19.55,3,3,0.2978,0.62071,39,375.0
2022-06-13,2022-07-22,366.0,put,11.53,11.63,11.58,11.79,97,13,0.32707,-0.3863,39,375.0
2022-06-13,2022-07-22,368.0,call,18.16,18.61,18.38,20.17,4,0,0.2978,0.59923,39,375.0
2022-06-13,2022-07-22,368.0,put,12.29,12.39,12.34,12.63,102,19,0.32707,-0.40594,39,375.0
2022-06-13,2022-07-22,370.0,call,17.2,17.31,17.25,18.72,70,4,0.2978,0.57757,39,375.0
2022-06-13,2022-07-22,370.0,put,13.07,13.17,13.12,13.5,24271,34766,0.32707,-0.42571,39,375.0
2022-06-13,2022-07-22,372.0,call,16.03,16.14,16.09,16.34,22,0,0.2978,0.55579,39,375.0
2022-06-13,2022-07-22,372.0,put,13.9,14.0,13.95,14.24,320,74,0.31731,-0.44518,39,375.0
2022-06-13,2022-07-22,374.0,call,14.89,15.0,14.95,14.65,116,0,0.28804,0.53381,39,375.0
2022-06-13,2022-07-22,374.0,put,14.76,14.86,14.81,15.08,179,61,0.31731,-0.46567,39,375.0
2022-06-13,2022-07-22,375.0,call,14.34,14.45,14.39,14.5,125,35,0.28804,0.52253,39,375.0
2022-06-13,2022-07-22,375.0,put,15.21,15.31,15.26,15.75,638,272,0.31731,-0.47591,39,375.0
2022-06-13,2022-07-22,376.0,call,13.8,13.91,13.86,14.07,445,0,0.28804,0.51125,39,375.0
2022-06-13,2022-07-22,376.0,put,15.66,15.77,15.71,16.84,129,52,0.31731,-0.48615,39,375.0
2022-06-13,2022-07-22,378.0,call,12.74,12.85,12.79,12.78,82,0,0.28804,0.48878,39,375.0
2022-06-13,2022-07-22,378.0,put,16.6,16.71,16.66,16.98,179,63,0.30755,-0.50805,39,375.0
2022-06-13,2022-07-22,379.0,call,12.23,12.34,12.29,12.51,227,0,0.28804,0.47759,39,375.0
2022-06-13,2022-07-22,379.0,put,17.09,17.2,17.14,17.66,100,101,0.30755,-0.51853,39,375.0
2022-06-13,2022-07-22,380.0,call,11.73,11.83,11.78,11.7,373,5,0.28804,0.46646,39,375.0
2022-06-13,2022-07-22,380.0,put,17.59,17.69,17.64,18.16,20935,9223,0.30755,-0.52896,39,375.0
2022-06-13,2022-07-22,381.0,call,11.24,11.34,11.29,11.08,43,0,0.27829,0.45253,39,375.0
2022-06-13,2022-07-22,381.0,put,18.09,18.2,18.14,18.49,29,182,0.30755,-0.53935,39,375.0
2022-06-13,2022-07-22,382.0,call,10.76,10.86,10.81,11.42,48,0,0.27829,0.44114,39,375.0
2022-06-13,2022-07-22,382.0,put,18.61,18.72,18.66,16.84,38,144,0.30755,-0.54969,39,375.0
2022-06-13,2022-07-22,383.0,call,10.29,10.39,10.34,10.24,38,26,0.27829,0.42982,39,375.0
2022-06-13,2022-07-22,383.0,put,19.14,19.25,19.2,17.48,4,162,0.30755,-0.55997,39,375.0
2022-06-13,2022-07-22,384.0,call,9.83,9.93,9.88,9.73,30,0,0.27829,0.4186,39,375.0
2022-06-13,2022-07-22,384.0,put,19.68,19.8,19.74,18.56,18,63,0.30755,-0.57018,39,375.0
2022-06-13,2022-07-22,385.0,call,9.38,9.47,9.43,9.1,87,21,0.27829,0.40746,39,375.0
2022-06-13,2022-07-22,385.0,put,20.24,20.34,20.29,20.62,15102,33172,0.2978,-0.58417,39,375.0
2022-06-13,2022-07-22,386.0,call,8.94,9.04,8.99,9.2,3,0,0.27829,0.39643,39,375.0
2022-06-13,2022-07-22,386.0,put,20.8,20.91,20.86,19.28,7,72,0.2978,-0.59453,39,375.0
2022-06-13,2022-07-22,387.0,call,8.51,8.61,8.56,10.26,7,29,0.27829,0.38551,39,375.0
2022-06-13,2022-07-22,387.0,put,21.37,21.49,21.43,20.0,3,108,0.2978,-0.6048,39,375.0
2022-06-13,2022-07-22,388.0,call,8.1,8.19,8.14,14.67,0,2,0.26853,0.36909,39,375.0
2022-06-13,2022-07-22,388.0,put,21.96,22.07,22.02,22.36,96,140,0.2978,-0.61498,39,375.0
2022-06-13,2022-07-22,389.0,call,7.7,7.79,7.75,8.49,31,21,0.26853,0.35808,39,375.0
2022-06-13,2022-07-22,389.0,put,22.45,22.87,22.66,22.64,9,44,0.2978,-0.62504,39,375.0
2022-06-13,2022-07-22,390.0,call,7.3,7.39,7.34,7.0,268,30,0.26853,0.34722,39,375.0
2022-06-13,2022-07-22,390.0,put,23.04,23.48,23.26,23.07,344,634,0.2978,-0.635,39,375.0
2022-06-13,2022-07-22,391.0,call,6.93,7.01,6.97,6.73,68,58,0.26853,0.33651,39,375.0
2022-06-13,2022-07-22,391.0,put,23.68,24.11,23.89,22.5,2,161,0.2978,-0.64484,39,375.0
2022-06-13,2022-07-22,392.0,call,6.56,6.64,6.6,6.5,6,29,0.26853,0.32596,39,375.0
2022-06-13,2022-07-22,392.0,put,24.31,24.74,24.52,24.89,46,431,0.2978,-0.65456,39,375.0
2022-06-13,2022-07-22,393.0,call,6.2,6.28,6.24,5.91,223,16,0.26853,0.31557,39,375.0
2022-06-13,2022-07-22,393.0,put,24.93,25.39,25.16,26.61,31,335,0.2978,-0.66416,39,375.0
2022-06-13,2022-07-22,394.0,call,5.85,5.94,5.89,5.79,91,10,0.25877,0.29753,39,375.0
2022-06-13,2022-07-22,394.0,put,25.54,26.09,25.81,26.1,13,190,0.28804,-0.68026,39,375.0
2022-06-13,2022-07-22,395.0,call,5.52,5.6,5.56,5.5,363,52,0.25877,0.28723,39,375.0
2022-06-13,2022-07-22,395.0,put,26.21,26.74,26.48,27.87,27,32503,0.28804,-0.68983,39,375.0
2022-06-13,2022-07-22,396.0,call,5.2,5.28,5.24,5.34,27,7,0.25877,0.27713,39,375.0
2022-06-13,2022-07-22,396.0,put,26.88,27.43,27.16,24.2,1,85,0.28804,-0.69924,39,375.0
2022-06-13,2022-07-22,397.0,call,4.89,4.97,4.93,5.76,10,13,0.25877,0.26723,39,375.0
2022-06-13,2022-07-22,397.0,put,27.57,28.15,27.86,28.56,12,396,0.28804,-0.7085,39,375.0
2022-06-13,2022-07-22,398.0,call,4.59,4.67,4.63,4.71,243,10,0.25877,0.25754,39,375.0
2022-06-13,2022-07-22,398.0,put,28.28,28.83,28.55,29.56,6808,6822,0.28804,-0.7176,39,375.0
2022-06-13,2022-07-22,399.0,call,4.31,4.38,4.34,4.16,95,2,0.25877,0.24806,39,375.0
2022-06-13,2022-07-22,399.0,put,29.02,29.55,29.29,29.58,10,330,0.28804,-0.72654,39,375.0
2022-06-13,2022-07-22,400.0,call,4.03,4.11,4.07,3.89,301,69,0.24902,0.22926,39,375.0
2022-06-13,2022-07-22,400.0,put,29.75,30.31,30.03,31.35,73,5738,0.28804,-0.73531,39,375.0
2022-06-13,2022-07-22,401.0,call,3.77,3.85,3.81,3.76,100,15,0.24902,0.22007,39,375.0
2022-06-13,2022-07-22,401.0,put,30.49,31.03,30.76,29.7,2,69,0.28804,-0.74392,39,375.0
2022-06-13,2022-07-22,402.0,call,3.53,3.6,3.56,3.89,50,48,0.24902,0.21112,39,375.0
2022-06-13,2022-07-22,402.0,put,31.22,31.81,31.52,29.37,4,66,0.28804,-0.75236,39,375.0
2022-06-13,2022-07-22,403.0,call,3.29,3.36,3.33,3.34,58,10,0.24902,0.2024,39,375.0
2022-06-13,2022-07-22,403.0,put,32.01,32.58,32.3,29.97,8,131,0.28804,-0.76063,39,375.0
2022-06-13,2022-07-22,404.0,call,3.07,3.14,3.1,3.18,82,73,0.24902,0.19393,39,375.0
2022-06-13,2022-07-22,404.0,put,32.79,33.36,33.08,29.0,27,130,0.28804,-0.76872,39,375.0
2022-06-13,2022-07-22,405.0,call,2.85,2.92,2.88,2.9,262,314,0.24902,0.18569,39,375.0
2022-06-13,2022-07-22,405.0,put,33.55,34.13,33.84,34.95,33,179,0.28804,-0.77664,39,375.0
2022-06-13,2022-07-22,406.0,call,2.65,2.72,2.69,3.24,8,31,0.24902,0.1777,39,375.0
2022-06-13,2022-07-22,406.0,put,34.38,34.96,34.67,35.41,7,182,0.28804,-0.78438,39,375.0
2022-06-13,2022-07-22,407.0,call,2.46,2.53,2.5,2.83,139,220,0.23926,0.15949,39,375.0
2022-06-13,2022-07-22,407.0,put,35.16,35.75,35.45,35.5,17,130,0.28804,-0.79195,39,375.0
2022-06-13,2022-07-22,408.0,call,2.29,2.35,2.32,2.33,212,259,0.23926,0.15199,39,375.0
2022-06-13,2022-07-22,408.0,put,35.99,36.58,36.28,36.38,21,141,0.28804,-0.79934,39,375.0
2022-06-13,2022-07-22,409.0,call,2.12,2.18,2.15,2.34,57,65,0.23926,0.14474,39,375.0
2022-06-13,2022-07-22,409.0,put,36.82,37.44,37.13,34.57,20,95,0.28804,-0.80656,39,375.0
2022-06-13,2022-07-22,410.0,call,1.97,2.03,2.0,1.99,413,475,0.23926,0.13775,39,375.0
2022-06-13,2022-07-22,410.0,put,37.7,38.29,38.0,39.5,78,293,0.28804,-0.81359,39,375.0
2022-06-13,2022-07-22,411.0,call,1.82,1.88,1.85,1.92,55,359,0.23926,0.13101,39,375.0
2022-06-13,2022-07-22,411.0,put,38.53,39.15,38.84,40.88,16,104,0.28804,-0.82045,39,375.0
2022-06-13,2022-07-22,412.0,call,1.68,1.74,1.71,1.81,273,339,0.23926,0.12452,39,375.0
2022-06-13,2022-07-22,412.0,put,39.4,39.99,39.7,39.5,93,533,0.28804,-0.82713,39,375.0
2022-06-13,2022-07-22,413.0,call,1.56,1.61,1.58,1.74,35,432,0.23926,0.11827,39,375.0
2022-06-13,2022-07-22,413.0,put,40.25,41.0,40.62,37.17,31,229,0.28804,-0.83364,39,375.0
2022-06-13,2022-07-22,414.0,call,1.44,1.49,1.46,1.74,53,70,0.23926,0.11226,39,375.0
2022-06-13,2022-07-22,414.0,put,41.14,41.89,41.52,42.56,10,153,0.28804,-0.83997,39,375.0
2022-06-13,2022-07-22,415.0,call,1.33,1.38,1.35,1.4,721,1032,0.23926,0.10648,39,375.0
2022-06-13,2022-07-22,415.0,put,42.03,42.78,42.41,43.0,19,191,0.28804,-0.84612,39,375.0
2022-06-13,2022-07-22,416.0,call,1.23,1.28,1.25,1.48,29,45,0.22951,0.09114,39,375.0
2022-06-13,2022-07-22,416.0,put,42.94,43.69,43.31,40.4,2,520,0.28804,-0.85211,39,375.0
2022-06-13,2022-07-22,417.0,call,1.13,1.18,1.15,1.2,45,170,0.22951,0.08601,39,375.0
2022-06-13,2022-07-22,417.0,put,43.85,44.6,44.23,28.13,0,35,0.2978,-0.84915,39,375.0
2022-06-13,2022-07-22,418.0,call,1.05,1.09,1.07,1.09,3134,202,0.22951,0.08111,39,375.0
2022-06-13,2022-07-22,418.0,put,44.77,45.52,45.15,31.57,0,40,0.2978,-0.85483,39,375.0
2022-06-13,2022-07-22,419.0,call,0.97,1.01,0.99,1.02,24,63,0.22951,0.07643,39,375.0
2022-06-13,2022-07-22,419.0,put,45.69,46.45,46.07,42.0,1,17,0.2978,-0.86036,39,375.0
2022-06-13,2022-07-22,420.0,call,0.89,0.93,0.91,0.97,383,557,0.22951,0.07197,39,375.0
2022-06-13,2022-07-22,420.0,put,46.63,47.38,47.01,47.41,4,291,0.2978,-0.86573,39,375.0
2022-06-13,2022-07-22,421.0,call,0.82,0.86,0.84,0.88,139,141,0.22951,0.06772,39,375.0
2022-06-13,2022-07-22,421.0,put,47.57,48.32,47.95,34.2,0,7,0.2978,-0.87094,39,375.0
2022-06-13,2022-07-22,422.0,call,0.76,0.79,0.78,0.81,110,177,0.22951,0.06368,39,375.0
2022-06-13,2022-07-22,422.0,put,48.51,49.27,48.89,50.25,6,401,0.2978,-0.876,39,375.0
2022-06-13,2022-07-22,423.0,call,0.71,0.73,0.72,0.75,189,82,0.22951,0.05983,39,375.0
2022-06-13,2022-07-22,423.0,put,49.46,50.22,49.84,35.35,0,12,0.30755,-0.87265,39,375.0
2022-06-13,2022-07-22,424.0,call,0.65,0.67,0.66,0.67,30,115,0.22951,0.05618,39,375.0
2022-06-13,2022-07-22,424.0,put,50.42,51.18,50.8,50.65,1,15,0.30755,-0.87748,39,375.0
2022-06-13,2022-07-22,425.0,call,0.6,0.62,0.61,0.66,136,166,0.22951,0.05272,39,375.0
2022-06-13,2022-07-22,425.0,put,51.37,52.14,51.75,36.97,0,19,0.30755,-0.88217,39,375.0
2022-06-13,2022-07-22,426.0,call,0.56,0.58,0.57,0.61,21,42,0.22951,0.04943,39,375.0
2022-06-13,2022-07-22,426.0,put,52.34,53.1,52.72,22.24,0,10,0.30755,-0.88672,39,375.0
2022-06-13,2022-07-22,427.0,call,0.51,0.53,0.52,0.54,60,75,0.22951,0.04632,39,375.0
2022-06-13,2022-07-22,427.0,put,53.31,54.07,53.69,0.0,0,0,0.31731,-0.88329,39,375.0
2022-06-13,2022-07-22,428.0,call,0.48,0.5,0.49,0.53,43,93,0.22951,0.04337,39,375.0
2022-06-13,2022-07-22,428.0,put,54.27,55.05,54.66,0.0,0,0,0.31731,-0.88765,39,375.0
2022-06-13,2022-07-22,429.0,call,0.44,0.46,0.45,0.51,11,37,0.22951,0.04059,39,375.0
2022-06-13,2022-07-22,429.0,put,55.25,56.02,55.64,53.24,1,2,0.31731,-0.89189,39,375.0
2022-06-13,2022-07-22,430.0,call,0.41,0.43,0.42,0.42,5037,18422,0.22951,0.03795,39,375.0
2022-06-13,2022-07-22,430.0,put,56.22,57.01,56.61,29.93,0,27,0.32707,-0.88846,39,375.0
2022-06-13,2022-07-22,431.0,call,0.38,0.4,0.39,0.4,58,916,0.22951,0.03547,39,375.0
2022-06-13,2022-07-22,431.0,put,57.19,57.99,57.59,26.77,0,2,0.32707,-0.89253,39,375.0
2022-06-13,2022-07-22,432.0,call,0.35,0.37,0.36,0.38,14929,15113,0.22951,0.03312,39,375.0
2022-06-13,2022-07-22,432.0,put,58.17,58.98,58.58,22.91,0,1,0.32707,-0.89649,39,375.0
2022-06-13,2022-07-22,433.0,call,0.33,0.34,0.34,0.34,29,1193,0.22951,0.03091,39,375.0
2022-06-13,2022-07-22,433.0,put,59.14,59.97,59.55,56.69,5,3,0.33682,-0.89308,39,375.0
2022-06-13,2022-07-22,434.0,call,0.3,0.32,0.31,0.34,7,88,0.22951,0.02882,39,375.0
2022-06-13,2022-07-22,434.0,put,60.12,60.97,60.55,44.61,0,3,0.33682,-0.89689,39,375.0
2022-06-13,2022-07-22,435.0,call,0.28,0.3,0.29,0.3,62,1898,0.22951,0.02686,39,375.0
2022-06-13,2022-07-22,435.0,put,61.09,61.97,61.53,56.8,9,16,0.33682,-0.90059,39,375.0
2022-06-13,2022-07-22,436.0,call,0.26,0.28,0.27,0.3,135,173,0.22951,0.02502,39,375.0
2022-06-13,2022-07-22,436.0,put,61.57,63.25,62.41,28.26,0,3,0.33682,-0.90419,39,375.0
2022-06-13,2022-07-22,437.0,call,0.25,0.26,0.26,0.29,184,32935,0.22951,0.02328,39,375.0
2022-06-13,2022-07-22,437.0,put,62.51,64.3,63.41,26.14,0,5,0.33682,-0.90768,39,375.0
2022-06-13,2022-07-22,438.0,call,0.23,0.24,0.23,0.26,38,126,0.22951,0.02166,39,375.0
2022-06-13,2022-07-22,438.0,put,63.5,65.34,64.42,0.0,0,0,0.34658,-0.90427,39,375.0
2022-06-13,2022-07-22,439.0,call,0.21,0.23,0.22,0.24,40,954,0.22951,0.02013,39,375.0
2022-06-13,2022-07-22,439.0,put,64.49,66.36,65.42,30.22,0,7,0.34658,-0.90765,39,375.0
2022-06-13,2022-07-22,440.0,call,0.2,0.21,0.21,0.22,301,1410,0.22951,0.0187,39,375.0
2022-06-13,2022-07-22,440.0,put,65.48,67.36,66.42,61.5,7,10,0.35633,-0.90431,39,375.0
2022-06-13,2022-07-22,441.0,call,0.19,0.2,0.2,0.17,3,27,0.23926,0.02157,39,375.0
2022-06-13,2022-07-22,441.0,put,66.48,68.35,67.41,34.81,0,5,0.35633,-0.90758,39,375.0
2022-06-13,2022-07-22,442.0,call,0.18,0.19,0.18,0.16,3,29,0.22951,0.0161,39,375.0
2022-06-13,2022-07-22,442.0,put,67.47,69.35,68.41,0.0,0,0,0.35633,-0.91076,39,375.0
2022-06-13,2022-07-22,443.0,call,0.16,0.18,0.17,0.16,13,1047,0.23926,0.01875,39,375.0
2022-06-13,2022-07-22,443.0,put,68.46,70.35,69.41,50.63,0,5,0.36609,-0.90747,39,375.0
2022-06-13,2022-07-22,444.0,call,0.15,0.17,0.16,0.17,11,27,0.23926,0.01747,39,375.0
2022-06-13,2022-07-22,444.0,put,69.46,71.34,70.4,31.46,0,1,0.36609,-0.91055,39,375.0
2022-06-13,2022-07-22,445.0,call,0.15,0.16,0.15,0.16,16,184,0.23926,0.01626,39,375.0
2022-06-13,2022-07-22,445.0,put,70.45,72.34,71.4,35.3,0,10,0.36609,-0.91355,39,375.0
2022-06-13,2022-07-22,446.0,call,0.14,0.15,0.15,0.15,405,49,0.23926,0.01513,39,375.0
2022-06-13,2022-07-22,446.0,put,71.45,73.33,72.39,33.96,0,1,0.37584,-0.91032,39,375.0
2022-06-13,2022-07-22,447.0,call,0.13,0.14,0.14,0.15,3,40,0.23926,0.01407,39,375.0
2022-06-13,2022-07-22,447.0,put,72.44,74.33,73.38,0.0,0,0,0.37584,-0.91323,39,375.0
2022-06-13,2022-07-22,448.0,call,0.12,0.13,0.12,0.15,24,22,0.23926,0.01308,39,375.0
2022-06-13,2022-07-22,448.0,put,73.44,75.33,74.38,0.0,0,0,0.37584,-0.91607,39,375.0
2022-06-13,2022-07-22,449.0,call,0.11,0.13,0.12,0.14,5,75,0.23926,0.01215,39,375.0
2022-06-13,2022-07-22,449.0,put,74.44,76.32,75.38,0.0,0,0,0.3856,-0.91289,39,375.0
2022-06-13,2022-07-22,450.0,call,0.11,0.12,0.11,0.13,151,601,0.23926,0.01128,39,375.0
2022-06-13,2022-07-22,450.0,put,75.43,77.32,76.38,43.84,0,21,0.3856,-0.91566,39,375.0
2022-06-13,2022-07-22,452.0,call,0.09,0.11,0.1,0.3,0,30,0.23926,0.00971,39,375.0
2022-06-13,2022-07-22,452.0,put,77.42,79.32,78.37,0.0,0,0,0.39536,-0.91522,39,375.0
2022-06-13,2022-07-22,454.0,call,0.08,0.1,0.09,0.08,12,131,0.23926,0.00834,39,375.0
2022-06-13,2022-07-22,454.0,put,79.42,81.32,80.37,0.0,0,0,0.40511,-0.91477,39,375.0
2022-06-13,2022-07-22,455.0,call,0.08,0.09,0.08,0.09,50,389,0.23926,0.00772,39,375.0
2022-06-13,2022-07-22,455.0,put,80.42,82.32,81.37,48.6,0,7,0.40511,-0.91733,39,375.0
2022-06-13,2022-07-22,460.0,call,0.06,0.08,0.07,0.06,60,336,0.24902,0.00698,39,375.0
2022-06-13,2022-07-22,460.0,put,85.41,87.18,86.3,45.9,0,3,0.41487,-0.92395,39,375.0
2022-06-13,2022-07-22,465.0,call,0.05,0.06,0.06,0.05,61,91,0.25877,0.00638,39,375.0
2022-06-13,2022-07-22,465.0,put,90.41,92.31,91.36,53.71,0,1,0.43438,-0.92475,39,375.0
2022-06-13,2022-07-22,470.0,call,0.04,0.05,0.04,0.03,4,106,0.25877,0.00444,39,375.0
2022-06-13,2022-07-22,470.0,put,95.41,97.3,96.35,91.92,1,1,0.45389,-0.92532,39,375.0
2022-06-13,2022-07-22,475.0,call,0.03,0.05,0.04,0.03,6,65,0.26853,0.00416,39,375.0
2022-06-13,2022-07-22,475.0,put,100.4,102.3,101.35,65.25,0,1,0.4734,-0.9257,39,375.0
2022-06-13,2022-07-22,480.0,call,0.02,0.04,0.03,0.08,0,192,0.26853,0.0029,39,375.0
2022-06-13,2022-07-22,480.0,put,105.4,107.3,106.35,0.0,0,0,0.48316,-0.93036,39,375.0
2022-06-13,2022-07-22,485.0,call,0.02,0.03,0.03,0.05,0,190,0.27829,0.00278,39,375.0
2022-06-13,2022-07-22,485.0,put,110.4,112.3,111.35,0.0,0,0,0.50267,-0.93028,39,375.0
2022-06-13,2022-07-22,490.0,call,0.02,0.03,0.03,0.03,0,1,0.28804,0.00268,39,375.0
2022-06-13,2022-07-22,490.0,put,115.4,117.3,116.35,0.0,0,0,0.52218,-0.9301,39,375.0
2022-06-13,2022-07-22,495.0,call,0.01,0.03,0.02,0.05,0,5,0.28804,0.00191,39,375.0
2022-06-13,2022-07-22,495.0,put,120.4,122.29,121.34,0.0,0,0,0.53194,-0.93379,39,375.0
2022-06-13,2022-07-22,500.0,call,0.01,0.02,0.01,0.01,2,5,0.27829,0.00094,39,375.0
2022-06-13,2022-07-22,500.0,put,125.39,127.29,126.34,98.0,0,1,0.55145,-0.93331,39,375.0
2022-06-13,2022-07-22,510.0,call,0.01,0.02,0.01,0.02,0,24,0.2978,0.00096,39,375.0
2022-06-13,2022-07-22,510.0,put,135.39,137.29,136.34,0.0,0,0,0.58072,-0.93578,39,375.0
2022-06-13,2022-07-22,520.0,put,145.39,147.29,146.34,0.0,0,0,0.60023,-0.94104,39,375.0
2022-06-13,2022-07-22,530.0,put,155.38,157.28,156.33,0.0,0,0,0.6295,-0.94226,39,375.0
2022-06-13,2022-07-22,540.0,put,165.38,167.28,166.33,0.0,0,0,0.65876,-0.94313,39,375.0
2022-06-13,2022-07-22,550.0,put,175.38,177.28,176.33,0.0,0,0,0.68803,-0.94369,39,375.0
2022-06-13,2022-07-22,560.0,put,185.37,187.27,186.32,0.0,0,0,0.70754,-0.94678,39,375.0
2022-06-13,2022-07-22,570.0,put,195.37,197.27,196.32,0.0,0,0,0.73681,-0.94678,39,375.0
2022-06-13,2022-07-22,580.0,put,205.37,207.27,206.32,0.0,0,0,0.75632,-0.94916,39,375.0
2022-06-13,2022-07-22,590.0,put,215.36,217.26,216.31,0.0,0,0,0.78559,-0.94876,39,375.0
2022-06-13,2022-07-22,600.0,put,225.36,227.26,226.31,0.0,0,0,0.8051,-0.95063,39,375.0
2022-06-13,2022-07-29,250.0,call,124.29,126.17,125.23,0.0,0,0,0.01488,1.0,46,375.0
2022-06-13,2022-07-29,250.0,put,0.54,0.56,0.55,0.52,97,425,0.58072,-0.019,46,375.0
2022-06-13,2022-07-29,255.0,call,119.32,121.19,120.25,0.0,0,0,0.01488,1.0,46,375.0
2022-06-13,2022-07-29,255.0,put,0.6,0.62,0.61,0.62,1,10,0.56121,-0.02064,46,375.0
2022-06-13,2022-07-29,260.0,call,114.34,116.21,115.28,0.0,0,0,0.32707,0.99936,46,375.0
2022-06-13,2022-07-29,260.0,put,0.67,0.69,0.68,0.7,2,11,0.55145,-0.02419,46,375.0
2022-06-13,2022-07-29,265.0,call,109.38,111.03,110.2,0.0,0,0,0.01488,1.0,46,375.0
2022-06-13,2022-07-29,265.0,put,0.75,0.77,0.76,0.78,10,0,0.53194,-0.02628,46,375.0
2022-06-13,2022-07-29,270.0,call,104.42,106.06,105.24,0.0,0,0,0.01488,1.0,46,375.0
2022-06-13,2022-07-29,270.0,put,0.84,0.85,0.84,0.8,42,26,0.51243,-0.02855,46,375.0
2022-06-13,2022-07-29,275.0,call,99.49,101.1,100.29,0.0,0,0,0.25877,0.9997,46,375.0
2022-06-13,2022-07-29,275.0,put,0.93,0.95,0.94,1.02,7,33,0.50267,-0.03339,46,375.0
2022-06-13,2022-07-29,280.0,call,94.56,96.16,95.36,0.0,0,0,0.32707,0.9951,46,375.0
2022-06-13,2022-07-29,280.0,put,1.04,1.06,1.05,1.12,11,25,0.49292,-0.03895,46,375.0
2022-06-13,2022-07-29,285.0,call,89.66,91.24,90.45,0.0,0,0,0.33682,0.99095,46,375.0
2022-06-13,2022-07-29,285.0,put,1.17,1.19,1.18,1.17,18,4,0.4734,-0.04242,46,375.0
2022-06-13,2022-07-29,290.0,call,84.78,86.34,85.56,0.0,0,0,0.34658,0.98458,46,375.0
2022-06-13,2022-07-29,290.0,put,1.32,1.34,1.33,1.34,157,4,0.46365,-0.04944,46,375.0
2022-06-13,2022-07-29,295.0,call,79.93,81.46,80.69,0.0,0,0,0.34658,0.97832,46,375.0
2022-06-13,2022-07-29,295.0,put,1.49,1.51,1.5,1.52,199,0,0.44414,-0.05399,46,375.0
2022-06-13,2022-07-29,300.0,call,75.12,76.61,75.87,0.0,0,0,0.34658,0.97019,46,375.0
2022-06-13,2022-07-29,300.0,put,1.69,1.72,1.71,1.72,1200,12,0.43438,-0.06289,46,375.0
2022-06-13,2022-07-29,305.0,call,70.35,71.81,71.08,0.0,0,0,0.34658,0.95988,46,375.0
2022-06-13,2022-07-29,305.0,put,1.93,1.96,1.94,2.07,359,2,0.42462,-0.07312,46,375.0
2022-06-13,2022-07-29,310.0,call,65.64,67.04,66.34,0.0,0,0,0.34658,0.94708,46,375.0
2022-06-13,2022-07-29,310.0,put,2.21,2.24,2.23,2.23,621,28,0.41487,-0.08484,46,375.0
2022-06-13,2022-07-29,315.0,call,60.99,62.33,61.66,0.0,0,0,0.33682,0.93658,46,375.0
2022-06-13,2022-07-29,315.0,put,2.54,2.58,2.56,2.72,468,123,0.40511,-0.09826,46,375.0
2022-06-13,2022-07-29,320.0,call,56.42,57.67,57.05,0.0,0,0,0.33682,0.91849,46,375.0
2022-06-13,2022-07-29,320.0,put,2.95,2.99,2.97,3.0,1299,43,0.39536,-0.11359,46,375.0
2022-06-13,2022-07-29,325.0,call,51.94,53.15,52.55,0.0,0,0,0.33682,0.89712,46,375.0
2022-06-13,2022-07-29,325.0,put,3.44,3.49,3.46,3.45,1191,4,0.3856,-0.13105,46,375.0
2022-06-13,2022-07-29,330.0,call,47.58,48.71,48.14,0.0,0,0,0.32707,0.8786,46,375.0
2022-06-13,2022-07-29,330.0,put,4.02,4.07,4.04,4.13,691,165,0.37584,-0.15089,46,375.0
2022-06-13,2022-07-29,335.0,call,43.33,44.39,43.86,43.0,5,1,0.32707,0.85049,46,375.0
2022-06-13,2022-07-29,335.0,put,4.73,4.79,4.76,4.76,328,59,0.36609,-0.17337,46,375.0
2022-06-13,2022-07-29,340.0,call,39.23,40.19,39.71,0.0,0,0,0.31731,0.82521,46,375.0
2022-06-13,2022-07-29,340.0,put,5.56,5.63,5.59,5.68,1361,321,0.35633,-0.19876,46,375.0
2022-06-13,2022-07-29,345.0,call,35.28,36.16,35.72,36.57,1,0,0.31731,0.78983,46,375.0
2022-06-13,2022-07-29,345.0,put,6.55,6.62,6.58,7.12,504,94,0.34658,-0.22731,46,375.0
2022-06-13,2022-07-29,350.0,call,31.49,32.3,31.89,32.13,17,0,0.31731,0.75114,46,375.0
2022-06-13,2022-07-29,350.0,put,7.71,7.78,7.75,7.76,667,236,0.34658,-0.26409,46,375.0
2022-06-13,2022-07-29,355.0,call,27.88,28.57,28.23,41.93,0,1,0.30755,0.71436,46,375.0
2022-06-13,2022-07-29,355.0,put,9.04,9.12,9.08,9.62,272,69,0.33682,-0.29913,46,375.0
2022-06-13,2022-07-29,360.0,call,24.46,25.09,24.77,36.47,0,1,0.30755,0.66933,46,375.0
2022-06-13,2022-07-29,360.0,put,10.56,10.64,10.6,11.02,619,287,0.32707,-0.33774,46,375.0
2022-06-13,2022-07-29,361.0,call,23.79,24.42,24.11,25.19,1,0,0.30755,0.66007,46,375.0
2022-06-13,2022-07-29,361.0,put,10.88,10.97,10.93,9.8,222,25,0.32707,-0.34651,46,375.0
2022-06-13,2022-07-29,362.0,call,23.14,23.71,23.43,23.11,3,0,0.30755,0.65074,46,375.0
2022-06-13,2022-07-29,362.0,put,11.22,11.3,11.26,11.4,73,20,0.32707,-0.35534,46,375.0
2022-06-13,2022-07-29,363.0,call,22.49,23.09,22.79,22.47,3,0,0.30755,0.64134,46,375.0
2022-06-13,2022-07-29,363.0,put,11.56,11.65,11.61,10.69,114,1,0.32707,-0.36423,46,375.0
2022-06-13,2022-07-29,364.0,call,21.85,22.44,22.15,0.0,0,0,0.2978,0.63472,46,375.0
2022-06-13,2022-07-29,364.0,put,11.91,12.01,11.96,10.77,375,2,0.32707,-0.37317,46,375.0
2022-06-13,2022-07-29,365.0,call,21.22,21.76,21.49,21.97,11,2,0.2978,0.62492,46,375.0
2022-06-13,2022-07-29,365.0,put,12.27,12.35,12.31,12.55,391,1235,0.32707,-0.38215,46,375.0
2022-06-13,2022-07-29,366.0,call,20.6,21.17,20.89,24.61,1,0,0.2978,0.61506,46,375.0
2022-06-13,2022-07-29,366.0,put,12.64,12.73,12.69,12.95,133,0,0.32707,-0.39116,46,375.0
2022-06-13,2022-07-29,367.0,call,19.99,20.52,20.25,0.0,0,0,0.2978,0.60516,46,375.0
2022-06-13,2022-07-29,367.0,put,13.02,13.1,13.06,11.69,192,1,0.32707,-0.40022,46,375.0
2022-06-13,2022-07-29,368.0,call,19.41,19.8,19.61,20.76,2,0,0.2978,0.59522,46,375.0
2022-06-13,2022-07-29,368.0,put,13.4,13.49,13.45,12.87,166,2,0.31731,-0.40793,46,375.0
2022-06-13,2022-07-29,369.0,call,18.79,19.2,18.99,0.0,0,0,0.2978,0.58524,46,375.0
2022-06-13,2022-07-29,369.0,put,13.79,13.88,13.84,14.46,48,14,0.31731,-0.4173,46,375.0
2022-06-13,2022-07-29,370.0,call,18.44,18.53,18.48,18.42,17,1,0.2978,0.57524,46,375.0
2022-06-13,2022-07-29,370.0,put,14.19,14.28,14.23,14.52,601,1148,0.31731,-0.4267,46,375.0
2022-06-13,2022-07-29,371.0,call,17.84,17.94,17.89,17.39,10,0,0.2978,0.56521,46,375.0
2022-06-13,2022-07-29,371.0,put,14.6,14.7,14.65,14.92,166,17,0.31731,-0.43612,46,375.0
2022-06-13,2022-07-29,372.0,call,17.26,17.36,17.31,17.19,215,0,0.2978,0.55517,46,375.0
2022-06-13,2022-07-29,372.0,put,15.02,15.13,15.07,15.76,291,4,0.31731,-0.44555,46,375.0
2022-06-13,2022-07-29,373.0,call,16.69,16.79,16.74,16.5,4,2,0.2978,0.54512,46,375.0
2022-06-13,2022-07-29,373.0,put,15.45,15.55,15.5,16.21,38,4,0.31731,-0.45498,46,375.0
2022-06-13,2022-07-29,374.0,call,16.13,16.22,16.17,15.76,257,0,0.28804,0.53485,46,375.0
2022-06-13,2022-07-29,374.0,put,15.88,16.0,15.94,16.36,197,1,0.31731,-0.46442,46,375.0
2022-06-13,2022-07-29,375.0,call,15.58,15.67,15.62,15.5,272,7,0.28804,0.52446,46,375.0
2022-06-13,2022-07-29,375.0,put,16.33,16.41,16.37,16.39,384,575,0.30755,-0.47442,46,375.0
2022-06-13,2022-07-29,376.0,call,15.03,15.13,15.08,15.07,371,5,0.28804,0.51409,46,375.0
2022-06-13,2022-07-29,376.0,put,16.78,16.9,16.84,16.79,723,14,0.30755,-0.48413,46,375.0
2022-06-13,2022-07-29,378.0,call,13.97,14.06,14.02,14.02,323,1,0.28804,0.49339,46,375.0
2022-06-13,2022-07-29,378.0,put,17.72,17.85,17.79,18.08,286,13,0.30755,-0.50351,46,375.0
2022-06-13,2022-07-29,379.0,call,13.45,13.55,13.5,13.5,36,1,0.28804,0.48309,46,375.0
2022-06-13,2022-07-29,379.0,put,18.2,18.31,18.25,18.83,118,22,0.30755,-0.51317,46,375.0
2022-06-13,2022-07-29,380.0,call,12.95,13.04,12.99,12.99,328,14,0.28804,0.47282,46,375.0
2022-06-13,2022-07-29,380.0,put,18.69,18.78,18.73,19.34,502,1617,0.30755,-0.52278,46,375.0
2022-06-13,2022-07-29,381.0,call,12.45,12.54,12.49,12.59,44,0,0.27829,0.4599,46,375.0
2022-06-13,2022-07-29,381.0,put,19.19,19.29,19.24,19.87,82,15,0.30755,-0.53236,46,375.0
2022-06-13,2022-07-29,382.0,call,11.96,12.06,12.01,12.02,91,10,0.27829,0.44938,46,375.0
2022-06-13,2022-07-29,382.0,put,19.71,19.84,19.77,17.73,51,2,0.30755,-0.5419,46,375.0
2022-06-13,2022-07-29,383.0,call,11.49,11.58,11.54,11.4,160,0,0.27829,0.43893,46,375.0
2022-06-13,2022-07-29,383.0,put,20.23,20.34,20.29,11.5,0,5,0.2978,-0.55445,46,375.0
2022-06-13,2022-07-29,384.0,call,11.02,11.11,11.06,10.98,63,0,0.27829,0.42855,46,375.0
2022-06-13,2022-07-29,384.0,put,20.76,21.06,20.91,19.1,41,112,0.2978,-0.56418,46,375.0
2022-06-13,2022-07-29,385.0,call,10.56,10.65,10.61,10.55,627,17,0.27829,0.41824,46,375.0
2022-06-13,2022-07-29,385.0,put,21.31,21.4,21.35,21.35,118,1153,0.2978,-0.57385,46,375.0
2022-06-13,2022-07-29,386.0,call,10.11,10.2,10.15,10.15,38,15,0.27829,0.40801,46,375.0
2022-06-13,2022-07-29,386.0,put,21.86,22.17,22.02,22.13,31,27,0.2978,-0.58345,46,375.0
2022-06-13,2022-07-29,387.0,call,9.67,9.76,9.71,9.47,68,2,0.27829,0.39787,46,375.0
2022-06-13,2022-07-29,387.0,put,22.42,22.52,22.47,20.76,11,2,0.2978,-0.59297,46,375.0
2022-06-13,2022-07-29,388.0,call,9.25,9.33,9.29,11.73,32,3,0.26853,0.38253,46,375.0
2022-06-13,2022-07-29,388.0,put,23.0,23.32,23.16,19.65,3,3,0.2978,-0.60241,46,375.0
2022-06-13,2022-07-29,389.0,call,8.83,8.91,8.87,9.14,5,102,0.26853,0.37227,46,375.0
2022-06-13,2022-07-29,389.0,put,23.58,23.9,23.74,21.16,3,8,0.2978,-0.61178,46,375.0
2022-06-13,2022-07-29,390.0,call,8.43,8.51,8.47,8.4,876,288,0.26853,0.36212,46,375.0
2022-06-13,2022-07-29,390.0,put,24.07,24.48,24.27,24.4,351,731,0.2978,-0.62105,46,375.0
2022-06-13,2022-07-29,391.0,call,8.03,8.11,8.07,8.1,69,28,0.26853,0.3521,46,375.0
2022-06-13,2022-07-29,391.0,put,24.66,25.11,24.88,25.01,63,89,0.2978,-0.63023,46,375.0
2022-06-13,2022-07-29,392.0,call,7.65,7.73,7.69,7.81,19,13,0.26853,0.34221,46,375.0
2022-06-13,2022-07-29,392.0,put,25.27,25.73,25.5,25.6,31,46,0.28804,-0.64514,46,375.0
2022-06-13,2022-07-29,393.0,call,7.27,7.35,7.31,7.24,74,22,0.26853,0.33245,46,375.0
2022-06-13,2022-07-29,393.0,put,25.89,26.36,26.12,23.0,1,95,0.28804,-0.65437,46,375.0
2022-06-13,2022-07-29,394.0,call,6.91,6.98,6.95,7.13,186,16,0.26853,0.32282,46,375.0
2022-06-13,2022-07-29,394.0,put,26.55,27.0,26.77,25.45,21,47,0.28804,-0.66348,46,375.0
2022-06-13,2022-07-29,395.0,call,6.56,6.63,6.59,6.41,568,87,0.25877,0.30563,46,375.0
2022-06-13,2022-07-29,395.0,put,27.18,27.63,27.41,27.82,19,130,0.28804,-0.67248,46,375.0
2022-06-13,2022-07-29,396.0,call,6.22,6.29,6.25,6.29,23,91,0.25877,0.29605,46,375.0
2022-06-13,2022-07-29,396.0,put,27.79,28.34,28.06,18.54,0,15,0.28804,-0.68136,46,375.0
2022-06-13,2022-07-29,397.0,call,5.89,5.96,5.92,5.82,44,0,0.25877,0.28663,46,375.0
2022-06-13,2022-07-29,397.0,put,28.46,29.01,28.73,18.3,0,11,0.28804,-0.69011,46,375.0
2022-06-13,2022-07-29,398.0,call,5.57,5.63,5.6,6.01,28,4,0.25877,0.27738,46,375.0
2022-06-13,2022-07-29,398.0,put,29.14,29.7,29.42,28.82,1,10,0.28804,-0.69874,46,375.0
2022-06-13,2022-07-29,399.0,call,5.26,5.33,5.29,5.2,299,2,0.25877,0.2683,46,375.0
2022-06-13,2022-07-29,399.0,put,29.83,30.4,30.11,19.59,0,113,0.28804,-0.70723,46,375.0
2022-06-13,2022-07-29,400.0,call,4.96,5.03,5.0,4.95,1108,188,0.25877,0.2594,46,375.0
2022-06-13,2022-07-29,400.0,put,30.54,31.11,30.82,31.1,389,133,0.28804,-0.71559,46,375.0
2022-06-13,2022-07-29,401.0,call,4.68,4.74,4.71,4.6,155,48,0.24902,0.24126,46,375.0
2022-06-13,2022-07-29,401.0,put,31.25,31.83,31.54,20.11,0,33,0.27829,-0.7319,46,375.0
2022-06-13,2022-07-29,402.0,call,4.41,4.47,4.44,4.29,244,11,0.24902,0.23256,46,375.0
2022-06-13,2022-07-29,402.0,put,31.98,32.56,32.27,29.03,8,2,0.27829,-0.74014,46,375.0
2022-06-13,2022-07-29,402.5,call,4.27,4.33,4.3,5.05,64,3,0.24902,0.22829,46,375.0
2022-06-13,2022-07-29,402.5,put,32.26,33.03,32.64,21.44,0,1,0.27829,-0.7442,46,375.0
2022-06-13,2022-07-29,403.0,call,4.14,4.2,4.17,4.08,245,42,0.24902,0.22406,46,375.0
2022-06-13,2022-07-29,403.0,put,32.72,33.3,33.01,19.68,0,3,0.27829,-0.74823,46,375.0
2022-06-13,2022-07-29,404.0,call,3.89,3.95,3.92,3.99,113,2,0.24902,0.21576,46,375.0
2022-06-13,2022-07-29,404.0,put,33.47,34.08,33.77,31.39,4,5,0.27829,-0.75616,46,375.0
2022-06-13,2022-07-29,405.0,call,3.65,3.71,3.68,3.76,224,124,0.24902,0.20767,46,375.0
2022-06-13,2022-07-29,405.0,put,34.26,34.82,34.54,35.0,14,161,0.27829,-0.76394,46,375.0
2022-06-13,2022-07-29,406.0,call,3.42,3.48,3.45,4.32,73,48,0.24902,0.19977,46,375.0
2022-06-13,2022-07-29,406.0,put,35.01,35.62,35.31,32.91,22,3,0.27829,-0.77156,46,375.0
2022-06-13,2022-07-29,407.0,call,3.2,3.26,3.23,3.29,222,4,0.24902,0.19208,46,375.0
2022-06-13,2022-07-29,407.0,put,35.79,36.38,36.09,36.01,1,7,0.27829,-0.77902,46,375.0
2022-06-13,2022-07-29,407.5,call,3.1,3.15,3.12,4.06,1,52,0.24902,0.18831,46,375.0
2022-06-13,2022-07-29,407.5,put,36.08,36.89,36.48,16.22,0,2,0.27829,-0.78269,46,375.0
2022-06-13,2022-07-29,408.0,call,3.0,3.05,3.02,2.99,40,6,0.23926,0.17408,46,375.0
2022-06-13,2022-07-29,408.0,put,36.58,37.18,36.88,33.4,6,40,0.27829,-0.78633,46,375.0
2022-06-13,2022-07-29,409.0,call,2.8,2.85,2.83,2.85,35,25,0.23926,0.16677,46,375.0
2022-06-13,2022-07-29,409.0,put,37.42,37.99,37.7,24.47,0,8,0.27829,-0.79347,46,375.0
2022-06-13,2022-07-29,410.0,call,2.61,2.67,2.64,2.68,300,142,0.23926,0.15969,46,375.0
2022-06-13,2022-07-29,410.0,put,38.21,38.81,38.51,34.89,734,60,0.27829,-0.80045,46,375.0
2022-06-13,2022-07-29,411.0,call,2.44,2.49,2.46,2.42,23,134,0.23926,0.15282,46,375.0
2022-06-13,2022-07-29,411.0,put,39.03,39.64,39.34,14.24,0,2,0.27829,-0.80727,46,375.0
2022-06-13,2022-07-29,412.0,call,2.27,2.33,2.3,2.28,309,74,0.23926,0.14616,46,375.0
2022-06-13,2022-07-29,412.0,put,39.87,40.48,40.17,40.43,5,19,0.27829,-0.81393,46,375.0
2022-06-13,2022-07-29,412.5,call,2.19,2.25,2.22,2.25,3,115,0.23926,0.14291,46,375.0
2022-06-13,2022-07-29,412.5,put,40.18,41.03,40.61,0.0,0,0,0.27829,-0.81721,46,375.0
2022-06-13,2022-07-29,413.0,call,2.12,2.17,2.15,2.12,50,65,0.23926,0.13972,46,375.0
2022-06-13,2022-07-29,413.0,put,40.72,41.33,41.02,35.97,6,42,0.27829,-0.82044,46,375.0
2022-06-13,2022-07-29,414.0,call,1.97,2.02,2.0,2.0,36,15,0.23926,0.13349,46,375.0
2022-06-13,2022-07-29,414.0,put,41.58,42.21,41.89,40.63,342,33,0.27829,-0.82678,46,375.0
2022-06-13,2022-07-29,415.0,call,1.83,1.88,1.85,1.89,214,47,0.23926,0.12747,46,375.0
2022-06-13,2022-07-29,415.0,put,42.45,43.08,42.77,40.47,8,57,0.27829,-0.83296,46,375.0
2022-06-13,2022-07-29,416.0,call,1.7,1.75,1.73,1.66,45,6,0.23926,0.12165,46,375.0
2022-06-13,2022-07-29,416.0,put,43.3,44.06,43.68,28.25,0,1,0.27829,-0.83898,46,375.0
2022-06-13,2022-07-29,417.0,call,1.58,1.63,1.6,1.65,291,119,0.22951,0.10576,46,375.0
2022-06-13,2022-07-29,417.0,put,44.19,44.95,44.57,42.58,2,3,0.27829,-0.84485,46,375.0
2022-06-13,2022-07-29,417.5,call,1.53,1.57,1.55,1.85,1,0,0.22951,0.1031,46,375.0
2022-06-13,2022-07-29,417.5,put,44.53,45.41,44.97,0.0,0,0,0.27829,-0.84772,46,375.0
2022-06-13,2022-07-29,418.0,call,1.47,1.51,1.49,1.65,11,4,0.22951,0.10049,46,375.0
2022-06-13,2022-07-29,418.0,put,45.08,45.84,45.46,44.06,1,1,0.28804,-0.8414,46,375.0
2022-06-13,2022-07-29,419.0,call,1.36,1.41,1.39,1.47,25,4,0.22951,0.09542,46,375.0
2022-06-13,2022-07-29,419.0,put,45.98,46.74,46.36,43.8,2,4,0.28804,-0.84699,46,375.0
2022-06-13,2022-07-29,420.0,call,1.26,1.3,1.28,1.27,1138,168,0.22951,0.09055,46,375.0
2022-06-13,2022-07-29,420.0,put,46.89,47.65,47.27,43.33,3,5,0.28804,-0.85243,46,375.0
2022-06-13,2022-07-29,421.0,call,1.17,1.21,1.19,1.46,75,18,0.22951,0.08588,46,375.0
2022-06-13,2022-07-29,421.0,put,47.81,48.57,48.19,0.0,0,0,0.28804,-0.85773,46,375.0
2022-06-13,2022-07-29,422.0,call,1.09,1.12,1.1,1.27,19,22,0.22951,0.08141,46,375.0
2022-06-13,2022-07-29,422.0,put,48.73,49.49,49.11,0.0,0,0,0.28804,-0.86289,46,375.0
2022-06-13,2022-07-29,422.5,call,1.05,1.08,1.06,1.04,1,0,0.22951,0.07924,46,375.0
2022-06-13,2022-07-29,422.5,put,49.08,49.98,49.53,35.02,0,1,0.28804,-0.86541,46,375.0
2022-06-13,2022-07-29,423.0,call,1.01,1.04,1.02,1.22,6,13,0.22951,0.07712,46,375.0
2022-06-13,2022-07-29,423.0,put,49.66,50.43,50.05,0.0,0,0,0.28804,-0.8679,46,375.0
2022-06-13,2022-07-29,424.0,call,0.93,0.97,0.95,1.0,18,112,0.22951,0.07301,46,375.0
2022-06-13,2022-07-29,424.0,put,50.6,51.36,50.98,48.13,1,0,0.28804,-0.87278,46,375.0
2022-06-13,2022-07-29,425.0,call,0.87,0.89,0.88,0.9,746,60,0.22951,0.06909,46,375.0
2022-06-13,2022-07-29,425.0,put,51.54,52.3,51.92,49.09,3,1,0.2978,-0.86889,46,375.0
2022-06-13,2022-07-29,426.0,call,0.8,0.83,0.81,0.85,36,19,0.22951,0.06533,46,375.0
2022-06-13,2022-07-29,426.0,put,52.49,53.25,52.87,0.0,0,0,0.2978,-0.87356,46,375.0
2022-06-13,2022-07-29,427.0,call,0.74,0.77,0.76,0.74,12,32,0.22951,0.06175,46,375.0
2022-06-13,2022-07-29,427.0,put,53.44,54.2,53.82,0.0,0,0,0.2978,-0.87811,46,375.0
2022-06-13,2022-07-29,428.0,call,0.69,0.71,0.7,0.75,5,10,0.22951,0.05833,46,375.0
2022-06-13,2022-07-29,428.0,put,54.39,55.16,54.77,40.44,0,1,0.2978,-0.88252,46,375.0
2022-06-13,2022-07-29,429.0,call,0.64,0.66,0.65,0.69,1,7,0.22951,0.05507,46,375.0
2022-06-13,2022-07-29,429.0,put,55.35,56.13,55.74,51.07,2,0,0.2978,-0.88682,46,375.0
2022-06-13,2022-07-29,430.0,call,0.59,0.61,0.6,0.62,157,441,0.22951,0.05196,46,375.0
2022-06-13,2022-07-29,430.0,put,56.32,57.09,56.7,52.59,45,6,0.30755,-0.88284,46,375.0
2022-06-13,2022-07-29,431.0,call,0.55,0.57,0.56,0.55,161,180,0.22951,0.04899,46,375.0
2022-06-13,2022-07-29,431.0,put,57.29,58.06,57.67,52.97,2,0,0.30755,-0.88697,46,375.0
2022-06-13,2022-07-29,432.0,call,0.51,0.53,0.52,0.55,7,1,0.22951,0.04617,46,375.0
2022-06-13,2022-07-29,432.0,put,58.26,59.04,58.65,43.62,0,1,0.30755,-0.89099,46,375.0
2022-06-13,2022-07-29,433.0,call,0.47,0.49,0.48,0.51,2,0,0.22951,0.04349,46,375.0
2022-06-13,2022-07-29,433.0,put,59.23,60.02,59.62,57.19,10,0,0.30755,-0.8949,46,375.0
2022-06-13,2022-07-29,434.0,call,0.44,0.46,0.45,0.53,5,4,0.22951,0.04094,46,375.0
2022-06-13,2022-07-29,434.0,put,60.2,61.01,60.61,0.0,0,0,0.31731,-0.89094,46,375.0
2022-06-13,2022-07-29,435.0,call,0.41,0.42,0.41,0.46,82,168,0.22951,0.03852,46,375.0
2022-06-13,2022-07-29,435.0,put,61.17,62.0,61.59,41.93,0,0,0.31731,-0.89471,46,375.0
2022-06-13,2022-07-29,436.0,call,0.38,0.39,0.39,0.43,108,117,0.22951,0.03623,46,375.0
2022-06-13,2022-07-29,436.0,put,62.15,62.99,62.57,60.08,2,0,0.31731,-0.89838,46,375.0
2022-06-13,2022-07-29,437.0,call,0.35,0.37,0.36,0.4,19,167,0.22951,0.03405,46,375.0
2022-06-13,2022-07-29,437.0,put,63.12,63.98,63.55,0.0,0,0,0.32707,-0.89448,46,375.0
2022-06-13,2022-07-29,438.0,call,0.33,0.34,0.34,0.36,55,156,0.22951,0.03198,46,375.0
2022-06-13,2022-07-29,438.0,put,64.09,64.98,64.53,0.0,0,0,0.32707,-0.89803,46,375.0
2022-06-13,2022-07-29,439.0,call,0.3,0.32,0.31,0.36,1,88,0.22951,0.03003,46,375.0
2022-06-13,2022-07-29,439.0,put,64.57,66.26,65.41,0.0,0,0,0.32707,-0.90148,46,375.0
2022-06-13,2022-07-29,440.0,call,0.28,0.3,0.29,0.32,61,460,0.22951,0.02817,46,375.0
2022-06-13,2022-07-29,440.0,put,65.51,67.3,66.41,66.88,45,5,0.32707,-0.90484,46,375.0
2022-06-13,2022-07-29,441.0,call,0.26,0.28,0.27,0.29,1,76,0.22951,0.02642,46,375.0
2022-06-13,2022-07-29,441.0,put,66.5,68.35,67.42,0.0,0,0,0.32707,-0.90811,46,375.0
2022-06-13,2022-07-29,442.0,call,0.25,0.27,0.26,0.28,16,0,0.22951,0.02476,46,375.0
2022-06-13,2022-07-29,442.0,put,67.49,69.37,68.43,0.0,0,0,0.33682,-0.90426,46,375.0
2022-06-13,2022-07-29,443.0,call,0.23,0.25,0.24,0.26,1,4,0.22951,0.0232,46,375.0
2022-06-13,2022-07-29,443.0,put,68.48,70.36,69.42,66.89,10,0,0.33682,-0.90744,46,375.0
2022-06-13,2022-07-29,444.0,call,0.22,0.23,0.23,0.25,2,1,0.22951,0.02172,46,375.0
2022-06-13,2022-07-29,444.0,put,69.47,71.35,70.41,0.0,0,0,0.33682,-0.91052,46,375.0
2022-06-13,2022-07-29,445.0,call,0.2,0.22,0.21,0.25,17,59,0.22951,0.02033,46,375.0
2022-06-13,2022-07-29,445.0,put,70.47,72.35,71.41,0.0,0,0,0.34658,-0.90675,46,375.0
2022-06-13,2022-07-29,446.0,call,0.19,0.2,0.2,0.22,3,41,0.22951,0.01901,46,375.0
2022-06-13,2022-07-29,446.0,put,71.46,73.34,72.4,0.0,0,0,0.34658,-0.90976,46,375.0
2022-06-13,2022-07-29,447.0,call,0.18,0.19,0.18,0.21,1,2,0.22951,0.01777,46,375.0
2022-06-13,2022-07-29,447.0,put,72.45,74.34,73.4,0.0,0,0,0.34658,-0.91268,46,375.0
2022-06-13,2022-07-29,448.0,call,0.17,0.18,0.17,0.0,0,0,0.22951,0.01661,46,375.0
2022-06-13,2022-07-29,448.0,put,73.45,75.33,74.39,0.0,0,0,0.35633,-0.90899,46,375.0
2022-06-13,2022-07-29,449.0,call,0.16,0.18,0.17,0.4,0,1,0.22951,0.01551,46,375.0
2022-06-13,2022-07-29,449.0,put,74.44,76.33,75.38,0.0,0,0,0.35633,-0.91184,46,375.0
2022-06-13,2022-07-29,450.0,call,0.15,0.16,0.15,0.18,64,25,0.22951,0.01448,46,375.0
2022-06-13,2022-07-29,450.0,put,75.44,77.33,76.38,61.58,0,1,0.35633,-0.91462,46,375.0
2022-06-13,2022-07-29,455.0,call,0.11,0.13,0.12,0.13,55,59,0.22951,0.01018,46,375.0
2022-06-13,2022-07-29,455.0,put,80.42,82.32,81.37,0.0,0,0,0.37584,-0.91539,46,375.0
2022-06-13,2022-07-29,460.0,call,0.09,0.1,0.1,0.08,248,43,0.23926,0.00937,46,375.0
2022-06-13,2022-07-29,460.0,put,85.42,87.31,86.37,0.0,0,0,0.39536,-0.9159,46,375.0
2022-06-13,2022-07-29,465.0,call,0.07,0.08,0.08,0.08,1,0,0.24902,0.00872,46,375.0
2022-06-13,2022-07-29,465.0,put,90.41,92.3,91.35,0.0,0,0,0.40511,-0.92169,46,375.0
2022-06-13,2022-07-29,470.0,call,0.06,0.07,0.07,0.1,0,2,0.24902,0.00624,46,375.0
2022-06-13,2022-07-29,470.0,put,95.41,97.3,96.35,0.0,0,0,0.42462,-0.92156,46,375.0
2022-06-13,2022-07-29,475.0,call,0.04,0.06,0.05,0.06,64,44,0.24902,0.00442,46,375.0
2022-06-13,2022-07-29,475.0,put,100.4,102.3,101.35,0.0,0,0,0.43438,-0.92634,46,375.0
2022-06-13,2022-07-29,480.0,call,0.04,0.05,0.04,0.04,28,0,0.25877,0.00427,46,375.0
2022-06-13,2022-07-29,480.0,put,105.4,107.27,106.34,102.55,5,0,0.45389,-0.92577,46,375.0
2022-06-13,2022-07-29,485.0,call,0.03,0.04,0.04,0.05,0,11,0.26853,0.00415,46,375.0
2022-06-13,2022-07-29,485.0,put,110.4,112.3,111.35,0.0,0,0,0.46365,-0.92977,46,375.0
2022-06-13,2022-07-29,490.0,call,0.02,0.04,0.03,0.0,0,0,0.26853,0.00301,46,375.0
2022-06-13,2022-07-29,490.0,put,115.4,117.3,116.35,0.0,0,0,0.48316,-0.92889,46,375.0
2022-06-13,2022-07-29,495.0,call,0.02,0.03,0.03,0.0,0,0,0.27829,0.00298,46,375.0
2022-06-13,2022-07-29,495.0,put,120.4,122.29,121.34,0.0,0,0,0.49292,-0.9323,46,375.0
2022-06-13,2022-07-29,500.0,call,0.02,0.03,0.03,0.0,0,0,0.28804,0.00296,46,375.0
2022-06-13,2022-07-29,500.0,put,125.39,127.29,126.34,0.0,0,0,0.51243,-0.93119,46,375.0
2022-06-13,2022-07-29,510.0,call,0.01,0.03,0.02,0.0,0,0,0.28804,0.00161,46,375.0
2022-06-13,2022-07-29,510.0,put,135.39,137.29,136.34,0.0,0,0,0.53194,-0.93678,46,375.0
2022-06-13,2022-07-29,520.0,call,0.01,0.02,0.01,0.0,0,0,0.28804,0.00086,46,375.0
2022-06-13,2022-07-29,520.0,put,145.39,147.28,146.33,0.0,0,0,0.56121,-0.93773,46,375.0
2022-06-13,2022-07-29,530.0,call,0.01,0.02,0.01,0.0,0,0,0.30755,0.00095,46,375.0
2022-06-13,2022-07-29,530.0,put,155.38,157.28,156.33,0.0,0,0,0.59047,-0.93829,46,375.0
2022-06-13,2022-07-29,540.0,put,165.38,167.28,166.33,0.0,0,0,0.60999,-0.94188,46,375.0
2022-06-13,2022-07-29,550.0,put,175.38,177.27,176.32,0.0,0,0,0.63925,-0.94174,46,375.0
2022-06-13,2022-07-29,560.0,put,185.37,187.27,186.32,0.0,0,0,0.65876,-0.94446,46,375.0
2022-06-13,2022-07-29,570.0,put,195.37,197.27,196.32,0.0,0,0,0.67828,-0.94675,46,375.0
2022-06-13,2022-07-29,580.0,put,205.37,207.27,206.32,0.0,0,0,0.70754,-0.94591,46,375.0
2022-06-13,2022-07-29,590.0,put,215.36,217.26,216.31,0.0,0,0,0.72706,-0.94768,46,375.0
2022-06-13,2022-07-29,600.0,put,225.36,227.26,226.31,0.0,0,0,0.74657,-0.94918,46,375.0
2022-06-13,2022-08-19,195.0,call,179.24,181.14,180.19,0.0,0,0,0.01488,1.0,67,375.0
2022-06-13,2022-08-19,195.0,put,0.36,0.37,0.36,0.37,181,7942,0.68803,-0.00887,67,375.0
2022-06-13,2022-08-19,200.0,call,174.25,176.14,175.19,191.93,0,8,0.01488,1.0,67,375.0
2022-06-13,2022-08-19,200.0,put,0.4,0.41,0.41,0.41,10568,9123,0.67828,-0.01034,67,375.0
2022-06-13,2022-08-19,205.0,call,169.26,171.15,170.2,0.0,0,0,0.01488,1.0,67,375.0
2022-06-13,2022-08-19,205.0,put,0.44,0.45,0.45,0.46,78,7519,0.65876,-0.01112,67,375.0
2022-06-13,2022-08-19,210.0,call,164.27,166.16,165.22,0.0,0,0,0.01488,1.0,67,375.0
2022-06-13,2022-08-19,210.0,put,0.49,0.5,0.49,0.5,147,6051,0.64901,-0.01288,67,375.0
2022-06-13,2022-08-19,215.0,call,159.29,161.17,160.23,0.0,0,0,0.01488,1.0,67,375.0
2022-06-13,2022-08-19,215.0,put,0.54,0.55,0.55,0.57,143,18704,0.6295,-0.01379,67,375.0
2022-06-13,2022-08-19,220.0,call,154.31,156.18,155.25,0.0,0,0,0.01488,1.0,67,375.0
2022-06-13,2022-08-19,220.0,put,0.59,0.6,0.59,0.54,42,4822,0.61974,-0.0159,67,375.0
2022-06-13,2022-08-19,225.0,call,149.33,151.2,150.26,178.16,0,3,0.01488,1.0,67,375.0
2022-06-13,2022-08-19,225.0,put,0.65,0.66,0.66,0.66,1137,29717,0.60023,-0.01697,67,375.0
2022-06-13,2022-08-19,230.0,call,144.37,146.23,145.3,0.0,0,0,0.01488,1.0,67,375.0
2022-06-13,2022-08-19,230.0,put,0.71,0.73,0.72,0.67,373,4542,0.59047,-0.01947,67,375.0
2022-06-13,2022-08-19,235.0,call,139.41,141.14,140.27,0.0,0,0,0.01488,1.0,67,375.0
2022-06-13,2022-08-19,235.0,put,0.78,0.8,0.79,0.76,677,4308,0.57096,-0.02073,67,375.0
2022-06-13,2022-08-19,240.0,call,134.46,136.15,135.31,162.0,0,12,0.01488,1.0,67,375.0
2022-06-13,2022-08-19,240.0,put,0.86,0.87,0.86,0.82,276,19105,0.56121,-0.0237,67,375.0
2022-06-13,2022-08-19,245.0,call,129.53,131.18,130.36,0.0,0,0,0.01488,1.0,67,375.0
2022-06-13,2022-08-19,245.0,put,0.94,0.96,0.95,0.94,76,3554,0.55145,-0.02704,67,375.0
2022-06-13,2022-08-19,250.0,call,124.61,126.16,125.38,165.6,0,31,0.01488,1.0,67,375.0
2022-06-13,2022-08-19,250.0,put,1.03,1.05,1.04,1.05,1393,8790,0.53194,-0.02873,67,375.0
2022-06-13,2022-08-19,255.0,call,119.7,121.28,120.49,0.0,0,0,0.36609,0.99457,67,375.0
2022-06-13,2022-08-19,255.0,put,1.13,1.15,1.14,1.13,94,11616,0.52218,-0.0327,67,375.0
2022-06-13,2022-08-19,260.0,call,114.81,116.35,115.58,156.0,0,2,0.37584,0.99097,67,375.0
2022-06-13,2022-08-19,260.0,put,1.24,1.26,1.25,1.24,198,5289,0.50267,-0.03474,67,375.0
2022-06-13,2022-08-19,265.0,call,109.94,111.45,110.69,0.0,0,0,0.37584,0.98765,67,375.0
2022-06-13,2022-08-19,265.0,put,1.36,1.38,1.37,1.39,790,3028,0.49292,-0.03947,67,375.0
2022-06-13,2022-08-19,270.0,call,105.09,106.56,105.83,176.0,0,4,0.3856,0.98125,67,375.0
2022-06-13,2022-08-19,270.0,put,1.5,1.52,1.51,1.49,155,4281,0.48316,-0.04477,67,375.0
2022-06-13,2022-08-19,275.0,call,100.26,101.69,100.97,0.0,0,0,0.37584,0.9781,67,375.0
2022-06-13,2022-08-19,275.0,put,1.66,1.68,1.67,1.66,138,4048,0.4734,-0.0507,67,375.0
2022-06-13,2022-08-19,280.0,call,95.46,96.84,96.15,0.0,0,0,0.37584,0.97156,67,375.0
2022-06-13,2022-08-19,280.0,put,1.83,1.86,1.85,1.85,63,8581,0.45389,-0.05399,67,375.0
2022-06-13,2022-08-19,285.0,call,90.68,92.02,91.35,0.0,0,0,0.37584,0.96361,67,375.0
2022-06-13,2022-08-19,285.0,put,2.03,2.05,2.04,2.02,800,4925,0.44414,-0.06113,67,375.0
2022-06-13,2022-08-19,290.0,call,85.94,87.23,86.59,120.0,0,4,0.37584,0.95413,67,375.0
2022-06-13,2022-08-19,290.0,put,2.26,2.28,2.27,2.25,562,7936,0.43438,-0.06912,67,375.0
2022-06-13,2022-08-19,295.0,call,81.23,82.47,81.85,114.4,0,1,0.36609,0.94717,67,375.0
2022-06-13,2022-08-19,295.0,put,2.52,2.54,2.53,2.55,1331,7741,0.42462,-0.07805,67,375.0
2022-06-13,2022-08-19,300.0,call,76.56,77.76,77.16,79.75,3,314,0.36609,0.93458,67,375.0
2022-06-13,2022-08-19,300.0,put,2.81,2.84,2.83,2.81,6700,30587,0.41487,-0.08805,67,375.0
2022-06-13,2022-08-19,305.0,call,71.94,73.1,72.52,74.87,1,5,0.35633,0.92502,67,375.0
2022-06-13,2022-08-19,305.0,put,3.15,3.2,3.17,3.15,200,9657,0.40511,-0.09923,67,375.0
2022-06-13,2022-08-19,310.0,call,67.38,68.47,67.92,70.29,6,2,0.34658,0.9141,67,375.0
2022-06-13,2022-08-19,310.0,put,3.55,3.6,3.58,3.61,3882,7479,0.39536,-0.11171,67,375.0
2022-06-13,2022-08-19,315.0,call,62.89,63.94,63.41,100.56,0,13,0.34658,0.89593,67,375.0
2022-06-13,2022-08-19,315.0,put,4.02,4.07,4.04,4.07,1258,7242,0.3856,-0.12565,67,375.0
2022-06-13,2022-08-19,320.0,call,58.48,59.49,58.98,76.0,0,90,0.33682,0.88135,67,375.0
2022-06-13,2022-08-19,320.0,put,4.56,4.61,4.58,4.6,6165,17285,0.37584,-0.1412,67,375.0
2022-06-13,2022-08-19,325.0,call,54.16,55.13,54.64,79.1,0,19,0.33682,0.85867,67,375.0
2022-06-13,2022-08-19,325.0,put,5.18,5.24,5.21,5.33,7577,14072,0.36609,-0.15854,67,375.0
2022-06-13,2022-08-19,330.0,call,50.0,50.85,50.42,50.1,2,243,0.32707,0.83969,67,375.0
2022-06-13,2022-08-19,330.0,put,5.91,5.97,5.94,5.98,4729,21516,0.35633,-0.17784,67,375.0
2022-06-13,2022-08-19,335.0,call,45.83,46.69,46.26,48.12,21,6,0.32707,0.81216,67,375.0
2022-06-13,2022-08-19,335.0,put,6.75,6.81,6.78,6.78,38238,38329,0.34658,-0.1993,67,375.0
2022-06-13,2022-08-19,340.0,call,41.85,42.65,42.25,41.75,3,147,0.31731,0.78812,67,375.0
2022-06-13,2022-08-19,340.0,put,7.72,7.78,7.75,7.87,13334,21760,0.34658,-0.22833,67,375.0
2022-06-13,2022-08-19,345.0,call,38.01,38.76,38.38,52.59,0,107,0.31731,0.75569,67,375.0
2022-06-13,2022-08-19,345.0,put,8.84,8.9,8.87,9.0,5841,22848,0.33682,-0.25446,67,375.0
2022-06-13,2022-08-19,350.0,call,34.32,35.02,34.67,34.2,14,232,0.30755,0.72609,67,375.0
2022-06-13,2022-08-19,350.0,put,10.09,10.2,10.14,10.39,28648,33664,0.32707,-0.28322,67,375.0
2022-06-13,2022-08-19,351.0,call,33.6,34.31,33.95,0.0,0,0,0.30755,0.71884,67,375.0
2022-06-13,2022-08-19,351.0,put,10.36,10.41,10.38,10.84,434,169,0.32707,-0.29016,67,375.0
2022-06-13,2022-08-19,352.0,call,32.88,33.59,33.23,0.0,0,0,0.30755,0.71151,67,375.0
2022-06-13,2022-08-19,352.0,put,10.63,10.69,10.66,10.87,155,218,0.32707,-0.29715,67,375.0
2022-06-13,2022-08-19,353.0,call,32.18,32.87,32.52,0.0,0,0,0.30755,0.70411,67,375.0
2022-06-13,2022-08-19,353.0,put,10.91,10.97,10.94,11.24,101,190,0.32707,-0.30419,67,375.0
2022-06-13,2022-08-19,354.0,call,31.47,32.16,31.81,0.0,0,0,0.30755,0.69665,67,375.0
2022-06-13,2022-08-19,354.0,put,11.2,11.26,11.23,11.5,630,827,0.32707,-0.31129,67,375.0
2022-06-13,2022-08-19,355.0,call,30.78,31.44,31.11,30.65,18,59,0.30755,0.68913,67,375.0
2022-06-13,2022-08-19,355.0,put,11.49,11.61,11.55,11.5,1327,29447,0.32707,-0.31844,67,375.0
2022-06-13,2022-08-19,356.0,call,30.09,30.76,30.43,0.0,0,0,0.30755,0.68155,67,375.0
2022-06-13,2022-08-19,356.0,put,11.8,11.85,11.82,12.34,35,1490,0.32707,-0.32564,67,375.0
2022-06-13,2022-08-19,357.0,call,29.41,30.07,29.74,31.54,2,2,0.30755,0.67392,67,375.0
2022-06-13,2022-08-19,357.0,put,12.11,12.16,12.13,12.08,131,438,0.31731,-0.3296,67,375.0
2022-06-13,2022-08-19,358.0,call,28.73,29.38,29.05,32.74,1,0,0.30755,0.66623,67,375.0
2022-06-13,2022-08-19,358.0,put,12.42,12.48,12.45,12.48,202,342,0.31731,-0.33708,67,375.0
2022-06-13,2022-08-19,359.0,call,28.3,28.65,28.48,28.4,93,0,0.30755,0.65849,67,375.0
2022-06-13,2022-08-19,359.0,put,12.74,12.8,12.77,12.91,345,389,0.31731,-0.34461,67,375.0
2022-06-13,2022-08-19,360.0,call,27.4,28.02,27.71,28.08,1139,128,0.2978,0.65383,67,375.0
2022-06-13,2022-08-19,360.0,put,13.08,13.19,13.13,13.02,9711,36430,0.31731,-0.35217,67,375.0
2022-06-13,2022-08-19,361.0,call,26.74,27.37,27.05,27.32,876,11,0.2978,0.64578,67,375.0
2022-06-13,2022-08-19,361.0,put,13.41,13.46,13.44,13.99,495,246,0.31731,-0.35978,67,375.0
2022-06-13,2022-08-19,362.0,call,26.1,26.71,26.41,29.56,3,0,0.2978,0.63768,67,375.0
2022-06-13,2022-08-19,362.0,put,13.75,13.81,13.78,13.98,176,500,0.31731,-0.36742,67,375.0
2022-06-13,2022-08-19,363.0,call,25.45,26.06,25.75,26.0,26,0,0.2978,0.62954,67,375.0
2022-06-13,2022-08-19,363.0,put,14.1,14.16,14.13,14.15,157,382,0.31731,-0.37509,67,375.0
2022-06-13,2022-08-19,364.0,call,24.82,25.39,25.11,26.19,1,13,0.2978,0.62137,67,375.0
2022-06-13,2022-08-19,364.0,put,14.46,14.54,14.5,15.11,365,1152,0.31731,-0.38278,67,375.0
2022-06-13,2022-08-19,365.0,call,24.19,24.76,24.48,24.1,12,134,0.2978,0.61316,67,375.0
2022-06-13,2022-08-19,365.0,put,14.83,14.94,14.88,14.85,27745,13359,0.30755,-0.38875,67,375.0
2022-06-13,2022-08-19,366.0,call,23.57,24.12,23.84,49.88,0,1,0.2978,0.60493,67,375.0
2022-06-13,2022-08-19,366.0,put,15.2,15.28,15.24,15.86,361,590,0.30755,-0.39674,67,375.0
2022-06-13,2022-08-19,367.0,call,22.96,23.52,23.24,22.88,11,4,0.2978,0.59667,67,375.0
2022-06-13,2022-08-19,367.0,put,15.57,15.63,15.6,15.98,158,550,0.30755,-0.40474,67,375.0
2022-06-13,2022-08-19,368.0,call,22.35,22.77,22.56,22.41,67,4,0.28804,0.58969,67,375.0
2022-06-13,2022-08-19,368.0,put,15.96,16.04,16.0,16.47,403,571,0.30755,-0.41276,67,375.0
2022-06-13,2022-08-19,369.0,call,22.0,22.11,22.05,21.86,23,4,0.28804,0.58112,67,375.0
2022-06-13,2022-08-19,369.0,put,16.34,16.41,16.38,17.08,30,246,0.30755,-0.4208,67,375.0
2022-06-13,2022-08-19,370.0,call,21.36,21.5,21.43,21.4,96,1407,0.28804,0.57253,67,375.0
2022-06-13,2022-08-19,370.0,put,16.75,16.87,16.81,16.85,26272,44385,0.30755,-0.42885,67,375.0
2022-06-13,2022-08-19,371.0,call,20.81,20.89,20.85,20.82,129,0,0.28804,0.56393,67,375.0
2022-06-13,2022-08-19,371.0,put,17.15,17.21,17.18,17.55,61,574,0.30755,-0.4369,67,375.0
2022-06-13,2022-08-19,372.0,call,20.19,20.27,20.23,20.23,168,0,0.28804,0.55533,67,375.0
2022-06-13,2022-08-19,372.0,put,17.58,17.66,17.62,18.0,76,2751,0.30755,-0.44496,67,375.0
2022-06-13,2022-08-19,373.0,call,19.64,19.72,19.68,19.63,363,0,0.28804,0.54672,67,375.0
2022-06-13,2022-08-19,373.0,put,17.98,18.05,18.02,18.38,196,640,0.2978,-0.45317,67,375.0
2022-06-13,2022-08-19,374.0,call,19.04,19.13,19.09,18.97,197,34,0.28804,0.53812,67,375.0
2022-06-13,2022-08-19,374.0,put,18.43,18.51,18.47,18.87,333,5365,0.2978,-0.4615,67,375.0
2022-06-13,2022-08-19,375.0,call,18.49,18.62,18.55,18.27,297,3334,0.28804,0.52951,67,375.0
2022-06-13,2022-08-19,375.0,put,18.87,18.99,18.93,18.88,16172,44899,0.2978,-0.46981,67,375.0
2022-06-13,2022-08-19,376.0,call,17.96,18.04,18.0,17.77,305,7,0.28804,0.52092,67,375.0
2022-06-13,2022-08-19,376.0,put,19.3,19.37,19.34,19.43,294,705,0.2978,-0.47812,67,375.0
2022-06-13,2022-08-19,377.0,call,17.41,17.5,17.45,17.18,274,332,0.27829,0.51108,67,375.0
2022-06-13,2022-08-19,377.0,put,19.75,19.82,19.79,20.41,806,286,0.2978,-0.48642,67,375.0
2022-06-13,2022-08-19,378.0,call,16.88,16.96,16.92,16.44,336,14,0.27829,0.50222,67,375.0
2022-06-13,2022-08-19,378.0,put,20.21,20.28,20.25,20.28,752,1324,0.2978,-0.4947,67,375.0
2022-06-13,2022-08-19,379.0,call,16.35,16.43,16.39,16.15,287,14,0.27829,0.49338,67,375.0
2022-06-13,2022-08-19,379.0,put,20.68,20.76,20.72,21.39,388,423,0.2978,-0.50296,67,375.0
2022-06-13,2022-08-19,380.0,call,15.79,15.9,15.84,15.86,3257,11652,0.27829,0.48457,67,375.0
2022-06-13,2022-08-19,380.0,put,21.18,21.3,21.24,21.11,5195,38155,0.2978,-0.5112,67,375.0
2022-06-13,2022-08-19,381.0,call,15.32,15.4,15.36,15.41,1267,8,0.27829,0.47578,67,375.0
2022-06-13,2022-08-19,381.0,put,21.63,21.72,21.67,22.18,474,303,0.28804,-0.52176,67,375.0
2022-06-13,2022-08-19,382.0,call,14.81,14.89,14.85,14.66,989,26,0.27829,0.46704,67,375.0
2022-06-13,2022-08-19,382.0,put,22.13,22.21,22.17,22.52,333,8324,0.28804,-0.53022,67,375.0
2022-06-13,2022-08-19,383.0,call,14.31,14.39,14.35,14.34,605,17,0.27829,0.45833,67,375.0
2022-06-13,2022-08-19,383.0,put,22.63,22.73,22.68,23.22,206,411,0.28804,-0.53864,67,375.0
2022-06-13,2022-08-19,384.0,call,13.83,13.91,13.87,13.86,300,15,0.27829,0.44966,67,375.0
2022-06-13,2022-08-19,384.0,put,23.15,23.23,23.19,23.25,206,660,0.28804,-0.54702,67,375.0
2022-06-13,2022-08-19,385.0,call,13.32,13.44,13.38,13.05,1043,4066,0.26853,0.43724,67,375.0
2022-06-13,2022-08-19,385.0,put,23.52,23.99,23.75,23.69,25266,43473,0.28804,-0.55536,67,375.0
2022-06-13,2022-08-19,386.0,call,12.88,12.95,12.91,12.77,444,32,0.26853,0.42837,67,375.0
2022-06-13,2022-08-19,386.0,put,24.2,24.29,24.24,25.36,81,658,0.28804,-0.56365,67,375.0
2022-06-13,2022-08-19,387.0,call,12.42,12.49,12.46,12.34,44,147,0.26853,0.41956,67,375.0
2022-06-13,2022-08-19,387.0,put,24.74,24.84,24.79,23.68,84,218,0.28804,-0.57189,67,375.0
2022-06-13,2022-08-19,388.0,call,11.97,12.04,12.0,11.97,57,245,0.26853,0.41082,67,375.0
2022-06-13,2022-08-19,388.0,put,25.29,25.38,25.34,26.64,134,975,0.28804,-0.58008,67,375.0
2022-06-13,2022-08-19,389.0,call,11.51,11.6,11.55,11.77,61,81,0.26853,0.40214,67,375.0
2022-06-13,2022-08-19,389.0,put,25.85,25.95,25.9,26.2,180,846,0.27829,-0.59291,67,375.0
2022-06-13,2022-08-19,390.0,call,11.07,11.17,11.12,11.02,1037,2481,0.26853,0.39353,67,375.0
2022-06-13,2022-08-19,390.0,put,26.26,26.81,26.54,26.62,3381,30420,0.27829,-0.60124,67,375.0
2022-06-13,2022-08-19,391.0,call,10.67,10.73,10.7,10.68,229,408,0.26853,0.38499,67,375.0
2022-06-13,2022-08-19,391.0,put,26.99,27.1,27.05,27.69,63,2340,0.27829,-0.60951,67,375.0
2022-06-13,2022-08-19,392.0,call,10.23,10.3,10.27,10.14,10,547,0.25877,0.37043,67,375.0
2022-06-13,2022-08-19,392.0,put,27.62,27.71,27.66,27.92,155,3206,0.27829,-0.61771,67,375.0
2022-06-13,2022-08-19,393.0,call,9.83,9.91,9.87,9.74,165,939,0.25877,0.36178,67,375.0
2022-06-13,2022-08-19,393.0,put,28.18,28.28,28.23,29.26,334,438,0.27829,-0.62583,67,375.0
2022-06-13,2022-08-19,394.0,call,9.42,9.49,9.46,9.44,121,55,0.25877,0.35323,67,375.0
2022-06-13,2022-08-19,394.0,put,28.61,29.18,28.89,28.88,117,697,0.27829,-0.63388,67,375.0
2022-06-13,2022-08-19,395.0,call,9.04,9.13,9.09,9.08,804,5707,0.25877,0.34477,67,375.0
2022-06-13,2022-08-19,395.0,put,29.22,29.8,29.51,30.76,1361,16092,0.27829,-0.64185,67,375.0
2022-06-13,2022-08-19,396.0,call,8.66,8.73,8.7,8.64,99,88,0.25877,0.33641,67,375.0
2022-06-13,2022-08-19,396.0,put,29.85,30.43,30.14,31.05,26,3570,0.27829,-0.64974,67,375.0
2022-06-13,2022-08-19,397.0,call,8.31,8.37,8.34,8.32,178,85,0.25877,0.32815,67,375.0
2022-06-13,2022-08-19,397.0,put,30.45,31.02,30.73,31.04,8,252,0.27829,-0.65754,67,375.0
2022-06-13,2022-08-19,398.0,call,7.93,8.0,7.96,7.76,263,637,0.25877,0.31999,67,375.0
2022-06-13,2022-08-19,398.0,put,31.12,31.71,31.41,31.53,81,1093,0.27829,-0.66526,67,375.0
2022-06-13,2022-08-19,399.0,call,7.6,7.66,7.63,7.57,96,160,0.25877,0.31194,67,375.0
2022-06-13,2022-08-19,399.0,put,31.75,32.32,32.03,32.33,7,616,0.26853,-0.68026,67,375.0
2022-06-13,2022-08-19,400.0,call,7.24,7.32,7.28,7.3,7175,6374,0.24902,0.29553,67,375.0
2022-06-13,2022-08-19,400.0,put,32.43,33.04,32.73,33.25,10441,38958,0.26853,-0.688,67,375.0
2022-06-13,2022-08-19,401.0,call,6.92,6.99,6.96,6.89,138,398,0.24902,0.2875,67,375.0
2022-06-13,2022-08-19,401.0,put,33.08,33.67,33.38,32.57,5,151,0.26853,-0.69564,67,375.0
2022-06-13,2022-08-19,402.0,call,6.59,6.65,6.62,6.77,32,1532,0.24902,0.2796,67,375.0
2022-06-13,2022-08-19,402.0,put,33.79,34.4,34.09,34.32,40,1054,0.26853,-0.70317,67,375.0
2022-06-13,2022-08-19,403.0,call,6.29,6.35,6.32,6.43,322,89,0.24902,0.27182,67,375.0
2022-06-13,2022-08-19,403.0,put,34.45,35.05,34.75,31.29,13,165,0.26853,-0.7106,67,375.0
2022-06-13,2022-08-19,404.0,call,5.99,6.05,6.02,5.94,151,1035,0.24902,0.26417,67,375.0
2022-06-13,2022-08-19,404.0,put,35.16,35.76,35.46,33.14,78,3813,0.26853,-0.71792,67,375.0
2022-06-13,2022-08-19,405.0,call,5.69,5.76,5.72,5.52,1127,7781,0.24902,0.25664,67,375.0
2022-06-13,2022-08-19,405.0,put,35.89,36.52,36.2,36.7,178,14448,0.26853,-0.72514,67,375.0
2022-06-13,2022-08-19,406.0,call,5.41,5.47,5.44,5.59,171,975,0.24902,0.24925,67,375.0
2022-06-13,2022-08-19,406.0,put,36.59,37.2,36.9,38.19,29,744,0.26853,-0.73224,67,375.0
2022-06-13,2022-08-19,407.0,call,5.14,5.2,5.17,5.58,8,633,0.23926,0.23187,67,375.0
2022-06-13,2022-08-19,407.0,put,37.33,37.93,37.63,25.89,0,508,0.26853,-0.73924,67,375.0
2022-06-13,2022-08-19,408.0,call,4.88,4.94,4.91,4.73,234,1683,0.23926,0.22463,67,375.0
2022-06-13,2022-08-19,408.0,put,38.07,38.68,38.38,37.65,16,1836,0.26853,-0.74612,67,375.0
2022-06-13,2022-08-19,409.0,call,4.63,4.68,4.65,4.72,3452,206,0.23926,0.21754,67,375.0
2022-06-13,2022-08-19,409.0,put,38.82,39.43,39.12,39.44,4,270,0.25877,-0.76227,67,375.0
2022-06-13,2022-08-19,410.0,call,4.38,4.44,4.41,4.4,1655,10502,0.23926,0.2106,67,375.0
2022-06-13,2022-08-19,410.0,put,39.61,40.25,39.93,40.12,623,9900,0.26853,-0.75954,67,375.0
2022-06-13,2022-08-19,411.0,call,4.15,4.2,4.18,4.15,135,241,0.23926,0.2038,67,375.0
2022-06-13,2022-08-19,411.0,put,40.36,40.97,40.66,40.45,31,448,0.25877,-0.77566,67,375.0
2022-06-13,2022-08-19,412.0,call,3.92,3.97,3.95,3.95,491,1490,0.23926,0.19716,67,375.0
2022-06-13,2022-08-19,412.0,put,41.17,41.81,41.49,41.48,342,4611,0.25877,-0.78217,67,375.0
2022-06-13,2022-08-19,413.0,call,3.71,3.77,3.74,3.75,173,760,0.23926,0.19066,67,375.0
2022-06-13,2022-08-19,413.0,put,41.96,42.55,42.25,41.71,15,802,0.25877,-0.78855,67,375.0
2022-06-13,2022-08-19,414.0,call,3.5,3.55,3.52,3.63,88,717,0.23926,0.18431,67,375.0
2022-06-13,2022-08-19,414.0,put,42.76,43.38,43.07,43.79,33,2743,0.25877,-0.79481,67,375.0
2022-06-13,2022-08-19,415.0,call,3.31,3.36,3.33,3.34,949,9480,0.22951,0.167,67,375.0
2022-06-13,2022-08-19,415.0,put,43.57,44.15,43.86,44.5,351,9822,0.25877,-0.80094,67,375.0
2022-06-13,2022-08-19,416.0,call,3.11,3.17,3.14,3.16,111,1218,0.22951,0.16095,67,375.0
2022-06-13,2022-08-19,416.0,put,44.39,45.05,44.72,45.14,36,3884,0.25877,-0.80694,67,375.0
2022-06-13,2022-08-19,417.0,call,2.94,2.99,2.96,2.95,1316,869,0.22951,0.15506,67,375.0
2022-06-13,2022-08-19,417.0,put,45.19,45.82,45.5,46.6,6,33,0.25877,-0.81282,67,375.0
2022-06-13,2022-08-19,418.0,call,2.76,2.82,2.79,2.7,131,1138,0.22951,0.14933,67,375.0
2022-06-13,2022-08-19,418.0,put,46.06,46.72,46.39,43.45,2,3853,0.25877,-0.81858,67,375.0
2022-06-13,2022-08-19,419.0,call,2.61,2.66,2.63,2.74,77,404,0.22951,0.14375,67,375.0
2022-06-13,2022-08-19,419.0,put,46.88,47.51,47.2,48.33,5,77,0.25877,-0.8242,67,375.0
2022-06-13,2022-08-19,420.0,call,2.45,2.5,2.48,2.45,4397,11242,0.22951,0.13833,67,375.0
2022-06-13,2022-08-19,420.0,put,47.76,48.42,48.09,48.58,339,17018,0.25877,-0.82971,67,375.0
2022-06-13,2022-08-19,421.0,call,2.31,2.36,2.33,2.26,109,578,0.22951,0.13306,67,375.0
2022-06-13,2022-08-19,421.0,put,48.6,49.23,48.91,35.03,0,108,0.25877,-0.83508,67,375.0
2022-06-13,2022-08-19,422.0,call,2.16,2.21,2.19,2.21,131,1090,0.22951,0.12794,67,375.0
2022-06-13,2022-08-19,422.0,put,49.5,50.16,49.83,50.74,15,3364,0.25877,-0.84034,67,375.0
2022-06-13,2022-08-19,423.0,call,2.04,2.08,2.06,2.1,20,227,0.22951,0.12297,67,375.0
2022-06-13,2022-08-19,423.0,put,50.33,51.11,50.72,51.7,11,4,0.25877,-0.84547,67,375.0
2022-06-13,2022-08-19,424.0,call,1.91,1.96,1.94,2.0,88,882,0.22951,0.11815,67,375.0
2022-06-13,2022-08-19,424.0,put,51.22,52.0,51.61,52.04,3,3315,0.26853,-0.84054,67,375.0
2022-06-13,2022-08-19,425.0,call,1.79,1.84,1.81,1.77,747,11069,0.22951,0.11348,67,375.0
2022-06-13,2022-08-19,425.0,put,52.11,52.89,52.5,52.88,145,15350,0.26853,-0.84546,67,375.0
2022-06-13,2022-08-19,426.0,call,1.68,1.72,1.7,1.73,60,729,0.21975,0.09833,67,375.0
2022-06-13,2022-08-19,426.0,put,53.02,53.79,53.41,51.44,2,9,0.26853,-0.85026,67,375.0
2022-06-13,2022-08-19,427.0,call,1.58,1.62,1.6,1.6,23,248,0.21975,0.09409,67,375.0
2022-06-13,2022-08-19,427.0,put,53.93,54.7,54.31,54.34,4,8,0.26853,-0.85496,67,375.0
2022-06-13,2022-08-19,428.0,call,1.47,1.51,1.49,1.52,70,693,0.21975,0.08998,67,375.0
2022-06-13,2022-08-19,428.0,put,54.84,55.62,55.23,41.24,0,5,0.26853,-0.85955,67,375.0
2022-06-13,2022-08-19,429.0,call,1.38,1.42,1.4,1.54,24,230,0.21975,0.08603,67,375.0
2022-06-13,2022-08-19,429.0,put,55.76,56.54,56.15,56.03,1,7,0.26853,-0.86402,67,375.0
2022-06-13,2022-08-19,430.0,call,1.29,1.33,1.31,1.32,1675,32752,0.21975,0.08221,67,375.0
2022-06-13,2022-08-19,430.0,put,56.69,57.47,57.08,57.84,3698,9638,0.26853,-0.86839,67,375.0
2022-06-13,2022-08-19,431.0,call,1.21,1.25,1.23,1.26,14,198,0.21975,0.07853,67,375.0
2022-06-13,2022-08-19,431.0,put,57.63,58.41,58.02,29.88,0,46,0.26853,-0.87265,67,375.0
2022-06-13,2022-08-19,432.0,call,1.13,1.17,1.15,1.3,9,619,0.21975,0.07498,67,375.0
2022-06-13,2022-08-19,432.0,put,58.56,59.35,58.95,54.29,6,25,0.26853,-0.8768,67,375.0
2022-06-13,2022-08-19,433.0,call,1.06,1.09,1.08,1.13,10,117,0.21975,0.07157,67,375.0
2022-06-13,2022-08-19,433.0,put,59.51,60.29,59.9,42.1,0,40,0.26853,-0.88085,67,375.0
2022-06-13,2022-08-19,434.0,call,1.0,1.02,1.01,1.01,240,4368,0.21975,0.06828,67,375.0
2022-06-13,2022-08-19,434.0,put,60.46,61.24,60.85,58.6,6,41,0.27829,-0.87557,67,375.0
2022-06-13,2022-08-19,435.0,call,0.93,0.95,0.94,0.95,1068,8313,0.21975,0.06512,67,375.0
2022-06-13,2022-08-19,435.0,put,61.41,62.2,61.8,63.32,142,14716,0.27829,-0.87949,67,375.0
2022-06-13,2022-08-19,436.0,call,0.87,0.89,0.88,0.91,161,416,0.21975,0.06208,67,375.0
2022-06-13,2022-08-19,436.0,put,62.36,63.16,62.76,44.8,0,18,0.27829,-0.88331,67,375.0
2022-06-13,2022-08-19,437.0,call,0.82,0.84,0.83,0.94,11,148,0.21975,0.05916,67,375.0
2022-06-13,2022-08-19,437.0,put,63.32,64.12,63.72,63.78,1,1,0.27829,-0.88704,67,375.0
2022-06-13,2022-08-19,438.0,call,0.76,0.78,0.77,0.78,273,645,0.21975,0.05635,67,375.0
2022-06-13,2022-08-19,438.0,put,64.28,65.09,64.69,49.22,0,17,0.27829,-0.89067,67,375.0
2022-06-13,2022-08-19,439.0,call,0.71,0.73,0.72,0.74,21,885,0.21975,0.05366,67,375.0
2022-06-13,2022-08-19,439.0,put,65.25,66.07,65.66,0.0,0,0,0.28804,-0.88547,67,375.0
2022-06-13,2022-08-19,440.0,call,0.67,0.68,0.68,0.68,1043,40225,0.21975,0.05107,67,375.0
2022-06-13,2022-08-19,440.0,put,66.22,67.05,66.63,68.0,160,15968,0.28804,-0.889,67,375.0
2022-06-13,2022-08-19,441.0,call,0.62,0.64,0.63,0.63,84,170,0.21975,0.04859,67,375.0
2022-06-13,2022-08-19,441.0,put,67.18,68.03,67.61,36.28,0,4,0.28804,-0.89244,67,375.0
2022-06-13,2022-08-19,442.0,call,0.58,0.6,0.59,0.67,26,1778,0.21975,0.04622,67,375.0
2022-06-13,2022-08-19,442.0,put,68.15,69.02,68.59,63.79,2,59,0.28804,-0.8958,67,375.0
2022-06-13,2022-08-19,443.0,call,0.55,0.56,0.56,0.57,9,1294,0.21975,0.04394,67,375.0
2022-06-13,2022-08-19,443.0,put,69.12,70.01,69.56,36.63,0,1,0.28804,-0.89907,67,375.0
2022-06-13,2022-08-19,444.0,call,0.51,0.53,0.52,0.56,144,2061,0.21975,0.04176,67,375.0
2022-06-13,2022-08-19,444.0,put,70.08,71.01,70.55,65.71,5,4,0.2978,-0.89399,67,375.0
2022-06-13,2022-08-19,445.0,call,0.48,0.49,0.48,0.48,23096,35760,0.21,0.03286,67,375.0
2022-06-13,2022-08-19,445.0,put,71.05,72.01,71.53,71.37,5,3962,0.2978,-0.89718,67,375.0
2022-06-13,2022-08-19,446.0,call,0.45,0.46,0.46,0.5,52,982,0.21975,0.03767,67,375.0
2022-06-13,2022-08-19,446.0,put,72.01,72.93,72.47,36.6,0,4,0.2978,-0.9003,67,375.0
2022-06-13,2022-08-19,447.0,call,0.42,0.44,0.43,0.51,112,609,0.21975,0.03576,67,375.0
2022-06-13,2022-08-19,447.0,put,72.51,74.38,73.44,69.36,1,2,0.2978,-0.90334,67,375.0
2022-06-13,2022-08-19,448.0,call,0.39,0.41,0.4,0.41,153,984,0.21975,0.03393,67,375.0
2022-06-13,2022-08-19,448.0,put,73.5,75.37,74.44,59.0,0,6,0.2978,-0.9063,67,375.0
2022-06-13,2022-08-19,449.0,call,0.37,0.39,0.38,0.39,105,320,0.21975,0.03218,67,375.0
2022-06-13,2022-08-19,449.0,put,74.49,76.36,75.42,40.14,0,1,0.30755,-0.90136,67,375.0
2022-06-13,2022-08-19,450.0,call,0.35,0.36,0.35,0.36,8085,16674,0.21,0.02473,67,375.0
2022-06-13,2022-08-19,450.0,put,75.51,77.23,76.37,76.26,7,3768,0.30755,-0.90426,67,375.0
2022-06-13,2022-08-19,451.0,call,0.33,0.34,0.34,0.39,21,186,0.21975,0.02893,67,375.0
2022-06-13,2022-08-19,451.0,put,76.47,78.34,77.41,0.0,0,0,0.30755,-0.90709,67,375.0
2022-06-13,2022-08-19,452.0,call,0.31,0.32,0.32,0.29,36,422,0.21975,0.02741,67,375.0
2022-06-13,2022-08-19,452.0,put,77.46,79.34,78.4,42.25,0,7,0.30755,-0.90985,67,375.0
2022-06-13,2022-08-19,453.0,call,0.29,0.3,0.29,0.28,244,183,0.21,0.02076,67,375.0
2022-06-13,2022-08-19,453.0,put,78.45,80.34,79.4,77.09,2,2,0.31731,-0.90504,67,375.0
2022-06-13,2022-08-19,454.0,call,0.27,0.28,0.28,0.3,2,255,0.21975,0.02458,67,375.0
2022-06-13,2022-08-19,454.0,put,79.45,81.33,80.39,78.09,2,2,0.31731,-0.90775,67,375.0
2022-06-13,2022-08-19,455.0,call,0.26,0.27,0.27,0.27,953,5976,0.21975,0.02326,67,375.0
2022-06-13,2022-08-19,455.0,put,80.49,82.12,81.31,82.38,7,2806,0.31731,-0.9104,67,375.0
2022-06-13,2022-08-19,456.0,call,0.24,0.25,0.24,0.27,4,36,0.21,0.01735,67,375.0
2022-06-13,2022-08-19,456.0,put,81.44,83.32,82.38,77.61,5,5,0.32707,-0.90569,67,375.0
2022-06-13,2022-08-19,457.0,call,0.23,0.24,0.23,0.52,0,94,0.21975,0.02082,67,375.0
2022-06-13,2022-08-19,457.0,put,82.43,84.32,83.38,0.0,0,0,0.32707,-0.90829,67,375.0
2022-06-13,2022-08-19,458.0,call,0.21,0.23,0.22,0.23,13,490,0.21975,0.01968,67,375.0
2022-06-13,2022-08-19,458.0,put,83.43,85.32,84.38,0.0,0,0,0.32707,-0.91084,67,375.0
2022-06-13,2022-08-19,459.0,call,0.2,0.22,0.21,0.2,198,1079,0.21975,0.0186,67,375.0
2022-06-13,2022-08-19,459.0,put,84.43,86.32,85.38,0.0,0,0,0.32707,-0.91332,67,375.0
2022-06-13,2022-08-19,460.0,call,0.19,0.2,0.2,0.2,513,14702,0.21975,0.01757,67,375.0
2022-06-13,2022-08-19,460.0,put,85.42,87.25,86.34,88.0,3,4925,0.32707,-0.91575,67,375.0
2022-06-13,2022-08-19,461.0,call,0.18,0.19,0.18,0.21,14,30,0.21975,0.0166,67,375.0
2022-06-13,2022-08-19,461.0,put,86.42,88.31,87.37,0.0,0,0,0.33682,-0.91118,67,375.0
2022-06-13,2022-08-19,462.0,call,0.17,0.18,0.17,0.21,100,159,0.21975,0.01567,67,375.0
2022-06-13,2022-08-19,462.0,put,87.42,89.31,88.37,0.0,0,0,0.33682,-0.91357,67,375.0
2022-06-13,2022-08-19,463.0,call,0.16,0.18,0.17,0.18,81,463,0.21975,0.01479,67,375.0
2022-06-13,2022-08-19,463.0,put,88.42,90.31,89.37,0.0,0,0,0.33682,-0.91591,67,375.0
2022-06-13,2022-08-19,464.0,call,0.15,0.17,0.16,0.18,2,85,0.21975,0.01395,67,375.0
2022-06-13,2022-08-19,464.0,put,89.42,91.31,90.37,88.51,1,0,0.34658,-0.91144,67,375.0
2022-06-13,2022-08-19,465.0,call,0.16,0.17,0.17,0.17,385,4745,0.21975,0.01316,67,375.0
2022-06-13,2022-08-19,465.0,put,90.41,92.31,91.36,74.59,0,6242,0.34658,-0.91374,67,375.0
2022-06-13,2022-08-19,466.0,call,0.14,0.15,0.15,0.27,0,507,0.21975,0.01241,67,375.0
2022-06-13,2022-08-19,466.0,put,91.41,93.31,92.36,0.0,0,0,0.34658,-0.916,67,375.0
2022-06-13,2022-08-19,467.0,call,0.13,0.15,0.14,0.15,42,86,0.21975,0.01169,67,375.0
2022-06-13,2022-08-19,467.0,put,92.41,94.3,93.35,0.0,0,0,0.34658,-0.9182,67,375.0
2022-06-13,2022-08-19,468.0,call,0.13,0.14,0.14,0.15,5,1016,0.21975,0.01102,67,375.0
2022-06-13,2022-08-19,468.0,put,93.41,95.3,94.35,77.6,0,1,0.35633,-0.91385,67,375.0
2022-06-13,2022-08-19,469.0,call,0.12,0.13,0.12,0.13,40,407,0.21975,0.01038,67,375.0
2022-06-13,2022-08-19,469.0,put,94.41,96.3,95.35,0.0,0,0,0.35633,-0.91602,67,375.0
2022-06-13,2022-08-19,470.0,call,0.12,0.13,0.12,0.12,669,7319,0.21975,0.00977,67,375.0
2022-06-13,2022-08-19,470.0,put,95.56,97.3,96.43,97.79,3,282,0.36609,-0.91174,67,375.0
2022-06-13,2022-08-19,475.0,call,0.1,0.11,0.11,0.11,1169,32688,0.22951,0.00966,67,375.0
2022-06-13,2022-08-19,475.0,put,100.4,102.3,101.35,61.86,0,453,0.37584,-0.9159,67,375.0
2022-06-13,2022-08-19,476.0,call,0.09,0.1,0.1,0.1,9,2983,0.22951,0.00912,67,375.0
2022-06-13,2022-08-19,476.0,put,101.4,103.3,102.35,74.51,0,65,0.37584,-0.9179,67,375.0
2022-06-13,2022-08-19,477.0,call,0.08,0.1,0.09,0.08,38,1620,0.22951,0.00861,67,375.0
2022-06-13,2022-08-19,477.0,put,102.4,104.3,103.35,79.08,0,4,0.37584,-0.91986,67,375.0
2022-06-13,2022-08-19,478.0,call,0.08,0.09,0.08,0.08,20,3033,0.21975,0.00596,67,375.0
2022-06-13,2022-08-19,478.0,put,103.4,105.3,104.35,88.88,0,28,0.37584,-0.92178,67,375.0
2022-06-13,2022-08-19,479.0,call,0.08,0.09,0.08,0.07,2,593,0.22951,0.00766,67,375.0
2022-06-13,2022-08-19,479.0,put,104.4,106.3,105.35,63.41,0,28,0.3856,-0.9177,67,375.0
2022-06-13,2022-08-19,480.0,call,0.08,0.09,0.08,0.09,552,7058,0.22951,0.00723,67,375.0
2022-06-13,2022-08-19,480.0,put,105.4,107.3,106.35,90.89,0,60,0.3856,-0.91961,67,375.0
2022-06-13,2022-08-19,481.0,call,0.07,0.08,0.08,0.07,101,2688,0.22951,0.00681,67,375.0
2022-06-13,2022-08-19,481.0,put,106.4,108.3,107.35,0.0,0,0,0.3856,-0.92147,67,375.0
2022-06-13,2022-08-19,482.0,call,0.07,0.08,0.08,0.08,24,2448,0.22951,0.00642,67,375.0
2022-06-13,2022-08-19,482.0,put,107.4,109.3,108.35,57.02,0,13,0.3856,-0.92329,67,375.0
2022-06-13,2022-08-19,483.0,call,0.06,0.08,0.07,0.27,0,403,0.22951,0.00605,67,375.0
2022-06-13,2022-08-19,483.0,put,108.4,110.3,109.35,43.37,0,1,0.39536,-0.91931,67,375.0
2022-06-13,2022-08-19,484.0,call,0.06,0.08,0.07,0.05,100,3903,0.22951,0.0057,67,375.0
2022-06-13,2022-08-19,484.0,put,109.4,111.3,110.35,47.23,0,1,0.39536,-0.92112,67,375.0
2022-06-13,2022-08-19,485.0,call,0.06,0.07,0.07,0.06,2,3710,0.22951,0.00537,67,375.0
2022-06-13,2022-08-19,485.0,put,110.4,112.3,111.35,89.02,0,30,0.39536,-0.9229,67,375.0
2022-06-13,2022-08-19,486.0,call,0.06,0.07,0.07,0.17,0,564,0.23926,0.00688,67,375.0
2022-06-13,2022-08-19,486.0,put,111.4,113.3,112.35,0.0,0,0,0.39536,-0.92464,67,375.0
2022-06-13,2022-08-19,487.0,call,0.06,0.07,0.07,0.06,1,373,0.23926,0.00651,67,375.0
2022-06-13,2022-08-19,487.0,put,112.4,114.3,113.35,79.83,0,0,0.40511,-0.92075,67,375.0
2022-06-13,2022-08-19,488.0,call,0.05,0.07,0.06,0.1,0,529,0.22951,0.00447,67,375.0
2022-06-13,2022-08-19,488.0,put,113.4,115.3,114.35,93.52,0,1,0.40511,-0.92248,67,375.0
2022-06-13,2022-08-19,489.0,call,0.05,0.06,0.06,0.08,0,190,0.23926,0.00581,67,375.0
2022-06-13,2022-08-19,489.0,put,114.4,116.29,115.34,0.0,0,0,0.40511,-0.92418,67,375.0
2022-06-13,2022-08-19,490.0,call,0.05,0.06,0.06,0.06,125,7673,0.23926,0.00549,67,375.0
2022-06-13,2022-08-19,490.0,put,115.4,117.29,116.34,97.26,0,17,0.40511,-0.92584,67,375.0
2022-06-13,2022-08-19,491.0,call,0.05,0.06,0.06,0.05,136,1198,0.23926,0.00519,67,375.0
2022-06-13,2022-08-19,491.0,put,116.4,118.29,117.34,0.0,0,0,0.41487,-0.92203,67,375.0
2022-06-13,2022-08-19,492.0,call,0.04,0.06,0.05,0.05,495,749,0.23926,0.0049,67,375.0
2022-06-13,2022-08-19,492.0,put,117.4,119.29,118.34,0.0,0,0,0.41487,-0.92369,67,375.0
2022-06-13,2022-08-19,493.0,call,0.04,0.06,0.05,0.05,721,162,0.23926,0.00462,67,375.0
2022-06-13,2022-08-19,493.0,put,118.4,120.29,119.34,0.0,0,0,0.41487,-0.92531,67,375.0
2022-06-13,2022-08-19,494.0,call,0.04,0.06,0.05,0.06,0,286,0.23926,0.00436,67,375.0
2022-06-13,2022-08-19,494.0,put,119.4,121.29,120.34,0.0,0,0,0.41487,-0.92691,67,375.0
2022-06-13,2022-08-19,495.0,call,0.04,0.05,0.04,0.04,3,4547,0.23926,0.00412,67,375.0
2022-06-13,2022-08-19,495.0,put,120.4,122.29,121.34,85.73,0,1,0.42462,-0.92317,67,375.0
2022-06-13,2022-08-19,496.0,call,0.04,0.05,0.04,0.05,205,1096,0.23926,0.00388,67,375.0
2022-06-13,2022-08-19,496.0,put,121.4,123.29,122.34,0.0,0,0,0.42462,-0.92476,67,375.0
2022-06-13,2022-08-19,497.0,call,0.04,0.05,0.04,0.05,47,430,0.23926,0.00366,67,375.0
2022-06-13,2022-08-19,497.0,put,122.4,124.29,123.34,0.0,0,0,0.42462,-0.92632,67,375.0
2022-06-13,2022-08-19,498.0,call,0.04,0.05,0.04,0.04,663,929,0.23926,0.00345,67,375.0
2022-06-13,2022-08-19,498.0,put,123.4,125.29,124.34,0.0,0,0,0.42462,-0.92785,67,375.0
2022-06-13,2022-08-19,499.0,call,0.03,0.05,0.04,0.04,817,524,0.23926,0.00326,67,375.0
2022-06-13,2022-08-19,499.0,put,124.39,126.29,125.34,0.0,0,0,0.43438,-0.92419,67,375.0
2022-06-13,2022-08-19,500.0,call,0.04,0.05,0.04,0.05,1006,17051,0.23926,0.00307,67,375.0
2022-06-13,2022-08-19,500.0,put,125.39,127.29,126.34,122.8,10,299,0.43438,-0.92571,67,375.0
2022-06-13,2022-08-19,505.0,call,0.03,0.04,0.04,0.03,2,2892,0.24902,0.00324,67,375.0
2022-06-13,2022-08-19,505.0,put,130.39,132.29,131.34,94.07,0,0,0.44414,-0.92799,67,375.0
2022-06-13,2022-08-19,510.0,call,0.02,0.04,0.03,0.03,53,2645,0.24902,0.00244,67,375.0
2022-06-13,2022-08-19,510.0,put,135.39,137.29,136.34,63.25,0,1,0.45389,-0.93004,67,375.0
2022-06-13,2022-08-19,515.0,call,0.02,0.03,0.03,0.03,2,1500,0.25877,0.00262,67,375.0
2022-06-13,2022-08-19,515.0,put,140.39,142.29,141.34,0.0,0,0,0.46365,-0.93189,67,375.0
2022-06-13,2022-08-19,520.0,call,0.02,0.03,0.03,0.03,0,2218,0.26853,0.0028,67,375.0
2022-06-13,2022-08-19,520.0,put,145.39,147.29,146.34,105.49,0,10,0.4734,-0.93356,67,375.0
2022-06-13,2022-08-19,525.0,call,0.02,0.03,0.03,0.02,9,2912,0.26853,0.00216,67,375.0
2022-06-13,2022-08-19,525.0,put,150.39,152.28,151.33,116.76,0,283,0.48316,-0.93506,67,375.0
2022-06-13,2022-08-19,530.0,call,0.01,0.02,0.01,0.02,1,4407,0.24902,0.00075,67,375.0
2022-06-13,2022-08-19,530.0,put,155.38,157.28,156.33,0.0,0,0,0.50267,-0.9321,67,375.0
2022-06-13,2022-08-19,535.0,call,0.01,0.02,0.01,0.02,10,7137,0.25877,0.00086,67,375.0
2022-06-13,2022-08-19,535.0,put,160.38,162.28,161.33,124.57,0,2,0.51243,-0.93343,67,375.0
2022-06-13,2022-08-19,540.0,call,0.01,0.02,0.01,0.02,0,3743,0.26853,0.00097,67,375.0
2022-06-13,2022-08-19,540.0,put,165.38,167.28,166.33,138.67,0,2,0.52218,-0.93463,67,375.0
2022-06-13,2022-08-19,545.0,call,0.01,0.02,0.01,0.02,0,1507,0.26853,0.00074,67,375.0
2022-06-13,2022-08-19,545.0,put,170.38,172.28,171.33,158.09,0,0,0.53194,-0.93572,67,375.0
2022-06-13,2022-08-19,550.0,call,0.01,0.02,0.01,0.01,0,4683,0.27829,0.00085,67,375.0
2022-06-13,2022-08-19,550.0,put,175.38,177.28,176.33,158.8,0,284,0.54169,-0.9367,67,375.0
2022-06-13,2022-08-19,555.0,put,180.38,182.27,181.32,159.8,0,0,0.55145,-0.93758,67,375.0
2022-06-13,2022-08-19,560.0,put,185.37,187.27,186.32,145.92,0,1,0.56121,-0.93837,67,375.0
2022-06-13,2022-08-19,565.0,put,190.37,192.27,191.32,0.0,0,0,0.57096,-0.93908,67,375.0
2022-06-13,2022-08-19,570.0,put,195.37,197.27,196.32,168.5,0,1,0.58072,-0.93971,67,375.0
2022-06-13,2022-08-19,575.0,put,200.37,202.27,201.32,125.04,0,165,0.59047,-0.94028,67,375.0
2022-06-13,2022-08-19,580.0,put,205.37,207.27,206.32,0.0,0,0,0.60023,-0.94078,67,375.0
2022-06-13,2022-08-19,585.0,put,210.37,212.27,211.32,0.0,0,0,0.60999,-0.94121,67,375.0
2022-06-13,2022-08-19,590.0,put,215.36,217.26,216.31,0.0,0,0,0.61974,-0.9416,67,375.0
2022-06-13,2022-08-19,595.0,put,220.36,222.26,221.31,0.0,0,0,0.6295,-0.94193,67,375.0
2022-06-13,2022-08-19,600.0,put,225.36,227.26,226.31,222.94,2,135,0.63925,-0.94221,67,375.0
2022-06-13,2022-08-19,605.0,put,230.36,232.26,231.31,0.0,0,0,0.64901,-0.94244,67,375.0
2022-06-13,2022-08-19,610.0,put,235.36,237.26,236.31,0.0,0,0,0.64901,-0.94578,67,375.0
2022-06-13,2022-08-19,615.0,put,240.36,242.26,241.31,0.0,0,0,0.65876,-0.94589,67,375.0
2022-06-13,2022-08-19,620.0,put,245.35,247.26,246.31,0.0,0,0,0.66852,-0.94596,67,375.0
2022-06-13,2022-09-16,140.0,call,234.22,236.12,235.17,257.8,0,4,0.01488,1.0,95,375.0
2022-06-13,2022-09-16,140.0,put,0.26,0.27,0.27,0.27,1340,9620,0.81486,-0.0049,95,375.0
2022-06-13,2022-09-16,145.0,call,229.22,231.12,230.17,258.57,0,2,0.01488,1.0,95,375.0
2022-06-13,2022-09-16,145.0,put,0.28,0.3,0.29,0.3,76,3552,0.79535,-0.00539,95,375.0
2022-06-13,2022-09-16,150.0,call,224.23,226.13,225.18,251.5,0,2,0.01488,1.0,95,375.0
2022-06-13,2022-09-16,150.0,put,0.31,0.33,0.32,0.29,444,3522,0.77583,-0.0059,95,375.0
2022-06-13,2022-09-16,155.0,call,219.23,221.13,220.18,262.9,0,1,0.01488,1.0,95,375.0
2022-06-13,2022-09-16,155.0,put,0.34,0.36,0.35,0.34,203,3222,0.75632,-0.00642,95,375.0
2022-06-13,2022-09-16,160.0,call,214.23,216.13,215.18,0.0,0,0,0.01488,1.0,95,375.0
2022-06-13,2022-09-16,160.0,put,0.38,0.39,0.39,0.39,11,3283,0.74657,-0.0075,95,375.0
2022-06-13,2022-09-16,165.0,call,209.24,211.14,210.19,0.0,0,0,0.01488,1.0,95,375.0
2022-06-13,2022-09-16,165.0,put,0.42,0.43,0.42,0.43,4,2278,0.72706,-0.00809,95,375.0
2022-06-13,2022-09-16,170.0,call,204.25,206.14,205.19,297.3,0,0,0.01488,1.0,95,375.0
2022-06-13,2022-09-16,170.0,put,0.45,0.47,0.46,0.4,25,1890,0.70754,-0.0087,95,375.0
2022-06-13,2022-09-16,175.0,call,199.26,201.15,200.2,0.0,0,0,0.01488,1.0,95,375.0
2022-06-13,2022-09-16,175.0,put,0.5,0.51,0.51,0.44,22,2275,0.69779,-0.01004,95,375.0
2022-06-13,2022-09-16,180.0,call,194.28,196.16,195.22,208.18,0,0,0.01488,1.0,95,375.0
2022-06-13,2022-09-16,180.0,put,0.54,0.55,0.55,0.54,965,1890,0.67828,-0.01071,95,375.0
2022-06-13,2022-09-16,185.0,call,189.3,191.18,190.24,235.0,0,0,0.01488,1.0,95,375.0
2022-06-13,2022-09-16,185.0,put,0.59,0.6,0.59,0.51,209,11962,0.66852,-0.01227,95,375.0
2022-06-13,2022-09-16,190.0,call,184.34,186.21,185.28,234.0,0,0,0.01488,1.0,95,375.0
2022-06-13,2022-09-16,190.0,put,0.64,0.65,0.65,0.66,3015,11919,0.64901,-0.01302,95,375.0
2022-06-13,2022-09-16,195.0,call,179.38,181.24,180.31,255.18,0,1,0.01488,1.0,95,375.0
2022-06-13,2022-09-16,195.0,put,0.7,0.71,0.7,0.64,102,1830,0.63925,-0.01482,95,375.0
2022-06-13,2022-09-16,200.0,call,174.43,176.28,175.36,205.49,0,1,0.01488,1.0,95,375.0
2022-06-13,2022-09-16,200.0,put,0.75,0.77,0.76,0.75,504,10022,0.61974,-0.01566,95,375.0
2022-06-13,2022-09-16,205.0,call,169.49,171.34,170.42,242.23,0,2,0.01488,1.0,95,375.0
2022-06-13,2022-09-16,205.0,put,0.82,0.83,0.82,0.81,63,3114,0.60999,-0.01773,95,375.0
2022-06-13,2022-09-16,210.0,call,164.57,166.4,165.49,179.98,0,4,0.40511,0.99825,95,375.0
2022-06-13,2022-09-16,210.0,put,0.89,0.9,0.9,0.89,369,32188,0.60023,-0.02001,95,375.0
2022-06-13,2022-09-16,215.0,call,159.65,161.47,160.56,203.13,0,5,0.42462,0.99639,95,375.0
2022-06-13,2022-09-16,215.0,put,0.96,0.98,0.97,0.98,17,18228,0.58072,-0.02102,95,375.0
2022-06-13,2022-09-16,220.0,call,154.74,156.56,155.65,179.78,0,11,0.43438,0.99425,95,375.0
2022-06-13,2022-09-16,220.0,put,1.04,1.06,1.05,1.07,129,3429,0.57096,-0.02363,95,375.0
2022-06-13,2022-09-16,225.0,call,149.85,151.65,150.75,165.5,0,16,0.44414,0.99128,95,375.0
2022-06-13,2022-09-16,225.0,put,1.13,1.14,1.13,1.03,23,2640,0.55145,-0.02476,95,375.0
2022-06-13,2022-09-16,230.0,call,144.96,146.75,145.86,174.56,0,9,0.44414,0.9887,95,375.0
2022-06-13,2022-09-16,230.0,put,1.22,1.24,1.23,1.23,29,9095,0.54169,-0.02775,95,375.0
2022-06-13,2022-09-16,235.0,call,140.09,141.87,140.98,187.52,0,7,0.44414,0.98557,95,375.0
2022-06-13,2022-09-16,235.0,put,1.32,1.34,1.33,1.28,1077,2596,0.53194,-0.03104,95,375.0
2022-06-13,2022-09-16,240.0,call,135.22,136.99,136.11,175.1,0,3,0.44414,0.9818,95,375.0
2022-06-13,2022-09-16,240.0,put,1.43,1.45,1.44,1.43,551,5286,0.52218,-0.03464,95,375.0
2022-06-13,2022-09-16,245.0,call,130.37,132.12,131.25,213.73,0,28,0.43438,0.97939,95,375.0
2022-06-13,2022-09-16,245.0,put,1.55,1.57,1.56,1.56,244,6132,0.50267,-0.03621,95,375.0
2022-06-13,2022-09-16,250.0,call,125.53,127.27,126.4,164.52,0,146,0.43438,0.97442,95,375.0
2022-06-13,2022-09-16,250.0,put,1.69,1.71,1.7,1.67,277,8571,0.49292,-0.04034,95,375.0
2022-06-13,2022-09-16,255.0,call,120.7,122.42,121.56,0.0,0,0,0.42462,0.97119,95,375.0
2022-06-13,2022-09-16,255.0,put,1.83,1.85,1.84,1.89,1124,11175,0.48316,-0.04489,95,375.0
2022-06-13,2022-09-16,260.0,call,115.89,117.59,116.74,147.14,0,25,0.42462,0.96477,95,375.0
2022-06-13,2022-09-16,260.0,put,2.0,2.02,2.01,1.98,156,6281,0.4734,-0.04987,95,375.0
2022-06-13,2022-09-16,265.0,call,111.09,112.78,111.94,169.41,0,21,0.41487,0.96049,95,375.0
2022-06-13,2022-09-16,265.0,put,2.18,2.2,2.19,2.17,250,2276,0.46365,-0.05533,95,375.0
2022-06-13,2022-09-16,270.0,call,106.32,107.98,107.15,129.38,0,14,0.40511,0.95574,95,375.0
2022-06-13,2022-09-16,270.0,put,2.38,2.4,2.39,2.39,19,4585,0.44414,-0.0579,95,375.0
2022-06-13,2022-09-16,275.0,call,101.57,103.21,102.39,116.72,0,38,0.40511,0.94679,95,375.0
2022-06-13,2022-09-16,275.0,put,2.61,2.63,2.62,2.62,1506,3415,0.43438,-0.06424,95,375.0
2022-06-13,2022-09-16,280.0,call,96.85,98.46,97.66,99.06,22,62,0.39536,0.94061,95,375.0
2022-06-13,2022-09-16,280.0,put,2.86,2.88,2.87,2.88,2114,3998,0.42462,-0.07121,95,375.0
2022-06-13,2022-09-16,285.0,call,92.16,93.74,92.95,113.51,0,23,0.3856,0.93376,95,375.0
2022-06-13,2022-09-16,285.0,put,3.14,3.17,3.16,3.09,491,2512,0.41487,-0.07888,95,375.0
2022-06-13,2022-09-16,290.0,call,87.51,89.05,88.28,91.0,1,86,0.37584,0.92615,95,375.0
2022-06-13,2022-09-16,290.0,put,3.47,3.49,3.48,3.67,793,3212,0.40511,-0.08731,95,375.0
2022-06-13,2022-09-16,295.0,call,82.9,84.4,83.65,88.63,1,103,0.37584,0.91285,95,375.0
2022-06-13,2022-09-16,295.0,put,3.83,3.87,3.85,3.82,322,4990,0.39536,-0.09659,95,375.0
2022-06-13,2022-09-16,300.0,call,78.34,79.8,79.07,79.5,3,171,0.36609,0.90315,95,375.0
2022-06-13,2022-09-16,300.0,put,4.24,4.28,4.26,4.26,8139,14905,0.3856,-0.10681,95,375.0
2022-06-13,2022-09-16,305.0,call,73.84,75.25,74.55,99.32,0,37,0.35633,0.89239,95,375.0
2022-06-13,2022-09-16,305.0,put,4.71,4.76,4.73,4.72,8086,3038,0.3856,-0.1231,95,375.0
2022-06-13,2022-09-16,310.0,call,69.41,70.76,70.09,105.2,0,128,0.35633,0.8749,95,375.0
2022-06-13,2022-09-16,310.0,put,5.25,5.3,5.28,5.28,2150,4556,0.37584,-0.13569,95,375.0
2022-06-13,2022-09-16,315.0,call,65.05,66.33,65.69,70.34,1,53,0.34658,0.86142,95,375.0
2022-06-13,2022-09-16,315.0,put,5.86,5.91,5.88,5.9,2620,5693,0.36609,-0.14952,95,375.0
2022-06-13,2022-09-16,320.0,call,60.77,61.99,61.38,64.1,2,552,0.33682,0.84649,95,375.0
2022-06-13,2022-09-16,320.0,put,6.58,6.61,6.6,6.64,5829,10881,0.35633,-0.16472,95,375.0
2022-06-13,2022-09-16,325.0,call,56.58,57.73,57.16,59.96,36,571,0.33682,0.82414,95,375.0
2022-06-13,2022-09-16,325.0,put,7.34,7.4,7.37,7.32,3939,8892,0.35633,-0.18675,95,375.0
2022-06-13,2022-09-16,330.0,call,52.49,53.58,53.03,56.65,13,317,0.32707,0.80579,95,375.0
2022-06-13,2022-09-16,330.0,put,8.22,8.3,8.26,8.31,1532,14294,0.34658,-0.20508,95,375.0
2022-06-13,2022-09-16,335.0,call,48.51,49.52,49.02,63.04,0,392,0.31731,0.78555,95,375.0
2022-06-13,2022-09-16,335.0,put,9.15,9.3,9.23,9.26,1140,30127,0.33682,-0.22515,95,375.0
2022-06-13,2022-09-16,340.0,call,44.65,45.59,45.12,47.41,29,1515,0.31731,0.75789,95,375.0
2022-06-13,2022-09-16,340.0,put,10.25,10.38,10.32,10.43,4809,13821,0.33682,-0.25185,95,375.0
2022-06-13,2022-09-16,345.0,call,40.91,41.77,41.34,43.07,30,904,0.30755,0.73357,95,375.0
2022-06-13,2022-09-16,345.0,put,11.48,11.68,11.58,11.6,1803,13756,0.32707,-0.27556,95,375.0
2022-06-13,2022-09-16,350.0,call,37.3,38.09,37.7,36.75,48,165,0.30755,0.70261,95,375.0
2022-06-13,2022-09-16,350.0,put,12.9,13.13,13.02,12.99,5584,23287,0.31731,-0.30137,95,375.0
2022-06-13,2022-09-16,355.0,call,33.82,34.53,34.17,35.5,1,633,0.2978,0.67398,95,375.0
2022-06-13,2022-09-16,355.0,put,14.34,14.66,14.5,14.67,2518,8097,0.31731,-0.33256,95,375.0
2022-06-13,2022-09-16,358.0,call,31.8,32.47,32.13,47.38,0,3,0.2978,0.65378,95,375.0
2022-06-13,2022-09-16,358.0,put,15.32,15.65,15.48,16.06,59,3812,0.31731,-0.35165,95,375.0
2022-06-13,2022-09-16,359.0,call,31.14,31.81,31.48,42.5,0,4,0.2978,0.64698,95,375.0
2022-06-13,2022-09-16,359.0,put,15.81,15.89,15.85,16.41,227,945,0.30755,-0.35565,95,375.0
2022-06-13,2022-09-16,360.0,call,30.49,31.14,30.81,30.42,134,376,0.2978,0.64016,95,375.0
2022-06-13,2022-09-16,360.0,put,15.98,16.34,16.16,16.31,1867,11585,0.30755,-0.36227,95,375.0
2022-06-13,2022-09-16,361.0,call,29.84,30.48,30.16,0.0,0,0,0.2978,0.6333,95,375.0
2022-06-13,2022-09-16,361.0,put,16.5,16.58,16.54,16.12,53,315,0.30755,-0.36892,95,375.0
2022-06-13,2022-09-16,362.0,call,29.19,29.81,29.5,29.66,16,9,0.2978,0.62643,95,375.0
2022-06-13,2022-09-16,362.0,put,16.68,17.05,16.87,17.02,65,3767,0.30755,-0.37559,95,375.0
2022-06-13,2022-09-16,363.0,call,28.56,29.17,28.87,30.09,1,0,0.28804,0.62153,95,375.0
2022-06-13,2022-09-16,363.0,put,17.22,17.29,17.25,18.02,25,236,0.30755,-0.38228,95,375.0
2022-06-13,2022-09-16,364.0,call,27.92,28.51,28.22,29.39,1,118,0.28804,0.61439,95,375.0
2022-06-13,2022-09-16,364.0,put,17.42,17.81,17.62,18.14,81,9581,0.30755,-0.38898,95,375.0
2022-06-13,2022-09-16,365.0,call,27.3,27.89,27.59,26.85,32,1873,0.28804,0.60723,95,375.0
2022-06-13,2022-09-16,365.0,put,17.79,18.13,17.96,18.13,163,9330,0.30755,-0.3957,95,375.0
2022-06-13,2022-09-16,366.0,call,26.68,27.26,26.97,40.31,0,19,0.28804,0.60005,95,375.0
2022-06-13,2022-09-16,366.0,put,18.13,18.5,18.31,18.2,331,7077,0.30755,-0.40244,95,375.0
2022-06-13,2022-09-16,367.0,call,26.06,26.63,26.34,25.95,9,4,0.28804,0.59286,95,375.0
2022-06-13,2022-09-16,367.0,put,18.72,18.8,18.76,18.9,30,255,0.30755,-0.40918,95,375.0
2022-06-13,2022-09-16,368.0,call,25.46,26.01,25.73,25.35,11,107,0.28804,0.58566,95,375.0
2022-06-13,2022-09-16,368.0,put,18.9,19.3,19.1,19.5,44,4760,0.2978,-0.41519,95,375.0
2022-06-13,2022-09-16,369.0,call,24.86,25.24,25.05,24.75,23,4,0.28804,0.57845,95,375.0
2022-06-13,2022-09-16,369.0,put,19.51,19.59,19.55,19.85,1407,255,0.2978,-0.42217,95,375.0
2022-06-13,2022-09-16,370.0,call,24.26,24.63,24.45,24.6,2081,365,0.28804,0.57124,95,375.0
2022-06-13,2022-09-16,370.0,put,19.76,20.11,19.94,20.11,5704,37673,0.2978,-0.42915,95,375.0
2022-06-13,2022-09-16,371.0,call,23.67,24.06,23.87,25.11,121,0,0.27829,0.56424,95,375.0
2022-06-13,2022-09-16,371.0,put,20.33,20.41,20.37,19.44,31,478,0.2978,-0.43614,95,375.0
2022-06-13,2022-09-16,372.0,call,23.09,23.48,23.29,23.2,10,92,0.27829,0.55677,95,375.0
2022-06-13,2022-09-16,372.0,put,20.51,20.94,20.73,21.02,109,4926,0.2978,-0.44312,95,375.0
2022-06-13,2022-09-16,373.0,call,22.52,22.9,22.71,22.55,8,0,0.27829,0.54929,95,375.0
2022-06-13,2022-09-16,373.0,put,21.17,21.24,21.2,21.38,152,555,0.2978,-0.45011,95,375.0
2022-06-13,2022-09-16,374.0,call,21.95,22.32,22.13,21.85,7,0,0.27829,0.54182,95,375.0
2022-06-13,2022-09-16,374.0,put,21.6,21.68,21.64,22.13,119,403,0.2978,-0.45709,95,375.0
2022-06-13,2022-09-16,375.0,call,21.39,21.76,21.58,21.25,506,316,0.27829,0.53435,95,375.0
2022-06-13,2022-09-16,375.0,put,21.89,22.25,22.07,22.16,6637,22439,0.2978,-0.46407,95,375.0
2022-06-13,2022-09-16,376.0,call,20.83,21.19,21.01,21.36,80,8,0.27829,0.52689,95,375.0
2022-06-13,2022-09-16,376.0,put,22.48,22.57,22.52,22.88,227,316,0.2978,-0.47104,95,375.0
2022-06-13,2022-09-16,377.0,call,20.28,20.64,20.46,20.2,21,6,0.27829,0.51944,95,375.0
2022-06-13,2022-09-16,377.0,put,22.94,23.02,22.98,23.5,688,731,0.2978,-0.478,95,375.0
2022-06-13,2022-09-16,378.0,call,19.85,19.94,19.9,20.11,16,14,0.27829,0.512,95,375.0
2022-06-13,2022-09-16,378.0,put,23.39,23.48,23.44,22.89,558,977,0.28804,-0.48646,95,375.0
2022-06-13,2022-09-16,379.0,call,19.31,19.4,19.35,19.2,605,1,0.26853,0.50272,95,375.0
2022-06-13,2022-09-16,379.0,put,23.86,23.95,23.91,24.57,587,995,0.28804,-0.49363,95,375.0
2022-06-13,2022-09-16,380.0,call,18.67,18.9,18.79,18.4,6285,2459,0.26853,0.49505,95,375.0
2022-06-13,2022-09-16,380.0,put,24.19,24.57,24.38,24.78,4259,34654,0.28804,-0.50078,95,375.0
2022-06-13,2022-09-16,381.0,call,18.27,18.35,18.31,18.26,536,1,0.26853,0.4874,95,375.0
2022-06-13,2022-09-16,381.0,put,24.81,24.9,24.85,25.64,140,1227,0.28804,-0.50792,95,375.0
2022-06-13,2022-09-16,382.0,call,17.63,17.99,17.81,17.57,971,32,0.26853,0.47977,95,375.0
2022-06-13,2022-09-16,382.0,put,25.0,25.56,25.28,26.15,81,1924,0.28804,-0.51503,95,375.0
2022-06-13,2022-09-16,383.0,call,17.14,17.48,17.31,17.04,776,26,0.26853,0.47217,95,375.0
2022-06-13,2022-09-16,383.0,put,25.48,26.06,25.77,25.84,81,3904,0.28804,-0.52212,95,375.0
2022-06-13,2022-09-16,384.0,call,16.63,16.85,16.74,16.67,1411,51,0.26853,0.4646,95,375.0
2022-06-13,2022-09-16,384.0,put,25.98,26.66,26.32,26.64,110,1968,0.28804,-0.52918,95,375.0
2022-06-13,2022-09-16,385.0,call,16.14,16.47,16.3,16.0,968,407,0.26853,0.45706,95,375.0
2022-06-13,2022-09-16,385.0,put,26.48,27.08,26.78,27.0,2980,31397,0.28804,-0.53622,95,375.0
2022-06-13,2022-09-16,386.0,call,15.66,16.0,15.83,16.95,314,114,0.26853,0.44956,95,375.0
2022-06-13,2022-09-16,386.0,put,26.99,27.69,27.34,28.06,203,964,0.27829,-0.54674,95,375.0
2022-06-13,2022-09-16,387.0,call,15.17,15.53,15.35,15.35,198,328,0.26853,0.4421,95,375.0
2022-06-13,2022-09-16,387.0,put,27.5,28.23,27.87,28.95,136,860,0.27829,-0.55396,95,375.0
2022-06-13,2022-09-16,388.0,call,14.71,14.91,14.81,14.66,144,1926,0.25877,0.43024,95,375.0
2022-06-13,2022-09-16,388.0,put,28.03,28.66,28.34,29.13,109,2277,0.27829,-0.56113,95,375.0
2022-06-13,2022-09-16,389.0,call,14.24,14.57,14.41,14.27,208,216,0.25877,0.42259,95,375.0
2022-06-13,2022-09-16,389.0,put,28.56,29.3,28.93,29.3,912,1833,0.27829,-0.56827,95,375.0
2022-06-13,2022-09-16,390.0,call,13.8,14.12,13.96,13.82,387,2623,0.25877,0.415,95,375.0
2022-06-13,2022-09-16,390.0,put,29.1,29.86,29.48,29.61,2381,13786,0.27829,-0.57537,95,375.0
2022-06-13,2022-09-16,391.0,call,13.41,13.66,13.54,14.55,274,2931,0.25877,0.40745,95,375.0
2022-06-13,2022-09-16,391.0,put,29.65,30.42,30.04,31.43,506,1761,0.27829,-0.58242,95,375.0
2022-06-13,2022-09-16,392.0,call,12.91,13.21,13.06,13.5,96,383,0.25877,0.39996,95,375.0
2022-06-13,2022-09-16,392.0,put,30.21,30.99,30.6,30.97,228,1531,0.27829,-0.58943,95,375.0
2022-06-13,2022-09-16,393.0,call,12.48,12.78,12.63,13.13,14,1428,0.25877,0.39252,95,375.0
2022-06-13,2022-09-16,393.0,put,30.77,31.57,31.17,31.71,143,6670,0.27829,-0.59639,95,375.0
2022-06-13,2022-09-16,394.0,call,12.06,12.36,12.21,12.49,95,1014,0.25877,0.38514,95,375.0
2022-06-13,2022-09-16,394.0,put,31.34,32.16,31.75,32.14,44,2730,0.27829,-0.60331,95,375.0
2022-06-13,2022-09-16,395.0,call,11.65,11.94,11.79,11.82,614,2461,0.25877,0.37782,95,375.0
2022-06-13,2022-09-16,395.0,put,31.92,32.76,32.34,32.55,194,11354,0.27829,-0.61018,95,375.0
2022-06-13,2022-09-16,396.0,call,11.24,11.52,11.38,11.2,88,441,0.24902,0.36378,95,375.0
2022-06-13,2022-09-16,396.0,put,32.49,33.36,32.92,30.86,4,5810,0.26853,-0.62304,95,375.0
2022-06-13,2022-09-16,397.0,call,10.85,11.12,10.98,10.77,64,498,0.24902,0.35635,95,375.0
2022-06-13,2022-09-16,397.0,put,33.1,33.98,33.54,33.88,20,2929,0.26853,-0.63001,95,375.0
2022-06-13,2022-09-16,398.0,call,10.5,10.71,10.61,10.39,378,1818,0.24902,0.349,95,375.0
2022-06-13,2022-09-16,398.0,put,33.7,34.6,34.15,34.4,15,1503,0.26853,-0.63692,95,375.0
2022-06-13,2022-09-16,399.0,call,10.14,10.32,10.23,10.13,492,2274,0.24902,0.34172,95,375.0
2022-06-13,2022-09-16,399.0,put,34.29,35.23,34.76,35.06,22,847,0.26853,-0.64377,95,375.0
2022-06-13,2022-09-16,400.0,call,9.77,9.86,9.81,9.82,3284,7542,0.24902,0.33451,95,375.0
2022-06-13,2022-09-16,400.0,put,34.94,35.86,35.4,35.85,1297,46338,0.26853,-0.65056,95,375.0
2022-06-13,2022-09-16,401.0,call,9.4,9.48,9.44,9.24,108,992,0.24902,0.32739,95,375.0
2022-06-13,2022-09-16,401.0,put,35.54,36.52,36.03,33.14,134,1950,0.26853,-0.65728,95,375.0
2022-06-13,2022-09-16,402.0,call,9.04,9.12,9.08,9.06,84,953,0.24902,0.32034,95,375.0
2022-06-13,2022-09-16,402.0,put,36.18,37.17,36.67,37.0,39,2080,0.26853,-0.66394,95,375.0
2022-06-13,2022-09-16,403.0,call,8.7,8.77,8.73,8.78,27,1119,0.24902,0.31338,95,375.0
2022-06-13,2022-09-16,403.0,put,36.82,37.83,37.33,37.3,17,1289,0.26853,-0.67053,95,375.0
2022-06-13,2022-09-16,404.0,call,8.35,8.52,8.43,8.8,313,1668,0.24902,0.3065,95,375.0
2022-06-13,2022-09-16,404.0,put,37.47,38.51,37.99,36.0,5,1543,0.26853,-0.67705,95,375.0
2022-06-13,2022-09-16,405.0,call,8.01,8.19,8.1,7.82,194,3302,0.23926,0.29056,95,375.0
2022-06-13,2022-09-16,405.0,put,38.13,39.18,38.66,39.5,55,8934,0.26853,-0.6835,95,375.0
2022-06-13,2022-09-16,406.0,call,7.69,7.86,7.78,8.31,196,3995,0.23926,0.28367,95,375.0
2022-06-13,2022-09-16,406.0,put,38.81,39.88,39.34,37.67,5,4397,0.26853,-0.68988,95,375.0
2022-06-13,2022-09-16,407.0,call,7.38,7.47,7.42,7.77,4100,1071,0.23926,0.27689,95,375.0
2022-06-13,2022-09-16,407.0,put,39.49,40.57,40.03,39.0,9,1787,0.25877,-0.70468,95,375.0
2022-06-13,2022-09-16,408.0,call,7.07,7.16,7.12,7.16,129,1410,0.23926,0.27019,95,375.0
2022-06-13,2022-09-16,408.0,put,40.17,41.28,40.73,38.0,8,3274,0.25877,-0.71106,95,375.0
2022-06-13,2022-09-16,409.0,call,6.78,6.86,6.82,7.43,598,1138,0.23926,0.2636,95,375.0
2022-06-13,2022-09-16,409.0,put,40.87,42.0,41.44,40.5,22,6612,0.25877,-0.71736,95,375.0
2022-06-13,2022-09-16,410.0,call,6.48,6.56,6.52,6.5,4355,14432,0.23926,0.25711,95,375.0
2022-06-13,2022-09-16,410.0,put,41.56,42.72,42.14,42.5,318,21315,0.25877,-0.72358,95,375.0
2022-06-13,2022-09-16,411.0,call,6.2,6.35,6.28,6.26,474,5004,0.23926,0.25071,95,375.0
2022-06-13,2022-09-16,411.0,put,42.28,43.45,42.87,43.84,114,9734,0.25877,-0.72972,95,375.0
2022-06-13,2022-09-16,412.0,call,5.93,6.01,5.97,6.5,377,3818,0.23926,0.24442,95,375.0
2022-06-13,2022-09-16,412.0,put,43.0,44.19,43.59,44.37,33,3275,0.25877,-0.73578,95,375.0
2022-06-13,2022-09-16,413.0,call,5.67,5.74,5.71,6.16,124,4488,0.22951,0.22742,95,375.0
2022-06-13,2022-09-16,413.0,put,43.73,44.94,44.33,45.2,24,4493,0.25877,-0.74175,95,375.0
2022-06-13,2022-09-16,414.0,call,5.41,5.48,5.45,5.34,1688,3843,0.22951,0.22124,95,375.0
2022-06-13,2022-09-16,414.0,put,44.47,45.7,45.09,44.26,14,4449,0.25877,-0.74763,95,375.0
2022-06-13,2022-09-16,415.0,call,5.17,5.24,5.21,5.07,982,6847,0.22951,0.21517,95,375.0
2022-06-13,2022-09-16,415.0,put,45.21,46.47,45.84,46.1,144,10122,0.25877,-0.75343,95,375.0
2022-06-13,2022-09-16,416.0,call,4.92,4.99,4.96,5.0,320,2765,0.22951,0.20921,95,375.0
2022-06-13,2022-09-16,416.0,put,45.96,47.24,46.6,45.55,3,5498,0.25877,-0.75915,95,375.0
2022-06-13,2022-09-16,417.0,call,4.69,4.76,4.72,4.75,478,4964,0.22951,0.20336,95,375.0
2022-06-13,2022-09-16,417.0,put,46.72,48.02,47.37,46.91,3,2755,0.25877,-0.76478,95,375.0
2022-06-13,2022-09-16,418.0,call,4.47,4.54,4.5,4.52,76,3149,0.22951,0.19762,95,375.0
2022-06-13,2022-09-16,418.0,put,47.49,48.81,48.15,44.86,7,2545,0.25877,-0.77032,95,375.0
2022-06-13,2022-09-16,419.0,call,4.26,4.32,4.29,4.42,587,2702,0.22951,0.192,95,375.0
2022-06-13,2022-09-16,419.0,put,48.27,49.61,48.94,48.36,3,6905,0.25877,-0.77577,95,375.0
2022-06-13,2022-09-16,420.0,call,4.06,4.12,4.09,3.97,1981,39003,0.22951,0.18649,95,375.0
2022-06-13,2022-09-16,420.0,put,49.08,50.41,49.74,50.47,1712,43577,0.25877,-0.78114,95,375.0
2022-06-13,2022-09-16,421.0,call,3.85,3.91,3.88,4.0,1,2393,0.22951,0.18109,95,375.0
2022-06-13,2022-09-16,421.0,put,49.85,51.23,50.54,49.64,32,1097,0.25877,-0.78642,95,375.0
2022-06-13,2022-09-16,422.0,call,3.66,3.72,3.69,3.73,109,5024,0.21975,0.16406,95,375.0
2022-06-13,2022-09-16,422.0,put,50.65,52.05,51.35,49.75,1,5465,0.25877,-0.79162,95,375.0
2022-06-13,2022-09-16,423.0,call,3.48,3.54,3.51,3.65,839,1496,0.21975,0.15889,95,375.0
2022-06-13,2022-09-16,423.0,put,51.46,52.88,52.17,51.6,1,1404,0.25877,-0.79672,95,375.0
2022-06-13,2022-09-16,424.0,call,3.31,3.36,3.33,3.37,20,4371,0.21975,0.15384,95,375.0
2022-06-13,2022-09-16,424.0,put,52.27,53.72,53.0,50.72,3,2300,0.25877,-0.80174,95,375.0
2022-06-13,2022-09-16,425.0,call,3.14,3.19,3.17,3.16,677,6578,0.21975,0.14891,95,375.0
2022-06-13,2022-09-16,425.0,put,53.1,54.56,53.83,54.56,167,10402,0.25877,-0.80667,95,375.0
2022-06-13,2022-09-16,426.0,call,2.97,3.03,3.0,2.94,56,2097,0.21975,0.1441,95,375.0
2022-06-13,2022-09-16,426.0,put,53.93,55.41,54.67,52.29,9,2572,0.25877,-0.81152,95,375.0
2022-06-13,2022-09-16,427.0,call,2.82,2.87,2.84,2.82,152,4375,0.21975,0.13941,95,375.0
2022-06-13,2022-09-16,427.0,put,54.77,56.27,55.52,26.7,0,1257,0.25877,-0.81627,95,375.0
2022-06-13,2022-09-16,428.0,call,2.67,2.72,2.7,2.68,171,1927,0.21975,0.13483,95,375.0
2022-06-13,2022-09-16,428.0,put,55.61,57.13,56.37,28.93,0,859,0.25877,-0.82095,95,375.0
2022-06-13,2022-09-16,429.0,call,2.53,2.58,2.55,2.57,201,2777,0.21975,0.13037,95,375.0
2022-06-13,2022-09-16,429.0,put,56.47,58.0,57.23,56.07,2,1916,0.25877,-0.82553,95,375.0
2022-06-13,2022-09-16,430.0,call,2.4,2.44,2.42,2.38,839,11624,0.21975,0.12602,95,375.0
2022-06-13,2022-09-16,430.0,put,57.32,58.88,58.1,59.0,151,90538,0.25877,-0.83003,95,375.0
2022-06-13,2022-09-16,431.0,call,2.27,2.31,2.29,2.27,22,1808,0.21975,0.12178,95,375.0
2022-06-13,2022-09-16,431.0,put,58.19,59.76,58.97,46.28,0,1101,0.25877,-0.83445,95,375.0
2022-06-13,2022-09-16,432.0,call,2.14,2.19,2.17,2.17,10,2946,0.21975,0.11765,95,375.0
2022-06-13,2022-09-16,432.0,put,59.06,60.65,59.86,57.56,17,957,0.25877,-0.83878,95,375.0
2022-06-13,2022-09-16,433.0,call,2.02,2.07,2.04,2.05,69,1439,0.21,0.10229,95,375.0
2022-06-13,2022-09-16,433.0,put,59.94,61.55,60.74,60.66,2,1712,0.25877,-0.84302,95,375.0
2022-06-13,2022-09-16,434.0,call,1.91,1.96,1.94,1.94,42,1344,0.21,0.0985,95,375.0
2022-06-13,2022-09-16,434.0,put,60.82,62.45,61.64,45.74,0,3001,0.25877,-0.84718,95,375.0
2022-06-13,2022-09-16,435.0,call,1.81,1.85,1.83,1.82,506,5441,0.21,0.09482,95,375.0
2022-06-13,2022-09-16,435.0,put,61.71,63.36,62.53,63.05,89,6089,0.25877,-0.85126,95,375.0
2022-06-13,2022-09-16,436.0,call,1.71,1.75,1.73,1.89,19,5538,0.21,0.09125,95,375.0
2022-06-13,2022-09-16,436.0,put,62.61,64.27,63.44,58.8,20,910,0.25877,-0.85526,95,375.0
2022-06-13,2022-09-16,437.0,call,1.61,1.65,1.63,1.81,2425,1255,0.21,0.08779,95,375.0
2022-06-13,2022-09-16,437.0,put,63.52,65.19,64.36,61.82,3,1082,0.25877,-0.85917,95,375.0
2022-06-13,2022-09-16,438.0,call,1.52,1.56,1.54,1.69,34,4488,0.21,0.08444,95,375.0
2022-06-13,2022-09-16,438.0,put,64.42,66.11,65.27,63.14,1,378,0.25877,-0.863,95,375.0
2022-06-13,2022-09-16,439.0,call,1.43,1.47,1.45,1.53,47,3695,0.21,0.08119,95,375.0
2022-06-13,2022-09-16,439.0,put,65.34,67.04,66.19,67.0,1,767,0.25877,-0.86676,95,375.0
2022-06-13,2022-09-16,440.0,call,1.35,1.39,1.37,1.35,989,10045,0.21,0.07805,95,375.0
2022-06-13,2022-09-16,440.0,put,66.26,67.97,67.12,67.65,69,10070,0.25877,-0.87043,95,375.0
2022-06-13,2022-09-16,441.0,call,1.28,1.31,1.29,1.33,185,3933,0.21,0.075,95,375.0
2022-06-13,2022-09-16,441.0,put,67.18,68.91,68.05,37.75,0,469,0.25877,-0.87402,95,375.0
2022-06-13,2022-09-16,442.0,call,1.2,1.24,1.22,1.29,975,2695,0.21,0.07206,95,375.0
2022-06-13,2022-09-16,442.0,put,68.11,69.85,68.98,39.24,0,3171,0.25877,-0.87754,95,375.0
2022-06-13,2022-09-16,443.0,call,1.13,1.17,1.15,1.22,336,1107,0.21,0.0692,95,375.0
2022-06-13,2022-09-16,443.0,put,69.04,70.79,69.92,65.34,5,270,0.25877,-0.88098,95,375.0
2022-06-13,2022-09-16,444.0,call,1.07,1.09,1.08,1.24,50,2805,0.21,0.06645,95,375.0
2022-06-13,2022-09-16,444.0,put,69.98,71.74,70.86,56.61,0,2717,0.25877,-0.88434,95,375.0
2022-06-13,2022-09-16,445.0,call,1.01,1.03,1.02,1.01,768,11850,0.21,0.06378,95,375.0
2022-06-13,2022-09-16,445.0,put,70.93,72.7,71.81,72.34,41,5384,0.26853,-0.878,95,375.0
2022-06-13,2022-09-16,446.0,call,0.95,0.97,0.96,1.1,305,1204,0.21,0.0612,95,375.0
2022-06-13,2022-09-16,446.0,put,71.87,73.66,72.77,41.79,0,550,0.26853,-0.88128,95,375.0
2022-06-13,2022-09-16,447.0,call,0.9,0.92,0.91,0.89,34,2651,0.21,0.05872,95,375.0
2022-06-13,2022-09-16,447.0,put,72.83,74.62,73.72,38.43,0,1219,0.26853,-0.88449,95,375.0
2022-06-13,2022-09-16,448.0,call,0.85,0.86,0.85,0.9,118,2021,0.21,0.05631,95,375.0
2022-06-13,2022-09-16,448.0,put,73.81,75.58,74.69,57.5,0,1442,0.26853,-0.88764,95,375.0
2022-06-13,2022-09-16,449.0,call,0.8,0.81,0.81,0.91,249,787,0.21,0.05399,95,375.0
2022-06-13,2022-09-16,449.0,put,74.79,76.55,75.67,73.34,5,4775,0.26853,-0.89072,95,375.0
2022-06-13,2022-09-16,450.0,call,0.75,0.77,0.76,0.77,2333,23147,0.21,0.05175,95,375.0
2022-06-13,2022-09-16,450.0,put,75.79,77.52,76.66,77.21,818,12491,0.26853,-0.89372,95,375.0
2022-06-13,2022-09-16,451.0,call,0.71,0.72,0.71,0.82,540,1767,0.21,0.04959,95,375.0
2022-06-13,2022-09-16,451.0,put,76.77,78.49,77.63,62.23,0,366,0.27829,-0.88755,95,375.0
2022-06-13,2022-09-16,452.0,call,0.67,0.68,0.68,0.76,312,2050,0.21,0.04751,95,375.0
2022-06-13,2022-09-16,452.0,put,77.76,79.47,78.62,45.48,0,911,0.27829,-0.89051,95,375.0
2022-06-13,2022-09-16,453.0,call,0.63,0.65,0.64,0.68,7,1993,0.21,0.0455,95,375.0
2022-06-13,2022-09-16,453.0,put,78.75,80.43,79.59,77.3,2,661,0.27829,-0.8934,95,375.0
2022-06-13,2022-09-16,454.0,call,0.59,0.61,0.6,0.66,42,2181,0.20024,0.036,95,375.0
2022-06-13,2022-09-16,454.0,put,79.75,81.38,80.56,78.29,2,2280,0.27829,-0.89622,95,375.0
2022-06-13,2022-09-16,455.0,call,0.56,0.57,0.56,0.59,97,5897,0.20024,0.03433,95,375.0
2022-06-13,2022-09-16,455.0,put,80.75,82.34,81.55,80.8,3,1733,0.27829,-0.89899,95,375.0
2022-06-13,2022-09-16,456.0,call,0.53,0.54,0.54,0.55,53,708,0.20024,0.03273,95,375.0
2022-06-13,2022-09-16,456.0,put,81.74,83.3,82.52,76.21,1,509,0.28804,-0.893,95,375.0
2022-06-13,2022-09-16,457.0,call,0.5,0.51,0.51,0.51,130,1626,0.20024,0.03119,95,375.0
2022-06-13,2022-09-16,457.0,put,82.74,84.27,83.5,48.64,0,634,0.28804,-0.89573,95,375.0
2022-06-13,2022-09-16,458.0,call,0.47,0.48,0.47,0.49,710,1428,0.20024,0.02971,95,375.0
2022-06-13,2022-09-16,458.0,put,83.79,85.14,84.47,81.87,1,394,0.28804,-0.89839,95,375.0
2022-06-13,2022-09-16,459.0,call,0.44,0.46,0.45,0.48,3,1762,0.20024,0.0283,95,375.0
2022-06-13,2022-09-16,459.0,put,84.73,86.22,85.47,49.91,0,73,0.28804,-0.901,95,375.0
2022-06-13,2022-09-16,460.0,call,0.42,0.43,0.42,0.43,661,15193,0.20024,0.02695,95,375.0
2022-06-13,2022-09-16,460.0,put,85.72,87.2,86.46,81.84,1,7115,0.28804,-0.90356,95,375.0
2022-06-13,2022-09-16,461.0,call,0.4,0.41,0.41,0.41,10,1641,0.20024,0.02565,95,375.0
2022-06-13,2022-09-16,461.0,put,86.48,88.35,87.41,84.69,1,762,0.28804,-0.90606,95,375.0
2022-06-13,2022-09-16,462.0,call,0.38,0.39,0.39,0.41,12,2892,0.20024,0.02441,95,375.0
2022-06-13,2022-09-16,462.0,put,87.47,89.34,88.41,85.98,1,132,0.2978,-0.90027,95,375.0
2022-06-13,2022-09-16,463.0,call,0.36,0.37,0.36,0.38,8,3274,0.20024,0.02322,95,375.0
2022-06-13,2022-09-16,463.0,put,88.46,90.33,89.39,52.8,0,979,0.2978,-0.90274,95,375.0
2022-06-13,2022-09-16,464.0,call,0.34,0.35,0.34,0.42,1,1149,0.20024,0.02209,95,375.0
2022-06-13,2022-09-16,464.0,put,89.45,91.33,90.39,71.72,0,414,0.2978,-0.90516,95,375.0
2022-06-13,2022-09-16,465.0,call,0.32,0.33,0.33,0.33,293,7445,0.20024,0.021,95,375.0
2022-06-13,2022-09-16,465.0,put,90.44,92.32,91.38,91.18,2,2783,0.2978,-0.90753,95,375.0
2022-06-13,2022-09-16,466.0,call,0.3,0.32,0.31,0.33,89,3238,0.20024,0.01996,95,375.0
2022-06-13,2022-09-16,466.0,put,91.44,93.32,92.38,76.13,0,192,0.2978,-0.90985,95,375.0
2022-06-13,2022-09-16,467.0,call,0.29,0.3,0.29,0.32,461,772,0.20024,0.01897,95,375.0
2022-06-13,2022-09-16,467.0,put,92.43,94.31,93.37,87.94,4,316,0.30755,-0.90424,95,375.0
2022-06-13,2022-09-16,468.0,call,0.27,0.29,0.28,0.27,575,1779,0.20024,0.01802,95,375.0
2022-06-13,2022-09-16,468.0,put,93.43,95.31,94.37,93.67,2,608,0.30755,-0.90654,95,375.0
2022-06-13,2022-09-16,469.0,call,0.26,0.27,0.27,0.28,342,2300,0.20024,0.01712,95,375.0
2022-06-13,2022-09-16,469.0,put,94.42,96.31,95.37,95.76,2,307,0.30755,-0.90879,95,375.0
2022-06-13,2022-09-16,470.0,call,0.25,0.26,0.26,0.27,1076,19676,0.21,0.02098,95,375.0
2022-06-13,2022-09-16,470.0,put,95.42,97.31,96.37,93.0,3,3235,0.30755,-0.911,95,375.0
2022-06-13,2022-09-16,471.0,call,0.24,0.25,0.24,0.24,428,819,0.20024,0.01543,95,375.0
2022-06-13,2022-09-16,471.0,put,96.42,98.31,97.37,83.04,0,57,0.31731,-0.90553,95,375.0
2022-06-13,2022-09-16,472.0,call,0.23,0.24,0.23,0.25,345,3030,0.21,0.01906,95,375.0
2022-06-13,2022-09-16,472.0,put,97.42,99.3,98.36,82.25,0,420,0.31731,-0.90772,95,375.0
2022-06-13,2022-09-16,473.0,call,0.22,0.23,0.23,0.23,193,4166,0.21,0.01816,95,375.0
2022-06-13,2022-09-16,473.0,put,98.41,100.3,99.35,72.16,0,34,0.31731,-0.90986,95,375.0
2022-06-13,2022-09-16,474.0,call,0.21,0.22,0.21,0.23,4,3450,0.21,0.0173,95,375.0
2022-06-13,2022-09-16,474.0,put,99.41,101.3,100.35,71.39,0,11,0.31731,-0.91196,95,375.0
2022-06-13,2022-09-16,475.0,call,0.2,0.21,0.21,0.22,155,10106,0.21,0.01647,95,375.0
2022-06-13,2022-09-16,475.0,put,100.41,102.3,101.35,101.61,7,110,0.31731,-0.91403,95,375.0
2022-06-13,2022-09-16,476.0,call,0.19,0.2,0.2,0.21,2,2302,0.21,0.01568,95,375.0
2022-06-13,2022-09-16,476.0,put,101.41,103.3,102.35,83.22,0,36,0.32707,-0.90872,95,375.0
2022-06-13,2022-09-16,477.0,call,0.18,0.19,0.18,0.19,103,2488,0.21,0.01493,95,375.0
2022-06-13,2022-09-16,477.0,put,102.41,104.3,103.35,63.99,0,79,0.32707,-0.91077,95,375.0
2022-06-13,2022-09-16,478.0,call,0.17,0.19,0.18,0.16,2,2840,0.21,0.01421,95,375.0
2022-06-13,2022-09-16,478.0,put,103.41,105.3,104.35,80.38,0,37,0.32707,-0.91278,95,375.0
2022-06-13,2022-09-16,479.0,call,0.17,0.18,0.17,0.17,9,1118,0.21,0.01352,95,375.0
2022-06-13,2022-09-16,479.0,put,104.41,106.3,105.35,76.43,0,9,0.32707,-0.91475,95,375.0
2022-06-13,2022-09-16,480.0,call,0.16,0.17,0.17,0.18,501,33647,0.21,0.01286,95,375.0
2022-06-13,2022-09-16,480.0,put,105.4,107.3,106.35,102.55,1,161,0.33682,-0.90957,95,375.0
2022-06-13,2022-09-16,481.0,call,0.15,0.17,0.16,0.17,2,1003,0.21,0.01223,95,375.0
2022-06-13,2022-09-16,481.0,put,106.4,108.3,107.35,80.97,0,7,0.33682,-0.91153,95,375.0
2022-06-13,2022-09-16,482.0,call,0.15,0.16,0.15,0.17,5,1329,0.21,0.01162,95,375.0
2022-06-13,2022-09-16,482.0,put,107.4,109.3,108.35,47.1,0,4,0.33682,-0.91345,95,375.0
2022-06-13,2022-09-16,483.0,call,0.14,0.15,0.15,0.15,1,2291,0.21,0.01105,95,375.0
2022-06-13,2022-09-16,483.0,put,108.4,110.3,109.35,60.75,0,7,0.33682,-0.91534,95,375.0
2022-06-13,2022-09-16,484.0,call,0.13,0.15,0.14,0.22,0,2299,0.21,0.0105,95,375.0
2022-06-13,2022-09-16,484.0,put,109.4,111.29,110.34,56.0,0,3,0.33682,-0.91719,95,375.0
2022-06-13,2022-09-16,485.0,call,0.13,0.14,0.14,0.13,137,3745,0.21,0.00998,95,375.0
2022-06-13,2022-09-16,485.0,put,110.4,112.29,111.34,58.0,0,8,0.34658,-0.91215,95,375.0
2022-06-13,2022-09-16,486.0,call,0.13,0.14,0.14,0.13,1,1055,0.21,0.00948,95,375.0
2022-06-13,2022-09-16,486.0,put,111.4,113.29,112.34,93.53,0,11,0.34658,-0.914,95,375.0
2022-06-13,2022-09-16,487.0,call,0.12,0.13,0.12,0.13,329,557,0.21,0.009,95,375.0
2022-06-13,2022-09-16,487.0,put,112.4,114.29,113.34,47.89,0,2,0.34658,-0.91581,95,375.0
2022-06-13,2022-09-16,488.0,call,0.12,0.13,0.12,0.12,1,457,0.21,0.00854,95,375.0
2022-06-13,2022-09-16,488.0,put,113.4,115.29,114.34,82.03,0,2,0.34658,-0.91759,95,375.0
2022-06-13,2022-09-16,489.0,call,0.11,0.13,0.12,0.16,0,1293,0.21,0.00811,95,375.0
2022-06-13,2022-09-16,489.0,put,114.4,116.29,115.34,91.2,0,3,0.34658,-0.91933,95,375.0
2022-06-13,2022-09-16,490.0,call,0.11,0.12,0.11,0.12,121,3898,0.21,0.0077,95,375.0
2022-06-13,2022-09-16,490.0,put,115.4,117.29,116.34,87.98,0,59,0.35633,-0.91443,95,375.0
2022-06-13,2022-09-16,491.0,call,0.1,0.12,0.11,0.11,3,1182,0.21,0.0073,95,375.0
2022-06-13,2022-09-16,491.0,put,116.4,118.29,117.34,55.41,0,0,0.35633,-0.91618,95,375.0
2022-06-13,2022-09-16,492.0,call,0.1,0.11,0.11,0.3,0,869,0.21975,0.00947,95,375.0
2022-06-13,2022-09-16,492.0,put,117.4,119.29,118.34,54.55,0,0,0.35633,-0.91789,95,375.0
2022-06-13,2022-09-16,493.0,call,0.1,0.11,0.11,0.1,13,627,0.21975,0.00902,95,375.0
2022-06-13,2022-09-16,493.0,put,118.4,120.29,119.34,56.07,0,2,0.35633,-0.91957,95,375.0
2022-06-13,2022-09-16,494.0,call,0.09,0.11,0.1,0.1,17,114,0.21975,0.00858,95,375.0
2022-06-13,2022-09-16,494.0,put,119.4,121.29,120.34,56.92,0,2,0.36609,-0.91477,95,375.0
2022-06-13,2022-09-16,495.0,call,0.09,0.11,0.1,0.1,13,4335,0.21975,0.00817,95,375.0
2022-06-13,2022-09-16,495.0,put,120.4,122.29,121.34,107.08,0,11,0.36609,-0.91645,95,375.0
2022-06-13,2022-09-16,496.0,call,0.09,0.1,0.1,0.09,4,1211,0.21975,0.00778,95,375.0
2022-06-13,2022-09-16,496.0,put,121.4,123.29,122.34,58.94,0,1,0.36609,-0.91809,95,375.0
2022-06-13,2022-09-16,497.0,call,0.09,0.1,0.1,0.12,0,276,0.21975,0.0074,95,375.0
2022-06-13,2022-09-16,497.0,put,122.4,124.29,123.34,99.78,0,1,0.36609,-0.91971,95,375.0
2022-06-13,2022-09-16,498.0,call,0.08,0.1,0.09,0.29,0,2890,0.21975,0.00704,95,375.0
2022-06-13,2022-09-16,498.0,put,123.4,125.29,124.34,0.0,0,0,0.36609,-0.92131,95,375.0
2022-06-13,2022-09-16,499.0,call,0.08,0.09,0.08,0.08,62,4070,0.21975,0.0067,95,375.0
2022-06-13,2022-09-16,499.0,put,124.4,126.29,125.34,107.75,0,2,0.37584,-0.91663,95,375.0
2022-06-13,2022-09-16,500.0,call,0.09,0.1,0.1,0.08,728,41476,0.21975,0.00637,95,375.0
2022-06-13,2022-09-16,500.0,put,125.4,127.29,126.34,122.8,1,3035,0.37584,-0.91822,95,375.0
2022-06-13,2022-09-16,501.0,call,0.08,0.09,0.08,0.11,0,2624,0.21975,0.00606,95,375.0
2022-06-13,2022-09-16,501.0,put,126.39,128.29,127.34,0.0,0,0,0.37584,-0.91978,95,375.0
2022-06-13,2022-09-16,502.0,call,0.07,0.09,0.08,0.19,0,1840,0.21975,0.00576,95,375.0
2022-06-13,2022-09-16,502.0,put,127.39,129.29,128.34,0.0,0,0,0.37584,-0.92132,95,375.0
2022-06-13,2022-09-16,503.0,call,0.07,0.09,0.08,0.07,45,3656,0.21975,0.00548,95,375.0
2022-06-13,2022-09-16,503.0,put,128.39,130.29,129.34,55.19,0,2,0.37584,-0.92283,95,375.0
2022-06-13,2022-09-16,504.0,call,0.07,0.08,0.08,0.18,0,1406,0.21975,0.00521,95,375.0
2022-06-13,2022-09-16,504.0,put,129.39,131.29,130.34,0.0,0,0,0.3856,-0.91827,95,375.0
2022-06-13,2022-09-16,505.0,call,0.07,0.08,0.08,0.06,47,11094,0.22951,0.00685,95,375.0
2022-06-13,2022-09-16,505.0,put,130.39,132.29,131.34,76.85,0,0,0.3856,-0.91978,95,375.0
2022-06-13,2022-09-16,506.0,call,0.06,0.08,0.07,0.07,1,1786,0.21975,0.0047,95,375.0
2022-06-13,2022-09-16,506.0,put,131.39,133.29,132.34,0.0,0,0,0.3856,-0.92127,95,375.0
2022-06-13,2022-09-16,507.0,call,0.06,0.08,0.07,0.11,0,765,0.21975,0.00446,95,375.0
2022-06-13,2022-09-16,507.0,put,132.39,134.29,133.34,108.94,0,2,0.3856,-0.92273,95,375.0
2022-06-13,2022-09-16,508.0,call,0.06,0.07,0.07,0.07,461,1335,0.22951,0.00594,95,375.0
2022-06-13,2022-09-16,508.0,put,133.39,135.29,134.34,65.07,0,4,0.3856,-0.92417,95,375.0
2022-06-13,2022-09-16,510.0,call,0.06,0.07,0.07,0.07,1820,9401,0.22951,0.0054,95,375.0
2022-06-13,2022-09-16,510.0,put,135.39,137.29,136.34,97.62,0,17,0.39536,-0.92116,95,375.0
2022-06-13,2022-09-16,512.0,call,0.05,0.07,0.06,0.06,125,2048,0.22951,0.0049,95,375.0
2022-06-13,2022-09-16,512.0,put,137.39,139.29,138.34,0.0,0,0,0.39536,-0.92397,95,375.0
2022-06-13,2022-09-16,515.0,call,0.05,0.06,0.06,0.06,827,4894,0.22951,0.00424,95,375.0
2022-06-13,2022-09-16,515.0,put,140.39,142.29,141.34,132.04,0,10,0.40511,-0.92237,95,375.0
2022-06-13,2022-09-16,520.0,call,0.04,0.06,0.05,0.05,980,17623,0.22951,0.00331,95,375.0
2022-06-13,2022-09-16,520.0,put,145.39,147.28,146.33,137.04,0,17,0.41487,-0.92342,95,375.0
2022-06-13,2022-09-16,525.0,call,0.04,0.05,0.04,0.04,17,11049,0.22951,0.00258,95,375.0
2022-06-13,2022-09-16,525.0,put,150.39,152.28,151.33,139.44,0,90,0.42462,-0.92434,95,375.0
2022-06-13,2022-09-16,530.0,call,0.03,0.04,0.04,0.04,138,7036,0.23926,0.00293,95,375.0
2022-06-13,2022-09-16,530.0,put,155.39,157.28,156.33,135.51,0,585,0.43438,-0.92514,95,375.0
2022-06-13,2022-09-16,535.0,call,0.02,0.04,0.03,0.04,14,5590,0.23926,0.00231,95,375.0
2022-06-13,2022-09-16,535.0,put,160.38,162.28,161.33,145.42,0,432,0.44414,-0.92583,95,375.0
2022-06-13,2022-09-16,540.0,call,0.02,0.03,0.03,0.02,202,9765,0.24902,0.00264,95,375.0
2022-06-13,2022-09-16,540.0,put,165.38,167.28,166.33,126.69,0,386,0.45389,-0.92641,95,375.0
2022-06-13,2022-09-16,545.0,call,0.02,0.03,0.03,0.03,0,7620,0.24902,0.0021,95,375.0
2022-06-13,2022-09-16,545.0,put,170.38,172.28,171.33,153.48,0,272,0.45389,-0.93181,95,375.0
2022-06-13,2022-09-16,550.0,call,0.02,0.03,0.03,0.02,271,23163,0.25877,0.00241,95,375.0
2022-06-13,2022-09-16,550.0,put,175.38,177.28,176.33,158.47,0,105,0.46365,-0.93212,95,375.0
2022-06-13,2022-09-16,555.0,call,0.01,0.02,0.01,0.03,0,2259,0.23926,0.00087,95,375.0
2022-06-13,2022-09-16,555.0,put,180.38,182.27,181.32,173.06,0,341,0.4734,-0.93235,95,375.0
2022-06-13,2022-09-16,560.0,call,0.01,0.02,0.01,0.01,50,3857,0.23926,0.00067,95,375.0
2022-06-13,2022-09-16,560.0,put,185.37,187.27,186.32,168.79,0,330,0.48316,-0.93252,95,375.0
2022-06-13,2022-09-16,565.0,call,0.01,0.02,0.01,0.02,1,4583,0.24902,0.00083,95,375.0
2022-06-13,2022-09-16,565.0,put,190.37,192.27,191.32,173.8,0,24,0.49292,-0.93263,95,375.0
2022-06-13,2022-09-16,570.0,put,195.37,197.27,196.32,0.0,0,0,0.50267,-0.93268,95,375.0
2022-06-13,2022-09-16,575.0,put,200.37,202.27,201.32,0.0,0,0,0.51243,-0.93268,95,375.0
2022-06-13,2022-09-16,580.0,put,205.37,207.27,206.32,135.0,0,0,0.52218,-0.93263,95,375.0
2022-06-13,2022-09-16,585.0,put,210.37,212.26,211.31,0.0,0,0,0.52218,-0.93673,95,375.0
2022-06-13,2022-09-16,590.0,put,215.36,217.26,216.31,160.2,0,0,0.53194,-0.93654,95,375.0
2022-06-13,2022-09-16,595.0,put,220.36,222.26,221.31,185.4,0,1,0.54169,-0.9363,95,375.0
2022-06-13,2022-09-16,600.0,put,225.36,227.26,226.31,141.4,0,0,0.55145,-0.93603,95,375.0
2022-06-13,2022-09-16,605.0,put,230.36,232.26,231.31,0.0,0,0,0.56121,-0.93573,95,375.0
2022-06-13,2022-09-16,610.0,put,235.36,237.26,236.31,196.71,0,21,0.56121,-0.93926,95,375.0
2022-06-13,2022-09-16,615.0,put,240.36,242.26,241.31,205.54,0,1,0.57096,-0.93886,95,375.0
2022-06-13,2022-09-16,620.0,put,245.35,247.25,246.3,201.47,0,20,0.58072,-0.93842,95,375.0
2022-06-13,2022-09-16,625.0,put,250.35,252.25,251.3,189.5,0,1,0.59047,-0.93797,95,375.0
2022-06-13,2022-09-16,630.0,put,255.35,257.25,256.3,0.0,0,0,0.59047,-0.94114,95,375.0
2022-06-13,2022-09-16,635.0,put,260.35,262.25,261.3,0.0,0,0,0.60023,-0.9406,95,375.0
2022-06-13,2022-09-16,640.0,put,265.35,267.25,266.3,200.57,0,1,0.60999,-0.94005,95,375.0
2022-06-13,2022-09-16,645.0,put,270.35,272.25,271.3,0.0,0,0,0.61974,-0.93947,95,375.0
2022-06-13,2022-09-16,650.0,put,275.34,277.25,276.29,0.0,0,0,0.61974,-0.94235,95,375.0
2022-06-13,2022-09-16,655.0,put,280.34,282.24,281.29,0.0,0,0,0.6295,-0.94171,95,375.0
2022-06-13,2022-09-16,660.0,put,285.34,287.24,286.29,254.5,0,1,0.63925,-0.94106,95,375.0
2022-06-13,2022-09-16,665.0,put,290.34,292.24,291.29,198.56,0,4,0.64901,-0.94039,95,375.0
2022-06-13,2022-09-16,670.0,put,295.34,297.24,296.29,0.0,0,0,0.64901,-0.94303,95,375.0
2022-06-13,2022-09-16,675.0,put,300.34,302.24,301.29,276.76,0,2,0.65876,-0.94231,95,375.0
2022-06-13,2022-09-16,680.0,put,305.33,307.24,306.28,265.5,0,2,0.66852,-0.94158,95,375.0
2022-06-13,2022-09-16,685.0,put,310.33,312.24,311.28,246.19,0,1,0.66852,-0.94405,95,375.0
2022-06-13,2022-09-16,690.0,put,315.33,317.23,316.28,278.61,0,10,0.67828,-0.94328,95,375.0
2022-06-13,2022-09-16,695.0,put,320.33,322.23,321.28,0.0,0,0,0.68803,-0.94249,95,375.0
2022-06-13,2022-09-16,700.0,put,325.33,327.23,326.28,293.0,0,1,0.68803,-0.94481,95,375.0
2022-06-13,2022-09-16,705.0,put,330.33,332.23,331.28,0.0,0,0,0.69779,-0.94399,95,375.0
2022-06-13,2022-09-16,710.0,put,335.32,337.23,336.27,300.3,0,5,0.70754,-0.94317,95,375.0
2022-06-13,2022-09-30,280.0,call,97.2,98.78,97.99,0.0,0,0,0.37584,0.93787,109,375.0
2022-06-13,2022-09-30,280.0,put,3.35,3.39,3.37,3.35,578,411,0.41487,-0.07885,109,375.0
2022-06-13,2022-09-30,285.0,call,92.55,94.09,93.32,128.95,0,2,0.37584,0.9266,109,375.0
2022-06-13,2022-09-30,285.0,put,3.67,3.73,3.7,3.69,501,604,0.40511,-0.08667,109,375.0
2022-06-13,2022-09-30,290.0,call,87.93,89.44,88.69,0.0,0,0,0.36609,0.91884,109,375.0
2022-06-13,2022-09-30,290.0,put,4.04,4.1,4.07,4.12,73,391,0.39536,-0.09523,109,375.0
2022-06-13,2022-09-30,295.0,call,83.37,84.83,84.1,114.72,0,703,0.35633,0.91026,109,375.0
2022-06-13,2022-09-30,295.0,put,4.45,4.51,4.48,4.71,28,1653,0.3856,-0.10459,109,375.0
2022-06-13,2022-09-30,300.0,call,78.85,80.27,79.56,117.17,0,36,0.35633,0.89545,109,375.0
2022-06-13,2022-09-30,300.0,put,4.91,4.98,4.95,4.91,553,2413,0.3856,-0.11978,109,375.0
2022-06-13,2022-09-30,305.0,call,74.4,75.77,75.09,102.8,0,26,0.34658,0.88468,109,375.0
2022-06-13,2022-09-30,305.0,put,5.43,5.51,5.47,5.23,1823,1185,0.37584,-0.1312,109,375.0
2022-06-13,2022-09-30,310.0,call,70.02,71.33,70.67,78.65,0,2,0.33682,0.87279,109,375.0
2022-06-13,2022-09-30,310.0,put,6.02,6.11,6.06,6.06,9208,1755,0.36609,-0.14368,109,375.0
2022-06-13,2022-09-30,315.0,call,65.71,66.96,66.33,130.49,0,6,0.33682,0.85377,109,375.0
2022-06-13,2022-09-30,315.0,put,6.69,6.78,6.74,6.7,357,4075,0.35633,-0.15733,109,375.0
2022-06-13,2022-09-30,320.0,call,61.48,62.67,62.08,74.25,0,4,0.32707,0.83907,109,375.0
2022-06-13,2022-09-30,320.0,put,7.44,7.53,7.49,7.74,954,1797,0.35633,-0.17759,109,375.0
2022-06-13,2022-09-30,325.0,call,57.35,58.47,57.91,91.87,0,19,0.32707,0.81697,109,375.0
2022-06-13,2022-09-30,325.0,put,8.28,8.38,8.33,8.58,767,4885,0.34658,-0.19397,109,375.0
2022-06-13,2022-09-30,330.0,call,53.32,54.37,53.84,65.95,0,34,0.31731,0.79904,109,375.0
2022-06-13,2022-09-30,330.0,put,9.22,9.33,9.28,9.38,828,7930,0.33682,-0.21185,109,375.0
2022-06-13,2022-09-30,335.0,call,49.39,50.38,49.89,76.8,0,7,0.31731,0.77382,109,375.0
2022-06-13,2022-09-30,335.0,put,10.2,10.38,10.29,10.68,230,8103,0.33682,-0.23628,109,375.0
2022-06-13,2022-09-30,340.0,call,45.58,46.5,46.04,46.0,5,149,0.30755,0.7523,109,375.0
2022-06-13,2022-09-30,340.0,put,11.35,11.61,11.48,11.45,4804,13395,0.32707,-0.25738,109,375.0
2022-06-13,2022-09-30,345.0,call,41.89,42.74,42.31,43.4,10,27,0.30755,0.72404,109,375.0
2022-06-13,2022-09-30,345.0,put,12.63,12.92,12.78,13.12,130,5312,0.32707,-0.28442,109,375.0
2022-06-13,2022-09-30,350.0,call,38.33,39.11,38.72,38.49,1,149,0.2978,0.69866,109,375.0
2022-06-13,2022-09-30,350.0,put,14.03,14.35,14.19,14.36,1964,6714,0.31731,-0.30893,109,375.0
2022-06-13,2022-09-30,355.0,call,34.89,35.59,35.24,66.78,0,11,0.2978,0.66763,109,375.0
2022-06-13,2022-09-30,355.0,put,15.56,15.91,15.73,16.08,65,3071,0.30755,-0.33546,109,375.0
2022-06-13,2022-09-30,360.0,call,31.6,32.23,31.91,31.69,47,599,0.28804,0.63825,109,375.0
2022-06-13,2022-09-30,360.0,put,17.24,17.62,17.43,17.95,1199,5105,0.30755,-0.3663,109,375.0
2022-06-13,2022-09-30,365.0,call,28.44,29.02,28.73,31.02,2,77,0.28804,0.60494,109,375.0
2022-06-13,2022-09-30,365.0,put,19.02,19.45,19.23,19.33,1042,1700,0.2978,-0.3964,109,375.0
2022-06-13,2022-09-30,370.0,call,25.43,25.96,25.7,25.51,31,279,0.27829,0.57166,109,375.0
2022-06-13,2022-09-30,370.0,put,20.98,21.45,21.21,21.23,449,4889,0.2978,-0.42894,109,375.0
2022-06-13,2022-09-30,375.0,call,22.57,23.05,22.81,22.95,61,61,0.27829,0.53678,109,375.0
2022-06-13,2022-09-30,375.0,put,23.08,23.62,23.35,23.6,1567,1567,0.28804,-0.46238,109,375.0
2022-06-13,2022-09-30,380.0,call,19.86,20.29,20.07,19.67,445,176,0.26853,0.5,109,375.0
2022-06-13,2022-09-30,380.0,put,25.52,25.86,25.69,25.91,2624,5136,0.28804,-0.49589,109,375.0
2022-06-13,2022-09-30,382.0,call,18.83,19.24,19.03,20.91,43,14,0.26853,0.48573,109,375.0
2022-06-13,2022-09-30,382.0,put,26.5,26.69,26.59,26.84,19,290,0.28804,-0.50919,109,375.0
2022-06-13,2022-09-30,383.0,call,18.38,18.54,18.46,18.71,1,45,0.26853,0.47863,109,375.0
2022-06-13,2022-09-30,383.0,put,26.99,27.33,27.16,28.23,25,3186,0.28804,-0.51582,109,375.0
2022-06-13,2022-09-30,384.0,call,17.87,18.04,17.95,17.52,206,3,0.25877,0.46833,109,375.0
2022-06-13,2022-09-30,384.0,put,27.47,27.68,27.57,27.28,7,100,0.27829,-0.52536,109,375.0
2022-06-13,2022-09-30,385.0,call,17.33,17.71,17.52,17.44,199,345,0.25877,0.46102,109,375.0
2022-06-13,2022-09-30,385.0,put,27.75,28.34,28.05,28.53,1176,4179,0.27829,-0.53217,109,375.0
2022-06-13,2022-09-30,386.0,call,16.88,17.07,16.98,16.93,6,1242,0.25877,0.45374,109,375.0
2022-06-13,2022-09-30,386.0,put,28.26,28.86,28.56,26.62,238,2948,0.27829,-0.53894,109,375.0
2022-06-13,2022-09-30,387.0,call,16.36,16.72,16.54,18.23,1,23,0.25877,0.4465,109,375.0
2022-06-13,2022-09-30,387.0,put,28.77,29.42,29.09,27.1,11,309,0.27829,-0.54569,109,375.0
2022-06-13,2022-09-30,388.0,call,15.92,16.11,16.02,40.15,0,19,0.25877,0.43929,109,375.0
2022-06-13,2022-09-30,388.0,put,29.28,29.92,29.6,28.14,17,388,0.27829,-0.55241,109,375.0
2022-06-13,2022-09-30,389.0,call,15.45,15.77,15.61,36.42,0,42,0.25877,0.43213,109,375.0
2022-06-13,2022-09-30,389.0,put,29.81,30.49,30.15,31.09,11,232,0.27829,-0.5591,109,375.0
2022-06-13,2022-09-30,390.0,call,14.96,15.3,15.13,14.7,63,1070,0.25877,0.425,109,375.0
2022-06-13,2022-09-30,390.0,put,30.34,31.1,30.72,31.0,152,8069,0.27829,-0.56575,109,375.0
2022-06-13,2022-09-30,391.0,call,14.53,14.69,14.61,15.47,50,54,0.25877,0.41792,109,375.0
2022-06-13,2022-09-30,391.0,put,30.89,31.64,31.27,29.77,14,212,0.27829,-0.57237,109,375.0
2022-06-13,2022-09-30,392.0,call,14.07,14.39,14.23,20.82,0,60,0.25877,0.41088,109,375.0
2022-06-13,2022-09-30,392.0,put,31.43,32.2,31.82,28.31,7,192,0.27829,-0.57895,109,375.0
2022-06-13,2022-09-30,393.0,call,13.63,13.94,13.79,36.23,0,66,0.25877,0.40389,109,375.0
2022-06-13,2022-09-30,393.0,put,31.98,32.77,32.38,31.0,3,1981,0.27829,-0.58549,109,375.0
2022-06-13,2022-09-30,394.0,call,13.2,13.51,13.36,14.09,90,2510,0.24902,0.39091,109,375.0
2022-06-13,2022-09-30,394.0,put,32.54,33.35,32.95,33.28,2,270,0.26853,-0.59737,109,375.0
2022-06-13,2022-09-30,395.0,call,12.78,13.08,12.93,12.5,116,2224,0.24902,0.38378,109,375.0
2022-06-13,2022-09-30,395.0,put,33.12,33.93,33.52,34.76,165,1888,0.26853,-0.60404,109,375.0
2022-06-13,2022-09-30,396.0,call,12.37,12.66,12.52,18.85,0,2005,0.24902,0.3767,109,375.0
2022-06-13,2022-09-30,396.0,put,33.69,34.52,34.11,31.25,130,315,0.26853,-0.61066,109,375.0
2022-06-13,2022-09-30,397.0,call,11.96,12.25,12.11,13.8,4,2199,0.24902,0.36969,109,375.0
2022-06-13,2022-09-30,397.0,put,34.28,35.12,34.7,25.0,0,893,0.26853,-0.61724,109,375.0
2022-06-13,2022-09-30,398.0,call,11.56,11.74,11.65,19.75,0,11,0.24902,0.36273,109,375.0
2022-06-13,2022-09-30,398.0,put,34.85,35.73,35.29,35.08,25,2970,0.26853,-0.62376,109,375.0
2022-06-13,2022-09-30,399.0,call,11.17,11.44,11.3,13.35,4,112,0.24902,0.35583,109,375.0
2022-06-13,2022-09-30,399.0,put,35.44,36.35,35.89,19.21,0,215,0.26853,-0.63024,109,375.0
2022-06-13,2022-09-30,400.0,call,10.79,10.96,10.88,10.72,278,1143,0.24902,0.349,109,375.0
2022-06-13,2022-09-30,400.0,put,36.05,36.97,36.51,36.38,356,7515,0.26853,-0.63666,109,375.0
2022-06-13,2022-09-30,401.0,call,10.43,10.55,10.49,10.3,34,781,0.24902,0.34224,109,375.0
2022-06-13,2022-09-30,401.0,put,36.67,37.61,37.14,36.01,29,2094,0.26853,-0.64302,109,375.0
2022-06-13,2022-09-30,402.0,call,10.06,10.3,10.18,10.18,12,771,0.23926,0.32729,109,375.0
2022-06-13,2022-09-30,402.0,put,37.29,38.25,37.77,37.75,4,889,0.26853,-0.64934,109,375.0
2022-06-13,2022-09-30,403.0,call,9.7,9.93,9.81,10.43,1,650,0.23926,0.32046,109,375.0
2022-06-13,2022-09-30,403.0,put,37.92,38.9,38.41,38.16,35,2443,0.26853,-0.65559,109,375.0
2022-06-13,2022-09-30,404.0,call,9.35,9.49,9.42,14.62,0,180,0.23926,0.31371,109,375.0
2022-06-13,2022-09-30,404.0,put,38.56,39.55,39.05,28.88,0,88,0.25877,-0.66949,109,375.0
2022-06-13,2022-09-30,405.0,call,9.0,9.15,9.07,8.96,244,452,0.23926,0.30703,109,375.0
2022-06-13,2022-09-30,405.0,put,39.2,40.22,39.71,36.67,242,3026,0.25877,-0.6758,109,375.0
2022-06-13,2022-09-30,406.0,call,8.66,8.81,8.73,9.23,7,247,0.23926,0.30044,109,375.0
2022-06-13,2022-09-30,406.0,put,39.86,40.89,40.38,40.65,234,329,0.25877,-0.68205,109,375.0
2022-06-13,2022-09-30,407.0,call,8.34,8.55,8.45,8.34,33,338,0.23926,0.29392,109,375.0
2022-06-13,2022-09-30,407.0,put,40.52,41.57,41.05,30.58,0,73,0.25877,-0.68823,109,375.0
2022-06-13,2022-09-30,408.0,call,8.02,8.15,8.09,13.37,0,103,0.23926,0.28749,109,375.0
2022-06-13,2022-09-30,408.0,put,41.19,42.26,41.72,30.13,0,581,0.25877,-0.69434,109,375.0
2022-06-13,2022-09-30,409.0,call,7.71,7.83,7.77,7.72,12,233,0.23926,0.28114,109,375.0
2022-06-13,2022-09-30,409.0,put,41.87,42.96,42.41,40.68,2,1827,0.25877,-0.70038,109,375.0
2022-06-13,2022-09-30,410.0,call,7.4,7.53,7.46,7.49,997,284,0.23926,0.27488,109,375.0
2022-06-13,2022-09-30,410.0,put,42.55,43.65,43.1,43.6,2174,2770,0.25877,-0.70635,109,375.0
2022-06-13,2022-09-30,411.0,call,7.11,7.23,7.17,7.19,168,238,0.22951,0.25836,109,375.0
2022-06-13,2022-09-30,411.0,put,43.24,44.37,43.8,42.65,17,4769,0.25877,-0.71226,109,375.0
2022-06-13,2022-09-30,412.0,call,6.82,6.94,6.88,6.95,52,120,0.22951,0.25213,109,375.0
2022-06-13,2022-09-30,412.0,put,43.95,45.09,44.52,41.83,10,481,0.25877,-0.71809,109,375.0
2022-06-13,2022-09-30,413.0,call,6.54,6.66,6.6,7.36,5,109,0.22951,0.246,109,375.0
2022-06-13,2022-09-30,413.0,put,44.66,45.82,45.24,33.35,0,3323,0.25877,-0.72385,109,375.0
2022-06-13,2022-09-30,414.0,call,6.27,6.38,6.32,6.96,3,275,0.22951,0.23997,109,375.0
2022-06-13,2022-09-30,414.0,put,45.38,46.57,45.98,42.95,7,477,0.25877,-0.72954,109,375.0
2022-06-13,2022-09-30,415.0,call,6.01,6.12,6.06,6.53,55,729,0.22951,0.23403,109,375.0
2022-06-13,2022-09-30,415.0,put,46.1,47.31,46.7,47.51,8,584,0.25877,-0.73516,109,375.0
2022-06-13,2022-09-30,416.0,call,5.74,5.86,5.8,6.78,1,455,0.22951,0.22819,109,375.0
2022-06-13,2022-09-30,416.0,put,46.84,48.06,47.45,45.5,7,649,0.25877,-0.7407,109,375.0
2022-06-13,2022-09-30,417.0,call,5.51,5.61,5.56,5.91,9,278,0.22951,0.22244,109,375.0
2022-06-13,2022-09-30,417.0,put,47.58,48.83,48.2,34.52,0,3191,0.25877,-0.74617,109,375.0
2022-06-13,2022-09-30,418.0,call,5.27,5.37,5.32,5.53,1,168,0.22951,0.21679,109,375.0
2022-06-13,2022-09-30,418.0,put,48.33,49.59,48.96,36.1,0,614,0.24902,-0.7616,109,375.0
2022-06-13,2022-09-30,419.0,call,5.04,5.14,5.09,5.07,11,532,0.22951,0.21124,109,375.0
2022-06-13,2022-09-30,419.0,put,49.08,50.37,49.72,49.6,5,527,0.24902,-0.76701,109,375.0
2022-06-13,2022-09-30,420.0,call,4.81,4.91,4.86,4.72,449,1215,0.22951,0.20579,109,375.0
2022-06-13,2022-09-30,420.0,put,49.85,51.16,50.5,51.42,49,3849,0.24902,-0.77233,109,375.0
2022-06-13,2022-09-30,421.0,call,4.6,4.69,4.64,4.65,35,352,0.21975,0.18866,109,375.0
2022-06-13,2022-09-30,421.0,put,50.62,51.95,51.28,50.39,5,132,0.24902,-0.77757,109,375.0
2022-06-13,2022-09-30,422.0,call,4.39,4.48,4.44,4.68,6,355,0.21975,0.18337,109,375.0
2022-06-13,2022-09-30,422.0,put,51.4,52.75,52.08,49.98,2,458,0.24902,-0.78273,109,375.0
2022-06-13,2022-09-30,423.0,call,4.19,4.28,4.24,4.22,10,324,0.21975,0.17819,109,375.0
2022-06-13,2022-09-30,423.0,put,52.19,53.55,52.87,50.27,1,146,0.24902,-0.78781,109,375.0
2022-06-13,2022-09-30,424.0,call,3.99,4.08,4.04,4.02,36,248,0.21975,0.17311,109,375.0
2022-06-13,2022-09-30,424.0,put,52.98,54.37,53.67,33.62,0,195,0.24902,-0.79281,109,375.0
2022-06-13,2022-09-30,425.0,call,3.8,3.89,3.84,3.88,111,1149,0.21975,0.16813,109,375.0
2022-06-13,2022-09-30,425.0,put,53.79,55.19,54.49,55.78,13,265,0.24902,-0.79772,109,375.0
2022-06-13,2022-09-30,426.0,call,3.62,3.71,3.67,4.02,1,455,0.21975,0.16326,109,375.0
2022-06-13,2022-09-30,426.0,put,54.59,56.02,55.31,42.3,0,179,0.24902,-0.80255,109,375.0
2022-06-13,2022-09-30,427.0,call,3.45,3.54,3.5,3.51,4,4100,0.21975,0.15849,109,375.0
2022-06-13,2022-09-30,427.0,put,55.41,56.86,56.13,42.51,0,145,0.24902,-0.80731,109,375.0
2022-06-13,2022-09-30,428.0,call,3.28,3.37,3.33,3.31,22,437,0.21975,0.15383,109,375.0
2022-06-13,2022-09-30,428.0,put,56.23,57.7,56.97,33.15,0,662,0.24902,-0.81198,109,375.0
2022-06-13,2022-09-30,429.0,call,3.12,3.2,3.16,3.24,20,141,0.21975,0.14927,109,375.0
2022-06-13,2022-09-30,429.0,put,57.06,58.55,57.8,42.4,0,352,0.24902,-0.81656,109,375.0
2022-06-13,2022-09-30,430.0,call,2.97,3.05,3.01,3.0,360,1253,0.21975,0.1448,109,375.0
2022-06-13,2022-09-30,430.0,put,57.9,59.4,58.65,46.29,0,664,0.24902,-0.82107,109,375.0
2022-06-13,2022-09-30,431.0,call,2.82,2.9,2.86,3.14,1,143,0.21975,0.14045,109,375.0
2022-06-13,2022-09-30,431.0,put,58.75,60.26,59.5,41.69,0,72,0.24902,-0.8255,109,375.0
2022-06-13,2022-09-30,432.0,call,2.68,2.75,2.71,2.77,41,220,0.21,0.12424,109,375.0
2022-06-13,2022-09-30,432.0,put,59.6,61.13,60.37,56.54,33,2116,0.24902,-0.82985,109,375.0
2022-06-13,2022-09-30,433.0,call,2.54,2.62,2.58,2.62,38,366,0.21,0.12015,109,375.0
2022-06-13,2022-09-30,433.0,put,60.45,62.0,61.23,30.36,0,63,0.24902,-0.83411,109,375.0
2022-06-13,2022-09-30,434.0,call,2.41,2.49,2.45,2.48,3,231,0.21,0.11618,109,375.0
2022-06-13,2022-09-30,434.0,put,61.31,62.88,62.09,48.58,0,106,0.24902,-0.8383,109,375.0
2022-06-13,2022-09-30,435.0,call,2.29,2.36,2.33,2.33,136,681,0.21,0.1123,109,375.0
2022-06-13,2022-09-30,435.0,put,62.18,63.77,62.98,61.88,6,795,0.24902,-0.84241,109,375.0
2022-06-13,2022-09-30,436.0,call,2.17,2.24,2.21,2.31,30,136,0.21,0.10853,109,375.0
2022-06-13,2022-09-30,436.0,put,63.06,64.66,63.86,56.1,0,55,0.24902,-0.84644,109,375.0
2022-06-13,2022-09-30,437.0,call,2.05,2.12,2.08,2.15,1,129,0.21,0.10486,109,375.0
2022-06-13,2022-09-30,437.0,put,63.94,65.56,64.75,61.87,16,124,0.24902,-0.85039,109,375.0
2022-06-13,2022-09-30,438.0,call,1.94,2.01,1.97,2.04,67,174,0.21,0.10128,109,375.0
2022-06-13,2022-09-30,438.0,put,64.82,66.46,65.64,61.6,8,3480,0.24902,-0.85427,109,375.0
2022-06-13,2022-09-30,439.0,call,1.84,1.91,1.88,3.58,0,130,0.21,0.09781,109,375.0
2022-06-13,2022-09-30,439.0,put,65.72,67.37,66.55,66.77,1,100,0.24902,-0.85807,109,375.0
2022-06-13,2022-09-30,440.0,call,1.74,1.81,1.77,1.83,216,1734,0.21,0.09443,109,375.0
2022-06-13,2022-09-30,440.0,put,66.61,68.28,67.44,67.99,46,723,0.24902,-0.86179,109,375.0
2022-06-13,2022-09-30,441.0,call,1.65,1.71,1.68,1.65,2,215,0.21,0.09114,109,375.0
2022-06-13,2022-09-30,441.0,put,67.52,69.2,68.36,66.24,1,44,0.24902,-0.86544,109,375.0
2022-06-13,2022-09-30,442.0,call,1.56,1.62,1.59,1.62,4,353,0.21,0.08795,109,375.0
2022-06-13,2022-09-30,442.0,put,68.43,70.12,69.28,67.82,3,176,0.24902,-0.86901,109,375.0
2022-06-13,2022-09-30,443.0,call,1.47,1.54,1.5,1.49,4,247,0.21,0.08485,109,375.0
2022-06-13,2022-09-30,443.0,put,69.34,71.05,70.19,39.19,0,223,0.25877,-0.86218,109,375.0
2022-06-13,2022-09-30,444.0,call,1.39,1.45,1.42,1.66,1,245,0.21,0.08184,109,375.0
2022-06-13,2022-09-30,444.0,put,70.26,71.98,71.12,39.3,0,276,0.25877,-0.86567,109,375.0
2022-06-13,2022-09-30,445.0,call,1.32,1.37,1.35,1.37,18,323,0.21,0.07891,109,375.0
2022-06-13,2022-09-30,445.0,put,71.19,72.92,72.06,69.09,16,1550,0.25877,-0.86908,109,375.0
2022-06-13,2022-09-30,446.0,call,1.25,1.3,1.27,1.37,1,281,0.21,0.07607,109,375.0
2022-06-13,2022-09-30,446.0,put,72.12,73.85,72.98,51.0,0,91,0.25877,-0.87242,109,375.0
2022-06-13,2022-09-30,447.0,call,1.18,1.23,1.21,6.31,0,123,0.20024,0.0633,109,375.0
2022-06-13,2022-09-30,447.0,put,73.05,74.8,73.92,58.66,0,33,0.25877,-0.8757,109,375.0
2022-06-13,2022-09-30,448.0,call,1.12,1.15,1.14,2.24,0,175,0.20024,0.0608,109,375.0
2022-06-13,2022-09-30,448.0,put,73.99,75.75,74.87,53.66,0,81,0.25877,-0.87891,109,375.0
2022-06-13,2022-09-30,449.0,call,1.06,1.09,1.08,1.14,3,189,0.20024,0.05838,109,375.0
2022-06-13,2022-09-30,449.0,put,74.93,76.71,75.82,75.38,1,2643,0.25877,-0.88205,109,375.0
2022-06-13,2022-09-30,450.0,call,1.0,1.03,1.02,1.02,1045,10483,0.20024,0.05605,109,375.0
2022-06-13,2022-09-30,450.0,put,75.88,77.66,76.77,76.0,6,1879,0.25877,-0.88513,109,375.0
2022-06-13,2022-09-30,451.0,call,0.94,0.97,0.95,1.02,13,331,0.20024,0.0538,109,375.0
2022-06-13,2022-09-30,451.0,put,76.83,78.62,77.72,75.8,5,43,0.25877,-0.88815,109,375.0
2022-06-13,2022-09-30,452.0,call,0.89,0.92,0.91,0.96,4,3220,0.20024,0.05162,109,375.0
2022-06-13,2022-09-30,452.0,put,77.78,79.59,78.69,46.9,0,2634,0.25877,-0.8911,109,375.0
2022-06-13,2022-09-30,453.0,call,0.85,0.87,0.86,0.91,6,5974,0.20024,0.04952,109,375.0
2022-06-13,2022-09-30,453.0,put,78.74,80.55,79.64,64.68,0,291,0.26853,-0.88444,109,375.0
2022-06-13,2022-09-30,454.0,call,0.79,0.82,0.8,1.7,0,148,0.20024,0.04749,109,375.0
2022-06-13,2022-09-30,454.0,put,79.71,81.52,80.61,62.66,0,98,0.26853,-0.88734,109,375.0
2022-06-13,2022-09-30,455.0,call,0.75,0.77,0.76,0.81,159,911,0.20024,0.04553,109,375.0
2022-06-13,2022-09-30,455.0,put,80.67,82.5,81.59,66.21,0,186,0.26853,-0.89018,109,375.0
2022-06-13,2022-09-30,456.0,call,0.7,0.73,0.71,0.73,5,1460,0.20024,0.04365,109,375.0
2022-06-13,2022-09-30,456.0,put,81.64,83.47,82.56,57.0,0,159,0.26853,-0.89296,109,375.0
2022-06-13,2022-09-30,457.0,call,0.66,0.69,0.68,1.43,0,608,0.20024,0.04183,109,375.0
2022-06-13,2022-09-30,457.0,put,82.61,84.45,83.53,83.3,1,2624,0.26853,-0.89569,109,375.0
2022-06-13,2022-09-30,458.0,call,0.63,0.65,0.64,0.66,12,4755,0.20024,0.04007,109,375.0
2022-06-13,2022-09-30,458.0,put,83.59,85.43,84.51,68.0,0,28,0.26853,-0.89836,109,375.0
2022-06-13,2022-09-30,459.0,call,0.59,0.62,0.6,0.7,1,3166,0.20024,0.03838,109,375.0
2022-06-13,2022-09-30,459.0,put,84.56,86.41,85.48,86.0,3,73,0.27829,-0.89191,109,375.0
2022-06-13,2022-09-30,460.0,call,0.56,0.58,0.57,0.64,49,3310,0.20024,0.03675,109,375.0
2022-06-13,2022-09-30,460.0,put,85.54,87.4,86.47,54.31,0,382,0.27829,-0.89455,109,375.0
2022-06-13,2022-09-30,461.0,call,0.53,0.55,0.54,1.0,0,1921,0.20024,0.03519,109,375.0
2022-06-13,2022-09-30,461.0,put,86.52,88.38,87.45,50.92,0,173,0.27829,-0.89713,109,375.0
2022-06-13,2022-09-30,462.0,call,0.5,0.52,0.51,0.53,5,1076,0.20024,0.03368,109,375.0
2022-06-13,2022-09-30,462.0,put,87.51,89.37,88.44,54.26,0,450,0.27829,-0.89966,109,375.0
2022-06-13,2022-09-30,463.0,call,0.47,0.5,0.48,0.5,2,3032,0.20024,0.03222,109,375.0
2022-06-13,2022-09-30,463.0,put,88.5,90.36,89.43,74.01,0,1652,0.27829,-0.90214,109,375.0
2022-06-13,2022-09-30,464.0,call,0.45,0.47,0.46,0.54,1,3103,0.20024,0.03083,109,375.0
2022-06-13,2022-09-30,464.0,put,89.48,91.35,90.41,74.91,0,1292,0.27829,-0.90457,109,375.0
2022-06-13,2022-09-30,465.0,call,0.42,0.45,0.43,0.44,127,3174,0.20024,0.02948,109,375.0
2022-06-13,2022-09-30,465.0,put,90.47,92.34,91.41,76.65,0,926,0.28804,-0.89834,109,375.0
2022-06-13,2022-09-30,466.0,call,0.4,0.42,0.41,0.41,6,169,0.20024,0.02819,109,375.0
2022-06-13,2022-09-30,466.0,put,91.46,93.33,92.39,33.69,0,8,0.28804,-0.90074,109,375.0
2022-06-13,2022-09-30,467.0,call,0.38,0.4,0.39,0.67,0,136,0.20024,0.02695,109,375.0
2022-06-13,2022-09-30,467.0,put,92.45,94.33,93.39,54.29,0,795,0.28804,-0.9031,109,375.0
2022-06-13,2022-09-30,468.0,call,0.36,0.38,0.37,0.38,16,965,0.20024,0.02575,109,375.0
2022-06-13,2022-09-30,468.0,put,93.45,95.32,94.38,70.66,0,706,0.28804,-0.90541,109,375.0
2022-06-13,2022-09-30,469.0,call,0.34,0.36,0.35,0.35,12,2366,0.20024,0.02461,109,375.0
2022-06-13,2022-09-30,469.0,put,94.44,96.32,95.38,71.5,0,341,0.28804,-0.90767,109,375.0
2022-06-13,2022-09-30,470.0,call,0.32,0.34,0.33,0.34,94,2502,0.20024,0.0235,109,375.0
2022-06-13,2022-09-30,470.0,put,95.44,97.31,96.38,96.0,2,1204,0.2978,-0.90164,109,375.0
2022-06-13,2022-09-30,471.0,call,0.31,0.33,0.32,0.31,30,1965,0.20024,0.02245,109,375.0
2022-06-13,2022-09-30,471.0,put,96.43,98.31,97.37,59.52,0,22,0.2978,-0.90388,109,375.0
2022-06-13,2022-09-30,472.0,call,0.29,0.31,0.3,1.46,0,200,0.20024,0.02143,109,375.0
2022-06-13,2022-09-30,472.0,put,97.43,99.31,98.37,96.35,4,21,0.2978,-0.90609,109,375.0
2022-06-13,2022-09-30,473.0,call,0.28,0.3,0.29,0.31,9,3322,0.20024,0.02046,109,375.0
2022-06-13,2022-09-30,473.0,put,98.42,100.31,99.37,34.0,0,5,0.2978,-0.90825,109,375.0
2022-06-13,2022-09-30,474.0,call,0.26,0.28,0.27,0.27,12,2853,0.20024,0.01952,109,375.0
2022-06-13,2022-09-30,474.0,put,99.42,101.3,100.36,41.18,0,9,0.2978,-0.91037,109,375.0
2022-06-13,2022-09-30,475.0,call,0.25,0.27,0.26,0.27,21,1991,0.20024,0.01863,109,375.0
2022-06-13,2022-09-30,475.0,put,100.42,102.3,101.36,63.07,0,235,0.30755,-0.90452,109,375.0
2022-06-13,2022-09-30,476.0,call,0.24,0.26,0.25,0.48,0,1708,0.20024,0.01777,109,375.0
2022-06-13,2022-09-30,476.0,put,101.41,103.3,102.35,62.46,0,27,0.30755,-0.90662,109,375.0
2022-06-13,2022-09-30,477.0,call,0.23,0.25,0.24,0.96,0,4629,0.20024,0.01695,109,375.0
2022-06-13,2022-09-30,477.0,put,102.41,104.3,103.35,63.03,0,22,0.30755,-0.90869,109,375.0
2022-06-13,2022-09-30,478.0,call,0.22,0.24,0.23,0.24,2,4325,0.20024,0.01616,109,375.0
2022-06-13,2022-09-30,478.0,put,103.41,105.3,104.35,67.92,0,23,0.30755,-0.91072,109,375.0
2022-06-13,2022-09-30,479.0,call,0.21,0.23,0.22,0.39,0,1228,0.20024,0.0154,109,375.0
2022-06-13,2022-09-30,479.0,put,104.41,106.3,105.35,76.34,0,103,0.31731,-0.90501,109,375.0
2022-06-13,2022-09-30,480.0,call,0.2,0.22,0.21,0.22,52,4723,0.20024,0.01468,109,375.0
2022-06-13,2022-09-30,480.0,put,105.41,107.3,106.35,104.7,5,2096,0.31731,-0.90702,109,375.0
2022-06-13,2022-09-30,481.0,call,0.19,0.21,0.2,0.2,16,1282,0.20024,0.01399,109,375.0
2022-06-13,2022-09-30,481.0,put,106.41,108.3,107.35,82.0,0,2,0.31731,-0.909,109,375.0
2022-06-13,2022-09-30,482.0,call,0.18,0.2,0.19,0.19,1,1715,0.20024,0.01332,109,375.0
2022-06-13,2022-09-30,482.0,put,107.4,109.3,108.35,78.87,0,3,0.31731,-0.91095,109,375.0
2022-06-13,2022-09-30,483.0,call,0.17,0.19,0.18,0.53,0,1435,0.20024,0.01269,109,375.0
2022-06-13,2022-09-30,483.0,put,108.4,110.29,109.34,80.26,0,11,0.31731,-0.91286,109,375.0
2022-06-13,2022-09-30,484.0,call,0.16,0.19,0.17,0.19,160,3901,0.20024,0.01208,109,375.0
2022-06-13,2022-09-30,484.0,put,109.4,111.29,110.34,81.1,0,3,0.32707,-0.90731,109,375.0
2022-06-13,2022-09-30,485.0,call,0.16,0.18,0.17,0.17,104,277,0.20024,0.0115,109,375.0
2022-06-13,2022-09-30,485.0,put,110.4,112.29,111.34,81.77,0,4,0.32707,-0.90921,109,375.0
2022-06-13,2022-09-30,486.0,call,0.15,0.17,0.16,0.7,0,186,0.20024,0.01095,109,375.0
2022-06-13,2022-09-30,486.0,put,111.4,113.29,112.34,0.0,0,0,0.32707,-0.91108,109,375.0
2022-06-13,2022-09-30,487.0,call,0.15,0.17,0.16,0.69,0,36,0.20024,0.01042,109,375.0
2022-06-13,2022-09-30,487.0,put,112.4,114.29,113.34,84.22,0,2,0.32707,-0.91292,109,375.0
2022-06-13,2022-09-30,488.0,call,0.14,0.16,0.15,0.15,8,1366,0.20024,0.00991,109,375.0
2022-06-13,2022-09-30,488.0,put,113.4,115.29,114.34,85.17,0,1,0.32707,-0.91472,109,375.0
2022-06-13,2022-09-30,489.0,call,0.13,0.16,0.15,0.61,0,63,0.20024,0.00943,109,375.0
2022-06-13,2022-09-30,489.0,put,114.4,116.29,115.34,76.69,0,3,0.33682,-0.90932,109,375.0
2022-06-13,2022-09-30,490.0,call,0.13,0.15,0.14,0.15,391,1953,0.20024,0.00897,109,375.0
2022-06-13,2022-09-30,490.0,put,115.4,117.29,116.34,113.7,1,23,0.33682,-0.91112,109,375.0
2022-06-13,2022-09-30,491.0,call,0.12,0.15,0.14,0.63,0,84,0.21,0.01161,109,375.0
2022-06-13,2022-09-30,491.0,put,116.4,118.29,117.34,71.4,0,1,0.33682,-0.91289,109,375.0
2022-06-13,2022-09-30,492.0,call,0.12,0.14,0.13,0.12,1,218,0.20024,0.0081,109,375.0
2022-06-13,2022-09-30,492.0,put,117.4,119.29,118.34,81.39,0,5,0.33682,-0.91463,109,375.0
2022-06-13,2022-09-30,493.0,call,0.12,0.14,0.13,0.14,1,1606,0.21,0.01058,109,375.0
2022-06-13,2022-09-30,493.0,put,118.4,120.29,119.34,82.31,0,8,0.33682,-0.91634,109,375.0
2022-06-13,2022-09-30,494.0,call,0.11,0.13,0.12,0.3,0,77,0.21,0.0101,109,375.0
2022-06-13,2022-09-30,494.0,put,119.4,121.29,120.34,0.0,0,0,0.34658,-0.91108,109,375.0
2022-06-13,2022-09-30,495.0,call,0.11,0.13,0.12,0.13,4,1260,0.21,0.00963,109,375.0
2022-06-13,2022-09-30,495.0,put,120.4,122.29,121.34,84.31,0,14,0.34658,-0.91279,109,375.0
2022-06-13,2022-09-30,496.0,call,0.1,0.12,0.11,0.59,0,82,0.21,0.00919,109,375.0
2022-06-13,2022-09-30,496.0,put,121.4,123.29,122.34,58.83,0,1,0.34658,-0.91446,109,375.0
2022-06-13,2022-09-30,497.0,call,0.1,0.12,0.11,0.11,1,191,0.21,0.00876,109,375.0
2022-06-13,2022-09-30,497.0,put,122.4,124.29,123.34,74.11,0,2,0.34658,-0.91611,109,375.0
2022-06-13,2022-09-30,498.0,call,0.1,0.12,0.11,0.34,0,3103,0.21,0.00836,109,375.0
2022-06-13,2022-09-30,498.0,put,123.4,125.29,124.34,95.52,0,5,0.34658,-0.91774,109,375.0
2022-06-13,2022-09-30,499.0,call,0.09,0.11,0.1,0.35,0,559,0.21,0.00797,109,375.0
2022-06-13,2022-09-30,499.0,put,124.4,126.29,125.34,69.64,0,0,0.35633,-0.91261,109,375.0
2022-06-13,2022-09-30,500.0,call,0.1,0.11,0.11,0.11,363,5930,0.21,0.00759,109,375.0
2022-06-13,2022-09-30,500.0,put,125.4,127.29,126.34,89.2,0,31,0.35633,-0.91423,109,375.0
2022-06-13,2022-09-30,501.0,call,0.09,0.11,0.1,0.33,0,1777,0.21,0.00724,109,375.0
2022-06-13,2022-09-30,501.0,put,126.4,128.29,127.34,0.0,0,0,0.35633,-0.91583,109,375.0
2022-06-13,2022-09-30,502.0,call,0.08,0.11,0.1,0.34,0,2160,0.21,0.00689,109,375.0
2022-06-13,2022-09-30,502.0,put,127.39,129.29,128.34,0.0,0,0,0.35633,-0.9174,109,375.0
2022-06-13,2022-09-30,503.0,call,0.08,0.1,0.09,0.09,1,3296,0.21,0.00657,109,375.0
2022-06-13,2022-09-30,503.0,put,128.39,130.29,129.34,0.0,0,0,0.35633,-0.91894,109,375.0
2022-06-13,2022-09-30,504.0,call,0.08,0.1,0.09,0.28,0,952,0.21,0.00626,109,375.0
2022-06-13,2022-09-30,504.0,put,129.39,131.29,130.34,0.0,0,0,0.35633,-0.92046,109,375.0
2022-06-13,2022-09-30,505.0,call,0.08,0.1,0.09,0.08,8,2894,0.21,0.00596,109,375.0
2022-06-13,2022-09-30,505.0,put,130.39,132.29,131.34,0.0,0,0,0.36609,-0.91548,109,375.0
2022-06-13,2022-09-30,506.0,call,0.07,0.1,0.09,0.19,0,2993,0.21,0.00567,109,375.0
2022-06-13,2022-09-30,506.0,put,131.39,133.29,132.34,0.0,0,0,0.36609,-0.91701,109,375.0
2022-06-13,2022-09-30,507.0,call,0.07,0.09,0.08,0.1,150,288,0.21,0.0054,109,375.0
2022-06-13,2022-09-30,507.0,put,132.39,134.29,133.34,101.61,0,50,0.36609,-0.9185,109,375.0
2022-06-13,2022-09-30,508.0,call,0.07,0.09,0.08,0.25,0,717,0.21,0.00514,109,375.0
2022-06-13,2022-09-30,508.0,put,133.39,135.29,134.34,102.61,0,52,0.36609,-0.91998,109,375.0
2022-06-13,2022-09-30,510.0,call,0.06,0.09,0.07,0.2,0,2677,0.21,0.00465,109,375.0
2022-06-13,2022-09-30,510.0,put,135.39,137.29,136.34,106.72,0,8,0.37584,-0.91656,109,375.0
2022-06-13,2022-09-30,512.0,call,0.06,0.08,0.07,0.1,0,2900,0.21975,0.006,109,375.0
2022-06-13,2022-09-30,512.0,put,137.39,139.29,138.34,109.37,0,2,0.37584,-0.91945,109,375.0
2022-06-13,2022-09-30,515.0,call,0.05,0.08,0.07,0.09,0,4851,0.21975,0.00522,109,375.0
2022-06-13,2022-09-30,515.0,put,140.39,142.29,141.34,112.36,0,3,0.3856,-0.91749,109,375.0
2022-06-13,2022-09-30,520.0,call,0.05,0.07,0.06,0.05,1,2665,0.21975,0.00413,109,375.0
2022-06-13,2022-09-30,520.0,put,145.39,147.28,146.33,117.36,0,8,0.3856,-0.92425,109,375.0
2022-06-13,2022-09-30,525.0,call,0.04,0.06,0.05,0.06,0,3255,0.21975,0.00325,109,375.0
2022-06-13,2022-09-30,525.0,put,150.39,152.28,151.33,122.37,0,3,0.39536,-0.92477,109,375.0
2022-06-13,2022-09-30,530.0,call,0.03,0.05,0.04,0.05,0,2258,0.21975,0.00255,109,375.0
2022-06-13,2022-09-30,530.0,put,155.39,157.28,156.33,72.7,0,13,0.40511,-0.92518,109,375.0
2022-06-13,2022-09-30,535.0,call,0.03,0.05,0.04,0.02,2,1856,0.22951,0.00297,109,375.0
2022-06-13,2022-09-30,535.0,put,160.38,162.28,161.33,75.42,0,1,0.41487,-0.9255,109,375.0
2022-06-13,2022-09-30,540.0,call,0.02,0.04,0.03,0.04,35,3140,0.22951,0.00236,109,375.0
2022-06-13,2022-09-30,540.0,put,165.38,167.28,166.33,0.0,0,0,0.42462,-0.92573,109,375.0
2022-06-13,2022-09-30,545.0,call,0.02,0.04,0.03,0.02,2,1696,0.22951,0.00188,109,375.0
2022-06-13,2022-09-30,545.0,put,170.38,172.28,171.33,110.9,0,1,0.43438,-0.92589,109,375.0
2022-06-13,2022-09-30,550.0,call,0.02,0.04,0.03,0.02,5,6844,0.23926,0.00222,109,375.0
2022-06-13,2022-09-30,550.0,put,175.38,177.27,176.32,136.33,0,1,0.44414,-0.92597,109,375.0
2022-06-13,2022-09-30,555.0,call,0.02,0.03,0.03,0.03,246,380,0.23926,0.00178,109,375.0
2022-06-13,2022-09-30,555.0,put,180.38,182.27,181.32,140.5,0,25,0.45389,-0.92599,109,375.0
2022-06-13,2022-09-30,560.0,call,0.01,0.03,0.02,0.04,0,1250,0.23926,0.00143,109,375.0
2022-06-13,2022-09-30,560.0,put,185.38,187.27,186.32,0.0,0,0,0.45389,-0.93093,109,375.0
2022-06-13,2022-09-30,565.0,put,190.37,192.27,191.32,0.0,0,0,0.46365,-0.93074,109,375.0
2022-06-13,2022-09-30,570.0,put,195.37,197.27,196.32,0.0,0,0,0.4734,-0.93051,109,375.0
2022-06-13,2022-09-30,575.0,put,200.37,202.27,201.32,111.08,0,0,0.48316,-0.93023,109,375.0
2022-06-13,2022-09-30,580.0,call,0.01,0.02,0.01,0.02,0,1575,0.24902,0.00091,109,375.0
2022-06-13,2022-09-30,580.0,put,205.37,207.27,206.32,177.41,0,2,0.49292,-0.92991,109,375.0
2022-06-13,2022-09-30,585.0,put,210.37,212.26,211.31,139.39,0,25,0.49292,-0.93409,109,375.0
2022-06-13,2022-09-30,590.0,put,215.37,217.26,216.31,144.35,0,25,0.50267,-0.93364,109,375.0
2022-06-13,2022-09-30,595.0,put,220.36,222.26,221.31,149.31,0,25,0.51243,-0.93315,109,375.0
2022-06-13,2022-09-30,600.0,call,0.01,0.02,0.01,0.01,0,1361,0.25877,0.00061,109,375.0
2022-06-13,2022-09-30,600.0,put,225.36,227.26,226.31,154.28,0,25,0.52218,-0.93263,109,375.0
2022-06-13,2022-09-30,605.0,put,230.36,232.26,231.31,159.25,0,25,0.53194,-0.93209,109,375.0
2022-06-13,2022-10-21,205.0,call,169.6,171.65,170.62,0.0,0,0,0.32707,0.99933,130,375.0
2022-06-13,2022-10-21,205.0,put,1.25,1.28,1.27,1.13,89,645,0.56121,-0.02388,130,375.0
2022-06-13,2022-10-21,210.0,call,164.71,166.72,165.72,0.0,0,0,0.37584,0.99664,130,375.0
2022-06-13,2022-10-21,210.0,put,1.36,1.38,1.37,0.69,0,23,0.55145,-0.02647,130,375.0
2022-06-13,2022-10-21,215.0,call,159.84,161.84,160.84,0.0,0,0,0.39536,0.99358,130,375.0
2022-06-13,2022-10-21,215.0,put,1.47,1.49,1.48,0.93,0,12,0.54169,-0.02928,130,375.0
2022-06-13,2022-10-21,220.0,call,154.98,156.97,155.97,0.0,0,0,0.40511,0.99033,130,375.0
2022-06-13,2022-10-21,220.0,put,1.58,1.61,1.6,1.46,79,1005,0.52218,-0.03029,130,375.0
2022-06-13,2022-10-21,225.0,call,150.13,152.13,151.13,0.0,0,0,0.41487,0.98606,130,375.0
2022-06-13,2022-10-21,225.0,put,1.71,1.74,1.73,1.51,2,44,0.51243,-0.0334,130,375.0
2022-06-13,2022-10-21,230.0,call,145.29,147.28,146.28,181.79,0,1,0.41487,0.98258,130,375.0
2022-06-13,2022-10-21,230.0,put,1.85,1.88,1.86,1.83,10,30,0.50267,-0.03678,130,375.0
2022-06-13,2022-10-21,235.0,call,140.46,142.41,141.44,0.0,0,0,0.40511,0.98059,130,375.0
2022-06-13,2022-10-21,235.0,put,2.0,2.03,2.01,2.07,105,815,0.49292,-0.04042,130,375.0
2022-06-13,2022-10-21,240.0,call,135.64,137.61,136.62,0.0,0,0,0.40511,0.97609,130,375.0
2022-06-13,2022-10-21,240.0,put,2.17,2.2,2.19,2.14,3,29,0.48316,-0.04436,130,375.0
2022-06-13,2022-10-21,245.0,call,130.85,132.79,131.82,0.0,0,0,0.40511,0.97087,130,375.0
2022-06-13,2022-10-21,245.0,put,2.34,2.38,2.36,2.24,100,159,0.4734,-0.04862,130,375.0
2022-06-13,2022-10-21,250.0,call,126.06,127.99,127.03,0.0,0,0,0.39536,0.96777,130,375.0
2022-06-13,2022-10-21,250.0,put,2.53,2.57,2.55,2.5,117,253,0.46365,-0.05322,130,375.0
2022-06-13,2022-10-21,255.0,call,121.3,123.2,122.25,0.0,0,0,0.39536,0.96122,130,375.0
2022-06-13,2022-10-21,255.0,put,2.74,2.78,2.76,2.74,117,139,0.45389,-0.0582,130,375.0
2022-06-13,2022-10-21,260.0,call,116.56,118.44,117.5,116.85,1,0,0.3856,0.95723,130,375.0
2022-06-13,2022-10-21,260.0,put,2.97,3.01,2.99,3.01,111,1,0.44414,-0.06358,130,375.0
2022-06-13,2022-10-21,265.0,call,111.84,113.69,112.77,0.0,0,0,0.3856,0.94915,130,375.0
2022-06-13,2022-10-21,265.0,put,3.23,3.27,3.25,3.01,289,15,0.43438,-0.06939,130,375.0
2022-06-13,2022-10-21,270.0,call,107.14,108.97,108.06,0.0,0,0,0.37584,0.94407,130,375.0
2022-06-13,2022-10-21,270.0,put,3.51,3.55,3.53,3.6,85,267,0.42462,-0.07569,130,375.0
2022-06-13,2022-10-21,275.0,call,102.48,104.28,103.38,0.0,0,0,0.37584,0.93423,130,375.0
2022-06-13,2022-10-21,275.0,put,3.82,3.86,3.84,3.88,30,38,0.41487,-0.0825,130,375.0
2022-06-13,2022-10-21,280.0,call,97.86,99.62,98.74,0.0,0,0,0.36609,0.92784,130,375.0
2022-06-13,2022-10-21,280.0,put,4.16,4.21,4.19,3.71,256,1728,0.40511,-0.08989,130,375.0
2022-06-13,2022-10-21,285.0,call,93.27,94.99,94.13,0.0,0,0,0.36609,0.91604,130,375.0
2022-06-13,2022-10-21,285.0,put,4.54,4.6,4.57,4.51,2985,37,0.39536,-0.0979,130,375.0
2022-06-13,2022-10-21,290.0,call,88.73,90.41,89.57,0.0,0,0,0.35633,0.90807,130,375.0
2022-06-13,2022-10-21,290.0,put,4.96,5.03,5.0,5.09,232,164,0.3856,-0.10659,130,375.0
2022-06-13,2022-10-21,295.0,call,84.24,85.87,85.06,0.0,0,0,0.34658,0.89934,130,375.0
2022-06-13,2022-10-21,295.0,put,5.43,5.5,5.46,5.38,5,21,0.37584,-0.11602,130,375.0
2022-06-13,2022-10-21,300.0,call,79.81,81.38,80.59,112.53,0,1,0.34658,0.88426,130,375.0
2022-06-13,2022-10-21,300.0,put,5.96,6.03,6.0,6.13,369,738,0.37584,-0.13132,130,375.0
2022-06-13,2022-10-21,305.0,call,75.43,76.95,76.19,0.0,0,0,0.33682,0.8735,130,375.0
2022-06-13,2022-10-21,305.0,put,6.54,6.62,6.58,6.76,10,86,0.36609,-0.14266,130,375.0
2022-06-13,2022-10-21,310.0,call,71.13,72.59,71.86,0.0,0,0,0.33682,0.85592,130,375.0
2022-06-13,2022-10-21,310.0,put,7.2,7.28,7.24,7.34,55,82,0.35633,-0.15497,130,375.0
2022-06-13,2022-10-21,315.0,call,66.9,68.31,67.61,0.0,0,0,0.32707,0.84279,130,375.0
2022-06-13,2022-10-21,315.0,put,7.93,8.02,7.97,8.15,51,114,0.35633,-0.17358,130,375.0
2022-06-13,2022-10-21,320.0,call,62.76,64.1,63.43,62.36,1,0,0.32707,0.8226,130,375.0
2022-06-13,2022-10-21,320.0,put,8.75,8.83,8.79,9.02,245,458,0.34658,-0.18821,130,375.0
2022-06-13,2022-10-21,325.0,call,58.71,59.98,59.34,0.0,0,0,0.31731,0.80675,130,375.0
2022-06-13,2022-10-21,325.0,put,9.65,9.72,9.69,9.66,971,825,0.33682,-0.20409,130,375.0
2022-06-13,2022-10-21,330.0,call,54.76,55.96,55.36,83.6,0,15,0.31731,0.78387,130,375.0
2022-06-13,2022-10-21,330.0,put,10.64,10.74,10.69,10.77,98,115,0.33682,-0.22628,130,375.0
2022-06-13,2022-10-21,335.0,call,50.91,52.04,51.47,0.0,0,0,0.30755,0.76498,130,375.0
2022-06-13,2022-10-21,335.0,put,11.74,11.84,11.79,11.82,4197,662,0.32707,-0.2449,130,375.0
2022-06-13,2022-10-21,340.0,call,47.17,48.23,47.7,48.29,3,5,0.30755,0.73947,130,375.0
2022-06-13,2022-10-21,340.0,put,12.95,13.05,13.0,13.26,171,391,0.31731,-0.2651,130,375.0
2022-06-13,2022-10-21,345.0,call,43.55,44.53,44.04,0.0,0,0,0.2978,0.71724,130,375.0
2022-06-13,2022-10-21,345.0,put,14.27,14.38,14.32,14.45,210,224,0.31731,-0.29095,130,375.0
2022-06-13,2022-10-21,350.0,call,40.04,40.97,40.5,40.67,27,19,0.2978,0.68924,130,375.0
2022-06-13,2022-10-21,350.0,put,15.73,15.85,15.79,16.0,981,545,0.30755,-0.31428,130,375.0
2022-06-13,2022-10-21,351.0,call,39.36,40.27,39.81,0.0,0,0,0.2978,0.68355,130,375.0
2022-06-13,2022-10-21,351.0,put,16.02,16.14,16.08,16.35,3,261,0.30755,-0.31981,130,375.0
2022-06-13,2022-10-21,352.0,call,38.68,39.57,39.12,0.0,0,0,0.2978,0.67783,130,375.0
2022-06-13,2022-10-21,352.0,put,16.33,16.45,16.39,15.35,51,113,0.30755,-0.32537,130,375.0
2022-06-13,2022-10-21,353.0,call,38.0,38.89,38.45,0.0,0,0,0.28804,0.67539,130,375.0
2022-06-13,2022-10-21,353.0,put,16.64,16.76,16.7,16.02,11,165,0.30755,-0.33096,130,375.0
2022-06-13,2022-10-21,354.0,call,37.33,38.2,37.77,0.0,0,0,0.28804,0.66945,130,375.0
2022-06-13,2022-10-21,354.0,put,16.96,17.08,17.02,15.42,4,1381,0.30755,-0.33657,130,375.0
2022-06-13,2022-10-21,355.0,call,36.66,37.52,37.09,0.0,0,0,0.28804,0.66348,130,375.0
2022-06-13,2022-10-21,355.0,put,17.3,17.42,17.36,16.06,35,199,0.30755,-0.34219,130,375.0
2022-06-13,2022-10-21,356.0,call,36.0,36.85,36.42,0.0,0,0,0.28804,0.65749,130,375.0
2022-06-13,2022-10-21,356.0,put,17.61,17.74,17.67,11.58,0,325,0.30755,-0.34784,130,375.0
2022-06-13,2022-10-21,357.0,call,35.35,36.16,35.75,35.75,1,0,0.28804,0.65147,130,375.0
2022-06-13,2022-10-21,357.0,put,17.95,18.07,18.01,17.09,106,148,0.30755,-0.3535,130,375.0
2022-06-13,2022-10-21,358.0,call,34.7,35.5,35.1,35.35,4,0,0.28804,0.64544,130,375.0
2022-06-13,2022-10-21,358.0,put,18.29,18.41,18.35,17.3,2,97,0.30755,-0.35919,130,375.0
2022-06-13,2022-10-21,359.0,call,34.05,34.86,34.45,0.0,0,0,0.28804,0.63938,130,375.0
2022-06-13,2022-10-21,359.0,put,18.63,18.76,18.7,18.73,5,215,0.2978,-0.36285,130,375.0
2022-06-13,2022-10-21,360.0,call,33.41,34.19,33.8,35.61,10,9,0.28804,0.63331,130,375.0
2022-06-13,2022-10-21,360.0,put,19.0,19.13,19.06,19.48,103,549,0.2978,-0.36874,130,375.0
2022-06-13,2022-10-21,361.0,call,32.78,33.54,33.16,33.25,7,0,0.28804,0.62721,130,375.0
2022-06-13,2022-10-21,361.0,put,19.34,19.46,19.4,19.6,2,83,0.2978,-0.37464,130,375.0
2022-06-13,2022-10-21,362.0,call,32.15,32.92,32.53,0.0,0,0,0.28804,0.62111,130,375.0
2022-06-13,2022-10-21,362.0,put,19.7,19.83,19.77,12.92,0,132,0.2978,-0.38056,130,375.0
2022-06-13,2022-10-21,363.0,call,31.52,32.27,31.9,32.12,7,0,0.28804,0.61499,130,375.0
2022-06-13,2022-10-21,363.0,put,20.06,20.18,20.12,10.69,0,104,0.2978,-0.38648,130,375.0
2022-06-13,2022-10-21,364.0,call,30.9,31.63,31.27,31.37,4,0,0.27829,0.6103,130,375.0
2022-06-13,2022-10-21,364.0,put,20.44,20.56,20.5,19.5,2,28,0.2978,-0.39242,130,375.0
2022-06-13,2022-10-21,365.0,call,30.29,31.01,30.65,33.45,1,0,0.27829,0.60395,130,375.0
2022-06-13,2022-10-21,365.0,put,20.83,20.96,20.89,20.8,4064,257,0.2978,-0.39837,130,375.0
2022-06-13,2022-10-21,366.0,call,29.68,30.39,30.04,0.0,0,0,0.27829,0.59759,130,375.0
2022-06-13,2022-10-21,366.0,put,21.2,21.33,21.27,14.24,0,551,0.2978,-0.40432,130,375.0
2022-06-13,2022-10-21,367.0,call,29.08,29.77,29.42,37.93,0,1,0.27829,0.59122,130,375.0
2022-06-13,2022-10-21,367.0,put,21.59,21.71,21.65,20.49,79,74,0.2978,-0.41028,130,375.0
2022-06-13,2022-10-21,368.0,call,28.48,29.11,28.8,0.0,0,0,0.27829,0.58484,130,375.0
2022-06-13,2022-10-21,368.0,put,21.98,22.1,22.04,20.75,12,21,0.2978,-0.41624,130,375.0
2022-06-13,2022-10-21,369.0,call,27.89,28.53,28.21,29.7,101,0,0.27829,0.57846,130,375.0
2022-06-13,2022-10-21,369.0,put,22.38,22.5,22.44,21.67,67,38,0.28804,-0.42192,130,375.0
2022-06-13,2022-10-21,370.0,call,27.3,27.93,27.62,48.41,0,19,0.27829,0.57208,130,375.0
2022-06-13,2022-10-21,370.0,put,22.8,22.93,22.87,22.86,275,999,0.28804,-0.42809,130,375.0
2022-06-13,2022-10-21,371.0,call,26.72,27.35,27.04,0.0,0,0,0.27829,0.56569,130,375.0
2022-06-13,2022-10-21,371.0,put,23.19,23.32,23.26,22.07,11,1317,0.28804,-0.43426,130,375.0
2022-06-13,2022-10-21,372.0,call,26.14,26.76,26.45,27.78,8,0,0.27829,0.5593,130,375.0
2022-06-13,2022-10-21,372.0,put,23.61,23.73,23.67,23.92,91,21,0.28804,-0.44043,130,375.0
2022-06-13,2022-10-21,373.0,call,25.57,26.18,25.88,0.0,0,0,0.27829,0.55292,130,375.0
2022-06-13,2022-10-21,373.0,put,24.03,24.16,24.09,24.44,77,49,0.28804,-0.4466,130,375.0
2022-06-13,2022-10-21,374.0,call,25.01,25.62,25.32,25.26,41,7,0.26853,0.54587,130,375.0
2022-06-13,2022-10-21,374.0,put,24.46,24.59,24.52,24.95,38,247,0.28804,-0.45276,130,375.0
2022-06-13,2022-10-21,375.0,call,24.45,25.05,24.75,24.3,48,2,0.26853,0.53926,130,375.0
2022-06-13,2022-10-21,375.0,put,24.91,25.05,24.98,24.97,247,1190,0.28804,-0.45892,130,375.0
2022-06-13,2022-10-21,376.0,call,23.9,24.5,24.2,24.09,14,1,0.26853,0.53266,130,375.0
2022-06-13,2022-10-21,376.0,put,25.34,25.46,25.4,24.95,40,41,0.28804,-0.46508,130,375.0
2022-06-13,2022-10-21,377.0,call,23.35,23.95,23.65,24.17,52,0,0.26853,0.52607,130,375.0
2022-06-13,2022-10-21,377.0,put,25.78,25.91,25.84,23.69,138,565,0.28804,-0.47122,130,375.0
2022-06-13,2022-10-21,378.0,call,22.81,23.39,23.1,23.61,14,11,0.26853,0.51948,130,375.0
2022-06-13,2022-10-21,378.0,put,26.24,26.37,26.3,26.37,155,183,0.28804,-0.47735,130,375.0
2022-06-13,2022-10-21,379.0,call,22.44,22.57,22.51,22.48,15,0,0.26853,0.51291,130,375.0
2022-06-13,2022-10-21,379.0,put,26.7,26.83,26.77,25.56,85,347,0.27829,-0.48526,130,375.0
2022-06-13,2022-10-21,380.0,call,21.87,22.02,21.95,21.51,1731,22,0.26853,0.50635,130,375.0
2022-06-13,2022-10-21,380.0,put,27.19,27.33,27.26,27.27,1770,713,0.27829,-0.49159,130,375.0
2022-06-13,2022-10-21,381.0,call,21.37,21.51,21.44,22.68,157,6,0.26853,0.49981,130,375.0
2022-06-13,2022-10-21,381.0,put,27.64,27.77,27.7,26.96,88,191,0.27829,-0.4979,130,375.0
2022-06-13,2022-10-21,382.0,call,20.85,20.99,20.92,21.83,106,0,0.26853,0.49329,130,375.0
2022-06-13,2022-10-21,382.0,put,28.11,28.25,28.18,26.67,4,397,0.27829,-0.5042,130,375.0
2022-06-13,2022-10-21,383.0,call,20.33,20.47,20.4,21.27,24,2,0.25877,0.48392,130,375.0
2022-06-13,2022-10-21,383.0,put,28.6,28.74,28.67,27.51,31,381,0.27829,-0.51048,130,375.0
2022-06-13,2022-10-21,384.0,call,19.82,19.96,19.89,20.83,5,1,0.25877,0.47719,130,375.0
2022-06-13,2022-10-21,384.0,put,29.09,29.22,29.16,28.8,34,157,0.27829,-0.51674,130,375.0
2022-06-13,2022-10-21,385.0,call,19.29,19.44,19.37,19.7,389,6,0.25877,0.47049,130,375.0
2022-06-13,2022-10-21,385.0,put,29.61,29.76,29.69,28.54,443,1256,0.27829,-0.52298,130,375.0
2022-06-13,2022-10-21,386.0,call,18.83,18.96,18.89,20.39,65,0,0.25877,0.46381,130,375.0
2022-06-13,2022-10-21,386.0,put,30.09,30.22,30.16,28.57,32,207,0.27829,-0.52919,130,375.0
2022-06-13,2022-10-21,387.0,call,18.34,18.47,18.41,20.0,1,1,0.25877,0.45716,130,375.0
2022-06-13,2022-10-21,387.0,put,30.6,30.74,30.67,28.71,3,149,0.27829,-0.53539,130,375.0
2022-06-13,2022-10-21,388.0,call,17.85,17.99,17.92,19.22,2,2,0.25877,0.45053,130,375.0
2022-06-13,2022-10-21,388.0,put,31.12,31.25,31.19,27.84,7,468,0.27829,-0.54156,130,375.0
2022-06-13,2022-10-21,389.0,call,17.38,17.51,17.45,25.96,0,14,0.25877,0.44394,130,375.0
2022-06-13,2022-10-21,389.0,put,31.64,31.78,31.71,31.35,147,200,0.26853,-0.55177,130,375.0
2022-06-13,2022-10-21,390.0,call,16.88,17.02,16.95,17.09,91,79,0.25877,0.43738,130,375.0
2022-06-13,2022-10-21,390.0,put,32.2,32.34,32.27,32.4,176,636,0.26853,-0.5581,130,375.0
2022-06-13,2022-10-21,391.0,call,16.44,16.57,16.51,16.7,52,4,0.25877,0.43086,130,375.0
2022-06-13,2022-10-21,391.0,put,32.71,32.85,32.78,30.43,8,188,0.26853,-0.5644,130,375.0
2022-06-13,2022-10-21,392.0,call,15.99,16.11,16.05,15.92,39,0,0.24902,0.41913,130,375.0
2022-06-13,2022-10-21,392.0,put,33.26,33.39,33.33,24.58,0,94,0.26853,-0.57067,130,375.0
2022-06-13,2022-10-21,393.0,call,15.54,15.66,15.6,15.93,59,2,0.24902,0.41244,130,375.0
2022-06-13,2022-10-21,393.0,put,33.42,34.35,33.89,30.57,10,156,0.26853,-0.5769,130,375.0
2022-06-13,2022-10-21,394.0,call,15.09,15.22,15.16,15.35,33,0,0.24902,0.40579,130,375.0
2022-06-13,2022-10-21,394.0,put,33.97,34.92,34.45,26.04,0,58,0.26853,-0.5831,130,375.0
2022-06-13,2022-10-21,395.0,call,14.63,14.76,14.7,14.61,229,60,0.24902,0.39919,130,375.0
2022-06-13,2022-10-21,395.0,put,34.52,35.49,35.01,34.0,82,543,0.26853,-0.58926,130,375.0
2022-06-13,2022-10-21,396.0,call,14.22,14.35,14.29,15.07,219,1,0.24902,0.39264,130,375.0
2022-06-13,2022-10-21,396.0,put,35.09,36.07,35.58,26.08,0,27,0.26853,-0.59539,130,375.0
2022-06-13,2022-10-21,397.0,call,13.8,13.93,13.87,14.7,4,1,0.24902,0.38613,130,375.0
2022-06-13,2022-10-21,397.0,put,35.66,36.65,36.16,34.4,1,97,0.26853,-0.60147,130,375.0
2022-06-13,2022-10-21,398.0,call,13.39,13.51,13.45,15.71,4,134,0.24902,0.37967,130,375.0
2022-06-13,2022-10-21,398.0,put,36.24,37.25,36.75,19.04,0,11,0.26853,-0.60752,130,375.0
2022-06-13,2022-10-21,399.0,call,12.98,13.1,13.04,19.9,0,338,0.24902,0.37326,130,375.0
2022-06-13,2022-10-21,399.0,put,36.82,37.85,37.34,19.43,0,41,0.26853,-0.61353,130,375.0
2022-06-13,2022-10-21,400.0,call,12.55,12.68,12.62,12.73,138,57,0.24902,0.3669,130,375.0
2022-06-13,2022-10-21,400.0,put,37.41,38.46,37.94,39.5,141,980,0.25877,-0.6261,130,375.0
2022-06-13,2022-10-21,401.0,call,12.18,12.3,12.24,14.35,99,6,0.24902,0.36059,130,375.0
2022-06-13,2022-10-21,401.0,put,38.0,39.07,38.53,28.47,0,82,0.25877,-0.63221,130,375.0
2022-06-13,2022-10-21,402.0,call,11.8,11.92,11.86,12.15,1,5,0.23926,0.34649,130,375.0
2022-06-13,2022-10-21,402.0,put,38.61,39.7,39.16,38.04,3,3,0.25877,-0.63827,130,375.0
2022-06-13,2022-10-21,403.0,call,11.42,11.53,11.47,11.92,11,0,0.23926,0.34009,130,375.0
2022-06-13,2022-10-21,403.0,put,39.23,40.33,39.78,20.35,0,2,0.25877,-0.64428,130,375.0
2022-06-13,2022-10-21,404.0,call,11.05,11.16,11.11,11.03,285,0,0.23926,0.33376,130,375.0
2022-06-13,2022-10-21,404.0,put,39.85,40.97,40.41,29.76,0,21,0.25877,-0.65024,130,375.0
2022-06-13,2022-10-21,405.0,call,10.68,10.79,10.73,11.72,158,9,0.23926,0.32748,130,375.0
2022-06-13,2022-10-21,405.0,put,40.47,41.61,41.04,41.31,21,212,0.25877,-0.65615,130,375.0
2022-06-13,2022-10-21,406.0,call,10.32,10.44,10.38,10.31,49,3,0.23926,0.32127,130,375.0
2022-06-13,2022-10-21,406.0,put,41.11,42.27,41.69,37.6,6,23,0.25877,-0.66201,130,375.0
2022-06-13,2022-10-21,407.0,call,9.97,10.09,10.03,10.98,48,9,0.23926,0.31512,130,375.0
2022-06-13,2022-10-21,407.0,put,41.75,42.93,42.34,31.96,0,20,0.25877,-0.66781,130,375.0
2022-06-13,2022-10-21,408.0,call,9.63,9.75,9.69,10.66,189,4,0.23926,0.30904,130,375.0
2022-06-13,2022-10-21,408.0,put,42.4,43.6,43.0,39.13,1,15,0.25877,-0.67356,130,375.0
2022-06-13,2022-10-21,409.0,call,9.3,9.41,9.36,10.26,144,7,0.23926,0.30303,130,375.0
2022-06-13,2022-10-21,409.0,put,43.06,44.28,43.67,42.93,2,21,0.25877,-0.67926,130,375.0
2022-06-13,2022-10-21,410.0,call,8.96,9.08,9.02,9.08,285,717,0.23926,0.29708,130,375.0
2022-06-13,2022-10-21,410.0,put,43.72,44.96,44.34,42.03,48,1054,0.25877,-0.68489,130,375.0
2022-06-13,2022-10-21,411.0,call,8.66,8.77,8.71,9.17,143,411,0.22951,0.28123,130,375.0
2022-06-13,2022-10-21,411.0,put,44.4,45.66,45.03,41.62,1,124,0.25877,-0.69048,130,375.0
2022-06-13,2022-10-21,412.0,call,8.34,8.46,8.4,8.61,118,357,0.22951,0.27528,130,375.0
2022-06-13,2022-10-21,412.0,put,45.08,46.36,45.72,43.82,11,330,0.24902,-0.70505,130,375.0
2022-06-13,2022-10-21,413.0,call,8.04,8.15,8.09,8.24,211,249,0.22951,0.2694,130,375.0
2022-06-13,2022-10-21,413.0,put,45.76,47.06,46.41,43.5,2,97,0.24902,-0.71065,130,375.0
2022-06-13,2022-10-21,414.0,call,7.74,7.85,7.79,9.05,3,117,0.22951,0.2636,130,375.0
2022-06-13,2022-10-21,414.0,put,46.46,47.77,47.12,47.0,8,169,0.24902,-0.71619,130,375.0
2022-06-13,2022-10-21,415.0,call,7.44,7.56,7.5,7.5,53,3734,0.22951,0.25788,130,375.0
2022-06-13,2022-10-21,415.0,put,47.16,48.5,47.83,45.0,7,1162,0.24902,-0.72166,130,375.0
2022-06-13,2022-10-21,416.0,call,7.18,7.28,7.23,7.58,4,83,0.22951,0.25223,130,375.0
2022-06-13,2022-10-21,416.0,put,47.87,49.23,48.55,24.37,0,2,0.24902,-0.72707,130,375.0
2022-06-13,2022-10-21,417.0,call,6.9,7.01,6.96,7.69,114,141,0.22951,0.24667,130,375.0
2022-06-13,2022-10-21,417.0,put,48.59,49.97,49.28,38.17,0,68,0.24902,-0.73242,130,375.0
2022-06-13,2022-10-21,418.0,call,6.64,6.74,6.69,10.93,0,10,0.22951,0.24119,130,375.0
2022-06-13,2022-10-21,418.0,put,49.32,50.72,50.02,26.36,0,31,0.24902,-0.7377,130,375.0
2022-06-13,2022-10-21,419.0,call,6.38,6.48,6.43,6.4,1,4,0.22951,0.23578,130,375.0
2022-06-13,2022-10-21,419.0,put,50.05,51.47,50.76,30.22,0,33,0.24902,-0.74291,130,375.0
2022-06-13,2022-10-21,420.0,call,6.12,6.22,6.17,6.15,109,2458,0.22951,0.23046,130,375.0
2022-06-13,2022-10-21,420.0,put,50.79,52.23,51.51,51.34,11,182,0.24902,-0.74805,130,375.0
2022-06-13,2022-10-21,421.0,call,5.88,5.98,5.93,6.05,12,173,0.21975,0.21355,130,375.0
2022-06-13,2022-10-21,421.0,put,51.54,53.0,52.27,50.3,1,0,0.24902,-0.75313,130,375.0
2022-06-13,2022-10-21,422.0,call,5.65,5.75,5.7,18.44,0,2,0.21975,0.20832,130,375.0
2022-06-13,2022-10-21,422.0,put,52.3,53.78,53.04,0.0,0,0,0.24902,-0.75814,130,375.0
2022-06-13,2022-10-21,423.0,call,5.42,5.52,5.47,5.52,6,6,0.21975,0.20319,130,375.0
2022-06-13,2022-10-21,423.0,put,53.06,54.56,53.81,49.06,1,0,0.24902,-0.76309,130,375.0
2022-06-13,2022-10-21,424.0,call,5.19,5.29,5.24,0.0,0,0,0.21975,0.19814,130,375.0
2022-06-13,2022-10-21,424.0,put,53.83,55.34,54.59,29.0,0,1,0.24902,-0.76796,130,375.0
2022-06-13,2022-10-21,425.0,call,4.97,5.07,5.02,5.09,2835,51,0.21975,0.19317,130,375.0
2022-06-13,2022-10-21,425.0,put,54.6,56.14,55.37,52.45,17,37,0.24902,-0.77277,130,375.0
2022-06-13,2022-10-21,426.0,call,4.77,4.86,4.81,5.1,2,3,0.21975,0.1883,130,375.0
2022-06-13,2022-10-21,426.0,put,55.39,56.95,56.17,0.0,0,0,0.24902,-0.77751,130,375.0
2022-06-13,2022-10-21,427.0,call,4.57,4.66,4.62,5.11,106,1,0.21975,0.18351,130,375.0
2022-06-13,2022-10-21,427.0,put,56.18,57.76,56.97,45.06,0,11,0.24902,-0.78219,130,375.0
2022-06-13,2022-10-21,428.0,call,4.37,4.46,4.42,13.12,0,50,0.21975,0.17881,130,375.0
2022-06-13,2022-10-21,428.0,put,56.98,58.58,57.78,0.0,0,0,0.24902,-0.78679,130,375.0
2022-06-13,2022-10-21,429.0,call,4.18,4.27,4.22,5.08,1,0,0.21975,0.1742,130,375.0
2022-06-13,2022-10-21,429.0,put,57.78,59.41,58.59,0.0,0,0,0.24902,-0.79133,130,375.0
2022-06-13,2022-10-21,430.0,call,4.0,4.09,4.04,4.48,93,290,0.21975,0.16968,130,375.0
2022-06-13,2022-10-21,430.0,put,58.6,60.24,59.42,57.7,6,16,0.24902,-0.7958,130,375.0
2022-06-13,2022-10-21,431.0,call,3.82,3.91,3.87,4.04,3,24,0.21975,0.16524,130,375.0
2022-06-13,2022-10-21,431.0,put,59.42,61.08,60.25,0.0,0,0,0.24902,-0.8002,130,375.0
2022-06-13,2022-10-21,432.0,call,3.66,3.74,3.7,3.67,2035,1,0.21975,0.16088,130,375.0
2022-06-13,2022-10-21,432.0,put,60.24,61.91,61.08,0.0,0,0,0.24902,-0.80454,130,375.0
2022-06-13,2022-10-21,433.0,call,3.49,3.58,3.54,4.02,99,3,0.21,0.14428,130,375.0
2022-06-13,2022-10-21,433.0,put,61.07,62.77,61.92,56.56,1,1,0.24902,-0.8088,130,375.0
2022-06-13,2022-10-21,434.0,call,3.34,3.42,3.38,0.0,0,0,0.21,0.14014,130,375.0
2022-06-13,2022-10-21,434.0,put,61.91,63.63,62.77,0.0,0,0,0.24902,-0.813,130,375.0
2022-06-13,2022-10-21,435.0,call,3.18,3.27,3.23,3.3,12,55,0.21,0.13609,130,375.0
2022-06-13,2022-10-21,435.0,put,62.76,64.49,63.62,60.14,2,1,0.24902,-0.81714,130,375.0
2022-06-13,2022-10-21,436.0,call,3.04,3.12,3.08,3.44,388,87,0.21,0.13213,130,375.0
2022-06-13,2022-10-21,436.0,put,63.61,65.36,64.48,0.0,0,0,0.24902,-0.8212,130,375.0
2022-06-13,2022-10-21,437.0,call,2.9,2.98,2.94,3.05,2,131,0.21,0.12826,130,375.0
2022-06-13,2022-10-21,437.0,put,64.46,66.23,65.34,0.0,0,0,0.24902,-0.8252,130,375.0
2022-06-13,2022-10-21,438.0,call,2.77,2.84,2.8,2.83,23,5,0.21,0.12448,130,375.0
2022-06-13,2022-10-21,438.0,put,65.32,67.11,66.22,53.68,0,1,0.24902,-0.82913,130,375.0
2022-06-13,2022-10-21,439.0,call,2.64,2.71,2.67,2.81,21,1,0.21,0.12078,130,375.0
2022-06-13,2022-10-21,439.0,put,66.19,68.0,67.09,50.79,0,1,0.24902,-0.833,130,375.0
2022-06-13,2022-10-21,440.0,call,2.51,2.59,2.55,2.62,74,121,0.21,0.11717,130,375.0
2022-06-13,2022-10-21,440.0,put,67.07,68.89,67.98,67.8,1,17,0.24902,-0.8368,130,375.0
2022-06-13,2022-10-21,441.0,call,2.39,2.47,2.43,2.37,2,0,0.21,0.11365,130,375.0
2022-06-13,2022-10-21,441.0,put,67.94,69.78,68.86,55.34,0,20,0.24902,-0.84054,130,375.0
2022-06-13,2022-10-21,442.0,call,2.28,2.35,2.31,2.85,1,1,0.21,0.11021,130,375.0
2022-06-13,2022-10-21,442.0,put,68.83,70.68,69.75,0.0,0,0,0.24902,-0.84421,130,375.0
2022-06-13,2022-10-21,443.0,call,2.17,2.24,2.21,5.79,0,5,0.21,0.10685,130,375.0
2022-06-13,2022-10-21,443.0,put,69.72,71.59,70.66,56.59,0,2,0.24902,-0.84782,130,375.0
2022-06-13,2022-10-21,444.0,call,2.07,2.13,2.1,2.18,8,3,0.21,0.10357,130,375.0
2022-06-13,2022-10-21,444.0,put,70.61,72.5,71.56,71.09,1,0,0.24902,-0.85136,130,375.0
2022-06-13,2022-10-21,445.0,call,1.97,2.03,2.0,2.01,537,61,0.21,0.10038,130,375.0
2022-06-13,2022-10-21,445.0,put,71.52,73.41,72.47,70.65,11,13,0.24902,-0.85484,130,375.0
2022-06-13,2022-10-21,446.0,call,1.87,1.93,1.9,7.75,0,2,0.21,0.09726,130,375.0
2022-06-13,2022-10-21,446.0,put,72.42,74.33,73.38,68.98,1,0,0.24902,-0.85826,130,375.0
2022-06-13,2022-10-21,447.0,call,1.78,1.84,1.81,1.95,10,207,0.21,0.09423,130,375.0
2022-06-13,2022-10-21,447.0,put,73.33,75.26,74.3,42.27,0,1,0.24902,-0.86162,130,375.0
2022-06-13,2022-10-21,448.0,call,1.69,1.75,1.72,1.8,206,90,0.20024,0.08017,130,375.0
2022-06-13,2022-10-21,448.0,put,74.25,76.18,75.22,0.0,0,0,0.24902,-0.86491,130,375.0
2022-06-13,2022-10-21,449.0,call,1.61,1.67,1.64,1.7,3,60,0.20024,0.07743,130,375.0
2022-06-13,2022-10-21,449.0,put,75.17,77.12,76.15,0.0,0,0,0.24902,-0.86814,130,375.0
2022-06-13,2022-10-21,450.0,call,1.53,1.59,1.56,1.59,271,682,0.20024,0.07477,130,375.0
2022-06-13,2022-10-21,450.0,put,76.09,78.05,77.07,73.22,12,8,0.24902,-0.87131,130,375.0
2022-06-13,2022-10-21,451.0,call,1.45,1.51,1.48,5.17,0,2,0.20024,0.07218,130,375.0
2022-06-13,2022-10-21,451.0,put,77.02,78.99,78.0,0.0,0,0,0.24902,-0.87442,130,375.0
2022-06-13,2022-10-21,452.0,call,1.38,1.43,1.4,1.45,15,1,0.20024,0.06966,130,375.0
2022-06-13,2022-10-21,452.0,put,77.95,79.94,78.94,0.0,0,0,0.24902,-0.87748,130,375.0
2022-06-13,2022-10-21,453.0,call,1.31,1.36,1.33,2.38,0,50,0.20024,0.06722,130,375.0
2022-06-13,2022-10-21,453.0,put,78.89,80.88,79.88,0.0,0,0,0.24902,-0.88047,130,375.0
2022-06-13,2022-10-21,454.0,call,1.24,1.29,1.27,1.26,10,0,0.20024,0.06486,130,375.0
2022-06-13,2022-10-21,454.0,put,79.83,81.84,80.84,0.0,0,0,0.24902,-0.8834,130,375.0
2022-06-13,2022-10-21,455.0,call,1.18,1.22,1.2,1.22,110,32,0.20024,0.06256,130,375.0
2022-06-13,2022-10-21,455.0,put,80.78,82.79,81.78,0.0,0,0,0.25877,-0.87611,130,375.0
2022-06-13,2022-10-21,456.0,call,1.12,1.16,1.14,5.53,0,1,0.20024,0.06033,130,375.0
2022-06-13,2022-10-21,456.0,put,81.73,83.75,82.74,0.0,0,0,0.25877,-0.87899,130,375.0
2022-06-13,2022-10-21,457.0,call,1.07,1.1,1.08,1.92,0,196,0.20024,0.05817,130,375.0
2022-06-13,2022-10-21,457.0,put,82.68,84.71,83.69,81.96,4,11,0.25877,-0.88183,130,375.0
2022-06-13,2022-10-21,458.0,call,1.01,1.04,1.02,1.03,2,55,0.20024,0.05607,130,375.0
2022-06-13,2022-10-21,458.0,put,83.64,85.68,84.66,0.0,0,0,0.25877,-0.8846,130,375.0
2022-06-13,2022-10-21,459.0,call,0.96,0.99,0.97,1.02,131,3,0.20024,0.05404,130,375.0
2022-06-13,2022-10-21,459.0,put,84.6,86.65,85.62,0.0,0,0,0.25877,-0.88733,130,375.0
2022-06-13,2022-10-21,460.0,call,0.91,0.94,0.93,0.98,146,720,0.20024,0.05207,130,375.0
2022-06-13,2022-10-21,460.0,put,85.56,87.62,86.59,49.65,0,4,0.25877,-0.89,130,375.0
2022-06-13,2022-10-21,461.0,call,0.86,0.89,0.88,0.92,128,190,0.20024,0.05016,130,375.0
2022-06-13,2022-10-21,461.0,put,86.53,88.6,87.56,70.38,0,1,0.25877,-0.89262,130,375.0
2022-06-13,2022-10-21,462.0,call,0.82,0.85,0.83,0.89,5,2,0.20024,0.04831,130,375.0
2022-06-13,2022-10-21,462.0,put,87.5,89.57,88.53,0.0,0,0,0.25877,-0.89519,130,375.0
2022-06-13,2022-10-21,463.0,call,0.77,0.8,0.79,0.87,1,1,0.20024,0.04653,130,375.0
2022-06-13,2022-10-21,463.0,put,88.47,90.55,89.51,0.0,0,0,0.26853,-0.88816,130,375.0
2022-06-13,2022-10-21,464.0,call,0.73,0.76,0.74,0.0,0,0,0.20024,0.04479,130,375.0
2022-06-13,2022-10-21,464.0,put,89.46,91.53,90.5,0.0,0,0,0.26853,-0.8907,130,375.0
2022-06-13,2022-10-21,465.0,call,0.69,0.72,0.7,0.77,4,50,0.20024,0.04312,130,375.0
2022-06-13,2022-10-21,465.0,put,90.42,92.51,91.47,85.95,1,0,0.26853,-0.8932,130,375.0
2022-06-13,2022-10-21,466.0,call,0.66,0.68,0.67,1.18,0,22,0.20024,0.0415,130,375.0
2022-06-13,2022-10-21,466.0,put,91.4,93.5,92.45,76.44,0,5,0.26853,-0.89564,130,375.0
2022-06-13,2022-10-21,467.0,call,0.62,0.65,0.64,0.65,9,1323,0.20024,0.03993,130,375.0
2022-06-13,2022-10-21,467.0,put,92.39,94.49,93.44,0.0,0,0,0.26853,-0.89805,130,375.0
2022-06-13,2022-10-21,468.0,call,0.59,0.62,0.6,1.15,0,334,0.20024,0.03841,130,375.0
2022-06-13,2022-10-21,468.0,put,93.37,95.48,94.43,0.0,0,0,0.26853,-0.9004,130,375.0
2022-06-13,2022-10-21,469.0,call,0.56,0.58,0.57,0.61,104,1245,0.20024,0.03695,130,375.0
2022-06-13,2022-10-21,469.0,put,94.37,96.47,95.42,0.0,0,0,0.27829,-0.89361,130,375.0
2022-06-13,2022-10-21,470.0,call,0.53,0.55,0.54,0.6,48,2575,0.20024,0.03553,130,375.0
2022-06-13,2022-10-21,470.0,put,95.35,97.46,96.41,57.69,0,5,0.27829,-0.89595,130,375.0
2022-06-13,2022-10-21,475.0,call,0.4,0.43,0.42,0.49,24,157,0.20024,0.02914,130,375.0
2022-06-13,2022-10-21,475.0,put,100.31,102.43,101.37,0.0,0,0,0.28804,-0.89831,130,375.0
2022-06-13,2022-10-21,480.0,call,0.31,0.33,0.32,0.34,87,303,0.19048,0.01837,130,375.0
2022-06-13,2022-10-21,480.0,put,105.29,107.42,106.36,0.0,0,0,0.2978,-0.90034,130,375.0
2022-06-13,2022-10-21,485.0,call,0.25,0.27,0.26,0.27,109,211,0.20024,0.01932,130,375.0
2022-06-13,2022-10-21,485.0,put,110.28,112.41,111.34,0.0,0,0,0.30755,-0.90209,130,375.0
2022-06-13,2022-10-21,490.0,call,0.19,0.22,0.21,0.23,1,445,0.20024,0.01563,130,375.0
2022-06-13,2022-10-21,490.0,put,115.28,117.41,116.34,0.0,0,0,0.30755,-0.9114,130,375.0
2022-06-13,2022-10-21,495.0,call,0.16,0.18,0.17,0.2,5,1304,0.20024,0.01259,130,375.0
2022-06-13,2022-10-21,495.0,put,120.31,122.41,121.36,0.0,0,0,0.31731,-0.91242,130,375.0
2022-06-13,2022-10-21,500.0,call,0.14,0.15,0.15,0.14,119,247,0.20024,0.01009,130,375.0
2022-06-13,2022-10-21,500.0,put,125.27,127.41,126.34,111.0,0,2,0.32707,-0.91326,130,375.0
2022-06-13,2022-10-21,505.0,call,0.11,0.13,0.12,0.12,1,13,0.20024,0.00806,130,375.0
2022-06-13,2022-10-21,505.0,put,130.27,132.41,131.34,0.0,0,0,0.33682,-0.91394,130,375.0
2022-06-13,2022-10-21,510.0,call,0.09,0.11,0.1,0.1,215,50,0.20024,0.00641,130,375.0
2022-06-13,2022-10-21,510.0,put,135.27,137.41,136.34,0.0,0,0,0.34658,-0.91449,130,375.0
2022-06-13,2022-10-21,515.0,call,0.08,0.1,0.09,0.09,106,7,0.21,0.00724,130,375.0
2022-06-13,2022-10-21,515.0,put,140.27,142.4,141.34,0.0,0,0,0.35633,-0.9149,130,375.0
2022-06-13,2022-10-21,520.0,call,0.07,0.09,0.08,0.1,0,22,0.21,0.00583,130,375.0
2022-06-13,2022-10-21,520.0,put,145.3,147.4,146.35,0.0,0,0,0.36609,-0.9152,130,375.0
2022-06-13,2022-10-21,525.0,call,0.06,0.08,0.07,0.09,0,4252,0.21,0.00468,130,375.0
2022-06-13,2022-10-21,525.0,put,150.26,152.4,151.33,0.0,0,0,0.37584,-0.9154,130,375.0
2022-06-13,2022-10-21,530.0,call,0.05,0.07,0.06,0.06,288,0,0.21,0.00375,130,375.0
2022-06-13,2022-10-21,530.0,put,155.26,157.4,156.33,0.0,0,0,0.3856,-0.9155,130,375.0
2022-06-13,2022-10-21,535.0,call,0.04,0.06,0.05,0.05,45,100,0.21,0.00299,130,375.0
2022-06-13,2022-10-21,535.0,put,160.26,162.4,161.33,0.0,0,0,0.3856,-0.92164,130,375.0
2022-06-13,2022-10-21,540.0,call,0.03,0.06,0.04,0.05,172,163,0.21,0.00238,130,375.0
2022-06-13,2022-10-21,540.0,put,165.26,167.4,166.33,0.0,0,0,0.39536,-0.92146,130,375.0
2022-06-13,2022-10-21,545.0,call,0.03,0.05,0.04,0.04,123,705,0.21975,0.00287,130,375.0
2022-06-13,2022-10-21,545.0,put,170.29,172.4,171.34,0.0,0,0,0.40511,-0.92121,130,375.0
2022-06-13,2022-10-21,550.0,call,0.03,0.05,0.04,0.04,196,326,0.21975,0.00231,130,375.0
2022-06-13,2022-10-21,550.0,put,175.29,177.4,176.34,0.0,0,0,0.41487,-0.9209,130,375.0
2022-06-13,2022-10-21,555.0,call,0.02,0.04,0.03,0.0,0,0,0.21975,0.00186,130,375.0
2022-06-13,2022-10-21,555.0,put,180.26,182.39,181.32,0.0,0,0,0.42462,-0.92053,130,375.0
2022-06-13,2022-10-21,560.0,call,0.02,0.04,0.03,0.04,0,713,0.22951,0.00227,130,375.0
2022-06-13,2022-10-21,560.0,put,185.25,187.39,186.32,0.0,0,0,0.42462,-0.92564,130,375.0
2022-06-13,2022-10-21,565.0,call,0.01,0.03,0.02,0.0,0,0,0.21975,0.00119,130,375.0
2022-06-13,2022-10-21,565.0,put,190.25,192.39,191.32,0.0,0,0,0.43438,-0.92509,130,375.0
2022-06-13,2022-10-21,570.0,call,0.01,0.03,0.02,0.0,0,0,0.22951,0.0015,130,375.0
2022-06-13,2022-10-21,570.0,put,195.25,197.39,196.32,0.0,0,0,0.44414,-0.9245,130,375.0
2022-06-13,2022-10-21,575.0,call,0.01,0.03,0.02,0.04,0,2,0.22951,0.00122,130,375.0
2022-06-13,2022-10-21,575.0,put,200.26,202.39,201.32,0.0,0,0,0.45389,-0.92387,130,375.0
2022-06-13,2022-10-21,580.0,put,205.28,207.39,206.33,0.0,0,0,0.45389,-0.92835,130,375.0
2022-06-13,2022-10-21,585.0,put,210.28,212.39,211.33,0.0,0,0,0.46365,-0.92759,130,375.0
2022-06-13,2022-11-18,190.0,call,184.55,186.61,185.58,0.0,0,0,0.01488,1.0,158,375.0
2022-06-13,2022-11-18,190.0,put,1.28,1.31,1.29,1.16,84,405,0.57096,-0.02236,158,375.0
2022-06-13,2022-11-18,195.0,call,179.68,181.72,180.7,0.0,0,0,0.25877,0.99996,158,375.0
2022-06-13,2022-11-18,195.0,put,1.39,1.42,1.4,1.32,148,314,0.55145,-0.02309,158,375.0
2022-06-13,2022-11-18,200.0,call,174.82,176.85,175.83,178.26,1,90,0.37584,0.99632,158,375.0
2022-06-13,2022-11-18,200.0,put,1.5,1.53,1.52,1.38,121,1103,0.54169,-0.02547,158,375.0
2022-06-13,2022-11-18,205.0,call,169.97,171.99,170.98,0.0,0,0,0.39536,0.99316,158,375.0
2022-06-13,2022-11-18,205.0,put,1.62,1.66,1.64,1.52,447,552,0.53194,-0.02801,158,375.0
2022-06-13,2022-11-18,210.0,call,165.13,167.14,166.13,198.85,0,4,0.40511,0.98989,158,375.0
2022-06-13,2022-11-18,210.0,put,1.76,1.79,1.77,1.65,408,558,0.52218,-0.03075,158,375.0
2022-06-13,2022-11-18,215.0,call,160.31,162.31,161.31,0.0,0,0,0.41487,0.98565,158,375.0
2022-06-13,2022-11-18,215.0,put,1.9,1.93,1.92,1.78,112,171,0.51243,-0.03368,158,375.0
2022-06-13,2022-11-18,220.0,call,155.5,157.48,156.49,0.0,0,0,0.41487,0.98229,158,375.0
2022-06-13,2022-11-18,220.0,put,2.05,2.09,2.07,2.05,458,589,0.50267,-0.03683,158,375.0
2022-06-13,2022-11-18,225.0,call,150.7,152.67,151.69,0.0,0,0,0.41487,0.97837,158,375.0
2022-06-13,2022-11-18,225.0,put,2.22,2.25,2.24,2.06,168,1152,0.49292,-0.0402,158,375.0
2022-06-13,2022-11-18,230.0,call,145.91,147.87,146.89,0.0,0,0,0.41487,0.97385,158,375.0
2022-06-13,2022-11-18,230.0,put,2.39,2.43,2.41,2.41,1267,1232,0.48316,-0.04381,158,375.0
2022-06-13,2022-11-18,235.0,call,141.14,143.08,142.11,162.27,0,1,0.40511,0.97129,158,375.0
2022-06-13,2022-11-18,235.0,put,2.58,2.62,2.6,2.41,239,5839,0.4734,-0.04769,158,375.0
2022-06-13,2022-11-18,240.0,call,136.39,138.31,137.35,0.0,0,0,0.40511,0.96571,158,375.0
2022-06-13,2022-11-18,240.0,put,2.78,2.83,2.8,2.56,2992,372,0.46365,-0.05184,158,375.0
2022-06-13,2022-11-18,245.0,call,131.66,133.56,132.61,0.0,0,0,0.40511,0.9594,158,375.0
2022-06-13,2022-11-18,245.0,put,3.0,3.05,3.02,3.0,2,566,0.45389,-0.05629,158,375.0
2022-06-13,2022-11-18,250.0,call,126.95,128.82,127.88,161.03,0,2,0.39536,0.95568,158,375.0
2022-06-13,2022-11-18,250.0,put,3.24,3.29,3.27,3.22,34,2365,0.44414,-0.06106,158,375.0
2022-06-13,2022-11-18,255.0,call,122.26,124.11,123.19,0.0,0,0,0.39536,0.94808,158,375.0
2022-06-13,2022-11-18,255.0,put,3.5,3.55,3.52,3.23,369,993,0.43438,-0.06617,158,375.0
2022-06-13,2022-11-18,260.0,call,117.59,119.42,118.5,151.48,0,1,0.3856,0.94347,158,375.0
2022-06-13,2022-11-18,260.0,put,3.79,3.84,3.81,3.82,206,2986,0.42462,-0.07167,158,375.0
2022-06-13,2022-11-18,265.0,call,112.95,114.75,113.85,0.0,0,0,0.3856,0.93442,158,375.0
2022-06-13,2022-11-18,265.0,put,4.1,4.16,4.13,4.14,140,1928,0.41487,-0.07757,158,375.0
2022-06-13,2022-11-18,270.0,call,108.35,110.12,109.23,0.0,0,0,0.37584,0.92876,158,375.0
2022-06-13,2022-11-18,270.0,put,4.43,4.49,4.46,4.54,163,1746,0.40511,-0.08391,158,375.0
2022-06-13,2022-11-18,275.0,call,103.78,105.51,104.65,0.0,0,0,0.37584,0.9181,158,375.0
2022-06-13,2022-11-18,275.0,put,4.8,4.88,4.84,4.72,827,1671,0.40511,-0.09503,158,375.0
2022-06-13,2022-11-18,280.0,call,99.25,100.94,100.09,0.0,0,0,0.36609,0.91121,158,375.0
2022-06-13,2022-11-18,280.0,put,5.21,5.29,5.25,5.26,10,760,0.39536,-0.10258,158,375.0
2022-06-13,2022-11-18,285.0,call,94.76,96.41,95.59,0.0,0,0,0.35633,0.90374,158,375.0
2022-06-13,2022-11-18,285.0,put,5.66,5.74,5.7,5.83,10,415,0.3856,-0.11071,158,375.0
2022-06-13,2022-11-18,290.0,call,90.32,91.93,91.12,0.0,0,0,0.35633,0.89046,158,375.0
2022-06-13,2022-11-18,290.0,put,6.15,6.24,6.2,6.37,24,2726,0.37584,-0.11947,158,375.0
2022-06-13,2022-11-18,295.0,call,85.94,87.5,86.72,0.0,0,0,0.34658,0.88141,158,375.0
2022-06-13,2022-11-18,295.0,put,6.7,6.79,6.75,6.77,13,1944,0.37584,-0.13382,158,375.0
2022-06-13,2022-11-18,300.0,call,81.61,83.12,82.37,84.86,13,18,0.34658,0.86615,158,375.0
2022-06-13,2022-11-18,300.0,put,7.3,7.39,7.34,7.28,142,11494,0.36609,-0.14417,158,375.0
2022-06-13,2022-11-18,305.0,call,77.34,78.8,78.07,77.0,1,0,0.33682,0.85528,158,375.0
2022-06-13,2022-11-18,305.0,put,7.96,8.07,8.02,8.1,111,12737,0.35633,-0.15533,158,375.0
2022-06-13,2022-11-18,310.0,call,73.15,74.55,73.85,106.67,0,3,0.33682,0.83793,158,375.0
2022-06-13,2022-11-18,310.0,put,8.69,8.79,8.74,8.72,20,5308,0.34658,-0.16738,158,375.0
2022-06-13,2022-11-18,315.0,call,69.03,70.37,69.7,0.0,0,0,0.32707,0.82498,158,375.0
2022-06-13,2022-11-18,315.0,put,9.5,9.6,9.55,9.75,202,8083,0.34658,-0.18556,158,375.0
2022-06-13,2022-11-18,320.0,call,64.99,66.27,65.63,77.7,0,3,0.32707,0.80548,158,375.0
2022-06-13,2022-11-18,320.0,put,10.38,10.49,10.44,10.71,183,5053,0.33682,-0.19969,158,375.0
2022-06-13,2022-11-18,325.0,call,61.03,62.26,61.64,92.75,0,2,0.31731,0.79018,158,375.0
2022-06-13,2022-11-18,325.0,put,11.34,11.46,11.4,11.52,769,4615,0.33682,-0.21983,158,375.0
2022-06-13,2022-11-18,330.0,call,57.17,58.33,57.75,80.27,0,4,0.31731,0.7685,158,375.0
2022-06-13,2022-11-18,330.0,put,12.4,12.52,12.46,12.57,8331,4015,0.32707,-0.23627,158,375.0
2022-06-13,2022-11-18,335.0,call,53.4,54.5,53.95,69.64,0,1,0.30755,0.75059,158,375.0
2022-06-13,2022-11-18,335.0,put,13.55,13.68,13.62,14.0,133,1215,0.31731,-0.25402,158,375.0
2022-06-13,2022-11-18,340.0,call,49.73,50.77,50.25,51.79,6,44,0.30755,0.72679,158,375.0
2022-06-13,2022-11-18,340.0,put,14.81,14.94,14.88,15.0,186,5015,0.31731,-0.27729,158,375.0
2022-06-13,2022-11-18,345.0,call,46.17,47.15,46.66,48.76,7,76,0.2978,0.70605,158,375.0
2022-06-13,2022-11-18,345.0,put,16.17,16.34,16.26,16.37,25,597,0.30755,-0.29771,158,375.0
2022-06-13,2022-11-18,350.0,call,42.72,43.64,43.18,45.19,19,140,0.2978,0.68026,158,375.0
2022-06-13,2022-11-18,350.0,put,17.65,17.97,17.81,17.7,206,4950,0.30755,-0.3228,158,375.0
2022-06-13,2022-11-18,355.0,call,39.38,40.24,39.81,51.66,0,13,0.28804,0.6565,158,375.0
2022-06-13,2022-11-18,355.0,put,19.25,19.39,19.32,20.0,11,1243,0.2978,-0.34604,158,375.0
2022-06-13,2022-11-18,360.0,call,36.15,36.95,36.55,36.71,57,58,0.28804,0.62897,158,375.0
2022-06-13,2022-11-18,360.0,put,20.97,21.33,21.15,21.35,336,2041,0.2978,-0.37272,158,375.0
2022-06-13,2022-11-18,365.0,call,33.04,33.79,33.41,33.58,22,10,0.27829,0.6021,158,375.0
2022-06-13,2022-11-18,365.0,put,22.81,22.96,22.88,22.8,79,1838,0.28804,-0.39885,158,375.0
2022-06-13,2022-11-18,370.0,call,30.06,30.64,30.35,31.21,19,22,0.27829,0.57318,158,375.0
2022-06-13,2022-11-18,370.0,put,24.58,25.16,24.87,25.05,64,1689,0.28804,-0.42679,158,375.0
2022-06-13,2022-11-18,375.0,call,27.19,27.74,27.46,27.66,532,24,0.26853,0.54327,158,375.0
2022-06-13,2022-11-18,375.0,put,26.87,27.34,27.11,27.08,183,8019,0.27829,-0.45574,158,375.0
2022-06-13,2022-11-18,380.0,call,24.46,25.0,24.73,24.56,50,221,0.26853,0.51344,158,375.0
2022-06-13,2022-11-18,380.0,put,29.1,29.51,29.3,29.2,249,3429,0.27829,-0.48451,158,375.0
2022-06-13,2022-11-18,385.0,call,21.95,22.16,22.05,22.29,2497,37,0.25877,0.48072,158,375.0
2022-06-13,2022-11-18,385.0,put,31.22,31.95,31.59,30.04,986,4247,0.26853,-0.51607,158,375.0
2022-06-13,2022-11-18,390.0,call,19.48,19.9,19.69,19.7,937,390,0.25877,0.45061,158,375.0
2022-06-13,2022-11-18,390.0,put,33.71,34.5,34.11,34.48,262,10529,0.26853,-0.54511,158,375.0
2022-06-13,2022-11-18,395.0,call,17.16,17.31,17.23,17.21,690,376,0.24902,0.41555,158,375.0
2022-06-13,2022-11-18,395.0,put,36.33,37.26,36.8,37.02,7,2165,0.25877,-0.57885,158,375.0
2022-06-13,2022-11-18,400.0,call,14.98,15.14,15.06,14.95,2004,6475,0.24902,0.38588,158,375.0
2022-06-13,2022-11-18,400.0,put,39.13,40.14,39.64,40.25,178,4699,0.25877,-0.60751,158,375.0
2022-06-13,2022-11-18,405.0,call,12.97,13.12,13.04,13.03,1389,1158,0.23926,0.34924,158,375.0
2022-06-13,2022-11-18,405.0,put,42.1,43.19,42.64,42.5,241,1607,0.25877,-0.63525,158,375.0
2022-06-13,2022-11-18,410.0,call,11.14,11.28,11.21,11.16,54,3417,0.23926,0.32086,158,375.0
2022-06-13,2022-11-18,410.0,put,45.23,46.4,45.81,46.43,53,2303,0.24902,-0.67031,158,375.0
2022-06-13,2022-11-18,415.0,call,9.47,9.6,9.54,9.68,34,7387,0.22951,0.28369,158,375.0
2022-06-13,2022-11-18,415.0,put,48.55,49.82,49.19,45.0,5,5244,0.24902,-0.69664,158,375.0
2022-06-13,2022-11-18,420.0,call,7.97,8.1,8.04,7.95,1793,5404,0.22951,0.25745,158,375.0
2022-06-13,2022-11-18,420.0,put,52.05,53.4,52.72,52.36,341,1062,0.23926,-0.73184,158,375.0
2022-06-13,2022-11-18,425.0,call,6.65,6.77,6.71,6.81,1409,1693,0.21975,0.22108,158,375.0
2022-06-13,2022-11-18,425.0,put,55.72,57.18,56.45,55.67,9,382,0.23926,-0.75602,158,375.0
2022-06-13,2022-11-18,430.0,call,5.5,5.61,5.55,5.56,186,1636,0.21975,0.19782,158,375.0
2022-06-13,2022-11-18,430.0,put,59.57,61.12,60.34,58.61,13,77,0.23926,-0.77872,158,375.0
2022-06-13,2022-11-18,435.0,call,4.5,4.61,4.55,5.11,15,507,0.21975,0.17634,158,375.0
2022-06-13,2022-11-18,435.0,put,63.6,65.24,64.42,62.57,3,30,0.23926,-0.79991,158,375.0
2022-06-13,2022-11-18,440.0,call,3.66,3.77,3.71,3.67,347,2338,0.21,0.14415,158,375.0
2022-06-13,2022-11-18,440.0,put,67.77,69.5,68.63,40.35,0,163,0.23926,-0.81962,158,375.0
2022-06-13,2022-11-18,445.0,call,2.96,3.05,3.0,3.02,127,1868,0.21,0.12638,158,375.0
2022-06-13,2022-11-18,445.0,put,72.09,73.91,73.0,68.49,2,6,0.23926,-0.83786,158,375.0
2022-06-13,2022-11-18,450.0,call,2.38,2.46,2.42,2.4,381,2862,0.21,0.11038,158,375.0
2022-06-13,2022-11-18,450.0,put,76.55,78.43,77.49,76.42,2,293,0.23926,-0.85467,158,375.0
2022-06-13,2022-11-18,455.0,call,1.9,1.98,1.94,2.03,650,1533,0.20024,0.08462,158,375.0
2022-06-13,2022-11-18,455.0,put,81.12,83.07,82.09,80.37,2,17,0.23926,-0.8701,158,375.0
2022-06-13,2022-11-18,460.0,call,1.51,1.57,1.54,1.62,394,2463,0.20024,0.07248,158,375.0
2022-06-13,2022-11-18,460.0,put,85.8,87.8,86.8,53.31,0,116,0.24902,-0.87351,158,375.0
2022-06-13,2022-11-18,465.0,call,1.2,1.24,1.22,1.26,964,1623,0.20024,0.06182,158,375.0
2022-06-13,2022-11-18,465.0,put,90.58,92.63,91.6,54.5,0,28,0.24902,-0.88669,158,375.0
2022-06-13,2022-11-18,470.0,call,0.94,0.98,0.96,0.94,21,3763,0.20024,0.05253,158,375.0
2022-06-13,2022-11-18,470.0,put,95.44,97.52,96.48,81.22,0,64,0.25877,-0.88878,158,375.0
2022-06-13,2022-11-18,475.0,call,0.74,0.77,0.76,0.78,196,2970,0.20024,0.04446,158,375.0
2022-06-13,2022-11-18,475.0,put,100.35,102.46,101.41,85.93,0,7,0.26853,-0.89052,158,375.0
2022-06-13,2022-11-18,480.0,call,0.58,0.61,0.59,0.6,164,3007,0.19048,0.03016,158,375.0
2022-06-13,2022-11-18,480.0,put,105.31,107.43,106.37,91.62,0,91,0.27829,-0.89198,158,375.0
2022-06-13,2022-11-18,485.0,call,0.45,0.48,0.46,0.49,174,550,0.19048,0.02493,158,375.0
2022-06-13,2022-11-18,485.0,put,110.3,112.42,111.36,0.0,0,0,0.27829,-0.90212,158,375.0
2022-06-13,2022-11-18,490.0,call,0.36,0.38,0.37,0.37,87,437,0.19048,0.02053,158,375.0
2022-06-13,2022-11-18,490.0,put,115.28,117.41,116.34,85.98,0,4,0.28804,-0.9028,158,375.0
2022-06-13,2022-11-18,495.0,call,0.28,0.31,0.3,0.31,663,1651,0.19048,0.01684,158,375.0
2022-06-13,2022-11-18,495.0,put,120.28,122.41,121.34,0.0,0,0,0.2978,-0.90332,158,375.0
2022-06-13,2022-11-18,500.0,call,0.23,0.26,0.24,0.27,969,5967,0.19048,0.01376,158,375.0
2022-06-13,2022-11-18,500.0,put,125.27,127.41,126.34,96.49,0,1,0.30755,-0.90367,158,375.0
2022-06-13,2022-11-18,505.0,call,0.19,0.21,0.2,0.21,523,185,0.19048,0.0112,158,375.0
2022-06-13,2022-11-18,505.0,put,130.27,132.4,131.34,0.0,0,0,0.31731,-0.90389,158,375.0
2022-06-13,2022-11-18,510.0,call,0.16,0.18,0.17,0.46,0,41,0.20024,0.01252,158,375.0
2022-06-13,2022-11-18,510.0,put,135.27,137.4,136.34,0.0,0,0,0.32707,-0.90399,158,375.0
2022-06-13,2022-11-18,515.0,call,0.13,0.16,0.15,0.25,0,42,0.20024,0.01031,158,375.0
2022-06-13,2022-11-18,515.0,put,140.27,142.4,141.34,0.0,0,0,0.32707,-0.91149,158,375.0
2022-06-13,2022-11-18,520.0,call,0.11,0.14,0.12,0.31,0,208,0.20024,0.00847,158,375.0
2022-06-13,2022-11-18,520.0,put,145.27,147.4,146.34,0.0,0,0,0.33682,-0.91119,158,375.0
2022-06-13,2022-11-18,525.0,call,0.1,0.12,0.11,0.1,100,1610,0.20024,0.00693,158,375.0
2022-06-13,2022-11-18,525.0,put,150.26,152.4,151.33,0.0,0,0,0.34658,-0.91082,158,375.0
2022-06-13,2022-11-18,530.0,call,0.08,0.12,0.1,0.1,101,279,0.20024,0.00566,158,375.0
2022-06-13,2022-11-18,530.0,put,155.26,157.4,156.33,0.0,0,0,0.35633,-0.91038,158,375.0
2022-06-13,2022-11-18,535.0,call,0.08,0.1,0.09,0.09,1,2153,0.21,0.00663,158,375.0
2022-06-13,2022-11-18,535.0,put,160.26,162.4,161.33,0.0,0,0,0.36609,-0.90987,158,375.0
2022-06-13,2022-11-18,540.0,call,0.06,0.09,0.07,0.08,230,441,0.21,0.00548,158,375.0
2022-06-13,2022-11-18,540.0,put,165.26,167.4,166.33,0.0,0,0,0.36609,-0.91598,158,375.0
2022-06-13,2022-11-18,545.0,call,0.05,0.08,0.07,0.08,91,101,0.21,0.00452,158,375.0
2022-06-13,2022-11-18,545.0,put,170.26,172.4,171.33,0.0,0,0,0.37584,-0.91523,158,375.0
2022-06-13,2022-11-18,550.0,call,0.05,0.07,0.06,0.05,362,709,0.21,0.00371,158,375.0
2022-06-13,2022-11-18,550.0,put,175.26,177.39,176.32,0.0,0,0,0.3856,-0.91444,158,375.0
2022-06-13,2022-11-18,555.0,call,0.04,0.07,0.06,0.08,0,98,0.21975,0.00447,158,375.0
2022-06-13,2022-11-18,555.0,put,180.25,182.39,181.32,0.0,0,0,0.3856,-0.91988,158,375.0
2022-06-13,2022-11-18,560.0,call,0.03,0.06,0.04,0.05,121,458,0.21,0.0025,158,375.0
2022-06-13,2022-11-18,560.0,put,185.26,187.39,186.32,0.0,0,0,0.39536,-0.91891,158,375.0
2022-06-13,2022-11-18,565.0,call,0.03,0.05,0.04,0.07,0,324,0.21975,0.00309,158,375.0
2022-06-13,2022-11-18,565.0,put,190.26,192.39,191.32,0.0,0,0,0.40511,-0.91791,158,375.0
2022-06-13,2022-11-18,570.0,call,0.02,0.05,0.04,0.06,0,772,0.21975,0.00256,158,375.0
2022-06-13,2022-11-18,570.0,put,195.25,197.39,196.32,0.0,0,0,0.41487,-0.91687,158,375.0
2022-06-13,2022-11-18,575.0,call,0.02,0.05,0.04,0.04,60,351,0.21975,0.00212,158,375.0
2022-06-13,2022-11-18,575.0,put,200.25,202.39,201.32,0.0,0,0,0.41487,-0.92166,158,375.0
2022-06-13,2022-11-18,580.0,call,0.02,0.04,0.03,0.02,4,336,0.21975,0.00175,158,375.0
2022-06-13,2022-11-18,580.0,put,205.24,207.39,206.31,0.0,0,0,0.42462,-0.9205,158,375.0
2022-06-13,2022-11-18,585.0,call,0.01,0.04,0.03,0.04,0,161,0.22951,0.00222,158,375.0
2022-06-13,2022-11-18,585.0,put,210.24,212.38,211.31,0.0,0,0,0.43438,-0.91932,158,375.0
2022-06-13,2022-11-18,590.0,call,0.01,0.04,0.03,0.05,0,264,0.22951,0.00185,158,375.0
2022-06-13,2022-11-18,590.0,put,215.24,217.38,216.31,0.0,0,0,0.43438,-0.92368,158,375.0
2022-06-13,2022-11-18,595.0,call,0.01,0.04,0.03,0.04,0,1022,0.22951,0.00155,158,375.0
2022-06-13,2022-11-18,595.0,put,220.24,222.38,221.31,0.0,0,0,0.44414,-0.9224,158,375.0
2022-06-13,2022-11-18,600.0,call,0.01,0.03,0.02,0.04,0,750,0.22951,0.00129,158,375.0
2022-06-13,2022-11-18,600.0,put,225.24,227.38,226.31,0.0,0,0,0.45389,-0.9211,158,375.0
2022-06-13,2022-11-18,605.0,put,230.27,232.38,231.32,0.0,0,0,0.45389,-0.92511,158,375.0
2022-06-13,2022-11-18,610.0,put,235.23,237.38,236.31,0.0,0,0,0.46365,-0.92373,158,375.0
2022-06-13,2022-11-18,615.0,put,240.26,242.38,241.32,0.0,0,0,0.4734,-0.92234,158,375.0
2022-06-13,2022-11-18,620.0,put,245.23,247.38,246.31,0.0,0,0,0.4734,-0.92605,158,375.0
2022-06-13,2022-12-16,85.0,call,289.09,291.24,290.16,309.31,0,4,0.01488,1.0,186,375.0
2022-06-13,2022-12-16,85.0,put,0.2,0.22,0.21,0.22,409,11456,0.83437,-0.00258,186,375.0
2022-06-13,2022-12-16,90.0,call,284.09,286.24,285.16,324.1,0,0,0.01488,1.0,186,375.0
2022-06-13,2022-12-16,90.0,put,0.2,0.3,0.25,0.21,19,2101,0.82461,-0.00321,186,375.0
2022-06-13,2022-12-16,95.0,call,279.09,281.24,280.16,343.7,0,1,0.01488,1.0,186,375.0
2022-06-13,2022-12-16,95.0,put,0.23,0.3,0.27,0.26,9,741,0.79535,-0.00337,186,375.0
2022-06-13,2022-12-16,100.0,call,274.09,276.24,275.16,339.47,0,7,0.01488,1.0,186,375.0
2022-06-13,2022-12-16,100.0,put,0.22,0.3,0.26,0.3,470,12233,0.76608,-0.00349,186,375.0
2022-06-13,2022-12-16,105.0,call,269.09,271.24,270.16,288.95,0,0,0.01488,1.0,186,375.0
2022-06-13,2022-12-16,105.0,put,0.28,0.4,0.34,0.2,0,157,0.76608,-0.00454,186,375.0
2022-06-13,2022-12-16,110.0,call,264.09,266.23,265.16,161.5,0,0,0.01488,1.0,186,375.0
2022-06-13,2022-12-16,110.0,put,0.32,0.43,0.38,0.41,13,322,0.74657,-0.005,186,375.0
2022-06-13,2022-12-16,115.0,call,259.1,261.24,260.17,322.18,0,0,0.01488,1.0,186,375.0
2022-06-13,2022-12-16,115.0,put,0.35,0.47,0.41,0.32,0,376,0.72706,-0.00546,186,375.0
2022-06-13,2022-12-16,120.0,call,254.1,256.25,255.18,317.23,0,10,0.01488,1.0,186,375.0
2022-06-13,2022-12-16,120.0,put,0.45,0.52,0.48,0.25,0,1659,0.7173,-0.0064,186,375.0
2022-06-13,2022-12-16,125.0,call,249.1,251.25,250.18,314.97,0,0,0.01488,1.0,186,375.0
2022-06-13,2022-12-16,125.0,put,0.5,0.57,0.53,0.5,4,282,0.70754,-0.00742,186,375.0
2022-06-13,2022-12-16,130.0,call,244.1,246.25,245.18,292.3,0,7,0.01488,1.0,186,375.0
2022-06-13,2022-12-16,130.0,put,0.54,0.62,0.58,0.59,1,570,0.68803,-0.00795,186,375.0
2022-06-13,2022-12-16,135.0,call,239.1,241.25,240.18,304.96,0,20,0.01488,1.0,186,375.0
2022-06-13,2022-12-16,135.0,put,0.6,0.68,0.64,0.41,0,1055,0.67828,-0.00912,186,375.0
2022-06-13,2022-12-16,140.0,call,234.11,236.25,235.18,269.62,0,113,0.01488,1.0,186,375.0
2022-06-13,2022-12-16,140.0,put,0.63,0.77,0.7,0.39,0,5689,0.65876,-0.00966,186,375.0
2022-06-13,2022-12-16,145.0,call,229.12,231.26,230.19,294.2,0,1,0.01488,1.0,186,375.0
2022-06-13,2022-12-16,145.0,put,0.67,0.81,0.74,0.69,4,1143,0.64901,-0.01096,186,375.0
2022-06-13,2022-12-16,150.0,call,224.13,226.27,225.2,230.4,11,13,0.01488,1.0,186,375.0
2022-06-13,2022-12-16,150.0,put,0.73,0.91,0.82,0.8,120,6096,0.63925,-0.01237,186,375.0
2022-06-13,2022-12-16,155.0,call,219.16,221.28,220.22,266.64,0,3,0.01488,1.0,186,375.0
2022-06-13,2022-12-16,155.0,put,0.81,0.96,0.89,0.8,4,1983,0.61974,-0.01295,186,375.0
2022-06-13,2022-12-16,160.0,call,214.2,216.31,215.25,255.0,0,9,0.01488,1.0,186,375.0
2022-06-13,2022-12-16,160.0,put,0.9,1.0,0.95,0.95,4,839,0.60999,-0.0145,186,375.0
2022-06-13,2022-12-16,165.0,call,209.26,211.36,210.31,247.87,0,5,0.01488,1.0,186,375.0
2022-06-13,2022-12-16,165.0,put,0.99,1.1,1.04,0.96,38,368,0.60023,-0.01617,186,375.0
2022-06-13,2022-12-16,170.0,call,204.35,206.43,205.39,269.2,0,1,0.01488,1.0,186,375.0
2022-06-13,2022-12-16,170.0,put,1.04,1.25,1.15,1.08,7,7714,0.59047,-0.01797,186,375.0
2022-06-13,2022-12-16,175.0,call,199.46,201.53,200.5,253.3,0,44,0.01488,1.0,186,375.0
2022-06-13,2022-12-16,175.0,put,1.14,1.35,1.25,1.22,16,3855,0.57096,-0.01858,186,375.0
2022-06-13,2022-12-16,180.0,call,194.59,196.64,195.62,228.0,0,48,0.01488,1.0,186,375.0
2022-06-13,2022-12-16,180.0,put,1.25,1.4,1.32,1.35,22,9150,0.56121,-0.02053,186,375.0
2022-06-13,2022-12-16,185.0,call,189.74,191.78,190.76,248.92,0,0,0.01488,1.0,186,375.0
2022-06-13,2022-12-16,185.0,put,1.42,1.57,1.5,1.29,2,3347,0.55145,-0.02262,186,375.0
2022-06-13,2022-12-16,190.0,call,184.9,186.93,185.92,268.08,0,3,0.37584,0.99636,186,375.0
2022-06-13,2022-12-16,190.0,put,1.49,1.7,1.59,1.56,3,8360,0.54169,-0.02485,186,375.0
2022-06-13,2022-12-16,195.0,call,180.08,182.1,181.09,265.65,0,0,0.39536,0.9933,186,375.0
2022-06-13,2022-12-16,195.0,put,1.67,1.83,1.75,1.78,6,1166,0.53194,-0.02723,186,375.0
2022-06-13,2022-12-16,200.0,call,175.27,177.28,176.28,179.27,98,386,0.41487,0.98884,186,375.0
2022-06-13,2022-12-16,200.0,put,1.79,1.95,1.87,1.96,222,16566,0.52218,-0.02978,186,375.0
2022-06-13,2022-12-16,205.0,call,170.47,172.47,171.47,252.07,0,1,0.41487,0.98615,186,375.0
2022-06-13,2022-12-16,205.0,put,1.95,2.12,2.04,2.01,5,895,0.51243,-0.03249,186,375.0
2022-06-13,2022-12-16,210.0,call,165.69,167.68,166.69,189.91,0,47,0.41487,0.983,186,375.0
2022-06-13,2022-12-16,210.0,put,2.11,2.28,2.19,1.46,0,1850,0.50267,-0.03538,186,375.0
2022-06-13,2022-12-16,215.0,call,160.93,162.9,161.92,214.3,0,15,0.42462,0.97729,186,375.0
2022-06-13,2022-12-16,215.0,put,2.28,2.45,2.37,1.29,0,1797,0.49292,-0.03845,186,375.0
2022-06-13,2022-12-16,220.0,call,156.18,158.14,157.16,192.45,0,75,0.41487,0.97518,186,375.0
2022-06-13,2022-12-16,220.0,put,2.43,2.63,2.53,2.4,33,4985,0.48316,-0.04173,186,375.0
2022-06-13,2022-12-16,225.0,call,151.44,153.38,152.41,185.64,0,69,0.41487,0.97043,186,375.0
2022-06-13,2022-12-16,225.0,put,2.65,2.83,2.74,2.79,53,17184,0.4734,-0.04522,186,375.0
2022-06-13,2022-12-16,230.0,call,146.71,148.64,147.68,182.8,0,231,0.41487,0.96508,186,375.0
2022-06-13,2022-12-16,230.0,put,2.85,3.05,2.95,3.0,129,2925,0.46365,-0.04894,186,375.0
2022-06-13,2022-12-16,235.0,call,142.0,143.91,142.95,176.16,0,1518,0.41487,0.9591,186,375.0
2022-06-13,2022-12-16,235.0,put,3.06,3.27,3.17,3.19,7,1807,0.45389,-0.05289,186,375.0
2022-06-13,2022-12-16,240.0,call,137.31,139.2,138.25,175.39,0,756,0.40511,0.95566,186,375.0
2022-06-13,2022-12-16,240.0,put,3.31,3.52,3.42,3.5,42,2887,0.44414,-0.05711,186,375.0
2022-06-13,2022-12-16,245.0,call,132.64,134.51,133.57,153.23,0,336,0.40511,0.94857,186,375.0
2022-06-13,2022-12-16,245.0,put,3.57,3.78,3.67,3.6,1,951,0.43438,-0.06161,186,375.0
2022-06-13,2022-12-16,250.0,call,127.99,129.84,128.91,163.23,0,2481,0.39536,0.94439,186,375.0
2022-06-13,2022-12-16,250.0,put,3.85,4.04,3.95,3.94,6470,11882,0.43438,-0.06993,186,375.0
2022-06-13,2022-12-16,255.0,call,123.36,125.18,124.27,160.93,0,1093,0.39536,0.93607,186,375.0
2022-06-13,2022-12-16,255.0,put,4.16,4.37,4.27,4.35,28,2013,0.42462,-0.07524,186,375.0
2022-06-13,2022-12-16,260.0,call,118.76,120.55,119.66,119.48,6,16927,0.3856,0.93103,186,375.0
2022-06-13,2022-12-16,260.0,put,4.49,4.7,4.6,4.55,237,13826,0.41487,-0.0809,186,375.0
2022-06-13,2022-12-16,265.0,call,114.18,115.95,115.06,132.25,0,521,0.3856,0.92137,186,375.0
2022-06-13,2022-12-16,265.0,put,4.85,5.07,4.96,4.88,25,2528,0.40511,-0.08695,186,375.0
2022-06-13,2022-12-16,270.0,call,109.64,111.38,110.51,145.74,0,580,0.37584,0.91533,186,375.0
2022-06-13,2022-12-16,270.0,put,5.25,5.46,5.36,5.28,123,3933,0.39536,-0.09341,186,375.0
2022-06-13,2022-12-16,275.0,call,105.14,106.84,105.99,132.56,0,1085,0.36609,0.90884,186,375.0
2022-06-13,2022-12-16,275.0,put,5.68,5.89,5.79,5.74,531,9538,0.39536,-0.10473,186,375.0
2022-06-13,2022-12-16,280.0,call,100.67,102.33,101.5,115.0,0,13184,0.36609,0.89701,186,375.0
2022-06-13,2022-12-16,280.0,put,6.14,6.36,6.25,6.37,128,19705,0.3856,-0.11232,186,375.0
2022-06-13,2022-12-16,285.0,call,96.24,97.87,97.06,99.59,4,4424,0.35633,0.88928,186,375.0
2022-06-13,2022-12-16,285.0,put,6.66,6.87,6.77,6.34,335,3426,0.37584,-0.12044,186,375.0
2022-06-13,2022-12-16,290.0,call,91.87,93.44,92.66,124.63,0,1721,0.35633,0.87582,186,375.0
2022-06-13,2022-12-16,290.0,put,7.22,7.43,7.32,7.3,258,14574,0.36609,-0.12915,186,375.0
2022-06-13,2022-12-16,295.0,call,87.54,89.07,88.31,102.44,0,1584,0.34658,0.86664,186,375.0
2022-06-13,2022-12-16,295.0,put,7.83,8.03,7.93,7.95,632,1581,0.36609,-0.14343,186,375.0
2022-06-13,2022-12-16,300.0,call,83.27,84.75,84.01,85.26,7,4335,0.34658,0.85146,186,375.0
2022-06-13,2022-12-16,300.0,put,8.5,8.71,8.61,8.73,527,22708,0.35633,-0.15361,186,375.0
2022-06-13,2022-12-16,305.0,call,79.06,80.5,79.78,84.55,1,4717,0.33682,0.84065,186,375.0
2022-06-13,2022-12-16,305.0,put,9.24,9.44,9.34,8.53,66,7564,0.34658,-0.16455,186,375.0
2022-06-13,2022-12-16,310.0,call,74.92,76.3,75.61,78.52,265,3745,0.33682,0.82368,186,375.0
2022-06-13,2022-12-16,310.0,put,10.03,10.24,10.13,10.1,2444,8134,0.34658,-0.18136,186,375.0
2022-06-13,2022-12-16,315.0,call,70.85,72.18,71.52,75.0,2,1520,0.32707,0.81101,186,375.0
2022-06-13,2022-12-16,315.0,put,10.89,11.12,11.0,11.05,30,9503,0.33682,-0.19408,186,375.0
2022-06-13,2022-12-16,320.0,call,66.86,68.13,67.5,69.0,18,1700,0.31731,0.79733,186,375.0
2022-06-13,2022-12-16,320.0,put,11.82,12.07,11.95,12.0,559,11002,0.33682,-0.21259,186,375.0
2022-06-13,2022-12-16,325.0,call,62.95,64.16,63.55,65.9,80,5422,0.31731,0.77747,186,375.0
2022-06-13,2022-12-16,325.0,put,12.83,13.11,12.97,13.15,733,3134,0.32707,-0.2273,186,375.0
2022-06-13,2022-12-16,330.0,call,59.13,60.28,59.7,59.16,24,3423,0.30755,0.76155,186,375.0
2022-06-13,2022-12-16,330.0,put,13.93,14.24,14.09,14.22,573,9455,0.31731,-0.24313,186,375.0
2022-06-13,2022-12-16,335.0,call,55.4,56.49,55.95,89.14,0,1105,0.30755,0.73982,186,375.0
2022-06-13,2022-12-16,335.0,put,15.12,15.46,15.29,15.37,91,2227,0.31731,-0.26438,186,375.0
2022-06-13,2022-12-16,340.0,call,51.76,52.8,52.28,55.01,3,1550,0.30755,0.71746,186,375.0
2022-06-13,2022-12-16,340.0,put,16.41,16.78,16.59,16.71,785,9293,0.30755,-0.28254,186,375.0
2022-06-13,2022-12-16,345.0,call,48.22,49.2,48.71,47.85,1,1276,0.2978,0.69792,186,375.0
2022-06-13,2022-12-16,345.0,put,17.79,18.2,17.99,17.99,252,5173,0.30755,-0.30544,186,375.0
2022-06-13,2022-12-16,350.0,call,44.79,45.7,45.25,44.72,8,4580,0.2978,0.67391,186,375.0
2022-06-13,2022-12-16,350.0,put,19.3,19.74,19.52,19.52,672,21970,0.2978,-0.32609,186,375.0
2022-06-13,2022-12-16,355.0,call,41.46,42.32,41.89,53.17,0,500,0.28804,0.65171,186,375.0
2022-06-13,2022-12-16,355.0,put,20.91,21.37,21.14,21.11,193,2580,0.2978,-0.35049,186,375.0
2022-06-13,2022-12-16,359.0,call,38.87,39.7,39.28,0.0,0,0,0.28804,0.63135,186,375.0
2022-06-13,2022-12-16,359.0,put,22.27,22.77,22.52,23.17,86,15,0.28804,-0.36865,186,375.0
2022-06-13,2022-12-16,360.0,call,38.23,39.03,38.63,38.17,63,6101,0.28804,0.62624,186,375.0
2022-06-13,2022-12-16,360.0,put,22.6,23.13,22.87,23.66,300,9422,0.28804,-0.37376,186,375.0
2022-06-13,2022-12-16,361.0,call,37.61,38.41,38.01,65.16,0,33,0.28804,0.62112,186,375.0
2022-06-13,2022-12-16,361.0,put,22.97,23.49,23.23,23.28,172,21,0.28804,-0.37888,186,375.0
2022-06-13,2022-12-16,362.0,call,36.98,37.77,37.38,0.0,0,0,0.27829,0.61723,186,375.0
2022-06-13,2022-12-16,362.0,put,23.33,23.86,23.59,23.44,77,29,0.28804,-0.38401,186,375.0
2022-06-13,2022-12-16,363.0,call,36.36,37.14,36.75,63.37,0,33,0.27829,0.61192,186,375.0
2022-06-13,2022-12-16,363.0,put,23.69,24.23,23.96,24.02,142,2134,0.28804,-0.38914,186,375.0
2022-06-13,2022-12-16,364.0,call,35.74,36.51,36.12,0.0,0,0,0.27829,0.60661,186,375.0
2022-06-13,2022-12-16,364.0,put,24.08,24.61,24.34,24.19,40,23,0.28804,-0.39428,186,375.0
2022-06-13,2022-12-16,365.0,call,35.13,35.89,35.51,35.76,22,1638,0.27829,0.60129,186,375.0
2022-06-13,2022-12-16,365.0,put,24.43,24.99,24.71,24.74,379,3630,0.28804,-0.39943,186,375.0
2022-06-13,2022-12-16,366.0,call,34.52,35.27,34.9,61.13,0,33,0.27829,0.59596,186,375.0
2022-06-13,2022-12-16,366.0,put,24.83,25.38,25.1,24.09,68,19,0.28804,-0.40457,186,375.0
2022-06-13,2022-12-16,367.0,call,33.92,34.65,34.28,60.5,0,33,0.27829,0.59063,186,375.0
2022-06-13,2022-12-16,367.0,put,25.24,25.77,25.5,23.97,19,16,0.28804,-0.40972,186,375.0
2022-06-13,2022-12-16,368.0,call,33.32,34.04,33.68,59.7,0,66,0.27829,0.5853,186,375.0
2022-06-13,2022-12-16,368.0,put,25.63,26.17,25.9,25.52,74,29,0.28804,-0.41488,186,375.0
2022-06-13,2022-12-16,369.0,call,32.72,33.44,33.08,58.75,0,99,0.27829,0.57997,186,375.0
2022-06-13,2022-12-16,369.0,put,26.04,26.57,26.3,26.97,65,125,0.28804,-0.42003,186,375.0
2022-06-13,2022-12-16,370.0,call,32.13,32.79,32.46,32.4,29,16753,0.27829,0.57464,186,375.0
2022-06-13,2022-12-16,370.0,put,26.43,26.98,26.7,27.2,541,32829,0.27829,-0.42536,186,375.0
2022-06-13,2022-12-16,371.0,call,31.55,32.19,31.87,57.4,0,33,0.27829,0.5693,186,375.0
2022-06-13,2022-12-16,371.0,put,26.84,27.39,27.12,27.32,67,87,0.27829,-0.4307,186,375.0
2022-06-13,2022-12-16,372.0,call,30.96,31.63,31.3,32.47,6,33,0.26853,0.56349,186,375.0
2022-06-13,2022-12-16,372.0,put,27.25,27.81,27.53,25.76,65,42,0.27829,-0.43603,186,375.0
2022-06-13,2022-12-16,373.0,call,30.39,31.04,30.71,30.2,13,66,0.26853,0.55796,186,375.0
2022-06-13,2022-12-16,373.0,put,27.67,28.23,27.95,28.9,100,83,0.27829,-0.44135,186,375.0
2022-06-13,2022-12-16,374.0,call,29.81,30.45,30.13,55.09,0,66,0.26853,0.55244,186,375.0
2022-06-13,2022-12-16,374.0,put,28.09,28.65,28.37,28.78,33,126,0.27829,-0.44668,186,375.0
2022-06-13,2022-12-16,375.0,call,29.25,29.89,29.57,29.0,90,1521,0.26853,0.54693,186,375.0
2022-06-13,2022-12-16,375.0,put,28.51,29.08,28.8,28.67,362,10985,0.27829,-0.452,186,375.0
2022-06-13,2022-12-16,376.0,call,28.68,29.31,28.99,29.0,19,71,0.26853,0.54142,186,375.0
2022-06-13,2022-12-16,376.0,put,28.97,29.52,29.24,29.26,46,55,0.27829,-0.45731,186,375.0
2022-06-13,2022-12-16,377.0,call,28.13,28.77,28.45,29.9,4,1,0.26853,0.53592,186,375.0
2022-06-13,2022-12-16,377.0,put,29.41,29.96,29.69,30.18,40,137,0.27829,-0.46262,186,375.0
2022-06-13,2022-12-16,378.0,call,27.57,28.19,27.88,28.88,14,67,0.26853,0.53043,186,375.0
2022-06-13,2022-12-16,378.0,put,29.85,30.41,30.13,30.65,72,173,0.27829,-0.46792,186,375.0
2022-06-13,2022-12-16,379.0,call,27.03,27.65,27.34,51.2,0,99,0.26853,0.52494,186,375.0
2022-06-13,2022-12-16,379.0,put,30.29,30.86,30.57,29.53,43,60,0.27829,-0.47321,186,375.0
2022-06-13,2022-12-16,380.0,call,26.48,27.1,26.79,27.07,87,13342,0.26853,0.51947,186,375.0
2022-06-13,2022-12-16,380.0,put,30.74,31.32,31.03,31.25,375,17705,0.27829,-0.47849,186,375.0
2022-06-13,2022-12-16,381.0,call,25.95,26.55,26.25,27.58,5,604,0.26853,0.514,186,375.0
2022-06-13,2022-12-16,381.0,put,31.21,31.78,31.5,31.5,39,57,0.26853,-0.486,186,375.0
2022-06-13,2022-12-16,382.0,call,25.41,26.01,25.71,48.96,0,133,0.26853,0.50855,186,375.0
2022-06-13,2022-12-16,382.0,put,31.67,32.25,31.96,30.66,60,51,0.26853,-0.49145,186,375.0
2022-06-13,2022-12-16,383.0,call,24.89,25.47,25.18,25.02,9,66,0.25877,0.50039,186,375.0
2022-06-13,2022-12-16,383.0,put,32.15,32.72,32.44,30.85,33,37,0.26853,-0.49689,186,375.0
2022-06-13,2022-12-16,384.0,call,24.36,24.94,24.65,24.49,8,105,0.25877,0.49476,186,375.0
2022-06-13,2022-12-16,384.0,put,32.61,33.2,32.91,31.58,34,98,0.26853,-0.50232,186,375.0
2022-06-13,2022-12-16,385.0,call,23.85,24.41,24.13,24.02,34,3246,0.25877,0.48915,186,375.0
2022-06-13,2022-12-16,385.0,put,32.92,33.69,33.3,33.36,454,3412,0.26853,-0.50773,186,375.0
2022-06-13,2022-12-16,386.0,call,23.34,23.89,23.62,23.62,8,34,0.25877,0.48355,186,375.0
2022-06-13,2022-12-16,386.0,put,33.41,34.18,33.8,19.21,0,178,0.26853,-0.51313,186,375.0
2022-06-13,2022-12-16,387.0,call,22.83,23.38,23.1,22.96,33,488,0.25877,0.47797,186,375.0
2022-06-13,2022-12-16,387.0,put,33.88,34.67,34.28,25.86,0,303,0.26853,-0.51851,186,375.0
2022-06-13,2022-12-16,388.0,call,22.33,22.87,22.6,22.48,46,104,0.25877,0.47241,186,375.0
2022-06-13,2022-12-16,388.0,put,34.37,35.18,34.77,33.88,1,77,0.26853,-0.52387,186,375.0
2022-06-13,2022-12-16,389.0,call,21.83,22.36,22.09,21.86,51,101,0.25877,0.46686,186,375.0
2022-06-13,2022-12-16,389.0,put,34.87,35.68,35.27,26.7,0,84,0.26853,-0.52922,186,375.0
2022-06-13,2022-12-16,390.0,call,21.34,21.86,21.6,21.47,59,11229,0.25877,0.46134,186,375.0
2022-06-13,2022-12-16,390.0,put,35.38,36.19,35.78,35.27,851,8707,0.25877,-0.53866,186,375.0
2022-06-13,2022-12-16,391.0,call,20.85,21.37,21.11,20.98,44,563,0.25877,0.45584,186,375.0
2022-06-13,2022-12-16,391.0,put,35.88,36.71,36.3,28.0,0,87,0.25877,-0.54416,186,375.0
2022-06-13,2022-12-16,392.0,call,20.37,20.88,20.62,20.09,50,36,0.24902,0.44562,186,375.0
2022-06-13,2022-12-16,392.0,put,36.39,37.24,36.81,35.0,1,210,0.25877,-0.54964,186,375.0
2022-06-13,2022-12-16,393.0,call,19.9,20.4,20.15,19.65,37,739,0.24902,0.43996,186,375.0
2022-06-13,2022-12-16,393.0,put,36.91,37.77,37.34,36.38,5,607,0.25877,-0.55509,186,375.0
2022-06-13,2022-12-16,394.0,call,19.43,19.92,19.68,19.16,55,492,0.24902,0.43433,186,375.0
2022-06-13,2022-12-16,394.0,put,37.42,38.3,37.86,34.85,9,103,0.25877,-0.56052,186,375.0
2022-06-13,2022-12-16,395.0,call,18.97,19.45,19.21,19.09,405,2601,0.24902,0.42872,186,375.0
2022-06-13,2022-12-16,395.0,put,37.96,38.84,38.4,36.9,23,5914,0.25877,-0.56593,186,375.0
2022-06-13,2022-12-16,396.0,call,18.51,18.98,18.75,18.45,70,496,0.24902,0.42315,186,375.0
2022-06-13,2022-12-16,396.0,put,38.49,39.39,38.94,36.5,2,3075,0.25877,-0.57131,186,375.0
2022-06-13,2022-12-16,397.0,call,18.05,18.52,18.29,18.0,108,59,0.24902,0.4176,186,375.0
2022-06-13,2022-12-16,397.0,put,39.03,39.94,39.48,30.6,0,61,0.25877,-0.57666,186,375.0
2022-06-13,2022-12-16,398.0,call,17.6,18.07,17.84,17.68,75,155,0.24902,0.41208,186,375.0
2022-06-13,2022-12-16,398.0,put,39.58,40.5,40.04,37.57,1,155,0.25877,-0.58199,186,375.0
2022-06-13,2022-12-16,399.0,call,17.16,17.62,17.39,17.09,187,54,0.24902,0.4066,186,375.0
2022-06-13,2022-12-16,399.0,put,40.12,41.07,40.59,39.13,2,44,0.25877,-0.58728,186,375.0
2022-06-13,2022-12-16,400.0,call,16.72,17.18,16.95,16.36,563,15297,0.24902,0.40115,186,375.0
2022-06-13,2022-12-16,400.0,put,40.69,41.64,41.16,41.43,756,40765,0.25877,-0.59255,186,375.0
2022-06-13,2022-12-16,401.0,call,16.3,16.74,16.52,16.58,37,152,0.24902,0.39572,186,375.0
2022-06-13,2022-12-16,401.0,put,41.25,42.22,41.73,33.04,0,60,0.24902,-0.60428,186,375.0
2022-06-13,2022-12-16,402.0,call,15.87,16.31,16.09,16.2,37,170,0.23926,0.38327,186,375.0
2022-06-13,2022-12-16,402.0,put,41.82,42.81,42.31,41.95,20,27,0.24902,-0.60966,186,375.0
2022-06-13,2022-12-16,403.0,call,15.46,15.89,15.68,15.52,41,117,0.23926,0.37773,186,375.0
2022-06-13,2022-12-16,403.0,put,42.39,43.4,42.89,41.26,2,31,0.24902,-0.61502,186,375.0
2022-06-13,2022-12-16,404.0,call,15.05,15.47,15.26,15.36,42,27,0.23926,0.37223,186,375.0
2022-06-13,2022-12-16,404.0,put,42.98,43.99,43.48,41.82,1,88,0.24902,-0.62033,186,375.0
2022-06-13,2022-12-16,405.0,call,14.64,15.06,14.85,14.95,177,1140,0.23926,0.36677,186,375.0
2022-06-13,2022-12-16,405.0,put,43.56,44.59,44.08,44.11,66,8848,0.24902,-0.62562,186,375.0
2022-06-13,2022-12-16,406.0,call,14.24,14.65,14.45,14.54,88,431,0.23926,0.36134,186,375.0
2022-06-13,2022-12-16,406.0,put,44.17,45.21,44.69,43.07,5,250,0.24902,-0.63086,186,375.0
2022-06-13,2022-12-16,407.0,call,13.85,14.26,14.05,14.11,76,2257,0.23926,0.35596,186,375.0
2022-06-13,2022-12-16,407.0,put,44.77,45.83,45.3,26.09,0,151,0.24902,-0.63607,186,375.0
2022-06-13,2022-12-16,408.0,call,13.47,13.86,13.66,13.63,76,251,0.23926,0.35062,186,375.0
2022-06-13,2022-12-16,408.0,put,45.37,46.46,45.91,44.75,4,857,0.24902,-0.64124,186,375.0
2022-06-13,2022-12-16,409.0,call,13.09,13.48,13.29,13.27,125,292,0.23926,0.34532,186,375.0
2022-06-13,2022-12-16,409.0,put,45.98,47.09,46.53,47.0,11,87,0.24902,-0.64638,186,375.0
2022-06-13,2022-12-16,410.0,call,12.71,13.1,12.91,12.88,101,3493,0.23926,0.34007,186,375.0
2022-06-13,2022-12-16,410.0,put,46.6,47.73,47.16,48.01,60,6196,0.24902,-0.65147,186,375.0
2022-06-13,2022-12-16,411.0,call,12.35,12.72,12.54,12.51,37,809,0.23926,0.33486,186,375.0
2022-06-13,2022-12-16,411.0,put,47.25,48.37,47.81,45.03,1,186,0.24902,-0.65652,186,375.0
2022-06-13,2022-12-16,412.0,call,11.99,12.35,12.17,12.18,56,394,0.22951,0.32039,186,375.0
2022-06-13,2022-12-16,412.0,put,47.88,49.02,48.45,26.29,0,72,0.24902,-0.66154,186,375.0
2022-06-13,2022-12-16,413.0,call,11.63,11.99,11.81,11.78,37,799,0.22951,0.31511,186,375.0
2022-06-13,2022-12-16,413.0,put,48.52,49.68,49.1,47.78,61,1066,0.23926,-0.67543,186,375.0
2022-06-13,2022-12-16,414.0,call,11.29,11.64,11.46,11.43,38,2540,0.22951,0.30989,186,375.0
2022-06-13,2022-12-16,414.0,put,49.18,50.35,49.77,39.36,0,61,0.23926,-0.68051,186,375.0
2022-06-13,2022-12-16,415.0,call,10.95,11.3,11.12,11.12,60,1315,0.22951,0.30471,186,375.0
2022-06-13,2022-12-16,415.0,put,49.83,51.02,50.42,50.94,113,6799,0.23926,-0.68554,186,375.0
2022-06-13,2022-12-16,416.0,call,10.61,10.96,10.79,10.77,37,223,0.22951,0.29959,186,375.0
2022-06-13,2022-12-16,416.0,put,50.49,51.71,51.1,28.09,0,59,0.23926,-0.69052,186,375.0
2022-06-13,2022-12-16,417.0,call,10.29,10.62,10.45,11.17,31,662,0.22951,0.29452,186,375.0
2022-06-13,2022-12-16,417.0,put,51.16,52.39,51.77,32.0,0,3049,0.23926,-0.69546,186,375.0
2022-06-13,2022-12-16,418.0,call,9.96,10.3,10.13,10.11,44,254,0.22951,0.2895,186,375.0
2022-06-13,2022-12-16,418.0,put,51.82,53.08,52.45,31.33,0,66,0.23926,-0.70035,186,375.0
2022-06-13,2022-12-16,419.0,call,9.65,9.98,9.82,9.83,37,633,0.22951,0.28453,186,375.0
2022-06-13,2022-12-16,419.0,put,52.52,53.79,53.16,42.73,0,2034,0.23926,-0.7052,186,375.0
2022-06-13,2022-12-16,420.0,call,9.34,9.66,9.5,9.48,353,16169,0.22951,0.27961,186,375.0
2022-06-13,2022-12-16,420.0,put,53.75,54.49,54.12,54.7,91,17297,0.23926,-0.70999,186,375.0
2022-06-13,2022-12-16,421.0,call,9.04,9.36,9.2,9.18,37,1053,0.22951,0.27475,186,375.0
2022-06-13,2022-12-16,421.0,put,53.89,55.21,54.55,51.36,1,26,0.23926,-0.71474,186,375.0
2022-06-13,2022-12-16,422.0,call,8.75,9.06,8.91,8.91,37,449,0.21975,0.25871,186,375.0
2022-06-13,2022-12-16,422.0,put,54.62,55.92,55.27,41.27,0,318,0.23926,-0.71944,186,375.0
2022-06-13,2022-12-16,423.0,call,8.46,8.77,8.62,8.6,48,1350,0.21975,0.25385,186,375.0
2022-06-13,2022-12-16,423.0,put,55.32,56.65,55.98,32.05,0,16,0.23926,-0.72409,186,375.0
2022-06-13,2022-12-16,424.0,call,8.18,8.48,8.33,8.33,86,519,0.21975,0.24906,186,375.0
2022-06-13,2022-12-16,424.0,put,56.03,57.4,56.72,33.55,0,310,0.23926,-0.72869,186,375.0
2022-06-13,2022-12-16,425.0,call,7.9,8.2,8.05,7.94,400,2619,0.21975,0.24432,186,375.0
2022-06-13,2022-12-16,425.0,put,56.76,58.14,57.45,54.25,2,4140,0.23926,-0.73324,186,375.0
2022-06-13,2022-12-16,426.0,call,7.63,7.93,7.78,8.35,361,1050,0.21975,0.23964,186,375.0
2022-06-13,2022-12-16,426.0,put,57.5,58.89,58.2,55.72,4,36,0.23926,-0.73774,186,375.0
2022-06-13,2022-12-16,427.0,call,7.37,7.67,7.52,8.07,23,1576,0.21975,0.23502,186,375.0
2022-06-13,2022-12-16,427.0,put,58.23,59.65,58.94,51.33,0,19,0.23926,-0.7422,186,375.0
2022-06-13,2022-12-16,428.0,call,7.12,7.41,7.27,7.63,19,1095,0.21975,0.23046,186,375.0
2022-06-13,2022-12-16,428.0,put,58.97,60.41,59.69,34.12,0,356,0.22951,-0.75777,186,375.0
2022-06-13,2022-12-16,429.0,call,6.87,7.16,7.02,19.4,0,72,0.21975,0.22597,186,375.0
2022-06-13,2022-12-16,429.0,put,59.73,61.18,60.45,59.0,4,16,0.22951,-0.7622,186,375.0
2022-06-13,2022-12-16,430.0,call,6.63,6.91,6.77,6.62,913,15315,0.21975,0.22153,186,375.0
2022-06-13,2022-12-16,430.0,put,60.49,61.96,61.23,61.2,537,4006,0.22951,-0.76658,186,375.0
2022-06-13,2022-12-16,431.0,call,6.39,6.67,6.53,10.02,0,249,0.21975,0.21715,186,375.0
2022-06-13,2022-12-16,431.0,put,61.25,62.75,62.0,54.58,0,15,0.22951,-0.77089,186,375.0
2022-06-13,2022-12-16,432.0,call,6.17,6.44,6.3,9.58,0,552,0.21975,0.21284,186,375.0
2022-06-13,2022-12-16,432.0,put,62.02,63.53,62.78,60.74,2,4,0.22951,-0.77516,186,375.0
2022-06-13,2022-12-16,433.0,call,5.94,6.21,6.08,7.06,3,283,0.21975,0.20858,186,375.0
2022-06-13,2022-12-16,433.0,put,62.8,64.33,63.56,59.66,1,1,0.22951,-0.77937,186,375.0
2022-06-13,2022-12-16,434.0,call,5.72,5.99,5.86,6.74,2,438,0.21,0.19172,186,375.0
2022-06-13,2022-12-16,434.0,put,63.59,65.14,64.37,65.37,2,3,0.22951,-0.78352,186,375.0
2022-06-13,2022-12-16,435.0,call,5.52,5.78,5.65,5.67,44,2185,0.21,0.18756,186,375.0
2022-06-13,2022-12-16,435.0,put,64.39,65.95,65.17,66.19,11,7538,0.22951,-0.78762,186,375.0
2022-06-13,2022-12-16,436.0,call,5.31,5.57,5.44,8.56,0,3026,0.21,0.18347,186,375.0
2022-06-13,2022-12-16,436.0,put,65.19,66.77,65.98,40.16,0,6,0.22951,-0.79166,186,375.0
2022-06-13,2022-12-16,437.0,call,5.12,5.37,5.25,5.2,3,201,0.21,0.17944,186,375.0
2022-06-13,2022-12-16,437.0,put,65.99,67.59,66.79,61.71,1,2,0.22951,-0.79565,186,375.0
2022-06-13,2022-12-16,438.0,call,4.93,5.18,5.05,8.2,0,110,0.21,0.17547,186,375.0
2022-06-13,2022-12-16,438.0,put,66.81,68.42,67.62,33.15,0,3,0.22951,-0.79958,186,375.0
2022-06-13,2022-12-16,439.0,call,4.74,4.99,4.87,5.0,16,68,0.21,0.17157,186,375.0
2022-06-13,2022-12-16,439.0,put,67.62,69.26,68.44,66.58,2,4,0.22951,-0.80346,186,375.0
2022-06-13,2022-12-16,440.0,call,4.56,4.8,4.68,4.79,425,15574,0.21,0.16773,186,375.0
2022-06-13,2022-12-16,440.0,put,68.45,70.1,69.28,67.26,11,10510,0.22951,-0.80729,186,375.0
2022-06-13,2022-12-16,441.0,call,4.39,4.63,4.51,4.45,6,48,0.21,0.16396,186,375.0
2022-06-13,2022-12-16,441.0,put,69.27,70.95,70.11,57.64,0,5,0.22951,-0.81106,186,375.0
2022-06-13,2022-12-16,442.0,call,4.22,4.46,4.34,13.16,0,101,0.21,0.16025,186,375.0
2022-06-13,2022-12-16,442.0,put,70.11,71.79,70.95,54.27,0,5,0.22951,-0.81477,186,375.0
2022-06-13,2022-12-16,443.0,call,4.05,4.29,4.17,9.77,0,187,0.21,0.15661,186,375.0
2022-06-13,2022-12-16,443.0,put,70.95,72.66,71.81,55.16,0,14,0.22951,-0.81843,186,375.0
2022-06-13,2022-12-16,444.0,call,3.9,4.13,4.01,13.3,0,63,0.21,0.15303,186,375.0
2022-06-13,2022-12-16,444.0,put,71.8,73.52,72.66,44.38,0,13,0.22951,-0.82204,186,375.0
2022-06-13,2022-12-16,445.0,call,3.74,3.97,3.86,3.85,35,3431,0.21,0.14951,186,375.0
2022-06-13,2022-12-16,445.0,put,72.65,74.39,73.52,70.75,303,6286,0.22951,-0.8256,186,375.0
2022-06-13,2022-12-16,446.0,call,3.6,3.82,3.71,3.8,11,80,0.21,0.14605,186,375.0
2022-06-13,2022-12-16,446.0,put,73.51,75.27,74.39,42.97,0,0,0.22951,-0.8291,186,375.0
2022-06-13,2022-12-16,447.0,call,3.45,3.68,3.57,6.33,0,79,0.21,0.14266,186,375.0
2022-06-13,2022-12-16,447.0,put,74.38,76.14,75.26,74.62,1,12,0.22951,-0.83255,186,375.0
2022-06-13,2022-12-16,448.0,call,3.31,3.54,3.42,3.39,18,58,0.20024,0.12646,186,375.0
2022-06-13,2022-12-16,448.0,put,75.25,77.03,76.14,65.5,0,25,0.22951,-0.83594,186,375.0
2022-06-13,2022-12-16,449.0,call,3.18,3.4,3.29,12.16,0,59,0.20024,0.12325,186,375.0
2022-06-13,2022-12-16,449.0,put,76.12,77.92,77.02,64.83,0,18,0.22951,-0.83929,186,375.0
2022-06-13,2022-12-16,450.0,call,3.07,3.27,3.17,3.15,984,18219,0.20024,0.12011,186,375.0
2022-06-13,2022-12-16,450.0,put,77.0,78.82,77.91,78.24,45,16934,0.22951,-0.84258,186,375.0
2022-06-13,2022-12-16,451.0,call,2.93,3.14,3.04,3.46,1,254,0.20024,0.11703,186,375.0
2022-06-13,2022-12-16,451.0,put,77.89,79.72,78.81,51.5,0,86,0.22951,-0.84582,186,375.0
2022-06-13,2022-12-16,452.0,call,2.81,3.02,2.92,3.23,5,49,0.20024,0.11401,186,375.0
2022-06-13,2022-12-16,452.0,put,78.78,80.62,79.7,59.5,0,21,0.22951,-0.849,186,375.0
2022-06-13,2022-12-16,453.0,call,2.7,2.91,2.81,3.15,11,429,0.20024,0.11106,186,375.0
2022-06-13,2022-12-16,453.0,put,79.67,81.53,80.6,80.56,3,12,0.22951,-0.85214,186,375.0
2022-06-13,2022-12-16,454.0,call,2.58,2.79,2.69,3.01,70,108,0.20024,0.10817,186,375.0
2022-06-13,2022-12-16,454.0,put,80.57,82.45,81.51,32.02,0,2,0.22951,-0.85523,186,375.0
2022-06-13,2022-12-16,455.0,call,2.48,2.69,2.58,2.63,48,6777,0.20024,0.10533,186,375.0
2022-06-13,2022-12-16,455.0,put,81.48,83.37,82.43,83.03,25,762,0.22951,-0.85826,186,375.0
2022-06-13,2022-12-16,456.0,call,2.37,2.58,2.48,2.5,32,97,0.20024,0.10256,186,375.0
2022-06-13,2022-12-16,456.0,put,82.39,84.29,83.34,84.56,40,71,0.22951,-0.86125,186,375.0
2022-06-13,2022-12-16,457.0,call,2.28,2.48,2.38,2.4,15,19,0.20024,0.09985,186,375.0
2022-06-13,2022-12-16,457.0,put,83.3,85.22,84.26,53.39,0,9,0.22951,-0.86419,186,375.0
2022-06-13,2022-12-16,458.0,call,2.19,2.39,2.29,2.3,73,557,0.20024,0.09719,186,375.0
2022-06-13,2022-12-16,458.0,put,84.22,86.14,85.18,0.0,0,0,0.22951,-0.86707,186,375.0
2022-06-13,2022-12-16,459.0,call,2.1,2.29,2.2,7.35,0,176,0.20024,0.0946,186,375.0
2022-06-13,2022-12-16,459.0,put,85.14,87.08,86.11,56.26,0,1,0.23926,-0.85842,186,375.0
2022-06-13,2022-12-16,460.0,call,2.0,2.2,2.1,2.02,546,6732,0.20024,0.09206,186,375.0
2022-06-13,2022-12-16,460.0,put,86.07,88.02,87.04,87.01,21,5929,0.23926,-0.86126,186,375.0
2022-06-13,2022-12-16,461.0,call,1.93,2.11,2.02,2.35,2,499,0.20024,0.08957,186,375.0
2022-06-13,2022-12-16,461.0,put,87.0,88.96,87.98,54.41,0,1,0.23926,-0.86405,186,375.0
2022-06-13,2022-12-16,462.0,call,1.85,2.03,1.94,3.06,0,1083,0.20024,0.08715,186,375.0
2022-06-13,2022-12-16,462.0,put,87.93,89.91,88.92,74.7,0,1,0.23926,-0.8668,186,375.0
2022-06-13,2022-12-16,463.0,call,1.77,1.96,1.86,1.92,1000,166,0.20024,0.08477,186,375.0
2022-06-13,2022-12-16,463.0,put,88.88,90.86,89.87,0.0,0,0,0.23926,-0.8695,186,375.0
2022-06-13,2022-12-16,464.0,call,1.69,1.88,1.78,6.88,0,2498,0.20024,0.08245,186,375.0
2022-06-13,2022-12-16,464.0,put,89.82,91.81,90.81,76.4,0,1,0.23926,-0.87216,186,375.0
2022-06-13,2022-12-16,465.0,call,1.6,1.81,1.71,1.69,79,6661,0.20024,0.08019,186,375.0
2022-06-13,2022-12-16,465.0,put,90.76,92.77,91.77,90.05,2,2028,0.23926,-0.87478,186,375.0
2022-06-13,2022-12-16,466.0,call,1.56,1.74,1.65,2.76,0,121,0.20024,0.07797,186,375.0
2022-06-13,2022-12-16,466.0,put,91.72,93.73,92.72,72.39,0,1,0.23926,-0.87735,186,375.0
2022-06-13,2022-12-16,470.0,call,1.31,1.48,1.4,1.4,84,9739,0.20024,0.06962,186,375.0
2022-06-13,2022-12-16,470.0,put,95.55,97.6,96.57,97.19,5,12704,0.24902,-0.87648,186,375.0
2022-06-13,2022-12-16,475.0,call,1.01,1.22,1.11,1.1,137,4434,0.19048,0.05057,186,375.0
2022-06-13,2022-12-16,475.0,put,100.42,102.5,101.46,100.58,5,6747,0.24902,-0.88822,186,375.0
2022-06-13,2022-12-16,480.0,call,0.79,1.0,0.9,0.93,126,12754,0.19048,0.04305,186,375.0
2022-06-13,2022-12-16,480.0,put,105.34,107.44,106.39,79.43,0,6534,0.25877,-0.88897,186,375.0
2022-06-13,2022-12-16,485.0,call,0.72,0.82,0.77,0.8,166,7101,0.19048,0.03652,186,375.0
2022-06-13,2022-12-16,485.0,put,110.3,112.42,111.36,109.12,1,367,0.26853,-0.88951,186,375.0
2022-06-13,2022-12-16,490.0,call,0.55,0.69,0.62,0.62,356,6999,0.19048,0.03088,186,375.0
2022-06-13,2022-12-16,490.0,put,115.29,117.41,116.35,114.2,5,215,0.27829,-0.88987,186,375.0
2022-06-13,2022-12-16,495.0,call,0.41,0.58,0.49,0.41,4,6520,0.19048,0.02603,186,375.0
2022-06-13,2022-12-16,495.0,put,120.28,122.4,121.34,99.9,0,224,0.27829,-0.89919,186,375.0
2022-06-13,2022-12-16,500.0,call,0.39,0.43,0.41,0.42,9352,45889,0.19048,0.02187,186,375.0
2022-06-13,2022-12-16,500.0,put,125.27,127.4,126.34,126.0,385,8998,0.28804,-0.89897,186,375.0
2022-06-13,2022-12-16,505.0,call,0.31,0.43,0.37,0.43,363,7253,0.19048,0.01832,186,375.0
2022-06-13,2022-12-16,505.0,put,130.27,132.4,131.34,130.3,8,27,0.2978,-0.89865,186,375.0
2022-06-13,2022-12-16,510.0,call,0.2,0.37,0.29,0.32,29,4598,0.19048,0.0153,186,375.0
2022-06-13,2022-12-16,510.0,put,135.27,137.4,136.34,134.92,1,24,0.30755,-0.89822,186,375.0
2022-06-13,2022-12-16,515.0,call,0.15,0.32,0.23,0.26,35,3645,0.19048,0.01274,186,375.0
2022-06-13,2022-12-16,515.0,put,140.26,142.4,141.33,126.7,0,1003,0.30755,-0.9059,186,375.0
2022-06-13,2022-12-16,520.0,call,0.13,0.29,0.21,0.21,45,6029,0.19048,0.01058,186,375.0
2022-06-13,2022-12-16,520.0,put,145.26,147.4,146.33,142.8,8,4540,0.31731,-0.90512,186,375.0
2022-06-13,2022-12-16,525.0,call,0.15,0.27,0.21,0.17,39,9825,0.20024,0.01213,186,375.0
2022-06-13,2022-12-16,525.0,put,150.26,152.39,151.32,121.34,0,995,0.32707,-0.90427,186,375.0
2022-06-13,2022-12-16,530.0,call,0.13,0.22,0.17,0.12,317,16716,0.20024,0.01019,186,375.0
2022-06-13,2022-12-16,530.0,put,155.26,157.39,156.32,146.79,0,51,0.33682,-0.90337,186,375.0
2022-06-13,2022-12-16,535.0,call,0.07,0.23,0.15,0.2,0,3875,0.20024,0.00854,186,375.0
2022-06-13,2022-12-16,535.0,put,160.27,162.39,161.33,151.8,0,9,0.33682,-0.90989,186,375.0
2022-06-13,2022-12-16,540.0,call,0.1,0.21,0.15,0.15,2,4646,0.21,0.00992,186,375.0
2022-06-13,2022-12-16,540.0,put,165.26,167.39,166.32,150.43,0,19,0.34658,-0.90875,186,375.0
2022-06-13,2022-12-16,545.0,call,0.08,0.16,0.12,0.1,40,2901,0.20024,0.00596,186,375.0
2022-06-13,2022-12-16,545.0,put,170.25,172.39,171.32,155.44,0,12,0.35633,-0.90757,186,375.0
2022-06-13,2022-12-16,550.0,call,0.07,0.19,0.13,0.1,396,13339,0.21,0.00711,186,375.0
2022-06-13,2022-12-16,550.0,put,175.25,177.39,176.32,160.15,0,58,0.35633,-0.91338,186,375.0
2022-06-13,2022-12-16,555.0,call,0.03,0.18,0.1,0.1,11,4344,0.21,0.006,186,375.0
2022-06-13,2022-12-16,555.0,put,180.25,182.39,181.32,165.16,0,14,0.36609,-0.91202,186,375.0
2022-06-13,2022-12-16,560.0,call,0.05,0.13,0.09,0.07,8,1775,0.21,0.00506,186,375.0
2022-06-13,2022-12-16,560.0,put,185.26,187.39,186.32,119.38,0,16,0.37584,-0.91064,186,375.0
2022-06-13,2022-12-16,565.0,call,0.05,0.13,0.09,0.12,0,858,0.21975,0.00608,186,375.0
2022-06-13,2022-12-16,565.0,put,190.25,192.38,191.31,111.23,0,10,0.37584,-0.91588,186,375.0
2022-06-13,2022-12-16,570.0,call,0.04,0.12,0.08,0.06,4,2744,0.21975,0.00518,186,375.0
2022-06-13,2022-12-16,570.0,put,195.24,197.38,196.31,100.8,0,4,0.3856,-0.91436,186,375.0
2022-06-13,2022-12-16,575.0,call,0.04,0.11,0.07,0.1,0,403,0.21975,0.0044,186,375.0
2022-06-13,2022-12-16,575.0,put,200.24,202.38,201.31,132.0,0,1,0.39536,-0.91284,186,375.0
2022-06-13,2022-12-16,580.0,call,0.03,0.11,0.07,0.03,109,65165,0.21975,0.00374,186,375.0
2022-06-13,2022-12-16,580.0,put,205.24,207.38,206.31,0.0,0,0,0.39536,-0.9176,186,375.0
2022-06-13,2022-12-16,585.0,call,0.03,0.1,0.07,0.06,0,643,0.22951,0.00457,186,375.0
2022-06-13,2022-12-16,585.0,put,210.24,212.38,211.31,0.0,0,0,0.40511,-0.91597,186,375.0
2022-06-13,2022-12-16,590.0,call,0.03,0.09,0.06,0.11,0,2489,0.22951,0.00393,186,375.0
2022-06-13,2022-12-16,590.0,put,215.24,217.38,216.31,0.0,0,0,0.41487,-0.91433,186,375.0
2022-06-13,2022-12-16,595.0,call,0.02,0.09,0.06,0.04,1,1028,0.22951,0.00336,186,375.0
2022-06-13,2022-12-16,595.0,put,220.24,222.38,221.31,0.0,0,0,0.41487,-0.9187,186,375.0
2022-06-13,2022-12-16,600.0,call,0.04,0.09,0.07,0.04,79,9994,0.23926,0.00413,186,375.0
2022-06-13,2022-12-16,600.0,put,225.23,227.37,226.3,186.85,0,3009,0.42462,-0.91698,186,375.0
2022-06-13,2022-12-16,605.0,call,0.01,0.1,0.06,0.04,0,4706,0.23926,0.00357,186,375.0
2022-06-13,2022-12-16,605.0,put,230.24,232.37,231.31,0.0,0,0,0.43438,-0.91525,186,375.0
2022-06-13,2022-12-16,610.0,call,0.01,0.03,0.02,0.05,0,1404,0.21975,0.00137,186,375.0
2022-06-13,2022-12-16,610.0,put,235.23,237.37,236.3,0.0,0,0,0.43438,-0.9193,186,375.0
2022-06-13,2022-12-16,615.0,call,0.01,0.07,0.04,0.06,0,119,0.23926,0.00267,186,375.0
2022-06-13,2022-12-16,615.0,put,240.23,242.37,241.3,195.27,0,4,0.44414,-0.9175,186,375.0
2022-06-13,2022-12-16,620.0,call,0.01,0.09,0.05,0.04,0,25,0.23926,0.0023,186,375.0
2022-06-13,2022-12-16,620.0,put,245.23,247.37,246.3,0.0,0,0,0.44414,-0.92132,186,375.0
2022-06-13,2022-12-16,625.0,call,0.01,0.06,0.03,0.04,1,159,0.23926,0.00198,186,375.0
2022-06-13,2022-12-16,625.0,put,250.22,252.37,251.3,0.0,0,0,0.45389,-0.91947,186,375.0
2022-06-13,2022-12-16,630.0,call,0.01,0.06,0.03,0.05,0,384,0.23926,0.00171,186,375.0
2022-06-13,2022-12-16,630.0,put,255.22,257.37,256.3,209.0,0,4,0.46365,-0.91761,186,375.0
2022-06-13,2022-12-16,635.0,call,0.01,0.06,0.03,0.04,0,107,0.23926,0.00147,186,375.0
2022-06-13,2022-12-16,635.0,put,260.23,262.37,261.3,0.0,0,0,0.46365,-0.92118,186,375.0
2022-06-13,2022-12-16,640.0,put,265.22,267.36,266.29,0.0,0,0,0.4734,-0.91928,186,375.0
2022-06-13,2022-12-16,645.0,put,270.22,272.37,271.3,223.3,0,4,0.4734,-0.92268,186,375.0
2022-06-13,2022-12-16,650.0,put,275.21,277.36,276.28,0.0,0,0,0.48316,-0.92074,186,375.0
2022-06-13,2022-12-16,655.0,put,280.21,282.36,281.28,0.0,0,0,0.48316,-0.92397,186,375.0
2022-06-13,2022-12-16,660.0,put,285.21,287.36,286.28,0.0,0,0,0.49292,-0.922,186,375.0
2022-06-13,2022-12-16,665.0,put,290.21,292.36,291.28,0.0,0,0,0.50267,-0.92003,186,375.0
2022-06-13,2022-12-16,670.0,put,295.21,297.36,296.28,0.0,0,0,0.50267,-0.92308,186,375.0
2022-06-13,2022-12-16,675.0,put,300.2,302.36,301.28,0.0,0,0,0.51243,-0.92108,186,375.0
2022-06-13,2022-12-16,680.0,put,305.2,307.36,306.28,226.1,0,4,0.51243,-0.92401,186,375.0
2022-06-13,2022-12-16,685.0,put,310.2,312.36,311.28,0.0,0,0,0.52218,-0.92199,186,375.0
2022-06-13,2022-12-16,690.0,put,315.2,317.36,316.28,229.29,0,1,0.52218,-0.92479,186,375.0
2022-06-13,2022-12-16,695.0,put,320.19,322.35,321.27,0.0,0,0,0.53194,-0.92275,186,375.0
2022-06-13,2022-12-16,700.0,call,0.01,0.03,0.02,0.01,1,418,0.26853,0.00085,186,375.0
2022-06-13,2022-12-16,700.0,put,325.19,327.35,326.27,253.03,0,1,0.53194,-0.92545,186,375.0
2022-06-13,2022-12-16,705.0,call,0.01,0.05,0.03,0.02,0,41,0.28804,0.00161,186,375.0
2022-06-13,2022-12-16,705.0,put,330.19,332.35,331.27,0.0,0,0,0.54169,-0.92338,186,375.0
2022-06-13,2022-12-16,710.0,call,0.01,0.03,0.02,0.01,1,635,0.27829,0.00099,186,375.0
2022-06-13,2022-12-16,710.0,put,335.19,337.35,336.27,0.0,0,0,0.54169,-0.92598,186,375.0
2022-06-13,2022-12-30,150.0,call,224.14,226.27,225.2,241.9,0,6,0.01488,1.0,200,375.0
2022-06-13,2022-12-30,150.0,put,0.79,0.95,0.87,0.9,15,370,0.61974,-0.01265,200,375.0
2022-06-13,2022-12-30,160.0,call,214.21,216.32,215.26,262.97,0,4,0.01488,1.0,200,375.0
2022-06-13,2022-12-30,160.0,put,0.96,1.17,1.06,1.05,6,72,0.60023,-0.0158,200,375.0
2022-06-13,2022-12-30,170.0,call,204.38,206.46,205.42,232.5,0,0,0.01488,1.0,200,375.0
2022-06-13,2022-12-30,170.0,put,1.16,1.37,1.27,1.13,4,173,0.57096,-0.01813,200,375.0
2022-06-13,2022-12-30,180.0,call,194.65,196.69,195.67,0.0,0,0,0.01488,1.0,200,375.0
2022-06-13,2022-12-30,180.0,put,1.38,1.59,1.48,1.5,21,192,0.55145,-0.02204,200,375.0
2022-06-13,2022-12-30,190.0,call,184.98,187.0,185.99,243.1,0,1,0.36609,0.99611,200,375.0
2022-06-13,2022-12-30,190.0,put,1.64,1.85,1.75,1.29,0,50,0.53194,-0.02649,200,375.0
2022-06-13,2022-12-30,200.0,call,175.36,177.37,176.37,177.5,23,63,0.39536,0.98955,200,375.0
2022-06-13,2022-12-30,200.0,put,1.93,2.1,2.02,1.94,79,900,0.51243,-0.03152,200,375.0
2022-06-13,2022-12-30,210.0,call,165.81,167.79,166.8,185.0,0,0,0.40511,0.98207,200,375.0
2022-06-13,2022-12-30,210.0,put,2.26,2.47,2.37,2.26,2,210,0.49292,-0.03721,200,375.0
2022-06-13,2022-12-30,220.0,call,156.31,158.26,157.28,0.0,0,0,0.40511,0.97402,200,375.0
2022-06-13,2022-12-30,220.0,put,2.64,2.85,2.75,2.5,3,388,0.4734,-0.04363,200,375.0
2022-06-13,2022-12-30,230.0,call,146.87,148.79,147.83,228.2,0,1,0.40511,0.96369,200,375.0
2022-06-13,2022-12-30,230.0,put,3.07,3.28,3.17,2.9,2,58,0.45389,-0.05087,200,375.0
2022-06-13,2022-12-30,240.0,call,137.49,139.37,138.43,0.0,0,0,0.39536,0.95418,200,375.0
2022-06-13,2022-12-30,240.0,put,3.57,3.78,3.67,3.63,101,181,0.44414,-0.06231,200,375.0
2022-06-13,2022-12-30,250.0,call,128.2,130.04,129.12,144.31,0,2,0.3856,0.94285,200,375.0
2022-06-13,2022-12-30,250.0,put,4.15,4.36,4.26,4.32,97,398,0.42462,-0.07193,200,375.0
2022-06-13,2022-12-30,260.0,call,119.0,120.79,119.9,0.0,0,0,0.37584,0.92947,200,375.0
2022-06-13,2022-12-30,260.0,put,4.83,5.04,4.94,5.0,11,75,0.40511,-0.08281,200,375.0
2022-06-13,2022-12-30,270.0,call,109.93,111.65,110.79,141.21,0,5,0.36609,0.9138,200,375.0
2022-06-13,2022-12-30,270.0,put,5.63,5.83,5.73,5.26,269,155,0.39536,-0.09951,200,375.0
2022-06-13,2022-12-30,280.0,call,101.0,102.64,101.82,121.84,0,6,0.35633,0.89556,200,375.0
2022-06-13,2022-12-30,280.0,put,6.56,6.77,6.66,6.8,163,764,0.37584,-0.11401,200,375.0
2022-06-13,2022-12-30,285.0,call,96.59,98.2,97.4,0.0,0,0,0.34658,0.88796,200,375.0
2022-06-13,2022-12-30,285.0,put,7.09,7.3,7.2,6.8,11,20,0.37584,-0.12675,200,375.0
2022-06-13,2022-12-30,290.0,call,92.24,93.8,93.02,108.56,0,15,0.34658,0.8745,200,375.0
2022-06-13,2022-12-30,290.0,put,7.67,7.88,7.78,5.3,0,89,0.36609,-0.13549,200,375.0
2022-06-13,2022-12-30,295.0,call,87.94,89.46,88.7,0.0,0,0,0.33682,0.86549,200,375.0
2022-06-13,2022-12-30,295.0,put,8.3,8.52,8.41,7.25,10,49,0.35633,-0.14484,200,375.0
2022-06-13,2022-12-30,300.0,call,83.69,85.16,84.42,115.55,0,46,0.33682,0.85034,200,375.0
2022-06-13,2022-12-30,300.0,put,8.98,9.22,9.1,9.18,125,2069,0.34658,-0.15486,200,375.0
2022-06-13,2022-12-30,305.0,call,79.51,80.91,80.21,0.0,0,0,0.32707,0.8397,200,375.0
2022-06-13,2022-12-30,305.0,put,9.73,9.98,9.86,10.01,27,196,0.34658,-0.17071,200,375.0
2022-06-13,2022-12-30,310.0,call,75.4,76.75,76.08,88.74,0,15,0.32707,0.8228,200,375.0
2022-06-13,2022-12-30,310.0,put,10.54,10.8,10.67,10.8,43,234,0.33682,-0.18237,200,375.0
2022-06-13,2022-12-30,315.0,call,71.35,72.67,72.01,100.2,0,1,0.31731,0.81033,200,375.0
2022-06-13,2022-12-30,315.0,put,11.42,11.69,11.55,11.05,3,2074,0.33682,-0.19984,200,375.0
2022-06-13,2022-12-30,320.0,call,67.38,68.64,68.01,81.66,0,3,0.31731,0.79162,200,375.0
2022-06-13,2022-12-30,320.0,put,12.38,12.68,12.53,12.85,1352,4196,0.32707,-0.21332,200,375.0
2022-06-13,2022-12-30,325.0,call,63.5,64.68,64.09,75.61,0,3,0.30755,0.77708,200,375.0
2022-06-13,2022-12-30,325.0,put,13.42,13.72,13.57,13.47,207,694,0.32707,-0.23242,200,375.0
2022-06-13,2022-12-30,330.0,call,59.69,60.84,60.27,63.7,2,29,0.30755,0.75657,200,375.0
2022-06-13,2022-12-30,330.0,put,14.55,14.89,14.72,14.78,100,587,0.31731,-0.24792,200,375.0
2022-06-13,2022-12-30,335.0,call,55.98,57.08,56.53,57.91,16,4,0.2978,0.73974,200,375.0
2022-06-13,2022-12-30,335.0,put,15.76,16.1,15.93,15.0,10,327,0.30755,-0.26459,200,375.0
2022-06-13,2022-12-30,340.0,call,52.37,53.39,52.88,56.01,46,123,0.2978,0.71747,200,375.0
2022-06-13,2022-12-30,340.0,put,17.07,17.44,17.26,16.56,32,1186,0.30755,-0.28631,200,375.0
2022-06-13,2022-12-30,345.0,call,48.85,49.82,49.34,50.66,5,88,0.2978,0.69466,200,375.0
2022-06-13,2022-12-30,345.0,put,18.47,18.88,18.67,18.7,19,363,0.2978,-0.30534,200,375.0
2022-06-13,2022-12-30,350.0,call,45.43,46.35,45.89,48.0,15,31,0.28804,0.67419,200,375.0
2022-06-13,2022-12-30,350.0,put,19.98,20.44,20.21,20.32,81,3027,0.2978,-0.32858,200,375.0
2022-06-13,2022-12-30,355.0,call,42.12,42.98,42.55,45.24,1,3,0.28804,0.64988,200,375.0
2022-06-13,2022-12-30,355.0,put,21.61,22.09,21.85,21.92,5,207,0.2978,-0.35216,200,375.0
2022-06-13,2022-12-30,360.0,call,38.91,39.72,39.31,63.93,0,20,0.27829,0.62674,200,375.0
2022-06-13,2022-12-30,360.0,put,23.32,23.85,23.59,24.08,92,648,0.28804,-0.37471,200,375.0
2022-06-13,2022-12-30,365.0,call,35.81,36.57,36.19,37.23,14,28,0.27829,0.60113,200,375.0
2022-06-13,2022-12-30,365.0,put,25.16,25.72,25.44,24.29,24,396,0.28804,-0.39948,200,375.0
2022-06-13,2022-12-30,370.0,call,32.82,33.54,33.18,32.84,21,29,0.26853,0.57527,200,375.0
2022-06-13,2022-12-30,370.0,put,27.1,27.67,27.39,27.5,110,452,0.27829,-0.42456,200,375.0
2022-06-13,2022-12-30,375.0,call,29.95,30.62,30.29,30.0,13,109,0.26853,0.54866,200,375.0
2022-06-13,2022-12-30,375.0,put,29.16,29.81,29.48,29.46,75,550,0.27829,-0.45023,200,375.0
2022-06-13,2022-12-30,380.0,call,27.19,27.81,27.5,27.25,35,26,0.25877,0.52009,200,375.0
2022-06-13,2022-12-30,380.0,put,31.35,32.05,31.7,32.0,126,1080,0.26853,-0.47782,200,375.0
2022-06-13,2022-12-30,385.0,call,24.56,25.14,24.85,24.23,13,76,0.25877,0.49287,200,375.0
2022-06-13,2022-12-30,385.0,put,33.65,34.4,34.02,32.96,83,519,0.26853,-0.50404,200,375.0
2022-06-13,2022-12-30,390.0,call,22.05,22.59,22.32,22.39,75,332,0.24902,0.46179,200,375.0
2022-06-13,2022-12-30,390.0,put,36.08,36.9,36.49,36.65,21,398,0.25877,-0.53396,200,375.0
2022-06-13,2022-12-30,395.0,call,19.67,20.16,19.91,20.37,69,41,0.24902,0.43446,200,375.0
2022-06-13,2022-12-30,395.0,put,38.65,39.53,39.09,36.7,15,627,0.25877,-0.5603,200,375.0
2022-06-13,2022-12-30,400.0,call,17.43,17.89,17.66,17.9,56,1056,0.23926,0.40123,200,375.0
2022-06-13,2022-12-30,400.0,put,41.36,42.3,41.83,42.5,118,1757,0.24902,-0.59223,200,375.0
2022-06-13,2022-12-30,405.0,call,15.33,15.76,15.54,16.3,16,94,0.23926,0.37437,200,375.0
2022-06-13,2022-12-30,405.0,put,44.22,45.23,44.72,42.9,47,210,0.24902,-0.61817,200,375.0
2022-06-13,2022-12-30,410.0,call,13.38,13.78,13.58,13.75,3,323,0.22951,0.33961,200,375.0
2022-06-13,2022-12-30,410.0,put,47.23,48.32,47.77,49.0,18,242,0.23926,-0.65158,200,375.0
2022-06-13,2022-12-30,415.0,call,11.62,11.95,11.79,11.7,72,365,0.22951,0.31389,200,375.0
2022-06-13,2022-12-30,415.0,put,50.39,51.57,50.98,51.18,8,181,0.23926,-0.67653,200,375.0
2022-06-13,2022-12-30,420.0,call,9.98,10.28,10.13,10.0,733,713,0.21975,0.27847,200,375.0
2022-06-13,2022-12-30,420.0,put,53.75,55.0,54.38,55.4,5,556,0.23926,-0.70043,200,375.0
2022-06-13,2022-12-30,425.0,call,8.5,8.78,8.64,8.5,13,348,0.21975,0.25458,200,375.0
2022-06-13,2022-12-30,425.0,put,57.24,58.6,57.92,58.2,7,402,0.22951,-0.73402,200,375.0
2022-06-13,2022-12-30,429.0,call,7.4,7.7,7.55,18.76,0,79,0.21975,0.23646,200,375.0
2022-06-13,2022-12-30,429.0,put,60.17,61.59,60.88,56.17,7,46,0.22951,-0.7518,200,375.0
2022-06-13,2022-12-30,430.0,call,7.15,7.44,7.29,7.96,29,573,0.21975,0.23207,200,375.0
2022-06-13,2022-12-30,430.0,put,60.92,62.37,61.64,61.39,17,1000,0.22951,-0.75612,200,375.0
2022-06-13,2022-12-30,431.0,call,6.93,7.2,7.06,14.71,0,144,0.21975,0.22773,200,375.0
2022-06-13,2022-12-30,431.0,put,61.68,63.14,62.41,49.31,0,4,0.22951,-0.76038,200,375.0
2022-06-13,2022-12-30,432.0,call,6.69,6.95,6.82,7.0,1,33,0.21,0.2109,200,375.0
2022-06-13,2022-12-30,432.0,put,62.43,63.91,63.17,36.69,0,37,0.22951,-0.7646,200,375.0
2022-06-13,2022-12-30,433.0,call,6.46,6.72,6.59,6.51,16,31,0.21,0.20663,200,375.0
2022-06-13,2022-12-30,433.0,put,63.21,64.71,63.96,52.58,0,40,0.22951,-0.76877,200,375.0
2022-06-13,2022-12-30,434.0,call,6.23,6.49,6.36,6.62,20,89,0.21,0.20242,200,375.0
2022-06-13,2022-12-30,434.0,put,63.98,65.5,64.74,39.26,0,128,0.22951,-0.77288,200,375.0
2022-06-13,2022-12-30,435.0,call,6.01,6.27,6.14,6.55,76,643,0.21,0.19827,200,375.0
2022-06-13,2022-12-30,435.0,put,64.77,66.3,65.53,61.01,5,266,0.22951,-0.77695,200,375.0
2022-06-13,2022-12-30,436.0,call,5.8,6.05,5.92,5.89,5,29,0.21,0.19418,200,375.0
2022-06-13,2022-12-30,436.0,put,65.55,67.1,66.32,37.47,0,23,0.22951,-0.78096,200,375.0
2022-06-13,2022-12-30,437.0,call,5.59,5.84,5.71,17.83,0,120,0.21,0.19015,200,375.0
2022-06-13,2022-12-30,437.0,put,66.34,67.91,67.12,51.92,0,39,0.22951,-0.78492,200,375.0
2022-06-13,2022-12-30,438.0,call,5.39,5.63,5.51,5.35,2,333,0.21,0.18619,200,375.0
2022-06-13,2022-12-30,438.0,put,67.15,68.74,67.94,69.26,1,32,0.22951,-0.78883,200,375.0
2022-06-13,2022-12-30,439.0,call,5.16,5.43,5.29,9.92,0,134,0.21,0.18228,200,375.0
2022-06-13,2022-12-30,439.0,put,67.96,69.56,68.76,55.03,0,20,0.22951,-0.79269,200,375.0
2022-06-13,2022-12-30,440.0,call,4.97,5.24,5.11,5.07,417,787,0.21,0.17843,200,375.0
2022-06-13,2022-12-30,440.0,put,68.77,70.39,69.58,70.38,25,242,0.22951,-0.7965,200,375.0
2022-06-13,2022-12-30,441.0,call,4.81,5.05,4.93,7.65,0,53,0.21,0.17465,200,375.0
2022-06-13,2022-12-30,441.0,put,69.59,71.23,70.41,44.06,0,30,0.22951,-0.80026,200,375.0
2022-06-13,2022-12-30,442.0,call,4.63,4.87,4.75,4.82,2,71,0.21,0.17092,200,375.0
2022-06-13,2022-12-30,442.0,put,70.41,72.06,71.23,64.02,0,29,0.22951,-0.80397,200,375.0
2022-06-13,2022-12-30,443.0,call,4.44,4.69,4.57,4.89,1,61,0.21,0.16726,200,375.0
2022-06-13,2022-12-30,443.0,put,71.24,72.91,72.07,59.78,0,14,0.22951,-0.80763,200,375.0
2022-06-13,2022-12-30,444.0,call,4.27,4.52,4.39,12.0,0,99,0.21,0.16365,200,375.0
2022-06-13,2022-12-30,444.0,put,72.08,73.77,72.92,58.67,0,15,0.22951,-0.81124,200,375.0
2022-06-13,2022-12-30,445.0,call,4.13,4.35,4.24,4.35,44,320,0.20024,0.14689,200,375.0
2022-06-13,2022-12-30,445.0,put,72.92,74.63,73.78,74.75,23,194,0.22951,-0.81479,200,375.0
2022-06-13,2022-12-30,446.0,call,3.97,4.19,4.08,6.43,0,38,0.20024,0.14344,200,375.0
2022-06-13,2022-12-30,446.0,put,73.77,75.49,74.63,45.11,0,117,0.22951,-0.8183,200,375.0
2022-06-13,2022-12-30,447.0,call,3.82,4.04,3.93,11.91,0,33,0.20024,0.14004,200,375.0
2022-06-13,2022-12-30,447.0,put,74.63,76.37,75.5,72.57,1,58,0.22951,-0.82176,200,375.0
2022-06-13,2022-12-30,448.0,call,3.67,3.89,3.78,4.03,3,59,0.20024,0.13672,200,375.0
2022-06-13,2022-12-30,448.0,put,75.49,77.24,76.36,74.88,6,20,0.22951,-0.82517,200,375.0
2022-06-13,2022-12-30,449.0,call,3.53,3.74,3.63,9.43,0,63,0.20024,0.13345,200,375.0
2022-06-13,2022-12-30,449.0,put,76.35,78.12,77.23,47.31,0,120,0.22951,-0.82853,200,375.0
2022-06-13,2022-12-30,450.0,call,3.39,3.6,3.5,3.35,330,1805,0.20024,0.13024,200,375.0
2022-06-13,2022-12-30,450.0,put,77.22,79.01,78.12,78.72,30,312,0.22951,-0.83184,200,375.0
2022-06-13,2022-12-30,451.0,call,3.26,3.47,3.37,3.49,6,106,0.20024,0.1271,200,375.0
2022-06-13,2022-12-30,451.0,put,78.1,79.9,79.0,63.53,0,121,0.22951,-0.8351,200,375.0
2022-06-13,2022-12-30,452.0,call,3.13,3.34,3.23,10.49,0,112,0.20024,0.12401,200,375.0
2022-06-13,2022-12-30,452.0,put,78.98,80.8,79.89,48.74,0,18,0.22951,-0.83832,200,375.0
2022-06-13,2022-12-30,453.0,call,3.0,3.21,3.1,3.04,72,82,0.20024,0.12099,200,375.0
2022-06-13,2022-12-30,453.0,put,79.87,81.7,80.78,35.59,0,21,0.22951,-0.84148,200,375.0
2022-06-13,2022-12-30,454.0,call,2.88,3.09,2.98,3.07,8,118,0.20024,0.11802,200,375.0
2022-06-13,2022-12-30,454.0,put,80.76,82.6,81.68,66.66,0,77,0.22951,-0.8446,200,375.0
2022-06-13,2022-12-30,455.0,call,2.77,2.98,2.88,2.77,125,311,0.20024,0.11511,200,375.0
2022-06-13,2022-12-30,455.0,put,81.66,83.51,82.59,67.1,0,192,0.22951,-0.84767,200,375.0
2022-06-13,2022-12-30,456.0,call,2.65,2.86,2.75,2.94,6,374,0.20024,0.11226,200,375.0
2022-06-13,2022-12-30,456.0,put,82.56,84.43,83.5,68.36,0,16,0.22951,-0.8507,200,375.0
2022-06-13,2022-12-30,457.0,call,2.55,2.75,2.65,3.3,1,11,0.20024,0.10946,200,375.0
2022-06-13,2022-12-30,457.0,put,83.46,85.35,84.41,59.48,0,5,0.22951,-0.85368,200,375.0
2022-06-13,2022-12-30,458.0,call,2.45,2.65,2.55,2.74,1,34,0.20024,0.10673,200,375.0
2022-06-13,2022-12-30,458.0,put,84.37,86.27,85.32,76.02,0,6,0.22951,-0.85661,200,375.0
2022-06-13,2022-12-30,459.0,call,2.35,2.55,2.45,4.2,0,41,0.20024,0.10404,200,375.0
2022-06-13,2022-12-30,459.0,put,85.29,87.2,86.25,32.48,0,7,0.22951,-0.85949,200,375.0
2022-06-13,2022-12-30,460.0,call,2.25,2.45,2.35,2.45,69,489,0.20024,0.10142,200,375.0
2022-06-13,2022-12-30,460.0,put,86.21,88.13,87.17,85.93,5,274,0.22951,-0.86233,200,375.0
2022-06-13,2022-12-30,461.0,call,2.15,2.36,2.25,3.88,0,24,0.20024,0.09884,200,375.0
2022-06-13,2022-12-30,461.0,put,87.13,89.06,88.09,57.0,0,27,0.22951,-0.86512,200,375.0
2022-06-13,2022-12-30,462.0,call,2.07,2.27,2.17,4.04,0,48,0.20024,0.09632,200,375.0
2022-06-13,2022-12-30,462.0,put,88.06,90.0,89.03,34.63,0,15,0.22951,-0.86787,200,375.0
2022-06-13,2022-12-30,463.0,call,1.99,2.18,2.08,3.33,0,54,0.20024,0.09385,200,375.0
2022-06-13,2022-12-30,463.0,put,88.99,90.95,89.97,54.28,0,54,0.22951,-0.87057,200,375.0
2022-06-13,2022-12-30,464.0,call,1.89,2.1,2.0,18.89,0,4,0.19048,0.07963,200,375.0
2022-06-13,2022-12-30,464.0,put,89.92,91.89,90.91,36.63,0,6,0.22951,-0.87323,200,375.0
2022-06-13,2022-12-30,465.0,call,1.81,2.02,1.92,2.17,3,456,0.19048,0.07739,200,375.0
2022-06-13,2022-12-30,465.0,put,90.86,92.84,91.85,90.62,3,346,0.23926,-0.86441,200,375.0
2022-06-13,2022-12-30,466.0,call,1.74,1.94,1.84,1.94,33,109,0.19048,0.07521,200,375.0
2022-06-13,2022-12-30,466.0,put,91.81,93.8,92.81,42.85,0,3,0.23926,-0.86703,200,375.0
2022-06-13,2022-12-30,467.0,call,1.66,1.87,1.77,1.83,50,70,0.19048,0.07307,200,375.0
2022-06-13,2022-12-30,467.0,put,92.76,94.75,93.75,65.69,0,27,0.23926,-0.86961,200,375.0
2022-06-13,2022-12-30,468.0,call,1.59,1.8,1.7,2.8,0,137,0.19048,0.07099,200,375.0
2022-06-13,2022-12-30,468.0,put,93.71,95.72,94.72,70.11,0,44,0.23926,-0.87216,200,375.0
2022-06-13,2022-12-30,469.0,call,1.52,1.73,1.62,2.7,0,73,0.19048,0.06896,200,375.0
2022-06-13,2022-12-30,469.0,put,94.66,96.68,95.67,79.25,0,10,0.23926,-0.87466,200,375.0
2022-06-13,2022-12-30,470.0,call,1.47,1.66,1.56,1.7,317,958,0.19048,0.06698,200,375.0
2022-06-13,2022-12-30,470.0,put,95.62,97.65,96.64,72.02,0,60,0.23926,-0.87712,200,375.0
2022-06-13,2022-12-30,471.0,call,1.4,1.6,1.5,4.96,0,134,0.19048,0.06504,200,375.0
2022-06-13,2022-12-30,471.0,put,96.58,98.62,97.6,53.65,0,8,0.23926,-0.87955,200,375.0
2022-06-13,2022-12-30,472.0,call,1.34,1.54,1.44,2.54,0,439,0.19048,0.06316,200,375.0
2022-06-13,2022-12-30,472.0,put,97.55,99.59,98.57,0.0,0,0,0.23926,-0.88193,200,375.0
2022-06-13,2022-12-30,473.0,call,1.29,1.48,1.39,2.23,0,115,0.19048,0.06132,200,375.0
2022-06-13,2022-12-30,473.0,put,98.51,100.56,99.53,97.92,3,9,0.23926,-0.88428,200,375.0
2022-06-13,2022-12-30,474.0,call,1.23,1.43,1.33,2.11,0,161,0.19048,0.05952,200,375.0
2022-06-13,2022-12-30,474.0,put,99.49,101.54,100.52,82.62,0,193,0.24902,-0.87578,200,375.0
2022-06-13,2022-12-30,475.0,call,1.18,1.37,1.27,1.19,412,662,0.19048,0.05777,200,375.0
2022-06-13,2022-12-30,475.0,put,100.46,102.53,101.5,101.12,1,161,0.24902,-0.87811,200,375.0
2022-06-13,2022-12-30,476.0,call,1.12,1.32,1.22,4.0,0,46,0.19048,0.05607,200,375.0
2022-06-13,2022-12-30,476.0,put,101.44,103.51,102.47,84.96,0,23,0.24902,-0.8804,200,375.0
2022-06-13,2022-12-30,477.0,call,1.08,1.27,1.18,1.27,23,229,0.19048,0.05441,200,375.0
2022-06-13,2022-12-30,477.0,put,102.42,104.49,103.45,85.85,0,23,0.24902,-0.88266,200,375.0
2022-06-13,2022-12-30,478.0,call,1.02,1.22,1.12,1.14,65,79,0.19048,0.05279,200,375.0
2022-06-13,2022-12-30,478.0,put,103.4,105.48,104.44,88.59,0,6,0.24902,-0.88488,200,375.0
2022-06-13,2022-12-30,479.0,call,0.98,1.18,1.08,1.69,0,150,0.19048,0.05121,200,375.0
2022-06-13,2022-12-30,479.0,put,104.38,106.47,105.42,89.0,0,1,0.24902,-0.88706,200,375.0
2022-06-13,2022-12-30,480.0,call,0.99,1.14,1.06,1.02,209,768,0.19048,0.04968,200,375.0
2022-06-13,2022-12-30,480.0,put,105.36,107.46,106.41,101.0,1,135,0.24902,-0.88922,200,375.0
2022-06-13,2022-12-30,481.0,call,0.89,1.09,0.99,1.02,1,43,0.19048,0.04818,200,375.0
2022-06-13,2022-12-30,481.0,put,106.35,108.45,107.4,0.0,0,0,0.24902,-0.89134,200,375.0
2022-06-13,2022-12-30,482.0,call,0.85,1.06,0.96,3.27,0,91,0.19048,0.04672,200,375.0
2022-06-13,2022-12-30,482.0,put,107.34,109.44,108.39,83.8,0,5,0.25877,-0.88316,200,375.0
2022-06-13,2022-12-30,483.0,call,0.81,1.02,0.92,2.96,0,189,0.19048,0.04531,200,375.0
2022-06-13,2022-12-30,483.0,put,108.33,110.44,109.38,0.0,0,0,0.25877,-0.88527,200,375.0
2022-06-13,2022-12-30,484.0,call,0.77,0.98,0.88,2.99,0,102,0.19048,0.04392,200,375.0
2022-06-13,2022-12-30,484.0,put,109.32,111.43,110.38,0.0,0,0,0.25877,-0.88735,200,375.0
2022-06-13,2022-12-30,485.0,call,0.74,0.95,0.84,0.9,43,5314,0.19048,0.04258,200,375.0
2022-06-13,2022-12-30,485.0,put,110.32,112.43,111.38,68.93,0,21,0.25877,-0.88939,200,375.0
2022-06-13,2022-12-30,486.0,call,0.7,0.91,0.8,1.58,0,24,0.19048,0.04127,200,375.0
2022-06-13,2022-12-30,486.0,put,111.31,113.42,112.37,0.0,0,0,0.25877,-0.89141,200,375.0
2022-06-13,2022-12-30,487.0,call,0.67,0.88,0.78,0.9,50,19,0.19048,0.04,200,375.0
2022-06-13,2022-12-30,487.0,put,112.3,114.41,113.35,0.0,0,0,0.25877,-0.8934,200,375.0
2022-06-13,2022-12-30,488.0,call,0.64,0.85,0.74,0.75,1,43,0.19048,0.03876,200,375.0
2022-06-13,2022-12-30,488.0,put,113.3,115.41,114.35,0.0,0,0,0.25877,-0.89535,200,375.0
2022-06-13,2022-12-30,489.0,call,0.61,0.82,0.71,1.8,0,52,0.19048,0.03756,200,375.0
2022-06-13,2022-12-30,489.0,put,114.29,116.41,115.35,84.66,0,0,0.26853,-0.88745,200,375.0
2022-06-13,2022-12-30,490.0,call,0.59,0.79,0.69,0.7,242,1267,0.19048,0.03639,200,375.0
2022-06-13,2022-12-30,490.0,put,115.29,117.41,116.35,85.55,0,0,0.26853,-0.88941,200,375.0
2022-06-13,2022-12-30,491.0,call,0.56,0.76,0.66,1.15,0,4,0.19048,0.03525,200,375.0
2022-06-13,2022-12-30,491.0,put,116.3,118.41,117.35,57.14,0,1,0.26853,-0.89133,200,375.0
2022-06-13,2022-12-30,492.0,call,0.53,0.74,0.64,1.01,0,15,0.19048,0.03414,200,375.0
2022-06-13,2022-12-30,492.0,put,117.28,119.41,118.34,83.34,0,135,0.26853,-0.89323,200,375.0
2022-06-13,2022-12-30,493.0,call,0.51,0.71,0.61,0.65,1,43,0.19048,0.03307,200,375.0
2022-06-13,2022-12-30,493.0,put,118.28,120.4,119.34,84.22,0,130,0.26853,-0.89509,200,375.0
2022-06-13,2022-12-30,494.0,call,0.49,0.69,0.59,1.5,0,5,0.19048,0.03202,200,375.0
2022-06-13,2022-12-30,494.0,put,119.28,121.4,120.34,98.9,0,690,0.26853,-0.89693,200,375.0
2022-06-13,2022-12-30,495.0,call,0.47,0.67,0.57,0.55,115,128,0.19048,0.031,200,375.0
2022-06-13,2022-12-30,495.0,put,120.28,122.4,121.34,92.6,0,697,0.27829,-0.88927,200,375.0
2022-06-13,2022-12-30,496.0,call,0.44,0.65,0.55,1.89,0,1,0.19048,0.03002,200,375.0
2022-06-13,2022-12-30,496.0,put,121.28,123.4,122.34,0.0,0,0,0.27829,-0.89111,200,375.0
2022-06-13,2022-12-30,497.0,call,0.43,0.63,0.53,0.43,4,47,0.19048,0.02906,200,375.0
2022-06-13,2022-12-30,497.0,put,122.28,124.4,123.34,82.42,0,641,0.27829,-0.89293,200,375.0
2022-06-13,2022-12-30,498.0,call,0.4,0.61,0.51,0.51,31,34,0.19048,0.02813,200,375.0
2022-06-13,2022-12-30,498.0,put,123.28,125.4,124.34,83.3,0,641,0.27829,-0.89472,200,375.0
2022-06-13,2022-12-30,499.0,call,0.39,0.59,0.49,0.51,12,96,0.19048,0.02722,200,375.0
2022-06-13,2022-12-30,499.0,put,124.27,126.4,125.34,0.0,0,0,0.27829,-0.89648,200,375.0
2022-06-13,2022-12-30,500.0,call,0.37,0.57,0.47,0.46,245,1792,0.19048,0.02634,200,375.0
2022-06-13,2022-12-30,500.0,put,125.27,127.4,126.34,90.39,0,482,0.27829,-0.89822,200,375.0
2022-06-13,2022-12-30,501.0,call,0.36,0.55,0.46,0.75,0,76,0.19048,0.02549,200,375.0
2022-06-13,2022-12-30,501.0,put,126.27,128.4,127.34,105.55,0,451,0.28804,-0.89078,200,375.0
2022-06-13,2022-12-30,502.0,call,0.34,0.53,0.44,1.04,0,19,0.19048,0.02466,200,375.0
2022-06-13,2022-12-30,502.0,put,127.27,129.4,128.34,91.47,0,948,0.28804,-0.89252,200,375.0
2022-06-13,2022-12-30,503.0,call,0.33,0.52,0.43,1.24,0,12,0.19048,0.02386,200,375.0
2022-06-13,2022-12-30,503.0,put,128.27,130.4,129.34,68.35,0,940,0.28804,-0.89423,200,375.0
2022-06-13,2022-12-30,504.0,call,0.31,0.5,0.41,0.92,0,25,0.19048,0.02307,200,375.0
2022-06-13,2022-12-30,504.0,put,129.27,131.4,130.34,0.0,0,0,0.28804,-0.89593,200,375.0
2022-06-13,2022-12-30,505.0,call,0.3,0.49,0.4,0.46,41,336,0.19048,0.02232,200,375.0
2022-06-13,2022-12-30,505.0,put,130.27,132.4,131.34,103.83,0,1,0.28804,-0.89759,200,375.0
2022-06-13,2022-12-30,506.0,call,0.29,0.47,0.38,1.03,0,4,0.19048,0.02158,200,375.0
2022-06-13,2022-12-30,506.0,put,131.27,133.4,132.34,78.83,0,2,0.28804,-0.89924,200,375.0
2022-06-13,2022-12-30,507.0,call,0.28,0.46,0.37,0.98,0,6,0.19048,0.02087,200,375.0
2022-06-13,2022-12-30,507.0,put,132.27,134.4,133.34,85.02,0,0,0.28804,-0.90087,200,375.0
2022-06-13,2022-12-30,508.0,call,0.27,0.45,0.36,0.92,0,310,0.19048,0.02018,200,375.0
2022-06-13,2022-12-30,508.0,put,133.27,135.4,134.34,79.65,0,2,0.2978,-0.89365,200,375.0
2022-06-13,2022-12-30,509.0,call,0.26,0.44,0.35,1.2,0,1,0.19048,0.01951,200,375.0
2022-06-13,2022-12-30,509.0,put,134.27,136.4,135.34,0.0,0,0,0.2978,-0.89528,200,375.0
2022-06-13,2022-12-30,510.0,call,0.25,0.42,0.33,0.39,2,1054,0.19048,0.01886,200,375.0
2022-06-13,2022-12-30,510.0,put,135.27,137.4,136.34,97.37,0,11,0.2978,-0.89689,200,375.0
2022-06-13,2022-12-30,511.0,call,0.24,0.41,0.32,0.8,0,7,0.19048,0.01823,200,375.0
2022-06-13,2022-12-30,511.0,put,136.27,138.4,137.34,0.0,0,0,0.2978,-0.89847,200,375.0
2022-06-13,2022-12-30,512.0,call,0.23,0.4,0.32,0.33,1,8,0.19048,0.01761,200,375.0
2022-06-13,2022-12-30,512.0,put,137.27,139.4,138.34,0.0,0,0,0.2978,-0.90004,200,375.0
2022-06-13,2022-12-30,513.0,call,0.22,0.39,0.3,0.99,0,18,0.19048,0.01702,200,375.0
2022-06-13,2022-12-30,513.0,put,138.27,140.4,139.34,0.0,0,0,0.2978,-0.90158,200,375.0
2022-06-13,2022-12-30,514.0,call,0.21,0.38,0.29,1.02,0,13,0.19048,0.01645,200,375.0
2022-06-13,2022-12-30,514.0,put,139.27,141.39,140.33,0.0,0,0,0.2978,-0.90311,200,375.0
2022-06-13,2022-12-30,515.0,call,0.2,0.37,0.29,0.3,22,399,0.19048,0.01589,200,375.0
2022-06-13,2022-12-30,515.0,put,140.27,142.39,141.33,75.59,0,4,0.30755,-0.89611,200,375.0
2022-06-13,2022-12-30,516.0,call,0.2,0.36,0.28,4.68,0,0,0.19048,0.01535,200,375.0
2022-06-13,2022-12-30,516.0,put,141.27,143.39,142.33,0.0,0,0,0.30755,-0.89763,200,375.0
2022-06-13,2022-12-30,517.0,call,0.19,0.35,0.27,0.92,0,1,0.19048,0.01483,200,375.0
2022-06-13,2022-12-30,517.0,put,142.27,144.39,143.33,0.0,0,0,0.30755,-0.89914,200,375.0
2022-06-13,2022-12-30,518.0,call,0.18,0.35,0.27,0.67,0,3,0.19048,0.01432,200,375.0
2022-06-13,2022-12-30,518.0,put,143.26,145.4,144.33,0.0,0,0,0.30755,-0.90064,200,375.0
2022-06-13,2022-12-30,519.0,call,0.13,0.34,0.24,0.26,1,5,0.19048,0.01383,200,375.0
2022-06-13,2022-12-30,519.0,put,144.26,146.39,145.32,70.6,0,4,0.30755,-0.90211,200,375.0
2022-06-13,2022-12-30,520.0,call,0.17,0.33,0.25,0.25,8,660,0.19048,0.01336,200,375.0
2022-06-13,2022-12-30,520.0,put,145.26,147.39,146.32,71.4,0,4,0.30755,-0.90356,200,375.0
2022-06-13,2022-12-30,521.0,call,0.16,0.32,0.24,0.69,0,13,0.19048,0.0129,200,375.0
2022-06-13,2022-12-30,521.0,put,146.26,148.39,147.32,0.0,0,0,0.30755,-0.90499,200,375.0
2022-06-13,2022-12-30,522.0,call,0.11,0.32,0.21,0.5,0,9,0.19048,0.01245,200,375.0
2022-06-13,2022-12-30,522.0,put,147.26,149.39,148.32,0.0,0,0,0.31731,-0.89819,200,375.0
2022-06-13,2022-12-30,523.0,call,0.15,0.31,0.23,0.78,0,43,0.19048,0.01202,200,375.0
2022-06-13,2022-12-30,523.0,put,148.26,150.39,149.32,96.17,0,1,0.31731,-0.89963,200,375.0
2022-06-13,2022-12-30,525.0,call,0.09,0.3,0.2,0.33,500,6129,0.19048,0.0112,200,375.0
2022-06-13,2022-12-30,525.0,put,150.26,152.39,151.32,98.06,0,19,0.31731,-0.90246,200,375.0
2022-06-13,2022-12-30,530.0,call,0.13,0.27,0.2,0.19,23,238,0.20024,0.0129,200,375.0
2022-06-13,2022-12-30,530.0,put,155.26,157.39,156.32,83.8,0,2,0.32707,-0.90132,200,375.0
2022-06-13,2022-12-30,535.0,call,0.09,0.24,0.16,0.17,90,326,0.19048,0.00782,200,375.0
2022-06-13,2022-12-30,535.0,put,160.26,162.39,161.32,0.0,0,0,0.32707,-0.90789,200,375.0
2022-06-13,2022-12-30,540.0,call,0.08,0.22,0.15,0.15,6,775,0.20024,0.00925,200,375.0
2022-06-13,2022-12-30,540.0,put,165.26,167.39,166.32,89.3,0,100,0.33682,-0.90652,200,375.0
2022-06-13,2022-12-30,545.0,call,0.06,0.2,0.13,0.17,42,228,0.20024,0.00781,200,375.0
2022-06-13,2022-12-30,545.0,put,170.25,172.39,171.32,94.0,0,100,0.34658,-0.90512,200,375.0
2022-06-13,2022-12-30,550.0,call,0.08,0.19,0.14,0.12,26,3319,0.20024,0.00659,200,375.0
2022-06-13,2022-12-30,550.0,put,175.25,177.39,176.32,142.2,0,285,0.35633,-0.90369,200,375.0
2022-06-13,2022-12-30,555.0,call,0.1,0.18,0.14,0.15,3,2096,0.21,0.00787,200,375.0
2022-06-13,2022-12-30,555.0,put,180.25,182.38,181.31,0.0,0,0,0.35633,-0.90942,200,375.0
2022-06-13,2022-12-30,560.0,call,0.05,0.19,0.12,0.09,3,3843,0.21,0.0067,200,375.0
2022-06-13,2022-12-30,560.0,put,185.25,187.38,186.31,124.0,0,5,0.36609,-0.90783,200,375.0
2022-06-13,2022-12-30,565.0,call,0.03,0.16,0.1,0.16,0,161,0.21,0.0057,200,375.0
2022-06-13,2022-12-30,565.0,put,190.25,192.38,191.31,132.5,0,2,0.36609,-0.91314,200,375.0
2022-06-13,2022-12-30,570.0,call,0.02,0.15,0.08,0.11,0,2080,0.21,0.00485,200,375.0
2022-06-13,2022-12-30,570.0,put,195.25,197.38,196.31,0.0,0,0,0.37584,-0.91142,200,375.0
2022-06-13,2022-12-30,575.0,call,0.02,0.14,0.08,0.04,50,1468,0.21,0.00411,200,375.0
2022-06-13,2022-12-30,575.0,put,200.24,202.38,201.31,146.4,0,1,0.3856,-0.90969,200,375.0
2022-06-13,2022-12-30,580.0,put,205.24,207.38,206.31,161.6,0,3,0.3856,-0.91453,200,375.0
2022-06-13,2022-12-30,585.0,put,210.24,212.38,211.31,0.0,0,0,0.39536,-0.91271,200,375.0
2022-06-13,2022-12-30,590.0,call,0.01,0.12,0.07,0.06,0,1296,0.21975,0.00372,200,375.0
2022-06-13,2022-12-30,590.0,put,215.24,217.38,216.31,0.0,0,0,0.40511,-0.91088,200,375.0
2022-06-13,2022-12-30,595.0,call,0.02,0.06,0.04,0.02,6,151,0.21,0.0021,200,375.0
2022-06-13,2022-12-30,595.0,put,220.24,222.38,221.31,0.0,0,0,0.40511,-0.91533,200,375.0
2022-06-13,2022-12-30,600.0,call,0.04,0.11,0.07,0.07,104,2726,0.22951,0.00397,200,375.0
2022-06-13,2022-12-30,600.0,put,225.23,227.38,226.31,213.51,0,30,0.41487,-0.91342,200,375.0
2022-06-13,2022-12-30,605.0,call,0.03,0.09,0.06,0.08,0,587,0.22951,0.00343,200,375.0
2022-06-13,2022-12-30,605.0,put,230.23,232.37,231.3,172.0,0,0,0.41487,-0.9176,200,375.0
2022-06-13,2023-01-20,165.0,call,209.22,211.56,210.39,248.23,0,9,0.01488,1.0,221,375.0
2022-06-13,2023-01-20,165.0,put,1.15,1.38,1.26,1.3,286,11465,0.56121,-0.01743,221,375.0
2022-06-13,2023-01-20,170.0,call,204.36,206.67,205.51,268.66,0,0,0.01488,1.0,221,375.0
2022-06-13,2023-01-20,170.0,put,1.33,1.57,1.45,1.45,5,3476,0.56121,-0.0206,221,375.0
2022-06-13,2023-01-20,175.0,call,199.49,201.8,200.65,264.11,0,7,0.01488,1.0,221,375.0
2022-06-13,2023-01-20,175.0,put,1.43,1.69,1.56,1.58,19,3102,0.55145,-0.02262,221,375.0
2022-06-13,2023-01-20,180.0,call,194.65,196.96,195.81,207.59,0,5,0.01488,1.0,221,375.0
2022-06-13,2023-01-20,180.0,put,1.57,1.82,1.7,1.68,73,3511,0.54169,-0.02477,221,375.0
2022-06-13,2023-01-20,185.0,call,189.83,192.12,190.98,223.05,0,10,0.32707,0.99827,221,375.0
2022-06-13,2023-01-20,185.0,put,1.7,1.96,1.83,1.18,0,2621,0.53194,-0.02704,221,375.0
2022-06-13,2023-01-20,190.0,call,185.02,187.3,186.16,249.71,0,12,0.36609,0.99456,221,375.0
2022-06-13,2023-01-20,190.0,put,1.84,2.11,1.98,1.34,0,2152,0.52218,-0.02946,221,375.0
2022-06-13,2023-01-20,195.0,call,180.23,182.5,181.37,223.5,0,3,0.3856,0.99052,221,375.0
2022-06-13,2023-01-20,195.0,put,1.99,2.26,2.12,2.1,1,2195,0.51243,-0.03201,221,375.0
2022-06-13,2023-01-20,200.0,call,175.45,177.7,176.57,205.0,0,37,0.39536,0.98657,221,375.0
2022-06-13,2023-01-20,200.0,put,2.09,2.32,2.21,2.3,344,6889,0.49292,-0.03261,221,375.0
2022-06-13,2023-01-20,205.0,call,170.66,172.89,171.77,206.19,0,754,0.39536,0.98355,221,375.0
2022-06-13,2023-01-20,205.0,put,2.32,2.5,2.41,2.21,28,2505,0.49292,-0.03759,221,375.0
2022-06-13,2023-01-20,210.0,call,165.94,168.16,167.05,205.12,0,5,0.39536,0.98006,221,375.0
2022-06-13,2023-01-20,210.0,put,2.48,2.79,2.63,2.62,31,2860,0.48316,-0.04062,221,375.0
2022-06-13,2023-01-20,215.0,call,161.21,163.41,162.31,176.35,0,9,0.39536,0.97606,221,375.0
2022-06-13,2023-01-20,215.0,put,2.68,2.99,2.83,1.59,0,1988,0.4734,-0.04382,221,375.0
2022-06-13,2023-01-20,220.0,call,156.49,158.67,157.58,160.07,1,32,0.39536,0.97152,221,375.0
2022-06-13,2023-01-20,220.0,put,2.89,3.2,3.04,3.12,35,2688,0.46365,-0.04721,221,375.0
2022-06-13,2023-01-20,225.0,call,151.78,153.95,152.87,233.73,0,24,0.39536,0.96642,221,375.0
2022-06-13,2023-01-20,225.0,put,3.11,3.42,3.26,3.3,46,2344,0.45389,-0.0508,221,375.0
2022-06-13,2023-01-20,230.0,call,147.09,149.24,148.17,177.46,0,14,0.39536,0.96073,221,375.0
2022-06-13,2023-01-20,230.0,put,3.34,3.66,3.5,3.14,20,2477,0.44414,-0.05459,221,375.0
2022-06-13,2023-01-20,235.0,call,142.42,144.55,143.49,212.35,0,13,0.39536,0.95442,221,375.0
2022-06-13,2023-01-20,235.0,put,3.59,3.92,3.75,3.32,10,1602,0.43438,-0.05861,221,375.0
2022-06-13,2023-01-20,240.0,call,137.77,139.84,138.81,174.75,0,86,0.3856,0.95095,221,375.0
2022-06-13,2023-01-20,240.0,put,3.87,4.19,4.03,4.07,16,1841,0.42462,-0.06287,221,375.0
2022-06-13,2023-01-20,245.0,call,133.15,135.23,134.19,169.58,0,11,0.3856,0.94357,221,375.0
2022-06-13,2023-01-20,245.0,put,4.17,4.49,4.33,4.2,6,1583,0.42462,-0.07096,221,375.0
2022-06-13,2023-01-20,250.0,call,128.54,130.59,129.56,136.5,0,181,0.37584,0.93941,221,375.0
2022-06-13,2023-01-20,250.0,put,4.5,4.81,4.65,4.71,117,3188,0.41487,-0.07593,221,375.0
2022-06-13,2023-01-20,255.0,call,123.96,125.99,124.97,186.5,0,3,0.37584,0.93085,221,375.0
2022-06-13,2023-01-20,255.0,put,4.84,5.21,5.03,5.02,24,7242,0.40511,-0.08121,221,375.0
2022-06-13,2023-01-20,260.0,call,119.42,121.41,120.41,156.96,0,48,0.36609,0.92588,221,375.0
2022-06-13,2023-01-20,260.0,put,5.22,5.55,5.38,5.44,14,1386,0.39536,-0.08681,221,375.0
2022-06-13,2023-01-20,265.0,call,114.9,116.86,115.88,195.57,0,7,0.36609,0.91604,221,375.0
2022-06-13,2023-01-20,265.0,put,5.63,5.98,5.8,5.15,6,1328,0.39536,-0.09702,221,375.0
2022-06-13,2023-01-20,270.0,call,110.42,112.34,111.38,141.51,0,50,0.35633,0.91013,221,375.0
2022-06-13,2023-01-20,270.0,put,6.07,6.43,6.25,5.9,5,4073,0.3856,-0.10354,221,375.0
2022-06-13,2023-01-20,275.0,call,105.97,107.86,106.91,107.5,2,181,0.35633,0.89891,221,375.0
2022-06-13,2023-01-20,275.0,put,6.54,6.89,6.71,6.8,70,2169,0.37584,-0.11049,221,375.0
2022-06-13,2023-01-20,280.0,call,101.57,103.41,102.49,122.26,0,89,0.34658,0.89191,221,375.0
2022-06-13,2023-01-20,280.0,put,7.06,7.4,7.23,7.3,52,2586,0.36609,-0.11789,221,375.0
2022-06-13,2023-01-20,285.0,call,97.21,98.95,98.08,123.0,0,118,0.34658,0.87922,221,375.0
2022-06-13,2023-01-20,285.0,put,7.62,7.97,7.79,7.6,19,2488,0.36609,-0.13062,221,375.0
2022-06-13,2023-01-20,290.0,call,92.9,94.61,93.75,121.59,0,180,0.33682,0.87097,221,375.0
2022-06-13,2023-01-20,290.0,put,8.23,8.61,8.42,8.41,60,11676,0.35633,-0.13922,221,375.0
2022-06-13,2023-01-20,295.0,call,88.64,90.35,89.5,116.99,0,104,0.33682,0.85673,221,375.0
2022-06-13,2023-01-20,295.0,put,8.89,9.27,9.08,8.5,11,2356,0.34658,-0.14842,221,375.0
2022-06-13,2023-01-20,300.0,call,84.44,86.1,85.27,84.5,13,395,0.32707,0.84703,221,375.0
2022-06-13,2023-01-20,300.0,put,9.61,9.99,9.8,9.79,1016,7043,0.34658,-0.16332,221,375.0
2022-06-13,2023-01-20,301.0,call,83.61,85.26,84.44,0.0,0,0,0.32707,0.84392,221,375.0
2022-06-13,2023-01-20,301.0,put,9.76,10.14,9.95,9.49,7,395,0.34658,-0.16638,221,375.0
2022-06-13,2023-01-20,302.0,call,82.78,84.4,83.59,141.2,0,0,0.32707,0.84078,221,375.0
2022-06-13,2023-01-20,302.0,put,9.92,10.29,10.11,7.07,0,436,0.34658,-0.16947,221,375.0
2022-06-13,2023-01-20,303.0,call,81.96,83.56,82.76,122.5,0,3,0.32707,0.83761,221,375.0
2022-06-13,2023-01-20,303.0,put,10.07,10.45,10.26,10.17,8,197,0.33682,-0.16761,221,375.0
2022-06-13,2023-01-20,304.0,call,81.13,82.75,81.94,137.03,0,4,0.32707,0.83441,221,375.0
2022-06-13,2023-01-20,304.0,put,10.23,10.61,10.42,10.39,4,326,0.33682,-0.17078,221,375.0
2022-06-13,2023-01-20,305.0,call,80.31,81.9,81.11,84.79,5,63,0.32707,0.83118,221,375.0
2022-06-13,2023-01-20,305.0,put,10.39,10.77,10.58,10.48,50,1515,0.33682,-0.17398,221,375.0
2022-06-13,2023-01-20,306.0,call,79.49,81.07,80.28,82.04,2,2,0.32707,0.82792,221,375.0
2022-06-13,2023-01-20,306.0,put,10.56,10.9,10.73,9.96,10,1160,0.33682,-0.17721,221,375.0
2022-06-13,2023-01-20,307.0,call,78.67,80.26,79.47,165.0,0,1,0.32707,0.82463,221,375.0
2022-06-13,2023-01-20,307.0,put,10.73,11.12,10.93,10.14,10,736,0.33682,-0.18046,221,375.0
2022-06-13,2023-01-20,308.0,call,77.86,79.42,78.64,79.69,2,2,0.32707,0.82131,221,375.0
2022-06-13,2023-01-20,308.0,put,10.9,11.27,11.09,9.98,1,1187,0.33682,-0.18374,221,375.0
2022-06-13,2023-01-20,309.0,call,77.05,78.59,77.82,76.54,2,2,0.31731,0.82326,221,375.0
2022-06-13,2023-01-20,309.0,put,11.06,11.44,11.25,11.16,5,552,0.33682,-0.18704,221,375.0
2022-06-13,2023-01-20,310.0,call,76.24,77.77,77.0,78.48,5,59,0.31731,0.81984,221,375.0
2022-06-13,2023-01-20,310.0,put,11.25,11.62,11.43,10.85,168,2709,0.33682,-0.19038,221,375.0
2022-06-13,2023-01-20,311.0,call,75.43,76.98,76.21,0.0,0,0,0.31731,0.8164,221,375.0
2022-06-13,2023-01-20,311.0,put,11.42,11.8,11.61,6.2,0,381,0.33682,-0.19373,221,375.0
2022-06-13,2023-01-20,312.0,call,74.63,76.15,75.39,157.0,0,1,0.31731,0.81292,221,375.0
2022-06-13,2023-01-20,312.0,put,11.61,11.98,11.79,6.31,0,409,0.32707,-0.19224,221,375.0
2022-06-13,2023-01-20,313.0,call,73.83,75.33,74.58,87.25,0,3,0.31731,0.80942,221,375.0
2022-06-13,2023-01-20,313.0,put,11.79,12.14,11.96,6.39,0,280,0.32707,-0.19569,221,375.0
2022-06-13,2023-01-20,314.0,call,73.03,74.53,73.78,153.4,0,2,0.31731,0.80589,221,375.0
2022-06-13,2023-01-20,314.0,put,11.97,12.35,12.16,6.62,0,798,0.32707,-0.19917,221,375.0
2022-06-13,2023-01-20,315.0,call,72.24,73.72,72.98,148.5,0,45,0.31731,0.80233,221,375.0
2022-06-13,2023-01-20,315.0,put,12.16,12.54,12.35,11.62,74,928,0.32707,-0.20268,221,375.0
2022-06-13,2023-01-20,316.0,call,71.45,72.92,72.19,154.78,0,1,0.31731,0.79874,221,375.0
2022-06-13,2023-01-20,316.0,put,12.36,12.75,12.55,6.7,0,865,0.32707,-0.20621,221,375.0
2022-06-13,2023-01-20,317.0,call,70.66,72.12,71.39,0.0,0,0,0.31731,0.79512,221,375.0
2022-06-13,2023-01-20,317.0,put,12.55,12.93,12.74,6.8,0,333,0.32707,-0.20977,221,375.0
2022-06-13,2023-01-20,318.0,call,69.88,71.33,70.6,131.0,0,1,0.31731,0.79148,221,375.0
2022-06-13,2023-01-20,318.0,put,12.75,13.13,12.94,6.43,0,796,0.32707,-0.21335,221,375.0
2022-06-13,2023-01-20,319.0,call,69.1,70.53,69.81,158.38,0,3,0.30755,0.79289,221,375.0
2022-06-13,2023-01-20,319.0,put,12.95,13.33,13.14,13.05,11,689,0.32707,-0.21696,221,375.0
2022-06-13,2023-01-20,320.0,call,68.32,69.74,69.03,68.46,2,381,0.30755,0.78913,221,375.0
2022-06-13,2023-01-20,320.0,put,13.16,13.54,13.35,13.4,1088,7026,0.32707,-0.22059,221,375.0
2022-06-13,2023-01-20,321.0,call,67.54,68.96,68.25,86.53,0,2,0.30755,0.78534,221,375.0
2022-06-13,2023-01-20,321.0,put,13.37,13.74,13.55,12.37,26,393,0.31731,-0.2196,221,375.0
2022-06-13,2023-01-20,322.0,call,66.77,68.18,67.47,0.0,0,0,0.30755,0.78153,221,375.0
2022-06-13,2023-01-20,322.0,put,13.57,13.97,13.77,10.13,0,741,0.31731,-0.22335,221,375.0
2022-06-13,2023-01-20,323.0,call,66.01,67.4,66.71,0.0,0,0,0.30755,0.77769,221,375.0
2022-06-13,2023-01-20,323.0,put,13.78,14.18,13.98,13.85,11,1038,0.31731,-0.22711,221,375.0
2022-06-13,2023-01-20,324.0,call,65.24,66.62,65.93,121.75,0,417,0.30755,0.77382,221,375.0
2022-06-13,2023-01-20,324.0,put,14.0,14.4,14.2,7.6,0,838,0.31731,-0.23091,221,375.0
2022-06-13,2023-01-20,325.0,call,64.48,65.85,65.16,77.34,0,364,0.30755,0.76993,221,375.0
2022-06-13,2023-01-20,325.0,put,14.22,14.65,14.44,14.7,45,7516,0.31731,-0.23472,221,375.0
2022-06-13,2023-01-20,326.0,call,63.72,65.08,64.4,112.0,0,171,0.30755,0.76601,221,375.0
2022-06-13,2023-01-20,326.0,put,14.45,14.86,14.65,14.7,1,812,0.31731,-0.23856,221,375.0
2022-06-13,2023-01-20,327.0,call,62.96,64.31,63.64,81.84,0,601,0.30755,0.76207,221,375.0
2022-06-13,2023-01-20,327.0,put,14.67,15.09,14.88,14.9,2,1844,0.31731,-0.24242,221,375.0
2022-06-13,2023-01-20,328.0,call,62.21,63.55,62.88,87.71,0,176,0.30755,0.75811,221,375.0
2022-06-13,2023-01-20,328.0,put,14.9,15.32,15.11,15.15,10,879,0.31731,-0.2463,221,375.0
2022-06-13,2023-01-20,329.0,call,61.46,62.79,62.12,109.33,0,1,0.30755,0.75412,221,375.0
2022-06-13,2023-01-20,329.0,put,15.13,15.55,15.34,15.32,1,1369,0.31731,-0.25021,221,375.0
2022-06-13,2023-01-20,330.0,call,60.72,62.03,61.38,63.55,151,377,0.30755,0.7501,221,375.0
2022-06-13,2023-01-20,330.0,put,15.37,15.79,15.58,15.62,609,14926,0.30755,-0.2499,221,375.0
2022-06-13,2023-01-20,335.0,call,57.05,58.31,57.68,71.59,0,163,0.2978,0.73379,221,375.0
2022-06-13,2023-01-20,335.0,put,16.61,17.06,16.84,17.27,98,3305,0.30755,-0.27027,221,375.0
2022-06-13,2023-01-20,340.0,call,53.47,54.67,54.07,54.91,11,532,0.2978,0.71239,221,375.0
2022-06-13,2023-01-20,340.0,put,17.94,18.42,18.18,18.1,3672,8787,0.2978,-0.28761,221,375.0
2022-06-13,2023-01-20,345.0,call,50.07,51.14,50.61,50.8,21,348,0.28804,0.69375,221,375.0
2022-06-13,2023-01-20,345.0,put,19.36,19.75,19.55,19.75,58,6223,0.2978,-0.30946,221,375.0
2022-06-13,2023-01-20,350.0,call,46.61,47.69,47.15,46.55,37,2705,0.28804,0.67087,221,375.0
2022-06-13,2023-01-20,350.0,put,20.88,21.39,21.13,21.4,523,12473,0.28804,-0.32913,221,375.0
2022-06-13,2023-01-20,355.0,call,43.32,44.36,43.84,43.95,28,296,0.27829,0.64973,221,375.0
2022-06-13,2023-01-20,355.0,put,22.51,23.08,22.8,22.89,190,18095,0.28804,-0.35234,221,375.0
2022-06-13,2023-01-20,360.0,call,40.14,41.12,40.63,40.0,126,498,0.27829,0.62551,221,375.0
2022-06-13,2023-01-20,360.0,put,24.24,24.86,24.55,24.5,126,15194,0.28804,-0.37577,221,375.0
2022-06-13,2023-01-20,365.0,call,37.13,37.99,37.56,37.25,84,507,0.27829,0.60114,221,375.0
2022-06-13,2023-01-20,365.0,put,26.07,26.77,26.42,26.53,386,6326,0.27829,-0.39886,221,375.0
2022-06-13,2023-01-20,370.0,call,34.08,34.93,34.5,34.03,104,790,0.26853,0.57643,221,375.0
2022-06-13,2023-01-20,370.0,put,28.02,28.73,28.38,28.35,713,15328,0.27829,-0.4233,221,375.0
2022-06-13,2023-01-20,375.0,call,31.29,32.04,31.66,31.71,300,855,0.26853,0.55113,221,375.0
2022-06-13,2023-01-20,375.0,put,30.09,30.83,30.46,30.6,2861,20846,0.26853,-0.44887,221,375.0
2022-06-13,2023-01-20,380.0,call,28.55,29.27,28.91,28.77,309,857,0.25877,0.52387,221,375.0
2022-06-13,2023-01-20,380.0,put,32.26,33.06,32.66,33.4,1034,30470,0.26853,-0.47403,221,375.0
2022-06-13,2023-01-20,385.0,call,25.91,26.59,26.25,26.42,72,1542,0.25877,0.49798,221,375.0
2022-06-13,2023-01-20,385.0,put,34.57,35.4,34.98,35.06,75,8215,0.25877,-0.50202,221,375.0
2022-06-13,2023-01-20,390.0,call,23.35,24.01,23.68,23.29,77,5561,0.24902,0.46828,221,375.0
2022-06-13,2023-01-20,390.0,put,36.98,37.93,37.45,38.5,518,26777,0.25877,-0.52756,221,375.0
2022-06-13,2023-01-20,395.0,call,20.96,21.59,21.27,21.0,62,1692,0.24902,0.44222,221,375.0
2022-06-13,2023-01-20,395.0,put,39.5,40.54,40.02,40.75,49,19037,0.24902,-0.55778,221,375.0
2022-06-13,2023-01-20,400.0,call,18.7,19.3,19.0,18.9,657,7845,0.23926,0.41038,221,375.0
2022-06-13,2023-01-20,400.0,put,42.19,43.24,42.72,43.0,756,32044,0.24902,-0.58326,221,375.0
2022-06-13,2023-01-20,405.0,call,16.57,17.14,16.86,16.14,168,2409,0.23926,0.38465,221,375.0
2022-06-13,2023-01-20,405.0,put,45.01,46.2,45.61,47.0,22,9744,0.24902,-0.6081,221,375.0
2022-06-13,2023-01-20,410.0,call,14.58,15.12,14.85,14.6,308,3408,0.22951,0.35115,221,375.0
2022-06-13,2023-01-20,410.0,put,47.98,49.26,48.62,49.99,43,16308,0.23926,-0.64028,221,375.0
2022-06-13,2023-01-20,415.0,call,12.79,13.22,13.0,12.87,81,5015,0.22951,0.32632,221,375.0
2022-06-13,2023-01-20,415.0,put,51.1,52.46,51.78,52.44,31,13310,0.23926,-0.66433,221,375.0
2022-06-13,2023-01-20,420.0,call,11.09,11.49,11.29,11.2,366,6973,0.22951,0.30252,221,375.0
2022-06-13,2023-01-20,420.0,put,54.39,55.84,55.12,56.5,234,17507,0.22951,-0.69748,221,375.0
2022-06-13,2023-01-20,425.0,call,9.54,9.94,9.74,9.41,138,6524,0.21975,0.26859,221,375.0
2022-06-13,2023-01-20,425.0,put,57.83,59.37,58.6,59.07,16,8034,0.22951,-0.7202,221,375.0
2022-06-13,2023-01-20,430.0,call,8.14,8.52,8.33,8.25,1258,12263,0.21975,0.24652,221,375.0
2022-06-13,2023-01-20,430.0,put,61.44,63.07,62.25,63.5,227,12525,0.22951,-0.7418,221,375.0
2022-06-13,2023-01-20,435.0,call,6.89,7.26,7.07,7.0,1116,5279,0.21,0.21306,221,375.0
2022-06-13,2023-01-20,435.0,put,65.21,66.93,66.07,66.0,36,14586,0.22951,-0.76228,221,375.0
2022-06-13,2023-01-20,440.0,call,5.79,6.14,5.96,5.93,288,7834,0.21,0.1933,221,375.0
2022-06-13,2023-01-20,440.0,put,69.13,70.95,70.04,70.61,69,10910,0.21975,-0.79387,221,375.0
2022-06-13,2023-01-20,445.0,call,4.82,5.18,5.0,4.92,134,5074,0.21,0.17491,221,375.0
2022-06-13,2023-01-20,445.0,put,73.22,75.12,74.17,74.0,20,9475,0.21975,-0.8122,221,375.0
2022-06-13,2023-01-20,450.0,call,4.0,4.33,4.17,4.06,4251,24556,0.20024,0.14458,221,375.0
2022-06-13,2023-01-20,450.0,put,77.44,79.43,78.44,78.8,139,14954,0.21975,-0.82929,221,375.0
2022-06-13,2023-01-20,455.0,call,3.27,3.63,3.45,3.46,180,20201,0.20024,0.12905,221,375.0
2022-06-13,2023-01-20,455.0,put,81.81,83.87,82.84,82.08,24,6911,0.21975,-0.84518,221,375.0
2022-06-13,2023-01-20,460.0,call,2.69,3.04,2.87,2.81,1681,11078,0.20024,0.11487,221,375.0
2022-06-13,2023-01-20,460.0,put,86.29,88.41,87.35,88.75,26,9082,0.22951,-0.84769,221,375.0
2022-06-13,2023-01-20,465.0,call,2.25,2.53,2.39,2.36,2116,15535,0.19048,0.08959,221,375.0
2022-06-13,2023-01-20,465.0,put,90.9,93.1,92.0,89.78,2,3166,0.22951,-0.8615,221,375.0
2022-06-13,2023-01-20,470.0,call,1.85,2.12,1.99,2.0,133,8878,0.19048,0.07847,221,375.0
2022-06-13,2023-01-20,470.0,put,95.6,97.85,96.72,95.61,2,7577,0.22951,-0.87431,221,375.0
2022-06-13,2023-01-20,475.0,call,1.5,1.77,1.64,1.64,242,24562,0.19048,0.06853,221,375.0
2022-06-13,2023-01-20,475.0,put,100.4,102.71,101.56,100.84,5,3870,0.23926,-0.87485,221,375.0
2022-06-13,2023-01-20,480.0,call,1.2,1.48,1.34,1.35,300,16083,0.19048,0.05968,221,375.0
2022-06-13,2023-01-20,480.0,put,105.29,107.61,106.45,106.72,20,5709,0.23926,-0.88607,221,375.0
2022-06-13,2023-01-20,485.0,call,0.9,1.26,1.08,1.18,53,5734,0.19048,0.05183,221,375.0
2022-06-13,2023-01-20,485.0,put,110.21,112.55,111.38,110.64,2,468,0.24902,-0.88583,221,375.0
2022-06-13,2023-01-20,490.0,call,0.85,1.08,0.97,0.95,178,9565,0.19048,0.04489,221,375.0
2022-06-13,2023-01-20,490.0,put,115.17,117.53,116.35,115.85,10,154,0.25877,-0.88546,221,375.0
2022-06-13,2023-01-20,495.0,call,0.56,0.93,0.75,0.76,11,7119,0.19048,0.03877,221,375.0
2022-06-13,2023-01-20,495.0,put,120.16,122.54,121.35,104.27,0,2595,0.26853,-0.88496,221,375.0
2022-06-13,2023-01-20,500.0,call,0.6,0.67,0.64,0.65,1348,18353,0.19048,0.03341,221,375.0
2022-06-13,2023-01-20,500.0,put,125.15,127.54,126.34,127.0,388,7503,0.26853,-0.89403,221,375.0
2022-06-13,2023-01-20,505.0,call,0.43,0.65,0.54,0.6,32,3202,0.19048,0.02871,221,375.0
2022-06-13,2023-01-20,505.0,put,130.15,132.54,131.34,78.53,0,25,0.27829,-0.89307,221,375.0
2022-06-13,2023-01-20,510.0,call,0.33,0.55,0.44,0.42,14,10063,0.19048,0.02462,221,375.0
2022-06-13,2023-01-20,510.0,put,135.15,137.54,136.34,134.45,4,57,0.28804,-0.89203,221,375.0
2022-06-13,2023-01-20,515.0,call,0.35,0.49,0.42,0.39,35,17736,0.19048,0.02106,221,375.0
2022-06-13,2023-01-20,515.0,put,140.14,142.53,141.33,86.19,0,59,0.2978,-0.89093,221,375.0
2022-06-13,2023-01-20,520.0,call,0.25,0.47,0.36,0.36,356,3982,0.19048,0.01797,221,375.0
2022-06-13,2023-01-20,520.0,put,145.14,147.52,146.33,145.0,1,1189,0.2978,-0.89852,221,375.0
2022-06-13,2023-01-20,525.0,call,0.25,0.38,0.32,0.31,86,3018,0.19048,0.01531,221,375.0
2022-06-13,2023-01-20,525.0,put,150.14,152.53,151.33,114.51,0,39,0.30755,-0.89712,221,375.0
2022-06-13,2023-01-20,530.0,call,0.17,0.33,0.25,0.2,2,17801,0.19048,0.01301,221,375.0
2022-06-13,2023-01-20,530.0,put,155.13,157.51,156.32,152.0,2,49,0.31731,-0.89568,221,375.0
2022-06-13,2023-01-20,535.0,call,0.15,0.3,0.22,0.21,6,1359,0.19048,0.01103,221,375.0
2022-06-13,2023-01-20,535.0,put,160.13,162.51,161.32,133.46,0,15,0.31731,-0.9024,221,375.0
2022-06-13,2023-01-20,540.0,call,0.14,0.34,0.24,0.18,72,4275,0.20024,0.01287,221,375.0
2022-06-13,2023-01-20,540.0,put,165.13,167.51,166.32,94.8,0,101,0.32707,-0.90074,221,375.0
2022-06-13,2023-01-20,545.0,call,0.08,0.31,0.2,0.25,2,4204,0.20024,0.01103,221,375.0
2022-06-13,2023-01-20,545.0,put,170.13,172.53,171.33,143.4,0,11,0.33682,-0.89906,221,375.0
2022-06-13,2023-01-20,550.0,call,0.12,0.29,0.2,0.13,371,5424,0.20024,0.00944,221,375.0
2022-06-13,2023-01-20,550.0,put,175.13,177.51,176.32,142.23,0,301,0.33682,-0.90509,221,375.0
2022-06-13,2023-01-20,555.0,call,0.1,0.27,0.18,0.18,0,4343,0.20024,0.00806,221,375.0
2022-06-13,2023-01-20,555.0,put,180.12,182.51,181.31,128.62,0,0,0.34658,-0.90324,221,375.0
2022-06-13,2023-01-20,560.0,call,0.09,0.2,0.15,0.12,60,3334,0.20024,0.00688,221,375.0
2022-06-13,2023-01-20,560.0,put,185.13,187.52,186.32,138.25,0,4,0.35633,-0.90139,221,375.0
2022-06-13,2023-01-20,565.0,call,0.1,0.19,0.15,0.1,111,2356,0.21,0.00829,221,375.0
2022-06-13,2023-01-20,565.0,put,190.12,192.51,191.31,164.37,0,4,0.35633,-0.90684,221,375.0
2022-06-13,2023-01-20,570.0,call,0.05,0.18,0.11,0.05,19,2947,0.20024,0.00498,221,375.0
2022-06-13,2023-01-20,570.0,put,195.12,197.52,196.32,169.32,0,1,0.36609,-0.90487,221,375.0
2022-06-13,2023-01-20,575.0,call,0.04,0.17,0.11,0.1,1,3136,0.21,0.00615,221,375.0
2022-06-13,2023-01-20,575.0,put,200.12,202.52,201.32,156.15,0,7,0.36609,-0.90995,221,375.0
2022-06-13,2023-01-20,580.0,call,0.01,0.2,0.11,0.11,4,5914,0.21,0.00529,221,375.0
2022-06-13,2023-01-20,580.0,put,205.14,207.54,206.34,188.72,0,10,0.37584,-0.90787,221,375.0
2022-06-13,2023-01-20,585.0,call,0.04,0.15,0.1,0.12,7,1506,0.21,0.00454,221,375.0
2022-06-13,2023-01-20,585.0,put,210.14,212.54,211.34,141.45,0,10,0.3856,-0.90579,221,375.0
2022-06-13,2023-01-20,590.0,call,0.05,0.14,0.1,0.13,0,5636,0.21975,0.00561,221,375.0
2022-06-13,2023-01-20,590.0,put,215.14,217.54,216.34,0.0,0,0,0.3856,-0.91047,221,375.0
2022-06-13,2023-01-20,595.0,call,0.02,0.14,0.08,0.12,0,1473,0.21975,0.00487,221,375.0
2022-06-13,2023-01-20,595.0,put,220.11,222.52,221.31,183.37,0,5,0.39536,-0.90831,221,375.0
2022-06-13,2023-01-20,600.0,call,0.06,0.11,0.08,0.06,252,8075,0.21975,0.00422,221,375.0
2022-06-13,2023-01-20,600.0,put,225.13,227.54,226.33,187.33,0,39,0.39536,-0.91271,221,375.0
2022-06-13,2023-01-20,605.0,call,0.05,0.12,0.08,0.05,1,415,0.21975,0.00366,221,375.0
2022-06-13,2023-01-20,605.0,put,230.13,232.54,231.33,161.48,0,11,0.40511,-0.91049,221,375.0
2022-06-13,2023-01-20,610.0,call,0.04,0.12,0.08,0.12,0,449,0.22951,0.00457,221,375.0
2022-06-13,2023-01-20,610.0,put,235.1,237.51,236.31,166.45,0,10,0.41487,-0.90827,221,375.0
2022-06-13,2023-01-20,615.0,call,0.01,0.11,0.06,0.08,1,377,0.21975,0.00273,221,375.0
2022-06-13,2023-01-20,615.0,put,240.1,242.51,241.31,0.0,0,0,0.41487,-0.91236,221,375.0
2022-06-13,2023-01-20,620.0,call,0.01,0.11,0.06,0.09,0,481,0.22951,0.00349,221,375.0
2022-06-13,2023-01-20,620.0,put,245.12,247.53,246.32,226.0,0,1,0.42462,-0.91009,221,375.0
2022-06-13,2023-01-20,625.0,call,0.02,0.1,0.06,0.1,0,377,0.22951,0.00304,221,375.0
2022-06-13,2023-01-20,625.0,put,250.11,252.52,251.31,0.0,0,0,0.42462,-0.91397,221,375.0
2022-06-13,2023-01-20,630.0,call,0.01,0.1,0.06,0.09,0,1435,0.22951,0.00266,221,375.0
2022-06-13,2023-01-20,630.0,put,255.12,257.53,256.32,0.0,0,0,0.43438,-0.91165,221,375.0
2022-06-13,2023-01-20,635.0,call,0.01,0.09,0.05,0.06,0,1488,0.22951,0.00231,221,375.0
2022-06-13,2023-01-20,635.0,put,260.12,262.53,261.32,0.0,0,0,0.43438,-0.91534,221,375.0
2022-06-13,2023-01-20,640.0,call,0.01,0.09,0.05,0.04,4,439,0.23926,0.00297,221,375.0
2022-06-13,2023-01-20,640.0,put,265.11,267.53,266.32,0.0,0,0,0.44414,-0.91299,221,375.0
2022-06-13,2023-01-20,645.0,call,0.01,0.09,0.05,0.08,0,266,0.23926,0.00261,221,375.0
2022-06-13,2023-01-20,645.0,put,270.11,272.53,271.32,0.0,0,0,0.44414,-0.9165,221,375.0
2022-06-13,2023-01-20,650.0,call,0.01,0.08,0.04,0.02,0,1014,0.23926,0.0023,221,375.0
2022-06-13,2023-01-20,650.0,put,275.11,277.53,276.32,0.0,0,0,0.45389,-0.91412,221,375.0
2022-06-13,2023-01-20,655.0,call,0.03,0.04,0.04,0.05,0,495,0.23926,0.00202,221,375.0
2022-06-13,2023-01-20,655.0,put,280.08,282.51,281.29,213.4,0,0,0.45389,-0.91747,221,375.0
2022-06-13,2023-01-20,660.0,call,0.01,0.08,0.04,0.03,0,220,0.23926,0.00177,221,375.0
2022-06-13,2023-01-20,660.0,put,285.08,287.5,286.29,230.85,0,5,0.46365,-0.91506,221,375.0
2022-06-13,2023-01-20,665.0,call,0.03,0.07,0.05,0.04,1,231,0.24902,0.0023,221,375.0
2022-06-13,2023-01-20,665.0,put,290.08,292.5,291.29,0.0,0,0,0.4734,-0.91266,221,375.0
2022-06-13,2023-01-20,670.0,call,0.01,0.07,0.04,0.03,1,313,0.24902,0.00204,221,375.0
2022-06-13,2023-01-20,670.0,put,295.08,297.5,296.29,0.0,0,0,0.4734,-0.91584,221,375.0
2022-06-13,2023-01-20,675.0,put,300.09,302.51,301.3,0.0,0,0,0.48316,-0.91341,221,375.0
2022-06-13,2023-01-20,680.0,put,305.07,307.5,306.28,229.0,0,1,0.48316,-0.91647,221,375.0
2022-06-13,2023-01-20,685.0,put,310.07,312.5,311.28,0.0,0,0,0.49292,-0.91402,221,375.0
2022-06-13,2023-01-20,690.0,put,315.09,317.52,316.3,223.5,0,1,0.49292,-0.91696,221,375.0
2022-06-13,2023-01-20,695.0,put,320.07,322.5,321.28,295.76,0,0,0.50267,-0.9145,221,375.0
2022-06-13,2023-01-20,700.0,call,0.01,0.05,0.03,0.01,3,2151,0.25877,0.00147,221,375.0
2022-06-13,2023-01-20,700.0,put,325.09,327.52,326.3,299.16,0,30,0.50267,-0.91733,221,375.0
2022-06-13,2023-01-20,705.0,put,330.08,332.52,331.3,0.0,0,0,0.51243,-0.91485,221,375.0
2022-06-13,2023-01-20,710.0,put,335.08,337.52,336.3,0.0,0,0,0.51243,-0.91758,221,375.0
2022-06-13,2023-01-20,720.0,call,0.02,0.03,0.03,0.03,83,1841,0.26853,0.00138,221,375.0
2022-06-13,2023-01-20,720.0,put,345.08,347.52,346.3,331.56,0,18,0.52218,-0.91772,221,375.0
2022-06-13,2023-03-17,150.0,call,223.85,226.68,225.26,224.64,1,2,0.01488,1.0,277,375.0
2022-06-13,2023-03-17,150.0,put,1.15,1.35,1.25,1.32,136,5905,0.56121,-0.01652,277,375.0
2022-06-13,2023-03-17,160.0,call,214.14,216.97,215.56,292.32,0,0,0.01488,1.0,277,375.0
2022-06-13,2023-03-17,160.0,put,1.49,1.71,1.6,1.54,5,126,0.54169,-0.01998,277,375.0
2022-06-13,2023-03-17,170.0,call,204.52,207.36,205.94,297.74,0,0,0.01488,1.0,277,375.0
2022-06-13,2023-03-17,170.0,put,1.77,1.99,1.88,1.6,0,1463,0.52218,-0.02383,277,375.0
2022-06-13,2023-03-17,180.0,call,194.97,197.82,196.39,0.0,0,0,0.36609,0.99344,277,375.0
2022-06-13,2023-03-17,180.0,put,2.06,2.31,2.19,2.08,50,622,0.51243,-0.02995,277,375.0
2022-06-13,2023-03-17,190.0,call,185.49,188.33,186.91,191.26,1,2,0.3856,0.98647,277,375.0
2022-06-13,2023-03-17,190.0,put,2.4,2.66,2.53,2.5,5,1147,0.49292,-0.03494,277,375.0
2022-06-13,2023-03-17,195.0,call,180.78,183.62,182.2,271.67,0,0,0.39536,0.98165,277,375.0
2022-06-13,2023-03-17,195.0,put,2.59,2.85,2.72,2.79,1,184,0.48316,-0.03762,277,375.0
2022-06-13,2023-03-17,200.0,call,176.07,178.69,177.38,195.11,0,6,0.39536,0.97808,277,375.0
2022-06-13,2023-03-17,200.0,put,2.75,3.0,2.88,2.88,15,4098,0.4734,-0.04043,277,375.0
2022-06-13,2023-03-17,205.0,call,171.39,173.95,172.67,248.54,0,0,0.39536,0.97405,277,375.0
2022-06-13,2023-03-17,205.0,put,2.99,3.26,3.12,3.1,12,84,0.46365,-0.04338,277,375.0
2022-06-13,2023-03-17,210.0,call,166.73,169.23,167.98,185.58,0,10,0.39536,0.96953,277,375.0
2022-06-13,2023-03-17,210.0,put,3.21,3.49,3.35,3.0,3,245,0.45389,-0.04648,277,375.0
2022-06-13,2023-03-17,215.0,call,162.11,164.47,163.29,0.0,0,0,0.3856,0.96732,277,375.0
2022-06-13,2023-03-17,215.0,put,3.43,3.73,3.58,3.0,1,394,0.44414,-0.04973,277,375.0
2022-06-13,2023-03-17,220.0,call,157.49,159.79,158.64,158.0,24,14,0.3856,0.96199,277,375.0
2022-06-13,2023-03-17,220.0,put,3.69,3.97,3.83,3.75,14,3147,0.43438,-0.05314,277,375.0
2022-06-13,2023-03-17,225.0,call,152.88,155.11,154.0,195.9,0,3,0.3856,0.95613,277,375.0
2022-06-13,2023-03-17,225.0,put,3.96,4.24,4.1,3.81,10,1994,0.43438,-0.05988,277,375.0
2022-06-13,2023-03-17,230.0,call,148.3,150.45,149.38,152.32,6,10,0.3856,0.9497,277,375.0
2022-06-13,2023-03-17,230.0,put,4.25,4.54,4.39,4.1,3,439,0.42462,-0.06382,277,375.0
2022-06-13,2023-03-17,235.0,call,143.72,145.79,144.75,158.55,0,6,0.37584,0.94633,277,375.0
2022-06-13,2023-03-17,235.0,put,4.55,4.85,4.7,4.38,3,192,0.41487,-0.06795,277,375.0
2022-06-13,2023-03-17,240.0,call,139.18,141.18,140.18,177.5,0,18,0.37584,0.93895,277,375.0
2022-06-13,2023-03-17,240.0,put,4.87,5.19,5.03,5.02,6,387,0.40511,-0.0723,277,375.0
2022-06-13,2023-03-17,245.0,call,134.66,136.55,135.61,199.26,0,9,0.36609,0.93498,277,375.0
2022-06-13,2023-03-17,245.0,put,5.22,5.54,5.38,5.36,1,106,0.39536,-0.07687,277,375.0
2022-06-13,2023-03-17,250.0,call,130.17,132.02,131.09,168.05,0,27,0.36609,0.92655,277,375.0
2022-06-13,2023-03-17,250.0,put,5.44,6.0,5.72,5.75,112,4908,0.39536,-0.08569,277,375.0
2022-06-13,2023-03-17,255.0,call,125.7,127.53,126.62,192.25,0,7,0.36609,0.91751,277,375.0
2022-06-13,2023-03-17,255.0,put,6.01,6.35,6.18,6.04,3001,231,0.3856,-0.09097,277,375.0
2022-06-13,2023-03-17,260.0,call,121.27,123.04,122.16,136.01,0,21,0.35633,0.91234,277,375.0
2022-06-13,2023-03-17,260.0,put,6.45,6.81,6.63,6.2,2,132,0.37584,-0.09654,277,375.0
2022-06-13,2023-03-17,265.0,call,116.87,118.62,117.75,117.32,4,31,0.35633,0.90216,277,375.0
2022-06-13,2023-03-17,265.0,put,6.93,7.3,7.12,6.7,2,192,0.37584,-0.10687,277,375.0
2022-06-13,2023-03-17,270.0,call,112.53,114.09,113.31,118.63,8,48,0.34658,0.89614,277,375.0
2022-06-13,2023-03-17,270.0,put,7.44,7.83,7.63,7.11,13,952,0.36609,-0.11328,277,375.0
2022-06-13,2023-03-17,275.0,call,108.21,109.71,108.96,121.93,0,3,0.34658,0.88475,277,375.0
2022-06-13,2023-03-17,275.0,put,8.0,8.4,8.2,7.92,9,1079,0.35633,-0.12007,277,375.0
2022-06-13,2023-03-17,280.0,call,103.91,105.31,104.61,140.44,0,25,0.33682,0.87775,277,375.0
2022-06-13,2023-03-17,280.0,put,8.6,8.98,8.79,8.68,541,1704,0.35633,-0.13208,277,375.0
2022-06-13,2023-03-17,285.0,call,99.67,101.14,100.41,103.69,10,6,0.33682,0.86509,277,375.0
2022-06-13,2023-03-17,285.0,put,9.25,9.67,9.46,9.28,249,211,0.34658,-0.13989,277,375.0
2022-06-13,2023-03-17,290.0,call,95.5,96.9,96.2,99.4,33,13,0.33682,0.8518,277,375.0
2022-06-13,2023-03-17,290.0,put,9.94,10.39,10.16,10.16,267,1223,0.34658,-0.15311,277,375.0
2022-06-13,2023-03-17,295.0,call,91.37,92.66,92.02,95.15,53,9,0.32707,0.84297,277,375.0
2022-06-13,2023-03-17,295.0,put,10.7,11.15,10.93,11.05,7,161,0.33682,-0.16208,277,375.0
2022-06-13,2023-03-17,300.0,call,87.27,88.54,87.91,88.49,1,129,0.32707,0.82837,277,375.0
2022-06-13,2023-03-17,300.0,put,11.26,12.08,11.67,11.61,318,4083,0.32707,-0.17163,277,375.0
2022-06-13,2023-03-17,305.0,call,83.27,84.51,83.89,86.89,10,163,0.31731,0.81818,277,375.0
2022-06-13,2023-03-17,305.0,put,12.36,12.86,12.61,11.83,51,930,0.32707,-0.18681,277,375.0
2022-06-13,2023-03-17,310.0,call,79.31,81.62,80.47,82.86,10,221,0.31731,0.80223,277,375.0
2022-06-13,2023-03-17,310.0,put,13.3,13.8,13.55,13.6,23,764,0.32707,-0.20252,277,375.0
2022-06-13,2023-03-17,315.0,call,75.41,77.49,76.45,85.7,0,151,0.31731,0.78575,277,375.0
2022-06-13,2023-03-17,315.0,put,14.29,14.81,14.55,14.22,36,523,0.31731,-0.21425,277,375.0
2022-06-13,2023-03-17,320.0,call,71.59,73.82,72.7,74.5,5,226,0.31731,0.76876,277,375.0
2022-06-13,2023-03-17,320.0,put,15.35,15.89,15.62,15.5,3096,1713,0.30755,-0.22679,277,375.0
2022-06-13,2023-03-17,325.0,call,67.84,69.8,68.82,68.69,30,56,0.30755,0.7554,277,375.0
2022-06-13,2023-03-17,325.0,put,16.49,17.05,16.77,16.8,1523,1579,0.30755,-0.2446,277,375.0
2022-06-13,2023-03-17,330.0,call,64.19,66.09,65.14,66.41,2,239,0.30755,0.73715,277,375.0
2022-06-13,2023-03-17,330.0,put,17.7,18.28,17.99,17.67,24,731,0.30755,-0.26285,277,375.0
2022-06-13,2023-03-17,335.0,call,60.58,62.49,61.53,73.7,0,378,0.2978,0.722,277,375.0
2022-06-13,2023-03-17,335.0,put,18.98,19.58,19.28,19.05,17,1242,0.2978,-0.278,277,375.0
2022-06-13,2023-03-17,340.0,call,57.07,58.93,58.0,84.0,0,300,0.2978,0.70252,277,375.0
2022-06-13,2023-03-17,340.0,put,20.34,20.96,20.65,21.0,164,2598,0.2978,-0.29748,277,375.0
2022-06-13,2023-03-17,345.0,call,53.67,55.29,54.48,79.59,0,23,0.28804,0.6854,277,375.0
2022-06-13,2023-03-17,345.0,put,21.8,22.44,22.12,22.3,16,1374,0.28804,-0.3146,277,375.0
2022-06-13,2023-03-17,350.0,call,50.42,51.87,51.14,50.77,34,835,0.28804,0.66477,277,375.0
2022-06-13,2023-03-17,350.0,put,23.08,24.12,23.6,23.8,70,4037,0.28804,-0.33523,277,375.0
2022-06-13,2023-03-17,355.0,call,47.07,48.56,47.81,47.43,28,71,0.27829,0.64553,277,375.0
2022-06-13,2023-03-17,355.0,put,25.0,25.74,25.37,25.5,3,1629,0.27829,-0.35447,277,375.0
2022-06-13,2023-03-17,360.0,call,44.01,45.31,44.66,46.66,8,185,0.27829,0.62384,277,375.0
2022-06-13,2023-03-17,360.0,put,26.76,27.49,27.12,27.5,18,1648,0.27829,-0.37616,277,375.0
2022-06-13,2023-03-17,365.0,call,40.95,42.13,41.54,42.63,1,139,0.27829,0.60206,277,375.0
2022-06-13,2023-03-17,365.0,put,28.61,29.38,28.99,28.95,22,2130,0.26853,-0.39765,277,375.0
2022-06-13,2023-03-17,370.0,call,37.92,39.19,38.55,39.92,10,229,0.26853,0.57976,277,375.0
2022-06-13,2023-03-17,370.0,put,30.57,31.41,30.99,30.81,288,3118,0.26853,-0.42024,277,375.0
2022-06-13,2023-03-17,375.0,call,35.24,36.21,35.73,35.82,2,262,0.26853,0.55721,277,375.0
2022-06-13,2023-03-17,375.0,put,32.63,33.47,33.05,32.91,37,1539,0.26853,-0.44279,277,375.0
2022-06-13,2023-03-17,380.0,call,32.44,33.4,32.92,34.55,18,322,0.25877,0.53264,277,375.0
2022-06-13,2023-03-17,380.0,put,34.39,35.69,35.04,35.59,76,7337,0.25877,-0.46736,277,375.0
2022-06-13,2023-03-17,385.0,call,29.79,30.7,30.24,30.15,194,205,0.25877,0.50954,277,375.0
2022-06-13,2023-03-17,385.0,put,37.11,38.01,37.56,37.51,114,8096,0.25877,-0.49046,277,375.0
2022-06-13,2023-03-17,390.0,call,27.22,28.11,27.66,27.4,9,128,0.24902,0.48273,277,375.0
2022-06-13,2023-03-17,390.0,put,39.04,40.57,39.8,40.0,44,2338,0.24902,-0.51727,277,375.0
2022-06-13,2023-03-17,395.0,call,24.78,25.63,25.2,25.02,15,389,0.24902,0.45937,277,375.0
2022-06-13,2023-03-17,395.0,put,41.53,43.18,42.36,43.2,50,932,0.24902,-0.54063,277,375.0
2022-06-13,2023-03-17,400.0,call,22.43,23.25,22.84,22.8,50,697,0.24902,0.43644,277,375.0
2022-06-13,2023-03-17,400.0,put,44.13,45.83,44.98,45.5,140,6500,0.23926,-0.56954,277,375.0
2022-06-13,2023-03-17,405.0,call,20.18,20.99,20.59,20.31,22,281,0.23926,0.40718,277,375.0
2022-06-13,2023-03-17,405.0,put,46.87,48.65,47.76,45.18,1,1236,0.23926,-0.59282,277,375.0
2022-06-13,2023-03-17,410.0,call,18.06,18.84,18.45,18.0,96,1503,0.23926,0.38451,277,375.0
2022-06-13,2023-03-17,410.0,put,49.74,51.61,50.67,51.59,8,5854,0.23926,-0.61549,277,375.0
2022-06-13,2023-03-17,415.0,call,16.09,16.83,16.46,16.37,66,1030,0.22951,0.35366,277,375.0
2022-06-13,2023-03-17,415.0,put,52.75,54.76,53.75,51.25,4,1611,0.22951,-0.64634,277,375.0
2022-06-13,2023-03-17,420.0,call,14.24,14.94,14.59,14.48,69,1899,0.22951,0.33165,277,375.0
2022-06-13,2023-03-17,420.0,put,55.9,57.96,56.93,58.03,24,4920,0.22951,-0.66835,277,375.0
2022-06-13,2023-03-17,425.0,call,12.52,13.18,12.85,12.64,76,2295,0.21975,0.29973,277,375.0
2022-06-13,2023-03-17,425.0,put,59.2,61.45,60.33,61.43,15,1202,0.22951,-0.68954,277,375.0
2022-06-13,2023-03-17,430.0,call,10.9,11.55,11.23,11.04,64,1099,0.21975,0.27884,277,375.0
2022-06-13,2023-03-17,430.0,put,62.65,65.01,63.83,62.14,51,3836,0.21975,-0.72116,277,375.0
2022-06-13,2023-03-17,435.0,call,9.43,10.07,9.75,10.4,57,2542,0.21975,0.25892,277,375.0
2022-06-13,2023-03-17,435.0,put,66.28,68.72,67.5,66.59,5,2188,0.21975,-0.74108,277,375.0
2022-06-13,2023-03-17,440.0,call,8.15,8.73,8.44,8.5,46,1588,0.21,0.22726,277,375.0
2022-06-13,2023-03-17,440.0,put,70.08,72.57,71.32,69.42,80,4369,0.21975,-0.76002,277,375.0
2022-06-13,2023-03-17,445.0,call,7.0,7.54,7.27,7.15,3,1050,0.21,0.20907,277,375.0
2022-06-13,2023-03-17,445.0,put,74.04,76.58,75.31,76.08,78,3076,0.21975,-0.77798,277,375.0
2022-06-13,2023-03-17,450.0,call,5.93,6.73,6.33,6.0,45,5348,0.21,0.19195,277,375.0
2022-06-13,2023-03-17,450.0,put,78.17,80.74,79.45,77.55,439,4672,0.21975,-0.79496,277,375.0
2022-06-13,2023-03-17,455.0,call,5.07,5.55,5.31,5.27,43,2599,0.20024,0.16226,277,375.0
2022-06-13,2023-03-17,455.0,put,82.39,85.03,83.71,81.25,4,5636,0.21975,-0.81097,277,375.0
2022-06-13,2023-03-17,460.0,call,4.3,4.74,4.52,4.61,14,1842,0.20024,0.14735,277,375.0
2022-06-13,2023-03-17,460.0,put,86.78,89.45,88.12,87.7,4,2794,0.21975,-0.82603,277,375.0
2022-06-13,2023-03-17,465.0,call,3.64,4.04,3.84,4.27,20,2427,0.20024,0.13354,277,375.0
2022-06-13,2023-03-17,465.0,put,91.26,93.99,92.62,92.12,55,2761,0.21975,-0.84014,277,375.0
2022-06-13,2023-03-17,470.0,call,3.15,3.44,3.29,3.19,36,1891,0.19048,0.10752,277,375.0
2022-06-13,2023-03-17,470.0,put,95.85,98.63,97.24,97.79,526,4484,0.21975,-0.85335,277,375.0
2022-06-13,2023-03-17,475.0,call,2.59,2.92,2.75,2.8,411,1421,0.19048,0.09618,277,375.0
2022-06-13,2023-03-17,475.0,put,100.54,103.38,101.96,85.2,0,4080,0.22951,-0.85334,277,375.0
2022-06-13,2023-03-17,480.0,call,2.17,2.5,2.33,2.58,21,2303,0.19048,0.08586,277,375.0
2022-06-13,2023-03-17,480.0,put,105.32,108.15,106.73,91.63,0,203,0.22951,-0.86504,277,375.0
2022-06-13,2023-03-17,485.0,call,1.83,2.12,1.98,2.0,13,1743,0.19048,0.07648,277,375.0
2022-06-13,2023-03-17,485.0,put,110.16,112.99,111.57,94.76,0,109,0.23926,-0.86425,277,375.0
2022-06-13,2023-03-17,490.0,call,1.6,1.82,1.71,1.87,118,2319,0.19048,0.06798,277,375.0
2022-06-13,2023-03-17,490.0,put,115.06,117.89,116.47,92.39,0,75,0.23926,-0.87469,277,375.0
2022-06-13,2023-03-17,495.0,call,1.31,1.56,1.44,1.41,199,1637,0.19048,0.06031,277,375.0
2022-06-13,2023-03-17,495.0,put,120.01,122.83,121.42,107.16,0,12,0.24902,-0.87334,277,375.0
2022-06-13,2023-03-17,500.0,call,1.15,1.45,1.3,1.2,481,7699,0.19048,0.0534,277,375.0
2022-06-13,2023-03-17,500.0,put,124.98,127.8,126.39,123.85,1,263,0.24902,-0.88271,277,375.0
2022-06-13,2023-03-17,505.0,call,0.98,1.27,1.12,1.09,501,9474,0.19048,0.04719,277,375.0
2022-06-13,2023-03-17,505.0,put,129.97,132.79,131.38,116.4,0,56,0.25877,-0.88092,277,375.0
2022-06-13,2023-03-17,510.0,call,0.89,1.12,1.01,0.97,552,5090,0.19048,0.04163,277,375.0
2022-06-13,2023-03-17,510.0,put,134.96,137.78,136.37,97.28,0,3018,0.26853,-0.87911,277,375.0
2022-06-13,2023-03-17,515.0,call,0.59,0.99,0.79,0.92,328,5321,0.19048,0.03666,277,375.0
2022-06-13,2023-03-17,515.0,put,139.96,142.78,141.37,131.58,0,115,0.26853,-0.88729,277,375.0
2022-06-13,2023-03-17,520.0,call,0.57,0.87,0.72,0.66,47,6357,0.19048,0.03222,277,375.0
2022-06-13,2023-03-17,520.0,put,144.96,147.78,146.37,130.64,0,112,0.27829,-0.88517,277,375.0
2022-06-13,2023-03-17,525.0,call,0.55,0.78,0.67,0.59,174,10382,0.19048,0.02828,277,375.0
2022-06-13,2023-03-17,525.0,put,149.96,152.77,151.37,134.0,0,257,0.28804,-0.88304,277,375.0
2022-06-13,2023-03-17,530.0,call,0.36,0.7,0.53,0.53,527,7705,0.19048,0.02477,277,375.0
2022-06-13,2023-03-17,530.0,put,154.96,157.77,156.37,118.5,0,77,0.28804,-0.8903,277,375.0
2022-06-13,2023-03-17,535.0,call,0.4,0.62,0.51,0.47,654,6208,0.19048,0.02167,277,375.0
2022-06-13,2023-03-17,535.0,put,159.95,162.77,161.36,80.21,0,14,0.2978,-0.88795,277,375.0
2022-06-13,2023-03-17,540.0,call,0.37,0.56,0.47,0.42,1156,6458,0.19048,0.01892,277,375.0
2022-06-13,2023-03-17,540.0,put,164.95,167.77,166.36,132.72,0,18,0.30755,-0.88561,277,375.0
2022-06-13,2023-03-17,545.0,call,0.22,0.51,0.36,0.33,755,7974,0.19048,0.0165,277,375.0
2022-06-13,2023-03-17,545.0,put,169.95,172.77,171.36,91.89,0,13,0.30755,-0.89213,277,375.0
2022-06-13,2023-03-17,550.0,call,0.19,0.47,0.33,0.3,54,4316,0.19048,0.01437,277,375.0
2022-06-13,2023-03-17,550.0,put,174.95,177.77,176.36,142.47,0,64,0.31731,-0.88962,277,375.0
2022-06-13,2023-03-17,555.0,call,0.2,0.43,0.32,0.32,501,6173,0.20024,0.01683,277,375.0
2022-06-13,2023-03-17,555.0,put,179.95,182.77,181.36,144.51,0,9,0.31731,-0.89567,277,375.0
2022-06-13,2023-03-17,560.0,call,0.2,0.34,0.27,0.22,42,838,0.20024,0.01479,277,375.0
2022-06-13,2023-03-17,560.0,put,184.95,187.76,186.35,182.18,1,29,0.32707,-0.89304,277,375.0
2022-06-13,2023-03-17,565.0,call,0.18,0.31,0.24,0.34,0,576,0.20024,0.01299,277,375.0
2022-06-13,2023-03-17,565.0,put,189.95,192.76,191.35,155.66,0,5,0.33682,-0.89042,277,375.0
2022-06-13,2023-03-17,570.0,call,0.16,0.29,0.22,0.4,0,645,0.20024,0.01139,277,375.0
2022-06-13,2023-03-17,570.0,put,194.94,197.76,196.35,130.1,0,6,0.33682,-0.89595,277,375.0
2022-06-13,2023-03-17,575.0,call,0.15,0.27,0.21,0.24,1,237,0.20024,0.00998,277,375.0
2022-06-13,2023-03-17,575.0,put,199.94,202.76,201.35,175.2,0,149,0.34658,-0.89324,277,375.0
2022-06-13,2023-03-17,580.0,call,0.13,0.25,0.19,0.23,0,697,0.20024,0.00873,277,375.0
2022-06-13,2023-03-17,580.0,put,204.94,207.76,206.35,0.0,0,0,0.34658,-0.89842,277,375.0
2022-06-13,2023-03-17,585.0,call,0.12,0.24,0.18,0.2,1,143,0.20024,0.00764,277,375.0
2022-06-13,2023-03-17,585.0,put,209.94,212.76,211.35,0.0,0,0,0.35633,-0.89563,277,375.0
2022-06-13,2023-03-17,590.0,call,0.11,0.23,0.17,0.19,0,55,0.21,0.00935,277,375.0
2022-06-13,2023-03-17,590.0,put,214.94,217.76,216.35,162.95,0,10,0.35633,-0.90051,277,375.0
2022-06-13,2023-03-17,595.0,call,0.1,0.22,0.16,0.25,0,166,0.21,0.00825,277,375.0
2022-06-13,2023-03-17,595.0,put,219.94,222.75,221.34,151.98,0,17,0.36609,-0.89765,277,375.0
2022-06-13,2023-03-17,600.0,call,0.09,0.21,0.15,0.13,1,1660,0.21,0.00728,277,375.0
2022-06-13,2023-03-17,600.0,put,224.93,227.75,226.34,189.58,0,81,0.36609,-0.90226,277,375.0
2022-06-13,2023-03-17,605.0,call,0.08,0.2,0.14,0.22,0,58,0.21,0.00641,277,375.0
2022-06-13,2023-03-17,605.0,put,229.93,232.75,231.34,0.0,0,0,0.37584,-0.89936,277,375.0
2022-06-13,2023-03-17,610.0,call,0.08,0.19,0.14,0.12,7,272,0.21,0.00564,277,375.0
2022-06-13,2023-03-17,610.0,put,234.93,237.75,236.34,0.0,0,0,0.3856,-0.89647,277,375.0
2022-06-13,2023-03-17,615.0,call,0.07,0.18,0.12,0.12,0,421,0.21,0.00496,277,375.0
2022-06-13,2023-03-17,615.0,put,239.93,242.75,241.34,0.0,0,0,0.3856,-0.90077,277,375.0
2022-06-13,2023-03-17,620.0,call,0.06,0.17,0.12,0.1,0,295,0.21975,0.00625,277,375.0
2022-06-13,2023-03-17,620.0,put,244.93,247.75,246.34,0.0,0,0,0.39536,-0.89784,277,375.0
2022-06-13,2023-03-17,625.0,call,0.06,0.16,0.11,0.07,0,587,0.21975,0.00555,277,375.0
2022-06-13,2023-03-17,625.0,put,249.93,252.75,251.34,187.8,0,0,0.39536,-0.90194,277,375.0
2022-06-13,2023-03-17,630.0,call,0.05,0.15,0.1,0.11,0,1038,0.21975,0.00492,277,375.0
2022-06-13,2023-03-17,630.0,put,254.93,257.74,256.34,0.0,0,0,0.40511,-0.89897,277,375.0
2022-06-13,2023-03-17,635.0,call,0.05,0.15,0.1,0.15,0,584,0.21975,0.00436,277,375.0
2022-06-13,2023-03-17,635.0,put,259.92,262.74,261.33,213.5,0,4,0.40511,-0.90288,277,375.0
2022-06-13,2023-03-17,640.0,call,0.01,0.18,0.1,0.1,0,3976,0.21975,0.00386,277,375.0
2022-06-13,2023-03-17,640.0,put,264.92,267.74,266.33,0.0,0,0,0.41487,-0.89989,277,375.0
2022-06-13,2023-03-17,645.0,call,0.04,0.13,0.09,0.47,0,669,0.22951,0.00493,277,375.0
2022-06-13,2023-03-17,645.0,put,269.92,272.74,271.33,0.0,0,0,0.41487,-0.90362,277,375.0
2022-06-13,2023-03-17,650.0,call,0.06,0.1,0.08,0.11,0,2483,0.22951,0.0044,277,375.0
2022-06-13,2023-03-17,650.0,put,274.92,277.74,276.33,201.0,0,5,0.42462,-0.9006,277,375.0
2022-06-13,2023-03-17,655.0,call,0.03,0.12,0.07,0.1,0,372,0.22951,0.00393,277,375.0
2022-06-13,2023-03-17,655.0,put,279.92,282.74,281.33,0.0,0,0,0.42462,-0.90417,277,375.0
2022-06-13,2023-03-17,660.0,call,0.03,0.12,0.07,0.09,0,1001,0.22951,0.00351,277,375.0
2022-06-13,2023-03-17,660.0,put,284.92,287.74,286.33,0.0,0,0,0.43438,-0.90114,277,375.0
2022-06-13,2023-03-17,665.0,call,0.03,0.11,0.07,0.06,6,145,0.22951,0.00313,277,375.0
2022-06-13,2023-03-17,665.0,put,289.92,292.73,291.33,0.0,0,0,0.43438,-0.90457,277,375.0
2022-06-13,2023-03-17,670.0,call,0.03,0.11,0.07,0.11,0,1742,0.22951,0.00279,277,375.0
2022-06-13,2023-03-17,670.0,put,294.91,297.73,296.32,0.0,0,0,0.43438,-0.90788,277,375.0
2022-06-13,2023-03-17,675.0,call,0.02,0.1,0.06,0.22,0,126,0.22951,0.00249,277,375.0
2022-06-13,2023-03-17,675.0,put,299.91,302.73,301.32,0.0,0,0,0.44414,-0.90481,277,375.0
2022-06-13,2023-03-17,680.0,put,304.91,307.73,306.32,0.0,0,0,0.44414,-0.908,277,375.0
2022-06-13,2023-03-17,685.0,put,309.91,312.73,311.32,0.0,0,0,0.45389,-0.90492,277,375.0
2022-06-13,2023-03-17,690.0,put,314.91,317.73,316.32,0.0,0,0,0.45389,-0.90799,277,375.0
2022-06-13,2023-03-17,695.0,put,319.91,322.73,321.32,0.0,0,0,0.46365,-0.9049,277,375.0
2022-06-13,2023-03-17,700.0,put,324.91,327.72,326.32,286.26,0,10,0.46365,-0.90787,277,375.0
2022-06-13,2023-03-17,705.0,put,329.9,332.72,331.31,0.0,0,0,0.4734,-0.90477,277,375.0
2022-06-13,2023-03-17,710.0,call,0.01,0.08,0.04,0.03,5,65,0.23926,0.00171,277,375.0
2022-06-13,2023-03-17,710.0,put,334.9,337.72,336.31,298.25,0,1,0.4734,-0.90764,277,375.0
2022-06-13,2023-03-17,720.0,call,0.01,0.07,0.04,0.03,3,819,0.24902,0.00206,277,375.0
2022-06-13,2023-03-17,720.0,put,344.9,347.72,346.31,308.25,0,1,0.48316,-0.90731,277,375.0
2022-06-13,2023-03-31,280.0,call,104.24,106.93,105.59,0.0,0,0,0.34658,0.86867,291,375.0
2022-06-13,2023-03-31,280.0,put,8.71,9.59,9.15,9.0,963,722,0.34658,-0.13133,291,375.0
2022-06-13,2023-03-31,285.0,call,100.04,102.68,101.36,0.0,0,0,0.33682,0.86102,291,375.0
2022-06-13,2023-03-31,285.0,put,9.37,10.27,9.82,10.04,275,228,0.34658,-0.1439,291,375.0
2022-06-13,2023-03-31,290.0,call,95.87,98.46,97.16,0.0,0,0,0.33682,0.84781,291,375.0
2022-06-13,2023-03-31,290.0,put,10.07,10.98,10.53,10.18,355,257,0.33682,-0.15219,291,375.0
2022-06-13,2023-03-31,295.0,call,91.74,94.27,93.0,108.53,0,9,0.32707,0.83899,291,375.0
2022-06-13,2023-03-31,295.0,put,10.84,11.71,11.28,11.0,263,35,0.33682,-0.16597,291,375.0
2022-06-13,2023-03-31,300.0,call,87.68,90.16,88.92,87.92,9,11,0.32707,0.82453,291,375.0
2022-06-13,2023-03-31,300.0,put,11.65,12.52,12.09,12.0,901,341,0.32707,-0.17547,291,375.0
2022-06-13,2023-03-31,305.0,call,83.7,86.12,84.91,89.29,7,5,0.32707,0.80953,291,375.0
2022-06-13,2023-03-31,305.0,put,12.53,13.4,12.96,12.86,269,13,0.32707,-0.19047,291,375.0
2022-06-13,2023-03-31,310.0,call,79.75,82.1,80.92,85.29,7,8,0.31731,0.79867,291,375.0
2022-06-13,2023-03-31,310.0,put,13.46,14.4,13.93,13.37,110,289,0.31731,-0.20133,291,375.0
2022-06-13,2023-03-31,315.0,call,75.88,78.17,77.03,81.29,7,0,0.31731,0.78242,291,375.0
2022-06-13,2023-03-31,315.0,put,14.46,15.39,14.93,13.96,4,34,0.31731,-0.21758,291,375.0
2022-06-13,2023-03-31,320.0,call,72.08,74.31,73.19,76.39,1,2,0.30755,0.77003,291,375.0
2022-06-13,2023-03-31,320.0,put,15.54,16.47,16.0,15.28,6,34,0.30755,-0.22997,291,375.0
2022-06-13,2023-03-31,325.0,call,68.37,70.54,69.46,96.88,0,31,0.30755,0.75254,291,375.0
2022-06-13,2023-03-31,325.0,put,16.69,17.63,17.16,16.06,23,32,0.30755,-0.24746,291,375.0
2022-06-13,2023-03-31,330.0,call,64.72,66.82,65.77,95.23,0,43,0.2978,0.73846,291,375.0
2022-06-13,2023-03-31,330.0,put,17.93,18.86,18.39,17.26,14,143,0.2978,-0.26154,291,375.0
2022-06-13,2023-03-31,335.0,call,61.13,63.17,62.15,67.5,0,23,0.2978,0.71973,291,375.0
2022-06-13,2023-03-31,335.0,put,19.24,20.18,19.71,19.85,2994,106,0.2978,-0.28027,291,375.0
2022-06-13,2023-03-31,340.0,call,57.64,59.61,58.62,76.79,0,12,0.2978,0.70067,291,375.0
2022-06-13,2023-03-31,340.0,put,20.64,21.59,21.12,21.57,46,90,0.28804,-0.29623,291,375.0
2022-06-13,2023-03-31,345.0,call,54.33,56.14,55.23,93.75,0,5,0.28804,0.68386,291,375.0
2022-06-13,2023-03-31,345.0,put,22.1,23.13,22.62,13.64,0,211,0.28804,-0.31614,291,375.0
2022-06-13,2023-03-31,350.0,call,51.01,52.78,51.89,53.01,7,12,0.28804,0.6637,291,375.0
2022-06-13,2023-03-31,350.0,put,23.66,24.68,24.17,24.24,2,60,0.27829,-0.33413,291,375.0
2022-06-13,2023-03-31,355.0,call,47.78,49.48,48.63,49.37,2,1,0.27829,0.64485,291,375.0
2022-06-13,2023-03-31,355.0,put,25.3,26.4,25.85,25.93,2,117,0.27829,-0.35515,291,375.0
2022-06-13,2023-03-31,360.0,call,44.63,46.28,45.45,46.57,6,12,0.27829,0.62368,291,375.0
2022-06-13,2023-03-31,360.0,put,27.04,28.22,27.63,27.62,6,450,0.27829,-0.37632,291,375.0
2022-06-13,2023-03-31,365.0,call,41.58,43.15,42.36,45.79,1,65,0.26853,0.60265,291,375.0
2022-06-13,2023-03-31,365.0,put,28.88,30.08,29.48,17.88,0,18,0.26853,-0.39735,291,375.0
2022-06-13,2023-03-31,370.0,call,38.63,40.15,39.39,54.96,0,3,0.26853,0.58061,291,375.0
2022-06-13,2023-03-31,370.0,put,30.82,32.09,31.46,30.69,6,137,0.26853,-0.41939,291,375.0
2022-06-13,2023-03-31,375.0,call,36.0,37.22,36.61,36.4,5,12,0.26853,0.55862,291,375.0
2022-06-13,2023-03-31,375.0,put,32.85,34.16,33.5,33.99,13,78,0.25877,-0.44268,291,375.0
2022-06-13,2023-03-31,380.0,call,33.01,34.38,33.7,35.0,9,16,0.25877,0.5346,291,375.0
2022-06-13,2023-03-31,380.0,put,35.01,36.38,35.7,36.0,79,159,0.25877,-0.4654,291,375.0
2022-06-13,2023-03-31,385.0,call,30.35,31.7,31.02,33.0,1,13,0.25877,0.51207,291,375.0
2022-06-13,2023-03-31,385.0,put,37.25,38.75,38.0,38.54,4,37,0.24902,-0.491,291,375.0
2022-06-13,2023-03-31,390.0,call,27.8,29.07,28.44,29.5,4,21,0.24902,0.48586,291,375.0
2022-06-13,2023-03-31,390.0,put,39.61,41.13,40.37,40.49,11,183,0.24902,-0.51414,291,375.0
2022-06-13,2023-03-31,395.0,call,25.36,26.57,25.96,33.5,0,30,0.24902,0.46305,291,375.0
2022-06-13,2023-03-31,395.0,put,42.09,43.5,42.8,43.5,1,308,0.24902,-0.53695,291,375.0
2022-06-13,2023-03-31,400.0,call,23.01,24.2,23.61,23.15,13,174,0.24902,0.44065,291,375.0
2022-06-13,2023-03-31,400.0,put,44.69,46.36,45.52,43.0,2,105,0.23926,-0.56525,291,375.0
2022-06-13,2023-03-31,405.0,call,20.73,21.9,21.31,22.12,2,39,0.23926,0.41198,291,375.0
2022-06-13,2023-03-31,405.0,put,47.41,49.17,48.29,45.18,1,40,0.23926,-0.58802,291,375.0
2022-06-13,2023-03-31,410.0,call,18.68,19.74,19.21,20.67,1,148,0.23926,0.38978,291,375.0
2022-06-13,2023-03-31,410.0,put,50.26,52.18,51.22,51.5,4,77,0.22951,-0.61817,291,375.0
2022-06-13,2023-03-31,413.0,call,17.42,18.51,17.97,19.62,2,5,0.22951,0.36834,291,375.0
2022-06-13,2023-03-31,413.0,put,52.04,53.94,52.99,52.5,1,16,0.22951,-0.63166,291,375.0
2022-06-13,2023-03-31,414.0,call,17.02,18.09,17.55,33.55,0,2,0.22951,0.3639,291,375.0
2022-06-13,2023-03-31,414.0,put,52.64,54.56,53.6,53.75,1,1,0.22951,-0.6361,291,375.0
2022-06-13,2023-03-31,415.0,call,16.69,17.7,17.2,19.42,1,90,0.22951,0.35949,291,375.0
2022-06-13,2023-03-31,415.0,put,53.25,55.19,54.22,52.25,2,47,0.22951,-0.64051,291,375.0
2022-06-13,2023-03-31,416.0,call,16.25,17.3,16.77,16.88,3,23,0.22951,0.35511,291,375.0
2022-06-13,2023-03-31,416.0,put,53.86,55.82,54.84,45.11,0,1,0.22951,-0.64489,291,375.0
2022-06-13,2023-03-31,417.0,call,15.88,16.92,16.4,44.99,0,22,0.22951,0.35075,291,375.0
2022-06-13,2023-03-31,417.0,put,54.48,56.46,55.47,33.0,0,41,0.22951,-0.64925,291,375.0
2022-06-13,2023-03-31,418.0,call,15.51,16.54,16.02,28.45,0,10,0.22951,0.34643,291,375.0
2022-06-13,2023-03-31,418.0,put,55.11,57.1,56.11,34.0,0,36,0.22951,-0.65357,291,375.0
2022-06-13,2023-03-31,419.0,call,15.19,16.18,15.68,15.57,7,5,0.22951,0.34214,291,375.0
2022-06-13,2023-03-31,419.0,put,55.74,57.75,56.75,40.24,0,181,0.22951,-0.65786,291,375.0
2022-06-13,2023-03-31,420.0,call,14.78,15.78,15.28,15.22,102,65,0.22951,0.33787,291,375.0
2022-06-13,2023-03-31,420.0,put,56.38,58.41,57.39,36.45,0,283,0.22951,-0.66213,291,375.0
2022-06-13,2023-03-31,421.0,call,14.42,15.42,14.92,27.36,0,41,0.22951,0.33364,291,375.0
2022-06-13,2023-03-31,421.0,put,57.02,59.12,58.07,36.33,0,31,0.22951,-0.66636,291,375.0
2022-06-13,2023-03-31,422.0,call,14.07,15.07,14.57,21.52,0,65,0.22951,0.32944,291,375.0
2022-06-13,2023-03-31,422.0,put,57.67,59.74,58.7,42.22,0,126,0.22951,-0.67056,291,375.0
2022-06-13,2023-03-31,423.0,call,13.77,14.71,14.24,31.8,0,60,0.22951,0.32527,291,375.0
2022-06-13,2023-03-31,423.0,put,58.32,60.5,59.41,49.58,0,10,0.22951,-0.67473,291,375.0
2022-06-13,2023-03-31,424.0,call,13.43,14.36,13.89,29.77,0,49,0.22951,0.32114,291,375.0
2022-06-13,2023-03-31,424.0,put,58.98,61.18,60.08,36.64,0,56,0.22951,-0.67886,291,375.0
2022-06-13,2023-03-31,425.0,call,13.09,14.02,13.55,29.23,0,16,0.21975,0.30641,291,375.0
2022-06-13,2023-03-31,425.0,put,59.64,61.86,60.75,58.51,2,194,0.21975,-0.69359,291,375.0
2022-06-13,2023-03-31,426.0,call,12.76,13.67,13.21,41.04,0,2,0.21975,0.30222,291,375.0
2022-06-13,2023-03-31,426.0,put,60.32,62.56,61.44,48.23,0,1,0.21975,-0.69778,291,375.0
2022-06-13,2023-03-31,427.0,call,12.41,13.33,12.87,13.91,1,4,0.21975,0.29806,291,375.0
2022-06-13,2023-03-31,427.0,put,60.99,63.25,62.12,0.0,0,0,0.21975,-0.70194,291,375.0
2022-06-13,2023-03-31,428.0,call,12.1,13.02,12.56,23.95,0,7,0.21975,0.29394,291,375.0
2022-06-13,2023-03-31,428.0,put,61.68,63.87,62.77,0.0,0,0,0.21975,-0.70606,291,375.0
2022-06-13,2023-03-31,429.0,call,11.79,12.69,12.24,27.29,0,1,0.21975,0.28986,291,375.0
2022-06-13,2023-03-31,429.0,put,62.37,64.67,63.52,44.0,0,22,0.21975,-0.71014,291,375.0
2022-06-13,2023-03-31,430.0,call,11.46,12.39,11.93,11.88,37,159,0.21975,0.28581,291,375.0
2022-06-13,2023-03-31,430.0,put,63.07,65.35,64.21,40.95,0,63,0.21975,-0.71419,291,375.0
2022-06-13,2023-03-31,431.0,call,11.16,12.06,11.61,12.72,1,47,0.21975,0.2818,291,375.0
2022-06-13,2023-03-31,431.0,put,63.77,66.11,64.94,0.0,0,0,0.21975,-0.7182,291,375.0
2022-06-13,2023-03-31,432.0,call,10.86,11.74,11.3,11.0,2,2,0.21975,0.27782,291,375.0
2022-06-13,2023-03-31,432.0,put,64.48,66.8,65.64,46.9,0,1,0.21975,-0.72218,291,375.0
2022-06-13,2023-03-31,433.0,call,10.56,11.44,11.0,11.47,356,1597,0.21975,0.27389,291,375.0
2022-06-13,2023-03-31,433.0,put,65.19,67.57,66.38,43.96,0,1,0.21975,-0.72611,291,375.0
2022-06-13,2023-03-31,434.0,call,10.27,11.18,10.72,10.73,15,0,0.21975,0.26999,291,375.0
2022-06-13,2023-03-31,434.0,put,65.91,68.31,67.11,41.31,0,5,0.21975,-0.73001,291,375.0
2022-06-13,2023-03-31,435.0,call,9.94,10.88,10.41,10.35,28,113,0.21975,0.26612,291,375.0
2022-06-13,2023-03-31,435.0,put,66.63,69.06,67.84,41.85,0,14,0.21975,-0.73388,291,375.0
2022-06-13,2023-03-31,436.0,call,9.69,10.61,10.15,23.68,0,5,0.21975,0.26229,291,375.0
2022-06-13,2023-03-31,436.0,put,67.37,69.82,68.59,42.85,0,0,0.21975,-0.73771,291,375.0
2022-06-13,2023-03-31,437.0,call,9.42,10.33,9.88,40.05,0,1,0.21,0.24605,291,375.0
2022-06-13,2023-03-31,437.0,put,68.1,70.57,69.33,43.31,0,0,0.21975,-0.7415,291,375.0
2022-06-13,2023-03-31,438.0,call,9.15,10.06,9.61,12.65,0,37,0.21,0.24222,291,375.0
2022-06-13,2023-03-31,438.0,put,68.85,71.24,70.04,58.25,0,2,0.21975,-0.74525,291,375.0
2022-06-13,2023-03-31,439.0,call,8.89,9.79,9.34,0.0,0,0,0.21,0.23844,291,375.0
2022-06-13,2023-03-31,439.0,put,69.6,72.11,70.85,45.25,0,110,0.21975,-0.74896,291,375.0
2022-06-13,2023-03-31,440.0,call,8.63,9.53,9.08,9.79,84,250,0.21,0.2347,291,375.0
2022-06-13,2023-03-31,440.0,put,70.35,72.79,71.57,46.44,0,125,0.21975,-0.75264,291,375.0
2022-06-13,2023-03-31,441.0,call,8.37,9.27,8.82,21.77,0,56,0.21,0.23099,291,375.0
2022-06-13,2023-03-31,441.0,put,71.12,73.57,72.34,0.0,0,0,0.21975,-0.75628,291,375.0
2022-06-13,2023-03-31,442.0,call,8.11,9.02,8.56,19.25,0,27,0.21,0.22733,291,375.0
2022-06-13,2023-03-31,442.0,put,71.9,74.45,73.18,46.23,0,5,0.21975,-0.75989,291,375.0
2022-06-13,2023-03-31,443.0,call,7.86,8.76,8.31,15.87,0,14,0.21,0.22371,291,375.0
2022-06-13,2023-03-31,443.0,put,72.68,75.25,73.97,0.0,0,0,0.21975,-0.76346,291,375.0
2022-06-13,2023-03-31,444.0,call,7.62,8.53,8.07,0.0,0,0,0.21,0.22014,291,375.0
2022-06-13,2023-03-31,444.0,put,73.48,76.06,74.77,47.9,0,9,0.21975,-0.76699,291,375.0
2022-06-13,2023-03-31,445.0,call,7.39,8.28,7.83,8.75,4,17,0.21,0.2166,291,375.0
2022-06-13,2023-03-31,445.0,put,74.27,76.86,75.56,59.01,0,17,0.21975,-0.77048,291,375.0
2022-06-13,2023-03-31,446.0,call,7.16,8.07,7.62,38.42,0,0,0.21,0.2131,291,375.0
2022-06-13,2023-03-31,446.0,put,75.08,77.67,76.38,0.0,0,0,0.21975,-0.77393,291,375.0
2022-06-13,2023-03-31,447.0,call,6.95,7.85,7.4,20.86,0,6,0.21,0.20965,291,375.0
2022-06-13,2023-03-31,447.0,put,75.89,78.49,77.19,47.0,0,3,0.21975,-0.77735,291,375.0
2022-06-13,2023-03-31,448.0,call,6.72,7.61,7.17,15.0,0,33,0.21,0.20623,291,375.0
2022-06-13,2023-03-31,448.0,put,76.7,79.31,78.0,59.69,0,24,0.21,-0.79377,291,375.0
2022-06-13,2023-03-31,449.0,call,6.51,7.39,6.95,43.62,0,1,0.21,0.20286,291,375.0
2022-06-13,2023-03-31,449.0,put,77.52,80.14,78.83,49.0,0,30,0.21,-0.79714,291,375.0
2022-06-13,2023-03-31,450.0,call,6.31,7.2,6.75,6.74,33,85,0.21,0.19952,291,375.0
2022-06-13,2023-03-31,450.0,put,78.34,80.98,79.66,77.99,1,74,0.21,-0.80048,291,375.0
2022-06-13,2023-03-31,451.0,call,6.13,6.99,6.56,6.9,1,5,0.20024,0.18253,291,375.0
2022-06-13,2023-03-31,451.0,put,79.18,81.81,80.5,48.67,0,3,0.21,-0.80377,291,375.0
2022-06-13,2023-03-31,452.0,call,5.91,6.79,6.35,11.49,0,1,0.20024,0.17927,291,375.0
2022-06-13,2023-03-31,452.0,put,80.01,82.66,81.34,66.68,0,3,0.21,-0.80702,291,375.0
2022-06-13,2023-03-31,453.0,call,5.72,6.57,6.14,9.95,0,1,0.20024,0.17606,291,375.0
2022-06-13,2023-03-31,453.0,put,80.86,83.52,82.19,35.01,0,1,0.21,-0.81023,291,375.0
2022-06-13,2023-03-31,454.0,call,5.53,6.41,5.97,14.85,0,7,0.20024,0.17288,291,375.0
2022-06-13,2023-03-31,454.0,put,81.71,84.37,83.04,56.25,0,1,0.21,-0.81341,291,375.0
2022-06-13,2023-03-31,455.0,call,5.34,6.25,5.79,6.46,2,9,0.20024,0.16976,291,375.0
2022-06-13,2023-03-31,455.0,put,82.56,85.23,83.9,63.25,0,5,0.21,-0.81654,291,375.0
2022-06-13,2023-03-31,456.0,call,5.17,6.06,5.62,14.3,0,1,0.20024,0.16667,291,375.0
2022-06-13,2023-03-31,456.0,put,83.42,86.1,84.76,52.61,0,36,0.21975,-0.80644,291,375.0
2022-06-13,2023-03-31,457.0,call,4.99,5.84,5.42,0.0,0,0,0.20024,0.16363,291,375.0
2022-06-13,2023-03-31,457.0,put,84.28,86.97,85.62,55.67,0,33,0.21975,-0.80949,291,375.0
2022-06-13,2023-03-31,458.0,call,4.85,5.72,5.29,30.18,0,13,0.20024,0.16063,291,375.0
2022-06-13,2023-03-31,458.0,put,85.15,87.84,86.5,56.24,0,18,0.21975,-0.81251,291,375.0
2022-06-13,2023-03-31,459.0,call,4.65,5.55,5.1,32.26,0,3,0.20024,0.15767,291,375.0
2022-06-13,2023-03-31,459.0,put,86.02,88.72,87.37,55.36,0,2,0.21975,-0.81548,291,375.0
2022-06-13,2023-03-31,460.0,call,4.53,5.39,4.96,5.31,30,88,0.20024,0.15475,291,375.0
2022-06-13,2023-03-31,460.0,put,86.9,89.62,88.26,76.0,0,8,0.21975,-0.81842,291,375.0
2022-06-13,2023-03-31,461.0,call,4.34,5.22,4.78,11.45,0,3,0.20024,0.15188,291,375.0
2022-06-13,2023-03-31,461.0,put,87.78,90.51,89.15,87.58,4,0,0.21975,-0.82133,291,375.0
2022-06-13,2023-03-31,462.0,call,4.19,5.09,4.64,12.11,0,2,0.20024,0.14905,291,375.0
2022-06-13,2023-03-31,462.0,put,88.66,91.4,90.03,65.93,0,2,0.21975,-0.8242,291,375.0
2022-06-13,2023-03-31,463.0,call,4.04,4.91,4.47,0.0,0,0,0.20024,0.14626,291,375.0
2022-06-13,2023-03-31,463.0,put,89.55,92.31,90.93,39.66,0,1,0.21975,-0.82703,291,375.0
2022-06-13,2023-03-31,464.0,call,3.91,4.8,4.36,0.0,0,0,0.20024,0.14351,291,375.0
2022-06-13,2023-03-31,464.0,put,90.45,93.2,91.83,73.75,0,1,0.21975,-0.82983,291,375.0
2022-06-13,2023-03-31,465.0,call,3.76,4.65,4.21,4.5,4,52,0.20024,0.1408,291,375.0
2022-06-13,2023-03-31,465.0,put,91.36,94.11,92.73,93.82,5,2,0.21975,-0.8326,291,375.0
2022-06-13,2023-03-31,466.0,call,3.64,4.52,4.08,0.0,0,0,0.20024,0.13813,291,375.0
2022-06-13,2023-03-31,466.0,put,92.26,95.04,93.65,0.0,0,0,0.21975,-0.83533,291,375.0
2022-06-13,2023-03-31,467.0,call,3.6,4.39,4.0,4.39,20,144,0.20024,0.13551,291,375.0
2022-06-13,2023-03-31,467.0,put,93.17,95.96,94.56,0.0,0,0,0.21975,-0.83802,291,375.0
2022-06-13,2023-03-31,468.0,call,3.37,4.27,3.82,4.03,21,145,0.20024,0.13292,291,375.0
2022-06-13,2023-03-31,468.0,put,94.09,96.88,95.48,0.0,0,0,0.21975,-0.84068,291,375.0
2022-06-13,2023-03-31,469.0,call,3.26,4.14,3.7,0.0,0,0,0.19048,0.11679,291,375.0
2022-06-13,2023-03-31,469.0,put,95.01,97.8,96.41,77.82,0,1,0.21975,-0.8433,291,375.0
2022-06-13,2023-03-31,470.0,call,3.22,4.02,3.62,3.5,3,30,0.19048,0.11435,291,375.0
2022-06-13,2023-03-31,470.0,put,95.93,98.74,97.34,93.12,1,12,0.21975,-0.84589,291,375.0
2022-06-13,2023-03-31,471.0,call,3.03,3.91,3.47,5.2,0,2,0.19048,0.11196,291,375.0
2022-06-13,2023-03-31,471.0,put,96.86,99.67,98.27,0.0,0,0,0.21975,-0.84845,291,375.0
2022-06-13,2023-03-31,472.0,call,2.91,3.8,3.35,10.72,0,0,0.19048,0.1096,291,375.0
2022-06-13,2023-03-31,472.0,put,97.79,100.6,99.19,0.0,0,0,0.21975,-0.85098,291,375.0
2022-06-13,2023-03-31,473.0,call,2.79,3.69,3.24,6.8,0,2,0.19048,0.10728,291,375.0
2022-06-13,2023-03-31,473.0,put,98.72,101.56,100.14,0.0,0,0,0.21975,-0.85347,291,375.0
2022-06-13,2023-03-31,474.0,call,2.69,3.59,3.14,0.0,0,0,0.19048,0.10501,291,375.0
2022-06-13,2023-03-31,474.0,put,99.66,102.5,101.08,0.0,0,0,0.21975,-0.85592,291,375.0
2022-06-13,2023-03-31,475.0,call,2.66,3.48,3.07,3.18,7,78,0.19048,0.10277,291,375.0
2022-06-13,2023-03-31,475.0,put,100.6,103.44,102.02,85.56,0,4,0.21975,-0.85835,291,375.0
2022-06-13,2023-03-31,476.0,call,2.49,3.39,2.94,0.0,0,0,0.19048,0.10058,291,375.0
2022-06-13,2023-03-31,476.0,put,101.55,104.39,102.97,0.0,0,0,0.21975,-0.86074,291,375.0
2022-06-13,2023-03-31,477.0,call,2.41,3.29,2.85,0.0,0,0,0.19048,0.09842,291,375.0
2022-06-13,2023-03-31,477.0,put,102.49,105.33,103.91,85.0,0,1,0.21975,-0.86309,291,375.0
2022-06-13,2023-03-31,478.0,call,2.31,3.19,2.75,8.41,0,2,0.19048,0.0963,291,375.0
2022-06-13,2023-03-31,478.0,put,103.45,106.28,104.87,0.0,0,0,0.22951,-0.85303,291,375.0
2022-06-13,2023-03-31,479.0,call,2.22,3.13,2.67,11.37,0,2,0.19048,0.09422,291,375.0
2022-06-13,2023-03-31,479.0,put,104.4,107.24,105.82,0.0,0,0,0.22951,-0.85536,291,375.0
2022-06-13,2023-03-31,480.0,call,2.15,3.03,2.59,2.6,1,21,0.19048,0.09218,291,375.0
2022-06-13,2023-03-31,480.0,put,105.36,108.2,106.78,81.51,0,1,0.22951,-0.85766,291,375.0
2022-06-13,2023-03-31,481.0,call,2.05,2.8,2.42,7.0,0,2,0.19048,0.09017,291,375.0
2022-06-13,2023-03-31,481.0,put,106.32,109.16,107.74,0.0,0,0,0.22951,-0.85994,291,375.0
2022-06-13,2023-03-31,482.0,call,2.15,2.72,2.44,8.79,0,11,0.19048,0.0882,291,375.0
2022-06-13,2023-03-31,482.0,put,107.29,110.12,108.71,0.0,0,0,0.22951,-0.86218,291,375.0
2022-06-13,2023-03-31,483.0,call,1.89,2.79,2.34,0.0,0,0,0.19048,0.08627,291,375.0
2022-06-13,2023-03-31,483.0,put,108.25,111.09,109.67,0.0,0,0,0.22951,-0.8644,291,375.0
2022-06-13,2023-03-31,484.0,call,2.01,2.58,2.29,7.8,0,1,0.19048,0.08437,291,375.0
2022-06-13,2023-03-31,484.0,put,109.22,112.05,110.63,0.0,0,0,0.22951,-0.86658,291,375.0
2022-06-13,2023-03-31,485.0,call,2.0,2.49,2.25,2.39,1,24,0.19048,0.08251,291,375.0
2022-06-13,2023-03-31,485.0,put,110.19,113.02,111.6,0.0,0,0,0.22951,-0.86874,291,375.0
2022-06-13,2023-03-31,486.0,call,1.87,2.43,2.15,3.36,0,5,0.19048,0.08068,291,375.0
2022-06-13,2023-03-31,486.0,put,111.17,114.0,112.59,0.0,0,0,0.22951,-0.87087,291,375.0
2022-06-13,2023-03-31,487.0,call,1.64,2.51,2.07,0.0,0,0,0.19048,0.07889,291,375.0
2022-06-13,2023-03-31,487.0,put,112.14,114.97,113.56,0.0,0,0,0.22951,-0.87297,291,375.0
2022-06-13,2023-03-31,488.0,call,1.56,2.44,2.0,0.0,0,0,0.19048,0.07713,291,375.0
2022-06-13,2023-03-31,488.0,put,113.12,115.95,114.53,0.0,0,0,0.23926,-0.86326,291,375.0
2022-06-13,2023-03-31,489.0,call,1.7,2.2,1.95,5.87,0,3,0.19048,0.0754,291,375.0
2022-06-13,2023-03-31,489.0,put,114.1,116.93,115.52,0.0,0,0,0.23926,-0.86535,291,375.0
2022-06-13,2023-03-31,490.0,call,1.67,2.14,1.91,2.0,9,43,0.19048,0.07371,291,375.0
2022-06-13,2023-03-31,490.0,put,115.08,117.91,116.5,0.0,0,0,0.23926,-0.86741,291,375.0
2022-06-13,2023-03-31,491.0,call,1.59,2.1,1.85,6.06,0,1,0.19048,0.07205,291,375.0
2022-06-13,2023-03-31,491.0,put,116.07,118.89,117.48,79.26,0,1,0.23926,-0.86945,291,375.0
2022-06-13,2023-03-31,492.0,call,1.54,2.03,1.78,4.66,0,48,0.19048,0.07042,291,375.0
2022-06-13,2023-03-31,492.0,put,117.05,119.88,118.47,0.0,0,0,0.23926,-0.87146,291,375.0
2022-06-13,2023-03-31,493.0,call,1.47,1.96,1.71,2.76,0,1,0.19048,0.06883,291,375.0
2022-06-13,2023-03-31,493.0,put,118.04,120.87,119.46,0.0,0,0,0.23926,-0.87344,291,375.0
2022-06-13,2023-03-31,494.0,call,1.2,2.09,1.65,3.3,0,0,0.19048,0.06726,291,375.0
2022-06-13,2023-03-31,494.0,put,119.03,121.85,120.44,0.0,0,0,0.23926,-0.8754,291,375.0
2022-06-13,2023-03-31,495.0,call,1.41,1.87,1.64,1.79,4,51,0.19048,0.06573,291,375.0
2022-06-13,2023-03-31,495.0,put,120.02,122.85,121.44,0.0,0,0,0.23926,-0.87733,291,375.0
2022-06-13,2023-03-31,496.0,call,1.11,2.01,1.56,0.0,0,0,0.19048,0.06422,291,375.0
2022-06-13,2023-03-31,496.0,put,121.01,123.84,122.43,0.0,0,0,0.24902,-0.86796,291,375.0
2022-06-13,2023-03-31,497.0,call,1.29,1.77,1.53,4.45,0,2,0.19048,0.06275,291,375.0
2022-06-13,2023-03-31,497.0,put,122.0,124.83,123.41,0.0,0,0,0.24902,-0.86988,291,375.0
2022-06-13,2023-03-31,498.0,call,1.25,1.72,1.48,4.27,0,1,0.19048,0.0613,291,375.0
2022-06-13,2023-03-31,498.0,put,123.0,125.82,124.41,0.0,0,0,0.24902,-0.87179,291,375.0
2022-06-13,2023-03-31,499.0,call,1.22,1.67,1.44,2.28,0,7,0.19048,0.05989,291,375.0
2022-06-13,2023-03-31,499.0,put,123.99,126.81,125.4,0.0,0,0,0.24902,-0.87367,291,375.0
2022-06-13,2023-03-31,500.0,call,1.35,1.63,1.49,1.4,72,1400,0.19048,0.0585,291,375.0
2022-06-13,2023-03-31,500.0,put,124.99,127.81,126.4,90.74,0,8,0.24902,-0.87553,291,375.0
2022-06-13,2023-03-31,501.0,call,1.13,1.59,1.36,3.9,0,2,0.19048,0.05714,291,375.0
2022-06-13,2023-03-31,501.0,put,125.98,128.8,127.39,0.0,0,0,0.24902,-0.87736,291,375.0
2022-06-13,2023-03-31,502.0,call,1.11,1.56,1.33,4.0,0,12,0.19048,0.05581,291,375.0
2022-06-13,2023-03-31,502.0,put,126.98,129.8,128.39,86.73,0,60,0.24902,-0.87917,291,375.0
2022-06-13,2023-03-31,503.0,call,1.06,1.51,1.29,1.4,1,15,0.19048,0.0545,291,375.0
2022-06-13,2023-03-31,503.0,put,127.97,130.79,129.38,87.54,0,60,0.24902,-0.88096,291,375.0
2022-06-13,2023-03-31,505.0,call,1.05,1.43,1.24,1.2,2,18,0.19048,0.05198,291,375.0
2022-06-13,2023-03-31,505.0,put,129.97,132.79,131.38,104.64,0,0,0.25877,-0.87368,291,375.0
2022-06-13,2023-03-31,510.0,call,0.96,1.26,1.11,3.04,0,434,0.19048,0.0461,291,375.0
2022-06-13,2023-03-31,510.0,put,134.96,137.78,136.37,109.49,0,0,0.25877,-0.88231,291,375.0
2022-06-13,2023-03-31,515.0,call,0.73,1.12,0.93,1.25,0,246,0.19048,0.04082,291,375.0
2022-06-13,2023-03-31,515.0,put,139.96,142.78,141.37,0.0,0,0,0.26853,-0.88013,291,375.0
2022-06-13,2023-03-31,520.0,call,0.64,0.99,0.81,0.9,28,285,0.19048,0.03608,291,375.0
2022-06-13,2023-03-31,520.0,put,144.96,147.77,146.37,0.0,0,0,0.27829,-0.87794,291,375.0
2022-06-13,2023-03-31,525.0,call,0.62,0.89,0.76,1.15,0,642,0.19048,0.03184,291,375.0
2022-06-13,2023-03-31,525.0,put,149.95,152.77,151.36,148.8,1,1,0.27829,-0.88556,291,375.0
2022-06-13,2023-03-31,530.0,call,0.46,0.79,0.62,0.58,6,258,0.19048,0.02806,291,375.0
2022-06-13,2023-03-31,530.0,put,154.95,157.77,156.36,128.88,0,1,0.28804,-0.88313,291,375.0
2022-06-13,2023-03-31,535.0,call,0.4,0.71,0.55,0.8,0,512,0.19048,0.02469,291,375.0
2022-06-13,2023-03-31,535.0,put,159.95,162.77,161.36,0.0,0,0,0.28804,-0.89014,291,375.0
2022-06-13,2023-03-31,540.0,call,0.35,0.64,0.49,0.65,0,20,0.19048,0.02169,291,375.0
2022-06-13,2023-03-31,540.0,put,164.95,167.77,166.36,124.0,0,13,0.2978,-0.88753,291,375.0
2022-06-13,2023-03-31,545.0,call,0.3,0.58,0.44,0.59,0,13,0.19048,0.01903,291,375.0
2022-06-13,2023-03-31,545.0,put,169.95,172.77,171.36,134.38,0,14,0.30755,-0.88493,291,375.0
2022-06-13,2023-03-31,550.0,call,0.2,0.66,0.43,0.41,1,167,0.19048,0.01667,291,375.0
2022-06-13,2023-03-31,550.0,put,174.95,177.77,176.36,0.0,0,0,0.30755,-0.89126,291,375.0
2022-06-13,2023-03-31,555.0,call,0.22,0.48,0.35,0.35,3,27,0.19048,0.01459,291,375.0
2022-06-13,2023-03-31,555.0,put,179.95,182.76,181.35,0.0,0,0,0.31731,-0.88852,291,375.0
2022-06-13,2023-03-31,560.0,call,0.07,0.56,0.32,0.4,0,4,0.19048,0.01275,291,375.0
2022-06-13,2023-03-31,560.0,put,184.95,187.76,186.35,0.0,0,0,0.31731,-0.89442,291,375.0
2022-06-13,2023-03-31,565.0,call,0.05,0.52,0.29,0.18,1,3,0.20024,0.01515,291,375.0
2022-06-13,2023-03-31,565.0,put,189.94,192.76,191.35,0.0,0,0,0.32707,-0.89157,291,375.0
2022-06-13,2023-03-31,570.0,call,0.14,0.38,0.26,0.76,0,34,0.20024,0.01336,291,375.0
2022-06-13,2023-03-31,570.0,put,194.94,197.76,196.35,0.0,0,0,0.33682,-0.88874,291,375.0
2022-06-13,2023-03-31,575.0,call,0.01,0.46,0.24,0.45,0,13,0.20024,0.01178,291,375.0
2022-06-13,2023-03-31,575.0,put,199.94,202.76,201.35,0.0,0,0,0.33682,-0.89415,291,375.0
2022-06-13,2023-03-31,580.0,call,0.14,0.43,0.29,0.22,3,16,0.21,0.01402,291,375.0
2022-06-13,2023-03-31,580.0,put,204.94,207.76,206.35,0.0,0,0,0.34658,-0.89124,291,375.0
2022-06-13,2023-03-31,585.0,put,209.94,212.76,211.35,0.0,0,0,0.34658,-0.89632,291,375.0
2022-06-13,2023-03-31,590.0,call,0.1,0.5,0.3,0.22,4,39,0.21,0.01107,291,375.0
2022-06-13,2023-03-31,590.0,put,214.45,217.75,216.1,0.0,0,0,0.34658,-0.90119,291,375.0
2022-06-13,2023-06-16,150.0,call,223.79,227.89,225.84,224.03,6,56,0.01488,1.0,368,375.0
2022-06-13,2023-06-16,150.0,put,1.49,1.89,1.69,1.75,131,2545,0.51243,-0.01997,368,375.0
2022-06-13,2023-06-16,160.0,call,214.41,218.5,216.45,237.0,0,2,0.32707,0.99731,368,375.0
2022-06-13,2023-06-16,160.0,put,1.79,2.11,1.95,1.64,0,755,0.49292,-0.02356,368,375.0
2022-06-13,2023-06-16,170.0,call,205.09,209.0,207.05,297.94,0,0,0.3856,0.98804,368,375.0
2022-06-13,2023-06-16,170.0,put,2.14,2.76,2.45,2.55,51,189,0.48316,-0.02934,368,375.0
2022-06-13,2023-06-16,180.0,call,195.78,199.86,197.82,247.5,0,0,0.40511,0.97874,368,375.0
2022-06-13,2023-06-16,180.0,put,2.51,3.16,2.83,2.7,103,883,0.46365,-0.03383,368,375.0
2022-06-13,2023-06-16,190.0,call,186.54,190.5,188.52,235.33,0,0,0.40511,0.97098,368,375.0
2022-06-13,2023-06-16,190.0,put,2.93,3.24,3.08,3.13,33,1149,0.44414,-0.03867,368,375.0
2022-06-13,2023-06-16,195.0,call,181.96,186.0,183.98,0.0,0,0,0.40511,0.96649,368,375.0
2022-06-13,2023-06-16,195.0,put,3.16,3.85,3.5,2.27,0,1,0.44414,-0.04381,368,375.0
2022-06-13,2023-06-16,200.0,call,177.33,181.41,179.37,196.0,0,20,0.40511,0.96158,368,375.0
2022-06-13,2023-06-16,200.0,put,3.4,3.85,3.62,3.7,81,1189,0.43438,-0.04663,368,375.0
2022-06-13,2023-06-16,205.0,call,172.76,176.83,174.8,212.9,0,1,0.40511,0.95624,368,375.0
2022-06-13,2023-06-16,205.0,put,3.66,4.38,4.02,2.82,0,107,0.42462,-0.04955,368,375.0
2022-06-13,2023-06-16,210.0,call,168.2,172.27,170.24,192.7,0,5,0.39536,0.95354,368,375.0
2022-06-13,2023-06-16,210.0,put,3.93,4.67,4.3,4.2,1510,215,0.42462,-0.05561,368,375.0
2022-06-13,2023-06-16,215.0,call,163.65,167.72,165.69,205.0,0,2,0.39536,0.94748,368,375.0
2022-06-13,2023-06-16,215.0,put,4.22,4.98,4.6,3.11,0,205,0.41487,-0.05894,368,375.0
2022-06-13,2023-06-16,220.0,call,159.12,163.19,161.16,164.5,1,18,0.39536,0.94097,368,375.0
2022-06-13,2023-06-16,220.0,put,4.53,5.28,4.91,4.76,32,1611,0.40511,-0.06239,368,375.0
2022-06-13,2023-06-16,225.0,call,154.62,158.68,156.65,193.15,0,27,0.3856,0.93755,368,375.0
2022-06-13,2023-06-16,225.0,put,4.18,6.0,5.09,4.83,7,2590,0.39536,-0.06599,368,375.0
2022-06-13,2023-06-16,230.0,call,150.16,154.19,152.18,154.76,6,4,0.3856,0.93027,368,375.0
2022-06-13,2023-06-16,230.0,put,4.54,6.71,5.62,5.25,8,624,0.39536,-0.07339,368,375.0
2022-06-13,2023-06-16,235.0,call,145.73,149.72,147.72,173.28,0,3,0.3856,0.92252,368,375.0
2022-06-13,2023-06-16,235.0,put,4.94,7.09,6.02,3.9,0,388,0.3856,-0.07748,368,375.0
2022-06-13,2023-06-16,240.0,call,141.32,145.27,143.3,167.08,0,6,0.37584,0.91826,368,375.0
2022-06-13,2023-06-16,240.0,put,5.34,7.01,6.17,6.36,1,1672,0.37584,-0.08174,368,375.0
2022-06-13,2023-06-16,245.0,call,136.94,140.85,138.89,158.0,0,3,0.37584,0.90968,368,375.0
2022-06-13,2023-06-16,245.0,put,5.78,7.95,6.87,5.42,0,254,0.37584,-0.09032,368,375.0
2022-06-13,2023-06-16,250.0,call,132.58,136.46,134.52,134.5,1,35,0.36609,0.90483,368,375.0
2022-06-13,2023-06-16,250.0,put,6.25,7.6,6.92,7.0,5,1880,0.36609,-0.09517,368,375.0
2022-06-13,2023-06-16,255.0,call,128.26,132.09,130.18,142.52,0,1,0.36609,0.89539,368,375.0
2022-06-13,2023-06-16,255.0,put,6.76,8.0,7.38,6.79,7,176,0.35633,-0.10024,368,375.0
2022-06-13,2023-06-16,260.0,call,123.97,127.76,125.87,191.3,0,2,0.35633,0.88988,368,375.0
2022-06-13,2023-06-16,260.0,put,7.28,8.39,7.84,7.9,1,62,0.34658,-0.10556,368,375.0
2022-06-13,2023-06-16,265.0,call,119.72,123.46,121.59,176.5,0,2,0.35633,0.87953,368,375.0
2022-06-13,2023-06-16,265.0,put,7.85,9.1,8.47,8.76,502,310,0.34658,-0.1159,368,375.0
2022-06-13,2023-06-16,270.0,call,115.5,119.19,117.34,118.0,3,8,0.35633,0.86873,368,375.0
2022-06-13,2023-06-16,270.0,put,8.45,9.9,9.18,8.92,516,458,0.33682,-0.12198,368,375.0
2022-06-13,2023-06-16,275.0,call,111.33,114.96,113.14,148.4,0,119,0.34658,0.86199,368,375.0
2022-06-13,2023-06-16,275.0,put,9.1,10.64,9.87,10.39,508,627,0.33682,-0.1333,368,375.0
2022-06-13,2023-06-16,280.0,call,107.19,110.77,108.98,141.79,0,5,0.34658,0.85025,368,375.0
2022-06-13,2023-06-16,280.0,put,9.78,11.3,10.54,10.79,377,1098,0.32707,-0.14024,368,375.0
2022-06-13,2023-06-16,285.0,call,103.1,106.63,104.86,136.03,0,25,0.33682,0.84262,368,375.0
2022-06-13,2023-06-16,285.0,put,10.52,11.9,11.21,11.35,7,1431,0.32707,-0.1526,368,375.0
2022-06-13,2023-06-16,290.0,call,99.18,102.53,100.86,104.05,20,63,0.33682,0.82993,368,375.0
2022-06-13,2023-06-16,290.0,put,11.3,13.0,12.15,11.24,178,2008,0.31731,-0.16052,368,375.0
2022-06-13,2023-06-16,295.0,call,95.19,98.47,96.83,131.37,0,85,0.32707,0.8213,368,375.0
2022-06-13,2023-06-16,295.0,put,12.13,13.7,12.91,13.0,6,924,0.31731,-0.17395,368,375.0
2022-06-13,2023-06-16,300.0,call,91.25,94.46,92.85,92.77,18,220,0.32707,0.80762,368,375.0
2022-06-13,2023-06-16,300.0,put,13.02,14.7,13.86,14.25,87,2825,0.30755,-0.18298,368,375.0
2022-06-13,2023-06-16,305.0,call,87.25,90.52,88.88,92.5,1,3,0.31731,0.79787,368,375.0
2022-06-13,2023-06-16,305.0,put,14.0,15.7,14.85,14.97,34,549,0.30755,-0.19751,368,375.0
2022-06-13,2023-06-16,310.0,call,83.43,86.64,85.03,110.86,0,85,0.31731,0.78319,368,375.0
2022-06-13,2023-06-16,310.0,put,15.01,17.17,16.09,16.0,32,559,0.30755,-0.21246,368,375.0
2022-06-13,2023-06-16,315.0,call,79.72,82.8,81.26,83.05,26,15,0.31731,0.76816,368,375.0
2022-06-13,2023-06-16,315.0,put,16.09,18.24,17.16,16.8,7,2824,0.2978,-0.22345,368,375.0
2022-06-13,2023-06-16,320.0,call,76.07,79.05,77.56,77.0,43,122,0.30755,0.7565,368,375.0
2022-06-13,2023-06-16,320.0,put,17.22,19.39,18.3,18.27,158,1310,0.2978,-0.2395,368,375.0
2022-06-13,2023-06-16,325.0,call,72.44,75.35,73.89,77.8,1,46,0.30755,0.7405,368,375.0
2022-06-13,2023-06-16,325.0,put,18.43,20.5,19.46,19.59,38,2056,0.28804,-0.25196,368,375.0
2022-06-13,2023-06-16,330.0,call,68.83,71.72,70.28,71.0,6,210,0.2978,0.72741,368,375.0
2022-06-13,2023-06-16,330.0,put,19.71,21.85,20.78,21.15,29,2428,0.28804,-0.2691,368,375.0
2022-06-13,2023-06-16,335.0,call,65.29,68.16,66.72,91.87,0,9,0.2978,0.71045,368,375.0
2022-06-13,2023-06-16,335.0,put,21.07,23.26,22.16,21.15,14,3292,0.28804,-0.28653,368,375.0
2022-06-13,2023-06-16,340.0,call,61.97,64.68,63.33,64.15,402,65,0.2978,0.69328,368,375.0
2022-06-13,2023-06-16,340.0,put,22.5,24.5,23.5,24.0,499,1736,0.27829,-0.30142,368,375.0
2022-06-13,2023-06-16,345.0,call,58.63,61.27,59.95,83.93,0,19,0.28804,0.6779,368,375.0
2022-06-13,2023-06-16,345.0,put,24.03,26.23,25.13,25.48,8,1383,0.27829,-0.31987,368,375.0
2022-06-13,2023-06-16,350.0,call,55.36,57.93,56.64,56.62,14,202,0.28804,0.65986,368,375.0
2022-06-13,2023-06-16,350.0,put,25.62,27.83,26.73,27.08,162,3628,0.26853,-0.33661,368,375.0
2022-06-13,2023-06-16,355.0,call,52.17,54.68,53.42,63.89,0,73,0.27829,0.64275,368,375.0
2022-06-13,2023-06-16,355.0,put,27.28,29.56,28.42,28.59,189,2140,0.26853,-0.35602,368,375.0
2022-06-13,2023-06-16,360.0,call,49.07,51.5,50.28,50.01,1,197,0.27829,0.6239,368,375.0
2022-06-13,2023-06-16,360.0,put,29.06,31.34,30.2,30.9,7,2831,0.25877,-0.37478,368,375.0
2022-06-13,2023-06-16,365.0,call,45.95,48.43,47.19,46.25,604,51,0.27829,0.60503,368,375.0
2022-06-13,2023-06-16,365.0,put,30.91,33.22,32.06,31.51,30,1794,0.25877,-0.39506,368,375.0
2022-06-13,2023-06-16,370.0,call,43.06,45.44,44.25,44.1,43,3342,0.26853,0.58536,368,375.0
2022-06-13,2023-06-16,370.0,put,32.86,35.05,33.95,33.64,64,1612,0.25877,-0.41536,368,375.0
2022-06-13,2023-06-16,375.0,call,40.15,42.55,41.35,41.6,48,60,0.26853,0.56586,368,375.0
2022-06-13,2023-06-16,375.0,put,34.91,37.25,36.08,36.5,112,1949,0.24902,-0.43704,368,375.0
2022-06-13,2023-06-16,380.0,call,38.0,39.73,38.86,39.89,63,80,0.26853,0.54646,368,375.0
2022-06-13,2023-06-16,380.0,put,37.05,39.41,38.23,38.55,157,2094,0.24902,-0.45798,368,375.0
2022-06-13,2023-06-16,385.0,call,34.66,37.0,35.83,35.08,120,203,0.25877,0.52426,368,375.0
2022-06-13,2023-06-16,385.0,put,39.29,41.68,40.48,39.45,39,1996,0.24902,-0.47877,368,375.0
2022-06-13,2023-06-16,390.0,call,32.05,34.37,33.21,32.57,225,536,0.25877,0.50446,368,375.0
2022-06-13,2023-06-16,390.0,put,41.64,44.05,42.84,43.0,43,3448,0.23926,-0.50331,368,375.0
2022-06-13,2023-06-16,395.0,call,29.57,31.81,30.69,30.11,147,780,0.24902,0.48033,368,375.0
2022-06-13,2023-06-16,395.0,put,44.12,46.53,45.33,45.37,34,3459,0.23926,-0.52445,368,375.0
2022-06-13,2023-06-16,400.0,call,27.12,29.4,28.26,27.5,1235,1900,0.24902,0.46032,368,375.0
2022-06-13,2023-06-16,400.0,put,47.25,49.09,48.17,47.9,42,14157,0.23926,-0.54526,368,375.0
2022-06-13,2023-06-16,405.0,call,24.78,27.06,25.92,25.95,140,1016,0.23926,0.43432,368,375.0
2022-06-13,2023-06-16,405.0,put,49.32,51.84,50.58,51.5,5,8415,0.22951,-0.57238,368,375.0
2022-06-13,2023-06-16,410.0,call,22.56,24.85,23.7,23.54,127,7814,0.23926,0.41431,368,375.0
2022-06-13,2023-06-16,410.0,put,52.08,54.7,53.39,52.08,12,7879,0.22951,-0.59316,368,375.0
2022-06-13,2023-06-16,415.0,call,20.47,22.7,21.59,20.6,707,2800,0.23926,0.39477,368,375.0
2022-06-13,2023-06-16,415.0,put,55.0,57.72,56.36,56.95,3,5057,0.21975,-0.62213,368,375.0
2022-06-13,2023-06-16,420.0,call,19.42,20.67,20.05,19.32,356,2975,0.23926,0.37571,368,375.0
2022-06-13,2023-06-16,420.0,put,58.02,60.84,59.43,59.62,25,11861,0.21975,-0.64258,368,375.0
2022-06-13,2023-06-16,425.0,call,16.56,18.74,17.65,18.19,17,3484,0.22951,0.34768,368,375.0
2022-06-13,2023-06-16,425.0,put,61.16,64.1,62.63,60.36,5,2393,0.21975,-0.66239,368,375.0
2022-06-13,2023-06-16,430.0,call,14.9,16.97,15.93,15.45,1879,4586,0.22951,0.32912,368,375.0
2022-06-13,2023-06-16,430.0,put,64.45,67.4,65.93,64.33,12,3428,0.21,-0.69285,368,375.0
2022-06-13,2023-06-16,435.0,call,13.1,15.27,14.18,15.47,25,1336,0.21975,0.3,368,375.0
2022-06-13,2023-06-16,435.0,put,67.88,70.93,69.41,67.44,99,2915,0.21,-0.71184,368,375.0
2022-06-13,2023-06-16,440.0,call,12.07,13.73,12.9,12.61,31,2216,0.21975,0.28224,368,375.0
2022-06-13,2023-06-16,440.0,put,71.45,74.61,73.03,74.5,64,5941,0.21,-0.73005,368,375.0
2022-06-13,2023-06-16,445.0,call,10.09,12.29,11.19,11.25,71,2866,0.21,0.25252,368,375.0
2022-06-13,2023-06-16,445.0,put,75.16,78.44,76.8,72.7,1,3243,0.21,-0.74748,368,375.0
2022-06-13,2023-06-16,450.0,call,9.5,10.7,10.1,9.92,197,2458,0.21,0.2359,368,375.0
2022-06-13,2023-06-16,450.0,put,79.02,82.47,80.75,81.35,61,5696,0.21,-0.7641,368,375.0
2022-06-13,2023-06-16,455.0,call,7.64,9.8,8.72,8.86,14,1698,0.21,0.22007,368,375.0
2022-06-13,2023-06-16,455.0,put,83.03,86.58,84.81,82.5,9,1592,0.21,-0.77993,368,375.0
2022-06-13,2023-06-16,460.0,call,7.45,8.76,8.11,9.0,87,3852,0.21,0.20503,368,375.0
2022-06-13,2023-06-16,460.0,put,87.16,90.87,89.02,89.75,23,7592,0.21,-0.79497,368,375.0
2022-06-13,2023-06-16,465.0,call,5.66,7.8,6.73,6.86,69,1015,0.20024,0.17677,368,375.0
2022-06-13,2023-06-16,465.0,put,91.5,95.24,93.37,93.22,32,6171,0.21,-0.80923,368,375.0
2022-06-13,2023-06-16,470.0,call,5.0,6.93,5.96,6.5,23,6036,0.20024,0.16331,368,375.0
2022-06-13,2023-06-16,470.0,put,95.82,99.73,97.78,95.22,1,1781,0.21,-0.82272,368,375.0
2022-06-13,2023-06-16,475.0,call,4.04,6.17,5.11,5.74,1,1748,0.20024,0.15067,368,375.0
2022-06-13,2023-06-16,475.0,put,100.32,104.32,102.32,99.78,1,2020,0.21,-0.83546,368,375.0
2022-06-13,2023-06-16,480.0,call,4.0,5.53,4.77,4.75,48,4047,0.20024,0.13882,368,375.0
2022-06-13,2023-06-16,480.0,put,105.0,109.02,107.01,108.0,31,261,0.21,-0.84747,368,375.0
2022-06-13,2023-06-16,485.0,call,3.22,5.0,4.11,3.95,4,1766,0.20024,0.12773,368,375.0
2022-06-13,2023-06-16,485.0,put,109.66,113.81,111.73,98.09,0,53,0.21975,-0.84554,368,375.0
2022-06-13,2023-06-16,490.0,call,2.9,4.49,3.7,3.67,41,864,0.20024,0.11738,368,375.0
2022-06-13,2023-06-16,490.0,put,114.5,118.68,116.59,86.92,0,37,0.21975,-0.85633,368,375.0
2022-06-13,2023-06-16,495.0,call,1.92,4.08,3.0,3.28,21,696,0.19048,0.09473,368,375.0
2022-06-13,2023-06-16,495.0,put,119.34,123.57,121.45,89.47,0,149,0.22951,-0.85388,368,375.0
2022-06-13,2023-06-16,500.0,call,2.6,3.41,3.0,2.67,952,4892,0.20024,0.09876,368,375.0
2022-06-13,2023-06-16,500.0,put,124.25,128.47,126.36,111.0,0,2742,0.22951,-0.86364,368,375.0
2022-06-13,2023-06-16,505.0,call,1.97,2.69,2.33,2.4,3,1688,0.19048,0.07828,368,375.0
2022-06-13,2023-06-16,505.0,put,129.21,133.43,131.32,105.59,0,90,0.23926,-0.8608,368,375.0
2022-06-13,2023-06-16,510.0,call,1.92,2.4,2.16,2.06,2,1252,0.19048,0.07102,368,375.0
2022-06-13,2023-06-16,510.0,put,134.2,138.38,136.29,99.0,0,211,0.23926,-0.86969,368,375.0
2022-06-13,2023-06-16,515.0,call,1.5,2.15,1.82,2.01,59,1488,0.19048,0.06435,368,375.0
2022-06-13,2023-06-16,515.0,put,139.19,143.55,141.37,100.68,0,612,0.24902,-0.86656,368,375.0
2022-06-13,2023-06-16,520.0,call,1.31,1.94,1.62,1.77,26,2692,0.19048,0.05823,368,375.0
2022-06-13,2023-06-16,520.0,put,144.18,148.36,146.27,127.31,0,1528,0.24902,-0.8747,368,375.0
2022-06-13,2023-06-16,525.0,call,0.86,2.05,1.45,1.59,9,6248,0.19048,0.05264,368,375.0
2022-06-13,2023-06-16,525.0,put,149.17,153.35,151.26,124.27,0,631,0.25877,-0.87135,368,375.0
2022-06-13,2023-06-16,530.0,call,0.74,1.88,1.31,1.47,1,12887,0.19048,0.04752,368,375.0
2022-06-13,2023-06-16,530.0,put,154.17,158.55,156.36,118.51,0,34,0.26853,-0.86805,368,375.0
2022-06-13,2023-06-16,535.0,call,1.0,1.46,1.23,1.2,1,16825,0.19048,0.04286,368,375.0
2022-06-13,2023-06-16,535.0,put,159.17,163.37,161.27,143.2,0,25,0.26853,-0.87534,368,375.0
2022-06-13,2023-06-16,540.0,call,0.95,1.33,1.14,1.17,23,28212,0.19048,0.03861,368,375.0
2022-06-13,2023-06-16,540.0,put,164.16,168.38,166.27,148.14,0,20,0.27829,-0.87188,368,375.0
2022-06-13,2023-06-16,545.0,call,0.85,1.22,1.03,1.07,12,29412,0.19048,0.03474,368,375.0
2022-06-13,2023-06-16,545.0,put,169.16,173.55,171.36,141.56,0,5,0.27829,-0.87865,368,375.0
2022-06-13,2023-06-16,550.0,call,0.8,1.11,0.96,0.8,60,20648,0.20024,0.03897,368,375.0
2022-06-13,2023-06-16,550.0,put,174.15,178.55,176.35,160.0,0,2793,0.28804,-0.87506,368,375.0
2022-06-13,2023-06-16,555.0,call,0.71,1.24,0.97,0.85,173,10180,0.20024,0.03532,368,375.0
2022-06-13,2023-06-16,555.0,put,179.15,183.37,181.26,116.05,0,119,0.28804,-0.88139,368,375.0
2022-06-13,2023-06-16,560.0,call,0.28,1.15,0.71,0.7,43,10358,0.19048,0.02516,368,375.0
2022-06-13,2023-06-16,560.0,put,184.15,188.5,186.32,149.35,0,153,0.2978,-0.87771,368,375.0
2022-06-13,2023-06-16,565.0,call,0.61,1.07,0.84,0.61,3,5403,0.20024,0.02894,368,375.0
2022-06-13,2023-06-16,565.0,put,189.14,193.56,191.35,126.87,0,269,0.30755,-0.87407,368,375.0
2022-06-13,2023-06-16,570.0,call,0.39,0.79,0.59,0.53,162,3524,0.19048,0.02019,368,375.0
2022-06-13,2023-06-16,570.0,put,194.14,198.37,196.25,168.6,0,7,0.30755,-0.87987,368,375.0
2022-06-13,2023-06-16,575.0,call,0.52,0.92,0.72,0.49,5,5285,0.20024,0.02364,368,375.0
2022-06-13,2023-06-16,575.0,put,199.13,203.37,201.25,173.76,0,203,0.30755,-0.88544,368,375.0
2022-06-13,2023-06-16,580.0,call,0.35,0.67,0.51,0.44,6,1139,0.20024,0.02134,368,375.0
2022-06-13,2023-06-16,580.0,put,204.13,208.56,206.34,162.93,0,1,0.31731,-0.88163,368,375.0
2022-06-13,2023-06-16,585.0,call,0.26,0.62,0.44,0.59,0,1192,0.20024,0.01925,368,375.0
2022-06-13,2023-06-16,585.0,put,209.11,213.5,211.31,149.2,0,1,0.32707,-0.87787,368,375.0
2022-06-13,2023-06-16,590.0,call,0.27,0.58,0.42,0.6,0,151,0.20024,0.01735,368,375.0
2022-06-13,2023-06-16,590.0,put,214.11,218.37,216.24,154.84,0,2,0.32707,-0.88304,368,375.0
2022-06-13,2023-06-16,595.0,call,0.19,0.54,0.36,0.55,0,356,0.20024,0.01563,368,375.0
2022-06-13,2023-06-16,595.0,put,219.11,223.36,221.24,0.0,0,0,0.32707,-0.88801,368,375.0
2022-06-13,2023-06-16,600.0,call,0.3,0.51,0.41,0.43,0,2240,0.20024,0.01406,368,375.0
2022-06-13,2023-06-16,600.0,put,224.1,228.36,226.23,214.5,0,5,0.33682,-0.88413,368,375.0
2022-06-13,2023-06-16,605.0,call,0.22,0.48,0.35,0.34,1,31,0.20024,0.01265,368,375.0
2022-06-13,2023-06-16,605.0,put,229.1,233.5,231.3,203.53,0,0,0.34658,-0.88028,368,375.0
2022-06-13,2023-06-16,610.0,call,0.12,0.45,0.29,0.32,0,317,0.20024,0.01137,368,375.0
2022-06-13,2023-06-16,610.0,put,234.09,238.5,236.3,208.54,0,0,0.34658,-0.88494,368,375.0
2022-06-13,2023-06-16,615.0,call,0.23,0.43,0.33,0.23,5,103,0.21,0.01387,368,375.0
2022-06-13,2023-06-16,615.0,put,239.09,243.36,241.23,177.85,0,0,0.34658,-0.88943,368,375.0
2022-06-13,2023-06-16,620.0,call,0.09,0.4,0.24,0.4,0,89,0.20024,0.00917,368,375.0
2022-06-13,2023-06-16,620.0,put,244.08,248.36,246.22,0.0,0,0,0.35633,-0.88551,368,375.0
2022-06-13,2023-06-16,625.0,call,0.07,0.39,0.23,0.25,1,34,0.20024,0.00823,368,375.0
2022-06-13,2023-06-16,625.0,put,249.08,253.36,251.22,0.0,0,0,0.35633,-0.88979,368,375.0
2022-06-13,2023-06-16,630.0,call,0.06,0.37,0.21,0.19,0,288,0.20024,0.00738,368,375.0
2022-06-13,2023-06-16,630.0,put,254.07,258.5,256.28,0.0,0,0,0.36609,-0.88586,368,375.0
2022-06-13,2023-06-16,635.0,call,0.07,0.5,0.29,0.3,5,23,0.21975,0.01259,368,375.0
2022-06-13,2023-06-16,635.0,put,259.07,263.5,261.28,0.0,0,0,0.36609,-0.88995,368,375.0
2022-06-13,2023-06-16,640.0,call,0.06,0.34,0.2,0.19,1,1690,0.21,0.00842,368,375.0
2022-06-13,2023-06-16,640.0,put,264.06,268.5,266.28,250.0,0,1,0.37584,-0.88601,368,375.0
2022-06-13,2023-06-16,645.0,call,0.03,0.32,0.17,0.34,0,186,0.21,0.00761,368,375.0
2022-06-13,2023-06-16,645.0,put,269.06,273.35,271.21,0.0,0,0,0.37584,-0.88994,368,375.0
2022-06-13,2023-06-16,650.0,call,0.03,0.31,0.17,0.27,0,2321,0.21,0.00688,368,375.0
2022-06-13,2023-06-16,650.0,put,274.05,278.35,276.2,211.7,0,1,0.3856,-0.88598,368,375.0
2022-06-13,2023-06-16,655.0,call,0.02,0.3,0.16,0.21,0,1461,0.21,0.00621,368,375.0
2022-06-13,2023-06-16,655.0,put,279.05,283.35,281.2,206.45,0,12,0.3856,-0.88976,368,375.0
2022-06-13,2023-06-16,660.0,call,0.01,0.29,0.15,0.24,1,214,0.21,0.00561,368,375.0
2022-06-13,2023-06-16,660.0,put,284.05,288.35,286.2,0.0,0,0,0.3856,-0.89341,368,375.0
2022-06-13,2023-06-16,665.0,call,0.01,0.41,0.21,0.16,0,14,0.21975,0.00718,368,375.0
2022-06-13,2023-06-16,665.0,put,289.05,293.35,291.2,218.06,0,0,0.39536,-0.88943,368,375.0
2022-06-13,2023-06-16,670.0,put,294.03,298.5,296.26,221.39,0,12,0.39536,-0.89295,368,375.0
2022-06-13,2023-06-16,675.0,call,0.05,0.38,0.21,0.24,0,8268,0.22951,0.00822,368,375.0
2022-06-13,2023-06-16,675.0,put,299.03,303.5,301.26,0.0,0,0,0.40511,-0.88896,368,375.0
2022-06-13,2023-06-16,680.0,call,0.1,0.37,0.23,0.15,0,43,0.22951,0.00753,368,375.0
2022-06-13,2023-06-16,680.0,put,304.05,308.35,306.2,233.02,0,0,0.40511,-0.89236,368,375.0
2022-06-13,2023-06-16,685.0,call,0.01,0.2,0.11,0.2,0,8,0.21975,0.00491,368,375.0
2022-06-13,2023-06-16,685.0,put,309.05,313.35,311.2,0.0,0,0,0.41487,-0.88838,368,375.0
2022-06-13,2023-06-16,690.0,call,0.05,0.35,0.2,0.14,0,15,0.23926,0.00858,368,375.0
2022-06-13,2023-06-16,690.0,put,314.05,318.35,316.2,0.0,0,0,0.41487,-0.89166,368,375.0
2022-06-13,2023-06-16,695.0,call,0.01,0.34,0.18,0.13,3,35,0.22951,0.00577,368,375.0
2022-06-13,2023-06-16,695.0,put,319.05,323.35,321.2,0.0,0,0,0.41487,-0.89485,368,375.0
2022-06-13,2023-06-16,700.0,call,0.02,0.33,0.18,0.08,12,510,0.23926,0.00728,368,375.0
2022-06-13,2023-06-16,700.0,put,324.03,328.34,326.18,0.0,0,0,0.42462,-0.89085,368,375.0
2022-06-13,2023-06-16,705.0,put,329.05,333.34,331.19,0.0,0,0,0.42462,-0.89394,368,375.0
2022-06-13,2023-06-16,710.0,call,0.05,0.21,0.13,0.12,6,110,0.22951,0.00442,368,375.0
2022-06-13,2023-06-16,710.0,put,334.1,338.34,336.22,0.0,0,0,0.43438,-0.88995,368,375.0
2022-06-13,2023-06-16,720.0,call,0.07,0.11,0.09,0.09,3,175,0.22951,0.00369,368,375.0
2022-06-13,2023-06-16,720.0,put,344.04,348.34,346.19,0.0,0,0,0.43438,-0.89587,368,375.0
2022-06-13,2023-09-15,150.0,call,224.42,228.5,226.46,0.0,0,0,0.01488,1.0,459,375.0
2022-06-13,2023-09-15,150.0,put,1.62,2.77,2.2,2.01,10,0,0.48316,-0.02378,459,375.0
2022-06-13,2023-09-15,155.0,call,219.83,224.0,221.92,0.0,0,0,0.34658,0.99369,459,375.0
2022-06-13,2023-09-15,155.0,put,1.79,2.97,2.38,0.0,0,0,0.4734,-0.02563,459,375.0
2022-06-13,2023-09-15,160.0,call,215.23,219.5,217.37,0.0,0,0,0.37584,0.98798,459,375.0
2022-06-13,2023-09-15,160.0,put,1.97,3.18,2.58,2.4,1,0,0.46365,-0.02754,459,375.0
2022-06-13,2023-09-15,165.0,call,210.65,214.94,212.8,0.0,0,0,0.3856,0.98378,459,375.0
2022-06-13,2023-09-15,165.0,put,2.16,3.4,2.78,0.0,0,0,0.46365,-0.03151,459,375.0
2022-06-13,2023-09-15,170.0,call,206.07,210.0,208.03,0.0,0,0,0.3856,0.98077,459,375.0
2022-06-13,2023-09-15,170.0,put,2.36,3.64,3.0,0.0,0,0,0.45389,-0.03368,459,375.0
2022-06-13,2023-09-15,175.0,call,201.53,205.5,203.51,0.0,0,0,0.3856,0.9774,459,375.0
2022-06-13,2023-09-15,175.0,put,2.57,3.88,3.22,0.0,0,0,0.44414,-0.03591,459,375.0
2022-06-13,2023-09-15,180.0,call,196.97,201.0,198.99,0.0,0,0,0.39536,0.97133,459,375.0
2022-06-13,2023-09-15,180.0,put,2.79,4.14,3.46,3.37,1,0,0.43438,-0.03822,459,375.0
2022-06-13,2023-09-15,185.0,call,192.43,196.5,194.47,0.0,0,0,0.39536,0.96704,459,375.0
2022-06-13,2023-09-15,185.0,put,3.03,4.4,3.71,0.0,0,0,0.42462,-0.04059,459,375.0
2022-06-13,2023-09-15,190.0,call,187.91,192.0,189.95,0.0,0,0,0.39536,0.96236,459,375.0
2022-06-13,2023-09-15,190.0,put,3.28,4.68,3.98,3.72,10,0,0.42462,-0.04572,459,375.0
2022-06-13,2023-09-15,195.0,call,183.39,187.5,185.44,0.0,0,0,0.39536,0.9573,459,375.0
2022-06-13,2023-09-15,195.0,put,3.55,4.98,4.27,0.0,0,0,0.41487,-0.04839,459,375.0
2022-06-13,2023-09-15,200.0,call,178.89,183.0,180.94,0.0,0,0,0.39536,0.95185,459,375.0
2022-06-13,2023-09-15,200.0,put,3.82,5.29,4.55,4.25,10,0,0.40511,-0.05115,459,375.0
2022-06-13,2023-09-15,205.0,call,174.39,178.5,176.44,0.0,0,0,0.3856,0.94918,459,375.0
2022-06-13,2023-09-15,205.0,put,4.12,5.61,4.87,0.0,0,0,0.40511,-0.05711,459,375.0
2022-06-13,2023-09-15,210.0,call,169.94,174.0,171.97,0.0,0,0,0.3856,0.94309,459,375.0
2022-06-13,2023-09-15,210.0,put,4.43,5.96,5.2,0.0,0,0,0.39536,-0.06021,459,375.0
2022-06-13,2023-09-15,215.0,call,165.5,169.5,167.5,0.0,0,0,0.3856,0.9366,459,375.0
2022-06-13,2023-09-15,215.0,put,3.38,7.69,5.54,0.0,0,0,0.3856,-0.0634,459,375.0
2022-06-13,2023-09-15,220.0,call,161.07,165.36,163.22,0.0,0,0,0.3856,0.92971,459,375.0
2022-06-13,2023-09-15,220.0,put,3.75,8.06,5.91,0.0,0,0,0.3856,-0.07029,459,375.0
2022-06-13,2023-09-15,225.0,call,156.66,160.97,158.81,0.0,0,0,0.37584,0.92612,459,375.0
2022-06-13,2023-09-15,225.0,put,4.14,8.45,6.29,0.0,0,0,0.37584,-0.07388,459,375.0
2022-06-13,2023-09-15,230.0,call,152.26,156.5,154.38,0.0,0,0,0.37584,0.91855,459,375.0
2022-06-13,2023-09-15,230.0,put,4.55,8.86,6.71,0.0,0,0,0.36609,-0.07759,459,375.0
2022-06-13,2023-09-15,235.0,call,147.91,152.0,149.95,0.0,0,0,0.36609,0.91451,459,375.0
2022-06-13,2023-09-15,235.0,put,4.99,9.3,7.15,0.0,0,0,0.36609,-0.08549,459,375.0
2022-06-13,2023-09-15,240.0,call,143.63,147.84,145.74,0.0,0,0,0.36609,0.90621,459,375.0
2022-06-13,2023-09-15,240.0,put,5.46,9.77,7.62,0.0,0,0,0.35633,-0.08967,459,375.0
2022-06-13,2023-09-15,245.0,call,139.29,143.5,141.39,0.0,0,0,0.36609,0.89752,459,375.0
2022-06-13,2023-09-15,245.0,put,5.96,10.27,8.12,0.0,0,0,0.35633,-0.09832,459,375.0
2022-06-13,2023-09-15,250.0,call,135.0,139.3,137.15,137.0,1,0,0.35633,0.89263,459,375.0
2022-06-13,2023-09-15,250.0,put,6.49,10.8,8.64,8.45,2,0,0.34658,-0.10304,459,375.0
2022-06-13,2023-09-15,255.0,call,130.76,135.0,132.88,0.0,0,0,0.35633,0.88318,459,375.0
2022-06-13,2023-09-15,255.0,put,7.05,11.36,9.21,0.0,0,0,0.34658,-0.11247,459,375.0
2022-06-13,2023-09-15,260.0,call,126.56,130.82,128.69,0.0,0,0,0.35633,0.87337,459,375.0
2022-06-13,2023-09-15,260.0,put,7.66,11.97,9.82,9.44,2,0,0.33682,-0.11779,459,375.0
2022-06-13,2023-09-15,265.0,call,122.36,126.5,124.43,0.0,0,0,0.34658,0.86747,459,375.0
2022-06-13,2023-09-15,265.0,put,9.54,12.61,11.07,0.0,0,0,0.33682,-0.12804,459,375.0
2022-06-13,2023-09-15,270.0,call,118.26,122.5,120.38,0.0,0,0,0.34658,0.85688,459,375.0
2022-06-13,2023-09-15,270.0,put,8.98,13.29,11.13,0.0,0,0,0.32707,-0.13404,459,375.0
2022-06-13,2023-09-15,275.0,call,114.18,118.48,116.33,0.0,0,0,0.33682,0.85028,459,375.0
2022-06-13,2023-09-15,275.0,put,9.71,14.02,11.87,0.0,0,0,0.32707,-0.14515,459,375.0
2022-06-13,2023-09-15,280.0,call,110.15,114.45,112.3,0.0,0,0,0.33682,0.8389,459,375.0
2022-06-13,2023-09-15,280.0,put,10.48,13.6,12.04,9.57,3,0,0.31731,-0.15192,459,375.0
2022-06-13,2023-09-15,285.0,call,106.17,110.43,108.3,0.0,0,0,0.33682,0.82718,459,375.0
2022-06-13,2023-09-15,285.0,put,11.3,15.61,13.46,0.0,0,0,0.31731,-0.16391,459,375.0
2022-06-13,2023-09-15,290.0,call,102.23,106.5,104.37,0.0,0,0,0.32707,0.81929,459,375.0
2022-06-13,2023-09-15,290.0,put,12.17,14.5,13.34,0.0,0,0,0.2978,-0.16654,459,375.0
2022-06-13,2023-09-15,295.0,call,98.34,102.5,100.42,0.0,0,0,0.32707,0.80677,459,375.0
2022-06-13,2023-09-15,295.0,put,13.09,17.4,15.24,14.25,1,0,0.30755,-0.18448,459,375.0
2022-06-13,2023-09-15,300.0,call,94.49,98.69,96.59,0.0,0,0,0.31731,0.79796,459,375.0
2022-06-13,2023-09-15,300.0,put,14.07,18.38,16.23,0.0,0,0,0.2978,-0.19313,459,375.0
2022-06-13,2023-09-15,305.0,call,90.62,94.89,92.75,0.0,0,0,0.31731,0.78462,459,375.0
2022-06-13,2023-09-15,305.0,put,15.1,19.41,17.25,0.0,0,0,0.2978,-0.20698,459,375.0
2022-06-13,2023-09-15,310.0,call,86.87,91.14,89.0,0.0,0,0,0.31731,0.77102,459,375.0
2022-06-13,2023-09-15,310.0,put,16.19,20.5,18.34,17.27,10,0,0.2978,-0.22117,459,375.0
2022-06-13,2023-09-15,315.0,call,83.23,87.45,85.34,0.0,0,0,0.30755,0.7606,459,375.0
2022-06-13,2023-09-15,315.0,put,17.33,21.64,19.48,0.0,0,0,0.28804,-0.2316,459,375.0
2022-06-13,2023-09-15,320.0,call,79.53,83.79,81.66,82.0,6,0,0.30755,0.7462,459,375.0
2022-06-13,2023-09-15,320.0,put,18.55,22.86,20.7,0.0,0,0,0.28804,-0.24672,459,375.0
2022-06-13,2023-09-15,325.0,call,75.96,80.23,78.09,0.0,0,0,0.2978,0.73459,459,375.0
2022-06-13,2023-09-15,325.0,put,19.81,24.12,21.96,0.0,0,0,0.27829,-0.25848,459,375.0
2022-06-13,2023-09-15,330.0,call,72.5,76.7,74.6,0.0,0,0,0.2978,0.71939,459,375.0
2022-06-13,2023-09-15,330.0,put,21.15,25.46,23.3,21.88,14,0,0.27829,-0.27455,459,375.0
2022-06-13,2023-09-15,335.0,call,69.04,73.23,71.14,0.0,0,0,0.2978,0.70402,459,375.0
2022-06-13,2023-09-15,335.0,put,22.46,26.77,24.62,0.0,0,0,0.26853,-0.28781,459,375.0
2022-06-13,2023-09-15,340.0,call,65.59,69.85,67.72,70.0,14,0,0.28804,0.69046,459,375.0
2022-06-13,2023-09-15,340.0,put,24.04,28.24,26.14,0.0,0,0,0.26853,-0.30481,459,375.0
2022-06-13,2023-09-15,345.0,call,62.28,66.58,64.43,0.0,0,0,0.28804,0.67435,459,375.0
2022-06-13,2023-09-15,345.0,put,25.59,29.79,27.69,0.0,0,0,0.26853,-0.322,459,375.0
2022-06-13,2023-09-15,350.0,call,59.06,63.28,61.17,0.0,0,0,0.27829,0.6593,459,375.0
2022-06-13,2023-09-15,350.0,put,27.13,31.44,29.29,28.38,2,0,0.25877,-0.33768,459,375.0
2022-06-13,2023-09-15,355.0,call,55.86,60.07,57.97,0.0,0,0,0.27829,0.64248,459,375.0
2022-06-13,2023-09-15,355.0,put,28.94,33.14,31.04,31.9,4,0,0.25877,-0.35572,459,375.0
2022-06-13,2023-09-15,360.0,call,52.75,57.01,54.88,0.0,0,0,0.27829,0.62563,459,375.0
2022-06-13,2023-09-15,360.0,put,30.73,34.93,32.83,33.0,50,0,0.25877,-0.37383,459,375.0
2022-06-13,2023-09-15,365.0,call,49.7,53.95,51.83,0.0,0,0,0.26853,0.60834,459,375.0
2022-06-13,2023-09-15,365.0,put,32.52,36.83,34.67,0.0,0,0,0.24902,-0.39212,459,375.0
2022-06-13,2023-09-15,370.0,call,46.74,50.98,48.86,0.0,0,0,0.26853,0.59088,459,375.0
2022-06-13,2023-09-15,370.0,put,34.5,38.79,36.64,37.0,1,0,0.24902,-0.41096,459,375.0
2022-06-13,2023-09-15,375.0,call,43.85,48.16,46.0,46.18,3,0,0.26853,0.57347,459,375.0
2022-06-13,2023-09-15,375.0,put,36.54,39.75,38.14,37.52,2,0,0.23926,-0.4313,459,375.0
2022-06-13,2023-09-15,380.0,call,41.07,45.38,43.23,43.5,7,0,0.25877,0.55386,459,375.0
2022-06-13,2023-09-15,380.0,put,38.7,43.01,40.86,40.83,1,0,0.23926,-0.45078,459,375.0
2022-06-13,2023-09-15,385.0,call,38.33,42.64,40.48,39.0,1,0,0.25877,0.536,459,375.0
2022-06-13,2023-09-15,385.0,put,41.04,45.24,43.14,41.63,1,0,0.23926,-0.47012,459,375.0
2022-06-13,2023-09-15,390.0,call,35.7,40.01,37.86,40.0,7,0,0.25877,0.51831,459,375.0
2022-06-13,2023-09-15,390.0,put,43.5,47.58,45.54,0.0,0,0,0.23926,-0.48928,459,375.0
2022-06-13,2023-09-15,395.0,call,33.15,37.46,35.3,0.0,0,0,0.24902,0.49638,459,375.0
2022-06-13,2023-09-15,395.0,put,46.0,50.05,48.02,0.0,0,0,0.22951,-0.51302,459,375.0
2022-06-13,2023-09-15,400.0,call,30.67,34.98,32.83,32.91,2,0,0.24902,0.47842,459,375.0
2022-06-13,2023-09-15,400.0,put,48.5,52.58,50.54,50.42,2,0,0.22951,-0.53249,459,375.0
2022-06-13,2023-09-15,405.0,call,28.0,32.99,30.5,0.0,0,0,0.23926,0.45471,459,375.0
2022-06-13,2023-09-15,405.0,put,51.02,55.22,53.12,54.3,1,0,0.22951,-0.55163,459,375.0
2022-06-13,2023-09-15,410.0,call,26.0,30.71,28.36,0.0,0,0,0.23926,0.43663,459,375.0
2022-06-13,2023-09-15,410.0,put,54.0,57.96,55.98,0.0,0,0,0.21975,-0.5779,459,375.0
2022-06-13,2023-09-15,415.0,call,23.52,28.5,26.01,0.0,0,0,0.23926,0.41891,459,375.0
2022-06-13,2023-09-15,415.0,put,56.65,60.82,58.73,0.0,0,0,0.21975,-0.59705,459,375.0
2022-06-13,2023-09-15,420.0,call,21.5,26.41,23.95,24.92,2,0,0.22951,0.39316,459,375.0
2022-06-13,2023-09-15,420.0,put,59.65,63.8,61.72,0.0,0,0,0.21975,-0.61574,459,375.0
2022-06-13,2023-09-15,425.0,call,19.5,24.4,21.95,22.81,5,0,0.22951,0.37559,459,375.0
2022-06-13,2023-09-15,425.0,put,63.0,66.9,64.95,0.0,0,0,0.21,-0.6441,459,375.0
2022-06-13,2023-09-15,430.0,call,17.51,22.5,20.01,0.0,0,0,0.22951,0.35848,459,375.0
2022-06-13,2023-09-15,430.0,put,66.0,70.12,68.06,0.0,0,0,0.21,-0.66243,459,375.0
2022-06-13,2023-09-15,435.0,call,16.0,20.7,18.35,0.0,0,0,0.21975,0.33116,459,375.0
2022-06-13,2023-09-15,435.0,put,69.5,73.48,71.49,0.0,0,0,0.21,-0.68018,459,375.0
2022-06-13,2023-09-15,440.0,call,14.01,19.0,16.5,0.0,0,0,0.21975,0.31452,459,375.0
2022-06-13,2023-09-15,440.0,put,73.0,76.98,74.99,0.0,0,0,0.21,-0.69733,459,375.0
2022-06-13,2023-09-15,445.0,call,12.5,17.42,14.96,0.0,0,0,0.21975,0.29842,459,375.0
2022-06-13,2023-09-15,445.0,put,76.5,80.61,78.56,0.0,0,0,0.20024,-0.72689,459,375.0
2022-06-13,2023-09-15,450.0,call,12.5,15.94,14.22,15.06,4,0,0.21975,0.28289,459,375.0
2022-06-13,2023-09-15,450.0,put,80.5,84.37,82.44,0.0,0,0,0.20024,-0.74318,459,375.0
2022-06-13,2023-09-15,455.0,call,9.58,14.5,12.04,0.0,0,0,0.21,0.25492,459,375.0
2022-06-13,2023-09-15,455.0,put,84.06,88.29,86.18,86.82,42,0,0.20024,-0.75879,459,375.0
2022-06-13,2023-09-15,460.0,call,8.5,13.31,10.91,0.0,0,0,0.21,0.24025,459,375.0
2022-06-13,2023-09-15,460.0,put,88.16,92.47,90.31,0.0,0,0,0.20024,-0.7737,459,375.0
2022-06-13,2023-09-15,465.0,call,7.5,12.16,9.83,9.81,2,0,0.21,0.22621,459,375.0
2022-06-13,2023-09-15,465.0,put,92.5,96.51,94.5,95.35,1,0,0.20024,-0.78792,459,375.0
2022-06-13,2023-09-15,470.0,call,6.13,11.0,8.56,0.0,0,0,0.20024,0.19854,459,375.0
2022-06-13,2023-09-15,470.0,put,96.6,100.8,98.7,98.86,1,0,0.20024,-0.80146,459,375.0
2022-06-13,2023-09-15,475.0,call,5.5,10.18,7.84,0.0,0,0,0.20024,0.18567,459,375.0
2022-06-13,2023-09-15,475.0,put,101.0,105.2,103.1,0.0,0,0,0.20024,-0.81433,459,375.0
2022-06-13,2023-09-15,480.0,call,4.5,9.34,6.92,6.77,2,0,0.20024,0.17345,459,375.0
2022-06-13,2023-09-15,480.0,put,105.5,109.74,107.62,0.0,0,0,0.20024,-0.82655,459,375.0
2022-06-13,2023-09-15,485.0,call,3.6,8.5,6.05,0.0,0,0,0.20024,0.16188,459,375.0
2022-06-13,2023-09-15,485.0,put,110.07,114.31,112.19,0.0,0,0,0.21,-0.82387,459,375.0
2022-06-13,2023-09-15,490.0,call,3.0,7.92,5.46,0.0,0,0,0.19048,0.13642,459,375.0
2022-06-13,2023-09-15,490.0,put,114.68,118.99,116.84,0.0,0,0,0.21,-0.83492,459,375.0
2022-06-13,2023-09-15,495.0,call,2.5,7.33,4.92,0.0,0,0,0.19048,0.1263,459,375.0
2022-06-13,2023-09-15,495.0,put,119.5,123.78,121.64,0.0,0,0,0.21,-0.8454,459,375.0
2022-06-13,2023-09-15,500.0,call,2.0,6.81,4.4,0.0,0,0,0.19048,0.11681,459,375.0
2022-06-13,2023-09-15,500.0,put,124.29,128.6,126.44,0.0,0,0,0.21975,-0.84179,459,375.0
2022-06-13,2023-09-15,505.0,call,1.5,6.36,3.93,0.0,0,0,0.19048,0.10792,459,375.0
2022-06-13,2023-09-15,505.0,put,129.21,133.52,131.37,0.0,0,0,0.21975,-0.85134,459,375.0
2022-06-13,2023-09-15,510.0,call,1.0,5.96,3.48,0.0,0,0,0.19048,0.0996,459,375.0
2022-06-13,2023-09-15,510.0,put,134.14,138.44,136.29,0.0,0,0,0.22951,-0.84743,459,375.0
2022-06-13,2023-09-15,515.0,call,2.33,3.94,3.13,0.0,0,0,0.19048,0.09184,459,375.0
2022-06-13,2023-09-15,515.0,put,139.09,143.39,141.24,0.0,0,0,0.22951,-0.8562,459,375.0
2022-06-13,2023-09-15,520.0,call,2.06,3.59,2.83,0.0,0,0,0.19048,0.08461,459,375.0
2022-06-13,2023-09-15,520.0,put,144.0,148.68,146.34,0.0,0,0,0.23926,-0.85206,459,375.0
2022-06-13,2023-09-15,525.0,call,1.83,3.27,2.55,0.0,0,0,0.19048,0.07787,459,375.0
2022-06-13,2023-09-15,525.0,put,149.07,153.38,151.22,0.0,0,0,0.23926,-0.86015,459,375.0
2022-06-13,2023-09-15,530.0,call,1.63,3.0,2.31,2.54,18,0,0.19048,0.07161,459,375.0
2022-06-13,2023-09-15,530.0,put,154.0,158.5,156.25,0.0,0,0,0.24902,-0.85585,459,375.0
2022-06-13,2023-09-15,535.0,call,1.45,2.76,2.1,0.0,0,0,0.19048,0.0658,459,375.0
2022-06-13,2023-09-15,535.0,put,159.0,163.5,161.25,0.0,0,0,0.24902,-0.86335,459,375.0
2022-06-13,2023-09-15,540.0,call,1.3,2.54,1.92,0.0,0,0,0.19048,0.0604,459,375.0
2022-06-13,2023-09-15,540.0,put,164.15,168.39,166.27,0.0,0,0,0.25877,-0.85893,459,375.0
2022-06-13,2023-09-15,545.0,call,1.16,2.36,1.76,0.0,0,0,0.19048,0.05541,459,375.0
2022-06-13,2023-09-15,545.0,put,169.07,173.38,171.22,0.0,0,0,0.25877,-0.86591,459,375.0
2022-06-13,2023-09-15,550.0,call,1.04,2.19,1.61,0.0,0,0,0.19048,0.05078,459,375.0
2022-06-13,2023-09-15,550.0,put,174.0,178.5,176.25,0.0,0,0,0.26853,-0.8614,459,375.0
2022-06-13,2023-09-15,555.0,call,0.93,2.04,1.49,0.0,0,0,0.19048,0.04651,459,375.0
2022-06-13,2023-09-15,555.0,put,179.0,183.5,181.25,0.0,0,0,0.26853,-0.86793,459,375.0
2022-06-13,2023-09-15,560.0,call,0.83,1.9,1.36,0.0,0,0,0.19048,0.04257,459,375.0
2022-06-13,2023-09-15,560.0,put,184.08,188.39,186.24,0.0,0,0,0.27829,-0.86336,459,375.0
2022-06-13,2023-09-15,565.0,call,0.74,1.77,1.25,0.0,0,0,0.19048,0.03893,459,375.0
2022-06-13,2023-09-15,565.0,put,189.08,193.38,191.23,0.0,0,0,0.27829,-0.86949,459,375.0
2022-06-13,2023-09-15,570.0,call,0.66,1.65,1.16,0.0,0,0,0.19048,0.03558,459,375.0
2022-06-13,2023-09-15,570.0,put,194.0,198.5,196.25,0.0,0,0,0.28804,-0.86487,459,375.0
2022-06-13,2023-09-15,575.0,call,0.59,1.55,1.07,0.0,0,0,0.19048,0.03249,459,375.0
2022-06-13,2023-09-15,575.0,put,199.0,203.5,201.25,0.0,0,0,0.28804,-0.87066,459,375.0
2022-06-13,2023-09-15,580.0,call,0.53,1.44,0.98,0.0,0,0,0.19048,0.02965,459,375.0
2022-06-13,2023-09-15,580.0,put,204.08,208.39,206.24,0.0,0,0,0.2978,-0.866,459,375.0
2022-06-13,2023-09-15,585.0,call,0.47,1.35,0.91,0.0,0,0,0.20024,0.03426,459,375.0
2022-06-13,2023-09-15,585.0,put,209.08,213.39,211.24,0.0,0,0,0.2978,-0.87147,459,375.0
2022-06-13,2023-09-15,590.0,call,0.42,1.27,0.84,0.0,0,0,0.20024,0.03148,459,375.0
2022-06-13,2023-09-15,590.0,put,214.0,218.5,216.25,0.0,0,0,0.30755,-0.86679,459,375.0
2022-06-13,2023-09-15,595.0,call,0.37,1.19,0.78,0.0,0,0,0.20024,0.02891,459,375.0
2022-06-13,2023-09-15,595.0,put,219.0,223.5,221.25,0.0,0,0,0.30755,-0.87198,459,375.0
2022-06-13,2023-09-15,600.0,call,0.33,1.12,0.73,0.0,0,0,0.20024,0.02653,459,375.0
2022-06-13,2023-09-15,600.0,put,224.09,228.4,226.25,0.0,0,0,0.31731,-0.86728,459,375.0
2022-06-13,2023-09-15,605.0,call,0.29,1.05,0.67,0.0,0,0,0.20024,0.02434,459,375.0
2022-06-13,2023-09-15,605.0,put,229.08,233.39,231.24,0.0,0,0,0.31731,-0.87222,459,375.0
2022-06-13,2023-09-15,610.0,call,0.25,0.99,0.62,0.0,0,0,0.20024,0.02232,459,375.0
2022-06-13,2023-09-15,610.0,put,234.14,238.4,236.27,0.0,0,0,0.32707,-0.86751,459,375.0
2022-06-13,2023-09-15,615.0,call,0.22,0.94,0.58,0.0,0,0,0.20024,0.02046,459,375.0
2022-06-13,2023-09-15,615.0,put,239.0,243.5,241.25,0.0,0,0,0.32707,-0.87222,459,375.0
2022-06-13,2023-09-15,620.0,call,0.18,0.89,0.54,0.0,0,0,0.20024,0.01875,459,375.0
2022-06-13,2023-09-15,620.0,put,244.0,248.5,246.25,0.0,0,0,0.33682,-0.8675,459,375.0
2022-06-13,2023-09-15,625.0,call,0.15,0.84,0.49,0.0,0,0,0.20024,0.01717,459,375.0
2022-06-13,2023-09-15,625.0,put,249.1,253.39,251.25,0.0,0,0,0.33682,-0.87201,459,375.0
2022-06-13,2023-09-15,630.0,call,0.13,0.8,0.47,0.0,0,0,0.20024,0.01571,459,375.0
2022-06-13,2023-09-15,630.0,put,254.08,258.39,256.24,0.0,0,0,0.33682,-0.87637,459,375.0
2022-06-13,2023-09-15,635.0,call,0.1,0.77,0.43,0.0,0,0,0.20024,0.01438,459,375.0
2022-06-13,2023-09-15,635.0,put,259.08,263.39,261.24,0.0,0,0,0.34658,-0.87161,459,375.0
2022-06-13,2023-09-15,640.0,call,0.08,0.73,0.4,0.0,0,0,0.20024,0.01315,459,375.0
2022-06-13,2023-09-15,640.0,put,263.65,268.5,266.07,0.0,0,0,0.34658,-0.87579,459,375.0
2022-06-13,2023-09-15,645.0,call,0.06,0.7,0.38,0.0,0,0,0.20024,0.01202,459,375.0
2022-06-13,2023-09-15,645.0,put,268.64,273.5,271.07,0.0,0,0,0.34658,-0.87985,459,375.0
2022-06-13,2023-09-15,650.0,call,0.04,0.67,0.36,0.0,0,0,0.21,0.01486,459,375.0
2022-06-13,2023-09-15,650.0,put,273.64,278.5,276.07,0.0,0,0,0.35633,-0.87505,459,375.0
2022-06-13,2023-12-15,150.0,call,224.98,228.92,226.95,263.52,0,1,0.27829,0.99807,550,375.0
2022-06-13,2023-12-15,150.0,put,2.55,2.6,2.58,2.55,77,10004,0.45389,-0.02585,550,375.0
2022-06-13,2023-12-15,155.0,call,220.44,224.39,222.41,289.84,0,1,0.33682,0.9912,550,375.0
2022-06-13,2023-12-15,155.0,put,2.1,2.8,2.45,1.9,0,4896,0.43438,-0.02577,550,375.0
2022-06-13,2023-12-15,160.0,call,215.92,219.87,217.89,305.92,0,0,0.35633,0.9859,550,375.0
2022-06-13,2023-12-15,160.0,put,2.64,3.33,2.99,2.86,10,100,0.44414,-0.0316,550,375.0
2022-06-13,2023-12-15,165.0,call,211.42,215.36,213.39,241.6,0,0,0.36609,0.98121,550,375.0
2022-06-13,2023-12-15,165.0,put,2.87,3.57,3.22,2.6,0,26,0.43438,-0.03364,550,375.0
2022-06-13,2023-12-15,170.0,call,206.92,210.86,208.89,241.06,0,34,0.37584,0.97573,550,375.0
2022-06-13,2023-12-15,170.0,put,3.1,3.82,3.46,3.28,10,18,0.42462,-0.03574,550,375.0
2022-06-13,2023-12-15,175.0,call,202.42,206.38,204.4,0.0,0,0,0.37584,0.97192,550,375.0
2022-06-13,2023-12-15,175.0,put,3.34,4.08,3.71,3.35,1,3283,0.41487,-0.03789,550,375.0
2022-06-13,2023-12-15,180.0,call,197.94,201.97,199.95,242.85,0,5,0.37584,0.96775,550,375.0
2022-06-13,2023-12-15,180.0,put,3.6,4.0,3.8,2.88,0,27,0.40511,-0.04008,550,375.0
2022-06-13,2023-12-15,185.0,call,193.52,197.5,195.51,216.5,0,33,0.37584,0.96321,550,375.0
2022-06-13,2023-12-15,185.0,put,3.49,4.3,3.9,3.01,0,4315,0.39536,-0.04232,550,375.0
2022-06-13,2023-12-15,190.0,call,189.06,193.0,191.03,260.15,0,16,0.37584,0.95832,550,375.0
2022-06-13,2023-12-15,190.0,put,4.16,4.95,4.55,4.3,55,928,0.39536,-0.04752,550,375.0
2022-06-13,2023-12-15,195.0,call,184.61,188.5,186.56,193.0,0,25,0.37584,0.95305,550,375.0
2022-06-13,2023-12-15,195.0,put,4.46,5.27,4.87,4.65,6,605,0.39536,-0.05306,550,375.0
2022-06-13,2023-12-15,200.0,call,180.19,184.24,182.22,182.82,1,63,0.37584,0.94742,550,375.0
2022-06-13,2023-12-15,200.0,put,4.78,5.55,5.17,5.18,62,1700,0.3856,-0.05579,550,375.0
2022-06-13,2023-12-15,205.0,call,175.81,179.84,177.82,190.4,0,10,0.37584,0.94142,550,375.0
2022-06-13,2023-12-15,205.0,put,5.12,5.8,5.46,5.4,26,1671,0.37584,-0.05858,550,375.0
2022-06-13,2023-12-15,210.0,call,171.43,175.4,173.42,205.34,0,35,0.37584,0.93506,550,375.0
2022-06-13,2023-12-15,210.0,put,5.48,6.19,5.84,4.29,0,348,0.37584,-0.06494,550,375.0
2022-06-13,2023-12-15,215.0,call,167.07,171.0,169.03,237.28,0,5,0.36609,0.93194,550,375.0
2022-06-13,2023-12-15,215.0,put,4.75,7.2,5.97,6.1,15,671,0.36609,-0.06806,550,375.0
2022-06-13,2023-12-15,220.0,call,162.69,166.72,164.7,198.74,0,14,0.36609,0.92496,550,375.0
2022-06-13,2023-12-15,220.0,put,5.25,7.12,6.19,6.5,1,753,0.35633,-0.07125,550,375.0
2022-06-13,2023-12-15,225.0,call,158.38,162.41,160.39,179.41,0,129,0.36609,0.91762,550,375.0
2022-06-13,2023-12-15,225.0,put,5.61,8.75,7.18,6.5,1,762,0.35633,-0.07851,550,375.0
2022-06-13,2023-12-15,230.0,call,154.12,158.12,156.12,182.58,0,10,0.36609,0.90993,550,375.0
2022-06-13,2023-12-15,230.0,put,6.08,9.22,7.65,7.25,2,691,0.35633,-0.08614,550,375.0
2022-06-13,2023-12-15,235.0,call,149.87,153.86,151.87,188.07,0,17,0.35633,0.90587,550,375.0
2022-06-13,2023-12-15,235.0,put,6.57,9.71,8.14,6.48,0,120,0.34658,-0.09002,550,375.0
2022-06-13,2023-12-15,240.0,call,145.62,149.62,147.62,168.95,0,63,0.35633,0.89753,550,375.0
2022-06-13,2023-12-15,240.0,put,7.38,10.25,8.81,8.43,11,958,0.34658,-0.09833,550,375.0
2022-06-13,2023-12-15,245.0,call,141.4,145.41,143.41,196.71,0,13,0.35633,0.88885,550,375.0
2022-06-13,2023-12-15,245.0,put,7.64,10.78,9.21,9.8,2,44,0.33682,-0.10267,550,375.0
2022-06-13,2023-12-15,250.0,call,137.25,141.24,139.25,150.6,0,156,0.34658,0.88399,550,375.0
2022-06-13,2023-12-15,250.0,put,8.23,10.34,9.29,9.76,31,1219,0.32707,-0.10715,550,375.0
2022-06-13,2023-12-15,255.0,call,133.11,137.09,135.1,192.99,0,71,0.34658,0.87464,550,375.0
2022-06-13,2023-12-15,255.0,put,8.84,11.98,10.41,10.49,3,144,0.32707,-0.11654,550,375.0
2022-06-13,2023-12-15,260.0,call,128.99,132.97,130.98,157.77,0,59,0.33682,0.86923,550,375.0
2022-06-13,2023-12-15,260.0,put,9.49,11.9,10.7,7.62,0,448,0.31731,-0.12158,550,375.0
2022-06-13,2023-12-15,265.0,call,124.93,128.89,126.91,140.46,0,693,0.33682,0.8592,550,375.0
2022-06-13,2023-12-15,265.0,put,10.17,13.31,11.74,11.81,3,506,0.31731,-0.13173,550,375.0
2022-06-13,2023-12-15,270.0,call,120.91,124.85,122.88,149.18,0,92,0.33682,0.84885,550,375.0
2022-06-13,2023-12-15,270.0,put,10.9,14.03,12.46,12.5,3,2319,0.31731,-0.14226,550,375.0
2022-06-13,2023-12-15,275.0,call,116.93,120.84,118.89,120.05,1,35,0.32707,0.84241,550,375.0
2022-06-13,2023-12-15,275.0,put,11.66,14.79,13.22,10.66,0,2762,0.30755,-0.14838,550,375.0
2022-06-13,2023-12-15,280.0,call,112.98,116.87,114.93,118.64,8,50,0.32707,0.83135,550,375.0
2022-06-13,2023-12-15,280.0,put,12.47,15.59,14.03,13.22,6,1583,0.30755,-0.1597,550,375.0
2022-06-13,2023-12-15,285.0,call,109.06,112.94,111.0,143.0,0,26,0.32707,0.82002,550,375.0
2022-06-13,2023-12-15,285.0,put,13.34,16.47,14.9,10.23,0,1725,0.2978,-0.16659,550,375.0
2022-06-13,2023-12-15,290.0,call,105.22,109.07,107.14,105.93,1,34,0.31731,0.8124,550,375.0
2022-06-13,2023-12-15,290.0,put,14.24,17.37,15.8,15.1,83,7320,0.2978,-0.17875,550,375.0
2022-06-13,2023-12-15,295.0,call,101.46,105.23,103.34,127.87,0,55,0.31731,0.80036,550,375.0
2022-06-13,2023-12-15,295.0,put,15.17,18.31,16.74,15.73,23,2629,0.28804,-0.18652,550,375.0
2022-06-13,2023-12-15,300.0,call,97.6,101.44,99.52,100.5,2,427,0.30755,0.79188,550,375.0
2022-06-13,2023-12-15,300.0,put,16.16,19.29,17.73,17.5,31,5818,0.28804,-0.19954,550,375.0
2022-06-13,2023-12-15,305.0,call,93.93,97.69,95.81,100.96,1,27,0.30755,0.7791,550,375.0
2022-06-13,2023-12-15,305.0,put,17.21,20.37,18.79,18.51,41,2237,0.28804,-0.21287,550,375.0
2022-06-13,2023-12-15,310.0,call,90.32,94.0,92.16,108.71,0,59,0.30755,0.76611,550,375.0
2022-06-13,2023-12-15,310.0,put,18.32,21.48,19.9,19.66,61,3456,0.27829,-0.22224,550,375.0
2022-06-13,2023-12-15,315.0,call,86.73,90.38,88.56,100.5,0,83,0.2978,0.75614,550,375.0
2022-06-13,2023-12-15,315.0,put,19.48,22.64,21.06,20.77,61,1698,0.27829,-0.23644,550,375.0
2022-06-13,2023-12-15,320.0,call,83.18,86.81,85.0,110.54,0,114,0.2978,0.74243,550,375.0
2022-06-13,2023-12-15,320.0,put,20.7,23.87,22.29,22.26,141,2934,0.26853,-0.24701,550,375.0
2022-06-13,2023-12-15,325.0,call,79.64,83.3,81.47,82.11,7,40,0.2978,0.72856,550,375.0
2022-06-13,2023-12-15,325.0,put,22.03,25.13,23.58,23.15,5,5428,0.26853,-0.2621,550,375.0
2022-06-13,2023-12-15,330.0,call,76.22,79.85,78.03,83.0,0,110,0.28804,0.71691,550,375.0
2022-06-13,2023-12-15,330.0,put,23.33,26.51,24.92,23.49,76,5528,0.26853,-0.27741,550,375.0
2022-06-13,2023-12-15,335.0,call,72.85,76.46,74.66,75.43,2,39,0.28804,0.70235,550,375.0
2022-06-13,2023-12-15,335.0,put,24.75,27.93,26.34,25.57,1,3209,0.25877,-0.29003,550,375.0
2022-06-13,2023-12-15,340.0,call,69.55,73.13,71.34,73.56,2,151,0.28804,0.68767,550,375.0
2022-06-13,2023-12-15,340.0,put,26.28,29.41,27.84,26.75,51,5347,0.25877,-0.3062,550,375.0
2022-06-13,2023-12-15,345.0,call,66.31,69.86,68.09,78.73,0,39,0.27829,0.67419,550,375.0
2022-06-13,2023-12-15,345.0,put,27.83,31.01,29.42,28.0,4,2184,0.25877,-0.32251,550,375.0
2022-06-13,2023-12-15,350.0,call,63.13,66.66,64.89,64.99,11,314,0.27829,0.65887,550,375.0
2022-06-13,2023-12-15,350.0,put,29.46,32.6,31.03,31.6,6,4388,0.24902,-0.33744,550,375.0
2022-06-13,2023-12-15,355.0,call,60.02,63.52,61.77,64.06,5,883,0.27829,0.64351,550,375.0
2022-06-13,2023-12-15,355.0,put,31.16,34.35,32.76,28.36,0,387,0.24902,-0.35455,550,375.0
2022-06-13,2023-12-15,360.0,call,56.97,60.5,58.73,60.84,5,341,0.26853,0.62801,550,375.0
2022-06-13,2023-12-15,360.0,put,32.95,36.14,34.55,24.8,0,1887,0.24902,-0.37172,550,375.0
2022-06-13,2023-12-15,365.0,call,54.0,57.51,55.75,79.2,0,272,0.26853,0.61208,550,375.0
2022-06-13,2023-12-15,365.0,put,34.8,37.97,36.38,36.84,34,641,0.23926,-0.38918,550,375.0
2022-06-13,2023-12-15,370.0,call,51.1,54.58,52.84,69.09,0,449,0.26853,0.59618,550,375.0
2022-06-13,2023-12-15,370.0,put,36.76,39.96,38.36,38.4,26,919,0.23926,-0.40705,550,375.0
2022-06-13,2023-12-15,375.0,call,48.26,51.72,49.99,50.41,355,1538,0.25877,0.57856,550,375.0
2022-06-13,2023-12-15,375.0,put,39.0,42.0,40.5,41.0,31,979,0.23926,-0.42488,550,375.0
2022-06-13,2023-12-15,380.0,call,45.5,48.93,47.22,47.0,11,2050,0.25877,0.56218,550,375.0
2022-06-13,2023-12-15,380.0,put,40.87,43.13,42.0,43.62,1905,2519,0.22951,-0.44502,550,375.0
2022-06-13,2023-12-15,385.0,call,42.79,46.21,44.5,46.06,2,2828,0.25877,0.54592,550,375.0
2022-06-13,2023-12-15,385.0,put,43.07,46.38,44.73,43.49,8,2516,0.22951,-0.46341,550,375.0
2022-06-13,2023-12-15,390.0,call,40.24,43.57,41.91,42.72,8,850,0.24902,0.52609,550,375.0
2022-06-13,2023-12-15,390.0,put,46.15,48.7,47.42,46.4,648,1830,0.22951,-0.48164,550,375.0
2022-06-13,2023-12-15,395.0,call,37.71,41.02,39.37,49.1,0,934,0.24902,0.50948,550,375.0
2022-06-13,2023-12-15,395.0,put,48.0,51.0,49.5,47.81,9,1042,0.21975,-0.50454,550,375.0
2022-06-13,2023-12-15,400.0,call,35.73,36.9,36.31,36.7,312,2083,0.23926,0.48791,550,375.0
2022-06-13,2023-12-15,400.0,put,50.22,53.25,51.73,51.85,32,6811,0.21975,-0.52313,550,375.0
2022-06-13,2023-12-15,405.0,call,32.87,36.14,34.5,35.22,3,162,0.23926,0.47106,550,375.0
2022-06-13,2023-12-15,405.0,put,53.0,56.23,54.61,55.0,23,5069,0.21975,-0.54144,550,375.0
2022-06-13,2023-12-15,410.0,call,30.56,33.83,32.2,32.74,38,965,0.23926,0.45447,550,375.0
2022-06-13,2023-12-15,410.0,put,55.6,58.94,57.27,56.05,44,11543,0.21,-0.567,550,375.0
2022-06-13,2023-12-15,415.0,call,28.35,31.6,29.98,30.41,8,1325,0.23926,0.43816,550,375.0
2022-06-13,2023-12-15,415.0,put,58.5,61.77,60.14,58.33,18,2929,0.21,-0.58542,550,375.0
2022-06-13,2023-12-15,420.0,call,26.25,29.45,27.85,28.27,11,4563,0.22951,0.4141,550,375.0
2022-06-13,2023-12-15,420.0,put,61.5,64.71,63.1,64.11,5,2361,0.21,-0.60343,550,375.0
2022-06-13,2023-12-15,425.0,call,24.16,27.38,25.77,25.37,3,2179,0.22951,0.39781,550,375.0
2022-06-13,2023-12-15,425.0,put,64.5,67.77,66.13,64.5,12,1185,0.21,-0.62101,550,375.0
2022-06-13,2023-12-15,430.0,call,22.2,25.4,23.8,23.93,15,2325,0.22951,0.38189,550,375.0
2022-06-13,2023-12-15,430.0,put,67.5,70.96,69.23,68.07,8,1228,0.20024,-0.64914,550,375.0
2022-06-13,2023-12-15,435.0,call,20.34,23.52,21.93,21.94,3,1825,0.21975,0.35608,550,375.0
2022-06-13,2023-12-15,435.0,put,71.0,74.11,72.56,70.05,20,969,0.20024,-0.66642,550,375.0
2022-06-13,2023-12-15,440.0,call,18.56,21.72,20.14,19.93,5,3266,0.21975,0.34041,550,375.0
2022-06-13,2023-12-15,440.0,put,74.5,77.7,76.1,76.58,6,3370,0.20024,-0.68315,550,375.0
2022-06-13,2023-12-15,445.0,call,16.88,20.05,18.46,19.2,5,2196,0.21975,0.32519,550,375.0
2022-06-13,2023-12-15,445.0,put,78.0,81.27,79.63,77.77,62,3781,0.20024,-0.69934,550,375.0
2022-06-13,2023-12-15,450.0,call,16.12,18.5,17.31,16.85,58,6191,0.21975,0.31043,550,375.0
2022-06-13,2023-12-15,450.0,put,81.5,84.97,83.23,81.2,9,3253,0.20024,-0.71497,550,375.0
2022-06-13,2023-12-15,455.0,call,13.83,17.01,15.42,15.0,8,3006,0.21,0.28341,550,375.0
2022-06-13,2023-12-15,455.0,put,85.5,88.75,87.12,86.13,3,8717,0.20024,-0.73003,550,375.0
2022-06-13,2023-12-15,460.0,call,13.48,15.6,14.54,15.13,11,2621,0.21,0.26923,550,375.0
2022-06-13,2023-12-15,460.0,put,89.5,92.79,91.15,90.45,4,14923,0.20024,-0.74453,550,375.0
2022-06-13,2023-12-15,465.0,call,11.17,14.29,12.73,13.35,16,3191,0.21,0.25556,550,375.0
2022-06-13,2023-12-15,465.0,put,93.5,96.91,95.2,93.83,7,1415,0.19048,-0.77324,550,375.0
2022-06-13,2023-12-15,470.0,call,9.93,13.11,11.52,11.83,8,3011,0.20024,0.22817,550,375.0
2022-06-13,2023-12-15,470.0,put,97.5,101.2,99.35,99.0,1,1322,0.19048,-0.78678,550,375.0
2022-06-13,2023-12-15,475.0,call,10.0,11.96,10.98,14.13,0,954,0.21,0.22976,550,375.0
2022-06-13,2023-12-15,475.0,put,101.66,105.56,103.61,80.63,0,625,0.20024,-0.78463,550,375.0
2022-06-13,2023-12-15,480.0,call,9.25,10.5,9.88,9.25,30,28237,0.20024,0.20312,550,375.0
2022-06-13,2023-12-15,480.0,put,106.03,110.03,108.03,104.72,7,25130,0.20024,-0.79688,550,375.0
2022-06-13,2023-12-15,485.0,call,6.91,10.09,8.5,8.76,2,1320,0.20024,0.19142,550,375.0
2022-06-13,2023-12-15,485.0,put,110.52,114.61,112.56,112.59,11,300,0.20024,-0.80858,550,375.0
2022-06-13,2023-12-15,490.0,call,7.5,9.23,8.37,8.22,101,7306,0.20024,0.18025,550,375.0
2022-06-13,2023-12-15,490.0,put,115.08,119.29,117.19,115.25,2,97,0.20024,-0.81975,550,375.0
2022-06-13,2023-12-15,495.0,call,5.34,8.49,6.92,7.0,2,380,0.19048,0.15459,550,375.0
2022-06-13,2023-12-15,495.0,put,120.0,124.02,122.01,123.0,1,125,0.21,-0.81584,550,375.0
2022-06-13,2023-12-15,500.0,call,5.79,7.81,6.8,6.5,397,11062,0.20024,0.15948,550,375.0
2022-06-13,2023-12-15,500.0,put,124.5,128.78,126.64,124.0,7,3939,0.21,-0.82603,550,375.0
2022-06-13,2023-12-15,505.0,call,5.0,7.22,6.11,5.8,88,1377,0.20024,0.14985,550,375.0
2022-06-13,2023-12-15,505.0,put,129.5,133.63,131.56,98.58,0,38,0.21,-0.83577,550,375.0
2022-06-13,2023-12-15,510.0,call,5.0,6.69,5.85,6.46,8,8964,0.20024,0.1407,550,375.0
2022-06-13,2023-12-15,510.0,put,134.19,138.48,136.33,118.6,0,23,0.21975,-0.83113,550,375.0
2022-06-13,2023-12-15,515.0,call,3.3,6.21,4.75,4.94,8,3062,0.19048,0.11774,550,375.0
2022-06-13,2023-12-15,515.0,put,139.18,143.42,141.3,127.0,0,47,0.21975,-0.84008,550,375.0
2022-06-13,2023-12-15,520.0,call,3.75,5.8,4.78,2.61,14,2876,0.20024,0.12381,550,375.0
2022-06-13,2023-12-15,520.0,put,144.17,148.41,146.29,141.64,2,1939,0.22951,-0.83524,550,375.0
2022-06-13,2023-12-15,525.0,call,2.26,5.37,3.81,7.73,0,215,0.19048,0.10229,550,375.0
2022-06-13,2023-12-15,525.0,put,149.06,153.37,151.22,134.55,0,50,0.22951,-0.84353,550,375.0
2022-06-13,2023-12-15,530.0,call,3.16,4.03,3.6,3.51,3,1266,0.19048,0.09525,550,375.0
2022-06-13,2023-12-15,530.0,put,154.0,158.76,156.38,140.21,0,37,0.23926,-0.83853,550,375.0
2022-06-13,2023-12-15,535.0,call,2.88,3.74,3.31,6.7,0,521,0.19048,0.08862,550,375.0
2022-06-13,2023-12-15,535.0,put,159.0,163.76,161.38,144.37,0,105,0.23926,-0.84624,550,375.0
2022-06-13,2023-12-15,540.0,call,2.63,3.42,3.02,3.25,1237,1069,0.19048,0.08241,550,375.0
2022-06-13,2023-12-15,540.0,put,164.08,168.37,166.23,164.7,11,182,0.24902,-0.84114,550,375.0
2022-06-13,2023-12-15,545.0,call,2.01,3.55,2.78,3.04,7,8045,0.19048,0.07658,550,375.0
2022-06-13,2023-12-15,545.0,put,169.0,173.77,171.38,146.14,0,172,0.24902,-0.84833,550,375.0
2022-06-13,2023-12-15,550.0,call,2.5,3.31,2.91,2.5,506,6255,0.20024,0.08312,550,375.0
2022-06-13,2023-12-15,550.0,put,174.0,178.77,176.38,157.21,0,1131,0.25877,-0.84315,550,375.0
2022-06-13,2023-12-15,555.0,call,2.01,2.74,2.38,3.99,0,1336,0.19048,0.066,550,375.0
2022-06-13,2023-12-15,555.0,put,179.09,183.39,181.24,154.0,0,1,0.25877,-0.84989,550,375.0
2022-06-13,2023-12-15,560.0,call,1.52,2.89,2.21,2.77,0,3632,0.19048,0.06122,550,375.0
2022-06-13,2023-12-15,560.0,put,184.08,188.37,186.23,182.8,1,44,0.26853,-0.84466,550,375.0
2022-06-13,2023-12-15,565.0,call,1.71,2.38,2.04,3.8,0,1930,0.19048,0.05675,550,375.0
2022-06-13,2023-12-15,565.0,put,189.0,193.5,191.25,159.24,0,1,0.26853,-0.851,550,375.0
2022-06-13,2023-12-15,570.0,call,1.58,2.22,1.9,3.6,0,1970,0.19048,0.05258,550,375.0
2022-06-13,2023-12-15,570.0,put,194.0,198.5,196.25,0.0,0,0,0.26853,-0.85712,550,375.0
2022-06-13,2023-12-15,575.0,call,1.6,2.39,2.0,1.8,2,5852,0.20024,0.05877,550,375.0
2022-06-13,2023-12-15,575.0,put,199.0,203.77,201.38,0.0,0,0,0.27829,-0.85172,550,375.0
2022-06-13,2023-12-15,580.0,call,1.35,1.95,1.65,1.96,0,1484,0.19048,0.04507,550,375.0
2022-06-13,2023-12-15,580.0,put,204.07,208.37,206.22,0.0,0,0,0.27829,-0.85751,550,375.0
2022-06-13,2023-12-15,585.0,call,1.25,1.83,1.54,1.99,0,1642,0.19048,0.04169,550,375.0
2022-06-13,2023-12-15,585.0,put,209.06,213.36,211.21,0.0,0,0,0.28804,-0.8521,550,375.0
2022-06-13,2023-12-15,590.0,call,1.16,1.72,1.44,2.0,0,2785,0.19048,0.03855,550,375.0
2022-06-13,2023-12-15,590.0,put,214.0,218.5,216.25,200.0,0,3,0.28804,-0.85759,550,375.0
2022-06-13,2023-12-15,595.0,call,1.08,1.62,1.35,2.08,0,2377,0.20024,0.04416,550,375.0
2022-06-13,2023-12-15,595.0,put,219.0,223.5,221.25,0.0,0,0,0.2978,-0.85218,550,375.0
2022-06-13,2023-12-15,600.0,call,1.2,1.78,1.49,1.3,28,5777,0.20024,0.04107,550,375.0
2022-06-13,2023-12-15,600.0,put,224.0,228.5,226.25,200.02,0,241,0.2978,-0.8574,550,375.0
2022-06-13,2023-12-15,605.0,call,0.92,1.43,1.18,2.1,0,870,0.20024,0.03819,550,375.0
2022-06-13,2023-12-15,605.0,put,229.07,233.37,231.22,0.0,0,0,0.30755,-0.85199,550,375.0
2022-06-13,2023-12-15,610.0,call,0.85,1.35,1.1,1.9,0,742,0.20024,0.03549,550,375.0
2022-06-13,2023-12-15,610.0,put,234.06,238.36,236.21,0.0,0,0,0.30755,-0.85697,550,375.0
2022-06-13,2023-12-15,615.0,call,0.79,1.26,1.02,1.6,0,213,0.20024,0.03297,550,375.0
2022-06-13,2023-12-15,615.0,put,239.0,243.5,241.25,174.27,0,0,0.30755,-0.8618,550,375.0
2022-06-13,2023-12-15,620.0,call,0.73,1.19,0.96,1.3,0,930,0.20024,0.03062,550,375.0
2022-06-13,2023-12-15,620.0,put,244.0,248.5,246.25,218.62,0,5,0.31731,-0.85633,550,375.0
2022-06-13,2023-12-15,625.0,call,0.67,1.12,0.9,0.96,0,1392,0.20024,0.02843,550,375.0
2022-06-13,2023-12-15,625.0,put,249.0,253.5,251.25,231.0,0,3,0.31731,-0.86095,550,375.0
2022-06-13,2023-12-15,630.0,call,0.53,1.27,0.9,0.8,2,7233,0.20024,0.02638,550,375.0
2022-06-13,2023-12-15,630.0,put,254.06,258.36,256.21,216.3,0,1,0.32707,-0.85549,550,375.0
2022-06-13,2023-12-15,635.0,call,0.58,1.0,0.79,0.75,7,273,0.20024,0.02448,550,375.0
2022-06-13,2023-12-15,635.0,put,259.06,263.35,261.21,184.2,0,0,0.32707,-0.85992,550,375.0
2022-06-13,2023-12-15,640.0,call,0.53,0.95,0.74,1.28,0,57,0.20024,0.0227,550,375.0
2022-06-13,2023-12-15,640.0,put,264.05,268.35,266.2,0.0,0,0,0.32707,-0.86423,550,375.0
2022-06-13,2023-12-15,645.0,call,0.5,0.9,0.7,1.21,0,208,0.20024,0.02105,550,375.0
2022-06-13,2023-12-15,645.0,put,268.76,273.5,271.13,0.0,0,0,0.33682,-0.85874,550,375.0
2022-06-13,2023-12-15,650.0,call,0.58,0.86,0.72,0.61,3,1612,0.20024,0.01951,550,375.0
2022-06-13,2023-12-15,650.0,put,273.76,278.5,276.13,241.1,0,4,0.33682,-0.86288,550,375.0
2022-06-13,2023-12-15,655.0,call,0.43,0.82,0.62,1.0,0,385,0.20024,0.01808,550,375.0
2022-06-13,2023-12-15,655.0,put,278.76,283.5,281.13,191.0,0,10,0.34658,-0.85742,550,375.0
2022-06-13,2023-12-15,660.0,call,0.44,0.78,0.61,0.42,148,176,0.20024,0.01675,550,375.0
2022-06-13,2023-12-15,660.0,put,284.06,288.36,286.21,223.24,0,15,0.34658,-0.86141,550,375.0
2022-06-13,2023-12-15,665.0,call,0.37,0.74,0.55,1.11,0,364,0.20024,0.01551,550,375.0
2022-06-13,2023-12-15,665.0,put,289.06,293.36,291.21,191.5,0,10,0.34658,-0.86529,550,375.0
2022-06-13,2023-12-15,670.0,call,0.34,0.71,0.53,0.85,0,283,0.21,0.01904,550,375.0
2022-06-13,2023-12-15,670.0,put,294.06,298.36,296.21,0.0,0,0,0.35633,-0.85981,550,375.0
2022-06-13,2023-12-15,675.0,call,0.32,0.67,0.49,0.68,0,151,0.21,0.01774,550,375.0
2022-06-13,2023-12-15,675.0,put,298.75,303.5,301.12,205.5,0,8,0.35633,-0.86357,550,375.0
2022-06-13,2023-12-15,680.0,call,0.33,0.64,0.48,0.57,0,24,0.21,0.01653,550,375.0
2022-06-13,2023-12-15,680.0,put,303.75,308.5,306.12,0.0,0,0,0.35633,-0.86722,550,375.0
2022-06-13,2023-12-15,685.0,call,0.27,0.62,0.45,0.72,0,10,0.21,0.01539,550,375.0
2022-06-13,2023-12-15,685.0,put,308.75,313.5,311.12,0.0,0,0,0.36609,-0.86174,550,375.0
2022-06-13,2023-12-15,690.0,call,0.25,0.6,0.42,0.67,0,12,0.21,0.01433,550,375.0
2022-06-13,2023-12-15,690.0,put,314.07,318.36,316.22,0.0,0,0,0.36609,-0.86528,550,375.0
2022-06-13,2023-12-15,695.0,call,0.08,0.74,0.41,0.45,0,3,0.21,0.01334,550,375.0
2022-06-13,2023-12-15,695.0,put,319.06,323.36,321.21,0.0,0,0,0.37584,-0.85982,550,375.0
2022-06-13,2023-12-15,700.0,call,0.14,0.71,0.42,0.55,0,142,0.21,0.01242,550,375.0
2022-06-13,2023-12-15,700.0,put,324.06,328.36,326.21,322.87,1,0,0.37584,-0.86325,550,375.0
2022-06-13,2023-12-15,705.0,call,0.05,0.69,0.37,0.96,0,17,0.21,0.01156,550,375.0
2022-06-13,2023-12-15,705.0,put,329.06,333.36,331.21,0.0,0,0,0.37584,-0.8666,550,375.0
2022-06-13,2023-12-15,710.0,call,0.19,0.51,0.35,0.61,0,110,0.21,0.01075,550,375.0
2022-06-13,2023-12-15,710.0,put,334.05,338.35,336.2,0.0,0,0,0.3856,-0.86115,550,375.0
2022-06-13,2023-12-15,715.0,call,0.28,0.49,0.39,0.5,0,37,0.21975,0.01351,550,375.0
2022-06-13,2023-12-15,715.0,put,338.74,343.5,341.12,0.0,0,0,0.3856,-0.8644,550,375.0
2022-06-13,2023-12-15,720.0,call,0.22,0.48,0.35,0.48,0,460,0.21975,0.01264,550,375.0
2022-06-13,2023-12-15,720.0,put,343.81,348.5,346.15,263.65,0,0,0.3856,-0.86758,550,375.0
2022-06-13,2024-01-19,190.0,call,188.5,193.0,190.75,0.0,0,0,0.35633,0.96098,585,375.0
2022-06-13,2024-01-19,190.0,put,2.5,5.8,4.15,3.69,2,4,0.37584,-0.04506,585,375.0
2022-06-13,2024-01-19,195.0,call,184.0,188.85,186.43,0.0,0,0,0.35633,0.95587,585,375.0
2022-06-13,2024-01-19,195.0,put,2.6,7.5,5.05,3.84,0,4,0.3856,-0.0536,585,375.0
2022-06-13,2024-01-19,200.0,call,179.56,184.5,182.03,183.0,2,62,0.35633,0.95038,585,375.0
2022-06-13,2024-01-19,200.0,put,5.3,5.99,5.64,5.7,51,1304,0.3856,-0.0595,585,375.0
2022-06-13,2024-01-19,205.0,call,175.2,180.0,177.6,207.04,0,0,0.35633,0.94451,585,375.0
2022-06-13,2024-01-19,205.0,put,3.5,8.3,5.9,5.0,0,2,0.37584,-0.06238,585,375.0
2022-06-13,2024-01-19,210.0,call,170.86,175.5,173.18,174.1,1,3,0.35633,0.93826,585,375.0
2022-06-13,2024-01-19,210.0,put,5.57,6.26,5.92,5.8,15,1387,0.36609,-0.06533,585,375.0
2022-06-13,2024-01-19,215.0,call,166.54,171.5,169.02,221.3,0,1,0.35633,0.93165,585,375.0
2022-06-13,2024-01-19,215.0,put,5.0,7.0,6.0,5.5,0,49,0.35633,-0.06835,585,375.0
2022-06-13,2024-01-19,220.0,call,162.24,167.0,164.62,222.0,0,17,0.35633,0.92467,585,375.0
2022-06-13,2024-01-19,220.0,put,5.31,7.21,6.26,5.7,0,31,0.34658,-0.07144,585,375.0
2022-06-13,2024-01-19,225.0,call,158.0,162.96,160.48,221.5,0,6,0.35633,0.91734,585,375.0
2022-06-13,2024-01-19,225.0,put,5.72,9.0,7.36,7.13,1,237,0.34658,-0.07869,585,375.0
2022-06-13,2024-01-19,230.0,call,153.72,158.5,156.11,196.61,0,32,0.34658,0.91369,585,375.0
2022-06-13,2024-01-19,230.0,put,6.13,9.72,7.93,6.58,0,159,0.34658,-0.08631,585,375.0
2022-06-13,2024-01-19,235.0,call,149.5,154.49,152.0,183.92,0,2,0.34658,0.90572,585,375.0
2022-06-13,2024-01-19,235.0,put,6.67,10.15,8.41,5.89,0,36,0.33682,-0.09006,585,375.0
2022-06-13,2024-01-19,240.0,call,145.31,150.0,147.66,152.0,2,30,0.34658,0.89739,585,375.0
2022-06-13,2024-01-19,240.0,put,7.24,10.64,8.94,7.29,0,702,0.33682,-0.09835,585,375.0
2022-06-13,2024-01-19,245.0,call,141.14,146.0,143.57,166.77,0,18,0.33682,0.893,585,375.0
2022-06-13,2024-01-19,245.0,put,7.79,12.0,9.89,7.0,0,82,0.33682,-0.107,585,375.0
2022-06-13,2024-01-19,250.0,call,137.01,142.0,139.5,142.5,1,35,0.33682,0.88401,585,375.0
2022-06-13,2024-01-19,250.0,put,7.69,10.76,9.22,9.12,8,306,0.31731,-0.10688,585,375.0
2022-06-13,2024-01-19,255.0,call,132.9,137.5,135.2,167.15,0,5,0.33682,0.87469,585,375.0
2022-06-13,2024-01-19,255.0,put,8.34,13.0,10.67,10.2,0,21,0.31731,-0.11624,585,375.0
2022-06-13,2024-01-19,260.0,call,128.84,133.5,131.17,164.0,0,68,0.32707,0.86942,585,375.0
2022-06-13,2024-01-19,260.0,put,9.0,13.0,11.0,10.51,0,23,0.31731,-0.12596,585,375.0
2022-06-13,2024-01-19,265.0,call,124.8,129.5,127.15,159.0,0,23,0.32707,0.85941,585,375.0
2022-06-13,2024-01-19,265.0,put,9.71,14.5,12.11,9.53,0,46,0.31731,-0.13604,585,375.0
2022-06-13,2024-01-19,270.0,call,120.81,125.5,123.16,136.15,0,114,0.32707,0.84909,585,375.0
2022-06-13,2024-01-19,270.0,put,11.1,15.4,13.25,11.05,3,38,0.31731,-0.14646,585,375.0
2022-06-13,2024-01-19,275.0,call,116.85,121.5,119.17,133.5,0,26,0.31731,0.84281,585,375.0
2022-06-13,2024-01-19,275.0,put,11.81,16.0,13.91,13.4,3,157,0.30755,-0.15258,585,375.0
2022-06-13,2024-01-19,280.0,call,112.93,117.5,115.22,128.7,0,108,0.31731,0.83177,585,375.0
2022-06-13,2024-01-19,280.0,put,12.04,17.0,14.52,13.26,1,1518,0.2978,-0.15898,585,375.0
2022-06-13,2024-01-19,285.0,call,109.07,114.0,111.53,149.0,0,20,0.31731,0.82047,585,375.0
2022-06-13,2024-01-19,285.0,put,13.55,17.86,15.71,14.64,1,12,0.2978,-0.17062,585,375.0
2022-06-13,2024-01-19,290.0,call,105.22,110.0,107.61,137.02,0,21,0.30755,0.813,585,375.0
2022-06-13,2024-01-19,290.0,put,14.54,18.78,16.66,11.4,0,97,0.2978,-0.18258,585,375.0
2022-06-13,2024-01-19,295.0,call,101.43,106.0,103.72,106.0,2,122,0.30755,0.80098,585,375.0
2022-06-13,2024-01-19,295.0,put,15.0,19.74,17.37,13.7,0,45,0.28804,-0.19029,585,375.0
2022-06-13,2024-01-19,300.0,call,97.69,102.5,100.09,97.58,54,242,0.30755,0.78871,585,375.0
2022-06-13,2024-01-19,300.0,put,16.02,18.8,17.41,17.47,23,1264,0.27829,-0.19842,585,375.0
2022-06-13,2024-01-19,305.0,call,94.08,98.97,96.53,100.62,1,25,0.30755,0.77622,585,375.0
2022-06-13,2024-01-19,305.0,put,17.0,21.83,19.41,17.11,1,24,0.27829,-0.21175,585,375.0
2022-06-13,2024-01-19,310.0,call,90.34,95.0,92.67,123.2,0,11,0.2978,0.76691,585,375.0
2022-06-13,2024-01-19,310.0,put,18.0,22.97,20.48,19.82,40,34,0.27829,-0.22536,585,375.0
2022-06-13,2024-01-19,315.0,call,86.76,91.5,89.13,91.0,2,17,0.2978,0.75372,585,375.0
2022-06-13,2024-01-19,315.0,put,19.5,24.12,21.81,18.0,0,233,0.27829,-0.23922,585,375.0
2022-06-13,2024-01-19,320.0,call,83.26,88.0,85.63,96.99,0,46,0.28804,0.74336,585,375.0
2022-06-13,2024-01-19,320.0,put,20.5,23.8,22.15,22.5,1,339,0.26853,-0.24963,585,375.0
2022-06-13,2024-01-19,325.0,call,79.78,84.5,82.14,82.06,2,38,0.28804,0.72948,585,375.0
2022-06-13,2024-01-19,325.0,put,22.0,26.64,24.32,24.0,14,303,0.26853,-0.26433,585,375.0
2022-06-13,2024-01-19,330.0,call,76.5,81.36,78.93,78.5,2,35,0.28804,0.71545,585,375.0
2022-06-13,2024-01-19,330.0,put,25.5,28.0,26.75,25.85,21,1004,0.26853,-0.27923,585,375.0
2022-06-13,2024-01-19,335.0,call,73.01,78.0,75.5,105.5,0,15,0.28804,0.70129,585,375.0
2022-06-13,2024-01-19,335.0,put,25.0,29.45,27.23,27.36,1,259,0.25877,-0.2916,585,375.0
2022-06-13,2024-01-19,340.0,call,69.78,74.5,72.14,84.29,0,55,0.27829,0.68865,585,375.0
2022-06-13,2024-01-19,340.0,put,26.5,30.91,28.7,30.85,69,512,0.25877,-0.30731,585,375.0
2022-06-13,2024-01-19,345.0,call,66.5,71.47,68.98,77.06,0,13,0.27829,0.67386,585,375.0
2022-06-13,2024-01-19,345.0,put,28.0,32.52,30.26,22.11,0,83,0.24902,-0.32121,585,375.0
2022-06-13,2024-01-19,350.0,call,63.5,68.29,65.9,67.38,3,409,0.27829,0.659,585,375.0
2022-06-13,2024-01-19,350.0,put,29.76,34.14,31.95,31.2,178,1631,0.24902,-0.33773,585,375.0
2022-06-13,2024-01-19,355.0,call,60.27,65.0,62.64,65.5,1,235,0.26853,0.64443,585,375.0
2022-06-13,2024-01-19,355.0,put,31.5,35.82,33.66,33.86,5,196,0.24902,-0.35432,585,375.0
2022-06-13,2024-01-19,360.0,call,59.0,62.0,60.5,61.34,3,325,0.26853,0.62899,585,375.0
2022-06-13,2024-01-19,360.0,put,32.65,35.75,34.2,35.8,25,1176,0.23926,-0.37065,585,375.0
2022-06-13,2024-01-19,365.0,call,54.5,59.0,56.75,57.99,22,419,0.26853,0.61356,585,375.0
2022-06-13,2024-01-19,365.0,put,35.0,39.45,37.23,36.53,4,914,0.23926,-0.38797,585,375.0
2022-06-13,2024-01-19,370.0,call,51.5,56.28,53.89,53.5,4,215,0.25877,0.59692,585,375.0
2022-06-13,2024-01-19,370.0,put,37.0,41.4,39.2,39.9,11,376,0.23926,-0.40529,585,375.0
2022-06-13,2024-01-19,375.0,call,48.54,53.46,51.0,51.5,22,190,0.25877,0.58098,585,375.0
2022-06-13,2024-01-19,375.0,put,39.5,43.47,41.48,38.47,86,122,0.22951,-0.42424,585,375.0
2022-06-13,2024-01-19,380.0,call,46.0,50.71,48.36,48.0,58,328,0.25877,0.56513,585,375.0
2022-06-13,2024-01-19,380.0,put,41.0,44.0,42.5,42.0,135,787,0.22951,-0.44217,585,375.0
2022-06-13,2024-01-19,385.0,call,43.11,48.0,45.55,44.98,6,164,0.24902,0.54631,585,375.0
2022-06-13,2024-01-19,385.0,put,43.5,47.73,45.61,44.05,44,137,0.22951,-0.45998,585,375.0
2022-06-13,2024-01-19,390.0,call,42.0,45.4,43.7,43.0,106,2292,0.24902,0.53006,585,375.0
2022-06-13,2024-01-19,390.0,put,46.0,50.14,48.07,45.61,47,173,0.22951,-0.47764,585,375.0
2022-06-13,2024-01-19,395.0,call,38.0,42.88,40.44,39.95,4,978,0.24902,0.51396,585,375.0
2022-06-13,2024-01-19,395.0,put,48.5,52.46,50.48,51.0,3,551,0.21975,-0.49994,585,375.0
2022-06-13,2024-01-19,400.0,call,36.75,40.42,38.59,38.0,36,588,0.24902,0.49805,585,375.0
2022-06-13,2024-01-19,400.0,put,51.0,54.94,52.97,52.0,63,2847,0.21975,-0.51797,585,375.0
2022-06-13,2024-01-19,405.0,call,33.13,38.0,35.56,36.99,13,294,0.23926,0.47659,585,375.0
2022-06-13,2024-01-19,405.0,put,53.5,57.6,55.55,53.51,5,132,0.21975,-0.53574,585,375.0
2022-06-13,2024-01-19,410.0,call,31.0,35.74,33.37,34.6,13,300,0.23926,0.46048,585,375.0
2022-06-13,2024-01-19,410.0,put,56.5,60.28,58.39,59.0,83,150,0.21,-0.56067,585,375.0
2022-06-13,2024-01-19,415.0,call,29.2,33.5,31.35,31.75,18,184,0.23926,0.44463,585,375.0
2022-06-13,2024-01-19,415.0,put,59.0,63.09,61.05,61.5,14,1880,0.21,-0.57858,585,375.0
2022-06-13,2024-01-19,420.0,call,26.5,31.44,28.97,29.8,6,343,0.22951,0.42114,585,375.0
2022-06-13,2024-01-19,420.0,put,62.0,65.98,63.99,65.89,17,483,0.21,-0.59612,585,375.0
2022-06-13,2024-01-19,425.0,call,24.5,29.39,26.95,29.14,2,316,0.22951,0.40528,585,375.0
2022-06-13,2024-01-19,425.0,put,65.0,69.0,67.0,65.05,7,854,0.21,-0.61326,585,375.0
2022-06-13,2024-01-19,430.0,call,22.5,27.4,24.95,27.9,20,2387,0.22951,0.38975,585,375.0
2022-06-13,2024-01-19,430.0,put,68.5,72.14,70.32,68.25,9,259,0.20024,-0.64082,585,375.0
2022-06-13,2024-01-19,435.0,call,20.55,25.5,23.02,22.39,3,225,0.21975,0.36445,585,375.0
2022-06-13,2024-01-19,435.0,put,71.5,75.39,73.44,72.69,4,1235,0.20024,-0.65772,585,375.0
2022-06-13,2024-01-19,440.0,call,20.25,23.5,21.88,22.12,4,2815,0.21975,0.34914,585,375.0
2022-06-13,2024-01-19,440.0,put,75.0,78.78,76.89,76.9,10,1056,0.20024,-0.67413,585,375.0
2022-06-13,2024-01-19,445.0,call,17.06,22.0,19.53,20.35,2,566,0.21975,0.33423,585,375.0
2022-06-13,2024-01-19,445.0,put,78.5,82.29,80.4,81.5,48,460,0.20024,-0.69002,585,375.0
2022-06-13,2024-01-19,450.0,call,17.4,19.5,18.45,18.4,66,1418,0.21975,0.31974,585,375.0
2022-06-13,2024-01-19,450.0,put,82.0,85.93,83.97,83.9,8,1209,0.20024,-0.7054,585,375.0
2022-06-13,2024-01-19,455.0,call,14.5,18.9,16.7,30.49,0,469,0.21,0.29308,585,375.0
2022-06-13,2024-01-19,455.0,put,86.0,89.71,87.85,76.43,0,553,0.20024,-0.72025,585,375.0
2022-06-13,2024-01-19,460.0,call,13.0,17.43,15.21,15.0,11,1163,0.21,0.2791,585,375.0
2022-06-13,2024-01-19,460.0,put,89.5,93.61,91.56,88.0,9,174,0.19048,-0.74903,585,375.0
2022-06-13,2024-01-19,465.0,call,11.16,16.0,13.58,14.57,3,777,0.21,0.2656,585,375.0
2022-06-13,2024-01-19,465.0,put,93.5,97.64,95.57,72.1,0,129,0.19048,-0.76309,585,375.0
2022-06-13,2024-01-19,470.0,call,10.0,14.88,12.44,12.3,3,1119,0.20024,0.23838,585,375.0
2022-06-13,2024-01-19,470.0,put,98.0,101.79,99.9,87.5,0,309,0.20024,-0.76162,585,375.0
2022-06-13,2024-01-19,475.0,call,8.77,13.5,11.13,11.25,4,595,0.20024,0.22564,585,375.0
2022-06-13,2024-01-19,475.0,put,102.0,106.06,104.03,104.03,12,128,0.19048,-0.78945,585,375.0
2022-06-13,2024-01-19,480.0,call,7.72,12.5,10.11,9.73,117,519,0.20024,0.21343,585,375.0
2022-06-13,2024-01-19,480.0,put,106.5,110.45,108.47,108.65,1001,62,0.20024,-0.78657,585,375.0
2022-06-13,2024-01-19,485.0,call,9.0,10.2,9.6,9.4,8,1120,0.20024,0.20173,585,375.0
2022-06-13,2024-01-19,485.0,put,110.5,114.94,112.72,79.98,0,8,0.20024,-0.79827,585,375.0
2022-06-13,2024-01-19,490.0,call,5.89,10.5,8.2,8.63,4,1417,0.19048,0.1753,585,375.0
2022-06-13,2024-01-19,490.0,put,115.5,119.55,117.53,82.09,0,13,0.20024,-0.80946,585,375.0
2022-06-13,2024-01-19,495.0,call,5.09,10.0,7.54,7.4,65,193,0.19048,0.16465,585,375.0
2022-06-13,2024-01-19,495.0,put,120.0,124.24,122.12,98.0,0,71,0.20024,-0.82016,585,375.0
2022-06-13,2024-01-19,500.0,call,6.55,8.0,7.28,7.0,233,4518,0.20024,0.16964,585,375.0
2022-06-13,2024-01-19,500.0,put,124.5,129.04,126.77,102.03,0,1168,0.21,-0.81571,585,375.0
2022-06-13,2024-01-19,505.0,call,3.73,8.5,6.12,6.11,61,232,0.19048,0.14492,585,375.0
2022-06-13,2024-01-19,505.0,put,129.5,133.91,131.7,115.08,0,10,0.21,-0.82551,585,375.0
2022-06-13,2024-01-19,510.0,call,3.65,8.0,5.83,8.0,11,386,0.19048,0.13581,585,375.0
2022-06-13,2024-01-19,510.0,put,134.0,138.84,136.42,112.48,0,16,0.21,-0.83488,585,375.0
2022-06-13,2024-01-19,515.0,call,2.63,7.5,5.06,7.16,0,190,0.19048,0.12719,585,375.0
2022-06-13,2024-01-19,515.0,put,139.0,143.81,141.41,102.02,0,16,0.21975,-0.82981,585,375.0
2022-06-13,2024-01-19,520.0,call,2.8,6.99,4.89,9.0,0,633,0.19048,0.11903,585,375.0
2022-06-13,2024-01-19,520.0,put,144.0,148.79,146.39,141.72,2,20,0.21975,-0.83846,585,375.0
2022-06-13,2024-01-19,525.0,call,3.5,6.5,5.0,8.11,0,372,0.20024,0.12547,585,375.0
2022-06-13,2024-01-19,525.0,put,149.0,153.79,151.39,116.11,0,457,0.22951,-0.83322,585,375.0
2022-06-13,2024-01-19,530.0,call,1.4,5.99,3.7,7.35,0,177,0.19048,0.10404,585,375.0
2022-06-13,2024-01-19,530.0,put,154.0,158.78,156.39,120.35,0,456,0.22951,-0.84125,585,375.0
2022-06-13,2024-01-19,535.0,call,1.07,6.0,3.54,6.34,0,181,0.19048,0.09718,585,375.0
2022-06-13,2024-01-19,535.0,put,159.0,163.78,161.39,97.5,0,3,0.23926,-0.8359,585,375.0
2022-06-13,2024-01-19,540.0,call,0.76,5.5,3.13,3.2,1,149,0.19048,0.09072,585,375.0
2022-06-13,2024-01-19,540.0,put,164.0,168.5,166.25,158.59,10,181,0.23926,-0.84338,585,375.0
2022-06-13,2024-01-19,545.0,call,0.5,5.49,3.0,5.59,0,94,0.19048,0.08463,585,375.0
2022-06-13,2024-01-19,545.0,put,169.0,173.78,171.39,148.43,0,15,0.24902,-0.83795,585,375.0
2022-06-13,2024-01-19,550.0,call,2.8,3.65,3.22,2.9,15,888,0.19048,0.07891,585,375.0
2022-06-13,2024-01-19,550.0,put,174.0,178.77,176.38,157.27,0,100,0.24902,-0.84496,585,375.0
2022-06-13,2024-01-19,555.0,call,0.05,5.0,2.52,2.23,15,233,0.19048,0.07353,585,375.0
2022-06-13,2024-01-19,555.0,put,179.0,183.77,181.38,147.0,0,1,0.25877,-0.83947,585,375.0
2022-06-13,2024-01-19,560.0,call,1.59,3.42,2.5,3.28,0,332,0.19048,0.06849,585,375.0
2022-06-13,2024-01-19,560.0,put,184.0,188.77,186.38,166.05,0,103,0.25877,-0.84605,585,375.0
2022-06-13,2024-01-19,565.0,call,0.01,5.0,2.5,4.06,0,55,0.19048,0.06375,585,375.0
2022-06-13,2024-01-19,565.0,put,189.0,193.77,191.38,114.62,0,506,0.26853,-0.84053,585,375.0
2022-06-13,2024-01-19,570.0,call,1.15,5.0,3.08,2.32,5,143,0.21,0.08196,585,375.0
2022-06-13,2024-01-19,570.0,put,194.0,198.77,196.38,157.07,0,485,0.26853,-0.84674,585,375.0
2022-06-13,2024-01-19,575.0,call,2.0,4.84,3.42,3.62,0,112,0.21,0.0771,585,375.0
2022-06-13,2024-01-19,575.0,put,199.0,203.77,201.38,167.0,0,68,0.27829,-0.84119,585,375.0
2022-06-13,2024-01-19,580.0,put,204.0,208.76,206.38,156.37,0,30,0.27829,-0.84707,585,375.0
2022-06-13,2024-01-19,585.0,put,209.0,213.5,211.25,0.0,0,0,0.27829,-0.85275,585,375.0
2022-06-13,2024-01-19,590.0,put,214.0,218.5,216.25,0.0,0,0,0.28804,-0.84708,585,375.0
2022-06-13,2024-01-19,595.0,call,0.25,4.82,2.54,2.38,0,245,0.21,0.06016,585,375.0
2022-06-13,2024-01-19,595.0,put,219.0,223.5,221.25,183.41,0,208,0.28804,-0.85248,585,375.0
2022-06-13,2024-01-19,600.0,call,1.2,3.19,2.19,1.5,25,1324,0.21,0.05649,585,375.0
2022-06-13,2024-01-19,600.0,put,224.0,228.5,226.25,186.92,0,316,0.2978,-0.84682,585,375.0
2022-06-13,2024-01-19,605.0,call,0.01,4.65,2.33,2.44,0,108,0.21975,0.06272,585,375.0
2022-06-13,2024-01-19,605.0,put,229.0,233.5,231.25,153.41,0,2,0.2978,-0.85196,585,375.0
2022-06-13,2024-01-19,610.0,call,0.01,4.58,2.29,0.96,0,689,0.21975,0.05915,585,375.0
2022-06-13,2024-01-19,610.0,put,234.0,238.5,236.25,207.85,0,1,0.2978,-0.85695,585,375.0
2022-06-13,2024-01-19,615.0,call,0.65,4.5,2.58,1.81,0,84,0.22951,0.06533,585,375.0
2022-06-13,2024-01-19,615.0,put,239.0,243.5,241.25,212.94,0,1,0.30755,-0.85122,585,375.0
2022-06-13,2024-01-19,620.0,call,0.01,4.44,2.23,1.71,0,438,0.21975,0.05258,585,375.0
2022-06-13,2024-01-19,620.0,put,244.0,248.5,246.25,244.12,2,0,0.30755,-0.85599,585,375.0
2022-06-13,2024-01-19,625.0,call,0.01,4.38,2.19,2.06,0,87,0.21975,0.04955,585,375.0
2022-06-13,2024-01-19,625.0,put,249.0,253.5,251.25,249.09,2,1,0.31731,-0.85028,585,375.0
2022-06-13,2024-01-19,630.0,call,0.09,4.32,2.21,1.52,0,615,0.22951,0.05542,585,375.0
2022-06-13,2024-01-19,630.0,put,254.0,258.5,256.25,190.61,0,6,0.31731,-0.85486,585,375.0
2022-06-13,2024-01-19,635.0,call,0.5,4.27,2.38,3.15,0,67,0.22951,0.05244,585,375.0
2022-06-13,2024-01-19,635.0,put,259.0,263.5,261.25,0.0,0,0,0.31731,-0.8593,585,375.0
2022-06-13,2024-01-19,640.0,call,0.01,3.25,1.63,1.05,0,105,0.21975,0.04142,585,375.0
2022-06-13,2024-01-19,640.0,put,264.0,268.5,266.25,226.1,0,34,0.32707,-0.85356,585,375.0
2022-06-13,2024-01-19,645.0,call,0.01,2.14,1.07,1.47,0,96,0.21,0.03166,585,375.0
2022-06-13,2024-01-19,645.0,put,268.75,273.5,271.12,247.67,0,0,0.32707,-0.85783,585,375.0
2022-06-13,2024-01-19,650.0,call,0.5,0.92,0.71,0.97,8,769,0.20024,0.02326,585,375.0
2022-06-13,2024-01-19,650.0,put,273.75,278.5,276.12,222.91,0,2,0.33682,-0.85211,585,375.0
2022-06-13,2024-01-19,655.0,call,0.03,4.1,2.06,1.3,0,157,0.23926,0.0499,585,375.0
2022-06-13,2024-01-19,655.0,put,278.75,283.5,281.12,215.62,0,1,0.33682,-0.85622,585,375.0
2022-06-13,2024-01-19,660.0,call,0.59,0.86,0.72,0.42,148,696,0.20024,0.02014,585,375.0
2022-06-13,2024-01-19,660.0,put,283.75,288.5,286.12,270.0,0,33,0.33682,-0.86023,585,375.0
2022-06-13,2024-01-19,665.0,call,0.4,3.0,1.7,0.7,0,95,0.23926,0.04496,585,375.0
2022-06-13,2024-01-19,665.0,put,288.75,293.5,291.12,272.86,0,1,0.34658,-0.8545,585,375.0
2022-06-13,2024-01-19,670.0,call,0.02,2.4,1.21,1.0,0,99,0.21975,0.02877,585,375.0
2022-06-13,2024-01-19,670.0,put,293.75,298.5,296.12,277.86,0,38,0.34658,-0.85836,585,375.0
2022-06-13,2024-01-19,675.0,call,0.02,3.96,1.99,2.53,0,11,0.24902,0.04799,585,375.0
2022-06-13,2024-01-19,675.0,put,298.82,303.5,301.16,228.65,0,26,0.34658,-0.86213,585,375.0
2022-06-13,2024-01-19,680.0,call,0.08,3.55,1.81,0.43,0,71,0.24902,0.0457,585,375.0
2022-06-13,2024-01-19,680.0,put,303.82,308.5,306.16,233.84,0,27,0.35633,-0.8564,585,375.0
2022-06-13,2024-01-19,685.0,call,0.01,3.9,1.95,1.02,0,89,0.24902,0.04351,585,375.0
2022-06-13,2024-01-19,685.0,put,308.74,313.5,311.12,0.0,0,0,0.35633,-0.86004,585,375.0
2022-06-13,2024-01-19,690.0,call,0.35,1.6,0.98,1.5,0,63,0.22951,0.02822,585,375.0
2022-06-13,2024-01-19,690.0,put,313.74,318.5,316.12,288.06,0,63,0.36609,-0.85434,585,375.0
2022-06-13,2024-01-19,695.0,call,0.45,2.4,1.43,0.55,0,52,0.23926,0.03277,585,375.0
2022-06-13,2024-01-19,695.0,put,318.74,323.5,321.12,0.0,0,0,0.36609,-0.85787,585,375.0
2022-06-13,2024-01-19,700.0,call,0.4,1.27,0.83,0.54,0,1555,0.22951,0.02517,585,375.0
2022-06-13,2024-01-19,700.0,put,323.74,328.5,326.12,286.27,0,11,0.36609,-0.86132,585,375.0
2022-06-13,2024-01-19,705.0,put,328.74,333.5,331.12,249.74,0,9,0.37584,-0.85562,585,375.0
2022-06-13,2024-01-19,710.0,call,0.34,0.75,0.55,0.54,0,387,0.21975,0.01753,585,375.0
2022-06-13,2024-01-19,710.0,put,333.73,338.5,336.12,257.51,0,24,0.37584,-0.85897,585,375.0
2022-06-13,2024-01-19,720.0,call,0.39,0.42,0.41,0.42,2519,10579,0.21,0.01158,585,375.0
2022-06-13,2024-01-19,720.0,put,343.73,348.5,346.12,334.13,0,31,0.3856,-0.85655,585,375.0
2022-06-13,2024-12-20,120.0,call,252.72,257.5,255.11,257.71,5,1,0.01488,1.0,921,375.0
2022-06-13,2024-12-20,120.0,put,2.25,2.45,2.35,2.5,11,299,0.42462,-0.01982,921,375.0
2022-06-13,2024-12-20,130.0,call,243.0,247.98,245.49,261.5,0,3,0.01488,1.0,921,375.0
2022-06-13,2024-12-20,130.0,put,1.0,5.34,3.17,2.22,0,201,0.42462,-0.02626,921,375.0
2022-06-13,2024-12-20,140.0,call,234.04,239.0,236.52,0.0,0,0,0.01488,1.0,921,375.0
2022-06-13,2024-12-20,140.0,put,1.0,5.93,3.46,3.04,0,50,0.40511,-0.02969,921,375.0
2022-06-13,2024-12-20,150.0,call,225.41,230.0,227.7,0.0,0,0,0.01488,1.0,921,375.0
2022-06-13,2024-12-20,150.0,put,1.52,6.0,3.76,3.24,0,347,0.3856,-0.03315,921,375.0
2022-06-13,2024-12-20,160.0,call,216.9,221.5,219.2,0.0,0,0,0.27829,0.98593,921,375.0
2022-06-13,2024-12-20,160.0,put,2.11,7.0,4.55,3.42,0,2,0.37584,-0.03918,921,375.0
2022-06-13,2024-12-20,170.0,call,208.49,213.0,210.75,0.0,0,0,0.30755,0.97171,921,375.0
2022-06-13,2024-12-20,170.0,put,2.78,7.5,5.14,4.18,0,3,0.36609,-0.04578,921,375.0
2022-06-13,2024-12-20,180.0,call,200.15,205.0,202.57,203.39,1,1,0.31731,0.95992,921,375.0
2022-06-13,2024-12-20,180.0,put,3.52,6.47,5.0,2.5,0,27,0.33682,-0.04663,921,375.0
2022-06-13,2024-12-20,190.0,call,191.86,196.5,194.18,219.55,0,1,0.32707,0.94616,921,375.0
2022-06-13,2024-12-20,190.0,put,4.32,6.78,5.55,6.55,3,99,0.32707,-0.05384,921,375.0
2022-06-13,2024-12-20,195.0,call,187.75,192.5,190.12,0.0,0,0,0.32707,0.94047,921,375.0
2022-06-13,2024-12-20,195.0,put,4.76,9.5,7.13,6.44,3,2,0.33682,-0.06315,921,375.0
2022-06-13,2024-12-20,200.0,call,183.66,188.0,185.83,188.0,3,365,0.32707,0.93448,921,375.0
2022-06-13,2024-12-20,200.0,put,5.97,7.95,6.96,7.1,12,1172,0.32707,-0.06552,921,375.0
2022-06-13,2024-12-20,205.0,call,179.59,184.0,181.8,186.11,50,1063,0.32707,0.9282,921,375.0
2022-06-13,2024-12-20,205.0,put,5.68,10.5,8.09,7.53,0,51,0.32707,-0.0718,921,375.0
2022-06-13,2024-12-20,210.0,call,175.54,180.0,177.77,212.2,0,5,0.32707,0.92163,921,375.0
2022-06-13,2024-12-20,210.0,put,6.18,10.99,8.59,6.75,0,23,0.32707,-0.07837,921,375.0
2022-06-13,2024-12-20,215.0,call,171.51,176.0,173.75,241.48,0,9,0.32707,0.91478,921,375.0
2022-06-13,2024-12-20,215.0,put,6.7,11.0,8.85,7.19,0,13,0.31731,-0.08117,921,375.0
2022-06-13,2024-12-20,220.0,call,167.51,172.0,169.75,194.0,0,25,0.32707,0.90767,921,375.0
2022-06-13,2024-12-20,220.0,put,7.77,12.0,9.88,8.31,0,63,0.31731,-0.08825,921,375.0
2022-06-13,2024-12-20,225.0,call,163.52,168.0,165.76,197.5,0,23,0.31731,0.9044,921,375.0
2022-06-13,2024-12-20,225.0,put,7.8,12.5,10.15,9.5,8,631,0.31731,-0.0956,921,375.0
2022-06-13,2024-12-20,230.0,call,159.56,164.0,161.78,190.75,0,67,0.31731,0.89678,921,375.0
2022-06-13,2024-12-20,230.0,put,8.59,11.22,9.91,9.45,0,1798,0.2978,-0.09439,921,375.0
2022-06-13,2024-12-20,235.0,call,155.63,160.0,157.81,158.68,2,12,0.31731,0.88891,921,375.0
2022-06-13,2024-12-20,235.0,put,9.01,14.0,11.5,9.82,0,242,0.30755,-0.1068,921,375.0
2022-06-13,2024-12-20,240.0,call,151.72,156.5,154.11,159.18,1,82,0.31731,0.8808,921,375.0
2022-06-13,2024-12-20,240.0,put,9.66,13.0,11.33,10.0,0,443,0.2978,-0.11043,921,375.0
2022-06-13,2024-12-20,245.0,call,147.84,152.5,150.17,181.15,0,6,0.31731,0.87246,921,375.0
2022-06-13,2024-12-20,245.0,put,10.33,13.8,12.07,11.0,0,705,0.28804,-0.11413,921,375.0
2022-06-13,2024-12-20,250.0,call,143.99,148.5,146.25,146.47,8,181,0.31731,0.8639,921,375.0
2022-06-13,2024-12-20,250.0,put,11.22,13.64,12.43,12.37,3,2230,0.28804,-0.12288,921,375.0
2022-06-13,2024-12-20,255.0,call,140.17,145.0,142.58,144.5,1,15,0.30755,0.85916,921,375.0
2022-06-13,2024-12-20,255.0,put,11.77,16.5,14.13,14.33,1,63,0.28804,-0.1319,921,375.0
2022-06-13,2024-12-20,260.0,call,136.37,141.0,138.69,142.0,1,33,0.30755,0.85009,921,375.0
2022-06-13,2024-12-20,260.0,put,12.54,17.5,15.02,14.55,170,636,0.28804,-0.14119,921,375.0
2022-06-13,2024-12-20,265.0,call,132.61,137.0,134.81,166.9,0,27,0.30755,0.84082,921,375.0
2022-06-13,2024-12-20,265.0,put,13.5,16.5,15.0,15.28,68,2469,0.27829,-0.14598,921,375.0
2022-06-13,2024-12-20,270.0,call,128.88,133.5,131.19,142.0,0,36,0.30755,0.83136,921,375.0
2022-06-13,2024-12-20,270.0,put,15.1,19.0,17.05,17.0,2,13786,0.27829,-0.15588,921,375.0
2022-06-13,2024-12-20,275.0,call,125.19,130.0,127.59,141.82,0,51,0.2978,0.82548,921,375.0
2022-06-13,2024-12-20,275.0,put,16.0,20.0,18.0,15.0,0,474,0.27829,-0.16602,921,375.0
2022-06-13,2024-12-20,280.0,call,121.53,126.5,124.02,126.0,1,31,0.2978,0.8155,921,375.0
2022-06-13,2024-12-20,280.0,put,16.0,20.96,18.48,18.5,1,676,0.26853,-0.17176,921,375.0
2022-06-13,2024-12-20,285.0,call,117.9,122.5,120.2,121.86,10,63,0.2978,0.80537,921,375.0
2022-06-13,2024-12-20,285.0,put,17.0,21.92,19.46,18.7,4,512,0.26853,-0.18253,921,375.0
2022-06-13,2024-12-20,290.0,call,114.32,119.0,116.66,116.57,11,53,0.2978,0.79508,921,375.0
2022-06-13,2024-12-20,290.0,put,18.0,22.92,20.46,20.0,405,368,0.25877,-0.18894,921,375.0
2022-06-13,2024-12-20,295.0,call,110.79,115.5,113.15,122.99,0,36,0.28804,0.78785,921,375.0
2022-06-13,2024-12-20,295.0,put,19.5,23.97,21.73,19.62,0,834,0.25877,-0.20039,921,375.0
2022-06-13,2024-12-20,300.0,call,108.15,112.0,110.08,110.5,17,370,0.28804,0.77704,921,375.0
2022-06-13,2024-12-20,300.0,put,20.5,23.5,22.0,22.01,314,1579,0.24902,-0.20758,921,375.0
2022-06-13,2024-12-20,305.0,call,104.0,108.83,106.41,107.33,5,72,0.28804,0.76612,921,375.0
2022-06-13,2024-12-20,305.0,put,22.0,26.2,24.1,18.96,0,841,0.25877,-0.22389,921,375.0
2022-06-13,2024-12-20,310.0,call,100.5,105.42,102.96,106.5,1,134,0.28804,0.75508,921,375.0
2022-06-13,2024-12-20,310.0,put,23.0,27.39,25.2,24.75,602,692,0.24902,-0.2321,921,375.0
2022-06-13,2024-12-20,315.0,call,97.15,102.0,99.58,97.87,1,24,0.27829,0.74628,921,375.0
2022-06-13,2024-12-20,315.0,put,24.5,28.64,26.57,20.62,0,789,0.24902,-0.24463,921,375.0
2022-06-13,2024-12-20,320.0,call,96.0,98.74,97.37,98.0,1,81,0.28804,0.73276,921,375.0
2022-06-13,2024-12-20,320.0,put,26.0,29.9,27.95,25.9,2,2556,0.24902,-0.2573,921,375.0
2022-06-13,2024-12-20,325.0,call,90.5,95.47,92.98,105.32,0,73,0.27829,0.72312,921,375.0
2022-06-13,2024-12-20,325.0,put,27.0,31.29,29.14,29.3,1,1934,0.23926,-0.26708,921,375.0
2022-06-13,2024-12-20,330.0,call,87.5,92.26,89.88,92.0,2,224,0.27829,0.71144,921,375.0
2022-06-13,2024-12-20,330.0,put,28.5,32.71,30.61,25.99,0,2084,0.23926,-0.28046,921,375.0
2022-06-13,2024-12-20,335.0,call,84.5,89.1,86.8,87.68,2,28,0.27829,0.69971,921,375.0
2022-06-13,2024-12-20,335.0,put,30.5,34.18,32.34,31.8,20,1061,0.23926,-0.29394,921,375.0
2022-06-13,2024-12-20,340.0,call,81.5,85.98,83.74,83.45,304,200,0.26853,0.68867,921,375.0
2022-06-13,2024-12-20,340.0,put,32.0,35.72,33.86,33.45,8,600,0.22951,-0.30556,921,375.0
2022-06-13,2024-12-20,345.0,call,78.5,82.93,80.72,85.0,2,31,0.26853,0.67647,921,375.0
2022-06-13,2024-12-20,345.0,put,33.5,37.32,35.41,27.68,0,818,0.22951,-0.31973,921,375.0
2022-06-13,2024-12-20,350.0,call,77.0,79.92,78.46,78.39,23,417,0.26853,0.66426,921,375.0
2022-06-13,2024-12-20,350.0,put,36.05,38.99,37.52,37.57,9,3115,0.22951,-0.33397,921,375.0
2022-06-13,2024-12-20,355.0,call,72.5,76.98,74.74,75.77,12,318,0.26853,0.65205,921,375.0
2022-06-13,2024-12-20,355.0,put,37.0,40.72,38.86,30.75,0,908,0.22951,-0.34824,921,375.0
2022-06-13,2024-12-20,360.0,call,69.5,74.08,71.79,75.0,12,175,0.25877,0.639,921,375.0
2022-06-13,2024-12-20,360.0,put,39.0,42.52,40.76,40.27,31,2171,0.21975,-0.36262,921,375.0
2022-06-13,2024-12-20,365.0,call,66.5,71.25,68.88,69.0,115,67,0.25877,0.62636,921,375.0
2022-06-13,2024-12-20,365.0,put,41.0,44.4,42.7,40.5,3,1794,0.21975,-0.37753,921,375.0
2022-06-13,2024-12-20,370.0,call,64.0,68.56,66.28,67.47,11,62,0.25877,0.61376,921,375.0
2022-06-13,2024-12-20,370.0,put,43.0,46.34,44.67,45.0,6,2902,0.21975,-0.39243,921,375.0
2022-06-13,2024-12-20,375.0,call,63.0,65.84,64.42,64.76,108,83,0.25877,0.60121,921,375.0
2022-06-13,2024-12-20,375.0,put,45.0,48.36,46.68,47.01,131,854,0.21975,-0.40729,921,375.0
2022-06-13,2024-12-20,380.0,call,59.9,63.17,61.53,61.0,70,223,0.25877,0.58872,921,375.0
2022-06-13,2024-12-20,380.0,put,46.5,49.54,48.02,48.5,42,844,0.21,-0.42471,921,375.0
2022-06-13,2024-12-20,385.0,call,56.0,60.56,58.28,59.25,7,558,0.24902,0.57307,921,375.0
2022-06-13,2024-12-20,385.0,put,49.5,52.63,51.06,44.98,0,606,0.21,-0.44012,921,375.0
2022-06-13,2024-12-20,390.0,call,53.5,58.0,55.75,56.45,22,910,0.24902,0.56024,921,375.0
2022-06-13,2024-12-20,390.0,put,51.5,54.87,53.19,53.5,5,597,0.21,-0.45541,921,375.0
2022-06-13,2024-12-20,395.0,call,51.0,55.51,53.25,52.0,15,1312,0.24902,0.54751,921,375.0
2022-06-13,2024-12-20,395.0,put,54.0,57.2,55.6,54.09,16,1414,0.21,-0.47058,921,375.0
2022-06-13,2024-12-20,400.0,call,50.0,53.07,51.53,50.0,63,1667,0.24902,0.53489,921,375.0
2022-06-13,2024-12-20,400.0,put,56.5,59.62,58.06,58.91,25,1310,0.20024,-0.49123,921,375.0
2022-06-13,2024-12-20,405.0,call,46.0,50.68,48.34,51.0,3,2034,0.23926,0.51701,921,375.0
2022-06-13,2024-12-20,405.0,put,59.0,62.11,60.55,54.16,0,2538,0.20024,-0.50681,921,375.0
2022-06-13,2024-12-20,410.0,call,43.5,48.35,45.92,45.0,33,1946,0.23926,0.50413,921,375.0
2022-06-13,2024-12-20,410.0,put,60.5,63.8,62.15,61.46,5,668,0.19048,-0.52965,921,375.0
2022-06-13,2024-12-20,415.0,call,41.5,46.08,43.79,42.12,57,3376,0.23926,0.49141,921,375.0
2022-06-13,2024-12-20,415.0,put,64.0,67.37,65.69,66.62,31,3423,0.20024,-0.53735,921,375.0
2022-06-13,2024-12-20,420.0,call,39.0,43.87,41.44,40.0,88,1535,0.22951,0.47165,921,375.0
2022-06-13,2024-12-20,420.0,put,67.0,70.14,68.57,66.1,26,957,0.19048,-0.56121,921,375.0
2022-06-13,2024-12-20,425.0,call,37.0,41.72,39.36,46.77,0,765,0.22951,0.45875,921,375.0
2022-06-13,2024-12-20,425.0,put,70.0,73.1,71.55,70.16,11,138,0.19048,-0.57658,921,375.0
2022-06-13,2024-12-20,430.0,call,35.0,39.62,37.31,35.75,29,1590,0.22951,0.44604,921,375.0
2022-06-13,2024-12-20,430.0,put,73.0,76.06,74.53,73.59,25,874,0.19048,-0.59165,921,375.0
2022-06-13,2024-12-20,435.0,call,32.6,37.5,35.05,51.25,0,1349,0.22951,0.43354,921,375.0
2022-06-13,2024-12-20,435.0,put,76.0,79.13,77.56,59.9,0,504,0.19048,-0.60642,921,375.0
2022-06-13,2024-12-20,440.0,call,30.62,35.5,33.06,32.35,12,3158,0.21975,0.41161,921,375.0
2022-06-13,2024-12-20,440.0,put,79.0,82.3,80.65,80.7,55,429,0.19048,-0.62087,921,375.0
2022-06-13,2024-12-20,445.0,call,29.0,33.5,31.25,31.5,7,2543,0.21975,0.39907,921,375.0
2022-06-13,2024-12-20,445.0,put,82.5,85.59,84.05,82.9,4,417,0.19048,-0.635,921,375.0
2022-06-13,2024-12-20,450.0,call,29.0,30.28,29.64,29.0,24,3434,0.21975,0.38676,921,375.0
2022-06-13,2024-12-20,450.0,put,86.0,89.0,87.5,87.05,6,1243,0.18073,-0.66224,921,375.0
2022-06-13,2024-12-20,455.0,call,26.22,27.5,26.86,26.9,9,2663,0.21,0.36312,921,375.0
2022-06-13,2024-12-20,455.0,put,89.5,92.51,91.0,88.6,1,1302,0.18073,-0.67619,921,375.0
2022-06-13,2024-12-20,460.0,call,25.0,28.37,26.69,25.79,8,2296,0.21975,0.36289,921,375.0
2022-06-13,2024-12-20,460.0,put,93.0,96.15,94.58,93.29,27,1498,0.18073,-0.68975,921,375.0
2022-06-13,2024-12-20,465.0,call,21.73,26.5,24.12,26.33,1,783,0.21,0.33896,921,375.0
2022-06-13,2024-12-20,465.0,put,96.5,99.9,98.2,96.0,3,128,0.18073,-0.70292,921,375.0
2022-06-13,2024-12-20,470.0,call,21.8,25.0,23.4,23.3,1,1195,0.21,0.32731,921,375.0
2022-06-13,2024-12-20,470.0,put,100.5,103.79,102.15,102.9,3,331,0.18073,-0.71568,921,375.0
2022-06-13,2024-12-20,475.0,call,18.67,23.5,21.09,20.38,10,922,0.21,0.31594,921,375.0
2022-06-13,2024-12-20,475.0,put,104.5,107.79,106.15,93.19,0,87,0.18073,-0.72805,921,375.0
2022-06-13,2024-12-20,480.0,call,18.5,22.0,20.25,19.29,201,2553,0.21,0.30486,921,375.0
2022-06-13,2024-12-20,480.0,put,108.5,111.92,110.21,105.0,2,65,0.18073,-0.74002,921,375.0
2022-06-13,2024-12-20,485.0,call,17.0,20.5,18.75,20.05,30,326,0.21,0.29407,921,375.0
2022-06-13,2024-12-20,485.0,put,112.5,116.15,114.33,88.71,0,63,0.18073,-0.75159,921,375.0
2022-06-13,2024-12-20,490.0,call,15.0,19.5,17.25,30.59,0,245,0.20024,0.26893,921,375.0
2022-06-13,2024-12-20,490.0,put,117.0,120.5,118.75,88.94,0,40,0.18073,-0.76276,921,375.0
2022-06-13,2024-12-20,495.0,call,14.0,18.0,16.0,15.0,12,259,0.20024,0.2585,921,375.0
2022-06-13,2024-12-20,495.0,put,121.5,124.96,123.23,96.66,0,17,0.19048,-0.75711,921,375.0
2022-06-13,2024-12-20,500.0,call,14.75,15.75,15.25,14.9,136,2766,0.20024,0.24839,921,375.0
2022-06-13,2024-12-20,500.0,put,126.0,129.54,127.77,103.0,0,173,0.19048,-0.76738,921,375.0
2022-06-13,2024-12-20,505.0,call,11.24,16.0,13.62,20.5,0,255,0.20024,0.23859,921,375.0
2022-06-13,2024-12-20,505.0,put,130.5,134.22,132.36,114.05,0,5,0.19048,-0.77731,921,375.0
2022-06-13,2024-12-20,510.0,call,12.27,15.25,13.76,12.88,6,2059,0.20024,0.2291,921,375.0
2022-06-13,2024-12-20,510.0,put,135.0,138.97,136.99,131.45,0,13,0.19048,-0.7869,921,375.0
2022-06-13,2024-12-20,515.0,call,9.35,14.0,11.68,12.81,1,1989,0.19048,0.20385,921,375.0
2022-06-13,2024-12-20,515.0,put,139.5,143.86,141.68,131.8,0,15,0.20024,-0.78009,921,375.0
2022-06-13,2024-12-20,520.0,call,8.51,13.0,10.75,13.5,2,219,0.19048,0.19493,921,375.0
2022-06-13,2024-12-20,520.0,put,144.5,148.81,146.66,128.32,0,35,0.20024,-0.78897,921,375.0
2022-06-13,2024-12-20,525.0,call,9.5,12.5,11.0,12.7,1,604,0.20024,0.20244,921,375.0
2022-06-13,2024-12-20,525.0,put,149.0,153.78,151.39,141.03,0,48,0.20024,-0.79756,921,375.0
2022-06-13,2024-12-20,530.0,call,7.6,11.5,9.55,9.3,21,992,0.19048,0.17805,921,375.0
2022-06-13,2024-12-20,530.0,put,154.0,158.77,156.38,138.25,0,21,0.21,-0.79032,921,375.0
2022-06-13,2024-12-20,535.0,call,6.36,11.0,8.68,8.3,10,462,0.19048,0.17008,921,375.0
2022-06-13,2024-12-20,535.0,put,159.0,163.77,161.38,134.1,0,5,0.21,-0.79833,921,375.0
2022-06-13,2024-12-20,540.0,call,8.2,10.74,9.47,8.2,4,1094,0.20024,0.17839,921,375.0
2022-06-13,2024-12-20,540.0,put,164.0,168.77,166.38,138.66,0,4,0.21975,-0.79105,921,375.0
2022-06-13,2024-12-20,545.0,call,6.0,9.5,7.75,12.8,0,106,0.19048,0.15504,921,375.0
2022-06-13,2024-12-20,545.0,put,169.0,173.77,171.38,0.0,0,0,0.21975,-0.79856,921,375.0
2022-06-13,2024-12-20,550.0,call,6.88,7.67,7.28,7.72,759,986,0.19048,0.14795,921,375.0
2022-06-13,2024-12-20,550.0,put,174.0,178.5,176.25,176.45,5,129,0.21975,-0.80583,921,375.0
2022-06-13,2024-12-20,555.0,call,6.5,9.21,7.86,6.99,5,93,0.19048,0.14115,921,375.0
2022-06-13,2024-12-20,555.0,put,179.0,183.77,181.38,0.0,0,0,0.22951,-0.79832,921,375.0
2022-06-13,2024-12-20,560.0,call,5.76,8.78,7.27,6.74,1,73,0.19048,0.13462,921,375.0
2022-06-13,2024-12-20,560.0,put,184.0,188.77,186.38,183.16,90,18,0.22951,-0.80517,921,375.0
2022-06-13,2024-12-20,565.0,call,5.94,8.38,7.16,6.5,2,34,0.20024,0.14371,921,375.0
2022-06-13,2024-12-20,565.0,put,189.0,193.5,191.25,175.25,0,4,0.23926,-0.79768,921,375.0
2022-06-13,2024-12-20,570.0,call,5.62,8.0,6.81,7.3,6,56,0.20024,0.13753,921,375.0
2022-06-13,2024-12-20,570.0,put,194.0,198.76,196.38,161.53,0,108,0.23926,-0.80415,921,375.0
2022-06-13,2024-12-20,575.0,call,3.25,7.0,5.12,6.43,4,4872,0.18073,0.10161,921,375.0
2022-06-13,2024-12-20,575.0,put,199.0,203.5,201.25,201.69,2,92,0.23926,-0.81044,921,375.0
2022-06-13,2024-12-20,580.0,call,4.7,7.38,6.04,5.75,2,32,0.20024,0.12586,921,375.0
2022-06-13,2024-12-20,580.0,put,204.0,208.76,206.38,202.0,91,0,0.24902,-0.80283,921,375.0
2022-06-13,2024-12-20,585.0,call,3.75,7.0,5.38,5.2,1,27,0.19048,0.10581,921,375.0
2022-06-13,2024-12-20,585.0,put,209.0,213.76,211.38,183.93,0,520,0.24902,-0.80879,921,375.0
2022-06-13,2024-12-20,590.0,call,2.8,6.0,4.4,5.63,0,37,0.19048,0.10075,921,375.0
2022-06-13,2024-12-20,590.0,put,214.0,218.76,216.38,178.09,0,45,0.25877,-0.80123,921,375.0
2022-06-13,2024-12-20,595.0,call,1.6,6.0,3.8,7.01,0,23,0.18073,0.08203,921,375.0
2022-06-13,2024-12-20,595.0,put,219.0,223.76,221.38,190.68,0,135,0.25877,-0.80691,921,375.0
2022-06-13,2024-12-20,600.0,call,4.0,5.25,4.62,4.05,54,11364,0.19048,0.0913,921,375.0
2022-06-13,2024-12-20,600.0,put,224.0,228.5,226.25,210.27,0,342,0.25877,-0.81244,921,375.0
2022-06-13,2024-12-20,605.0,call,1.35,5.5,3.42,4.0,0,30,0.18073,0.07359,921,375.0
2022-06-13,2024-12-20,605.0,put,229.0,233.5,231.25,203.88,0,581,0.26853,-0.80481,921,375.0
2022-06-13,2024-12-20,610.0,call,0.97,5.5,3.23,4.11,5,37,0.18073,0.06967,921,375.0
2022-06-13,2024-12-20,610.0,put,234.0,238.5,236.25,165.57,0,119,0.26853,-0.81009,921,375.0
2022-06-13,2024-12-20,615.0,call,1.01,5.0,3.0,5.55,0,35,0.18073,0.06595,921,375.0
2022-06-13,2024-12-20,615.0,put,239.0,243.5,241.25,204.05,0,79,0.26853,-0.81524,921,375.0
2022-06-13,2024-12-20,620.0,call,2.5,5.5,4.0,4.0,0,77,0.20024,0.08757,921,375.0
2022-06-13,2024-12-20,620.0,put,244.0,248.5,246.25,208.0,0,230,0.27829,-0.80758,921,375.0
2022-06-13,2024-12-20,625.0,call,0.69,5.0,2.84,4.5,0,80,0.19048,0.07109,921,375.0
2022-06-13,2024-12-20,625.0,put,249.0,253.5,251.25,213.0,0,69,0.27829,-0.81251,921,375.0
2022-06-13,2024-12-20,630.0,call,0.5,5.0,2.75,0.45,1,41,0.19048,0.06758,921,375.0
2022-06-13,2024-12-20,630.0,put,254.0,258.5,256.25,222.46,0,180,0.27829,-0.81732,921,375.0
2022-06-13,2024-12-20,635.0,call,2.15,5.17,3.66,4.33,0,8,0.20024,0.07621,921,375.0
2022-06-13,2024-12-20,635.0,put,259.0,263.5,261.25,258.86,6,40,0.28804,-0.80964,921,375.0
2022-06-13,2024-12-20,640.0,call,2.0,5.0,3.5,3.49,0,18,0.20024,0.07274,921,375.0
2022-06-13,2024-12-20,640.0,put,264.0,268.5,266.25,201.22,0,10,0.28804,-0.81426,921,375.0
2022-06-13,2024-12-20,645.0,call,0.1,5.0,2.55,4.18,0,36,0.19048,0.058,921,375.0
2022-06-13,2024-12-20,645.0,put,269.0,273.5,271.25,203.8,0,36,0.28804,-0.81878,921,375.0
2022-06-13,2024-12-20,650.0,call,1.75,5.0,3.38,3.21,8,131,0.20024,0.06624,921,375.0
2022-06-13,2024-12-20,650.0,put,273.75,278.5,276.12,242.5,0,304,0.2978,-0.8111,921,375.0
2022-06-13,2024-12-20,655.0,call,2.0,5.0,3.5,3.38,0,37,0.21,0.0746,921,375.0
2022-06-13,2024-12-20,655.0,put,279.0,283.5,281.25,209.65,0,5,0.2978,-0.81545,921,375.0
2022-06-13,2024-12-20,660.0,call,0.13,4.45,2.29,3.68,0,181,0.19048,0.0497,921,375.0
2022-06-13,2024-12-20,660.0,put,283.74,288.5,286.12,209.96,0,6,0.2978,-0.81971,921,375.0
2022-06-13,2024-12-20,665.0,call,1.87,5.0,3.44,3.43,0,88,0.21,0.06841,921,375.0
2022-06-13,2024-12-20,665.0,put,288.74,293.5,291.12,219.1,0,15,0.30755,-0.81204,921,375.0
2022-06-13,2024-12-20,670.0,call,0.05,5.0,2.52,6.0,0,180,0.20024,0.05483,921,375.0
2022-06-13,2024-12-20,670.0,put,293.74,298.5,296.12,226.1,0,17,0.30755,-0.81615,921,375.0
2022-06-13,2024-12-20,675.0,call,0.15,5.0,2.58,3.66,0,19,0.20024,0.05229,921,375.0
2022-06-13,2024-12-20,675.0,put,298.74,303.5,301.12,229.1,0,5,0.30755,-0.82017,921,375.0
2022-06-13,2024-12-20,680.0,call,0.6,4.91,2.75,2.8,0,79,0.21,0.06002,921,375.0
2022-06-13,2024-12-20,680.0,put,303.74,308.5,306.12,229.51,0,5,0.31731,-0.81252,921,375.0
2022-06-13,2024-12-20,685.0,call,1.37,5.0,3.19,3.0,1,65,0.21975,0.06792,921,375.0
2022-06-13,2024-12-20,685.0,put,308.74,313.5,311.12,0.0,0,0,0.31731,-0.81641,921,375.0
2022-06-13,2024-12-20,690.0,call,0.2,5.0,2.6,1.54,1,55,0.21,0.05498,921,375.0
2022-06-13,2024-12-20,690.0,put,313.74,318.5,316.12,240.32,0,1,0.31731,-0.82021,921,375.0
2022-06-13,2024-12-20,695.0,call,1.0,4.0,2.5,1.51,1,38,0.21,0.05261,921,375.0
2022-06-13,2024-12-20,695.0,put,318.73,323.5,321.12,272.96,0,1,0.32707,-0.81259,921,375.0
2022-06-13,2024-12-20,700.0,call,1.31,2.41,1.86,1.7,11,1358,0.20024,0.04116,921,375.0
2022-06-13,2024-12-20,700.0,put,323.73,328.5,326.12,322.92,1,182,0.32707,-0.81628,921,375.0
2022-06-13,2024-12-20,705.0,call,0.75,3.0,1.88,1.87,0,36,0.20024,0.03922,921,375.0
2022-06-13,2024-12-20,705.0,put,328.73,333.5,331.12,304.79,0,18,0.32707,-0.8199,921,375.0
2022-06-13,2024-12-20,710.0,call,1.25,5.0,3.12,1.96,0,172,0.22951,0.06537,921,375.0
2022-06-13,2024-12-20,710.0,put,333.73,338.5,336.12,299.68,0,27,0.33682,-0.8123,921,375.0
2022-06-13,2024-12-20,715.0,call,1.2,1.79,1.5,1.63,2,607,0.20024,0.03561,921,375.0
2022-06-13,2024-12-20,715.0,put,338.73,343.5,341.12,322.6,0,38,0.33682,-0.81582,921,375.0
2022-06-13,2024-12-20,720.0,call,1.12,1.51,1.31,1.24,87,1553,0.20024,0.03393,921,375.0
2022-06-13,2024-12-20,720.0,put,343.73,348.5,346.12,307.51,0,43,0.33682,-0.81926,921,375.0
