date,open,high,low,close,adjusted_close,volume
1999-11-01,136.5,137.0,135.5625,135.5625,85.3714575325914,4006500
1999-11-02,135.968704,137.25,134.593704,134.593704,84.7613512969308,6516900
1999-11-03,136.0,136.375,135.125,135.5,85.3320977089249,7222300
1999-11-04,136.75,137.359299,135.765594,136.531204,85.9815058305916,7907500
1999-11-05,138.625,139.109299,136.781204,137.875,86.8277710082511,7431500
1999-11-08,137.0,138.375,136.75,138.0,86.9064906555841,4649200
1999-11-09,138.5,138.6875,136.281204,136.703094,86.0897547920321,4533700
1999-11-10,136.25,138.390594,136.078094,137.718704,86.7293424802547,6405600
1999-11-11,138.1875,138.5,137.468704,138.5,87.2213692449159,4794100
1999-11-12,139.25,139.984299,137.125,139.75,88.0085657182455,11802900
1999-11-15,139.843704,140.25,139.406204,140.078094,88.2151852700219,2187500
1999-11-16,140.5625,143.0,140.093704,141.25,88.9532014862409,7544800
1999-11-17,142.25,142.9375,141.3125,141.625,89.1893604282398,9459000
1999-11-18,142.4375,143.0,141.625,142.625,89.8191176069035,4491000
1999-11-19,142.406204,142.968704,142.0,142.5,89.7403979595705,4832100
1999-11-22,142.4375,143.0,141.5,142.468704,89.7206890789071,4155400
1999-11-23,142.843704,142.843704,140.375,141.218704,88.9334926055775,5918000
1999-11-24,140.75,142.4375,140.0,141.968704,89.4058104895752,4459700
1999-11-26,142.468704,142.875,141.25,141.4375,89.0712809572404,1693900
1999-11-29,140.875,141.921799,140.4375,140.9375,88.7564023679085,7348600
1999-11-30,140.75,142.3125,139.0,139.281204,87.7133380719167,7682000
1999-12-01,139.3125,140.5,139.0,140.406204,88.4218148979133,6980200
1999-12-02,140.625,141.375,140.375,141.25,88.9532014862409,6698300
1999-12-03,143.031204,145.343704,143.031204,143.843704,90.5866051995696,10045400
1999-12-06,143.531204,143.718704,142.25,142.781204,89.9174881972395,3138900
1999-12-07,143.281204,143.3125,141.375,141.625,89.1893604282398,10714200
1999-12-08,141.343704,142.0625,140.5,140.718704,88.6186140162457,4611400
1999-12-09,141.8125,142.218704,139.375,141.406204,89.0515720765769,6474700
1999-12-10,142.281204,142.8125,140.875,141.875,89.3467997229057,5127300
1999-12-13,141.4375,142.718704,141.281204,142.125,89.5042390175716,4210800
1999-12-14,141.625,142.484299,140.625,140.75,88.6383228969091,5739000
1999-12-15,140.375,142.203094,140.031204,141.5,89.1106407809068,6879100
1999-12-16,142.1875,142.656204,141.156204,142.125,89.5042390175716,5854900
1999-12-17,143.0,143.3125,142.0625,142.6875,90.0773507975289,4775400
1999-12-20,142.5625,143.1875,141.093704,141.656204,89.4263027970517,4608700
1999-12-21,141.593704,144.0625,141.343704,143.8125,90.7875533005317,7981300
1999-12-22,143.625,144.1875,142.968704,144.1875,91.0242874681993,5377500
1999-12-23,145.015594,146.484299,145.0,146.484299,92.4742362670388,5721700
1999-12-27,146.5,146.781204,145.0625,146.281204,92.3460241982856,2691000
1999-12-28,145.875,146.5,145.484299,146.1875,92.28686969576,4084500
1999-12-29,146.3125,146.8125,145.3125,146.8125,92.6814266418727,3001000
1999-12-30,147.125,147.5625,146.1875,146.640594,92.5729039116671,3641300
1999-12-31,146.843704,147.5,146.25,146.875,92.7208823364839,3172700
2000-01-03,148.25,148.25,143.875,145.4375,91.8134013604247,8164300
2000-01-04,143.531204,144.0625,139.640594,139.75,88.2229331507992,8089800
2000-01-05,139.9375,141.531204,137.25,140.0,88.3807559292443,12177900
2000-01-06,139.625,141.5,137.75,137.75,86.9603509232386,6227200
2000-01-07,140.3125,145.75,140.0625,145.75,92.0106798334811,8066500
2000-01-10,146.25,146.906204,145.031204,146.25,92.3263253903712,5741700
2000-01-11,145.8125,146.093704,143.5,144.5,91.2215659412557,7503700
2000-01-12,144.593704,144.593704,142.875,143.0625,90.3140849651965,6907700
2000-01-13,144.468704,145.75,143.281204,145.0,91.5372114981459,5158300
2000-01-14,146.531204,147.468704,145.968704,146.968704,92.7800368390096,7437300
2000-01-18,145.343704,146.625,145.1875,145.8125,92.0501355280924,6488500
2000-01-19,145.3125,147.0,145.0,147.0,92.7997937257065,6157900
2000-01-20,146.968704,146.968704,143.8125,144.75,91.3793887197008,5800100
2000-01-21,145.5,145.5,144.0625,144.4375,91.1821102466444,6244800
2000-01-24,145.656204,145.843704,139.406204,140.343704,88.597733210215,7896900
2000-01-25,140.515594,141.9375,139.0,141.9375,89.6038824621936,9942500
2000-01-26,141.0,141.546799,140.093704,140.8125,88.8936799591908,5158100
2000-01-27,141.843704,142.218704,138.125,140.25,88.5385787076893,10922700
2000-01-28,139.4375,140.0625,135.531204,135.875,85.7766800849005,11916200
2000-01-31,135.8125,139.671799,135.0,139.5625,88.1045660669654,10768700
2000-02-01,139.75,141.6875,138.531204,140.9375,88.9725913484133,8419900
2000-02-02,141.281204,142.25,140.375,141.0625,89.0515027376359,6205900
2000-02-03,140.875,143.25,140.0,143.1875,90.392996354419,7997500
2000-02-04,143.1875,144.0,142.125,142.593704,90.0181382162207,4925400
2000-02-07,142.5625,142.781204,141.4375,142.375,89.8800723244725,5845800
2000-02-08,143.968704,144.5625,143.625,144.3125,91.1031988574219,4936400
2000-02-09,144.468704,144.468704,141.265594,141.281204,89.1895686293841,8511500
2000-02-10,141.625,142.5625,140.875,141.5625,89.367148294526,6690600
2000-02-11,141.843704,141.9375,138.031204,138.6875,87.5521863424076,9849800
2000-02-14,139.781204,139.781204,138.3125,139.5,88.0651103723541,8528800
2000-02-15,139.25,141.218704,137.796799,141.078094,89.0613470912641,11078300
2000-02-16,140.375,140.9375,138.796799,139.0,87.749464815464,8845400
2000-02-17,140.4375,140.4375,138.218704,138.281204,87.2956952880431,7584200
2000-02-18,138.875,138.875,134.625,135.3125,85.421578833399,9409200
2000-02-22,135.1875,136.343704,133.531204,134.968704,85.2045434736458,16415400
2000-02-23,135.625,137.468704,134.5,136.5625,86.2106927256244,12119000
2000-02-24,136.6875,137.031204,133.093704,133.8125,84.4746421627286,17375000
2000-02-25,135.1875,136.718704,133.125,133.328094,84.1688409594667,10559900
2000-02-28,133.375,136.6875,132.718704,136.125,85.9345028633455,13397800
2000-02-29,136.0625,137.4375,135.75,137.4375,86.7630724501822,8242500
2000-03-01,137.625,139.0,137.218704,138.4375,87.3943635639625,6868000
2000-03-02,138.6875,139.125,137.343704,138.531204,87.4535180664882,7600200
2000-03-03,140.4375,141.718704,139.718704,141.125,89.0909584322471,12770300
2000-03-06,140.8125,141.343704,138.75,139.75,88.2229331507992,11967100
2000-03-07,140.0,140.156204,135.218704,137.046799,86.5164263807371,20062000
2000-03-08,136.468704,137.843704,135.031204,136.875,86.4079711986808,11808500
2000-03-09,137.25,140.875,136.125,140.875,88.933135653802,5500900
2000-03-10,140.1875,142.0,139.531204,140.125,88.4596673184668,7924600
2000-03-13,136.6875,140.468704,135.6875,138.593704,87.4929737610995,10540500
2000-03-14,139.281204,140.093704,136.156204,136.625,86.2501484202357,8263900
2000-03-15,136.875,140.4375,136.0625,139.8125,88.2623888454105,10300800
2000-03-16,141.625,146.843704,140.875,146.343704,92.3854798928969,25601400
2000-03-17,145.8125,148.0,145.4375,146.9375,92.9944352957806,10272900
2000-03-20,146.875,147.343704,144.781204,146.1875,92.5197720786179,12502300
2000-03-21,145.531204,149.75,144.5,149.1875,94.4184249472685,13612600
2000-03-22,149.5625,150.843704,148.6875,150.093704,94.991947221996,8260000
2000-03-23,149.156204,153.468704,149.156204,152.656204,96.6137132139684,11654500
2000-03-24,152.875,155.75,151.718704,153.5625,97.1872937140506,11462900
2000-03-27,153.375,153.781204,151.8125,151.9375,96.1588567435315,8798600
2000-03-28,151.25,152.984299,150.593704,151.0625,95.6050829901751,6334400
2000-03-29,151.5625,152.484299,149.656204,151.218704,95.70394204774,6747500
2000-03-30,150.156204,151.921799,147.125,148.6875,94.1019828024934,9491900
2000-03-31,149.625,152.3125,148.4375,150.375,95.1699750411093,9249100
2000-04-03,150.125,151.25,148.6875,151.25,95.7237487944657,8508200
2000-04-04,151.75,153.0,141.390594,150.125,95.0117539687218,19585500
2000-04-05,147.875,150.8125,147.625,149.1875,94.4184249472685,8387200
2000-04-06,150.25,151.6875,149.0,150.484299,95.2391486610729,6378500
2000-04-07,151.5625,152.125,150.5,151.4375,95.8424145987564,6023600
2000-04-10,151.75,153.109299,150.3125,150.843704,95.4666104391587,9624200
2000-04-11,150.0,151.625,148.375,150.406204,95.1897235624805,9006400
2000-04-12,150.375,151.156204,146.156204,146.281204,92.5790758680859,10779200
2000-04-13,147.468704,148.156204,143.781204,144.25,91.2935587676144,12225800
2000-04-14,142.625,142.8125,133.5,136.0,86.0722633788254,29604000
2000-04-17,135.1875,140.75,134.6875,140.75,89.0784637541888,23918200
2000-04-18,140.5625,144.468704,139.781204,144.468704,91.4319730932762,11069200
2000-04-19,144.5,145.125,142.531204,143.125,90.5815639418705,6553700
2000-04-20,143.5625,143.9375,142.375,143.8125,91.0166718909362,8537600
2000-04-24,141.5,143.3125,140.5,142.25,90.0277901885141,12893100
2000-04-25,144.625,148.156204,144.4375,148.156204,93.7657339109925,14102000
2000-04-26,147.968704,148.75,146.0,146.484299,92.7076115028721,7711100
2000-04-27,143.0,147.343704,143.0,146.0,92.4011062743273,15595300
2000-04-28,147.0,147.859299,145.0625,145.093704,91.8275257742451,8743400
2000-05-01,146.5625,148.484299,145.843704,147.0625,93.0735458319743,7328300
2000-05-02,145.5,147.125,144.125,144.125,91.2144482314207,9411900
2000-05-03,144.0,144.0,139.781204,140.75,89.0784637541888,12630700
2000-05-04,142.0,142.359299,140.75,141.8125,89.7509033118359,5963600
2000-05-05,141.0625,144.0,140.9375,143.531204,90.8386440718229,7862400
2000-05-08,142.75,143.375,141.843704,142.453094,90.156325190416,5064100
2000-05-09,143.0625,143.406204,140.265594,141.3125,89.4344611670608,5620300
2000-05-10,140.5,140.968704,137.75,138.125,87.4171424941195,10293900
2000-05-11,140.125,141.5,139.125,141.281204,89.414654420335,7091100
2000-05-12,141.8125,143.468704,141.625,142.8125,90.383787601386,5960800
2000-05-15,142.75,145.609299,142.0,145.281204,91.9461915785358,4441300
2000-05-16,146.5625,147.718704,145.3125,146.6875,92.836214223393,8192200
2000-05-17,145.6875,146.1875,144.468704,145.156204,91.867081042342,5907200
2000-05-18,145.625,146.3125,143.375,143.375,90.739785014258,4325600
2000-05-19,142.5625,143.234299,140.406204,141.125,89.3157953627701,6518400
2000-05-22,141.25,141.468704,137.0,140.0625,88.643355805123,10839400
2000-05-23,140.4375,140.8125,137.5625,138.0,87.3380319579258,7979200
2000-05-24,138.0,140.6875,136.5,140.25,88.7620216094137,11081500
2000-05-25,140.6875,141.8125,137.718704,137.843704,87.2391146750062,8278900
2000-05-26,138.8125,139.6875,137.328094,138.0,87.3380319579258,4814000
2000-05-30,140.0,142.9375,139.468704,142.5,90.1860112609016,5362700
2000-05-31,142.5625,144.0,142.093704,142.8125,90.383787601386,6056500
2000-06-01,143.6875,145.4375,143.0,145.3125,91.9659983252615,8961600
2000-06-02,148.9375,149.093704,147.484299,147.843704,93.5679575705081,8962200
2000-06-05,147.468704,148.218704,146.875,147.125,93.1131011000712,6998100
2000-06-06,146.625,147.781204,145.906204,146.468704,92.6977416723766,4858900
2000-06-07,146.625,148.0,146.0,147.484299,93.3404957924223,4919500
2000-06-08,147.5,147.75,146.0625,146.906204,92.9746285490548,5723100
2000-06-09,147.5,147.968704,145.625,146.593704,92.7768522085704,3085300
2000-06-12,146.968704,146.968704,144.875,144.875,91.6891114485833,3678900
2000-06-13,144.8125,147.75,144.625,147.593704,93.4097364981206,6558700
2000-06-14,148.25,148.875,147.1875,147.843704,93.5679575705081,6420500
2000-06-15,148.125,148.75,146.843704,148.156204,93.7657339109925,5881200
2000-06-16,148.3125,148.3125,145.875,146.593704,92.997354158124,5567900
2000-06-19,146.468704,149.156204,146.25,148.468704,94.1868325210316,5106900
2000-06-20,148.1875,148.875,147.0,147.9375,93.8498428334103,6480000
2000-06-21,146.9375,148.4375,146.890594,147.875,93.8101935546467,3115000
2000-06-22,147.5625,147.6875,145.0,145.625,92.3828195191576,7490500
2000-06-23,145.8125,146.125,143.875,144.375,91.5898339438858,4863300
2000-06-26,145.375,146.25,144.875,146.234299,92.7693517735795,5201300
2000-06-27,145.984299,146.718704,145.015594,145.156204,92.0854207465615,4159500
2000-06-28,145.625,146.984299,145.3125,145.5625,92.343170240394,5347700
2000-06-29,144.75,145.75,143.515594,144.1875,91.470886107595,6345700
2000-06-30,143.9375,145.593704,143.890594,145.281204,92.1647193040886,7420200
2000-07-03,145.4375,147.4375,145.1875,147.281204,93.4334962245234,1436600
2000-07-05,146.375,146.656204,144.375,144.625,91.7484310589402,2748200
2000-07-06,144.9375,146.468704,144.218704,145.75,92.4621180766847,5963200
2000-07-07,146.6875,148.781204,146.25,148.093704,93.9489368484501,3034800
2000-07-10,147.875,148.906204,147.531204,147.843704,93.7903397333957,2816100
2000-07-11,147.468704,149.125,147.156204,148.156204,93.9885861272137,5431600
2000-07-12,149.281204,150.125,148.6875,149.125,94.6031791299184,5883000
2000-07-13,149.984299,150.375,149.1875,149.781204,95.0194673750669,5356000
2000-07-14,150.4375,151.25,149.671799,151.25,95.9512546078804,5341900
2000-07-17,150.984299,151.984299,150.6875,151.0,95.792657492826,4208300
2000-07-18,150.625,150.625,149.343704,149.765594,95.0095645712029,4262100
2000-07-19,149.468704,149.906204,148.25,148.5625,94.2463356210461,8506800
2000-07-20,149.0,150.625,148.8125,150.625,95.5547618202445,4538900
2000-07-21,149.75,149.75,147.6875,147.6875,93.6912457183559,5656900
2000-07-24,148.125,148.859299,146.5625,146.843704,93.1559512731783,5628500
2000-07-25,147.75,147.843704,146.781204,147.3125,93.4533500457744,4757100
2000-07-26,146.968704,147.156204,145.640594,145.875,92.5414166342119,12062500
2000-07-27,145.9375,146.625,144.6875,145.375,92.2242224041032,7652600
2000-07-28,145.718704,145.906204,141.515594,142.093704,90.1426060871457,6229500
2000-07-31,142.9375,144.125,142.0625,143.0,90.7175498110869,5265500
2000-08-01,143.625,144.718704,143.125,143.875,91.2726397137771,3946600
2000-08-02,143.875,145.406204,143.625,144.593704,91.7285772376892,7439800
2000-08-03,142.875,145.8125,142.625,145.593704,92.3629656979066,4607100
2000-08-04,146.3125,146.718704,145.406204,146.375,92.8586108643206,3686600
2000-08-07,146.718704,148.4375,146.375,148.125,93.968790669701,4159800
2000-08-08,147.5,148.8125,147.5,148.6875,94.3256341785733,3658700
2000-08-09,149.140594,149.218704,147.375,147.4375,93.5326486033016,5383800
2000-08-10,147.531204,147.859299,146.281204,146.718704,93.0766527156512,4193400
2000-08-11,146.625,148.0,145.5625,147.406204,93.5127947820506,5089400
2000-08-14,147.781204,149.5625,147.0625,149.281204,94.7022731449582,2966700
2000-08-15,149.343704,149.8125,148.5625,149.156204,94.622974587431,5564600
2000-08-16,149.3125,149.9375,147.843704,148.625,94.2859848998097,5191600
2000-08-17,148.6875,150.4375,148.343704,150.1875,95.2772168688994,5652200
2000-08-18,150.375,150.375,149.218704,149.6875,94.9600226387907,4626400
2000-08-21,150.031204,150.718704,149.406204,150.5,95.4754632627173,2380600
2000-08-22,150.5625,151.3125,150.093704,150.25,95.316866147663,3075300
2000-08-23,149.8125,151.281204,149.281204,150.843704,95.6935051140479,5483200
2000-08-24,151.156204,151.5,150.5,151.3125,95.990903886644,4529000
2000-08-25,151.156204,151.625,150.9375,151.25,95.9512546078804,2822200
2000-08-28,151.25,152.906204,151.25,151.765594,96.2783414916377,5518700
2000-08-29,151.4375,151.875,150.906204,151.796799,96.2981375835388,3561900
2000-08-30,151.3125,151.5,150.343704,150.343704,95.3763108839392,3964800
2000-08-31,151.0625,153.093704,150.906204,152.343704,96.645087804374,4863100
2000-09-01,153.25,153.593704,152.0,152.5,96.7442401831521,3191200
2000-09-05,151.875,152.203094,150.8125,151.281204,95.971050065393,3470800
2000-09-06,151.1875,151.953094,149.531204,149.5625,94.8807240812635,4322200
2000-09-07,150.25,151.078094,149.828094,150.843704,95.6935051140479,4265500
2000-09-08,150.281204,150.5,149.328094,149.8125,95.0393211963179,3518200
2000-09-11,149.75,151.1875,148.6875,149.593704,94.9005195387762,3937500
2000-09-12,149.75,150.25,148.4375,148.5,94.2066863422826,4769100
2000-09-13,148.0,149.343704,147.656204,148.890594,94.4544746685127,7691600
2000-09-14,149.875,149.9375,148.156204,149.640594,94.9302660136757,3397100
2000-09-15,148.1875,148.25,146.0,146.0,92.8588132342394,4085700
2000-09-18,146.375,146.968704,144.203094,144.656204,92.0041330850002,5109300
2000-09-19,145.125,146.3125,144.703094,145.968704,92.8389083752053,6588200
2000-09-20,145.6875,146.031204,143.156204,144.890594,92.1532096413973,6508100
2000-09-21,144.468704,145.5625,142.625,142.6875,90.751999406579,5972300
2000-09-22,142.625,145.3125,142.421799,145.281204,92.401645127955,7791300
2000-09-25,145.9375,146.0625,143.718704,144.25,91.745779513966,9726300
2000-09-26,144.375,145.0,142.406204,142.406204,90.573089730363,5302400
2000-09-27,143.5625,143.968704,142.125,143.156204,91.0501041819087,7186200
2000-09-28,143.1875,146.328094,142.890594,145.0,92.2227939655117,7036400
2000-09-29,145.468704,145.968704,143.625,143.625,91.3482674710112,9333600
2000-10-02,144.281204,144.906204,143.140594,143.843704,91.487367429159,5517800
2000-10-03,144.531204,145.75,142.281204,142.5,90.6327457936925,9347200
2000-10-04,142.875,144.25,141.75,143.6875,91.3880186753067,6148900
2000-10-05,143.406204,144.843704,143.3125,144.1875,91.7060283096705,4566900
2000-10-06,143.875,144.640594,139.75,141.0625,89.7184680948965,10014900
2000-10-09,141.3125,141.3125,139.375,140.0,89.0426976218734,4508000
2000-10-10,140.093704,141.25,137.6875,137.6875,87.5719030629407,6104700
2000-10-11,137.625,138.625,135.125,136.531204,86.8364765265879,10346000
2000-10-12,137.281204,137.593704,132.781204,133.125,84.6700651493707,12336900
2000-10-13,132.9375,137.656204,132.875,137.5625,87.4924006543497,11778800
2000-10-16,137.406204,138.234299,136.6875,138.1875,87.8899126973045,5659000
2000-10-17,138.4375,138.5625,134.406204,134.75,85.7035964610531,7831700
2000-10-18,132.625,136.125,130.156204,134.25,85.3855868266893,10897300
2000-10-19,136.843704,139.453094,136.4375,139.3125,88.6054343746231,8767300
2000-10-20,138.375,141.1875,138.375,139.906204,88.9830415585438,7373500
2000-10-23,139.9375,141.031204,138.9375,140.531204,89.3805536014986,5290000
2000-10-24,140.968704,141.9375,139.0,139.593704,88.7842855370664,5750700
2000-10-25,138.75,139.5625,136.125,136.3125,86.6973765684401,9137600
2000-10-26,137.125,137.656204,134.031204,136.6875,86.935883794213,9345800
2000-10-27,137.875,139.281204,136.625,139.281204,88.585529515589,9762900
2000-10-30,138.4375,141.093704,138.156204,140.531204,89.3805536014986,10154100
2000-10-31,141.015594,143.6875,140.0625,142.953094,90.9209223082374,7752400
2000-11-01,142.25,143.25,141.218704,142.468704,90.6128409346585,6753600
2000-11-02,143.156204,143.906204,142.515594,142.703094,90.7619174910555,11395100
2000-11-03,143.468704,143.75,142.375,142.781204,90.8115969561358,5187100
2000-11-06,143.156204,144.296799,143.031204,143.781204,91.4476162248635,4042500
2000-11-07,143.140594,144.0,142.5625,143.75,91.4277698796021,5231300
2000-11-08,144.0625,144.0625,140.5625,140.5625,89.4004584605327,6123300
2000-11-09,140.0,141.218704,137.25,140.031204,89.0625439671348,10635300
2000-11-10,139.0,139.468704,136.531204,136.625,86.8961325899175,8569500
2000-11-13,135.625,136.984299,133.015594,135.5625,86.2203621168944,17285300
2000-11-14,137.468704,139.625,137.0,139.125,88.4861807617367,7668900
2000-11-15,139.0625,140.109299,137.75,139.5625,88.764439191805,8837700
2000-11-16,138.578094,139.875,137.3125,137.375,87.3731470414633,6684100
2000-11-17,137.3125,139.0,135.75,136.640594,86.9060506743941,6551100
2000-11-20,135.75,136.375,134.3125,134.6875,85.6638452567577,5458500
2000-11-21,134.875,136.1875,133.515594,135.375,86.1011085040079,7684300
2000-11-22,134.343704,134.875,132.125,132.140594,84.0439639651195,5736900
2000-11-24,133.625,134.968704,133.625,134.843704,85.76319401061,3411600
2000-11-27,136.468704,136.6875,135.3125,136.031204,86.5184668922241,5992000
2000-11-28,135.125,136.593704,133.640594,133.6875,85.02782598803,5336100
2000-11-29,134.375,135.906204,133.265594,133.4375,84.8688211708481,6914100
2000-11-30,132.5,133.5,129.75,132.281204,84.1333946344953,11201600
2000-12-01,133.1875,134.0625,131.0,132.218704,84.0936434301999,7587200
2000-12-04,131.875,133.875,131.5,133.343704,84.8091651075185,6996600
2000-12-05,134.875,138.25,134.406204,137.718704,87.591749408202,8883400
2000-12-06,137.781204,138.343704,135.031204,135.515594,86.1905289970754,12888000
2000-12-07,134.875,135.875,133.656204,133.656204,85.0079211289959,6529100
2000-12-08,137.0625,139.468704,133.875,133.968704,85.2066771504733,10276300
2000-12-11,137.375,139.5625,136.718704,138.625,88.1681711273728,6405600
2000-12-12,138.1875,138.8125,137.375,138.031204,87.7905054296794,5022900
2000-12-13,139.25,139.406204,136.031204,136.140594,86.5880410400302,6070500
2000-12-14,135.875,136.5,134.031204,134.406204,85.4849355805416,7678400
2000-12-15,133.125,133.125,130.5625,130.968704,83.560233150096,9065300
2000-12-18,132.0625,133.468704,131.765594,132.718704,84.6767625464064,7235400
2000-12-19,132.468704,134.968704,130.015594,130.015594,82.9521329598575,9616600
2000-12-20,128.625,128.9375,126.093697,126.25,80.5496207338176,9994300
2000-12-21,126.0,128.859299,125.531197,127.125,81.1078854319728,14331500
2000-12-22,129.0,131.109299,128.843704,130.9375,83.5403244739346,10182900
2000-12-26,130.843704,132.343704,130.281204,132.343704,84.437506247197,4665300
2000-12-27,131.75,133.734299,131.25,133.3125,85.0556143689272,4854100
2000-12-28,132.8125,133.875,132.593704,133.718704,85.314779344298,8358700
2000-12-29,134.0625,134.281204,131.1875,131.1875,83.6998286734075,8774600
2001-01-02,132.0,132.156204,127.5625,128.8125,82.1845387784149,8737500
2001-01-03,128.3125,136.0,127.656197,135.0,86.1322677153693,19431600
2001-01-04,134.9375,135.468704,133.0,133.546799,85.2051010666564,9219000
2001-01-05,133.468704,133.625,129.1875,129.1875,82.4237950776243,12911400
2001-01-08,129.875,130.1875,127.6875,130.1875,83.0618118755159,6625300
2001-01-09,131.046799,131.5,129.421799,129.843704,82.8424642524679,5702400
2001-01-10,129.0,132.125,128.8125,132.125,84.2979694214309,8746100
2001-01-11,131.093704,133.484299,131.093704,132.25,84.3777215211674,7245100
2001-01-12,132.6875,133.718704,131.281204,132.0,84.2182173216945,7244000
2001-01-16,132.0,133.1875,131.515594,132.843704,84.7565146461428,8542200
2001-01-17,134.843704,135.046799,132.640594,133.453094,85.14531570261,7851400
2001-01-18,133.4375,135.703094,132.9375,134.781204,85.9926721920578,8107000
2001-01-19,136.1875,136.1875,133.875,134.015594,85.504200151424,7782500
2001-01-22,134.25,135.781204,133.5625,134.906204,86.0724242917943,7050900
2001-01-23,134.468704,136.656204,134.156204,135.968704,86.7503171395542,8463100
2001-01-24,136.25,137.3125,135.843704,136.375,87.0095408124703,6199900
2001-01-25,136.25,137.25,135.656204,136.031204,86.7901931894224,10818300
2001-01-26,135.156204,136.125,134.453094,135.875,86.6905324135245,7136800
2001-01-29,135.5,136.899994,135.369995,136.600006,87.1530984200967,6705900
2001-01-30,136.300003,137.919998,135.789993,137.800003,87.9187166635163,7069100
2001-01-31,137.399994,138.699997,136.600006,137.020004,87.4210641991776,9706900
2001-02-01,137.100006,137.949997,136.25,137.929993,88.0016524670742,8239100
2001-02-02,137.399994,137.990005,134.75,134.800003,86.0046662698414,8276600
2001-02-05,134.800003,135.940002,134.75,135.789993,86.6362965195861,4352900
2001-02-06,135.300003,136.699997,135.220001,135.389999,86.3810936285303,7106700
2001-02-07,134.720001,135.399994,133.679993,134.690002,85.9344837840565,5748700
2001-02-08,134.800003,135.399994,133.100006,133.119995,84.9327929452491,5943300
2001-02-09,133.350006,133.350006,131.259995,131.839996,84.1161320819646,9913000
2001-02-12,131.699997,133.5,131.699997,133.350006,85.0795438269489,5804400
2001-02-13,133.699997,134.169998,132.0,132.259995,84.3840984990623,6587600
2001-02-14,132.649994,132.649994,130.660004,132.059998,84.2564970535344,8400100
2001-02-15,132.839996,133.520004,131.990005,133.339996,85.0731572788021,5929800
2001-02-16,131.0,131.289993,129.300003,130.399994,83.1973866169671,6434900
2001-02-20,131.039993,131.139999,128.100006,128.389999,81.9149760432889,5760000
2001-02-21,127.900002,128.839996,125.5,125.620003,80.1476720651963,10910800
2001-02-22,126.349998,126.540001,123.019997,125.809998,80.2688920667117,21281600
2001-02-23,125.080002,125.540001,121.800003,124.959999,79.7265784265206,20173000
2001-02-26,125.800003,127.620003,124.5,127.620003,81.4237056609795,11503700
2001-02-27,126.800003,127.839996,125.510002,126.440002,80.6708452014506,11415000
2001-02-28,126.75,126.839996,123.269997,123.949997,79.0821801846165,14825800
2001-03-01,124.050003,124.599998,121.75,124.599998,79.4968917412628,14672000
2001-03-02,122.5,125.650002,122.300003,123.610001,78.8652570254005,12564300
2001-03-05,124.150002,124.779999,123.809998,124.739998,79.5862140929677,5293200
2001-03-06,126.349998,127.75,125.489998,126.080002,80.4411591542096,6917000
2001-03-07,126.900002,127.040001,125.760002,126.980003,81.0153749103289,6371700
2001-03-08,126.599998,127.239998,126.139999,127.120003,81.1046972620337,6055000
2001-03-09,126.099998,126.099998,123.110001,123.360001,78.7057528259276,10020300
2001-03-12,122.339996,122.5,117.75,118.080002,75.3370247710766,13972900
2001-03-13,119.400002,120.440002,117.529999,120.019997,76.5747741689024,12888000
2001-03-14,117.050003,119.290001,115.75,117.650002,75.0626775479832,19883400
2001-03-15,118.449997,118.860001,117.360001,117.68,75.0818167758864,10370300
2001-03-16,117.129997,117.400002,114.809998,115.010002,73.5796138814521,58514600
2001-03-19,115.760002,117.690002,114.82,117.349998,75.0766663044592,10067800
2001-03-20,117.900002,118.459999,114.110001,114.199997,73.0613993426675,15083900
2001-03-21,114.18,115.260002,111.900002,112.260002,71.8202543939704,19004600
2001-03-22,112.019997,112.599998,108.040001,111.120003,71.0909205552905,28624800
2001-03-23,113.25,114.660004,111.5,114.480003,73.24053796545,12861700
2001-03-26,115.699997,116.269997,114.769997,115.940002,74.1745972717642,9943800
2001-03-27,115.620003,118.650002,115.279999,118.309998,75.6908427073619,12880700
2001-03-28,116.900002,116.949997,114.900002,115.040001,73.5988062542758,10953300
2001-03-29,114.699997,116.5,112.139999,115.480003,73.880305051807,12060300
2001-03-30,115.550003,116.690002,114.5,116.690002,74.6544225865319,9183600
2001-04-02,116.300003,117.379997,113.800003,114.199997,73.0613993426675,10561000
2001-04-03,113.980003,114.150002,110.059998,110.389999,70.6238880231816,12836000
2001-04-04,110.57,112.099998,109.300003,110.849998,70.9181802431387,14884300
2001-04-05,113.300003,115.489998,112.5,115.050003,73.6052052046735,21522800
2001-04-06,113.989998,114.400002,112.059998,113.300003,72.4856128035488,14937800
2001-04-09,114.0,114.989998,112.779999,114.559998,73.2917161335231,9034300
2001-04-10,115.449997,117.75,115.169998,116.650002,74.6288319030776,17873600
2001-04-11,118.779999,118.989998,116.139999,116.730003,74.6800139097533,12722300
2001-04-12,116.300003,118.940002,115.959999,118.849998,76.0363169339947,9233200
2001-04-16,118.290001,118.889999,116.910004,117.599998,75.2366080760484,7350000
2001-04-17,117.309998,119.660004,117.019997,119.260002,76.2986239984694,10924700
2001-04-18,121.059998,126.0,120.690002,124.0,79.3311187082674,32481600
2001-04-19,124.25,125.839996,123.580002,125.650002,80.3867356802906,13809900
2001-04-20,124.900002,125.400002,123.660004,124.5,79.6510022514458,7626700
2001-04-23,123.650002,123.889999,121.910004,122.239998,78.2051273567449,8451800
2001-04-24,122.519997,123.650002,121.099998,121.580002,77.7828836388176,10044700
2001-04-25,121.419998,123.669998,120.949997,123.169998,78.8001107470569,8249000
2001-04-26,123.730003,125.220001,123.5,123.720001,79.1519845638545,10590400
2001-04-27,124.919998,125.839996,124.199997,125.779999,80.4699034822157,7938700
2001-04-30,126.449997,127.269997,124.669998,126.660004,81.0329017170453,10766900
2001-05-01,125.07,127.150002,124.599998,127.050003,81.2824102409574,10578000
2001-05-02,127.410004,127.690002,126.0,126.82,81.1352618917941,9572900
2001-05-03,126.129997,126.150002,124.220001,125.209999,80.1052362429922,9926200
2001-05-04,123.650002,127.349998,123.440002,127.339996,81.4679382176314,12145300
2001-05-07,126.860001,127.379997,126.230003,126.239998,80.7641957021728,7185200
2001-05-08,126.860001,127.099998,125.559998,126.18,80.7258109565256,6952600
2001-05-09,125.25,126.550003,125.059998,125.650002,80.3867356802906,9507400
2001-05-10,127.260002,127.5,125.769997,126.019997,80.6234463034072,6872400
2001-05-11,126.0,126.489998,124.400002,125.150002,80.0668521371121,7734400
2001-05-14,124.900002,125.440002,124.459999,125.400002,80.2267939087013,7914000
2001-05-15,125.550003,126.5,124.849998,125.980003,80.5978594585555,9782200
2001-05-16,124.839996,129.199997,124.620003,128.949997,82.4979638664332,14909000
2001-05-17,129.0,130.080002,128.559998,129.149994,82.6259153644034,11824600
2001-05-18,129.089996,129.740005,128.100006,129.740005,83.0033849827919,6683100
2001-05-21,129.839996,131.839996,129.149994,131.649994,84.2253330802958,11531500
2001-05-22,131.830002,132.089996,131.070007,131.479996,84.1165739551493,8342700
2001-05-23,131.050003,131.050003,129.25,129.25,82.6898959116416,12330800
2001-05-24,129.470001,130.0,128.550003,129.630005,82.9330106032927,7902800
2001-05-25,129.649994,129.699997,127.900002,128.100006,81.9541676009336,7425000
2001-05-29,128.220001,128.350006,126.900002,127.080002,81.3016026137811,9003900
2001-05-30,126.589996,127.089996,125.0,125.300003,80.1628178398327,10041800
2001-05-31,125.43,126.760002,125.260002,125.949997,80.5786626073622,9874200
2001-06-01,126.199997,127.099998,125.120003,126.730003,81.0776847733232,8848300
2001-06-04,126.800003,127.43,126.080002,127.339996,81.4679382176314,5623500
2001-06-05,127.489998,129.229996,127.269997,128.800003,82.4020026420822,9115400
2001-06-06,128.830002,128.830002,127.360001,127.730003,81.7174518596802,12064900
2001-06-07,127.050003,128.350006,127.0,128.190002,82.0117440796373,7355300
2001-06-08,127.699997,127.870003,126.139999,127.0,81.2504199673383,8170600
2001-06-11,126.709999,126.989998,125.410004,126.099998,80.6746283100829,7012200
2001-06-12,124.860001,126.739998,124.040001,125.879997,80.5338789113172,9364400
2001-06-13,126.169998,126.580002,124.650002,124.800003,79.8429342966542,7629400
2001-06-14,124.18,124.300003,121.75,122.0,78.0515845355534,12603000
2001-06-15,120.910004,122.400002,120.400002,121.849998,78.1772591024632,16821100
2001-06-18,121.650002,122.440002,120.910004,121.260002,77.7987258983722,11368300
2001-06-19,122.379997,122.889999,120.889999,121.790001,78.1387658641262,7732300
2001-06-20,121.190002,122.860001,121.099998,122.43,78.5493802955546,8787200
2001-06-21,122.220001,124.309998,122.150002,123.82,79.4411849072578,12259100
2001-06-22,123.489998,123.589996,122.160004,122.849998,78.8188451540482,12212000
2001-06-25,123.279999,123.440002,121.5,121.720001,78.0938548405153,8406800
2001-06-26,120.900002,122.389999,120.57,121.550003,77.9847864949179,8005800
2001-06-27,121.599998,122.239998,120.910004,121.480003,77.939875471307,10105100
2001-06-28,122.0,123.940002,121.93,122.150002,78.3697374842829,10269300
2001-06-29,122.800003,124.010002,122.260002,122.599998,78.6584486411519,9824200
2001-07-02,122.800003,124.32,122.620003,124.129997,79.640074658491,8522200
2001-07-03,123.980003,124.099998,123.050003,124.099998,79.6208277185295,3303100
2001-07-05,123.07,123.650002,121.660004,121.68,78.0681907568658,5517900
2001-07-06,121.309998,121.489998,119.050003,119.050003,76.3808213659554,11665900
2001-07-09,119.489998,120.540001,119.199997,119.699997,76.7978484499693,8339300
2001-07-10,120.290001,120.639999,118.209999,118.260002,75.8739677436171,8630700
2001-07-11,118.099998,118.889999,117.089996,118.379997,75.9509548618771,15328600
2001-07-12,119.5,121.470001,119.309998,121.190002,77.7538148747613,12002800
2001-07-13,120.839996,122.32,120.620003,122.239998,78.4274776625813,10433800
2001-07-16,121.769997,122.279999,120.290001,120.709999,77.4458516452423,6915300
2001-07-17,120.199997,121.949997,119.830002,121.839996,78.1708419587752,7469800
2001-07-18,120.559998,121.639999,120.059998,121.010002,77.638329385476,7709300
2001-07-19,122.18,122.980003,120.760002,122.07,78.318409316984,10082900
2001-07-20,121.150002,121.940002,120.919998,121.339996,77.8500489329827,6705800
2001-07-23,121.800003,121.879997,118.949997,118.949997,76.3166589112805,8065200
2001-07-24,119.0,119.199997,116.75,117.800003,75.5788388014741,12269000
2001-07-25,117.919998,119.480003,117.459999,119.099998,76.4128974606043,12088500
2001-07-26,119.059998,120.849998,118.559998,120.349998,77.2148800250856,12898200
2001-07-27,120.830002,121.349998,119.910004,120.809998,77.5100096088147,8478800
2001-07-30,121.190002,121.349998,120.300003,120.849998,77.5356730508781,8547700
2001-07-31,121.0,122.68,120.800003,121.349998,77.8564660766707,11918100
2001-08-01,121.970001,122.699997,121.550003,122.110001,78.3440734006334,11940800
2001-08-02,123.230003,123.25,121.889999,122.610001,78.6648664264259,11070100
2001-08-03,122.360001,122.360001,120.900002,121.940002,78.23500441345,10816300
2001-08-06,121.349998,121.510002,120.099998,120.300003,77.1828039304366,8550100
2001-08-07,120.269997,121.199997,119.910004,120.769997,77.4843455251653,8865100
2001-08-08,120.120003,121.160004,118.43,118.529999,76.0471940527869,15183800
2001-08-09,118.699997,118.970001,117.860001,118.879997,76.2717478876696,14118500
2001-08-10,118.800003,119.839996,117.339996,119.290001,76.5348007351637,11173300
2001-08-13,119.599998,119.849998,118.809998,119.32,76.5540476751251,7431600
2001-08-14,120.139999,120.349998,118.800003,119.269997,76.5219664477877,13178100
2001-08-15,119.230003,119.610001,118.080002,118.239998,75.8611334562412,8520600
2001-08-16,117.800003,118.75,117.0,118.650002,76.1241863037353,10734700
2001-08-17,117.650002,117.870003,116.010002,116.75,74.9051715225516,11604600
2001-08-20,116.800003,117.900002,116.550003,117.830002,75.5980857414356,10417400
2001-08-21,117.800003,118.540001,115.800003,115.82,74.3084964945776,14480800
2001-08-22,116.75,117.43,115.779999,117.019997,75.0783978317214,11752300
2001-08-23,116.959999,117.519997,116.489998,116.599998,74.8089323316418,8744100
2001-08-24,117.209999,119.129997,116.739998,119.019997,76.3615699348915,11687700
2001-08-27,118.970001,119.199997,118.260002,118.309998,75.9060444798522,7425100
2001-08-28,118.279999,118.489998,116.580002,116.580002,74.7961031769543,12046600
2001-08-29,117.129997,117.18,115.169998,115.540001,74.1288530417198,16180000
2001-08-30,114.849998,115.739998,112.040001,113.32,72.704531365615,17692600
2001-08-31,113.400002,114.769997,113.129997,114.150002,73.2370490716027,15985400
2001-09-04,113.849998,116.169998,113.370003,113.419998,72.7686886876014,24473400
2001-09-05,113.699997,114.190002,111.949997,113.699997,72.9483321404592,21477100
2001-09-06,112.650002,113.300003,110.769997,110.769997,71.068485009315,21653000
2001-09-07,110.019997,111.25,108.629997,108.720001,69.7532361699099,33133900
2001-09-10,107.699997,110.349998,107.699997,110.050003,70.6065469016901,23408700
2001-09-17,101.0,106.400002,100.0,104.300003,66.9174271050762,32388700
2001-09-18,104.330002,105.300003,103.360001,104.050003,66.75703059218,22029200
2001-09-19,104.099998,104.5,98.559998,101.949997,65.4096960343351,42771800
2001-09-20,100.400002,101.809998,98.559998,98.709999,63.3309585103717,36210900
2001-09-21,94.279999,98.989998,93.800003,97.279999,62.65023570964,49782100
2001-09-24,99.720001,101.160004,99.059998,100.699997,64.852781793409,25549600
2001-09-25,100.75,102.0,99.900002,101.75,65.5290044097952,25466200
2001-09-26,102.349998,102.400002,100.43,101.389999,65.2971566740062,18587500
2001-09-27,101.25,102.290001,100.0,102.269997,65.8638927214029,20536800
2001-09-28,102.980003,109.620003,102.5,104.440002,67.2614186891108,21687200
2001-10-01,103.900002,104.32,102.830002,104.269997,67.1519321201212,20457400
2001-10-02,104.0,105.580002,103.650002,105.580002,67.9956011463802,19833100
2001-10-03,104.599998,107.879997,104.349998,107.349998,69.1355134381671,32045800
2001-10-04,108.290001,108.970001,106.75,107.440002,69.1934777871883,32674100
2001-10-05,107.25,107.620003,105.519997,107.230003,69.0582342943425,29796100
2001-10-08,106.269997,107.300003,105.870003,106.529999,68.6074179287123,12970300
2001-10-09,106.610001,106.75,105.599998,105.959999,68.2403267000776,15976300
2001-10-10,105.800003,108.550003,105.519997,108.32,69.7602138345849,19987400
2001-10-11,108.949997,110.300003,108.949997,110.0,70.8421669295083,23006300
2001-10-12,109.150002,109.889999,107.300003,109.5,70.5201570798287,31360500
2001-10-15,108.629997,109.449997,108.059998,109.300003,70.391355072016,16873000
2001-10-16,109.800003,110.610001,108.949997,109.989998,70.8357254444753,15877100
2001-10-17,111.07,111.150002,107.650002,107.650002,69.3287219240537,28542300
2001-10-18,107.82,108.160004,106.75,107.419998,69.1805948171223,16510000
2001-10-19,107.0,107.910004,106.010002,107.349998,69.1355134381671,21912500
2001-10-22,107.300003,109.57,107.209999,109.470001,70.5008371328677,17540600
2001-10-23,109.959999,110.279999,108.379997,108.910004,70.1401880332856,22062500
2001-10-24,108.980003,109.449997,108.220001,108.620003,69.9534216764518,16065200
2001-10-25,107.449997,110.599998,106.739998,110.57,71.209258158143,27467900
2001-10-26,109.949997,111.790001,109.669998,110.32,71.0482532333033,18623300
2001-10-29,110.160004,110.550003,107.449997,107.449997,69.1999147640833,18727500
2001-10-30,107.349998,107.699997,105.559998,106.160004,68.3691338600479,26178600
2001-10-31,106.900002,107.860001,105.800003,105.800003,68.1372861242589,28124200
2001-11-01,106.599998,109.010002,105.699997,108.510002,69.8825788655026,29806800
2001-11-02,108.440002,109.379997,107.870003,109.25,70.3591521549889,17575900
2001-11-05,110.120003,111.089996,109.949997,110.68,71.2801003250726,15929500
2001-11-06,110.349998,112.480003,109.849998,112.400002,72.3878154960097,23245800
2001-11-07,111.769997,113.120003,111.639999,112.25,72.2912112530665,19716000
2001-11-08,112.870003,114.080002,111.900002,112.599998,72.5166168598028,22563500
2001-11-09,112.25,112.959999,111.440002,112.720001,72.593901155785,15895800
2001-11-12,111.0,112.650002,110.0,112.029999,72.1495262751877,26068800
2001-11-13,113.440002,114.550003,113.18,114.550003,73.7724584936516,15296200
2001-11-14,115.169998,115.400002,113.709999,114.660004,73.8433013046008,17571300
2001-11-15,114.370003,115.18,113.93,114.870003,73.9785447974466,19470200
2001-11-16,115.080002,115.099998,113.400002,114.360001,73.650093462734,18134900
2001-11-19,114.919998,115.849998,114.449997,115.769997,74.5581586627516,13625400
2001-11-20,115.370003,115.800003,114.639999,114.800003,73.9334634184914,16209700
2001-11-21,114.5,114.669998,113.510002,114.040001,73.4440071589391,11470200
2001-11-23,114.040001,115.75,114.0,115.68,74.5001988218684,6717100
2001-11-26,115.75,116.339996,115.07,115.93,74.6612037467082,13726000
2001-11-27,115.620003,116.900002,114.089996,115.43,74.3391938970286,19261400
2001-11-28,114.739998,115.169998,113.25,113.339996,72.9931901492891,20195500
2001-11-29,113.660004,114.919998,113.0,114.870003,73.9785447974466,16354700
2001-11-30,114.400002,114.910004,114.019997,114.050003,73.4504486439721,13680300
2001-12-03,113.650002,114.080002,113.010002,113.370003,73.0125152484078,15220400
2001-12-04,113.919998,115.300003,113.349998,115.290001,74.249031783138,17239900
2001-12-05,115.610001,118.0,115.559998,117.400002,75.6079139928056,25204000
2001-12-06,117.339996,117.940002,116.93,117.339996,75.5692689467258,17972900
2001-12-07,116.900002,117.089996,115.699997,116.559998,75.0669348692651,18857800
2001-12-10,115.849998,116.389999,114.349998,114.379997,73.6629712806424,13862700
2001-12-11,114.900002,115.720001,113.900002,114.150002,73.5148499698883,20833300
2001-12-12,114.550003,114.779999,113.110001,114.279999,73.5985705987459,16171500
2001-12-13,113.449997,113.699997,112.040001,112.059998,72.1688462221488,19026700
2001-12-14,112.330002,113.489998,112.0,113.129997,72.8579466564434,16721900
2001-12-17,112.989998,114.360001,112.900002,114.300003,73.6114535688118,13925900
2001-12-18,114.629997,115.150002,114.339996,114.980003,74.0493869643761,13663700
2001-12-19,114.089996,115.919998,114.0,115.790001,74.5710416328176,20143400
2001-12-20,115.5,115.800003,114.550003,114.650002,73.8368598195678,14867900
2001-12-21,115.029999,115.07,114.199997,114.949997,74.2830141265944,14037700
2001-12-24,114.830002,115.040001,114.610001,114.730003,74.1408495521163,5728800
2001-12-26,114.650002,116.209999,114.650002,115.360001,74.5479670080108,10304800
2001-12-27,115.300003,116.080002,115.25,116.059998,75.0003192341668,9407300
2001-12-28,116.290001,116.75,115.919998,116.0,74.9615473124801,10593800
2001-12-31,116.150002,116.389999,114.230003,114.300003,73.8629748508718,14619500
2002-01-02,115.110001,115.75,113.809998,115.529999,74.6578231555973,18651900
2002-01-03,115.650002,116.949997,115.540001,116.839996,75.5043697253792,15743000
2002-01-04,117.169998,117.980003,116.550003,117.620003,76.0084260325738,20140700
2002-01-07,117.699997,117.989998,116.559998,116.790001,75.4720619447078,13106500
2002-01-08,116.790001,117.059998,115.970001,116.519997,75.2975798962547,12683700
2002-01-09,116.68,117.779999,115.339996,115.57,74.6836726112356,16610300
2002-01-10,115.690002,116.349998,115.300003,116.080002,75.0132462237568,12823400
2002-01-11,116.209999,116.279999,114.699997,114.940002,74.2765551553411,13708400
2002-01-14,114.650002,114.839996,113.959999,114.220001,73.8112759395951,12301100
2002-01-15,114.550003,115.389999,113.900002,115.150002,74.4122614047861,20219900
2002-01-16,114.300003,114.400002,112.690002,112.82,72.9065669637415,17067000
2002-01-17,113.760002,114.239998,113.400002,113.669998,73.4558528714356,17283400
2002-01-18,113.0,113.849998,112.669998,113.150002,73.1198209338812,17028000
2002-01-22,113.75,113.93,112.019997,112.370003,72.6157697964486,11689300
2002-01-23,112.629997,113.550003,112.019997,113.230003,73.1715191989377,12438900
2002-01-24,113.639999,114.25,113.32,113.580002,73.3976956351258,12142800
2002-01-25,113.120003,114.18,113.040001,113.550003,73.3783096742824,12810700
2002-01-28,113.900002,114.190002,112.919998,113.860001,73.5786366548322,10589200
2002-01-29,113.849998,114.129997,110.050003,110.279999,71.2651669194721,27720800
2002-01-30,110.389999,113.389999,108.400002,111.870003,72.2926596787224,34711800
2002-01-31,112.150002,113.300003,111.620003,113.18,73.1392062485044,19909200
2002-02-01,113.089996,113.300003,112.169998,112.650002,72.796710816155,15838500
2002-02-04,112.230003,112.230003,109.440002,109.849998,70.9872915720073,24243400
2002-02-05,109.400002,110.489998,108.529999,109.169998,70.5478618118997,33614000
2002-02-06,109.650002,109.739998,108.059998,108.699997,70.2441376550168,29486000
2002-02-07,108.720001,109.860001,108.0,108.019997,69.8047078949092,23445400
2002-02-08,108.629997,110.75,108.300003,110.089996,71.1423831360754,19277800
2002-02-11,110.050003,111.639999,109.82,111.440002,72.0147843312576,18792400
2002-02-12,110.959999,111.709999,110.029999,111.089996,71.7886033715279,13942500
2002-02-13,111.480003,112.540001,111.349998,112.269997,72.5511438955819,16781100
2002-02-14,112.510002,112.970001,111.589996,112.059998,72.4154382923572,20453800
2002-02-15,112.150002,112.239998,110.709999,110.889999,71.6593612630981,18366800
2002-02-19,110.150002,110.290001,108.610001,108.760002,70.2829141002451,15988100
2002-02-20,109.050003,110.589996,107.82,110.589996,71.4654932538017,29242800
2002-02-21,109.93,110.629997,108.260002,108.300003,69.9856534381573,26288600
2002-02-22,108.349998,109.940002,107.870003,109.639999,70.8515859687826,26572900
2002-02-25,109.739998,111.809998,109.699997,111.449997,72.021243302511,17458700
2002-02-26,111.599998,112.040001,110.57,111.220001,71.8726152332378,22346500
2002-02-27,111.959999,112.860001,110.650002,111.650002,72.1504905807026,28597900
2002-02-28,111.830002,112.75,111.029999,111.150002,71.8273804629764,23755400
2002-03-01,111.720001,113.849998,111.510002,113.739998,73.5010882879172,26273600
2002-03-04,113.900002,115.989998,113.650002,115.75,74.799992253617,27184600
2002-03-05,115.330002,116.400002,114.970001,115.379997,74.560888827839,22718900
2002-03-06,115.099998,117.150002,115.07,116.75,75.4462124890695,20143200
2002-03-07,117.360001,117.5,115.57,116.5,75.2846574302064,19330800
2002-03-08,117.379997,117.900002,116.480003,116.989998,75.6013040531376,19930100
2002-03-11,116.889999,117.900002,116.43,117.239998,75.7628591120007,15621800
2002-03-12,116.099998,117.25,115.940002,117.169998,75.717623695519,17153600
2002-03-13,116.629997,116.75,115.639999,116.040001,74.9873967681185,17175300
2002-03-14,116.040001,116.43,115.629997,115.879997,74.8839989455652,11168100
2002-03-15,115.970001,116.949997,115.900002,116.650002,75.5954777314947,21220100
2002-03-18,117.099998,117.559998,116.099998,116.669998,75.6084362153936,17548900
2002-03-19,117.300003,117.739998,116.82,117.449997,76.113917535789,17912000
2002-03-20,116.5,116.580002,115.190002,115.239998,74.6817192732367,17114500
2002-03-21,115.300003,115.900002,114.120003,115.290001,74.7141239076833,25846800
2002-03-22,115.5,115.940002,114.699997,115.040001,74.5521104562573,15235400
2002-03-25,115.089996,115.360001,113.300003,113.610001,73.6253935141004,17499600
2002-03-26,113.519997,115.019997,113.470001,114.269997,74.0531064336499,19947600
2002-03-27,114.029999,115.010002,113.760002,114.57,74.2475245195225,19020300
2002-03-28,114.970001,115.769997,114.5,114.519997,74.2151198850759,17532900
2002-04-01,114.230003,115.099998,113.5,114.57,74.2475245195225,17711000
2002-04-02,113.980003,114.949997,113.769997,113.940002,73.8392519180365,15669500
2002-04-03,114.010002,114.209999,112.160004,113.139999,73.3208069293118,25658500
2002-04-04,112.599998,113.400002,112.230003,112.669998,73.0162209925771,23549000
2002-04-05,113.190002,113.629997,112.18,112.690002,73.0291846609064,19404900
2002-04-08,111.32,113.029999,111.230003,112.93,73.1847162781678,16470100
2002-04-09,113.18,113.18,111.93,112.139999,72.6727531236077,15122700
2002-04-10,112.099998,113.540001,112.089996,113.410004,73.495784697121,17199300
2002-04-11,112.889999,113.050003,110.5,110.589996,71.6682677806049,25453700
2002-04-12,111.019997,111.650002,110.040001,111.419998,72.2061537354469,14950600
2002-04-15,111.620003,111.860001,110.199997,110.57,71.655309296706,17394900
2002-04-16,111.699997,113.32,111.669998,113.199997,73.3596888615464,15040900
2002-04-17,113.389999,113.669998,112.599998,112.959999,73.2041572442851,12920100
2002-04-18,112.900002,113.459999,111.150002,112.470001,72.8866121755977,25204800
2002-04-19,113.199997,113.239998,112.559998,112.879997,73.1523116437211,10499200
2002-04-22,112.379997,112.43,110.839996,111.0,71.9339724331588,13922900
2002-04-23,111.089996,111.480003,110.169998,110.519997,71.6229046622594,16967000
2002-04-24,110.559998,111.809998,109.400002,109.410004,70.9035694743044,18902700
2002-04-25,109.209999,109.739998,108.720001,109.470001,70.9424507584853,25451500
2002-04-26,109.790001,110.010002,107.290001,107.389999,69.5944975465131,19769800
2002-04-29,107.93,108.260002,106.629997,106.860001,69.2510303255975,17724400
2002-04-30,107.019997,108.639999,106.639999,107.860001,69.8990841313016,19473500
2002-05-01,107.970001,109.25,106.800003,109.18,70.7545145067773,24575600
2002-05-02,109.099998,109.910004,107.779999,108.760002,70.4823332044891,15666800
2002-05-03,108.599998,108.760002,107.199997,107.580002,69.7176297137583,18185500
2002-05-06,107.639999,107.989998,105.309998,105.470001,68.3502355356687,23630400
2002-05-07,106.099998,106.32,104.900002,105.099998,68.1104536833968,21910000
2002-05-08,107.050003,109.360001,106.790001,109.010002,70.6443466559152,27917400
2002-05-09,108.650002,109.099998,107.580002,107.75,69.8277975646203,18085600
2002-05-10,107.970001,108.050003,105.599998,105.720001,68.5122489870948,18958900
2002-05-13,106.220001,107.949997,105.790001,107.870003,69.9055659654663,14677700
2002-05-14,109.620003,110.370003,109.0,110.220001,71.4284911127634,34201200
2002-05-15,109.5,110.910004,109.290001,109.790001,71.1498279763106,29535300
2002-05-16,109.699997,110.480003,109.330002,110.360001,71.5192186455619,28092000
2002-05-17,110.660004,111.25,110.099998,110.900002,71.869168348696,27823700
2002-05-20,110.639999,110.690002,109.489998,109.699997,71.091500541582,13833800
2002-05-21,110.110001,110.480003,108.32,108.699997,70.4434467358779,16877200
2002-05-22,108.220001,109.120003,108.0,108.940002,70.5989828895159,15844200
2002-05-23,109.260002,110.360001,108.480003,110.099998,71.3507227119174,13879800
2002-05-24,109.980003,110.199997,108.610001,108.690002,70.4369694380898,11877000
2002-05-28,109.050003,109.129997,107.449997,108.099998,70.0546151005092,24236900
2002-05-29,107.620003,108.019997,107.129997,107.300003,69.5361752962149,14773300
2002-05-30,106.550003,107.510002,105.900002,107.0,69.3417572103423,18217900
2002-05-31,107.400002,108.559998,106.849998,107.220001,69.484329695651,19826300
2002-06-03,107.089996,107.599998,104.129997,104.370003,67.6373776455018,26056300
2002-06-04,104.150002,105.199997,103.550003,104.629997,67.805867746662,25856200
2002-06-05,104.949997,105.669998,104.349998,105.610001,68.4409630684673,19695900
2002-06-06,105.540001,105.599998,103.150002,103.459999,67.0476460900958,22998500
2002-06-07,101.779999,103.919998,101.720001,103.339996,66.9698776892499,24011600
2002-06-10,103.239998,104.459999,103.019997,103.739998,67.2291005076392,18759900
2002-06-11,104.129997,104.540001,101.730003,101.959999,66.0755653815396,19990700
2002-06-12,101.709999,102.809998,100.779999,102.580002,66.4773606852376,31266000
2002-06-13,102.129997,103.0,101.339996,101.550003,65.8098659134161,21043900
2002-06-14,100.309998,101.559998,98.5,101.400002,65.7126571945067,39267500
2002-06-17,101.919998,104.339996,101.849998,104.120003,67.4753641940758,17647200
2002-06-18,103.739998,105.029999,103.629997,104.970001,68.0262086328167,21628500
2002-06-19,103.5,104.43,102.239998,102.519997,66.4384742166263,21540700
2002-06-20,102.260002,103.050003,100.959999,101.209999,65.5895250272615,25691000
2002-06-21,100.470001,100.93,98.68,99.279999,64.5677839555742,31190700
2002-06-24,98.610001,100.690002,97.25,99.800003,64.9059739864588,37169700
2002-06-25,100.300003,100.889999,97.540001,97.559998,63.4491633462874,33355000
2002-06-26,95.199997,98.150002,95.190002,97.720001,63.5532229679665,37913600
2002-06-27,98.5,99.489998,96.57,99.43,64.6653386721201,31616400
2002-06-28,99.239998,100.5,98.879997,98.959999,64.3596686143786,28184200
2002-07-01,99.18,99.800003,96.889999,97.029999,63.1044729627926,20270200
2002-07-02,96.860001,97.199997,94.769997,94.970001,61.7647317545669,34213900
2002-07-03,94.620003,95.839996,93.720001,95.510002,62.1159270431949,30565800
2002-07-05,96.779999,99.529999,96.660004,99.309998,64.5872941184508,19013500
2002-07-08,98.980003,99.699997,97.559998,98.07,63.7808484720388,19118600
2002-07-09,97.730003,98.339996,95.010002,95.599998,62.1744568814644,28620400
2002-07-10,96.0,96.07,92.040001,92.120003,59.9112057977644,50522500
2002-07-11,91.760002,93.349998,90.32,92.870003,60.3989761286916,59476500
2002-07-12,93.330002,93.889999,91.519997,91.849998,59.7356052268284,39018600
2002-07-15,91.639999,92.400002,87.889999,92.339996,60.0542805423133,77317200
2002-07-16,91.120003,92.379997,89.870003,90.559998,58.8966402576337,53282400
2002-07-17,92.459999,93.300003,89.75,90.739998,59.0137051370562,48880600
2002-07-18,90.699997,91.099998,87.75,87.800003,57.1016486916239,32656700
2002-07-19,86.760002,87.550003,84.300003,84.709999,55.0920323267621,77572600
2002-07-22,84.099998,85.910004,81.449997,82.199997,53.4596263185382,78134000
2002-07-23,82.550003,83.239998,79.75,79.949997,51.9963153257567,74484100
2002-07-24,78.129997,85.120003,77.68,84.720001,55.0985372318953,107022800
2002-07-25,84.269997,85.849998,81.599998,84.0,54.6302770638448,87176600
2002-07-26,84.650002,85.93,83.800003,85.599998,55.6708524691019,41206800
2002-07-29,87.5,90.339996,87.300003,89.769997,58.3828548586966,53492900
2002-07-30,89.32,91.400002,88.720001,90.940002,59.1437798267452,47532200
2002-07-31,90.489998,91.550003,89.25,91.160004,59.2868604245381,44669900
2002-08-01,90.879997,91.349998,88.330002,88.779999,57.7389993225936,66571900
2002-08-02,88.5,88.910004,85.620003,86.790001,56.4447833452544,51772900
2002-08-05,86.489998,86.93,83.550003,83.769997,54.4806922112791,47191300
2002-08-06,85.230003,87.900002,85.110001,86.589996,56.3147080052049,64730000
2002-08-07,87.870003,88.5,85.769997,88.099998,57.2967535721925,43289400
2002-08-08,88.419998,91.099998,87.800003,90.949997,59.1502801793554,48339800
2002-08-09,90.099998,91.940002,89.349998,91.290001,59.3714053308175,41879200
2002-08-12,89.989998,91.269997,89.550003,90.620003,58.9356651359101,25841700
2002-08-13,90.150002,91.660004,88.650002,88.970001,57.8625691071494,49690500
2002-08-14,89.019997,92.629997,88.019997,92.220001,59.9762405411672,57423600
2002-08-15,92.839996,93.989998,92.199997,93.5,60.8087012555891,45551500
2002-08-16,92.82,94.080002,92.0,93.220001,60.6266009824034,36517300
2002-08-19,93.459999,95.75,93.099998,95.400002,62.0443873946589,33669900
2002-08-20,94.82,95.400002,93.620003,94.389999,61.387521397929,30508300
2002-08-21,95.059998,95.779999,93.57,95.75,62.2720122483707,39628900
2002-08-22,95.489998,97.150002,95.07,96.68,62.8768474587204,38399800
2002-08-23,96.010002,96.150002,94.150002,94.599998,61.5240964402281,33716400
2002-08-26,94.910004,95.639999,93.5,95.260002,61.9533369328858,33830100
2002-08-27,95.699997,96.25,93.5,94.160004,61.2379417482468,35335700
2002-08-28,93.279999,93.489998,91.800003,92.099998,59.8981953371375,38970600
2002-08-29,91.269997,93.050003,90.809998,92.139999,59.9242104051474,42965700
2002-08-30,91.68,93.389999,91.400002,91.779999,59.6900806463023,30366700
2002-09-03,90.730003,91.0,88.150002,88.279999,57.4138191019755,76586400
2002-09-04,88.610001,90.25,88.059998,89.540001,58.233274558654,51099500
2002-09-05,88.489998,89.43,87.5,88.779999,57.7389993225936,67250900
2002-09-06,89.75,90.57,89.339996,90.0,58.5324397112623,38622200
2002-09-09,89.099998,91.349998,88.800003,90.660004,58.96168020392,33998400
2002-09-10,91.139999,91.779999,90.559998,91.699997,59.6380505102826,41416600
2002-09-11,92.470001,93.330002,91.099998,91.129997,59.2673450587779,27711200
2002-09-12,90.75,90.839996,88.989998,89.449997,58.174739517501,43601700
2002-09-13,88.690002,89.900002,88.25,89.669998,58.3178194649334,41131000
2002-09-16,89.309998,89.889999,88.459999,89.889999,58.4608994123658,28167600
2002-09-17,90.889999,91.190002,87.75,87.830002,57.1211588545005,47609700
2002-09-18,87.010002,88.5,86.279999,86.949997,56.5488384144104,54719400
2002-09-19,85.989998,86.800003,84.699997,84.699997,55.0855274216288,48510500
2002-09-20,84.919998,85.199997,84.050003,84.349998,55.103803200388,46325600
2002-09-23,83.650002,84.059998,82.690002,83.660004,54.6530468934887,46893800
2002-09-24,82.440002,83.650002,81.849998,82.309998,53.7711207914472,69507000
2002-09-25,83.370003,84.769997,82.040001,84.349998,55.103803200388,59294400
2002-09-26,85.019997,85.970001,84.449997,85.730003,56.0053269198735,53638000
2002-09-27,85.0,85.629997,82.75,82.75,54.0585634018878,64648300
2002-09-30,82.0,82.800003,80.900002,81.790001,53.4314193921325,73096400
2002-10-01,82.43,85.769997,81.470001,85.720001,55.9987928564155,67198100
2002-10-02,84.690002,85.529999,82.599998,83.150002,54.3198749847021,56749100
2002-10-03,83.139999,84.599998,81.949997,82.309998,53.7711207914472,55547000
2002-10-04,82.800003,82.919998,79.580002,80.800003,52.7846777649332,68483700
2002-10-07,80.059998,81.199997,78.550003,79.129997,51.6937034418815,53188000
2002-10-08,79.809998,81.309998,78.199997,80.370003,52.5037692179506,79531000
2002-10-09,79.089996,79.699997,77.779999,78.099998,51.0208301337802,79956400
2002-10-10,77.940002,81.07,77.07,80.629997,52.6736169778673,76749000
2002-10-11,82.099998,84.730003,81.82,84.160004,54.9796847388173,82308300
2002-10-14,83.199997,84.849998,83.040001,84.629997,55.2867197404964,40631900
2002-10-15,86.989998,88.720001,86.849998,88.699997,57.9455518014714,82320300
2002-10-16,87.410004,87.800003,85.919998,86.550003,56.5410129862124,62977800
2002-10-17,88.870003,89.300003,87.849998,88.269997,57.6646432544888,68534100
2002-10-18,87.650002,89.110001,86.93,88.639999,57.9063565665833,47448700
2002-10-21,88.120003,90.5,87.57,90.169998,58.9058677200132,45859100
2002-10-22,89.050003,90.010002,88.519997,89.519997,58.4812378678103,40966800
2002-10-23,88.769997,90.269997,87.68,90.199997,58.9254653374573,54905800
2002-10-24,90.75,90.900002,88.099998,88.360001,57.7234406797507,54987400
2002-10-25,88.209999,90.389999,87.940002,90.199997,58.9254653374573,43672100
2002-10-28,91.150002,91.290001,88.849998,89.610001,58.5400352930723,39416100
2002-10-29,89.080002,89.489998,87.0,88.57,57.860627921513,59508200
2002-10-30,88.68,89.959999,88.230003,89.43,58.4224450154783,41688600
2002-10-31,89.660004,90.300003,88.190002,88.519997,57.8279621771531,41620600
2002-11-01,88.349998,90.82,88.050003,90.269997,58.9711946358033,51878900
2002-11-04,91.800003,92.940002,90.900002,91.129997,59.5330117297685,49080600
2002-11-05,90.839996,92.07,90.839996,91.849998,60.0033708803174,37270800
2002-11-06,92.480003,93.07,90.790001,93.040001,60.7807709120266,65013100
2002-11-07,92.019997,92.220001,90.220001,90.760002,59.2913029906038,51572000
2002-11-08,90.529999,91.57,89.519997,89.650002,58.5661669739742,37905400
2002-11-11,89.510002,89.559998,87.800003,88.260002,57.6581137639606,33505100
2002-11-12,88.660004,89.93,88.370003,88.959999,58.1154047875936,37724500
2002-11-13,88.32,89.739998,87.449997,89.050003,58.1742022128556,63891500
2002-11-14,90.07,91.0,89.75,90.730003,59.2717053731598,31896800
2002-11-15,90.0,91.550003,89.949997,91.400002,59.7093994326244,39152100
2002-11-18,92.150002,92.150002,90.349998,90.480003,59.1083864504954,28934800
2002-11-19,90.019997,91.099998,89.760002,90.360001,59.0299920610652,32806600
2002-11-20,89.980003,92.419998,89.949997,92.370003,60.3430775058376,36688400
2002-11-21,92.599998,94.190002,92.43,94.089996,61.4667071208383,55128200
2002-11-22,93.480003,94.269997,93.269997,93.419998,61.0290137146493,32513800
2002-11-25,93.43,94.260002,92.769997,93.480003,61.0682135224672,33846400
2002-11-26,93.07,93.449997,91.620003,91.699997,59.9053788734431,42284700
2002-11-27,92.519997,94.650002,92.43,94.279999,61.5908314618902,37764000
2002-11-29,94.800003,94.949997,93.769997,93.980003,61.3948513677958,19385700
2002-12-02,95.470001,96.050003,93.220001,94.129997,61.4928388017403,49911900
2002-12-03,93.25,93.400002,92.349998,92.870003,60.6697153511663,34407700
2002-12-04,91.769997,93.139999,91.43,92.449997,60.3953356414361,64040800
2002-12-05,92.730003,92.800003,91.099998,91.43,59.7289963967928,36724900
2002-12-06,90.120003,92.169998,89.980003,92.029999,60.1209611579114,49824100
2002-12-09,91.07,91.459999,89.480003,89.5,58.4681743138243,36789600
2002-12-10,90.019997,91.099998,89.760002,90.699997,59.2521031827859,33319900
2002-12-11,90.419998,91.620003,90.160004,90.779999,59.3043665445899,39201000
2002-12-12,91.199997,91.489998,90.199997,90.769997,59.2978324811319,34465600
2002-12-13,89.910004,90.480003,89.269997,89.339996,58.3636475902163,36862200
2002-12-16,89.82,91.790001,89.660004,91.650002,59.8727183552887,37098400
2002-12-17,91.370003,91.739998,90.739998,90.849998,59.3500951896602,32353900
2002-12-18,90.32,90.400002,89.330002,89.800003,58.6641589808485,35612600
2002-12-19,89.349998,90.699997,88.599998,89.160004,58.2460631921036,39264200
2002-12-20,89.199997,90.019997,89.099998,89.989998,59.073001772711,31176900
2002-12-23,89.589996,90.470001,89.309998,90.019997,59.092694305432,22599300
2002-12-24,89.589996,89.860001,89.25,89.349998,58.6528804039503,10937000
2002-12-26,89.699997,90.610001,88.839996,89.389999,58.6791386459374,17485600
2002-12-27,88.959999,89.290001,87.379997,87.379997,57.359693659294,22205700
2002-12-30,87.790001,88.470001,87.220001,88.110001,57.8388972212953,29968000
2002-12-31,87.989998,88.43,87.110001,88.230003,57.9176712908172,34036600
2003-01-02,88.849998,91.300003,88.540001,91.07,59.781957895374,44516300
2003-01-03,90.910004,91.379997,90.5,91.349998,59.9657596813275,32222600
2003-01-06,91.239998,93.489998,91.169998,92.959999,61.0226281560559,40984500
2003-01-07,92.900002,93.370003,92.199997,92.730003,60.871649664916,38640400
2003-01-08,92.199997,92.400002,91.050003,91.389999,59.9920179233147,38702200
2003-01-09,91.82,93.18,91.410004,92.809998,60.9241615538129,34804900
2003-01-10,91.949997,93.639999,91.800003,93.059998,61.0882714634851,37768900
2003-01-13,93.540001,93.860001,92.440002,93.029999,61.0685789307641,31649900
2003-01-14,92.690002,93.830002,92.410004,93.330002,61.2655127916896,30733000
2003-01-15,93.540001,93.57,91.910004,92.400002,60.6550239277092,33511800
2003-01-16,92.5,92.93,91.449997,92.019997,60.4055735828093,44812100
2003-01-17,90.989998,92.300003,90.150002,90.660004,59.5128202692702,35618300
2003-01-21,90.870003,90.919998,88.949997,89.25,58.5872377529607,36826200
2003-01-22,88.769997,89.800003,88.0,88.169998,57.8782816302977,42286500
2003-01-23,88.75,89.379997,87.949997,88.709999,58.2327596916292,55919800
2003-01-24,88.589996,88.68,86.169998,86.379997,56.7032540206054,68633900
2003-01-27,85.730003,86.800003,84.5,85.199997,55.9286552469528,57884400
2003-01-28,85.629997,86.400002,85.129997,85.830002,56.3422155015248,46929100
2003-01-29,85.419998,87.18,84.769997,86.480003,56.7689019231121,53712200
2003-01-30,86.790001,86.879997,84.400002,84.43,55.4231986944815,49845900
2003-01-31,84.150002,86.209999,84.150002,86.059998,56.4931939926647,55317000
2003-02-03,86.139999,86.809998,85.919998,86.230003,56.6047920134399,39696000
2003-02-04,85.309998,85.75,84.300003,85.379997,56.0468143819167,43633400
2003-02-05,85.75,86.540001,84.480003,84.849998,55.6989020298514,55270600
2003-02-06,84.370003,84.889999,83.650002,84.449997,55.4363255179363,53638000
2003-02-07,84.910004,84.989998,82.970001,83.419998,54.7601933465267,43165000
2003-02-10,83.459999,84.129997,82.650002,84.010002,55.1474953591115,45455900
2003-02-11,84.370003,84.879997,82.830002,83.43,54.7667590557928,46861000
2003-02-12,83.160004,83.620003,82.089996,82.099998,53.8936930234577,35873600
2003-02-13,82.150002,82.660004,81.0,82.349998,54.0578029331298,57934100
2003-02-14,82.370003,84.199997,81.82,84.150002,55.2393969085279,59580900
2003-02-18,84.529999,85.800003,84.389999,85.629997,56.2109242915889,39492700
2003-02-19,85.32,85.470001,84.279999,85.18,55.9155284234979,31432000
2003-02-20,85.209999,85.419998,84.050003,84.330002,55.3575560434919,29280100
2003-02-21,84.379997,85.739998,83.459999,85.18,55.9155284234979,60955800
2003-02-24,84.93,85.0,83.589996,83.800003,55.0096436914265,30628600
2003-02-25,82.949997,84.489998,82.220001,84.470001,55.4494569364686,56770600
2003-02-26,84.019997,84.529999,83.080002,83.239998,54.6420342115627,37787200
2003-02-27,83.699997,84.75,83.160004,84.339996,55.3641165012409,51126000
2003-02-28,84.470001,85.230003,84.160004,84.900002,55.7317266375444,43666800
2003-03-03,85.260002,85.779999,83.720001,84.089996,55.2000065915688,42923100
2003-03-04,83.949997,84.010002,82.650002,82.75,54.3203801014846,31440500
2003-03-05,82.610001,83.540001,82.360001,83.449997,54.7798858792477,43974700
2003-03-06,82.870003,83.519997,82.470001,82.75,54.3203801014846,41217700
2003-03-07,81.610001,83.989998,81.43,83.32,54.6945506955371,63538000
2003-03-10,82.599998,82.860001,81.099998,81.32,53.3816714181598,41014100
2003-03-11,81.480003,82.0,80.480003,80.519997,52.85651773789,48102700
2003-03-12,80.379997,81.099998,79.379997,81.059998,53.2109957992215,62459800
2003-03-13,82.18,83.910004,81.529999,83.860001,55.0490287568686,72117800
2003-03-14,84.199997,84.769997,83.349998,84.129997,55.226264833556,63951800
2003-03-17,83.459999,86.949997,83.220001,86.779999,56.9658311889601,88217500
2003-03-18,87.150002,87.349998,86.279999,87.290001,57.3006167175706,50792300
2003-03-19,87.279999,88.160004,86.68,87.959999,57.7404299626127,49630800
2003-03-20,87.330002,88.589996,86.349998,88.150002,57.8651554632825,67321600
2003-03-21,88.800003,89.879997,87.93,89.669998,59.0955701674891,71165300
2003-03-24,88.019997,88.139999,86.349998,86.690002,57.1316517260408,65398900
2003-03-25,86.739998,88.260002,86.440002,87.519997,57.6786465833526,61040100
2003-03-26,87.559998,87.849998,86.800003,87.080002,57.3886749543152,45740800
2003-03-27,86.400002,87.660004,85.989998,87.150002,57.4348073286208,53120200
2003-03-28,86.470001,87.279999,86.25,86.709999,57.144830427312,32583000
2003-03-31,85.349998,86.589996,84.400002,84.739998,55.846532948533,61119500
2003-04-01,85.25,86.389999,84.910004,86.040001,56.7032790198828,53574000
2003-04-02,87.540001,88.769997,87.5,88.120003,58.0740708887475,50431200
2003-04-03,88.870003,88.989998,87.650002,87.699997,57.79727268871,48755500
2003-04-04,88.43,88.589996,87.620003,88.220001,58.1399729625449,36250100
2003-04-07,90.339996,90.849998,87.970001,88.050003,58.0279385144419,69776200
2003-04-08,88.300003,88.650002,87.709999,88.190002,58.1202026040193,39712700
2003-04-09,88.360001,89.099998,86.769997,87.029999,57.3557212812808,55647300
2003-04-10,87.089996,87.629997,85.709999,87.510002,57.6720595393357,41812400
2003-04-11,88.160004,88.699997,86.860001,87.150002,57.4348073286208,47730100
2003-04-14,87.470001,89.0,87.0,88.949997,58.6210650870255,36711700
2003-04-15,88.839996,89.779999,88.419998,89.779999,59.1680645575748,49709800
2003-04-16,89.910004,90.059998,88.029999,88.25,58.1597433210706,51788000
2003-04-17,88.300003,89.720001,88.190002,89.559998,59.0230764364373,37403100
2003-04-21,89.860001,90.160004,89.059998,89.650002,59.0823921252517,32052700
2003-04-22,89.099998,91.559998,88.889999,91.339996,60.1961554935707,59763600
2003-04-23,91.620003,92.349998,91.239998,92.18,60.7497466213744,44227100
2003-04-24,91.529999,92.080002,90.959999,91.360001,60.2093394671133,49692400
2003-04-25,91.300003,91.470001,90.019997,90.230003,59.464632457104,43917200
2003-04-28,90.440002,92.190002,90.300003,91.790001,60.4927240521339,46432900
2003-04-29,92.139999,92.800003,91.400002,92.110001,60.7036149061026,52017100
2003-04-30,91.910004,92.57,91.410004,91.910004,60.5718100994739,48709100
2003-05-01,91.919998,92.730003,90.5,91.900002,60.5652184422195,50240400
2003-05-02,91.559998,93.470001,91.489998,93.209999,61.4285508985524,50201500
2003-05-05,93.470001,93.779999,92.5,93.029999,61.309924793195,35437800
2003-05-06,93.040001,94.379997,93.0,93.910004,61.8898779367786,44401000
2003-05-07,93.419998,94.139999,92.970001,93.389999,61.5471770039098,41413100
2003-05-08,92.519997,93.330002,92.279999,92.449997,60.9276838023087,40570700
2003-05-09,92.830002,93.800003,92.610001,93.730003,61.7712511723873,33608100
2003-05-12,93.5,95.120003,93.279999,94.879997,62.529136224634,35662300
2003-05-13,94.529999,95.18,94.260002,94.709999,62.4171017765309,39253600
2003-05-14,95.089996,95.239998,93.910004,94.510002,62.2852969699022,32195100
2003-05-15,94.889999,95.330002,94.25,95.110001,62.6807166620597,43879200
2003-05-16,94.889999,95.449997,94.260002,94.870003,62.522549839651,38905000
2003-05-19,94.150002,94.419998,92.330002,92.650002,61.0594938812088,41606000
2003-05-20,92.82,93.029999,91.589996,92.459999,60.9342754595631,55404600
2003-05-21,92.110001,92.879997,91.910004,92.650002,61.0594938812088,49333800
2003-05-22,92.949997,94.050003,92.68,93.57,61.6658037683011,38421800
2003-05-23,93.529999,93.980003,93.139999,93.760002,61.7910215309129,26155900
2003-05-27,93.300003,95.839996,93.07,95.400002,62.8718371575028,43719200
2003-05-28,95.849998,96.470001,95.43,95.669998,63.0497736794033,37727100
2003-05-29,95.879997,96.82,95.080002,95.419998,62.8850151997402,50844200
2003-05-30,95.900002,97.089996,95.559998,96.949997,63.8933364362443,52529500
2003-06-02,97.529999,98.449997,96.669998,97.349998,64.1569506627392,50305500
2003-06-03,97.150002,97.839996,96.849998,97.75,64.420565548268,38254500
2003-06-04,97.660004,99.349998,97.57,99.160004,65.3498060097035,49360700
2003-06-05,98.580002,99.650002,98.269997,99.650002,65.6727313117753,46262400
2003-06-06,100.400002,101.400002,99.129997,99.260002,65.4157080835009,60356800
2003-06-09,98.769997,99.099998,97.769997,98.25,64.7500825075942,37808500
2003-06-10,98.459999,99.260002,98.190002,99.25,65.4091164262465,29965900
2003-06-11,99.160004,100.389999,98.709999,100.300003,66.1011040179333,37610200
2003-06-12,100.75,100.900002,99.620003,100.610001,66.3054032146477,36442000
2003-06-13,100.610001,100.75,98.949997,99.559998,65.6134156229609,48628300
2003-06-16,99.959999,101.699997,99.800003,101.660004,66.9973908063344,36326300
2003-06-17,102.07,102.18,101.230003,101.660004,66.9973908063344,36801800
2003-06-18,101.290001,102.139999,101.0,101.57,66.93807511752,35521000
2003-06-19,101.639999,101.730003,99.839996,100.019997,65.9165705665071,43551700
2003-06-20,100.389999,100.5,99.419998,99.440002,65.7717511580528,41545000
2003-06-23,99.449997,99.660004,97.919998,98.419998,65.0970986246768,34237500
2003-06-24,98.220001,99.089996,98.019997,98.519997,65.1632401091073,36213600
2003-06-25,98.529999,99.440002,97.529999,97.529999,64.5084341880156,47743400
2003-06-26,97.779999,98.980003,96.959999,98.800003,65.3484420860216,33477300
2003-06-27,98.75,99.190002,97.580002,97.660004,64.5944222847305,54208800
2003-06-30,98.220001,98.669998,97.470001,97.629997,64.5745750110247,33349000
2003-07-01,97.25,98.849998,96.43,98.529999,65.1698556465354,51322800
2003-07-02,98.769997,99.790001,98.57,99.769997,65.9900169322571,34662100
2003-07-03,99.07,99.849998,97.900002,98.739998,65.3087534914031,30792800
2003-07-07,99.650002,100.900002,99.650002,100.699997,66.6051388886805,31391100
2003-07-08,100.5,101.290001,100.169998,101.150002,66.9027818521217,30952500
2003-07-09,100.919998,101.400002,100.029999,100.580002,66.5257716207654,36528500
2003-07-10,99.839996,100.040001,98.629997,99.300003,65.6791528152815,49777700
2003-07-11,99.389999,100.449997,99.389999,100.239998,66.3008856791828,39976300
2003-07-14,101.199997,101.900002,100.449997,100.730003,66.6249855009648,42114900
2003-07-15,101.379997,101.459999,99.949997,100.510002,66.479472118669,42573600
2003-07-16,100.809998,100.870003,99.230003,99.919998,66.0892308124565,39894200
2003-07-17,99.150002,99.879997,98.160004,98.5,65.1500136642013,52253500
2003-07-18,99.019997,99.800003,98.459999,99.510002,65.8180506601492,35698100
2003-07-21,99.449997,99.489998,97.849998,98.279999,65.0045002819055,34786000
2003-07-22,98.690002,99.410004,97.919998,99.169998,65.5931647185667,49968300
2003-07-23,99.209999,99.449997,98.279999,99.239998,65.639464220663,37275400
2003-07-24,99.989998,100.339996,98.370003,98.489998,65.1433981267732,40896200
2003-07-25,98.660004,100.290001,98.040001,100.230003,66.2942747717049,43241100
2003-07-28,100.370003,100.980003,99.669998,99.860001,66.0495475092097,34382800
2003-07-29,100.139999,100.260002,98.68,99.400002,65.745294299712,53472100
2003-07-30,99.599998,99.75,98.93,99.160004,65.5865544725102,28363300
2003-07-31,99.980003,100.910004,99.169998,99.389999,65.7386781008625,54937200
2003-08-01,99.190002,99.529999,98.239998,98.510002,65.1566292016294,49321000
2003-08-04,98.309998,99.0,97.0,98.510002,65.1566292016294,55214100
2003-08-05,98.410004,98.760002,96.339996,96.419998,63.7742557076372,61415600
2003-08-06,96.690002,98.059998,96.419998,96.980003,64.1446550315156,50096900
2003-08-07,97.169998,98.07,96.760002,98.0,64.8193029349414,43427400
2003-08-08,98.32,98.550003,97.760002,98.279999,65.0045002819055,27357300
2003-08-11,98.260002,99.040001,97.839996,98.650002,65.2492282058222,34631400
2003-08-12,98.709999,99.589996,98.419998,99.550003,65.8445081799115,43285600
2003-08-13,99.82,99.849998,98.529999,99.040001,65.5071819132234,36152000
2003-08-14,99.099998,99.75,98.449997,99.309998,65.6857637227594,35525100
2003-08-15,99.360001,99.790001,99.120003,99.620003,65.8908076820078,12567000
2003-08-18,99.93,100.599998,99.739998,100.480003,66.4596301363349,22873800
2003-08-19,100.690002,100.940002,100.0,100.860001,66.7109689677295,37437700
2003-08-20,100.290001,100.889999,100.160004,100.449997,66.4397835240505,21295300
2003-08-21,101.050003,101.519997,100.400002,100.769997,66.6514383907769,46494200
2003-08-22,101.75,101.82,99.730003,99.769997,65.9900169322571,52040300
2003-08-25,99.709999,100.830002,99.279999,99.93,66.0958463498846,23473000
2003-08-26,99.5,100.389999,98.830002,100.110001,66.2149028738396,45065800
2003-08-27,100.050003,100.360001,99.57,100.139999,66.2347441947523,18919500
2003-08-28,100.400002,101.0,99.660004,100.760002,66.644827483299,27402400
2003-08-29,100.610001,101.480003,100.480003,101.440002,67.0945940750924,28706600
2003-09-02,101.639999,102.879997,101.050003,102.800003,67.9941279201009,49419100
2003-09-03,103.029999,103.699997,102.779999,103.360001,68.364522614029,44912400
2003-09-04,103.099998,103.550003,102.760002,103.410004,68.3975956712194,28381000
2003-09-05,102.940002,103.550003,102.400002,102.830002,68.013969902435,31637300
2003-09-08,103.040001,103.879997,102.93,103.68,68.5761768193339,32632800
2003-09-09,103.370003,103.459999,102.68,103.0,68.1264102275404,35053200
2003-09-10,102.529999,102.800003,101.550003,101.959999,67.4385312492584,45904900
2003-09-11,102.099998,102.760002,101.839996,102.260002,67.6369596710787,38396300
2003-09-12,101.910004,102.639999,101.349998,102.449997,67.7626264410902,42524800
2003-09-15,102.519997,102.629997,101.949997,102.089996,67.5245140546016,21312800
2003-09-16,102.230003,103.639999,102.169998,103.580002,68.5100359963248,37892600
2003-09-17,103.480003,103.790001,103.050003,103.379997,68.3777483975136,31885800
2003-09-18,103.400002,104.699997,103.169998,104.599998,69.1846832383292,30243600
2003-09-19,104.269997,104.599998,103.400002,103.669998,68.8341695506012,34331600
2003-09-22,102.849998,102.959999,102.029999,102.550003,68.0905221384944,36677400
2003-09-23,102.589996,103.290001,102.360001,102.940002,68.3494712829765,32489200
2003-09-24,103.120003,103.220001,101.07,101.110001,67.1343984408629,41694700
2003-09-25,101.410004,101.879997,100.199997,100.279999,66.5832988026114,52673100
2003-09-26,100.440002,100.660004,99.849998,99.949997,66.3641860982778,42914700
2003-09-29,100.300003,100.989998,99.790001,100.93,67.0148824806786,36771600
2003-09-30,100.480003,100.760002,99.25,99.949997,66.3641860982778,70764500
2003-10-01,100.239998,102.18,100.199997,102.080002,67.7784537566376,65797600
2003-10-02,101.93,102.559998,101.629997,102.449997,68.0241207678675,44591500
2003-10-03,103.669998,104.279999,103.080002,103.389999,68.648257531581,48806900
2003-10-06,103.480003,103.989998,103.199997,103.860001,68.9603265774116,20226500
2003-10-07,103.260002,104.309998,102.910004,104.260002,69.2259167885199,42602900
2003-10-08,104.330002,104.389999,103.410004,104.0,69.0532822549348,30920800
2003-10-09,104.879997,105.220001,103.830002,104.279999,69.239194273955,40066500
2003-10-10,104.269997,104.599998,103.910004,104.57,69.4317473596013,22682800
2003-10-13,104.709999,105.290001,104.510002,104.900002,69.6508600639349,23825600
2003-10-14,104.800003,105.43,104.360001,105.269997,69.8965270751648,38484400
2003-10-15,105.860001,105.889999,104.639999,104.989998,69.7106150561446,39021700
2003-10-16,104.68,105.730003,104.650002,105.410004,69.9894880644789,32772200
2003-10-17,105.470001,105.629997,103.980003,104.260002,69.2259167885199,32790300
2003-10-20,104.449997,105.040001,103.940002,105.040001,69.743815741458,27657000
2003-10-21,104.82,105.279999,104.32,104.860001,69.6243004452476,26729100
2003-10-22,104.029999,104.190002,103.190002,103.540001,68.7478549397042,33914500
2003-10-23,102.889999,103.949997,102.839996,103.349998,68.6216979128937,45830500
2003-10-24,102.830002,103.580002,102.18,103.580002,68.7744145583915,51723600
2003-10-27,103.739998,104.18,103.269997,103.629997,68.8076099319139,32460200
2003-10-28,103.980003,105.150002,103.82,105.040001,69.743815741458,34956200
2003-10-29,104.769997,105.43,103.870003,105.18,69.8367714189812,30955400
2003-10-30,105.790001,105.970001,104.800003,105.400002,69.9828469978528,39123100
2003-10-31,105.400002,105.739998,105.220001,105.300003,69.9164502750431,25761600
2003-11-03,105.75,106.610001,105.709999,105.989998,70.3745889239805,37589300
2003-11-04,105.989998,106.269997,105.580002,105.760002,70.2218775902737,31421600
2003-11-05,105.489998,105.970001,104.900002,105.839996,70.2749915158574,33558800
2003-11-06,105.599998,106.440002,105.099998,106.400002,70.6468208656887,28392300
2003-11-07,106.639999,106.720001,105.57,105.610001,70.1222808461245,31723200
2003-11-10,105.739998,105.839996,105.010002,105.18,69.8367714189812,25530800
2003-11-11,105.089996,105.330002,104.800003,105.150002,69.8168535308939,26558600
2003-11-12,105.230003,106.470001,105.160004,106.330002,70.6003426949402,28000000
2003-11-13,106.010002,106.540001,105.779999,106.360001,70.6202612470014,29714800
2003-11-14,106.400002,106.949997,105.290001,105.459999,70.0226834380014,49158500
2003-11-17,104.910004,105.139999,104.040001,104.93,69.6707779520222,44382100
2003-11-18,105.239998,105.449997,103.699997,103.839996,68.9470437801856,41155000
2003-11-19,104.029999,105.010002,103.919998,104.720001,69.5313441037505,29827000
2003-11-20,104.0,105.239998,103.75,103.779999,68.907207340037,53578700
2003-11-21,104.239998,104.330002,103.620003,104.209999,69.1927161032065,30016000
2003-11-24,104.690002,105.779999,104.68,105.589996,70.1089980488984,28906400
2003-11-25,105.730003,106.419998,105.449997,105.989998,70.3745889239805,37580000
2003-11-26,106.419998,106.449997,105.389999,106.370003,70.6269023136275,33053600
2003-11-28,106.279999,106.660004,106.199997,106.449997,70.6800162392112,10507500
2003-12-01,106.849998,107.68,106.800003,107.599998,71.4435868511964,38699000
2003-12-02,107.379997,107.769997,107.07,107.330002,71.2643165627761,35352000
2003-12-03,107.650002,108.080002,107.07,107.160004,71.1514423331918,39078600
2003-12-04,107.169998,107.720001,106.940002,107.599998,71.4435868511964,36089500
2003-12-05,107.120003,107.800003,106.620003,106.849998,70.9456064503194,28824400
2003-12-08,106.739998,107.639999,106.68,107.57,71.423668963109,32482900
2003-12-09,107.900002,107.93,106.540001,106.739998,70.8725693248575,43596100
2003-12-10,106.769997,106.980003,105.959999,106.730003,70.8659329060485,36915400
2003-12-11,106.68,108.099998,106.669998,107.93,71.66269955553,45304000
2003-12-12,107.970001,108.199997,107.389999,108.139999,71.8021334038016,34142200
2003-12-15,109.169998,109.230003,107.480003,107.599998,71.4435868511964,38693400
2003-12-16,107.68,108.5,107.519997,108.160004,71.8154162010277,32894200
2003-12-17,108.059998,108.5,107.800003,108.5,72.0411646601964,23198800
2003-12-18,108.550003,109.730003,108.389999,109.720001,72.8512134429301,29353100
2003-12-19,109.300003,109.370003,108.580002,108.900002,72.649093821796,41465100
2003-12-22,108.790001,109.660004,108.779999,109.660004,73.1561044332628,27611300
2003-12-23,109.480003,109.949997,109.379997,109.730003,73.2028019890483,24741200
2003-12-24,109.519997,109.879997,109.43,109.620003,73.1294190673437,8055800
2003-12-26,109.709999,110.080002,109.629997,109.699997,73.1827844622422,8308400
2003-12-29,110.099998,111.269997,109.779999,111.160004,74.1567806383256,22483700
2003-12-30,111.089996,111.269997,110.849998,111.18,74.1701203192566,19559500
2003-12-31,111.220001,111.519997,110.839996,111.279999,74.2368313991433,31501800
2004-01-02,111.739998,112.190002,110.730003,111.230003,74.2034781941111,38072300
2004-01-05,111.690002,112.519997,111.589996,112.440002,75.0106896657443,27959800
2004-01-06,112.160004,112.730003,112.0,112.550003,75.0840732545664,20472800
2004-01-07,112.389999,113.059998,111.889999,112.93,75.3375758918299,30170400
2004-01-08,113.25,113.410004,112.769997,113.379997,75.6377767519963,36438400
2004-01-09,112.830002,113.5,112.269997,112.389999,74.9773317908898,54084300
2004-01-12,112.550003,113.25,112.360001,113.220001,75.5310406252595,31564100
2004-01-13,113.089996,113.230003,111.760002,112.559998,75.0907410936795,54239700
2004-01-14,112.760002,113.660004,112.669998,113.5,75.7178328497538,30112800
2004-01-15,113.57,114.059998,112.580002,113.779999,75.904625074248,38408700
2004-01-16,114.040001,114.309998,113.629997,114.230003,76.2048306042367,31922700
2004-01-20,114.529999,114.650002,113.82,114.199997,76.1848130774307,29863000
2004-01-21,114.129997,115.300003,113.720001,115.099998,76.7852194675858,30725000
2004-01-22,115.139999,115.379997,114.580002,114.800003,76.5850875621606,29888500
2004-01-23,115.0,115.370003,113.949997,114.43,76.3382520968927,44245300
2004-01-26,114.389999,115.93,114.379997,115.870003,77.2989032551054,30460600
2004-01-27,115.75,116.5,114.650002,114.68,76.5050314644032,35322800
2004-01-28,114.980003,115.279999,112.940002,113.370003,75.6311095800007,52621300
2004-01-29,113.559998,113.849998,112.559998,113.480003,75.7044925017053,60117100
2004-01-30,113.519997,113.720001,113.089996,113.480003,75.7044925017053,30984400
2004-02-02,113.699997,114.68,113.120003,113.970001,76.0313787277909,38832400
2004-02-03,113.739998,114.139999,113.440002,113.779999,75.904625074248,25093500
2004-02-04,113.190002,113.730003,112.790001,112.849998,75.2842051599916,39332600
2004-02-05,113.169998,113.540001,112.779999,113.18,75.5043552593404,37226800
2004-02-06,113.419998,114.699997,113.199997,114.449997,76.3515924449411,37216000
2004-02-09,114.669998,114.870003,114.290001,114.480003,76.3716099717472,24851300
2004-02-10,114.279999,115.139999,114.260002,114.849998,76.6184401000754,27908100
2004-02-11,114.849998,116.389999,114.169998,116.07,77.4323247477614,42965700
2004-02-12,115.970001,116.269997,115.580002,115.650002,77.1521367445788,27814700
2004-02-13,115.82,116.199997,114.75,115.129997,76.8052323245696,44739900
2004-02-17,115.849998,116.43,115.769997,116.169998,77.4990351605307,23984300
2004-02-18,116.199997,116.599998,115.349998,115.660004,77.1588092535141,28618000
2004-02-19,116.330002,116.389999,115.059998,115.230003,76.8719480742786,51146200
2004-02-20,115.480003,115.559998,114.32,114.879997,76.6384529570592,46728800
2004-02-23,115.220001,115.260002,114.169998,114.589996,76.4449882236295,36357000
2004-02-24,114.269997,114.989998,113.029999,114.389999,76.3115667309736,43953000
2004-02-25,114.459999,115.059998,114.32,114.870003,76.6317857850636,31213600
2004-02-26,114.610001,115.290001,114.339996,114.940002,76.678483340849,29683000
2004-02-27,115.190002,115.739998,114.629997,115.019997,76.731849402865,39312000
2004-03-01,115.43,116.339996,115.25,116.160004,77.4923679885351,33130800
2004-03-02,115.940002,116.970001,115.230003,115.480003,77.0387274417891,38556400
2004-03-03,115.25,115.870003,114.919998,115.690002,77.1788214433804,31346200
2004-03-04,115.720001,116.099998,115.519997,115.989998,77.3789540159231,21060000
2004-03-05,115.419998,116.949997,115.279999,116.379997,77.639129162122,55905600
2004-03-08,116.339996,116.620003,114.910004,114.959999,76.6918236888974,39281600
2004-03-09,115.099998,115.209999,114.239998,114.5,76.3849503197956,39746100
2004-03-10,114.720001,114.769997,112.559998,112.580002,75.1040861115502,67671800
2004-03-11,112.400002,113.269997,111.099998,111.120003,74.1300952724065,89134800
2004-03-12,111.730003,112.709999,111.580002,112.580002,75.1040861115502,54012200
2004-03-15,112.269997,112.349998,110.900002,111.199997,74.183460667305,57677200
2004-03-16,111.779999,112.059998,110.839996,111.790001,74.5770626430996,59832600
2004-03-17,112.18,113.260002,112.099998,113.040001,75.410959480652,41607300
2004-03-18,112.699997,113.269997,111.93,113.07,75.4309723376358,60014300
2004-03-19,112.410004,112.57,111.040001,111.059998,74.3534161810904,48636200
2004-03-22,110.540001,110.57,109.099998,109.650002,73.4094397603302,62752100
2004-03-23,110.25,110.400002,109.360001,109.459999,73.2822348945903,54080200
2004-03-24,109.580002,110.139999,108.849998,109.550003,73.3424915575696,51584300
2004-03-25,110.080002,111.300003,109.790001,111.0,74.3132481967182,49873600
2004-03-26,110.959999,111.790001,110.800003,111.029999,74.3333321889043,37409500
2004-03-29,111.629997,112.739998,111.580002,112.589996,75.3777325875271,44113600
2004-03-30,112.300003,113.07,112.220001,112.970001,75.6321416495181,39059900
2004-03-31,112.989998,113.400002,112.379997,113.099998,75.719173174976,48517600
2004-04-01,113.07,113.870003,113.050003,113.779999,76.1744261757599,45103800
2004-04-02,114.809998,114.839996,113.900002,114.639999,76.7501864771039,50987700
2004-04-05,114.459999,115.379997,114.440002,115.269997,77.171963033297,30251800
2004-04-06,114.830002,115.18,114.620003,114.900002,76.9242555534182,28420900
2004-04-07,114.949997,114.980003,114.110001,114.629997,76.7434902509015,45890500
2004-04-08,115.410004,115.410004,113.739998,114.370003,76.5694271999857,46929700
2004-04-12,114.580002,115.080002,114.57,114.82,76.8706951166413,23085200
2004-04-13,115.260002,115.300003,113.019997,113.209999,75.7928176039389,56210300
2004-04-14,112.610001,113.639999,112.550003,113.389999,75.9133255739877,62322300
2004-04-15,113.449997,113.779999,112.360001,112.959999,75.6254454233157,61602500
2004-04-16,113.379997,114.050003,112.980003,113.830002,76.2079026203507,47059200
2004-04-19,113.550003,113.989998,113.269997,113.830002,76.2079026203507,28277600
2004-04-20,114.080002,114.32,111.779999,111.919998,74.9291764824343,53299400
2004-04-21,112.199997,112.949997,111.870003,112.669998,75.431293024304,50177300
2004-04-22,112.480003,114.669998,112.440002,114.25,76.4890865448203,62071500
2004-04-23,114.419998,114.57,113.790001,114.360001,76.5627309737833,29395700
2004-04-26,114.5,114.940002,113.599998,114.199997,76.4556101002295,35515200
2004-04-27,114.230003,115.120003,113.959999,114.300003,76.5225629894112,43485500
2004-04-28,113.889999,114.010002,112.5,112.82,75.5317176716554,50165800
2004-04-29,112.720001,113.32,111.160004,111.830002,74.8689251753648,69687600
2004-04-30,112.169998,112.379997,110.900002,110.959999,74.2864679783298,48681400
2004-05-03,111.370003,112.290001,111.349998,112.150002,75.0831615665626,33758000
2004-05-04,112.25,113.260002,111.660004,112.059998,75.0229049035833,51185100
2004-05-05,112.410004,112.959999,112.160004,112.779999,75.504937453267,34405000
2004-05-06,112.019997,112.589996,111.0,111.809998,74.8555327229601,54997000
2004-05-07,111.220001,112.230003,109.959999,109.959999,73.6169792558368,60950000
2004-05-10,109.440002,109.75,108.360001,108.830002,72.860459007886,75279400
2004-05-11,109.459999,110.050003,109.330002,109.75,73.476387293602,48300600
2004-05-12,109.57,110.540001,108.059998,110.449997,73.9450273908809,90830500
2004-05-13,109.760002,110.809998,109.629997,109.989998,73.6370632480229,57393700
2004-05-14,109.949997,110.739998,109.269997,110.040001,73.6705396926137,54123100
2004-05-17,108.889999,109.5,108.410004,109.099998,73.0412182850042,55020400
2004-05-18,109.489998,109.940002,109.330002,109.650002,73.4094397603302,30193100
2004-05-19,110.5,111.18,109.150002,109.269997,73.1550306983392,54804100
2004-05-20,109.449997,109.870003,109.040001,109.620003,73.3893557681441,38082900
2004-05-21,109.970001,110.550003,109.470001,109.809998,73.5165552779742,47480400
2004-05-24,110.529999,110.760002,109.68,110.269997,73.8245194208322,40961500
2004-05-25,109.900002,111.980003,109.599998,111.849998,74.8823122718598,48668000
2004-05-26,111.660004,112.290001,111.510002,112.239998,75.143412873632,35977000
2004-05-27,112.540001,113.029999,112.059998,112.870003,75.5651941162462,45306900
2004-05-28,112.730003,112.879997,112.360001,112.860001,75.5584978900439,23367200
2004-06-01,112.459999,112.860001,111.870003,112.709999,75.4580732426925,41044700
2004-06-02,113.029999,113.480003,112.459999,113.129997,75.7392571671621,39774200
2004-06-03,112.809998,113.190002,112.07,112.089996,75.0429882262807,38688300
2004-06-04,112.980003,113.580002,112.709999,112.980003,75.6388378757205,32739500
2004-06-07,113.43,114.809998,113.419998,114.699997,76.790354461476,31643800
2004-06-08,114.370003,114.919998,114.169998,114.860001,76.8974753350298,32846500
2004-06-09,114.510002,114.699997,113.720001,113.790001,76.1811224019623,36737600
2004-06-10,114.040001,114.349998,113.93,114.349998,76.5560340780922,21711000
2004-06-14,113.82,113.849998,112.870003,113.220001,75.7995138301413,34633000
2004-06-15,113.900002,114.449997,113.510002,114.019997,76.3351021301808,37445000
2004-06-16,114.0,114.199997,113.699997,114.0,76.3217143641971,26633400
2004-06-17,113.849998,114.07,113.330002,113.830002,76.2079026203507,28402400
2004-06-18,113.269997,114.220001,113.18,113.629997,76.3510091822272,31799800
2004-06-21,113.75,114.139999,113.129997,113.199997,76.0620807758632,25284000
2004-06-22,113.129997,113.879997,112.669998,113.769997,76.4450788959271,37334000
2004-06-23,113.610001,114.839996,113.419998,114.75,77.1035689076061,35580000
2004-06-24,114.559998,114.93,114.260002,114.389999,76.8616746861655,35272100
2004-06-25,114.410004,114.940002,113.68,113.839996,76.4921130808506,32837900
2004-06-28,114.519997,114.610001,113.410004,113.449997,76.2300624074702,40824500
2004-06-29,113.529999,114.169998,113.419998,113.919998,76.5458685468179,28418100
2004-06-30,114.07,114.790001,113.650002,114.529999,76.9557443998654,52230600
2004-07-01,114.25,114.400002,112.580002,112.940002,75.8873832386246,57734700
2004-07-02,113.160004,113.290001,112.599998,112.879997,75.8470642874063,34615100
2004-07-06,112.370003,112.449997,111.629997,111.889999,75.1818583700957,38698200
2004-07-07,111.809998,112.57,111.75,112.220001,75.4035954676699,29839800
2004-07-08,111.809998,112.32,111.199997,111.440002,74.8794934489827,45291100
2004-07-09,111.720001,111.940002,111.379997,111.730003,75.0743528135733,27412900
2004-07-12,111.519997,112.040001,111.0,111.779999,75.1079464521886,35691300
2004-07-13,111.919998,112.019997,111.599998,111.860001,75.1617019181559,26752000
2004-07-14,111.260002,112.389999,111.120003,111.519997,74.9332442114643,54089400
2004-07-15,111.739998,111.910004,110.699997,110.800003,74.4494611439953,38403500
2004-07-16,111.57,111.669998,110.440002,110.709999,74.3889850689107,40871200
2004-07-19,110.75,110.959999,109.989998,110.239998,74.073178929563,39592800
2004-07-20,110.529999,111.900002,110.25,111.639999,75.0138767384887,46679800
2004-07-21,111.82,112.059998,109.449997,109.580002,73.6297101098267,56241100
2004-07-22,109.360001,110.389999,108.769997,109.879997,73.8312847081225,72477100
2004-07-23,109.620003,109.709999,108.690002,108.959999,73.2131136476618,49610500
2004-07-26,109.190002,109.43,108.209999,108.75,73.0720097490385,49679100
2004-07-27,109.050003,110.110001,108.970001,109.769997,73.7573727902154,51295100
2004-07-28,109.550003,110.370003,108.589996,110.099998,73.9791092158631,65862300
2004-07-29,110.540001,110.870003,110.0,110.57,74.2949160271373,52200500
2004-07-30,110.32,110.900002,110.099998,110.839996,74.4763335015667,41581700
2004-08-02,110.190002,111.360001,110.050003,111.07,74.6308792903513,38263100
2004-08-03,110.93,111.059998,110.160004,110.209999,74.0530218056967,40948800
2004-08-04,109.889999,110.75,109.639999,110.199997,74.0463011965794,40763200
2004-08-05,110.290001,110.379997,108.269997,108.400002,72.8368368086417,50772000
2004-08-06,107.629997,107.959999,106.620003,106.849998,71.7953480049723,74729000
2004-08-09,107.019997,107.480003,106.870003,107.0,71.8961383277896,37476300
2004-08-10,107.309998,108.410004,107.260002,108.379997,72.8233949184805,55870600
2004-08-11,107.68,108.330002,107.099998,108.160004,72.6755757861521,52933200
2004-08-12,107.68,107.949997,106.629997,106.980003,71.8827018130406,50015900
2004-08-13,107.099998,107.349998,106.589996,107.190002,72.0238057116639,41634700
2004-08-16,107.139999,108.639999,107.099998,108.300003,72.7696448279255,45731900
2004-08-17,108.75,109.279999,108.529999,108.910004,73.179520680973,40701600
2004-08-18,108.519997,110.169998,108.489998,110.029999,73.9320750309397,43165400
2004-08-19,109.809998,110.019997,109.18,109.709999,73.7170585424827,39881600
2004-08-20,109.610001,110.629997,109.510002,110.480003,74.2344446555384,44870900
2004-08-23,110.550003,110.769997,110.050003,110.199997,74.0463011965794,33745100
2004-08-24,110.639999,110.730003,109.849998,110.349998,74.1470908474701,30453100
2004-08-25,110.330002,111.269997,109.900002,111.099998,74.6510357422911,38551400
2004-08-26,110.959999,111.309998,110.849998,111.099998,74.6510357422911,26629500
2004-08-27,111.199997,111.629997,111.050003,111.449997,74.8862093546143,24902900
2004-08-30,111.220001,111.339996,110.449997,110.529999,74.2680382941537,26726500
2004-08-31,110.660004,111.160004,110.099998,111.110001,74.6577570233349,44125300
2004-09-01,110.949997,111.639999,110.480003,111.32,74.7988609219583,52778300
2004-09-02,111.239998,112.699997,111.239998,112.580002,75.6454896891105,42736600
2004-09-03,112.330002,112.82,112.010002,112.120003,75.3364041588802,30480500
2004-09-07,112.540001,113.129997,112.32,112.860001,75.8336284445838,37338800
2004-09-08,112.620003,113.059998,112.309998,112.580002,75.6454896891105,32963100
2004-09-09,112.57,112.879997,112.029999,112.480003,75.5782977083942,34314800
2004-09-10,112.519997,113.269997,112.080002,113.059998,75.9680117340898,27900600
2004-09-13,113.309998,113.739998,113.010002,113.43,76.2166258927212,44398100
2004-09-14,113.300003,113.690002,113.190002,113.660004,76.3711716815057,28048900
2004-09-15,113.300003,113.360001,112.68,112.800003,75.7933141968512,38295000
2004-09-16,112.849998,113.370003,112.800003,113.139999,76.0217665281306,23911700
2004-09-17,112.949997,113.360001,112.690002,113.150002,76.3434735262333,33683000
2004-09-20,112.669998,112.989998,112.279999,112.470001,75.8846698371153,37149400
2004-09-21,112.75,113.470001,112.540001,112.959999,76.2152765421943,40920800
2004-09-22,112.5,112.519997,111.470001,111.550003,75.2639376964549,49042100
2004-09-23,111.599998,111.699997,110.949997,110.949997,74.8591074590097,44068700
2004-09-24,111.169998,111.730003,111.129997,111.459999,75.2032110692361,34981100
2004-09-27,111.099998,111.199997,110.580002,110.75,74.7241674200796,39355100
2004-09-28,110.910004,111.510002,110.410004,111.279999,75.0817632124812,41662900
2004-09-29,111.209999,111.849998,111.0,111.839996,75.4595989649213,33325700
2004-09-30,111.550003,111.980003,111.260002,111.760002,75.4056261879587,43536700
2004-10-01,112.260002,113.650002,112.209999,113.650002,76.680828683886,62824300
2004-10-04,114.099998,114.440002,113.800003,113.839996,76.8090195955322,33082400
2004-10-05,113.849998,114.160004,113.540001,113.900002,76.8495062627124,36910600
2004-10-06,113.769997,114.68,113.68,114.68,77.37577895923,42297800
2004-10-07,114.379997,114.400002,113.360001,113.449997,76.5458832472734,39388800
2004-10-08,113.150002,113.769997,112.349998,112.510002,75.9116589244378,51872600
2004-10-11,112.779999,113.019997,112.639999,112.970001,76.222024994768,20229100
2004-10-12,112.199997,112.830002,111.940002,112.529999,75.925151106613,41754700
2004-10-13,113.0,113.07,111.32,111.540001,75.2571892438812,54212600
2004-10-14,111.68,111.93,110.580002,110.639999,74.6499486106857,64082200
2004-10-15,111.019997,111.739998,110.57,111.260002,75.068271030306,63482200
2004-10-18,110.889999,111.900002,110.699997,111.68,75.3516480133137,43535100
2004-10-19,112.019997,112.230003,110.589996,110.739998,74.7174189675059,55851900
2004-10-20,110.379997,110.82,109.75,110.519997,74.5689820234284,57118500
2004-10-21,110.790001,111.32,110.209999,111.239998,75.0547741251586,53218300
2004-10-22,111.190002,111.25,109.860001,109.989998,74.2113862310268,48752400
2004-10-25,109.75,110.120003,109.349998,109.860001,74.123675914168,43990900
2004-10-26,110.129997,111.599998,109.879997,111.540001,75.2571892438812,54337400
2004-10-27,111.379997,113.099998,111.120003,112.879997,76.1612983675493,73896000
2004-10-28,112.779999,113.559998,112.489998,113.220001,76.3907025735944,54413300
2004-10-29,113.120003,113.639999,112.900002,113.199997,76.377205668447,48820200
2004-11-01,113.559998,113.839996,113.199997,113.510002,76.5863692397433,36720900
2004-11-02,113.669998,114.57,113.220001,113.550003,76.6133583270658,56210000
2004-11-03,115.029999,115.360001,114.239998,114.980003,77.5781940779526,76960200
2004-11-04,114.779999,116.669998,114.68,116.550003,78.6374892729822,55350300
2004-11-05,117.050003,117.639999,116.489998,117.279999,79.1300251043139,63287200
2004-11-08,116.980003,117.230003,116.720001,117.110001,79.0153257001326,33863800
2004-11-09,117.080002,117.5,116.760002,116.879997,78.8601396287711,44658100
2004-11-10,117.059998,117.550003,116.760002,116.970001,78.9208662559899,45265400
2004-11-11,117.18,118.120003,117.099998,117.860001,79.5213584366117,37863200
2004-11-12,117.970001,119.0,117.68,118.790001,80.1488390298458,55583700
2004-11-15,118.5,118.769997,118.230003,118.730003,80.3451945752266,35297900
2004-11-16,118.360001,118.410004,117.730003,117.879997,79.7699912084743,40028700
2004-11-17,118.370003,119.139999,118.07,118.580002,80.2436881385471,54494000
2004-11-18,118.529999,118.800003,118.230003,118.739998,80.3519582423663,31854300
2004-11-19,118.699997,118.720001,117.139999,117.419998,79.4587075545911,54276500
2004-11-22,117.169998,118.120003,117.029999,117.980003,79.8376657753544,37560200
2004-11-23,117.93,118.260002,117.370003,118.160004,79.9594733640288,41968800
2004-11-24,118.269997,118.589996,118.050003,118.440002,80.1489494292376,29724800
2004-11-26,118.510002,118.980003,118.300003,118.349998,80.0880432664327,15487700
2004-11-29,118.790001,119.010002,117.480003,117.809998,79.7226225305246,61460800
2004-11-30,118.0,118.239998,117.639999,117.889999,79.7767596125494,53685200
2004-12-01,118.160004,119.5,118.099998,119.230003,80.6835471084748,49898300
2004-12-02,119.099998,119.870003,119.010002,119.330002,80.7512169384194,60163500
2004-12-03,119.309998,120.139999,119.089996,119.25,80.6970791796895,49067900
2004-12-06,119.209999,119.639999,118.839996,119.209999,80.6700103003246,33030500
2004-12-07,119.489998,119.620003,118.040001,118.099998,79.9188669998086,52047200
2004-12-08,118.209999,118.82,118.010002,118.790001,80.3857955258063,43895100
2004-12-09,118.139999,119.459999,117.730003,119.209999,80.6700103003246,60922800
2004-12-10,118.919998,119.559998,118.849998,119.330002,80.7512169384194,47828600
2004-12-13,119.760002,120.400002,119.349998,120.370003,81.4549908842806,38541000
2004-12-14,120.18,120.959999,120.18,120.790001,81.739205658799,41500700
2004-12-15,120.699997,121.110001,120.309998,120.879997,81.8001064079634,46699200
2004-12-16,120.720001,121.239998,120.040001,120.809998,81.7527377300137,51641800
2004-12-17,119.459999,119.970001,119.160004,119.440002,81.2099485359466,70761900
2004-12-20,119.75,120.290001,119.169998,119.470001,81.2303455319725,47187400
2004-12-21,119.599998,120.480003,119.459999,120.389999,81.8558729012133,33094200
2004-12-22,120.379997,121.080002,120.300003,120.68,82.0530511153042,31500700
2004-12-23,120.870003,121.279999,120.660004,120.769997,82.1142421033819,25646100
2004-12-27,121.199997,121.360001,120.389999,120.519997,81.9442614704782,29944100
2004-12-28,120.639999,121.330002,120.599998,121.18,82.3930123811117,23422900
2004-12-29,121.080002,121.400002,120.949997,121.360001,82.5153991167249,22650600
2004-12-30,121.400002,121.57,121.040001,121.129997,82.3590142147634,21076900
2004-12-31,121.300003,121.660004,120.800003,120.870003,82.1822384360786,28648800
2005-01-03,121.559998,121.760002,119.900002,120.300003,81.7946825930581,55748000
2005-01-04,120.459999,120.540001,118.440002,118.830002,80.7951957916614,69167600
2005-01-05,118.739998,119.25,118.0,118.010002,80.2376593157371,65667300
2005-01-06,118.440002,119.150002,118.260002,118.610001,80.6456121547835,47814700
2005-01-07,118.970001,119.230003,118.129997,118.440002,80.5300260043315,55847700
2005-01-10,118.339996,119.459999,118.339996,119.0,80.9107812621909,56563300
2005-01-11,118.639999,118.739998,117.989998,118.18,80.3532447862666,63099700
2005-01-12,118.400002,118.839996,117.519997,118.57,80.6184145735964,72720500
2005-01-13,118.639999,118.730003,117.5,117.620003,79.9724902083297,55537500
2005-01-14,117.970001,118.529999,117.760002,118.239998,80.3940387783184,42032500
2005-01-18,118.050003,119.620003,117.949997,119.470001,81.2303455319725,57391700
2005-01-19,119.43,119.519997,118.209999,118.220001,80.3804423674537,54378900
2005-01-20,117.889999,118.199997,117.290001,117.5,79.8908974647683,72049300
2005-01-21,117.790001,118.0,116.650002,116.779999,79.401352562083,63160400
2005-01-24,117.089996,117.339996,116.370003,116.550003,79.2449730995016,58441900
2005-01-25,116.910004,117.470001,116.720001,116.879997,79.4693434553994,68245000
2005-01-26,117.32,117.599998,117.040001,117.230003,79.7073204209998,57195100
2005-01-27,117.190002,117.75,116.980003,117.43,79.8433028875553,55878800
2005-01-28,117.489998,117.550003,116.610001,117.43,79.8433028875553,60738900
2005-01-31,117.949997,118.25,117.709999,118.160004,80.3396490553244,52532700
2005-02-01,118.25,119.080002,118.099998,118.910004,80.8495909540357,49841200
2005-02-02,119.059998,119.589996,118.900002,119.269997,81.0943583059594,52468900
2005-02-03,119.059998,119.160004,118.57,118.959999,80.8835836810038,48837100
2005-02-04,119.0,120.43,118.980003,120.230003,81.747088015845,50024600
2005-02-07,120.25,120.519997,119.959999,120.07,81.638298371019,45412000
2005-02-08,120.169998,120.650002,120.07,120.209999,81.7334868455226,39263500
2005-02-09,120.419998,120.489998,119.25,119.309998,81.1215558871465,55279400
2005-02-10,119.660004,120.019997,119.260002,119.739998,81.413922575741,45858600
2005-02-11,119.699997,121.040001,119.459999,120.769997,82.1142421033819,53133000
2005-02-14,120.690002,120.860001,120.480003,120.68,82.0530511153042,32432100
2005-02-15,120.800003,121.43,120.68,121.129997,82.3590142147634,43852700
2005-02-16,120.93,121.459999,120.669998,121.209999,82.4134093771376,55523000
2005-02-17,121.230003,121.330002,120.220001,120.230003,81.747088015845,58124000
2005-02-18,120.239998,120.480003,119.900002,120.389999,81.8558729012133,47723300
2005-02-22,119.900002,120.470001,118.580002,118.599998,80.6388108896998,80697600
2005-02-23,118.93,119.57,118.620003,119.449997,81.2167443616501,68292600
2005-02-24,119.239998,120.32,118.980003,120.239998,81.7538838415485,68563600
2005-02-25,120.269997,121.669998,120.18,121.43,82.5629930140155,60899900
2005-02-28,121.150002,121.300003,120.040001,120.629997,82.0190529489558,69381300
2005-03-01,120.82,121.519997,120.779999,121.230003,82.42701054746,47294400
2005-03-02,120.760002,121.93,120.650002,121.169998,82.3862117959505,64226500
2005-03-03,121.660004,121.900002,120.699997,121.220001,82.4202099622988,61230800
2005-03-04,122.050003,122.830002,121.790001,122.730003,83.4468943448826,56168500
2005-03-07,122.660004,123.25,122.400002,122.790001,83.4876883369345,43442400
2005-03-08,122.669998,123.0,122.110001,122.330002,83.1749246523141,44362000
2005-03-09,121.970001,122.290001,120.959999,120.970001,82.2502293293951,73263600
2005-03-10,121.199997,121.5,120.400002,121.239998,82.4338063731635,65149000
2005-03-11,121.309998,121.720001,120.160004,120.389999,81.8558729012133,57976500
2005-03-14,120.610001,121.160004,120.279999,121.139999,82.3658147999246,36336400
2005-03-15,121.419998,121.459999,120.080002,120.139999,81.6858922683095,62438500
2005-03-16,119.699997,120.160004,118.900002,119.120003,80.9923740057523,74874200
2005-03-17,119.309998,119.739998,118.980003,119.360001,81.1555540534948,62584200
2005-03-18,119.110001,119.529999,118.150002,118.540001,80.9156025928626,60232000
2005-03-21,118.709999,118.779999,117.760002,118.099998,80.6152558104489,61244300
2005-03-22,118.370003,118.93,116.900002,116.900002,79.7961365373773,92472400
2005-03-23,116.949997,117.720001,116.75,117.0,79.8643953391305,70817300
2005-03-24,117.459999,117.989998,117.059998,117.139999,79.9599588902679,51932500
2005-03-28,117.419998,117.940002,117.309998,117.309998,80.0760004914923,46765500
2005-03-29,117.139999,117.900002,116.25,116.529999,79.5435718718332,71160300
2005-03-30,116.779999,118.199997,116.769997,118.18,80.6698653092174,62002100
2005-03-31,118.190002,118.459999,117.870003,117.959999,80.5196922593114,64575400
2005-04-01,118.629997,118.989998,116.910004,117.43,80.1579140570435,95255300
2005-04-04,117.360001,117.860001,116.739998,117.629997,80.2944323431516,71581200
2005-04-05,117.779999,118.379997,117.669998,118.190002,80.6766926911164,46853900
2005-04-06,118.449997,118.949997,118.18,118.599998,80.9565566452315,53268200
2005-04-07,118.410004,119.260002,118.32,119.239998,81.3934217137532,46734600
2005-04-08,119.169998,119.209999,118.0,118.0,80.5469970086957,63772900
2005-04-11,118.290001,118.419998,117.830002,118.089996,80.6084284285499,44945000
2005-04-12,117.889999,119.059998,117.07,118.699997,81.0248161295863,86144800
2005-04-13,118.559998,118.800003,117.129997,117.300003,80.069177887805,65949000
2005-04-14,117.400002,117.5,115.769997,115.769997,79.0247932377602,96119800
2005-04-15,115.739998,116.199997,114.099998,114.150002,77.9189819460729,128677300
2005-04-18,114.120003,114.959999,113.959999,114.5,78.1578911652174,100035200
2005-04-19,115.099998,115.529999,114.830002,115.410004,78.7790614149284,64930100
2005-04-20,115.379997,115.629997,113.550003,113.800003,77.6800720443268,107735900
2005-04-21,114.790001,116.209999,114.379997,116.010002,79.1886210514642,86952200
2005-04-22,115.739998,116.5,114.269997,115.57,78.8882749516522,88845800
2005-04-25,115.860001,116.5,115.720001,116.330002,79.4070535857251,52284100
2005-04-26,115.959999,116.769997,115.150002,115.199997,78.6357102861081,72626000
2005-04-27,114.860001,116.07,114.440002,115.650002,78.9428844504208,84131900
2005-04-28,115.269997,115.68,114.199997,114.199997,77.9531086165428,72481500
2005-04-29,115.07,115.870003,113.970001,115.75,79.011143252174,103993800
2005-05-02,116.07,116.410004,115.519997,116.400002,79.4548357025947,56026400
2005-05-03,116.07,116.849998,115.690002,116.599998,79.591353306101,86000300
2005-05-04,116.650002,117.75,116.279999,117.5,80.2056961739131,81055700
2005-05-05,117.669998,118.0,116.739998,117.459999,80.1783914245288,96906700
2005-05-06,117.93,117.989998,117.059998,117.089996,79.9258267589847,67415400
2005-05-09,117.209999,118.080002,117.050003,117.82,80.4241287081739,43750500
2005-05-10,117.360001,117.5,116.389999,116.599998,79.591353306101,74613500
2005-05-11,116.93,117.400002,115.849998,117.239998,80.0282183746228,91647400
2005-05-12,117.32,117.589996,115.949997,115.949997,79.147661538282,95086800
2005-05-13,116.300003,116.620003,114.800003,115.720001,78.9906658846887,85267000
2005-05-16,115.699997,116.839996,115.660004,116.800003,79.7278770530224,49207000
2005-05-17,116.410004,117.699997,116.160004,117.580002,80.2603056726816,61071800
2005-05-18,118.089996,119.080002,118.010002,118.790001,81.0862530102539,77944900
2005-05-19,119.019997,119.410004,118.699997,119.290001,81.4275538450365,61768100
2005-05-20,119.339996,119.389999,118.739998,119.120003,81.3115129264137,46345500
2005-05-23,119.209999,120.040001,119.190002,119.779999,81.7620272979201,51047900
2005-05-24,119.440002,119.830002,119.199997,119.5,81.5708995130435,50654100
2005-05-25,119.349998,119.870003,118.830002,119.410004,81.5094680931893,47608800
2005-05-26,119.790001,120.209999,119.620003,120.050003,81.9463324791094,43256200
2005-05-27,120.059998,120.25,119.800003,120.25,82.0828507652174,24596100
2005-05-31,120.080002,120.169998,119.400002,119.480003,81.5572495274572,43377200
2005-06-01,119.519997,120.919998,119.449997,120.5,82.2535011826087,69611000
2005-06-02,120.230003,120.839996,120.099998,120.760002,82.430978981899,39704500
2005-06-03,120.550003,120.889999,119.730003,120.150002,82.0145919634642,60999400
2005-06-06,119.949997,120.199997,119.550003,120.040001,81.9395050972104,36046400
2005-06-07,120.389999,121.25,120.010002,120.129997,82.0009365170646,66501300
2005-06-08,120.43,120.589996,119.669998,119.910004,81.8507689279719,46881200
2005-06-09,119.739998,120.580002,119.440002,120.480003,82.2398511970224,56653300
2005-06-10,120.559998,120.650002,119.599998,120.199997,82.0487186339342,36465300
2005-06-13,119.940002,121.080002,119.809998,120.580002,82.3081106813773,49383200
2005-06-14,120.449997,121.199997,120.379997,120.860001,82.4992384662539,33857100
2005-06-15,121.160004,121.239998,120.230003,121.089996,82.6562334372455,53195600
2005-06-16,121.059998,121.639999,120.919998,121.400002,82.8678440504208,46564500
2005-06-17,121.540001,121.900002,121.220001,121.360001,83.1733895271499,51529400
2005-06-20,121.080002,121.839996,120.940002,121.400002,83.2008039860083,41019400
2005-06-21,121.5,121.650002,121.029999,121.470001,83.2487774043137,39879800
2005-06-22,121.68,121.940002,121.07,121.57,83.3173111527546,46310100
2005-06-23,121.32,121.599998,119.830002,119.860001,82.1453730203708,62185600
2005-06-24,119.879997,120.010002,118.839996,118.980003,81.5422713737491,58572500
2005-06-27,118.970001,119.410004,118.75,119.150002,81.6587792258397,48183800
2005-06-28,119.400002,120.239998,119.370003,120.150002,82.3441235636924,41174200
2005-06-29,120.370003,120.400002,119.760002,119.830002,82.1248133755796,42316500
2005-06-30,120.220001,120.32,118.949997,119.18,81.6793381852866,62288800
2005-07-01,119.449997,119.800003,119.209999,119.529999,81.9192080181907,49737500
2005-07-05,119.25,120.650002,119.190002,120.489998,82.577137897185,51549000
2005-07-06,120.389999,120.650002,119.410004,119.480003,81.8849435426755,52363600
2005-07-07,118.290001,119.949997,118.260002,119.949997,82.2070512694002,103268800
2005-07-08,119.970001,121.32,119.720001,121.32,83.1459750682914,64491200
2005-07-11,121.330002,122.099998,121.309998,121.940002,83.5708899284488,49688300
2005-07-12,121.989998,122.629997,121.639999,122.260002,83.7902001165617,51871100
2005-07-13,122.269997,122.519997,121.989998,122.43,83.906707283308,41182300
2005-07-14,122.980003,123.440002,122.489998,122.910004,84.2356753068546,63638800
2005-07-15,122.790001,123.040001,122.360001,122.839996,84.1876957204502,56075900
2005-07-18,122.5,122.629997,122.050003,122.349998,83.8518783655911,56598400
2005-07-19,122.709999,123.110001,122.410004,123.019997,84.3110583866081,59165700
2005-07-20,122.589996,123.730003,122.300003,123.440002,84.5989064352279,69477000
2005-07-21,123.550003,123.610001,122.470001,122.720001,84.1054578266296,101110900
2005-07-22,122.879997,123.559998,122.629997,123.540001,84.6674401836688,52607100
2005-07-25,123.410004,123.949997,122.849998,123.190002,84.4275703507647,57301600
2005-07-26,123.230003,123.529999,122.949997,123.339996,84.5303678893766,42758800
2005-07-27,123.5,123.889999,123.050003,123.790001,84.838776268132,43181600
2005-07-28,123.959999,124.639999,123.639999,124.57,85.3733441663128,47880700
2005-07-29,124.410004,124.629997,123.5,123.739998,84.8045069952063,62358100
2005-08-01,123.830002,124.040001,123.449997,123.650002,84.7428287461769,40418200
2005-08-02,123.870003,124.599998,123.739998,124.389999,85.2499815001549,45147400
2005-08-03,124.25,124.739998,124.120003,124.720001,85.476146502335,36837200
2005-08-04,124.230003,124.309998,123.57,123.720001,84.7908021644823,50855600
2005-08-05,123.449997,123.980003,122.669998,122.879997,84.2151101793087,53595500
2005-08-08,123.150002,123.410004,122.379997,122.650002,84.0574844083242,47616000
2005-08-09,123.059998,123.589996,122.870003,123.389999,84.5646371623022,47170000
2005-08-10,123.82,124.5,122.82,123.330002,84.5235185580641,72863700
2005-08-11,123.269997,124.029999,123.010002,123.82,84.8593359129232,58570200
2005-08-12,123.57,123.690002,122.75,123.059998,84.3384728454665,54776900
2005-08-15,123.220001,123.870003,122.830002,123.82,84.8593359129232,36208500
2005-08-16,123.440002,123.519997,122.089996,122.209999,83.755930843636,71942100
2005-08-17,122.190002,122.870003,122.029999,122.199997,83.7490760295688,62275100
2005-08-18,122.050003,122.559998,121.839996,122.190002,83.742226012912,53388600
2005-08-19,122.629997,122.82,122.199997,122.470001,83.9341217421664,39842100
2005-08-22,122.580002,123.230003,121.879997,122.470001,83.9341217421664,69912000
2005-08-23,122.5,122.610001,121.150002,122.239998,83.7764904884273,55168600
2005-08-24,121.940002,122.730003,121.089996,121.150002,83.0294679015452,79104600
2005-08-25,121.349998,121.669998,121.209999,121.589996,83.3310152981343,35631100
2005-08-26,121.480003,121.489998,120.68,120.760002,82.7621836097826,61956800
2005-08-29,120.410004,121.779999,120.379997,121.690002,83.3995538439856,56179200
2005-08-30,121.25,121.300003,120.389999,121.050003,82.9609341531042,74160200
2005-08-31,121.190002,122.660004,120.739998,122.580002,84.0095103046745,102945200
2005-09-01,122.519997,123.150002,121.139999,122.489998,83.9478265728904,74578700
2005-09-02,122.849998,122.879997,122.040001,122.269997,83.7970501332185,47653400
2005-09-06,122.660004,123.800003,122.650002,123.699997,84.7770925363479,57251300
2005-09-07,123.629997,124.129997,123.459999,123.910004,84.9210196447073,41749700
2005-09-08,123.660004,124.0,123.309998,123.5,84.6400257248104,39068700
2005-09-09,123.830002,124.739998,123.800003,124.599998,85.3939031257597,43093900
2005-09-12,124.449997,124.669998,124.269997,124.349998,85.2225670412965,33017600
2005-09-13,124.129997,124.419998,123.519997,123.660004,84.7496835602442,58427500
2005-09-14,123.739998,123.919998,123.019997,123.209999,84.4412751814887,57694600
2005-09-15,123.589996,123.650002,122.900002,123.150002,84.4001565772506,73156900
2005-09-16,123.300003,123.739998,122.870003,123.5,84.9975630124248,75424100
2005-09-19,123.470001,123.550003,122.639999,123.089996,84.7153821150535,53355300
2005-09-20,123.199997,123.610001,121.870003,122.050003,83.9996179810456,84480300
2005-09-21,121.790001,121.870003,120.779999,120.910004,83.2150257799395,94469100
2005-09-22,120.949997,121.660004,120.440002,121.339996,83.5109632059706,84597200
2005-09-23,121.239998,121.889999,120.900002,121.440002,83.5797912730688,59368100
2005-09-26,122.019997,122.239998,121.080002,121.580002,83.6761447857954,70415400
2005-09-27,121.519997,121.989998,121.019997,121.550003,83.6554982927362,66150800
2005-09-28,121.93,122.120003,121.199997,121.669998,83.7380835767336,58620500
2005-09-29,121.550003,122.860001,121.080002,122.660004,84.4194446890225,66607700
2005-09-30,122.620003,123.040001,121.739998,123.040001,84.6809735874195,47824200
2005-10-03,122.959999,123.339996,122.449997,122.599998,84.3781461969891,50994800
2005-10-04,122.790001,123.029999,121.160004,121.220001,83.4283779219732,60776300
2005-10-05,121.25,121.309998,119.57,119.629997,82.3340745601918,106052100
2005-10-06,119.779999,120.260002,118.169998,119.199997,82.0381316282457,140941800
2005-10-07,119.699997,120.050003,119.129997,119.610001,82.3203125256169,75661400
2005-10-10,119.68,119.709999,118.300003,118.599998,81.6251886905138,52677000
2005-10-11,118.989998,119.389999,118.32,118.43,81.5081893729673,75629800
2005-10-12,118.389999,119.129997,117.410004,117.5,80.8681267527118,100510400
2005-10-13,117.459999,118.080002,116.879997,117.43,80.8199499963485,99052900
2005-10-14,118.120003,118.809998,117.559998,118.669998,81.6733654468771,88651000
2005-10-17,118.800003,119.269997,118.449997,119.110001,81.9761928373075,68109300
2005-10-18,118.940002,118.959999,117.800003,117.82,81.0883633532298,74996900
2005-10-19,117.5,119.800003,117.120003,119.779999,82.4373118431634,116563800
2005-10-20,119.489998,119.809998,117.300003,117.669998,80.9851260702583,131966700
2005-10-21,118.290001,118.779999,117.510002,118.129997,81.3017154952636,96579500
2005-10-24,118.440002,120.089996,118.410004,119.959999,82.5611949309547,71308400
2005-10-25,119.720001,120.239998,118.940002,119.720001,82.396018857045,76594500
2005-10-26,119.510002,120.540001,119.190002,119.370003,82.1551364517072,80855800
2005-10-27,119.199997,119.370003,117.93,118.099998,81.2810690022044,66623100
2005-10-28,118.43,119.949997,118.099998,119.800003,82.4510793836533,72322000
2005-10-31,120.290001,121.300003,120.129997,120.129997,82.6781942485012,77698900
2005-11-01,120.580002,120.900002,120.220001,120.489998,82.9259611123233,66365100
2005-11-02,120.169998,121.75,120.129997,121.75,83.7931441033418,74012300
2005-11-03,122.150002,122.660004,121.75,122.269997,84.1510265144655,84897600
2005-11-04,122.400002,122.459999,121.550003,122.110001,84.040910967164,59156000
2005-11-07,122.370003,122.620003,121.849998,122.230003,84.123501068837,46765400
2005-11-08,121.93,122.419998,121.790001,122.230003,84.123501068837,42152800
2005-11-09,122.080002,122.949997,121.860001,122.389999,84.2336166161385,57666800
2005-11-10,122.339996,123.519997,121.75,123.339996,84.8874419592082,79048100
2005-11-11,123.349998,123.839996,122.43,123.760002,85.1765066268244,34867000
2005-11-14,123.790001,124.019997,123.379997,123.690002,85.1283298704611,45092200
2005-11-15,123.550003,124.089996,122.860001,123.239998,84.8186193980251,69592500
2005-11-16,123.370003,123.550003,122.980003,123.489998,84.9906792421798,51133000
2005-11-17,123.68,124.650002,123.139999,124.639999,85.7821552135308,55717500
2005-11-18,125.059998,125.279999,124.330002,125.129997,86.1193911315953,72437200
2005-11-21,125.150002,125.910004,124.980003,125.760002,86.5529853800621,50021200
2005-11-22,125.559998,126.519997,125.419998,126.300003,86.9246353316756,66438800
2005-11-23,126.25,127.410004,126.209999,127.029999,87.4270473236498,50854700
2005-11-25,126.980003,127.220001,126.809998,127.129997,87.495869884833,15270000
2005-11-28,127.25,127.269997,126.040001,126.230003,86.8764585753123,54498500
2005-11-29,126.650002,126.980003,126.089996,126.089996,86.78010024491,51738900
2005-11-30,126.160004,126.519997,125.290001,125.410004,86.3121029747242,56007200
2005-12-01,126.019997,127.029999,125.980003,126.690002,87.1930480003176,65468200
2005-12-02,126.769997,127.080002,126.5,126.849998,87.3031635476191,46699400
2005-12-05,126.699997,126.730003,126.18,126.580002,87.1173416688895,59273400
2005-12-06,127.050003,127.739998,126.629997,126.82,87.2825177427993,57935200
2005-12-07,126.769997,126.870003,125.68,126.080002,86.7732219805801,66816500
2005-12-08,126.220001,126.82,125.480003,126.0,86.7181614539718,62608600
2005-12-09,126.160004,126.779999,125.82,126.330002,86.9452818247348,50744500
2005-12-12,126.709999,126.860001,125.959999,126.449997,87.0278671087322,48389900
2005-12-13,126.419998,127.699997,126.290001,127.309998,87.6197536608637,88630900
2005-12-14,127.190002,128.089996,127.139999,127.809998,87.9638733491731,64375000
2005-12-15,127.839996,128.0,127.18,127.440002,87.7092275327817,55900300
2005-12-16,127.279999,127.360001,126.360001,126.360001,87.4281980598875,46238300
2005-12-19,126.730003,126.870003,125.690002,125.709999,86.9784631505366,48733000
2005-12-20,125.860001,126.589996,125.480003,125.830002,87.0614929540246,46603200
2005-12-21,126.220001,126.760002,125.800003,126.029999,87.1998704246562,51806900
2005-12-22,126.309998,126.690002,126.080002,126.690002,87.6565250032211,32247900
2005-12-23,126.779999,126.860001,126.419998,126.760002,87.7049578444348,27977300
2005-12-27,126.959999,127.050003,125.379997,125.470001,86.8124090787423,44499500
2005-12-28,125.739998,125.989998,125.5,125.75,87.0061397516993,30764300
2005-12-29,125.720001,125.959999,125.059998,125.190002,86.6186784057854,32788900
2005-12-30,124.800003,125.059998,124.360001,124.510002,86.1481879482811,44645600
2006-01-03,125.190002,127.0,124.389999,126.699997,87.6634405210487,73256700
2006-01-04,126.860001,127.489998,126.699997,127.300003,88.0785833114094,51899600
2006-01-05,127.150002,127.589996,126.879997,127.379997,88.133930978553,47307500
2006-01-06,128.020004,128.580002,127.360001,128.440002,88.8673460335629,62885900
2006-01-09,128.419998,129.059998,128.380005,128.770004,89.0956736687942,43527400
2006-01-10,128.389999,128.979996,128.259995,128.899994,89.185613454928,44960800
2006-01-11,129.020004,129.440002,128.729996,129.309998,89.4692942924847,49598900
2006-01-12,129.080002,129.279999,128.440002,128.800003,89.1164299088452,40509200
2006-01-13,128.570007,128.899994,128.199997,128.679993,89.033395262073,44856700
2006-01-17,128.199997,128.419998,127.809998,128.330002,88.7912372830843,52066600
2006-01-18,127.580002,128.899994,127.160004,127.82,88.4383680561606,75067600
2006-01-19,128.130005,128.770004,127.809998,128.309998,88.7773965608609,81530400
2006-01-20,128.279999,128.309998,125.970001,125.970001,87.1583579445542,114957800
2006-01-23,126.209999,126.82,126.129997,126.419998,87.4697098480918,67017400
2006-01-24,126.629997,127.150002,126.419998,126.550003,87.5596600126916,53008800
2006-01-25,127.040001,127.18,125.839996,126.660004,87.6357694550679,87747700
2006-01-26,127.25,127.669998,126.760002,127.360001,88.1200957915114,71294000
2006-01-27,127.660004,128.660004,127.449997,128.539993,88.9365295796457,65771200
2006-01-30,128.440002,128.809998,128.350006,128.440002,88.8673460335629,33709600
2006-01-31,128.320007,128.539993,127.489998,127.5,88.216960782041,72937000
2006-02-01,127.82,128.429993,127.720001,128.389999,88.8327490712885,63561000
2006-02-02,128.100006,128.139999,126.800003,126.900002,87.8018235268622,83626900
2006-02-03,126.580002,128.389999,126.139999,126.269997,87.3659244964505,86040400
2006-02-06,126.440002,126.800003,126.169998,126.599998,87.5942514397841,45511900
2006-02-07,126.379997,126.660004,125.400002,125.480003,86.819329439854,71208100
2006-02-08,125.849998,128.100006,125.599998,126.620003,87.6080928539052,59422200
2006-02-09,126.919998,127.599998,126.370003,126.410004,87.4627950221619,62023300
2006-02-10,126.43,127.129997,125.449997,126.639999,87.6219280409468,64508700
2006-02-13,126.599998,126.790001,125.949997,126.410004,87.4627950221619,52308700
2006-02-14,126.459999,128.029999,126.209999,127.75,88.389935214947,90964400
2006-02-15,127.68,128.320007,127.239998,128.199997,88.7012871184845,85471300
2006-02-16,128.339996,129.210007,128.179993,129.160004,89.3655137841275,61017900
2006-02-17,129.050003,129.160004,128.580002,128.809998,89.1233454266728,40342600
2006-02-21,129.110001,129.399994,128.289993,128.490005,88.9019429958373,46456300
2006-02-22,128.770004,129.649994,128.649994,129.270004,89.4416225346062,42326700
2006-02-23,129.270004,129.639999,128.279999,129.080002,89.3101605818022,43423200
2006-02-24,129.110001,129.479996,128.759995,129.410004,89.5384882170335,36777400
2006-02-27,129.399994,130.039993,129.279999,129.460007,89.5730851793079,35858600
2006-02-28,129.199997,129.910004,128.130005,128.229996,88.7220433585355,74394800
2006-03-01,128.600006,129.490005,128.5,129.369995,89.5108060806889,48641600
2006-03-02,128.899994,129.419998,128.610001,129.360001,89.5038912547591,60642300
2006-03-03,128.669998,130.070007,128.649994,128.759995,89.0887484643984,73402500
2006-03-06,129.139999,129.179993,127.849998,128.169998,88.6805308784335,57478400
2006-03-07,127.860001,128.059998,127.400002,127.970001,88.5421534078019,61780800
2006-03-08,127.699997,128.440002,127.18,128.240005,88.7289685629313,66692400
2006-03-09,128.279999,128.679993,127.379997,127.379997,88.133930978553,56313600
2006-03-10,127.709999,128.839996,127.440002,128.589996,88.9711265419201,60490800
2006-03-13,128.839996,129.160004,128.529999,128.830002,89.1371861488962,45479100
2006-03-14,128.710007,130.229996,128.610001,130.179993,90.0712418595088,69877300
2006-03-15,130.149994,130.860001,129.850006,130.759995,90.4725439276461,53398900
2006-03-16,131.009995,131.470001,130.839996,131.029999,90.6593590827755,65526400
2006-03-17,130.679993,130.899994,130.380005,130.619995,90.7350983598654,47286800
2006-03-20,130.639999,130.899994,130.210007,130.410004,90.5892282422032,45538500
2006-03-21,130.369995,130.990005,129.449997,129.589996,90.0196101945538,87102700
2006-03-22,129.509995,130.509995,129.449997,130.380005,90.5683894554945,51605700
2006-03-23,130.259995,130.389999,129.660004,130.110001,90.3808313446742,46704200
2006-03-24,129.990005,130.570007,129.740005,130.210007,90.4503004504307,43209200
2006-03-27,130.029999,130.279999,129.740005,130.020004,90.3183149845481,32523000
2006-03-28,129.929993,130.529999,129.050003,129.220001,89.7625933977176,82079900
2006-03-29,129.410004,130.5,129.289993,130.029999,90.3252580050872,61505700
2006-03-30,130.110001,130.979996,129.550003,129.800003,90.1654914266061,70571700
2006-03-31,130.020004,130.240005,129.369995,129.830002,90.1863302133148,62925600
2006-04-03,130.070007,130.869995,129.490005,129.729996,90.1168611075582,61624700
2006-04-04,129.729996,130.729996,129.360001,130.559998,90.6934214810974,54809300
2006-04-05,130.610001,131.279999,130.380005,131.009995,91.0060116175205,50607200
2006-04-06,130.850006,131.210007,130.190002,130.869995,90.9087607045161,57906200
2006-04-07,131.059998,131.399994,129.350006,129.539993,89.9848756416755,80180900
2006-04-10,129.740005,130.080002,129.259995,129.740005,90.1238138531886,41496500
2006-04-11,129.850006,130.059998,128.25,128.639999,89.3596953688292,72799400
2006-04-12,128.770004,129.130005,128.610001,128.880005,89.5264153875901,43033700
2006-04-13,128.589996,129.25,128.309998,128.710007,89.4083263825264,51051800
2006-04-17,128.830002,129.309998,128.020004,128.660004,89.3735918296481,64167700
2006-04-18,128.929993,130.940002,128.929993,130.699997,90.7906716994524,92531800
2006-04-19,130.75,131.070007,130.240005,130.949997,90.9643340441031,87269000
2006-04-20,131.0,131.860001,130.600006,131.130005,91.0893764894467,86005500
2006-04-21,131.690002,131.789993,130.619995,131.149994,91.1032618358756,72342600
2006-04-24,130.889999,131.070007,130.380005,130.910004,90.9365529315047,52546400
2006-04-25,131.039993,131.119995,129.919998,130.369995,90.5614360152147,84359800
2006-04-26,130.5,131.139999,130.300003,130.399994,90.5822748019234,67262400
2006-04-27,129.899994,131.630005,129.589996,131.029999,91.0199073836901,124478600
2006-04-28,130.789993,131.75,130.710007,131.470001,91.3255544995742,55854400
2006-05-01,131.470001,131.800003,130.320007,130.399994,90.5822748019234,64990300
2006-05-02,131.009995,131.460007,130.740005,131.380005,91.2630388340974,49063500
2006-05-03,131.149994,131.320007,130.449997,130.889999,90.9226564706857,60821300
2006-05-04,131.080002,131.619995,130.970001,131.360001,91.2491430679278,42921400
2006-05-05,132.050003,132.800003,131.850006,132.520004,92.0549384310553,62588200
2006-05-08,132.509995,132.770004,132.360001,132.360001,91.9437924465308,30016700
2006-05-09,132.419998,132.770004,132.309998,132.619995,92.1243971170712,29864000
2006-05-10,132.410004,132.75,131.889999,132.550003,92.0757772177641,64378200
2006-05-11,132.509995,132.550003,130.520004,130.949997,90.9643340441031,80626900
2006-05-12,130.360001,130.720001,129.190002,129.240005,89.7764891638872,91726500
2006-05-15,128.789993,129.740005,128.610001,129.5,89.957094529077,84029300
2006-05-16,129.759995,130.0,129.009995,129.309998,89.8251097578437,62137600
2006-05-17,128.669998,129.100006,126.769997,126.849998,88.1162722864806,144789500
2006-05-18,127.349998,127.75,126.110001,126.209999,87.6716973788241,87906300
2006-05-19,126.870003,127.489998,125.800003,127.099998,88.2899346311313,124309400
2006-05-22,126.279999,127.169998,125.5,126.129997,87.6161240392371,110852800
2006-05-23,127.18,127.629997,125.169998,125.169998,86.9492613304277,92006500
2006-05-24,125.68,126.889999,124.760002,126.169998,87.6439107090306,168405000
2006-05-25,126.919998,127.730003,126.43,127.730003,88.727567212898,78977900
2006-05-26,128.009995,128.380005,127.510002,128.380005,89.1790906982887,62989700
2006-05-30,127.970001,128.0,126.050003,126.099998,87.5952852525284,72419900
2006-05-31,126.620003,127.510002,126.199997,127.510002,88.574743654956,86926200
2006-06-01,127.379997,128.940002,127.269997,128.729996,89.4222117289553,73721700
2006-06-02,129.25,129.429993,128.320007,129.0,89.6097698397756,91702600
2006-06-05,128.850006,128.860001,126.769997,127.120003,88.3038310919502,86105100
2006-06-06,127.209999,127.379997,125.760002,126.809998,88.0884863113365,130498600
2006-06-07,126.910004,127.650002,125.790001,125.860001,87.4285714856118,108599400
2006-06-08,125.580002,126.5,123.870003,125.75,87.3521593593161,204957200
2006-06-09,126.360001,126.959999,125.290001,125.349998,87.0742982185762,94972200
2006-06-12,125.879997,125.93,123.82,123.989998,86.1295750636762,95815900
2006-06-13,123.739998,124.839996,122.550003,122.550003,85.1292834317349,185688800
2006-06-14,122.839996,123.629997,122.339996,123.5,85.7891982574596,163566400
2006-06-15,123.949997,126.360001,123.860001,126.120003,87.6091817133473,134057000
2006-06-16,125.290001,125.559998,124.459999,124.650002,86.9739033224842,94253500
2006-06-19,125.400002,125.480003,123.550003,123.669998,86.2901105283883,95804400
2006-06-20,124.010002,124.809998,123.720001,124.089996,86.5831619913769,65494700
2006-06-21,124.0,125.699997,123.959999,125.010002,87.2250914868943,75008200
2006-06-22,124.949997,125.059998,124.040001,124.459999,86.8413296980331,74566100
2006-06-23,124.330002,125.300003,124.029999,124.440002,86.827376893245,54107000
2006-06-26,124.540001,125.059998,124.25,124.989998,87.2111337978919,37899600
2006-06-27,125.010002,125.290001,123.769997,123.910004,86.4575734911311,69780200
2006-06-28,124.190002,124.769997,123.650002,124.75,87.0436764171083,62368100
2006-06-29,125.199997,127.349998,125.169998,127.269997,88.8019914747443,110634800
2006-06-30,127.540001,127.660004,126.959999,127.279999,88.8089703192455,54227800
2006-07-03,127.43,128.009995,127.309998,127.800003,89.1718004588174,23914000
2006-07-05,127.290001,127.449997,126.519997,127.07,88.6624445877512,69653400
2006-07-06,127.199997,127.849998,127.080002,127.440002,88.9206115966624,50100300
2006-07-07,127.190002,127.559998,126.290001,126.610001,88.3414826309721,81626500
2006-07-10,126.940002,127.43,126.410004,126.849998,88.5089393140107,60964100
2006-07-11,126.610001,127.410004,125.940002,127.410004,88.8996806451181,73640800
2006-07-12,127.150002,127.400002,125.720001,126.050003,87.9507468818239,82561300
2006-07-13,125.449997,125.68,124.0,124.0,86.520367741254,102405700
2006-07-14,124.129997,124.260002,122.830002,123.519997,86.1854480954725,103242500
2006-07-17,123.519997,124.099998,123.150002,123.339996,86.0598533155225,81159000
2006-07-18,123.709999,124.050003,122.389999,123.970001,86.4994360919647,122771000
2006-07-19,124.18,126.260002,123.720001,125.690002,87.6995580196689,133565300
2006-07-20,126.120003,126.300003,124.660004,124.830002,87.0994974046893,112259800
2006-07-21,125.150002,125.190002,123.82,123.949997,86.4854784029623,101560000
2006-07-24,124.440002,126.32,124.440002,126.209999,88.0623832750266,92884000
2006-07-25,125.980003,127.300003,125.720001,126.660004,88.3763719692637,95480700
2006-07-26,126.589996,127.449997,126.18,126.830002,88.4949872069676,84525800
2006-07-27,127.379997,127.690002,126.199997,126.709999,88.4112557255962,87257100
2006-07-28,127.040001,128.139999,126.860001,127.980003,89.2973945410225,82137000
2006-07-31,127.660004,127.959999,127.449997,127.849998,89.2066842151499,49593100
2006-08-01,127.339996,127.379997,126.599998,127.220001,88.7671070206669,65225600
2006-08-02,127.580002,128.460007,127.550003,128.080002,89.3671683333915,64770900
2006-08-03,127.339996,128.550003,127.150002,128.419998,89.6043988087992,63693800
2006-08-04,129.080002,129.429993,127.480003,128.199997,89.4508942328037,96294200
2006-08-07,127.900002,128.080002,127.400002,127.900002,89.2415742511864,45377300
2006-08-08,128.089996,128.460007,126.949997,127.410004,88.8996806451181,90901300
2006-08-09,128.179993,128.600006,126.610001,126.980003,88.5996496398833,78910600
2006-08-10,126.580002,127.5,126.279999,127.370003,88.8717701513276,69322300
2006-08-11,127.169998,127.199997,126.389999,127.010002,88.6205812891726,47482200
2006-08-14,127.629997,128.160004,126.919998,127.110001,88.6903550815416,57839000
2006-08-15,128.25,128.869995,127.900002,128.630005,89.7509301222527,68143000
2006-08-16,129.320007,129.889999,129.039993,129.699997,90.4975115845124,71737600
2006-08-17,129.580002,130.369995,129.490005,130.029999,90.7277687973781,70992800
2006-08-18,130.190002,130.690002,129.589996,130.690002,91.1882825253647,58288400
2006-08-21,130.179993,130.279999,129.800003,130.130005,90.7975474739615,42133600
2006-08-22,129.990005,130.520004,129.679993,130.119995,90.790563047501,60839900
2006-08-23,130.179993,130.440002,129.190002,129.759995,90.539374883091,66592100
2006-08-24,129.990005,130.100006,129.399994,129.649994,90.4626222462207,57983000
2006-08-25,129.639999,130.25,129.550003,129.809998,90.5742642213826,41756000
2006-08-28,129.649994,130.820007,129.639999,130.429993,91.0068625713644,52681500
2006-08-29,130.490005,130.830002,129.809998,130.580002,91.1115305862394,61817800
2006-08-30,130.869995,131.039993,130.550003,130.660004,91.1673515738203,50052200
2006-08-31,130.850006,130.990005,130.580002,130.639999,91.153393187073,37510300
2006-09-01,131.139999,131.580002,130.839996,131.419998,91.6976335122166,48794500
2006-09-05,131.509995,131.850006,131.199997,131.669998,91.8720697375014,52348300
2006-09-06,131.110001,131.160004,130.330002,130.509995,91.0626835589453,53795600
2006-09-07,130.059998,130.570007,129.350006,129.910004,90.6440428979659,86269400
2006-09-08,130.080002,130.460007,129.830002,130.279999,90.9022050226629,45096300
2006-09-11,129.860001,130.690002,129.479996,130.410004,90.9929153485355,68496600
2006-09-12,130.559998,131.839996,130.369995,131.690002,91.8860274265038,69875600
2006-09-13,131.639999,132.449997,131.520004,132.220001,92.2558315263627,62898400
2006-09-14,131.960007,132.240005,131.75,132.229996,92.2628054866495,57805400
2006-09-15,132.309998,132.389999,131.679993,131.960007,92.4786535695618,76703100
2006-09-18,131.789993,132.389999,131.649994,132.139999,92.6047934371756,64154100
2006-09-19,132.119995,132.130005,131.070007,131.809998,92.3735260338887,92089100
2006-09-20,132.25,132.770004,132.059998,132.509995,92.8640896639947,75204100
2006-09-21,132.610001,132.75,131.419998,131.869995,92.4155724228239,88932500
2006-09-22,131.669998,131.679993,131.0,131.470001,92.1352533519413,65966800
2006-09-25,131.729996,132.850006,131.050003,132.479996,92.843066119123,92299100
2006-09-26,132.5,133.600006,132.399994,133.580002,93.6139593322345,73962700
2006-09-27,133.490005,133.970001,133.270004,133.740005,93.7260907449517,82432200
2006-09-28,133.740005,133.990005,133.279999,133.690002,93.6910482330607,58597500
2006-09-29,133.800003,133.940002,133.479996,133.580002,93.6139593322345,47966600
2006-10-02,133.539993,133.830002,132.949997,133.080002,93.2635552375698,51687400
2006-10-03,132.889999,133.869995,132.649994,133.360001,93.4597808297738,73108100
2006-10-04,133.229996,135.0,133.080002,134.919998,94.5530395027031,80890500
2006-10-05,134.919998,135.410004,134.75,135.179993,94.7352461278878,60505900
2006-10-06,134.949997,135.100006,134.399994,135.009995,94.6161101373182,64983600
2006-10-09,134.850006,135.300003,134.639999,135.089996,94.6721754932727,41176800
2006-10-10,135.100006,135.449997,134.839996,135.270004,94.7983265738175,56403700
2006-10-11,134.839996,135.429993,134.300003,135.110001,94.6861951611002,104071800
2006-10-12,135.449997,136.389999,135.399994,136.279999,95.5061393409992,59158600
2006-10-13,136.160004,136.710007,136.039993,136.630005,95.7514264121136,53944000
2006-10-16,136.520004,137.050003,136.419998,136.839996,95.8985898245991,42273000
2006-10-17,136.470001,136.699997,135.669998,136.410004,95.597247909653,90500600
2006-10-18,137.039993,137.369995,136.100006,136.589996,95.7233877772668,86848600
2006-10-19,136.389999,136.880005,136.229996,136.809998,95.8775669805356,64063200
2006-10-20,136.839996,136.949997,136.330002,136.839996,95.8985898245991,48094500
2006-10-23,136.559998,137.800003,136.389999,137.470001,96.3401024879176,66219900
2006-10-24,137.279999,137.929993,137.220001,137.880005,96.6274366487754,53234900
2006-10-25,137.740005,138.410004,137.509995,138.350006,96.9568171985684,78105400
2006-10-26,138.660004,139.0,137.979996,138.779999,97.2581598143227,66843700
2006-10-27,138.610001,138.75,137.630005,137.910004,96.648460193647,80238000
2006-10-30,137.660004,138.199997,137.399994,137.809998,96.578375169865,49717800
2006-10-31,138.070007,138.259995,137.25,137.789993,96.5643555020375,71274100
2006-11-01,138.220001,138.309998,136.720001,136.860001,95.9126094924267,83005600
2006-11-02,136.509995,137.009995,136.360001,136.779999,95.8565434356639,60693100
2006-11-03,137.270004,137.389999,135.619995,136.539993,95.6883452653757,71346400
2006-11-06,136.960007,138.279999,136.949997,138.080002,96.7675961842167,63303300
2006-11-07,138.199997,138.979996,138.0,138.610001,97.139023823753,63318900
2006-11-08,138.0,139.050003,136.860001,138.910004,97.3492683829764,87517800
2006-11-09,139.009995,139.139999,137.899994,138.179993,96.8376706958759,95916300
2006-11-10,138.139999,138.339996,137.720001,138.240005,96.8797275969339,48991500
2006-11-13,138.179993,139.039993,138.070007,138.580002,97.1180002788814,59398200
2006-11-14,138.970001,139.740005,138.119995,139.619995,97.8468358901266,96704000
2006-11-15,139.570007,140.449997,139.529999,140.020004,98.127165473132,76509600
2006-11-16,140.440002,140.679993,139.490005,140.380005,98.3794571220988,76728800
2006-11-17,139.929993,140.429993,139.729996,140.419998,98.4074845440147,56353800
2006-11-20,140.300003,140.740005,139.940002,140.5,98.4635506007774,69174200
2006-11-21,140.490005,140.669998,140.289993,140.639999,98.5616630464753,51367900
2006-11-22,140.75,141.160004,140.5,140.919998,98.7578886386793,45505300
2006-11-24,140.240005,140.839996,140.199997,140.350006,98.3584335772271,30998000
2006-11-27,140.279999,140.350006,138.380005,138.419998,97.0058681653559,84545100
2006-11-28,138.240005,139.160004,138.110001,139.020004,97.4263572838027,106652900
2006-11-29,139.470001,140.529999,139.080002,140.470001,98.4425270559057,90034900
2006-11-30,140.440002,141.050003,139.759995,140.529999,98.4845741456491,83994300
2006-12-01,140.529999,140.660004,138.970001,140.220001,98.2673250085733,126080000
2006-12-04,140.25,141.550003,140.229996,141.289993,99.0171841646903,87813200
2006-12-05,141.559998,141.960007,141.259995,141.899994,99.4446778609894,73374400
2006-12-06,141.869995,142.070007,141.5,141.779999,99.3605843823108,53253200
2006-12-07,142.029999,142.300003,141.110001,141.160004,98.9260868089675,62857400
2006-12-08,141.130005,141.899994,140.779999,141.419998,99.108292733344,79625500
2006-12-11,141.419998,142.089996,141.339996,141.830002,99.3956268942018,39779400
2006-12-12,141.690002,141.869995,140.889999,141.720001,99.3185372925674,77451600
2006-12-13,142.229996,142.339996,141.559998,141.869995,99.4236543161177,55520200
2006-12-14,141.860001,143.240005,141.839996,143.119995,100.299664552779,64755200
2006-12-15,142.639999,142.889999,142.240005,142.339996,100.308530477183,70857400
2006-12-18,142.539993,142.880005,141.75,141.949997,100.033693975307,48954600
2006-12-19,141.550003,142.559998,141.190002,142.220001,100.223968706402,65023600
2006-12-20,142.279999,142.660004,142.009995,142.139999,100.167590434091,41469600
2006-12-21,142.270004,142.429993,141.320007,141.619995,99.8011380064669,48698400
2006-12-22,141.639999,141.649994,140.669998,140.75,99.1880431460983,62069100
2006-12-26,140.809998,141.610001,140.779999,141.580002,99.7729545079977,32696900
2006-12-27,141.869995,142.600006,141.830002,142.509995,100.428330606112,39727100
2006-12-28,142.410004,142.699997,141.990005,142.210007,100.216925826806,37288800
2006-12-29,142.059998,142.539993,141.429993,141.619995,99.8011380064669,45461200
2007-01-03,142.25,142.860001,140.570007,141.369995,99.6249603099374,94807600
2007-01-04,141.229996,142.050003,140.610001,141.669998,99.8363756599052,69620600
2007-01-05,141.330002,141.399994,140.380005,140.539993,99.040048948038,76645300
2007-01-08,140.820007,141.410004,140.25,141.190002,99.4981173014117,71655000
2007-01-09,141.309998,141.600006,140.399994,141.070007,99.4135555306315,75680100
2007-01-10,140.580002,141.570007,140.300003,141.539993,99.7447597341559,72428000
2007-01-11,141.580002,142.619995,141.5,142.160004,100.181688173368,54476800
2007-01-12,142.149994,143.240005,142.110001,143.240005,100.942776527086,55370600
2007-01-16,143.070007,143.440002,142.729996,142.960007,100.745458916394,44871300
2007-01-17,142.850006,143.460007,142.729996,143.020004,100.787739449429,50241400
2007-01-18,143.169998,143.259995,142.309998,142.539993,100.449470520274,68177300
2007-01-19,142.539993,143.100006,142.460007,142.820007,100.646799406338,56973000
2007-01-22,143.070007,143.100006,141.929993,142.380005,100.336725251024,60253600
2007-01-23,142.259995,143.080002,142.059998,142.800003,100.632702371772,54064400
2007-01-24,142.970001,143.979996,142.910004,143.949997,101.443115547543,55834700
2007-01-25,143.860001,143.919998,142.009995,142.259995,100.252152909582,73583800
2007-01-26,142.570007,142.649994,141.580002,142.130005,100.160547554495,67255600
2007-01-29,142.190002,142.800003,141.740005,142.050003,100.104169282184,66114600
2007-01-30,142.350006,142.860001,142.059998,142.789993,100.625648216803,70407600
2007-01-31,142.630005,144.130005,142.399994,143.75,101.302175504452,91868600
2007-02-01,144.149994,144.660004,143.910004,144.610001,101.908227485224,69312400
2007-02-02,144.729996,144.949997,144.380005,144.809998,102.049167528315,49607000
2007-02-05,144.699997,144.940002,144.339996,144.850006,102.077361597446,45705300
2007-02-06,144.970001,145.029999,144.330002,144.889999,102.105545095916,57081300
2007-02-07,145.119995,145.360001,144.570007,145.210007,102.33105818516,55669700
2007-02-08,144.779999,145.119995,144.270004,145.020004,102.197161021665,70641000
2007-02-09,145.059998,145.330002,143.389999,143.940002,101.436071963236,79084400
2007-02-12,143.940002,144.039993,143.190002,143.449997,101.090760154484,65657000
2007-02-13,143.770004,144.899994,143.759995,144.660004,101.943465138662,64081800
2007-02-14,144.800003,145.899994,144.779999,145.610001,102.612938271342,66039400
2007-02-15,145.669998,145.949997,145.429993,145.800003,102.746834730126,38715200
2007-02-16,145.440002,145.759995,145.229996,145.729996,102.697500042122,39841800
2007-02-20,145.559998,146.199997,145.0,146.039993,102.915958271687,56911800
2007-02-21,145.610001,146.070007,145.350006,145.979996,102.873677738652,63971600
2007-02-22,146.050003,146.419998,145.169998,145.869995,102.796158847468,79067400
2007-02-23,145.740005,145.789993,145.029999,145.300003,102.394479337067,71966200
2007-02-26,145.830002,145.949997,144.75,145.169998,102.302863411318,69192800
2007-02-27,143.880005,144.199997,139.0,139.5,98.3071546634508,274466500
2007-02-28,140.389999,141.979996,139.800003,140.929993,99.314886154624,177536300
2007-03-01,139.339996,141.25,138.050003,140.509995,99.018909033876,212828600
2007-03-02,140.050003,140.660004,138.660004,138.669998,97.7222433015514,162574000
2007-03-05,137.929993,139.580002,137.330002,137.350006,96.792030701562,143750400
2007-03-06,138.779999,140.119995,137.720001,139.699997,98.4480947065421,143333300
2007-03-07,139.589996,140.460007,139.399994,139.559998,98.3494359011963,115144900
2007-03-08,140.539993,141.160004,140.070007,140.740005,99.180999561791,117891600
2007-03-09,141.309998,141.419998,140.080002,140.779999,99.209183764971,107765100
2007-03-12,140.419998,141.339996,140.160004,140.990005,99.3571772583205,80366900
2007-03-13,140.179993,140.770004,138.039993,138.25,97.4262661808034,190605200
2007-03-14,138.429993,139.360001,136.75,139.279999,98.1521175857941,231853800
2007-03-15,138.970001,139.990005,138.800003,139.470001,98.2860140445781,132435900
2007-03-16,139.309998,139.630005,138.119995,138.529999,98.0120704112689,121531600
2007-03-19,139.259995,140.330002,139.149994,140.199997,99.1936192652661,96161200
2007-03-20,140.080002,141.050003,139.960007,140.970001,99.7384087463153,82147400
2007-03-21,141.100006,143.649994,140.820007,143.289993,101.379838190472,152368700
2007-03-22,143.479996,143.679993,142.789993,143.179993,101.302011526045,118942200
2007-03-23,143.279999,143.809998,143.149994,143.389999,101.450593948678,74416800
2007-03-26,143.5,143.649994,142.089996,143.199997,101.316164658728,113787500
2007-03-27,143.119995,143.160004,142.389999,142.860001,101.075612344197,99864600
2007-03-28,142.139999,142.470001,141.259995,141.820007,100.339800852887,152907900
2007-03-29,142.539993,142.610001,141.190002,141.970001,100.445923877469,139432700
2007-03-30,142.240005,142.839996,140.559998,142.0,100.467148623889,128194100
2007-04-02,142.160004,142.460007,141.479996,142.160004,100.580353874934,79416400
2007-04-03,142.970001,143.979996,142.910004,143.690002,101.66285061057,82417800
2007-04-04,143.690002,143.949997,143.160004,143.850006,101.776055861615,63995200
2007-04-05,143.669998,144.440002,143.610001,144.240005,102.05198605525,46822800
2007-04-09,144.649994,144.800003,144.149994,144.440002,102.193486958935,50967400
2007-04-10,144.330002,144.850006,144.270004,144.610001,102.313763823716,56620000
2007-04-11,144.820007,144.860001,143.539993,144.020004,101.896332018881,106365700
2007-04-12,143.740005,144.919998,143.339996,144.660004,102.349141702819,115534400
2007-04-13,144.899994,145.320007,144.360001,145.320007,102.816103811927,84287000
2007-04-16,145.830002,146.860001,145.820007,146.699997,103.792467617768,83064600
2007-04-17,146.970001,147.399994,146.649994,147.089996,104.068397811403,108424100
2007-04-18,146.600006,147.699997,146.570007,147.270004,104.195756195132,88345300
2007-04-19,146.550003,147.399994,146.360001,147.229996,104.167449929765,102947700
2007-04-20,148.220001,148.619995,147.039993,148.619995,105.150895254554,124114100
2007-04-23,148.369995,148.729996,147.970001,148.059998,104.754688903653,77270800
2007-04-24,148.229996,148.399994,147.320007,148.119995,104.797137688977,114471000
2007-04-25,148.729996,149.660004,148.020004,149.479996,105.759358974861,108418800
2007-04-26,149.490005,149.800003,149.100006,149.649994,105.879635132127,88741600
2007-04-27,149.089996,149.740005,148.839996,149.529999,105.794736853965,108191100
2007-04-30,149.639999,149.740005,148.210007,148.289993,104.917413846243,100874100
2007-05-01,148.419998,149.470001,147.669998,148.669998,105.186273133657,134342700
2007-05-02,148.899994,149.949997,148.75,149.539993,105.801807760185,87129800
2007-05-03,149.970001,150.399994,149.729996,150.350006,106.374904214117,86569700
2007-05-04,150.75,151.119995,150.220001,150.919998,106.778182178754,96409000
2007-05-07,150.880005,151.199997,150.809998,150.949997,106.799406925173,63461400
2007-05-08,150.580002,150.919998,150.130005,150.75,106.657906021488,80584000
2007-05-09,150.639999,152.820007,150.369995,151.160004,106.947990055321,102070100
2007-05-10,150.729996,151.020004,149.270004,149.580002,105.830114733068,153617800
2007-05-11,149.75,150.929993,149.720001,150.860001,106.73573339343,113408900
2007-05-14,150.860001,151.300003,149.789993,150.529999,106.502251985119,108027500
2007-05-15,150.699997,151.660004,150.190002,150.570007,106.530558250486,180673300
2007-05-16,150.800003,151.630005,150.380005,151.600006,107.25929812806,114166500
2007-05-17,151.380005,151.960007,151.110001,151.300003,107.047041466168,101132800
2007-05-18,152.009995,152.619995,151.809998,152.619995,107.98095577917,99182000
2007-05-21,152.580002,153.229996,152.5,152.539993,107.924353153648,174664600
2007-05-22,152.699997,153.160004,152.380005,152.419998,107.839454875485,82148800
2007-05-23,152.949997,153.5,152.360001,152.440002,107.853608008168,133786600
2007-05-24,152.529999,153.210007,150.740005,151.059998,106.877234297115,187593000
2007-05-25,151.5,152.020004,151.179993,151.690002,107.322971659803,83309200
2007-05-29,151.940002,152.5,151.449997,152.240005,107.712107104483,82020000
2007-05-30,151.460007,153.539993,151.339996,153.479996,108.589419499478,129013600
2007-05-31,153.669998,153.889999,153.119995,153.320007,108.47622486116,114866700
2007-06-01,153.880005,154.399994,153.509995,154.080002,109.013932823261,107771700
2007-06-04,153.539993,154.389999,153.479996,154.100006,109.028085955945,78008800
2007-06-05,153.740005,153.899994,152.860001,153.490005,108.596501018426,126917900
2007-06-06,152.860001,152.949997,151.75,151.839996,107.429094684385,164096800
2007-06-07,151.559998,152.5,149.059998,149.100006,105.490510300174,232414600
2007-06-08,149.580002,151.190002,149.089996,151.039993,106.863080456916,175886000
2007-06-11,150.929993,151.949997,150.699997,151.300003,107.047041466168,102015600
2007-06-12,150.669998,151.539993,149.550003,149.649994,105.879635132127,233898000
2007-06-13,150.5,152.070007,149.720001,151.889999,107.464472563488,193208200
2007-06-14,152.059998,153.119995,152.029999,152.860001,108.150763655738,146396500
2007-06-15,153.139999,153.660004,152.929993,153.070007,108.763192998356,154030800
2007-06-18,153.380005,153.389999,152.660004,152.889999,108.635289137704,88537500
2007-06-19,152.550003,153.380005,152.360001,153.270004,108.905299951484,110851700
2007-06-20,153.580002,153.580002,150.960007,151.139999,107.391834646015,177119700
2007-06-21,151.080002,152.110001,150.25,151.979996,107.98869067039,205262000
2007-06-22,151.520004,151.770004,149.850006,150.550003,106.972615688141,204964700
2007-06-25,150.240005,151.25,149.020004,149.830002,106.461022272443,232014400
2007-06-26,150.210007,150.460007,148.279999,148.289993,105.366775924848,198445700
2007-06-27,148.130005,150.570007,148.059998,150.399994,106.866027479659,213638000
2007-06-28,150.380005,151.410004,149.669998,150.380005,106.851824387182,157705000
2007-06-29,150.899994,151.649994,149.149994,150.429993,106.887343131828,199701800
2007-07-02,150.869995,151.919998,150.770004,151.789993,107.853684908227,103357000
2007-07-03,152.179993,152.5,151.990005,152.339996,108.244487022966,54048400
2007-07-05,152.399994,152.559998,151.630005,152.179993,108.130797623518,89279000
2007-07-06,152.380005,153.169998,151.929993,152.979996,108.699236094212,81109000
2007-07-09,153.160004,153.360001,152.619995,153.100006,108.784508650525,72348100
2007-07-10,152.289993,152.610001,150.770004,150.919998,107.235513942228,180362600
2007-07-11,150.75,152.050003,150.520004,151.990005,107.995802519537,175607600
2007-07-12,152.369995,154.75,152.339996,154.389999,109.701107273438,133882500
2007-07-13,154.570007,155.460007,154.389999,154.850006,110.027963142215,111794300
2007-07-16,154.990005,155.529999,154.580002,154.830002,110.013749391557,98378700
2007-07-17,154.929993,155.479996,154.679993,154.75,109.95690433656,126201300
2007-07-18,154.229996,154.800003,153.300003,154.470001,109.757952328435,237887400
2007-07-19,155.199997,155.529999,154.75,155.070007,110.184283846001,145212700
2007-07-20,154.889999,154.990005,152.830002,153.5,109.068722556782,245502500
2007-07-23,154.179993,154.720001,153.300003,153.970001,109.402679616524,121183900
2007-07-24,153.119995,154.279999,150.759995,151.300003,107.505524756008,256732400
2007-07-25,152.020004,152.389999,150.25,151.610001,107.725792416302,265214500
2007-07-26,150.190002,150.800003,146.389999,148.020004,105.174936476415,467592500
2007-07-27,148.210007,148.869995,145.050003,145.110001,103.107247161455,422987600
2007-07-30,145.929993,147.809998,145.289993,147.380005,104.720188115714,283017500
2007-07-31,148.330002,149.460007,145.039993,145.720001,103.540679869987,316976700
2007-08-01,145.179993,147.009995,143.949997,146.429993,104.045161436537,467670000
2007-08-02,146.759995,147.759995,145.259995,147.600006,104.8765088195,294758400
2007-08-03,147.279999,147.580002,143.199997,143.800003,102.176434077338,359398200
2007-08-06,144.210007,146.830002,142.529999,146.210007,103.888851390932,324980000
2007-08-07,145.940002,149.0,145.229996,147.770004,104.997300120459,232568700
2007-08-08,148.410004,150.589996,147.339996,149.830002,106.461022272443,274930600
2007-08-09,147.429993,148.949997,145.289993,145.389999,103.306198459034,357622100
2007-08-10,144.389999,146.5,143.119995,144.710007,102.823033255198,411018400
2007-08-13,146.5,146.889999,145.020004,145.229996,103.192509059586,181917200
2007-08-14,145.699997,146.059998,142.720001,143.009995,101.615097508155,264134500
2007-08-15,142.720001,144.460007,140.619995,141.039993,100.215321602133,323834000
2007-08-16,139.789993,142.940002,137.0,142.100006,100.968508988476,546743700
2007-08-17,145.5,145.809998,141.389999,144.710007,102.823033255198,388218100
2007-08-20,145.169998,145.470001,143.289993,144.639999,102.773289391167,187320400
2007-08-21,144.600006,145.970001,144.139999,144.929993,102.979343300803,157066400
2007-08-22,146.009995,146.800003,145.330002,146.649994,104.201482140324,173156700
2007-08-23,147.339996,147.649994,145.610001,146.520004,104.109118340681,203915300
2007-08-24,146.479996,148.330002,146.279999,148.330002,105.395204136709,128901900
2007-08-27,147.850006,148.330002,146.729996,146.949997,104.414647899107,113024300
2007-08-28,146.160004,146.25,143.460007,143.720001,102.119589022341,219790700
2007-08-29,144.369995,146.740005,143.960007,146.539993,104.123321433158,207654200
2007-08-30,145.449997,147.190002,145.309998,146.149994,103.846209428412,191817300
2007-08-31,147.649994,148.5,146.830002,147.589996,104.869396259808,185477500
2007-09-04,147.449997,149.979996,147.399994,149.080002,105.928113204576,120062000
2007-09-05,148.199997,148.360001,147.0,147.789993,105.011503212936,166261800
2007-09-06,147.949997,148.610001,147.119995,148.130005,105.253097183581,127878400
2007-09-07,146.479996,146.889999,145.259995,146.070007,103.789375031597,235447600
2007-09-10,146.520004,146.720001,144.330002,145.789993,103.590412365291,192305900
2007-09-11,146.240005,147.699997,146.130005,147.490005,104.798348112334,162081900
2007-09-12,147.289993,148.440002,146.979996,147.869995,105.068348267933,149554600
2007-09-13,148.550003,149.449997,148.199997,148.910004,105.807321903617,154079000
2007-09-14,147.960007,149.089996,147.740005,148.899994,105.800209343925,121911000
2007-09-17,148.309998,148.649994,147.630005,148.100006,105.231781531412,109870800
2007-09-18,148.830002,152.5,148.130005,152.460007,108.329760289824,263759500
2007-09-19,153.410004,154.389999,152.710007,153.360001,108.969246907992,193779900
2007-09-20,153.339996,153.429993,152.110001,152.279999,108.201856429173,175186800
2007-09-21,152.710007,153.119995,151.740005,151.970001,108.492271975888,141457500
2007-09-24,152.419998,152.820007,151.360001,151.690002,108.292379053199,139450200
2007-09-25,150.809998,151.660004,150.470001,151.389999,108.078205157987,142289900
2007-09-26,152.25,152.770004,151.389999,152.190002,108.64933197569,135547000
2007-09-27,152.910004,153.100006,152.190002,153.089996,109.291842952739,102713300
2007-09-28,152.850006,153.190002,151.979996,152.580002,108.927755255233,133372100
2007-10-01,152.600006,154.75,152.5,154.300003,110.155674022509,148162300
2007-10-02,154.610001,154.649994,153.809998,154.089996,110.005748797722,112978800
2007-10-03,153.809998,154.410004,153.009995,153.779999,109.784440127495,119055900
2007-10-04,154.110001,154.259995,153.589996,154.020004,109.95578109982,76864400
2007-10-05,155.029999,156.100006,154.630005,155.850006,111.262230223949,134579700
2007-10-08,155.389999,155.490005,154.770004,155.020004,110.669686944802,71280400
2007-10-09,155.600006,156.5,155.029999,156.479996,111.71198376723,94054300
2007-10-10,156.039993,156.440002,155.410004,156.220001,111.526371817064,101711100
2007-10-11,156.929993,157.520004,154.539993,155.470001,110.990942433327,233529100
2007-10-12,155.460007,156.350006,155.270004,156.330002,111.604902173918,124546700
2007-10-15,156.270004,156.360001,153.940002,155.009995,110.6625414612,161151900
2007-10-16,154.410004,154.520004,153.470001,153.779999,109.784440127495,166525700
2007-10-17,154.979996,155.089996,152.470001,154.25,110.119976588542,216687300
2007-10-18,153.449997,154.190002,153.080002,153.690002,109.720190743164,148367500
2007-10-19,153.089996,156.479996,149.660004,149.669998,106.850286390711,297169900
2007-10-22,148.860001,150.759995,148.660004,150.539993,107.471380906317,261989800
2007-10-23,151.460007,151.949997,150.25,151.759995,108.342347465007,180085100
2007-10-24,151.210007,151.740005,148.839996,151.479996,108.142454542318,326694200
2007-10-25,151.649994,152.289993,149.880005,151.839996,108.399460646511,237374500
2007-10-26,153.059998,153.619995,151.899994,153.619995,109.670212336674,176484000
2007-10-29,153.929993,154.440002,153.550003,154.130005,110.034311456674,106841000
2007-10-30,153.449997,153.75,152.869995,153.059998,109.270427205202,132981600
2007-10-31,153.979996,155.270004,152.839996,154.649994,110.4055346431,220954400
2007-11-01,153.289993,153.410004,150.589996,151.029999,107.821199053793,333040800
2007-11-02,151.529999,152.0,149.210007,151.199997,107.942561619628,331228200
2007-11-05,149.639999,151.160004,148.970001,150.050003,107.121574181334,226841000
2007-11-06,150.860001,152.110001,149.899994,152.070007,108.563666843822,177800500
2007-11-07,150.440002,151.130005,147.550003,147.910004,105.593816386977,306639700
2007-11-08,147.990005,148.399994,145.070007,147.160004,105.05838700324,374509900
2007-11-09,145.690002,147.539993,144.889999,145.139999,103.616293626846,277745100
2007-11-12,145.210007,146.610001,143.699997,143.699997,102.58826778226,243087800
2007-11-13,145.369995,148.309998,145.220001,148.080002,105.715178952812,191117400
2007-11-14,149.220001,149.399994,146.779999,147.669998,105.422474700746,230558800
2007-11-15,146.570007,147.490005,144.520004,145.539993,103.901851681404,263111100
2007-11-16,146.309998,146.470001,144.570007,145.789993,104.08032814265,308770600
2007-11-19,145.279999,145.360001,143.190002,143.759995,102.631100705147,267746000
2007-11-20,144.020004,145.529999,142.110001,144.639999,103.259340704355,414767500
2007-11-21,143.080002,143.910004,141.669998,141.679993,101.146175119772,259012400
2007-11-23,143.070007,144.339996,142.699997,144.130005,102.895253006849,77688400
2007-11-26,144.429993,144.880005,140.660004,140.949997,100.625026708558,214232000
2007-11-27,141.740005,143.229996,140.949997,142.570007,101.781561316488,293897900
2007-11-28,144.190002,147.470001,144.139999,147.130005,105.036970541797,258596900
2007-11-29,146.619995,147.720001,146.100006,147.179993,105.072657267176,199409900
2007-11-30,149.039993,149.869995,147.330002,148.660004,106.129245770714,222908000
2007-12-03,148.190002,148.449997,147.289993,147.679993,105.429610189667,146430400
2007-12-04,146.660004,147.539993,146.309998,146.360001,104.487260185537,136533900
2007-12-05,147.929993,149.199997,147.830002,148.809998,106.236327364026,171130000
2007-12-06,148.630005,151.210007,148.570007,150.940002,107.756949669462,154457400
2007-12-07,151.419998,151.5,150.550003,150.910004,107.735533921924,148980100
2007-12-10,151.279999,152.25,150.860001,152.080002,108.570802332742,123914300
2007-12-11,152.139999,152.889999,147.830002,147.910004,105.593816386977,250346400
2007-12-12,151.059998,151.770004,147.199997,149.369995,106.636112495499,322435600
2007-12-13,148.320007,149.389999,147.300003,149.059998,106.414803825272,237551300
2007-12-14,147.929993,149.100006,147.100006,147.169998,105.065521778255,159152900
2007-12-17,146.610001,146.869995,144.860001,145.070007,103.566325928944,177269400
2007-12-18,146.100006,146.479996,143.960007,145.880005,104.144588235569,245569300
2007-12-19,145.940002,146.889999,144.940002,145.880005,104.144588235569,198917200
2007-12-20,146.839996,146.860001,145.179993,146.800003,104.801380185141,214813800
2007-12-21,147.369995,148.419998,147.089996,148.130005,106.304446118037,146084400
2007-12-24,148.820007,149.479996,148.479996,149.229996,107.093846847415,45601400
2007-12-26,148.649994,149.679993,148.5,149.550003,107.323497598382,67093100
2007-12-27,149.020004,149.029999,147.320007,147.669998,105.974325361304,122981700
2007-12-28,148.539993,148.610001,146.899994,147.300003,105.708801077136,116398100
2007-12-31,147.100006,147.610001,146.059998,146.210007,104.926573188526,108126800
2008-01-02,146.529999,146.990005,143.880005,144.929993,104.007980231662,204935600
2008-01-03,144.910004,145.490005,144.070007,144.860001,103.957750969922,125133300
2008-01-04,143.339996,143.440002,140.910004,141.309998,101.410116527917,232330900
2008-01-07,141.809998,142.229996,140.100006,141.190002,101.324002250689,234991000
2008-01-08,142.080002,142.899994,138.440002,138.910004,99.6877778777789,326365700
2008-01-09,139.089996,140.789993,137.699997,140.369995,100.735530050557,301824900
2008-01-10,139.679993,142.800003,139.369995,141.289993,101.395760081736,335701200
2008-01-11,140.779999,141.899994,139.0,140.149994,100.577647895281,267076600
2008-01-14,141.160004,141.860001,140.399994,141.279999,101.38858795861,170365500
2008-01-15,139.789993,141.490005,137.899994,138.169998,99.1567178271563,239940100
2008-01-16,137.360001,139.119995,136.279999,136.979996,98.3027213428562,378802600
2008-01-17,137.809998,137.880005,132.929993,133.429993,95.7550869008513,397892600
2008-01-18,134.740005,135.020004,131.100006,132.059998,94.7719197183518,348561500
2008-01-22,127.209999,132.429993,126.0,130.720001,93.8102803875165,435923700
2008-01-23,127.089996,134.190002,126.839996,133.860001,96.0636790882769,511913000
2008-01-24,134.479996,135.460007,133.309998,134.990005,96.874618433963,259949300
2008-01-25,136.509995,136.759995,132.600006,133.039993,95.4752061705021,269603900
2008-01-28,133.259995,135.520004,132.059998,135.240005,97.0540291585458,217934600
2008-01-29,136.100006,136.449997,134.880005,135.910004,97.5348491827849,168968300
2008-01-30,135.580002,138.539993,134.600006,134.910004,96.8172062844535,334939200
2008-01-31,133.399994,138.539993,133.199997,137.369995,98.5826013555626,343680800
2008-02-01,137.940002,139.610001,137.520004,139.580002,100.168597184375,206843600
2008-02-04,139.210007,139.300003,137.639999,137.820007,98.9055492715265,124694300
2008-02-05,135.940002,136.25,133.669998,134.130005,96.257445541398,286882500
2008-02-06,134.580002,135.25,132.410004,133.050003,95.4823897759143,250792900
2008-02-07,131.800003,134.789993,131.729996,133.929993,96.1139083500169,297368100
2008-02-08,133.089996,134.220001,132.100006,133.070007,95.4967455044526,221643500
2008-02-11,133.100006,134.229996,132.039993,133.75,95.9847376518176,188576300
2008-02-12,134.910004,136.309998,133.979996,134.990005,96.874618433963,256654400
2008-02-13,136.009995,137.059998,135.139999,136.369995,97.8649584572312,181967800
2008-02-14,136.949997,137.0,134.789993,135.169998,97.0037891321623,215207200
2008-02-15,134.5,135.220001,133.910004,135.139999,96.9822605628553,154110300
2008-02-19,136.720001,136.889999,134.610001,135.520004,97.2549684524357,145190000
2008-02-20,133.990005,136.550003,133.759995,135.919998,97.5420213059108,220085700
2008-02-21,136.660004,137.009995,134.070007,134.789993,96.7310812425819,201051200
2008-02-22,134.970001,135.850006,132.860001,135.619995,97.3267262834827,205491000
2008-02-25,135.539993,137.649994,134.779999,137.330002,98.5539006631296,190107000
2008-02-26,136.75,138.949997,136.5,138.360001,99.293072130768,212420700
2008-02-27,137.559998,139.139999,137.410004,138.220001,99.1926021250016,168395800
2008-02-28,137.240005,137.960007,136.550003,136.869995,98.2237799063969,170831100
2008-02-29,135.600006,135.679993,132.779999,133.820007,96.0349776782011,252715200
2008-03-03,133.139999,133.809998,132.240005,133.5,95.8053269272348,189483500
2008-03-04,132.229996,133.399994,130.990005,132.990005,95.4393326373003,282513100
2008-03-05,133.419998,134.770004,132.339996,133.830002,96.0421505189699,270681400
2008-03-06,132.979996,133.220001,130.550003,131.059998,94.0542768200205,247911700
2008-03-07,129.770004,131.740005,128.580002,129.710007,93.0854653660592,326434600
2008-03-10,129.839996,129.929993,127.589996,128.0,91.8582909864124,235683600
2008-03-11,130.720001,132.720001,128.949997,132.600006,95.1594526245939,341440600
2008-03-12,132.740005,133.770004,131.160004,131.360001,94.2695718424486,229161100
2008-03-13,129.610001,132.639999,128.600006,131.649994,94.4776832594644,351504200
2008-03-14,132.770004,132.809998,127.779999,129.610001,93.0136967703687,484687800
2008-03-17,126.57,129.259995,126.07,128.300003,92.0735860088405,405311100
2008-03-18,130.619995,133.690002,129.979996,133.630005,95.8986240922323,334416600
2008-03-19,134.139999,134.649994,130.039993,130.320007,93.5232275340414,345971600
2008-03-20,130.050003,132.910004,129.259995,132.080002,95.2469663054739,245320700
2008-03-24,133.309998,135.809998,133.240005,134.720001,97.1507510722206,208977300
2008-03-25,134.860001,135.550003,133.770004,134.850006,97.2445016905356,192947200
2008-03-26,134.460007,135.089996,133.110001,133.199997,96.0546292704343,196934300
2008-03-27,134.199997,134.440002,132.360001,132.779999,95.7517557487155,225153200
2008-03-28,132.990005,133.360001,131.059998,131.509995,94.8359166635842,180896100
2008-03-31,131.289993,132.729996,131.089996,131.970001,95.1676411890147,166692100
2008-04-01,133.610001,136.839996,133.509995,136.610001,98.5136884101331,254547300
2008-04-02,137.050003,137.669998,135.979996,136.699997,98.5785873036054,210910800
2008-04-03,135.960007,137.440002,135.710007,137.039993,98.8237689137329,175884800
2008-04-04,137.119995,137.960007,136.119995,136.889999,98.715603610525,204446800
2008-04-07,137.869995,138.570007,136.740005,136.960007,98.7660885402354,154245500
2008-04-08,136.190002,136.919998,135.949997,136.820007,98.6651302189085,148937300
2008-04-09,136.610001,136.800003,134.889999,135.830002,97.9512070553001,195610600
2008-04-10,135.419998,136.669998,134.899994,136.020004,98.0882233622197,192967800
2008-04-11,134.490005,135.119995,133.009995,133.380005,96.1844385954729,222973300
2008-04-14,133.190002,133.539993,132.550003,132.929993,95.8599210519233,160522000
2008-04-15,133.580002,133.690002,132.330002,133.240005,96.083480274146,172389200
2008-04-16,134.539993,136.910004,134.520004,136.850006,98.6867634237763,189268900
2008-04-17,136.020004,137.25,135.660004,137.050003,98.8309874337077,179665700
2008-04-18,138.940002,139.559998,138.259995,138.479996,99.8621995250587,218530600
2008-04-21,138.229996,138.979996,137.850006,138.550003,99.9126837336382,118587400
2008-04-22,138.190002,138.309998,136.899994,137.940002,99.4727931838689,162166000
2008-04-23,138.089996,138.779999,137.119995,137.720001,99.3141436720816,193309000
2008-04-24,138.080002,139.740005,137.039993,138.320007,99.746826518839,229381300
2008-04-25,139.399994,139.889999,137.910004,139.600006,100.669873306982,190788100
2008-04-28,139.880005,140.25,139.380005,139.630005,100.69150651185,105610200
2008-04-29,139.389999,139.729996,138.610001,139.080002,100.294882371816,125514100
2008-04-30,139.289993,140.589996,138.259995,138.259995,99.7035500132714,208395900
2008-05-01,138.380005,141.119995,138.270004,141.119995,101.765984291805,187279500
2008-05-02,142.339996,142.369995,140.559998,141.509995,102.047225329787,181585500
2008-05-05,141.050003,141.610001,140.410004,140.830002,101.556861388402,118504500
2008-05-06,140.020004,142.199997,139.690002,142.050003,102.436641766809,179339800
2008-05-07,141.889999,142.039993,139.130005,139.520004,100.612181395391,199267300
2008-05-08,139.740005,140.320007,138.979996,139.160004,100.352574283407,178321200
2008-05-09,138.600006,139.389999,138.449997,138.899994,100.165073046778,152588200
2008-05-12,139.25,140.559998,138.729996,140.460007,101.290046573406,147865900
2008-05-13,140.800003,140.889999,139.729996,140.479996,101.304461258299,159132200
2008-05-14,141.070007,142.199997,140.460007,140.770004,101.513594978666,181910800
2008-05-15,141.039993,142.630005,140.830002,142.529999,102.782781698264,166927000
2008-05-16,142.860001,142.869995,141.610001,142.660004,102.876532316579,204236800
2008-05-19,142.809998,144.300003,142.300003,143.050003,103.15777263343,165664400
2008-05-20,142.270004,142.339996,141.0,141.889999,102.321257943627,178552100
2008-05-21,141.809998,142.119995,139.0,139.490005,100.590548190523,252724800
2008-05-22,139.429993,140.169998,139.0,139.509995,100.604963596547,170820400
2008-05-23,139.050003,139.660004,137.520004,137.639999,99.2564517604902,181376400
2008-05-27,137.800003,139.0,137.529999,138.660004,99.9920088500973,168322900
2008-05-28,139.169998,140.0,138.0,139.300003,100.453531883603,181288100
2008-05-29,139.130005,140.929993,139.080002,140.0,100.958321326845,173927200
2008-05-30,140.470001,140.740005,139.940002,140.350006,101.210721456947,117362000
2008-06-02,139.830002,139.860001,138.0,138.899994,100.165073046778,181069900
2008-06-03,139.300003,139.619995,137.229996,138.089996,99.5809584870768,271965700
2008-06-04,137.699997,139.160004,137.460007,138.020004,99.5304850954603,246637700
2008-06-05,138.580002,140.889999,138.320007,140.779999,101.520802681678,237867100
2008-06-06,139.550003,139.800003,136.220001,136.289993,98.2829207637676,384276300
2008-06-09,136.860001,137.5,135.410004,136.619995,98.520895392014,228263900
2008-06-10,135.669998,137.100006,135.350006,135.940002,98.0305314506283,260234900
2008-06-11,135.970001,136.259995,133.929993,133.940002,96.5882697173876,283890100
2008-06-12,134.600006,135.869995,133.520004,134.449997,96.9560428537097,252791800
2008-06-13,135.169998,136.520004,134.419998,136.149994,98.1819631635716,244726900
2008-06-16,135.550003,136.929993,135.460007,136.229996,98.239655075163,185832500
2008-06-17,137.070007,137.119995,135.369995,135.570007,97.7637166356331,191707700
2008-06-18,134.690002,135.520004,133.710007,134.25,96.8118188437782,265893000
2008-06-19,134.149994,135.240005,133.5,134.419998,96.9344096488419,304204900
2008-06-20,132.839996,133.089996,131.220001,131.580002,95.3689960707234,289275700
2008-06-23,132.089996,132.229996,131.320007,131.449997,95.2747686338354,165096400
2008-06-24,131.050003,132.440002,130.190002,131.190002,95.0863246320378,267300600
2008-06-25,131.720001,133.399994,131.240005,131.809998,95.5356968404975,287853900
2008-06-26,130.570007,131.419998,128.080002,128.229996,92.9409165434795,297775000
2008-06-27,128.279999,128.860001,127.040001,127.529999,92.4335597253628,303423400
2008-06-30,127.889999,128.910004,127.300003,127.980003,92.7597219768865,258842600
2008-07-01,126.519997,128.470001,125.93,128.380005,93.0496428507764,388622000
2008-07-02,128.789993,129.160004,125.949997,126.18,91.455082393173,288064600
2008-07-03,127.110001,127.110001,124.989998,126.309998,91.5493047564711,239352500
2008-07-07,126.790001,127.339996,123.919998,125.019997,90.6143138883282,372427300
2008-07-08,124.989998,127.389999,124.199997,127.239998,92.2233674179519,375973700
2008-07-09,127.5,127.739998,124.389999,124.790001,90.447613118554,336729400
2008-07-10,124.43,125.790001,123.580002,125.300003,90.8172618341245,436475700
2008-07-11,123.970001,125.900002,122.489998,123.839996,89.7590508618657,481124600
2008-07-14,125.260002,125.5,122.400002,122.720001,88.9472800978386,322720800
2008-07-15,121.800003,123.489998,120.019997,120.989998,87.6933764133765,502502500
2008-07-16,121.449997,124.57,121.099998,123.959999,89.8460288635493,371642900
2008-07-17,125.139999,126.260002,124.089996,125.199997,90.7447776292599,375490600
2008-07-18,126.169998,126.419998,125.150002,125.980003,91.3101248554223,267030100
2008-07-21,126.510002,126.800003,125.190002,126.050003,91.3608607546736,222863000
2008-07-22,125.150002,127.800003,124.849998,127.480003,92.3973226965204,296904200
2008-07-23,127.889999,129.149994,127.550003,128.169998,92.8974300794327,311698400
2008-07-24,128.339996,128.410004,125.160004,125.510002,90.9694688070797,248634500
2008-07-25,125.889999,126.489998,125.169998,125.480003,90.9477255750563,219131000
2008-07-28,125.510002,126.059998,123.419998,123.639999,89.614093324115,205201300
2008-07-29,123.980003,126.379997,123.639999,126.279999,91.5275615244477,261505600
2008-07-30,127.110001,128.600006,126.279999,128.529999,93.1583582860949,354710000
2008-07-31,127.400002,128.570007,126.629997,126.830002,91.926202907246,277402100
2008-08-01,127.120003,127.279999,125.459999,126.160004,91.4405893211526,248690900
2008-08-04,126.040001,126.139999,124.760002,124.989998,90.5925706563047,188239600
2008-08-05,126.019997,128.559998,124.970001,128.360001,93.0351439803675,251577600
2008-08-06,128.020004,129.300003,127.480003,128.929993,93.4482733615963,209555400
2008-08-07,127.959999,128.440002,126.540001,127.010002,92.0566666481778,246312500
2008-08-08,126.580002,129.929993,126.379997,129.369995,93.7671861779155,260811700
2008-08-11,129.470001,131.509995,129.229996,130.710007,94.7384249468792,249425800
2008-08-12,130.279999,130.699997,128.729996,129.350006,93.7526981794851,213200800
2008-08-13,128.789993,129.649994,127.669998,128.570007,93.1873560269126,256393200
2008-08-14,127.839996,130.279999,127.75,129.539993,93.8904004836429,239555300
2008-08-15,129.929993,130.5,129.300003,130.169998,94.3470272008969,181000800
2008-08-18,130.429993,130.479996,127.660004,128.389999,93.0568864875924,172275100
2008-08-19,127.419998,127.690002,126.529999,126.989998,92.0421677777689,194673700
2008-08-20,127.389999,127.949997,126.339996,127.580002,92.4698018277951,225498200
2008-08-21,126.75,128.440002,126.599998,127.800003,92.6292582359547,180609800
2008-08-22,128.669998,129.649994,127.800003,129.649994,93.970129050122,167715300
2008-08-25,128.800003,129.649994,126.75,127.019997,92.0639110097923,171936900
2008-08-26,127.019997,127.870003,126.580002,127.389999,92.3320879268603,159117200
2008-08-27,127.550003,128.830002,127.300003,128.630005,93.2308424909594,171032800
2008-08-28,129.279999,130.339996,129.110001,130.190002,94.3615260713058,167537100
2008-08-29,129.729996,130.139999,128.509995,128.789993,93.3468015630938,189195800
2008-09-02,130.029999,130.710007,127.519997,127.989998,92.766966338501,252364900
2008-09-03,127.879997,128.5,126.93,127.879997,92.6872377720219,251947000
2008-09-04,126.970001,127.230003,123.959999,124.029999,89.8967647628005,340042500
2008-09-05,123.290001,124.949997,122.0,124.419998,90.1794354766875,289503400
2008-09-08,128.039993,128.240005,124.419998,126.989998,92.0421677777689,364075300
2008-09-09,127.099998,127.360001,122.800003,123.220001,89.3096793782046,377326800
2008-09-10,123.889999,124.900002,122.550003,123.720001,89.6720786585707,298916600
2008-09-11,122.120003,125.739998,121.599998,125.510002,90.9694688070797,375369400
2008-09-12,124.290001,126.209999,123.830002,126.089996,91.3898476235129,297851200
2008-09-15,121.629997,125.650002,119.889999,120.089996,87.0410562591205,483607000
2008-09-16,117.199997,122.32,117.0,122.099998,88.497902815789,581744300
2008-09-17,119.639999,121.849998,116.0,116.610001,84.5187608917657,624095600
2008-09-18,118.050003,121.790001,113.800003,120.07,87.0265631871001,776114700
2008-09-19,126.699997,128.0,123.330002,124.120003,90.4627773540416,501087800
2008-09-22,124.449997,124.75,120.360001,121.309998,88.4147524544713,249966500
2008-09-23,120.849998,122.019997,118.279999,118.550003,86.4031765025817,327470400
2008-09-24,119.349998,120.0,117.790001,118.93,86.6801309271333,311818400
2008-09-25,119.400002,121.910004,118.440002,120.790001,88.035761383743,328253000
2008-09-26,118.830002,121.5,118.510002,120.849998,88.0794891884621,285917400
2008-09-29,119.139999,119.339996,110.970001,111.379997,81.17743817896,459562300
2008-09-30,113.510002,116.800003,110.529999,115.989998,84.5373598997555,328154400
2008-10-01,115.269997,116.690002,113.949997,116.059998,84.5883782228439,332783000
2008-10-02,114.949997,115.110001,111.059998,111.849998,81.5199905056722,365337800
2008-10-03,112.860001,115.449997,109.68,110.339996,80.4194509356711,461798000
2008-10-06,107.150002,107.620003,100.639999,104.720001,76.3234120690282,610637500
2008-10-07,106.839996,107.330002,99.650002,100.029999,72.9051829644414,540012100
2008-10-08,97.519997,102.18,96.809998,97.510002,71.0685255197597,725414800
2008-10-09,99.660004,100.620003,90.25,90.699997,66.1051678722828,534485200
2008-10-10,86.760002,93.940002,83.580002,88.5,64.5017370474337,871026300
2008-10-13,93.870003,101.349998,89.949997,101.349998,73.8672420424173,455584000
2008-10-14,104.699997,105.529999,97.110001,99.849998,72.7739922619524,546268300
2008-10-15,97.459999,97.800003,89.709999,90.019997,65.6095613051387,484627500
2008-10-16,91.290001,94.769997,86.540001,93.769997,68.3426857563011,708811200
2008-10-17,91.989998,98.589996,91.650002,93.209999,67.9345406292606,476649000
2008-10-20,95.349998,99.099998,94.089996,98.809998,72.0160057474966,321294200
2008-10-21,96.970001,98.639999,95.220001,95.860001,69.8659500324151,356502000
2008-10-22,93.199997,95.860001,87.529999,90.639999,66.0614393387306,516168000
2008-10-23,90.290001,92.449997,85.809998,91.690002,66.8267163715556,634666400
2008-10-24,84.059998,89.919998,84.0,87.040001,63.437641323281,545812600
2008-10-27,85.970001,89.510002,83.699997,83.949997,61.1855438601904,397288600
2008-10-28,87.339996,94.239998,84.529999,93.760002,68.3354010685973,639939500
2008-10-29,93.769997,97.169998,92.099998,93.080002,67.8397945014532,531270100
2008-10-30,95.779999,96.540001,92.900002,96.300003,70.1866380923512,414582100
2008-10-31,95.080002,98.57,94.480003,96.830002,70.5729189526156,411394000
2008-11-03,96.779999,97.690002,95.949997,97.110001,70.7769915161359,205419400
2008-11-04,99.059998,100.860001,96.709999,100.410004,73.1821432196584,346793400
2008-11-05,99.199997,100.709999,95.0,96.190002,70.1064657129506,387844100
2008-11-06,94.459999,95.440002,90.059998,90.860001,66.2217840975318,477721900
2008-11-07,91.650002,94.0,90.5,93.860001,68.4082836584618,380391000
2008-11-10,95.209999,95.529999,90.919998,92.629997,67.5118159231478,301773000
2008-11-11,90.760002,92.139999,88.650002,89.769997,65.4273530083945,418498200
2008-11-12,88.230003,88.949997,85.120003,85.82,62.5484641063363,454330600
2008-11-13,86.129997,91.730003,82.089996,91.169998,66.447720198995,753141900
2008-11-14,89.410004,92.059998,86.519997,86.620003,63.1315328424172,540352300
2008-11-17,86.379997,88.559998,85.160004,85.470001,62.2933732197277,415254900
2008-11-18,85.150002,87.220001,82.910004,87.080002,63.4667953795933,523811800
2008-11-19,85.910004,86.870003,80.919998,81.5,59.3999047385972,558327600
2008-11-20,80.129997,82.510002,75.050003,75.449997,54.9904617708889,814180400
2008-11-21,77.459999,80.900002,74.339996,79.519997,57.9568128418838,718536500
2008-11-24,81.919998,86.989998,80.360001,85.029999,61.9726851597916,523305300
2008-11-25,87.300003,87.510002,83.82,85.660004,62.4318537117528,454112400
2008-11-26,84.300003,89.190002,84.239998,88.970001,64.8442893741459,370134200
2008-11-28,88.629997,90.129997,88.480003,90.089996,65.6605788993939,118308100
2008-12-01,87.510002,87.550003,81.860001,82.110001,59.8444937114861,369927100
2008-12-02,83.470001,85.489998,82.040001,85.269997,62.1476036669996,469508400
2008-12-03,83.400002,87.830002,83.139999,87.32,63.6417138868013,519863500
2008-12-04,86.059998,88.050003,83.739998,85.300003,62.169473035608,444173800
2008-12-05,83.650002,88.419998,82.239998,87.93,64.086302130857,471905300
2008-12-08,90.339996,92.379997,88.080002,91.0,66.3238200148754,412859300
2008-12-09,90.370003,92.129997,88.980003,89.5,65.2305702344104,370790000
2008-12-10,90.32,91.360001,89.0,90.110001,65.6751592072993,396187400
2008-12-11,89.540001,91.0,87.370003,87.940002,64.0935919203932,365061000
2008-12-12,85.550003,89.07,85.199997,88.989998,64.8588638513859,415060400
2008-12-15,89.019997,89.150002,86.290001,87.75,63.9551121572012,256694200
2008-12-16,91.879997,92.019997,88.18,91.879997,66.9651910329153,377699500
2008-12-17,90.839996,92.43,90.059998,90.989998,66.3165302253392,281819800
2008-12-18,91.400002,91.669998,88.209999,89.290001,65.0775159939785,374673300
2008-12-19,89.099998,90.620003,88.089996,88.190002,64.8000790818571,301451300
2008-12-22,88.580002,88.669998,85.489998,87.059998,63.9697769285267,243759500
2008-12-23,87.529999,87.93,85.800003,86.160004,63.3084810780833,221625200
2008-12-24,86.449997,86.870003,86.0,86.660004,63.6758701109232,62061600
2008-12-26,87.239998,87.300003,86.5,87.160004,64.0432591437631,74767700
2008-12-29,87.239998,87.330002,85.599998,86.910004,63.8595646273431,127795900
2008-12-30,87.510002,89.050003,86.879997,88.970001,65.3732052383093,168256300
2008-12-31,89.080002,90.970001,88.870003,90.239998,66.3063711773884,193987200
2009-01-02,90.440002,93.440002,89.849998,92.959999,68.3049682508155,227566300
2009-01-05,92.629997,93.660004,91.889999,92.849998,68.2241419288127,240349700
2009-01-06,93.639999,94.449997,92.68,93.470001,68.6797065338684,328260900
2009-01-07,92.0,92.260002,90.199997,90.669998,66.6223257456308,280899200
2009-01-08,90.160004,91.089996,89.669998,91.040001,66.8941958342665,263834400
2009-01-09,91.160004,91.32,85.360001,89.089996,65.4613749323005,330953600
2009-01-12,88.839996,88.910004,86.410004,86.949997,63.8889506065238,277858500
2009-01-13,86.730003,87.879997,86.199997,87.110001,64.0065180361449,356432300
2009-01-14,85.540001,85.75,83.160004,84.370003,61.9932276057384,435491600
2009-01-15,84.120003,85.25,81.720001,84.400002,62.0152702129307,532647300
2009-01-16,85.860001,85.989998,83.050003,85.059998,62.5002207971671,399237200
2009-01-20,84.230003,85.059998,80.050003,80.57,59.201068751821,419855200
2009-01-21,81.940002,84.239998,80.470001,84.050003,61.7580986247208,364360700
2009-01-22,82.419998,84.040001,81.169998,82.75,60.8028849350029,427940300
2009-01-23,80.900002,83.989998,80.57,83.110001,61.0674057734257,386800600
2009-01-26,83.589996,85.360001,82.809998,83.68,61.4862285360851,317978800
2009-01-27,84.129997,85.150002,83.300003,84.529999,62.1107891571349,273789700
2009-01-28,86.400002,87.949997,86.07,87.389999,64.2122544249791,330007000
2009-01-29,86.110001,87.489998,84.470001,84.550003,62.1254876575607,294392500
2009-01-30,84.980003,85.400002,82.209999,82.830002,60.8616686498134,383383600
2009-02-02,81.57,83.18,81.309998,82.580002,60.6779741333935,288233300
2009-02-03,83.099998,84.360001,82.220001,83.739998,61.5303137504698,278385800
2009-02-04,84.300003,85.370003,83.040001,83.330002,61.2290576826533,322989300
2009-02-05,82.699997,85.290001,77.730003,84.57,62.1401810145401,417679400
2009-02-06,84.860001,87.339996,84.68,86.980003,63.9109983571626,366101700
2009-02-09,86.959999,87.739998,86.32,87.099998,63.9991680511539,240075200
2009-02-10,86.269997,87.029999,82.449997,83.110001,61.0674057734257,536212800
2009-02-11,83.449997,84.050003,82.400002,83.599998,61.4274448212746,324442500
2009-02-12,82.169998,83.82,81.050003,83.660004,61.4715359138838,469302200
2009-02-13,83.550003,84.239998,82.739998,82.760002,60.8102341852158,293998400
2009-02-17,80.160004,82.959999,79.169998,79.220001,58.2091190979313,478910100
2009-02-18,79.790001,79.940002,78.279999,79.029999,58.069509795896,362964800
2009-02-19,79.839996,80.150002,78.019997,78.18,57.4449491748463,316867500
2009-02-20,76.730003,78.339996,75.769997,77.419998,56.8865163753735,477176600
2009-02-23,78.269997,78.269997,74.589996,74.650002,54.8511840725527,379641400
2009-02-24,75.290001,77.949997,74.699997,77.480003,56.9306067332046,426260900
2009-02-25,77.139999,78.419998,75.629997,76.870003,56.4823921131399,461985800
2009-02-26,77.82,79.669998,75.529999,75.620003,55.5639195310402,363353900
2009-02-27,74.010002,75.690002,73.809998,73.93,54.3221423957071,470510900
2009-03-02,72.519997,73.919998,70.370003,70.599998,51.8753299674373,426452600
2009-03-03,71.610001,71.699997,69.639999,70.07,51.4858990621831,443761000
2009-03-04,71.230003,72.870003,70.07,71.730003,52.7056328555458,462753100
2009-03-05,70.099998,71.730003,68.169998,68.800003,50.552733123104,485549400
2009-03-06,69.400002,70.449997,67.099998,68.919998,50.6409028170952,490470000
2009-03-09,67.949997,70.0,67.730003,68.110001,50.0457347882288,379905300
2009-03-10,69.510002,72.370003,69.370003,72.169998,53.0289315305546,406227900
2009-03-11,73.0,73.75,71.830002,72.639999,53.3742779562021,356648300
2009-03-12,72.620003,75.75,71.970001,75.5,55.4757439588244,409702700
2009-03-13,76.010002,76.980003,74.730003,76.089996,55.9092600784632,337474700
2009-03-16,76.959999,77.970001,75.809998,75.860001,55.7402647972472,360644900
2009-03-17,76.07,78.360001,75.449997,78.18,57.4449491748463,356814300
2009-03-18,77.809998,80.900002,77.07,79.93,58.7308107897859,473273200
2009-03-19,80.93,81.0,78.690002,78.940002,58.003381974319,428520400
2009-03-20,78.760002,78.910004,76.529999,76.709999,56.7773511329335,371078200
2009-03-23,78.739998,82.290001,78.309998,82.220001,60.8556111039337,419933300
2009-03-24,81.239998,82.360001,80.510002,80.599998,59.6565564778555,330271000
2009-03-25,81.230003,82.699997,79.059998,81.449997,60.2856881727424,441775100
2009-03-26,82.25,83.300003,81.32,83.110001,61.5143497712137,422025200
2009-03-27,82.050003,82.529999,81.309998,81.610001,60.4041160623148,322332300
2009-03-30,79.800003,79.870003,77.959999,78.790001,58.3168766895849,324108500
2009-03-31,79.559998,81.080002,79.050003,79.519997,58.8571874672925,364238300
2009-04-01,78.529999,81.419998,78.330002,81.059998,59.9970281485845,377018300
2009-04-02,83.080002,84.610001,81.129997,83.43,61.7511988889564,476230700
2009-04-03,83.489998,84.279999,82.669998,84.260002,62.365529688192,284646300
2009-04-06,83.339996,84.279999,82.290001,83.599998,61.8770238956533,264866600
2009-04-07,82.25,82.650002,81.510002,81.650002,60.4337230347079,258947800
2009-04-08,82.059998,82.940002,81.540001,82.529999,61.0850579234612,230402800
2009-04-09,84.669998,85.82,84.330002,85.809998,63.5127682267643,269653500
2009-04-13,84.919998,86.540001,84.580002,85.830002,63.5275743035062,224847500
2009-04-14,85.029999,85.760002,84.080002,84.349998,62.4321407501027,276598800
2009-04-15,83.839996,85.419998,83.610001,85.25,63.0982824557537,250726100
2009-04-16,85.93,87.150002,84.769997,86.5,64.0234772131694,335202900
2009-04-17,86.830002,87.650002,86.139999,87.080002,64.4527690609219,262649000
2009-04-20,85.540001,87.050003,83.339996,83.43,61.7511988889564,293690100
2009-04-21,82.82,85.129997,82.75,85.059998,62.9576513723149,114090900
2009-04-22,84.290001,86.339996,84.07,84.540001,62.5727725736973,340395200
2009-04-23,84.709999,85.419998,83.629997,85.370003,63.187103372933,324903700
2009-04-24,86.029999,87.309998,85.690002,86.660004,64.1419051027418,287703000
2009-04-27,85.68,87.010002,85.540001,85.839996,63.5349714206307,289581600
2009-04-28,84.970001,86.589996,84.760002,85.57,63.3351323136521,247926300
2009-04-29,86.519997,88.360001,86.300003,87.389999,64.6822151402936,311505700
2009-04-30,88.550003,89.019997,86.919998,87.419998,64.7044190743158,301419800
2009-05-01,87.440002,88.209999,86.720001,87.889999,65.0522930432599,236110300
2009-05-04,88.550003,90.940002,88.379997,90.879997,67.2653574226868,287120000
2009-05-05,90.57,90.93,89.839996,90.57,67.0359113433151,243036300
2009-05-06,91.68,92.199997,90.610001,92.139999,68.1979552184734,291941000
2009-05-07,93.010002,93.150002,90.279999,90.860001,67.2505572671913,317728000
2009-05-08,92.029999,93.220001,91.440002,92.980003,68.81968905608,299081700
2009-05-11,91.699997,92.110001,91.040001,91.239998,67.5318142529783,247923600
2009-05-12,91.629997,91.830002,89.849998,90.970001,67.3319744058439,282431300
2009-05-13,89.739998,90.010002,88.5,88.68,65.6370168701025,269619100
2009-05-14,88.720001,90.120003,88.5,89.440002,66.1995367629229,260098700
2009-05-15,89.370003,90.0,88.150002,88.709999,65.6592208041246,271502700
2009-05-18,89.550003,91.339996,88.57,91.230003,67.524416395698,241447400
2009-05-19,91.18,91.970001,90.809998,91.120003,67.4429992570454,206102200
2009-05-20,91.949997,92.800003,90.410004,90.510002,66.9915034752707,285722200
2009-05-21,89.459999,89.800003,88.260002,89.209999,66.0292987070909,258988400
2009-05-22,89.459999,90.0,88.68,89.019997,65.8886676236521,166811900
2009-05-26,88.360001,91.559998,88.32,91.300003,67.5762273021133,236318500
2009-05-27,91.440002,91.75,89.529999,89.669998,66.3697696376641,246015800
2009-05-28,90.459999,91.339996,89.099998,90.919998,67.2949643950799,289095000
2009-05-29,91.419998,93.699997,90.68,92.529999,68.4866159827872,258641500
2009-06-01,93.669998,95.169998,93.43,94.769997,70.1445635077645,276246800
2009-06-02,94.400002,95.370003,94.230003,94.849998,70.203776712395,230874500
2009-06-03,94.040001,94.129997,92.760002,93.650002,69.3155927058991,235310500
2009-06-04,94.0,94.669998,93.300003,94.529999,69.9669275946523,210102300
2009-06-05,95.489998,95.669998,93.800003,94.550003,69.9817336713942,284257900
2009-06-08,93.839996,95.099998,93.040001,94.160004,69.6930736472363,238565100
2009-06-09,94.690002,95.139999,94.019997,94.639999,70.0483447333049,225125500
2009-06-10,95.480003,95.489998,93.190002,94.400002,69.8707095603485,296100400
2009-06-11,94.580002,96.110001,94.559998,94.82,70.1815735185286,275414200
2009-06-12,94.400002,95.139999,94.0,95.080002,70.3740155083827,184361800
2009-06-15,93.959999,94.019997,92.400002,92.900002,68.7604758514496,224190500
2009-06-16,93.230003,93.290001,91.580002,91.639999,67.8278773155071,227319000
2009-06-17,91.599998,92.330002,90.830002,91.550003,67.7612662535964,223445200
2009-06-18,91.690002,92.669998,91.25,92.220001,68.2571691632596,211725100
2009-06-19,92.580002,92.699997,91.519997,92.040001,68.507482455268,215655600
2009-06-22,91.139999,91.190002,89.25,89.279999,66.4531497027998,251913600
2009-06-23,89.470001,89.879997,88.849998,89.349998,66.5052515629941,188309800
2009-06-24,90.160004,91.080002,89.599998,90.120003,67.0783839342983,211577700
2009-06-25,89.669998,92.169998,89.57,92.080002,68.5372561164579,279411000
2009-06-26,91.769997,92.239998,91.269997,91.839996,68.3586141493184,167579000
2009-06-29,92.110001,92.82,91.599998,92.699997,68.9987326062816,168481300
2009-06-30,92.720001,93.059998,91.269997,91.949997,68.4404904150256,228888200
2009-07-01,92.339996,93.230003,92.209999,92.330002,68.7233368468766,173041100
2009-07-02,91.129997,92.360001,89.760002,89.809998,66.8476401069645,212309900
2009-07-06,88.940002,89.93,88.660004,89.800003,66.8402005993624,174499600
2009-07-07,89.709999,89.82,88.0,88.059998,65.5450749940337,197088900
2009-07-08,88.589996,88.800003,87.0,88.0,65.500417107379,248050500
2009-07-09,88.610001,88.900002,87.910004,88.169998,65.6269505154179,163777600
2009-07-10,87.699997,88.489998,87.349998,87.959999,65.4706434461891,173520300
2009-07-13,88.309998,90.169998,87.589996,90.099998,67.0634937542502,217413500
2009-07-14,90.379997,90.690002,89.730003,90.610001,67.4431006772731,181487400
2009-07-15,91.809998,93.510002,90.68,93.260002,69.4155571640341,220877900
2009-07-16,93.0,94.510002,92.82,93.110001,69.30390798146,231174500
2009-07-17,94.059998,94.32,93.540001,94.129997,70.0631143842766,138561700
2009-07-20,94.68,95.290001,94.190002,95.129997,70.8074373059513,164179400
2009-07-21,95.870003,95.900002,94.419998,95.57,71.134941624457,217718300
2009-07-22,94.959999,96.129997,94.889999,95.550003,71.1200573989923,196068100
2009-07-23,95.610001,98.080002,95.529999,97.660004,72.6905795080489,258795500
2009-07-24,97.199997,98.139999,96.690002,98.059998,72.9883042107813,154003100
2009-07-27,97.879997,98.400002,97.339996,98.349998,73.204157858067,159259400
2009-07-28,97.660004,98.370003,97.059998,97.889999,72.8617700584195,186685200
2009-07-29,97.440002,98.089996,96.980003,97.650002,72.6831347901863,194399300
2009-07-30,98.830002,99.830002,98.599998,98.669998,73.4423411930029,225575400
2009-07-31,98.650002,99.470001,98.379997,98.809998,73.5465464020374,207358000
2009-08-03,99.85,100.53,99.31,100.44,74.7597942530131,175643135
2009-08-04,99.99,100.84,99.78,100.7,74.9533182126485,176580411
2009-08-05,100.77,100.86,99.58,100.41,74.7374645653628,184659827
2009-08-06,100.87,101.02,99.42,99.89,74.350416646092,193088720
2009-08-07,100.94,102.03,100.39,101.2,75.3254796734859,220633441
2009-08-10,100.74,101.22,100.27,100.99,75.1691718599342,130710051
2009-08-11,100.54,100.61,99.46,99.73,74.231324978624,157253326
2009-08-12,99.56,101.56,99.51,100.8,75.027750504816,218768068
2009-08-13,101.26,101.61,100.26,101.57,75.6008791545055,176348696
2009-08-14,101.52,101.6,99.7,100.79,75.0203072755993,199609230
2009-08-17,98.85,98.95,98.11,98.31,73.1743864298458,237606971
2009-08-18,98.53,99.44,98.35,99.09,73.7549583087522,173394808
2009-08-19,98.31,100.3,98.21,99.96,74.4025192506092,192322758
2009-08-20,100.09,101.22,99.87,100.99,75.1691718599342,174019754
2009-08-21,101.82,103.13,101.62,102.97,76.6429312448502,224481712
2009-08-24,103.39,103.95,102.59,102.96,76.6354880156335,191086298
2009-08-25,103.37,104.26,102.94,103.16,76.7843525999684,214741611
2009-08-26,102.84,103.64,102.49,103.17,76.7917958291852,194362184
2009-08-27,103.11,103.72,101.94,103.4,76.9629901011704,195919237
2009-08-28,104.23,104.35,102.67,103.38,76.9481036427369,146968559
2009-08-31,102.37,102.58,101.79,102.46,76.2633265547961,175920166
2009-09-01,101.95,103.24,99.99,100.2,74.5811567518111,321139674
2009-09-02,99.78,100.44,99.57,99.82,74.2983140415747,171595734
2009-09-03,100.4,100.77,99.59,100.65,74.9161020665648,143353943
2009-09-04,100.85,102.09,100.55,102.06,75.9655973861262,142610925
2009-09-08,103.0,103.05,102.39,102.94,76.6206015572,132787933
2009-09-09,103.12,104.08,102.8,103.73,77.208616665323,154517727
2009-09-10,103.8,104.86,103.22,104.79,77.9975989622983,162734139
2009-09-11,104.99,105.3,104.28,104.77,77.9827125038648,152271892
2009-09-14,103.88,105.46,103.15,105.28,78.3623171939189,149475433
2009-09-15,105.45,106.11,104.76,105.72,78.6898192794558,196641230
2009-09-16,106.1,107.34,105.73,107.32,79.8807359541354,206052265
2009-09-17,107.17,108.06,106.57,107.16,79.7616442866675,229170848
2009-09-18,107.15,107.16,106.36,106.72,79.8125038719055,153772521
2009-09-21,105.89,107.0,105.66,106.45,79.6105794336989,151779803
2009-09-22,107.08,107.37,106.6,107.07,80.0742577732845,142758309
2009-09-23,107.32,108.03,105.99,106.18,79.4086549954922,225779284
2009-09-24,106.41,106.64,104.55,105.01,78.5336490965967,228505460
2009-09-25,104.78,105.36,104.09,104.45,78.1148428543903,204011044
2009-09-28,104.85,106.55,104.83,106.32,79.5133565560438,118163102
2009-09-29,106.51,107.02,105.78,106.0,79.2740387033544,133557970
2009-09-30,106.36,106.46,104.62,105.59,78.9674127045962,254033114
2009-10-01,103.0,105.73,102.95,102.97,77.0079977857019,281762734
2009-10-02,102.02,103.1,101.99,102.49,76.6490210066679,224706451
2009-10-05,102.9,104.32,102.6,104.02,77.7932594898389,149790746
2009-10-06,104.77,106.11,104.71,105.51,78.9075832414238,202430282
2009-10-07,105.27,105.91,105.07,105.8,79.1244650454236,158928504
2009-10-08,106.55,107.17,105.85,106.61,79.7302383600435,183181713
2009-10-09,106.64,107.26,106.36,107.26,80.2163527483188,134971477
2009-10-12,107.76,108.09,107.28,107.68,80.5304574299736,117910827
2009-10-13,107.39,107.71,106.76,107.46,80.3659264062497,157418511
2009-10-14,108.72,109.42,107.42,109.31,81.7494827421101,191341839
2009-10-15,108.78,109.71,108.73,109.71,82.0486300579718,173793776
2009-10-16,108.8,109.27,108.23,108.89,81.4353780604553,192006233
2009-10-19,109.07,110.13,108.73,109.79,82.1084595211442,159347056
2009-10-20,109.95,109.99,108.68,109.21,81.6746959131447,180823274
2009-10-21,109.04,110.31,108.15,108.23,80.9417849892835,225309382
2009-10-22,108.19,109.68,107.5,109.33,81.7644401079032,238188816
2009-10-23,109.69,109.76,107.63,108.08,80.8296047458354,239925670
2009-10-26,108.2,109.31,106.61,106.91,79.9545988469398,241662450
2009-10-27,107.03,107.39,106.16,106.42,79.5881433850092,252540139
2009-10-28,106.15,106.48,104.35,104.41,78.0849281228041,248531297
2009-10-29,105.19,106.86,104.94,106.65,79.7601530916297,198013284
2009-10-30,106.3,106.62,103.44,103.56,77.449240076598,325534258
2009-11-02,104.13,105.41,103.08,104.32,78.0176199767352,254151475
2009-11-03,103.74,104.8,103.54,104.65,78.2644165123211,228290890
2009-11-04,105.51,106.33,104.65,104.92,78.4663409505278,247439191
2009-11-05,105.66,106.88,105.44,106.85,79.9097267495606,179810733
2009-11-06,106.26,107.4,106.05,107.13,80.1191298706638,170909597
2009-11-09,107.95,109.63,107.87,109.57,81.9439284974202,159329968
2009-11-10,109.31,109.93,108.97,109.59,81.9588858632133,171641411
2009-11-11,110.31,110.82,109.62,110.15,82.3776921054197,169316202
2009-11-12,110.0,110.57,108.75,109.03,81.5400796210069,157056118
2009-11-13,109.31,110.09,108.75,109.62,81.981321911903,150936223
2009-11-16,110.38,111.69,110.32,111.21,83.1704324924533,210844976
2009-11-17,110.92,111.39,110.5,111.34,83.2676553701083,146909664
2009-11-18,111.26,111.43,110.57,111.27,83.2153045898325,156306393
2009-11-19,110.51,111.31,109.13,109.82,82.1308955698338,208639978
2009-11-20,109.25,109.76,109.01,109.43,81.8392269368686,134167825
2009-11-23,110.72,111.74,110.6,110.82,82.8787638594881,147903660
2009-11-24,111.0,111.2,110.01,110.99,83.0059014687293,138293830
2009-11-25,111.17,111.5,110.82,111.38,83.2975701016945,109564770
2009-11-27,108.4,110.32,108.29,109.57,81.9439284974202,126001795
2009-11-30,109.48,110.2,108.12,109.94,82.2206397645923,160662425
2009-12-01,110.92,111.66,110.73,111.3,83.2377406385222,159532424
2009-12-02,111.28,112.01,110.92,111.25,83.2003472240394,131843464
2009-12-03,111.55,112.18,110.29,110.38,82.5497018120402,167038303
2009-12-04,111.84,112.38,110.04,111.01,83.0208588345224,274875662
2009-12-07,110.91,111.53,110.49,110.84,82.8937212252812,127766350
2009-12-08,110.04,110.77,109.27,109.61,81.9738432290064,169715623
2009-12-09,109.58,110.18,109.02,110.02,82.2804692277647,154961652
2009-12-10,110.7,111.12,110.45,110.64,82.7441475673503,137957786
2009-12-11,111.11,111.36,110.61,111.11,83.0956456634878,124798122
2009-12-14,111.87,112.0,111.13,111.87,83.6640255636251,106654631
2009-12-15,111.46,111.92,111.0,111.35,83.2751340530049,120349844
2009-12-16,111.8,112.13,111.27,111.52,83.4022716622461,155069441
2009-12-17,110.72,110.93,110.08,110.18,82.4001281541094,183277623
2009-12-18,110.2,110.3,109.28,110.21,82.86394858867,172641677
2009-12-21,110.76,111.7,110.76,111.33,83.7060466053592,117939912
2009-12-22,111.57,111.97,111.43,111.73,84.0067958970339,91672192
2009-12-23,112.0,112.11,111.5,111.95,84.172208007455,111740397
2009-12-24,112.19,112.6,112.0,112.48,84.5707008189239,39677470
2009-12-28,112.9,112.99,112.32,112.72,84.7511503939287,87374107
2009-12-29,113.01,113.03,112.55,112.56,84.6308506772589,80506177
2009-12-30,112.23,112.65,112.17,112.52,84.6007757480914,72969976
2009-12-31,112.77,112.8,111.39,111.44,83.7887526605697,90153924
2010-01-04,112.37,113.39,111.51,113.33,85.2097930637326,118857369
2010-01-05,113.26,113.68,112.85,113.63,85.4353550324887,111519230
2010-01-06,113.52,113.99,113.43,113.71,85.4955048908236,116017127
2010-01-07,113.5,114.33,113.18,114.19,85.8564040408332,130502017
2010-01-08,113.89,114.62,113.66,114.57,86.1421158679242,126357911
2010-01-11,115.08,115.13,114.24,114.73,86.2624155845941,105905179
2010-01-12,113.97,114.21,113.22,113.66,85.4579112293643,166498092
2010-01-13,113.95,114.94,113.37,114.62,86.1797095293835,161730350
2010-01-14,114.49,115.14,114.42,114.93,86.4127902304314,115646960
2010-01-15,114.73,114.84,113.2,113.64,85.4428737647805,212252769
2010-01-19,113.62,115.13,113.59,115.06,86.5105337502257,138671890
2010-01-20,114.28,114.45,112.98,113.89,85.6308420720772,216330645
2010-01-21,113.92,114.27,111.56,111.7,83.9842397001583,344747028
2010-01-22,111.2,111.74,109.09,109.21,82.1120753594833,345627282
2010-01-25,110.21,110.41,109.41,109.77,82.5331243678279,186751367
2010-01-26,109.34,110.47,109.04,109.31,82.187262682402,210788669
2010-01-27,109.17,110.08,108.33,109.83,82.5782367615791,271482263
2010-01-28,110.19,110.25,107.91,108.57,81.6308764928038,315523641
2010-01-29,109.04,109.8,107.22,107.39,80.7436660823634,310523229
2010-02-01,108.15,109.07,107.5,109.06,81.9992943751053,187376305
2010-02-02,109.26,110.59,108.88,110.38,82.9917670376318,216202000
2010-02-03,109.88,110.48,109.51,109.83,82.5782367615791,172541928
2010-02-04,108.98,109.03,106.42,106.44,80.029386514636,356204273
2010-02-05,106.56,106.88,104.58,106.66,80.1947986250571,493483874
2010-02-08,106.74,107.33,105.81,105.89,79.6158562385833,223943088
2010-02-09,107.13,108.15,106.27,107.22,80.6158476334017,337698759
2010-02-10,107.05,107.6,106.11,107.01,80.4579542552725,240337447
2010-02-11,106.87,108.25,106.25,108.13,81.3000522719616,223348428
2010-02-12,106.99,108.1,106.51,108.04,81.2323836813348,304335521
2010-02-16,108.86,109.85,107.82,109.74,82.5105681709523,159025359
2010-02-17,110.27,110.41,109.74,110.26,82.9015422501294,168609976
2010-02-18,110.08,111.14,110.04,110.91,83.3902598491008,192806015
2010-02-19,110.62,111.57,110.36,111.14,83.5631906918137,215567204
2010-02-22,111.55,111.58,110.83,111.16,83.5782281563974,132148949
2010-02-23,110.86,111.2,109.52,109.81,82.5631992969954,206922860
2010-02-24,110.14,111.0,109.86,110.82,83.3225912584739,176170766
2010-02-25,109.24,110.75,108.94,110.67,83.2098102740959,259023227
2010-02-26,110.77,111.12,110.11,110.74,83.262441400139,173425228
2010-03-01,111.2,112.0,111.17,111.89,84.1270956137038,147507319
2010-03-02,112.37,112.74,112.0,112.2,84.3601763147516,160920705
2010-03-03,112.49,112.97,112.02,112.3,84.4353636376703,150552463
2010-03-04,112.45,112.8,112.03,112.64,84.6910005355938,135526954
2010-03-05,113.37,114.34,113.1,114.25,85.9015164345845,176047042
2010-03-08,114.26,114.52,114.07,114.27,85.9165538991682,114525089
2010-03-09,113.93,114.99,113.87,114.46,86.0594098127137,154378793
2010-03-10,114.51,115.28,114.41,114.97,86.4428651595989,185854165
2010-03-11,114.7,115.48,114.35,115.45,86.8037643096085,160381449
2010-03-12,115.95,115.97,115.14,115.46,86.8112830419004,161925254
2010-03-15,115.26,115.57,114.6,115.49,86.833839238776,146532076
2010-03-16,115.81,116.52,115.49,116.41,87.5255626096278,168561421
2010-03-17,116.76,117.48,116.42,117.1,88.0443551377666,177203017
2010-03-18,117.11,117.27,116.57,117.04,87.9992427440154,170817
2010-03-19,115.97,117.29,115.52,115.97,87.5559232506224,226519190
2010-03-22,115.31,116.8,115.24,116.59,88.0240156229202,184083906
2010-03-23,116.76,117.51,116.38,117.41,88.6431055346691,182625254
2010-03-24,116.97,117.43,115.58,116.84,88.2127625472339,196061714
2010-03-25,117.63,118.17,116.51,116.65,88.0693148847555,223197727
2010-03-26,116.87,117.42,116.12,116.58,88.0164657459477,205625701
2010-03-29,117.17,117.53,116.69,117.32,88.5751566419161,134431758
2010-03-30,117.46,117.83,116.91,117.4,88.6355556576965,145681592
2010-03-31,116.95,117.52,116.61,117.0,88.3335605787946,160932206
2010-04-01,117.8,118.25,117.1,117.8,88.9375507365984,161083608
2010-04-05,118.25,118.84,117.92,118.76,89.6623389259628,105621743
2010-04-06,118.42,119.25,118.29,119.04,89.8737354811941,110194919
2010-04-07,118.8,119.36,117.81,118.36,89.360343847061,184432309
2010-04-08,117.95,118.97,117.6,118.77,89.6698888029354,158495871
2010-04-09,119.02,119.6,118.8,119.55,90.258779206794,132701705
2010-04-12,119.7,120.05,119.56,119.74,90.4022268692724,110200946
2010-04-13,119.62,120.04,119.0,119.83,90.4701757620253,121901060
2010-04-14,120.27,121.19,120.08,121.19,91.4969590302916,161608989
2010-04-15,120.99,121.57,120.95,121.29,91.5724578000171,144514805
2010-04-16,120.86,121.29,118.75,119.36,90.1153315443156,366379413
2010-04-19,119.01,119.93,118.47,119.81,90.4550760080802,217625461
2010-04-20,120.56,120.98,119.87,120.88,91.2629128441427,157457380
2010-04-21,120.95,121.23,119.99,120.66,91.0968155507467,192782906
2010-04-22,119.81,121.17,119.12,121.02,91.3686111217584,239108192
2010-04-23,120.94,121.86,120.63,121.81,91.9650514025895,177262089
2010-04-26,121.85,122.12,121.23,121.35,91.6177570618524,143347665
2010-04-27,120.65,121.34,118.25,118.48,89.4509423707315,355560974
2010-04-28,119.05,119.68,118.27,119.38,90.1304312982607,300539227
2010-04-29,120.1,121.11,120.07,120.86,91.2478130901976,193598705
2010-04-30,120.88,121.01,118.78,118.81,89.7000883108256,269859816
2010-05-03,119.38,120.68,119.2,120.35,90.8627693645977,182672396
2010-05-04,119.01,119.03,116.92,117.52,88.7261541813671,360072452
2010-05-05,116.56,117.8,115.97,116.82,88.1976627932888,328745969
2010-05-06,116.260002,117.0,105.0,112.940002,85.2683120379161,647356600
2010-05-07,112.64,113.77,109.41,111.26,83.9999311965529,636806832
2010-05-10,115.81,116.65,114.91,116.16,87.6993709131007,395942202
2010-05-11,115.07,117.36,114.91,115.83,87.4502249730067,314227758
2010-05-12,116.29,117.62,116.09,117.45,88.6733050425592,235346103
2010-05-13,117.13,117.68,115.89,115.99,87.5710230045675,234328751
2010-05-14,115.12,115.33,112.87,113.89,85.9855488403327,345536506
2010-05-17,114.2,114.52,111.77,113.95,86.030848102168,325702142
2010-05-18,114.88,115.22,112.03,112.4,84.8606171714232,360122928
2010-05-19,111.77,112.77,110.36,111.76,84.3774250451803,394353890
2010-05-20,109.38,109.89,107.47,107.54,81.1913769627656,529155816
2010-05-21,105.91,109.38,105.36,109.11,82.3767076474554,500625583
2010-05-24,108.52,109.39,107.61,107.71,81.3197248712989,269079858
2010-05-25,105.11,107.87,104.38,107.82,81.4027735179969,395832912
2010-05-26,108.48,109.47,106.85,107.17,80.9120315147814,348931025
2010-05-27,109.19,110.8,108.78,110.76,83.6224373479256,300394583
2010-05-28,110.64,110.72,108.85,109.37,82.5730044487416,297534031
2010-06-01,108.35,109.95,107.37,107.53,81.1838270857931,277410545
2010-06-02,108.08,110.34,107.51,110.33,83.2977926381061,240010348
2010-06-03,110.65,111.06,109.58,110.71,83.5846879630629,226453184
2010-06-04,108.61,109.33,106.46,106.82,80.6477858207423,395563854
2010-06-07,107.2,107.61,105.41,105.49,79.6436521833936,264299273
2010-06-08,105.57,106.83,104.65,106.62,80.4967882812913,357532564
2010-06-09,107.24,108.28,105.6,106.05,80.0664452938562,267756304
2010-06-10,107.86,109.28,106.04,109.15,82.4069071553456,317694394
2010-06-11,108.19,109.75,108.12,109.68,82.8070506348906,214061156
2010-06-14,110.52,111.12,109.4,109.51,82.6787027263573,206968051
2010-06-15,110.28,112.1,110.09,112.0,84.5586220925214,237669665
2010-06-16,111.42,112.42,111.2,111.96,84.5284225846312,216095034
2010-06-17,112.28,112.33,111.05,112.14,84.664320370137,263055167
2010-06-18,111.83,112.13,111.37,111.73,84.7558852780601,173821764
2010-06-21,113.12,113.2,110.79,111.41,84.5131404173335,212852834
2010-06-22,111.41,111.9,109.41,109.57,83.1173574681557,239055412
2010-06-23,109.64,110.03,108.48,109.23,82.8594410536338,254527875
2010-06-24,108.69,108.83,107.14,107.42,81.4864154351491,268265029
2010-06-25,107.74,108.42,106.77,107.87,81.8277753955459,237712217
2010-06-28,108.03,108.32,107.14,107.53,81.5698589810239,168908508
2010-06-29,106.02,107.51,103.55,104.21,79.0513810509858,373318268
2010-06-30,103.92,104.88,102.88,103.22,78.3003891381129,283318911
2010-07-01,103.15,103.49,101.13,102.76,77.9514434008185,382651225
2010-07-02,103.11,103.42,101.62,102.2,77.526639894547,233291686
2010-07-06,103.64,104.37,101.88,102.87,78.0348869466933,255782116
2010-07-07,103.13,106.24,103.02,106.11,80.4926786615497,253429307
2010-07-08,107.0,107.28,105.91,107.16,81.2891852358088,210678561
2010-07-09,107.13,107.97,106.93,107.96,81.8960473876252,144930550
2010-07-12,107.6,108.24,107.15,108.03,81.9491478259092,130961733
2010-07-13,109.15,110.09,108.93,109.66,83.1856294602351,212543601
2010-07-14,109.31,110.08,108.86,109.65,83.1780436833374,184330050
2010-07-15,109.61,110.06,108.17,109.68,83.2008010140305,231681837
2010-07-16,109.09,109.21,106.45,106.66,80.9098963909235,282607148
2010-07-19,107.05,107.63,106.22,107.29,81.387800335479,186394545
2010-07-20,105.87,108.56,105.82,108.48,82.2905077863059,257880059
2010-07-21,109.04,109.07,106.63,107.07,81.2209132437294,264349757
2010-07-22,108.34,109.94,108.33,109.46,83.033913922281,274503131
2010-07-23,109.24,110.57,108.93,110.41,83.754562727563,221913150
2010-07-26,110.6,111.67,110.29,111.56,84.6269270707991,181974164
2010-07-27,112.17,112.29,111.11,111.55,84.6193412939014,204764961
2010-07-28,111.32,111.66,110.46,110.83,84.0731653572666,162881260
2010-07-29,111.52,111.82,109.41,110.29,83.6635334047905,220040677
2010-07-30,109.17,110.86,108.98,110.27,83.6483618509951,219883424
2010-08-02,111.99,112.94,111.54,112.76,85.5372202985237,188055426
2010-08-03,112.48,112.77,111.85,112.22,85.1275883460476,146470014
2010-08-04,112.53,113.11,112.16,112.97,85.6965216133755,157998963
2010-08-05,112.25,112.91,112.08,112.85,85.605492290603,140358072
2010-08-06,111.74,112.57,110.92,112.39,85.2565465533086,239618389
2010-08-09,112.92,113.18,112.32,112.99,85.7116931671709,120724863
2010-08-10,112.03,112.98,111.37,112.38,85.2489607764109,242692534
2010-08-11,110.65,110.69,109.12,109.3,82.9125414919177,272943363
2010-08-12,107.65,109.02,107.6,108.63,82.4042944397715,239364581
2010-08-13,108.29,108.96,108.18,108.31,82.1615495790449,158383281
2010-08-16,107.57,108.61,107.18,108.26,82.1236206945564,147556208
2010-08-17,109.19,110.39,108.88,109.59,83.1325290219512,172118257
2010-08-18,109.54,110.38,108.91,109.79,83.2842445599053,182533533
2010-08-19,109.22,109.49,107.43,107.88,81.8353611724436,265766788
2010-08-20,107.56,107.94,106.75,107.53,81.5698589810239,209556423
2010-08-23,108.04,108.57,107.07,107.12,81.258842128218,163097648
2010-08-24,105.95,106.39,104.97,105.53,80.0527036014828,280534115
2010-08-25,104.95,106.34,104.29,105.94,80.3637204542888,272169169
2010-08-26,106.44,106.58,104.88,105.23,79.8251302945517,224219048
2010-08-27,105.89,106.97,104.31,106.86,81.0616119288776,272308220
2010-08-30,106.58,106.91,105.3,105.31,79.8858165097333,166871252
2010-08-31,104.92,105.98,104.49,105.31,79.8858165097333,273616262
2010-09-01,106.73,108.61,106.66,108.46,82.2753362325105,267563260
2010-09-02,108.72,109.49,108.49,109.47,83.0414996991787,155921532
2010-09-03,110.54,110.99,109.95,110.89,84.1186800186528,212125752
2010-09-07,110.37,110.51,109.55,109.64,83.1704579064397,141821257
2010-09-08,109.86,110.85,109.81,110.41,83.754562727563,149907549
2010-09-09,111.65,111.68,110.62,110.92,84.1414373493459,146442924
2010-09-10,111.12,111.61,110.87,111.48,84.5662408556174,127752166
2010-09-13,112.58,112.95,112.13,112.72,85.5068771909329,177874202
2010-09-14,112.5,113.29,112.08,112.65,85.4537767526489,209339106
2010-09-15,112.32,113.21,111.98,113.08,85.7799651592503,168413600
2010-09-16,112.73,113.12,112.35,113.05,85.7572078285572,199774257
2010-09-17,113.04,113.15,112.18,112.49,85.7891667066272,195746043
2010-09-20,112.88,114.46,112.52,114.21,87.1009043431762,214541807
2010-09-21,114.3,114.84,113.51,113.98,86.9254975661958,268363571
2010-09-22,113.8,114.44,113.1,113.42,86.4984201961566,191154384
2010-09-23,112.49,113.67,112.18,112.5,85.796793088235,202119199
2010-09-24,113.75,114.9,113.65,114.82,87.5661136212546,209597808
2010-09-27,114.86,114.99,114.16,114.27,87.1466626328233,128567256
2010-09-28,114.42,115.04,113.18,114.67,87.451717897137,209089087
2010-09-29,114.38,114.91,114.02,114.47,87.2991902649801,179576563
2010-09-30,115.05,115.79,113.59,114.13,87.0398932903135,286947461
2010-10-01,114.99,115.12,113.93,114.61,87.4059596074899,174556419
2010-10-04,114.37,114.85,113.18,113.75,86.7500907892154,165979593
2010-10-05,114.8,116.32,114.67,116.04,88.4965321774115,229309351
2010-10-06,116.02,116.33,115.56,116.03,88.4889057958036,148514950
2010-10-07,116.5,116.53,115.19,115.89,88.3821364532939,164724633
2010-10-08,116.05,116.86,115.61,116.54,88.8778512578037,177626639
2010-10-11,116.72,116.97,116.25,116.65,88.9617414554899,102920611
2010-10-12,116.27,117.35,115.65,117.01,89.2362911933723,181748883
2010-10-13,117.66,118.55,117.38,117.92,89.930291919686,193888150
2010-10-14,117.81,118.01,116.72,117.46,89.5794783657252,217324777
2010-10-15,118.28,118.35,116.76,117.7,89.7625115243135,243526366
2010-10-18,117.74,118.67,117.31,118.28,90.2048416575684,141416390
2010-10-19,117.19,117.85,116.02,116.73,89.0227525083527,280331815
2010-10-20,116.94,118.44,116.87,117.87,89.8921600116468,199776327
2010-10-21,118.4,119.09,117.21,118.13,90.0904459334507,221423812
2010-10-22,118.31,118.53,118.0,118.35,90.2582263288233,108136870
2010-10-25,119.14,119.76,118.61,118.7,90.5251496850978,150911529
2010-10-26,118.1,118.84,117.87,118.72,90.5404024483134,158887883
2010-10-27,117.89,118.51,117.26,118.38,90.2811054736468,189872039
2010-10-28,119.06,119.11,117.83,118.4,90.2963582368625,168414804
2010-10-29,118.28,118.72,118.07,118.49,90.364995671333,144175222
2010-11-01,119.07,119.75,117.85,118.53,90.3955011977644,173851149
2010-11-02,119.42,119.75,119.1,119.47,91.1123810689017,157916916
2010-11-03,119.68,120.02,118.45,119.95,91.4784473860782,226512548
2010-11-04,121.28,122.32,119.97,122.26,93.2401415374899,214571865
2010-11-05,122.34,122.92,122.18,122.72,93.5909550914507,180591242
2010-11-08,122.34,122.69,121.94,122.49,93.4155483144703,155551735
2010-11-09,122.82,122.95,121.12,121.61,92.7444267329801,186006607
2010-11-10,121.58,122.16,120.66,122.1,93.1181194317644,220587229
2010-11-11,121.05,121.82,120.68,121.64,92.7673058778036,157659616
2010-11-12,120.82,121.35,119.65,120.2,91.6691069262742,238930528
2010-11-15,120.58,121.05,119.98,120.03,91.5394584389409,163635229
2010-11-16,119.29,119.49,117.59,118.16,90.1133250782742,299705738
2010-11-17,118.21,118.71,117.86,118.22,90.1590833679213,172013797
2010-11-18,119.36,120.39,119.35,119.96,91.486073767686,197429267
2010-11-19,119.9,120.34,119.25,120.29,91.7377443607448,156802316
2010-11-22,119.69,120.24,118.77,120.19,91.6614805446664,181349749
2010-11-23,118.77,119.02,117.99,118.45,90.3344901449017,221848973
2010-11-24,119.2,120.23,119.18,120.2,91.6691069262742,140040883
2010-11-26,119.16,119.81,118.8,118.8,90.6014135011762,76007704
2010-11-29,118.5,119.48,117.74,119.16,90.8759632390585,223441824
2010-11-30,117.98,119.17,117.81,118.49,90.364995671333,233594243
2010-12-01,120.2,121.24,120.19,121.01,92.2868438365095,220813253
2010-12-02,121.2,122.65,121.13,122.56,93.4689329857252,191000993
2010-12-03,122.14,123.03,122.11,122.89,93.720603578784,151218294
2010-12-06,122.63,123.04,122.5,122.76,93.6214606178821,102219003
2010-12-07,123.94,124.01,122.76,122.83,93.674845289137,206338935
2010-12-08,122.98,123.38,122.41,123.28,94.0180324614899,137753048
2010-12-09,123.97,124.02,123.15,123.76,94.3840987786664,123129634
2010-12-10,124.14,124.6,123.73,124.48,94.9331982544311,117451490
2010-12-13,125.05,125.2,124.52,124.56,94.9942093072938,133626673
2010-12-14,124.75,125.23,124.29,124.67,95.0780995049801,147004202
2010-12-15,124.44,124.93,123.89,124.1,94.643395753333,160353340
2010-12-16,124.18,124.91,123.75,124.82,95.1924952290977,185035200
2010-12-17,124.08,124.46,123.82,124.3,95.2937430713235,140935518
2010-12-20,124.64,124.9,123.98,124.6,95.5237360151802,118947468
2010-12-21,124.99,125.47,124.87,125.39,96.1293841006698,94848761
2010-12-22,125.48,125.82,125.41,125.78,96.4283749276836,78820816
2010-12-23,125.64,125.78,125.29,125.6,96.2903791613695,70052157
2010-12-27,125.13,125.77,125.04,125.65,96.328711318679,58062305
2010-12-28,125.9,125.95,125.5,125.83,96.466707084993,55258057
2010-12-29,125.98,126.2,125.9,125.92,96.5357049681501,57970747
2010-12-30,125.8,126.13,125.53,125.72,96.3823763389122,76592513
2010-12-31,125.53,125.87,125.33,125.75,96.4053756332979,91206861
2011-01-03,126.71,127.6,125.7,127.05,97.4020117233439,138503753
2011-01-04,127.33,127.37,126.19,126.98,97.3483467031107,137310521
2011-01-05,126.58,127.72,126.46,127.64,97.8543311795956,133860404
2011-01-06,127.69,127.83,127.01,127.39,97.6626703930482,122398841
2011-01-07,127.56,127.77,126.15,127.14,97.4710096065009,155960478
2011-01-10,126.58,127.16,126.2,126.98,97.3483467031107,122198298
2011-01-11,127.44,127.74,126.95,127.43,97.6933361188958,110183265
2011-01-12,128.21,128.72,127.46,128.58,98.5749757370135,107344690
2011-01-13,128.63,128.69,128.05,128.37,98.4139806763137,128975422
2011-01-14,128.19,129.33,128.1,129.3,99.1269588022697,117607384
2011-01-18,129.18,129.64,129.03,129.52,99.2956202944313,114227671
2011-01-19,129.41,129.54,127.91,128.25,98.321983498771,151612850
2011-01-20,127.96,128.4,127.13,128.08,98.1916541639188,175498439
2011-01-21,128.88,129.17,128.23,128.37,98.4139806763137,151372443
2011-01-24,128.29,129.25,128.26,129.1,98.9736301730319,113638998
2011-01-25,128.76,129.28,128.11,129.17,99.0272951932651,167374610
2011-01-26,129.49,130.05,129.23,129.67,99.4106167663597,141125437
2011-01-27,129.7,130.21,129.47,129.99,99.6559425731403,123202443
2011-01-28,130.14,130.35,127.51,127.72,97.9156626312907,295509227
2011-01-31,128.07,128.78,127.75,128.68,98.6516400516324,149095725
2011-02-01,129.46,130.97,129.38,130.74,100.230924932782,166897171
2011-02-02,130.4,130.84,130.33,130.49,100.039264146235,117643828
2011-02-03,130.26,130.98,129.57,130.78,100.26159065863,145711629
2011-02-04,130.83,131.2,130.23,131.15,100.54524862272,134578637
2011-02-07,131.44,132.4,131.43,131.97,101.173896002595,112329113
2011-02-08,132.09,132.64,131.73,132.57,101.633881890309,98856742
2011-02-09,132.21,132.63,131.61,132.27,101.403888946452,146290644
2011-02-10,131.6,132.47,131.3,132.32,101.442221103761,162504516
2011-02-11,131.8,133.28,131.77,133.11,102.047869189251,137665186
2011-02-14,133.03,133.54,132.88,133.43,102.293194996031,101523079
2011-02-15,133.02,133.22,132.32,133.01,101.971204874632,119454089
2011-02-16,133.46,134.01,133.19,133.85,102.615185117431,130028894
2011-02-17,133.46,134.43,133.34,134.25,102.921842375906,109756912
2011-02-18,134.37,134.69,134.06,134.53,103.136502456839,129820539
2011-02-22,133.12,134.56,131.47,131.83,101.066565962129,232802702
2011-02-23,131.75,132.07,130.21,131.02,100.445585013715,227027906
2011-02-24,130.88,131.44,129.7,130.93,100.376587130558,260113340
2011-02-25,131.48,132.41,131.4,132.33,101.449887535223,141487875
2011-02-28,132.82,133.32,132.38,133.15,102.078534915098,141371239
2011-03-01,133.57,133.69,130.89,130.93,100.376587130558,257661260
2011-03-02,130.75,131.82,130.35,131.21,100.591247211491,200065225
2011-03-03,132.4,133.62,132.39,133.47,102.323860721879,175901528
2011-03-04,133.37,133.63,131.6,132.47,101.55721757569,276985954
2011-03-07,132.86,133.16,130.74,131.43,100.759908703653,216563517
2011-03-08,131.64,133.0,131.07,132.58,101.64154832177,174429069
2011-03-09,132.32,132.8,131.6,132.39,101.495886123994,153739992
2011-03-10,131.0,131.18,129.81,129.94,99.6176104158308,301173723
2011-03-11,129.52,131.31,129.49,130.84,100.307589247401,225387232
2011-03-14,129.99,130.48,129.06,130.05,99.7019411619116,234935586
2011-03-15,126.59,129.33,126.5,128.56,98.5596428740897,357936092
2011-03-16,128.15,128.57,125.28,126.18,96.7350321861593,465885431
2011-03-17,128.0,128.39,127.1,127.85,98.0153262402953,253963153
2011-03-18,128.84,128.88,127.51,127.76,98.3705273427877,229674841
2011-03-21,129.35,130.01,129.2,129.74,99.8950549268416,153783793
2011-03-22,129.72,129.89,129.17,129.29,99.5485713850111,129568159
2011-03-23,128.93,130.0,128.32,129.66,99.8334578527384,148209381
2011-03-24,130.4,131.09,129.67,130.9,100.788212501338,158313879
2011-03-25,131.24,131.87,130.89,131.3,101.096197871854,155632745
2011-03-28,131.58,131.92,130.94,130.98,100.849809575441,108870796
2011-03-29,130.87,131.9,130.44,131.86,101.527377390576,129251966
2011-03-30,132.55,133.16,132.36,132.77,102.2280441085,135649246
2011-03-31,132.6,132.96,132.45,132.59,102.089450691768,132554158
2011-04-01,133.41,133.77,132.83,133.15,102.52063021049,153904534
2011-04-04,133.43,133.67,132.88,133.26,102.605326187382,100648849
2011-04-05,133.0,133.83,132.94,133.24,102.589926918856,120779754
2011-04-06,133.88,134.0,133.12,133.66,102.913311557898,120226603
2011-04-07,133.42,133.98,132.66,133.32,102.651523992959,170837414
2011-04-08,133.91,133.99,132.31,132.86,102.297340816866,147820026
2011-04-11,133.0,133.45,132.14,132.46,101.98935544635,121335593
2011-04-12,131.72,131.98,130.99,131.47,101.227091654323,161227043
2011-04-13,132.08,132.18,130.96,131.46,101.21939202006,161934295
2011-04-14,130.7,131.76,130.27,131.56,101.296388362689,161111305
2011-04-15,131.8,132.37,131.41,132.04,101.665970807308,170005215
2011-04-18,130.59,132.03,129.51,130.56,100.526424936399,210528629
2011-04-19,130.76,131.35,130.44,131.31,101.103897506117,124172780
2011-04-20,132.88,133.39,132.79,133.1,102.482132039175,155698544
2011-04-21,133.79,133.84,133.1,133.78,103.005707169052,136137430
2011-04-25,133.68,133.86,133.2,133.64,102.897912289372,65448313
2011-04-26,134.05,135.06,133.91,134.79,103.783370229605,146642787
2011-04-27,135.05,135.87,134.5,135.67,104.46093804474,143070032
2011-04-28,135.43,136.29,135.41,136.11,104.799721952308,124737256
2011-04-29,136.16,136.57,135.98,136.43,105.04611024872,114976790
2011-05-02,137.07,137.18,135.95,136.22,104.8844179292,126171453
2011-05-03,135.96,136.19,135.04,135.73,104.507135850318,138157240
2011-05-04,135.67,135.73,134.23,134.83,103.814168766657,182561092
2011-05-05,134.08,134.95,133.02,133.61,102.874813386583,226749811
2011-05-06,134.94,135.63,133.68,134.2,103.329091808094,222802766
2011-05-09,134.19,135.11,133.98,134.72,103.729472789765,113906571
2011-05-10,135.17,136.11,135.0,135.87,104.614930729998,114747161
2011-05-11,135.67,135.69,133.82,134.44,103.513883030404,193519181
2011-05-12,134.08,135.36,133.39,135.08,104.006659623229,171028329
2011-05-13,135.15,135.34,133.56,134.04,103.205897659888,157390444
2011-05-16,133.56,134.61,132.97,133.19,102.551428747541,141591409
2011-05-17,132.69,133.35,132.12,133.17,102.536029479016,192833580
2011-05-18,133.24,134.5,132.95,134.36,103.452285956301,135025396
2011-05-19,134.8,135.03,133.94,134.68,103.698674252713,118664220
2011-05-20,134.33,134.68,133.36,133.61,102.874813386583,182444085
2011-05-23,131.98,132.72,131.59,132.06,101.681370075834,168356335
2011-05-24,132.44,132.73,131.7,131.95,101.596674098942,147060899
2011-05-25,131.42,132.94,131.38,132.39,101.93545800651,150896607
2011-05-26,132.03,133.24,131.78,133.0,102.405135696546,164894518
2011-05-27,133.37,133.87,132.96,133.51,102.797817043954,120803429
2011-05-31,134.77,134.92,133.84,134.9,103.868066206497,164348891
2011-06-01,134.51,134.92,131.76,131.87,101.535077024839,232456164
2011-06-02,131.96,132.24,130.96,131.73,101.427282145158,200320487
2011-06-03,130.15,131.42,130.08,130.42,100.418630056719,234455975
2011-06-06,130.09,130.36,128.87,129.04,99.3560805284387,179258735
2011-06-07,129.7,130.07,128.85,128.96,99.2944834543355,161485789
2011-06-08,128.76,129.19,128.18,128.42,98.878703204139,197987250
2011-06-09,128.77,129.93,128.46,129.4,99.633267361903,160674400
2011-06-10,128.85,128.93,127.26,127.6,98.2473331945813,238411677
2011-06-13,127.89,128.24,127.05,127.7,98.3243295372103,184488103
2011-06-14,128.87,129.77,128.82,129.32,99.5716702877998,160125927
2011-06-15,128.24,129.3,126.68,127.02,97.8007544073332,300377189
2011-06-16,127.06,127.97,126.32,127.3,98.0163441666944,307721462
2011-06-17,127.93,127.94,126.62,127.05,98.3070977557299,233230974
2011-06-20,126.62,127.97,126.58,127.7,98.8100463078057,159305551
2011-06-21,128.36,129.7,127.75,129.45,100.164138563394,191713605
2011-06-22,129.05,129.81,128.59,128.67,99.5606003009034,176121450
2011-06-23,127.16,128.64,126.19,128.3,99.2743065097218,333657698
2011-06-24,128.27,128.37,126.62,126.81,98.1213936749635,225810845
2011-06-27,126.89,128.43,126.64,127.94,98.9957503885721,166315651
2011-06-28,128.45,129.63,128.27,129.61,100.287941283905,165190188
2011-06-29,130.2,130.93,129.63,130.72,101.14682265745,243880784
2011-06-30,131.14,132.18,130.71,131.97,102.114031411442,222967799
2011-07-01,132.09,134.1,131.78,133.92,103.622877067669,201950626
2011-07-05,133.78,134.08,133.39,133.81,103.537762697318,165927160
2011-07-06,133.49,134.14,133.11,133.97,103.661565417829,143126404
2011-07-07,135.16,135.7,134.88,135.36,104.737101552268,169953719
2011-07-08,133.83,135.36,133.39,134.4,103.994285229202,193857426
2011-07-11,132.75,133.18,131.66,131.97,102.114031411442,195046000
2011-07-12,131.69,132.78,131.36,131.4,101.672984219622,213911524
2011-07-13,132.09,133.22,131.52,131.84,102.013441701027,201984740
2011-07-14,132.17,132.78,130.68,130.93,101.309313728121,225402428
2011-07-15,131.66,131.87,130.77,131.69,101.897376650548,218322032
2011-07-18,131.08,131.28,129.63,130.61,101.061708287099,196456431
2011-07-19,131.34,132.89,131.31,132.73,102.702094333869,165885446
2011-07-20,133.07,133.15,132.42,132.65,102.640192973613,135775669
2011-07-21,133.4,134.82,132.67,134.49,104.063924259489,248433811
2011-07-22,134.52,134.72,133.76,134.58,104.133563289777,125209573
2011-07-25,133.3,134.49,133.16,133.83,103.553238037382,136138062
2011-07-26,133.74,133.96,133.03,133.33,103.166354535785,130989724
2011-07-27,132.59,132.63,130.43,130.6,101.053970617067,247869769
2011-07-28,130.6,131.77,130.01,130.22,100.759939155853,207393093
2011-07-29,128.91,130.55,127.97,129.33,100.071286523011,306535688
2011-08-01,130.84,130.96,127.53,128.78,99.6457146712547,324694811
2011-08-02,127.81,128.5,125.49,125.49,97.1000212307481,345325261
2011-08-03,125.66,126.31,123.53,126.17,97.6261827929197,370546778
2011-08-04,124.42,124.62,120.06,120.26,93.0532198040463,519400868
2011-08-05,121.76,122.07,116.86,120.08,92.9139417434715,654932879
2011-08-08,116.91,120.12,112.02,112.26,86.8630837784986,699984484
2011-08-09,114.07,117.64,110.27,117.48,90.9021475351685,709504454
2011-08-10,115.26,116.28,111.95,112.29,86.8862967885944,659583629
2011-08-11,113.26,118.92,112.32,117.33,90.7860824846894,487137245
2011-08-12,118.4,119.21,117.28,118.12,91.3973584172123,313614670
2011-08-15,119.19,120.74,119.0,120.62,93.331775925196,258305402
2011-08-16,119.47,120.69,118.31,119.59,92.5347959119067,293453756
2011-08-17,120.25,121.2,118.72,119.67,92.5966972721622,237781164
2011-08-18,116.5,119.71,113.39,114.51,88.6040595356839,512113802
2011-08-19,112.96,115.88,112.5,112.64,87.1571152397121,430047209
2011-08-22,115.17,115.23,112.41,112.73,87.2267542699995,274705984
2011-08-23,113.15,116.57,112.58,116.44,90.0974298518473,328960993
2011-08-24,116.19,118.24,115.92,118.08,91.3664077370846,244763498
2011-08-25,118.73,119.4,115.87,116.28,89.9736271313363,311782517
2011-08-26,115.69,118.51,113.85,117.97,91.2812933667333,314269489
2011-08-29,119.56,121.43,118.06,121.36,93.9043635075591,190438148
2011-08-30,120.83,122.43,119.26,121.68,94.151968948581,240892012
2011-08-31,122.46,123.51,121.3,122.22,94.5698031303055,301480767
2011-09-01,122.29,123.4,120.78,120.94,93.5793813662179,254226774
2011-09-02,118.42,120.87,117.43,117.85,91.18844132635,255119283
2011-09-06,114.39,117.16,114.38,116.99,90.5230017036037,284897438
2011-09-07,118.76,120.34,118.36,120.29,93.0764328141421,209475736
2011-09-08,119.57,120.94,118.77,119.04,92.1092240601503,249532924
2011-09-09,117.68,119.06,115.28,115.92,89.6950710101867,379839727
2011-09-12,114.47,116.76,114.05,116.67,90.2753962625818,304103460
2011-09-13,117.05,118.18,116.22,117.74,91.1033269559988,272091085
2011-09-14,118.34,120.8,116.72,119.37,92.3645671712041,317698271
2011-09-15,120.65,121.47,119.4,121.43,93.9585271977827,326067873
2011-09-16,121.29,121.97,120.32,121.52,94.5117353677167,283874681
2011-09-19,119.53,120.93,118.72,120.31,93.5706622950131,239823961
2011-09-20,120.82,121.99,120.01,120.17,93.4617778072623,218316019
2011-09-21,120.23,120.6,116.44,116.63,90.7085557598485,315614847
2011-09-22,113.25,114.21,111.3,112.86,87.776452053987,512946022
2011-09-23,112.11,114.16,112.02,113.54,88.3053195659196,306183274
2011-09-26,114.61,116.4,112.98,116.24,90.4052346868284,260314367
2011-09-27,118.53,119.56,116.84,117.54,91.4163049302289,311231680
2011-09-28,117.78,118.49,114.97,115.14,89.5497137116433,286147551
2011-09-29,117.05,117.63,113.93,116.05,90.2574628820237,297687450
2011-09-30,114.45,115.45,113.07,113.15,88.0019984928994,288287488
2011-10-03,112.49,113.95,109.81,109.93,85.4976552746305,364341597
2011-10-04,108.35,112.58,107.43,112.34,87.3720239566268,458235197
2011-10-05,112.62,114.72,111.58,114.42,88.9897363460676,283515241
2011-10-06,114.36,116.66,113.51,116.49,90.5996712720977,257354587
2011-10-07,117.17,117.25,115.06,115.71,89.9930291260574,312140434
2011-10-10,117.68,119.63,117.67,119.58,93.0029074660266,230112993
2011-10-11,118.87,120.04,118.75,119.7,93.0962370269559,208801747
2011-10-12,120.6,122.14,120.33,120.75,93.9128706850871,281302289
2011-10-13,120.04,120.87,119.12,120.51,93.7262115632286,211963751
2011-10-14,121.91,122.6,121.23,122.57,95.3283690258478,211138668
2011-10-17,121.99,122.55,119.93,120.23,93.5084425877269,201641246
2011-10-18,120.14,123.5,119.2,122.58,95.3361464892586,318129364
2011-10-19,122.38,123.08,120.71,121.13,94.2084142946965,226406028
2011-10-20,121.43,122.1,119.82,121.66,94.6206198554675,261835661
2011-10-21,123.09,124.12,122.72,123.97,96.4172139033561,278550463
2011-10-24,124.17,125.8,124.06,125.49,97.5993883417936,202222735
2011-10-25,124.89,124.95,122.78,123.05,95.701687269565,263858308
2011-10-26,124.35,124.77,122.21,124.3,96.6738701959116,288582522
2011-10-27,127.63,129.42,126.61,128.63,100.041511852776,393288897
2011-10-28,128.0,128.85,127.8,128.6,100.018179462544,225439234
2011-10-31,127.16,128.62,125.32,125.5,97.6071658052044,227488415
2011-11-01,122.03,123.51,121.52,122.0,94.8850536114338,414920750
2011-11-02,123.83,124.4,122.79,123.99,96.4327688301777,244533108
2011-11-03,125.27,126.5,123.6,126.25,98.1904755610124,286049726
2011-11-04,125.23,125.7,124.01,125.48,97.5916108783829,248867478
2011-11-07,125.39,126.39,124.2,126.26,98.1982530244232,196176091
2011-11-08,126.92,128.02,125.71,127.88,99.4582020969684,224083163
2011-11-09,124.89,125.8,122.86,123.16,95.7872393670835,336963772
2011-11-10,124.79,124.94,123.02,124.32,96.6894251227332,231317470
2011-11-11,125.83,126.99,125.79,126.66,98.5093515608541,189673478
2011-11-14,126.19,127.45,124.92,125.46,97.5760559515613,158964273
2011-11-15,125.17,126.75,124.72,126.08,98.0582586830293,184179838
2011-11-16,124.81,126.34,123.9,124.08,96.5027660008746,234773689
2011-11-17,123.85,124.16,121.23,122.11,94.9706057089523,330058092
2011-11-18,122.5,122.75,121.47,121.98,94.8694986846122,215045815
2011-11-21,120.2,120.35,118.65,119.66,93.0651271733128,228483956
2011-11-22,119.4,120.1,118.52,119.19,92.6995863930065,215981643
2011-11-23,118.07,119.19,116.56,116.56,90.6541135159731,223964369
2011-11-25,116.38,117.7,116.2,116.34,90.4830093209361,99556980
2011-11-28,119.54,120.18,118.82,119.71,93.1040144903667,209775055
2011-11-29,120.05,121.0,119.61,120.05,93.368448246333,198727310
2011-11-30,123.49,125.22,120.0,124.99,97.210515171255,322365596
2011-12-01,124.85,125.64,124.43,124.97,97.1949602444334,176496621
2011-12-02,126.12,126.5,124.78,124.86,97.1094081469149,220768750
2011-12-05,126.84,127.18,125.44,126.22,98.1671431707801,224770475
2011-12-06,126.21,127.11,125.76,126.26,98.1982530244232,178219945
2011-12-07,125.84,127.26,124.97,126.73,98.5637938047295,236861816
2011-12-08,125.9,126.18,123.65,123.95,96.4016589765346,240131025
2011-12-09,124.51,126.37,124.4,126.05,98.0349262927969,208829481
2011-12-12,124.95,124.97,123.16,124.21,96.6038730252147,214953180
2011-12-13,124.86,125.57,122.45,123.05,95.701687269565,244217330
2011-12-14,122.56,123.03,121.47,121.74,94.6828395627537,237725027
2011-12-15,123.03,123.2,121.99,122.18,95.0250479528277,198553939
2011-12-16,122.23,122.95,121.3,121.59,95.165143401246,219592687
2011-12-19,122.06,122.32,120.03,120.29,94.1476692140462,182949189
2011-12-20,122.18,124.14,120.37,123.93,96.9965969382055,224583759
2011-12-21,123.93,124.36,122.75,124.17,97.1844383266116,193887149
2011-12-22,124.63,125.4,124.23,125.27,98.045378023473,119059500
2011-12-23,125.67,126.43,125.41,126.39,98.9219711693682,91800080
2011-12-27,126.17,126.82,126.06,126.49,99.0002384145374,85494893
2011-12-28,126.51,126.53,124.73,124.83,97.7010021447284,118365897
2011-12-29,125.24,126.25,124.86,126.12,98.7106496074113,123033349
2011-12-30,126.02,126.33,125.5,125.5,98.2253926873622,95272998
2012-01-03,127.76,128.38,127.43,127.5,99.7907375907464,193309527
2012-01-04,127.2,127.81,126.71,127.7,99.9472720810849,126705865
2012-01-05,127.01,128.23,126.43,128.04,100.21338071466,173388995
2012-01-06,128.2,128.22,127.29,127.71,99.9550988056018,147337290
2012-01-09,128.0,128.18,127.41,128.02,100.197727265626,99225199
2012-01-10,129.39,129.65,128.95,129.13,101.066493687005,114679719
2012-01-11,128.73,129.37,128.52,129.2,101.121280758623,111221979
2012-01-12,129.57,129.7,128.54,129.51,101.363909218648,119120347
2012-01-13,128.64,129.05,127.72,128.84,100.839518676014,179613047
2012-01-17,130.08,130.32,128.9,129.34,101.23085490186,131927181
2012-01-18,129.31,130.84,129.08,130.77,102.35007650778,162901737
2012-01-19,131.22,131.57,130.8,131.46,102.890120499447,125972329
2012-01-20,131.24,131.95,130.92,131.95,103.273630000776,138079453
2012-01-23,131.51,132.25,130.98,131.61,103.007521367201,129162435
2012-01-24,130.8,131.5,130.6,131.46,102.890120499447,102701099
2012-01-25,131.26,132.87,130.75,132.56,103.751060196309,198222535
2012-01-26,133.15,133.4,131.36,131.88,103.218842929158,184542356
2012-01-27,131.24,132.05,131.15,131.82,103.171882582056,135185159
2012-01-30,130.51,131.44,130.06,131.37,102.819679978795,146747212
2012-01-31,132.02,132.18,130.68,131.32,102.78054635621,157082268
2012-02-01,132.29,133.14,132.13,132.47,103.680619675656,165757550
2012-02-02,132.73,133.02,132.21,132.68,103.844980890512,112910085
2012-02-03,134.0,134.62,133.77,134.54,105.300751650659,160517202
2012-02-06,133.98,134.51,133.83,134.45,105.230311130007,107517511
2012-02-07,134.17,135.02,133.64,134.79,105.496419763582,135265501
2012-02-08,134.86,135.22,134.31,135.19,105.809488744259,138506870
2012-02-09,135.41,135.59,134.56,135.36,105.942543061047,148313299
2012-02-10,134.16,134.47,133.84,134.36,105.159870609354,167753903
2012-02-13,135.32,135.52,134.74,135.36,105.942543061047,115201853
2012-02-14,135.0,135.27,134.25,135.19,105.809488744259,165300175
2012-02-15,135.63,135.83,134.29,134.56,105.316405099693,194497951
2012-02-16,134.57,136.17,134.33,136.05,106.482587052714,186193854
2012-02-17,136.52,136.63,135.96,136.41,106.764349135323,129075063
2012-02-21,136.73,137.05,136.05,136.47,106.811309482425,133899477
2012-02-22,136.26,136.55,135.79,136.03,106.46693360368,123997265
2012-02-23,135.96,136.73,135.5,136.63,106.936537074696,137488236
2012-02-24,136.93,137.2,136.63,136.93,107.171338810203,105474533
2012-02-27,136.02,137.53,135.8,137.16,107.351353474092,145563368
2012-02-28,137.2,137.72,136.93,137.56,107.664422454769,129145619
2012-02-29,137.76,138.19,136.54,137.02,107.241779330856,185615627
2012-03-01,137.31,137.99,136.93,137.73,107.797476771557,144742785
2012-03-02,137.64,137.82,137.0,137.31,107.468754341846,120536666
2012-03-05,137.1,137.2,136.28,136.75,107.030457768899,140544479
2012-03-06,135.35,135.43,134.36,134.75,105.465112865514,201787583
2012-03-07,135.06,135.91,134.93,135.69,106.200824970105,143600783
2012-03-08,136.52,137.32,136.24,137.04,107.257432779889,116712098
2012-03-09,137.3,137.93,137.13,137.57,107.672249179286,122808966
2012-03-12,137.55,137.76,137.09,137.58,107.680075903803,103873080
2012-03-13,138.32,140.13,138.09,140.06,109.621103584,183032814
2012-03-14,140.1,140.45,139.48,139.91,109.503702716246,145034209
2012-03-15,140.12,140.78,139.76,140.72,110.137667402116,164882424
2012-03-16,140.36,140.48,140.0,140.3,110.289419763775,151779966
2012-03-19,140.21,141.28,140.11,140.85,110.721773155579,125211330
2012-03-20,140.05,140.61,139.64,140.44,110.399473354416,121629293
2012-03-21,140.52,140.65,139.92,140.21,110.218671026934,122251226
2012-03-22,139.18,139.55,138.74,139.2,109.424712980167,135040700
2012-03-23,139.32,139.81,138.55,139.65,109.77845666437,120400107
2012-03-26,140.65,141.61,140.6,141.61,111.319206933344,119477129
2012-03-27,141.74,141.83,141.08,141.17,110.973324219901,119584541
2012-03-28,141.1,141.32,139.64,140.47,110.423056266696,148434044
2012-03-29,139.64,140.49,139.09,140.23,110.234392968454,164884702
2012-03-30,140.92,141.05,140.05,140.81,110.690329272538,135353643
2012-04-02,140.64,142.21,140.36,141.84,111.500009260826,151598615
2012-04-03,141.64,141.88,140.43,141.26,111.044072956742,155717384
2012-04-04,140.22,140.34,139.34,139.86,109.943537050332,146781144
2012-04-05,139.38,140.2,139.26,139.79,109.888510255011,137161910
2012-04-09,138.03,139.84,137.84,138.22,108.65433784568,127440839
2012-04-10,137.95,138.34,135.76,135.9,106.830592629344,235129361
2012-04-11,137.29,137.54,136.75,137.0,107.695299412952,153297439
2012-04-12,137.13,138.9,137.03,138.79,109.102413179004,153603844
2012-04-13,138.47,138.82,137.01,137.14,107.805353003593,169047929
2012-04-16,137.84,138.04,136.58,137.05,107.734604266752,147707377
2012-04-17,137.84,139.36,137.7,139.08,109.330381331046,147627266
2012-04-18,138.46,139.08,138.38,138.61,108.960915705323,122743959
2012-04-19,138.63,139.15,137.07,137.72,108.261289307677,198512320
2012-04-20,138.33,138.83,137.87,137.95,108.442091635159,142867082
2012-04-23,136.54,136.91,135.94,136.79,107.530219026991,171710414
2012-04-24,136.91,137.66,136.8,137.31,107.938989506514,137239318
2012-04-25,138.65,139.25,138.53,139.19,109.416852009407,150143367
2012-04-26,138.89,140.32,138.81,140.16,110.179366173134,135453146
2012-04-27,140.58,140.79,139.8,140.39,110.360168500616,123902644
2012-04-30,140.11,140.21,139.49,139.87,109.951398021092,115006285
2012-05-01,139.79,141.66,139.63,140.74,110.635302477218,138747253
2012-05-02,139.92,140.46,139.46,140.32,110.305141705295,120982449
2012-05-03,140.34,140.45,138.99,139.25,109.464017833968,143518530
2012-05-04,138.52,139.3,136.92,137.0,107.695299412952,193496350
2012-05-07,136.51,137.56,136.46,137.1,107.773909120553,127664189
2012-05-08,136.28,136.77,134.92,136.55,107.341555728749,213125597
2012-05-09,135.1,136.61,134.49,135.74,106.704817097183,220525746
2012-05-10,136.68,136.85,135.71,136.02,106.924924278465,150085682
2012-05-11,135.17,136.87,135.11,135.61,106.602624477302,152988103
2012-05-14,134.31,135.61,133.91,134.11,105.423478863292,163196962
2012-05-15,134.02,134.81,133.13,133.34,104.818184114767,207288863
2012-05-16,133.94,134.55,132.8,132.83,104.417274606003,206973192
2012-05-17,132.86,133.02,130.79,130.86,102.868663366269,247684669
2012-05-18,131.37,131.6,129.55,129.74,101.988234641142,319503709
2012-05-21,130.16,132.02,129.95,131.97,103.741231120637,177733753
2012-05-22,132.31,133.23,131.34,132.2,103.922033448119,197272169
2012-05-23,131.25,132.46,129.99,132.27,103.977060243439,204667764
2012-05-24,132.63,132.84,131.42,132.53,104.181445483201,167017765
2012-05-25,132.48,132.85,131.78,132.1,103.843423740518,135393214
2012-05-29,133.16,133.93,131.17,133.7,105.101179062129,152437330
2012-05-30,132.56,133.69,131.49,131.76,103.576150734676,162154670
2012-05-31,131.71,132.45,130.34,131.47,103.348182582634,195826754
2012-06-01,129.41,131.5,128.16,128.16,100.746201261051,253063555
2012-06-04,128.39,128.74,127.14,128.1,100.69903543649,202317540
2012-06-05,127.85,129.26,127.78,129.07,101.461549600217,163687095
2012-06-06,129.97,132.03,129.93,131.97,103.741231120637,183846801
2012-06-07,133.47,133.53,131.78,132.05,103.804118886718,184597574
2012-06-08,131.71,133.13,131.29,133.1,104.629520816525,143634224
2012-06-11,134.17,134.25,131.28,131.41,103.301016758073,169457174
2012-06-12,131.79,133.01,131.16,132.92,104.488023342844,181773014
2012-06-13,132.53,133.36,131.62,132.07,103.819840828238,171953597
2012-06-14,132.34,134.0,131.98,133.47,104.920376734647,230470410
2012-06-15,133.38,134.26,133.1,134.14,105.988100949105,169104512
2012-06-18,133.58,134.73,133.28,134.4,106.19353487073,131154924
2012-06-19,135.08,136.25,134.37,135.7,107.220704478854,137213470
2012-06-20,135.71,136.1,134.27,135.48,107.046875775941,206299494
2012-06-21,135.64,135.78,132.33,132.44,104.644879153865,205129421
2012-06-22,133.13,133.71,132.62,133.46,105.450812231009,129848438
2012-06-25,132.05,132.1,130.85,131.32,103.759933029942,146248554
2012-06-26,131.7,132.38,130.93,131.98,104.281419138682,141386194
2012-06-27,132.42,133.43,131.97,133.17,105.22167439535,107982307
2012-06-28,132.29,132.99,131.28,132.79,104.921424817591,168941315
2012-06-29,135.2,136.27,134.85,136.1,107.536756665969,212056876
2012-07-02,136.48,136.65,135.52,136.51,107.860710157763,129049181
2012-07-03,136.48,137.51,136.34,137.41,108.571827578772,80450171
2012-07-05,136.9,137.8,136.29,136.79,108.081946688743,126024304
2012-07-06,135.47,135.77,134.85,135.49,107.054777080619,151120499
2012-07-09,135.38,135.57,134.7,135.32,106.920454901095,103703827
2012-07-10,136.01,136.23,133.68,134.14,105.988100949105,162748754
2012-07-11,134.21,134.6,133.38,134.16,106.00390355846,142460464
2012-07-12,133.38,134.23,132.6,133.51,105.490318754398,143428183
2012-07-13,133.86,135.89,133.84,135.75,107.260211002244,129613009
2012-07-16,135.44,135.83,134.9,135.43,107.007369252551,97413111
2012-07-17,135.97,136.64,134.55,136.36,107.742190587594,138576451
2012-07-18,136.04,137.64,135.96,137.37,108.54022236006,113247909
2012-07-19,137.65,138.18,137.21,137.73,108.824669328464,129742249
2012-07-20,136.95,137.16,136.32,136.47,107.829104939051,142813020
2012-07-23,134.47,136.38,133.84,135.09,106.738724893503,144901109
2012-07-24,135.19,135.25,133.03,133.93,105.822173550869,173030103
2012-07-25,134.21,134.56,133.25,133.96,105.845877464903,129041882
2012-07-26,135.89,136.46,135.26,136.17,107.592065798715,156221922
2012-07-27,136.89,139.07,136.14,138.68,109.575293272863,236689679
2012-07-30,138.52,139.34,138.27,138.68,109.575293272863,106715402
2012-07-31,138.49,138.87,137.71,137.71,108.808866719108,120507272
2012-08-01,138.7,138.73,137.4,137.59,108.714051062974,138192791
2012-08-02,136.55,137.57,135.58,136.64,107.963427118575,199418419
2012-08-03,138.56,139.64,136.68,139.35,110.104680686281,157710313
2012-08-06,139.72,140.17,139.56,139.62,110.318015912584,85244038
2012-08-07,140.18,140.92,140.03,140.32,110.871107240036,109434310
2012-08-08,139.85,140.65,139.81,140.49,111.00542941956,89648652
2012-08-09,140.29,140.89,140.15,140.61,111.100245075694,90094828
2012-08-10,140.04,140.89,139.81,140.84,111.281975083285,99737237
2012-08-13,140.6,140.84,140.04,140.77,111.22666595054,79352310
2012-08-14,141.29,141.38,140.37,140.79,111.242468559896,102210603
2012-08-15,140.64,141.19,140.55,140.95,111.368889434742,71012147
2012-08-16,141.15,142.16,140.8,141.99,112.190625121242,111977601
2012-08-17,142.23,142.3,141.86,142.18,112.340749910122,90784837
2012-08-20,141.98,142.22,141.59,142.19,112.348651214799,78199468
2012-08-21,142.54,143.09,141.45,141.76,112.008895113651,105399601
2012-08-22,141.4,142.05,141.07,141.82,112.056302941718,132950820
2012-08-23,141.47,141.48,140.44,140.66,111.139751599084,111378827
2012-08-24,140.31,141.83,140.22,141.51,111.811362496703,99416396
2012-08-27,141.89,142.08,141.34,141.54,111.835066410737,68716759
2012-08-28,141.18,141.84,140.97,141.4,111.724448145247,75623274
2012-08-29,141.52,141.89,141.12,141.51,111.811362496703,65396086
2012-08-30,140.9,140.94,140.19,140.49,111.00542941956,96477807
2012-08-31,141.29,141.82,140.36,141.16,111.534816832978,151904556
2012-09-04,141.04,141.46,140.13,141.03,111.432099872165,119620349
2012-09-05,141.09,141.47,140.63,140.91,111.337284216031,100482344
2012-09-06,141.76,143.78,141.75,143.77,113.597057353905,157982836
2012-09-07,144.01,144.39,143.88,144.33,114.039530415866,107218047
2012-09-10,144.19,144.44,143.46,143.51,113.39162343228,86274348
2012-09-11,143.6,144.37,143.56,143.91,113.707675619395,88581396
2012-09-12,144.39,144.55,143.9,144.39,114.086938243933,87596498
2012-09-13,144.37,147.04,143.99,146.59,115.825225273067,225243763
2012-09-14,146.88,148.11,146.76,147.24,116.33881007713,169672999
2012-09-17,146.94,147.19,146.37,146.74,115.943744843236,119136952
2012-09-18,146.49,146.81,146.25,146.62,115.848929187101,98293358
2012-09-19,146.79,147.17,146.41,146.7,115.912139624524,128175304
2012-09-20,146.03,146.79,145.63,146.71,115.920040929202,153893195
2012-09-21,146.64,146.67,145.81,145.87,115.872198529377,108585503
2012-09-24,145.15,145.98,145.04,145.65,115.697440980351,95622709
2012-09-25,145.96,146.24,144.06,144.1,114.466194612211,133060270
2012-09-26,144.07,144.11,142.95,143.29,113.822769090796,146283598
2012-09-27,143.89,144.97,143.51,144.64,114.895144959821,111654225
2012-09-28,144.09,144.56,143.46,143.97,114.362928787787,150664142
2012-10-01,144.52,145.69,144.01,144.35,114.664782736105,135858200
2012-10-02,144.92,145.15,143.83,144.5,114.783935610441,113346235
2012-10-03,144.89,145.43,144.13,145.09,115.25260358283,121026475
2012-10-04,145.64,146.34,145.44,146.13,116.078730178227,124255532
2012-10-05,146.91,147.16,145.7,146.14,116.086673703182,124661611
2012-10-08,145.6,146.12,145.31,145.64,115.689497455395,78257959
2012-10-09,145.53,145.65,144.15,144.2,114.545629861769,148520522
2012-10-10,144.18,144.32,143.09,143.28,113.814825565841,123906096
2012-10-11,144.28,144.49,143.33,143.36,113.878373765487,123539819
2012-10-12,143.46,143.95,142.58,142.89,113.505028092567,124063714
2012-10-15,143.23,144.23,142.77,144.08,114.4503075623,107448207
2012-10-16,144.76,145.64,144.66,145.54,115.610062205838,108612021
2012-10-17,145.64,146.32,145.42,146.2,116.134334852917,128757819
2012-10-18,145.82,146.52,145.33,145.82,115.832480904599,147982555
2012-10-19,145.55,145.56,143.05,143.39,113.902204340354,185459471
2012-10-22,143.15,143.67,142.28,143.41,113.918091390265,125401781
2012-10-23,141.86,142.06,140.83,141.42,112.337329924073,191909488
2012-10-24,141.93,142.1,140.8,141.02,112.019588925844,119929435
2012-10-25,142.02,142.28,140.57,141.43,112.345273449029,134167644
2012-10-26,141.3,141.84,140.39,141.35,112.281725249383,146001865
2012-10-31,141.85,142.03,140.68,141.35,112.281725249383,103253290
2012-11-01,141.65,143.01,141.52,142.83,113.457366942832,100929973
2012-11-02,143.68,143.72,141.41,141.56,112.448539273453,137651914
2012-11-05,141.35,142.17,140.93,141.85,112.67890149717,98318459
2012-11-06,142.28,143.52,142.13,142.96,113.560632767257,106563909
2012-11-07,141.66,141.68,139.06,139.72,110.986930681597,263929703
2012-11-08,139.7,140.41,137.93,138.04,109.652418489033,181351566
2012-11-09,137.62,139.44,137.55,138.16,109.747740788502,200950904
2012-11-12,138.59,138.81,137.96,138.27,109.835119563015,97301953
2012-11-13,137.54,139.25,137.36,137.79,109.45383036514,122818991
2012-11-14,138.21,138.43,135.62,135.93,107.976334723372,191349976
2012-11-15,135.98,136.49,135.18,135.7,107.79363364939,177963481
2012-11-16,135.9,136.64,134.7,136.37,108.325849821424,239316080
2012-11-19,137.9,139.15,136.41,139.13,110.518262709209,151289828
2012-11-20,138.91,139.42,138.08,139.19,110.565923858943,119410788
2012-11-21,139.31,139.57,139.03,139.45,110.772455507792,81542659
2012-11-23,140.13,141.4,140.04,141.35,112.281725249383,65409145
2012-11-26,140.65,141.36,140.19,141.05,112.043419500711,99649879
2012-11-27,140.91,141.39,140.24,140.33,111.471485703897,127850321
2012-11-28,139.76,141.54,139.0,141.46,112.369104023896,176637479
2012-11-29,141.99,142.51,141.37,142.12,112.893376670975,150798733
2012-11-30,142.14,142.42,141.66,142.15,112.917207245842,136298627
2012-12-03,142.8,142.92,141.34,141.45,112.36116049894,124385047
2012-12-04,141.44,141.87,140.87,141.25,112.202289999826,126623508
2012-12-05,141.37,142.16,140.37,141.5,112.400878123719,147129404
2012-12-06,141.37,142.04,141.16,141.98,112.782167321595,103086256
2012-12-07,142.53,142.69,141.67,142.41,113.123738894691,108661551
2012-12-10,142.21,142.81,142.15,142.47,113.171400044426,98424357
2012-12-11,143.06,144.11,142.99,143.44,113.941921965133,152344305
2012-12-12,144.0,144.55,143.31,143.51,113.997526639823,146740002
2012-12-13,143.42,143.83,142.27,142.63,113.298496443718,135280737
2012-12-14,142.32,142.58,141.88,142.1,112.877489621063,137650387
2012-12-17,142.47,143.85,142.43,143.77,114.204058288672,143176435
2012-12-18,144.0,145.5,143.79,145.37,115.47502228159,177579280
2012-12-19,145.53,145.58,144.24,144.29,114.61712158637,150656553
2012-12-20,144.38,145.14,143.98,145.12,115.276434157697,167906484
2012-12-21,142.17,144.09,141.94,142.79,114.237286053562,245707986
2012-12-24,142.48,142.56,142.19,142.35,113.885269764861,53874548
2012-12-26,142.64,142.71,141.35,141.75,113.405247552997,105880761
2012-12-27,141.79,142.08,139.92,141.56,113.25324051924,167731111
2012-12-28,140.64,141.42,139.87,140.03,112.029183878985,148156789
2012-12-31,139.66,142.56,139.54,142.41,113.933271986048,243370696
2013-01-02,145.11,146.15,144.73,146.06,116.853407108224,191699844
2013-01-03,145.99,146.37,145.34,145.73,116.589394891698,144670984
2013-01-04,145.97,146.61,145.67,146.37,117.101418584354,116753387
2013-01-07,145.85,146.11,145.43,145.97,116.781403776444,109872420
2013-01-08,145.71,145.91,144.98,145.55,116.445388228139,121133837
2013-01-09,145.87,146.32,145.64,145.92,116.741401925455,90616572
2013-01-10,146.73,147.09,145.97,147.08,117.669444868393,130545424
2013-01-11,147.04,147.15,146.61,147.07,117.661444498196,113891272
2013-01-14,146.89,147.07,146.43,146.97,117.581440796218,89495130
2013-01-15,146.29,147.21,146.2,147.07,117.661444498196,93129495
2013-01-16,146.77,147.28,146.61,147.05,117.6454437578,104747927
2013-01-17,147.7,148.42,147.15,148.0,118.405478926586,133581775
2013-01-18,147.97,148.49,147.43,148.33,118.669491143111,169850738
2013-01-22,148.33,149.13,147.98,149.13,119.30952075893,111615740
2013-01-23,149.13,149.5,148.86,149.37,119.501529643676,104286611
2013-01-24,149.15,150.14,149.01,149.41,119.533531124467,146167943
2013-01-25,149.88,150.25,149.37,150.25,120.205562221078,147142564
2013-01-28,150.29,150.33,149.51,150.07,120.061555557518,113251578
2013-01-29,149.77,150.85,149.67,150.66,120.533577399185,105606462
2013-01-30,150.64,150.94,149.93,150.07,120.061555557518,137305441
2013-01-31,149.89,150.38,149.6,149.7,119.765541860202,108490791
2013-02-01,150.65,151.42,150.39,151.24,120.997598870654,131103910
2013-02-04,150.32,151.27,149.43,149.54,119.637535937038,158901804
2013-02-05,150.35,151.48,150.29,151.05,120.845591836897,113835751
2013-02-06,150.52,151.26,150.41,151.16,120.933595909072,138641354
2013-02-07,151.21,151.35,149.86,150.96,120.773588505117,162376010
2013-02-08,151.22,151.89,151.22,151.8,121.445619601728,103104819
2013-02-11,151.74,151.9,151.39,151.77,121.421618491134,73707733
2013-02-12,151.78,152.3,151.61,152.02,121.621627746078,65311038
2013-02-13,152.33,152.61,151.72,152.15,121.725632558649,82228386
2013-02-14,151.69,152.47,151.52,152.29,121.837637741417,80765157
2013-02-15,152.43,152.59,151.55,152.11,121.693631077858,215103754
2013-02-19,152.37,153.28,152.16,153.25,122.6056732804,95043470
2013-02-20,153.14,153.19,151.26,151.34,121.077602572631,160357559
2013-02-21,150.96,151.42,149.94,150.42,120.341568514439,181438601
2013-02-22,151.15,151.89,150.49,151.89,121.517622933507,106239444
2013-02-25,152.63,152.86,149.0,149.0,119.20551594636,237325697
2013-02-26,149.72,150.2,148.73,150.02,120.02155370653,186316695
2013-02-27,149.89,152.33,149.76,151.91,121.533623673903,147089201
2013-02-28,151.9,152.87,151.41,151.61,121.293612567971,126627248
2013-03-01,151.09,152.34,150.41,152.11,121.693631077858,170605782
2013-03-04,151.76,152.92,151.52,152.92,122.341661063875,97382957
2013-03-05,153.66,154.7,153.64,154.29,123.437711780965,121384504
2013-03-06,154.84,154.92,154.16,154.5,123.605719555118,94355975
2013-03-07,154.7,154.98,154.52,154.78,123.829729920655,85702532
2013-03-08,155.46,155.65,154.66,155.44,124.357754353706,123471509
2013-03-11,155.32,156.04,155.13,156.03,124.829776195373,83315530
2013-03-12,155.92,156.1,155.21,155.68,124.549763238452,105663831
2013-03-13,155.76,156.12,155.23,155.9,124.725771382802,92399074
2013-03-14,156.31,156.8,155.91,156.73,125.389802109215,127154879
2013-03-15,155.85,156.04,155.31,155.83,125.224770472776,138507153
2013-03-18,154.34,155.64,154.2,154.97,124.533675673272,126602593
2013-03-19,155.3,155.51,153.59,154.61,124.244380175806,167206228
2013-03-20,155.52,155.95,155.26,155.69,125.112266668205,113632993
2013-03-21,154.76,155.64,154.1,154.36,124.043480524787,128441488
2013-03-22,154.85,155.6,154.73,155.6,125.039942793839,111082225
2013-03-25,156.01,156.27,154.35,154.95,124.517603701191,151141333
2013-03-26,155.59,156.23,155.42,156.19,125.514065970242,86222901
2013-03-27,155.26,156.24,155.0,156.19,125.514065970242,99859772
2013-03-28,156.09,156.85,155.75,156.67,125.899793300197,102819515
2013-04-01,156.59,156.91,155.67,156.05,125.401562165672,99146793
2013-04-02,156.61,157.21,156.37,156.82,126.020333090808,101379648
2013-04-03,156.91,157.03,154.82,155.23,124.742611310331,153863537
2013-04-04,155.43,156.17,155.09,155.86,125.248878430898,131800661
2013-04-05,153.95,155.35,153.77,155.16,124.686359408046,159608146
2013-04-08,155.27,156.22,154.75,156.21,125.530137942323,86406390
2013-04-09,156.5,157.32,155.98,156.75,125.964081188523,100762236
2013-04-10,157.17,158.87,157.13,158.67,127.506990508344,135064585
2013-04-11,158.7,159.71,158.54,159.19,127.924861782463,110026835
2013-04-12,158.68,159.04,157.92,158.8,127.611458326874,116234137
2013-04-15,158.0,158.13,155.1,155.12,124.654215463883,216210295
2013-04-16,156.29,157.49,155.91,157.41,126.494456267212,147215890
2013-04-17,156.29,156.32,154.28,155.11,124.646179477843,226580070
2013-04-18,155.37,155.41,153.55,154.14,123.866688831891,167415764
2013-04-19,154.5,155.55,154.12,155.48,124.94351096135,149577337
2013-04-22,155.78,156.54,154.75,156.17,125.497993998161,106460508
2013-04-23,156.95,157.93,156.17,157.78,126.791787750719,165858583
2013-04-24,157.83,158.3,157.54,157.88,126.872147611126,96580174
2013-04-25,158.34,159.27,158.1,158.52,127.386450717733,130849307
2013-04-26,158.33,158.6,157.73,158.24,127.161443108593,95891293
2013-04-29,158.67,159.65,158.42,159.3,128.013257628911,88476104
2013-04-30,159.27,159.72,158.61,159.68,128.318625098459,115868414
2013-05-01,159.33,159.41,158.1,158.28,127.193587052756,138772621
2013-05-02,158.68,159.89,158.53,159.75,128.374877000744,96336318
2013-05-03,161.14,161.88,159.78,161.37,129.676706739343,143979238
2013-05-06,161.49,162.01,161.42,161.78,130.006182167013,66750706
2013-05-07,162.13,162.65,161.67,162.6,130.665133022353,89948203
2013-05-08,162.42,163.39,162.33,163.34,131.259795989368,97023107
2013-05-09,163.27,163.7,162.47,162.88,130.890140631494,106566417
2013-05-10,162.99,163.55,162.51,163.41,131.316047891653,103075824
2013-05-13,163.2,163.81,162.82,163.54,131.420515710182,81688029
2013-05-14,163.67,165.35,163.67,165.23,132.778597351067,118798711
2013-05-15,164.96,166.45,164.91,166.12,133.493800108692,120608462
2013-05-16,165.78,166.36,165.09,165.34,132.866993197515,109779806
2013-05-17,165.95,167.04,165.73,166.94,134.152750964032,129718215
2013-05-20,166.78,167.58,166.61,166.93,134.144714977992,85006385
2013-05-21,167.08,167.8,166.5,167.17,134.337578642969,95701008
2013-05-22,167.34,169.07,165.17,165.93,133.341116373918,243639217
2013-05-23,164.16,165.91,163.94,165.45,132.955389043963,210803037
2013-05-24,164.47,165.38,163.98,165.31,132.842885239392,151527477
2013-05-28,167.04,167.78,165.81,166.3,133.638447857425,143410276
2013-05-29,165.42,165.8,164.34,165.22,132.770561365026,160214092
2013-05-30,165.35,166.59,165.22,165.83,133.260756513511,106551037
2013-05-31,165.37,166.31,163.13,163.45,131.348191835816,176380148
2013-06-03,163.83,164.46,162.66,164.35,132.071430579482,167962719
2013-06-04,164.44,165.1,162.73,163.56,131.436587682264,157537197
2013-06-05,163.09,163.42,161.13,161.27,129.596346878935,211235847
2013-06-06,161.2,162.74,160.25,162.73,130.769600840883,200064681
2013-06-07,163.85,164.95,163.14,164.8,132.433049951315,185761019
2013-06-10,165.31,165.4,164.37,164.8,132.433049951315,102542965
2013-06-11,163.3,164.54,162.74,163.1,131.06693232439,159379607
2013-06-12,164.22,164.39,161.6,161.75,129.982074208891,176962186
2013-06-13,161.66,164.5,161.3,164.21,131.958926774912,163201480
2013-06-14,164.03,164.67,162.91,163.18,131.131220212716,141018099
2013-06-17,164.29,165.22,163.22,164.44,132.143754453849,136114269
2013-06-18,164.53,165.99,164.52,165.74,133.188432639144,114592356
2013-06-19,165.6,165.89,163.38,163.45,131.348191835816,205916944
2013-06-20,161.86,163.47,158.98,159.4,128.093617489318,320785551
2013-06-21,159.64,159.76,157.47,159.07,128.502745610624,271424782
2013-06-24,157.41,158.43,155.73,157.06,126.878991799865,221849792
2013-06-25,158.48,160.1,157.42,158.57,128.098826752226,161987972
2013-06-26,159.87,160.5,159.25,160.14,129.367131967595,134713304
2013-06-27,161.1,161.82,160.95,161.08,130.126499421382,129359801
2013-06-28,160.63,161.4,159.86,160.42,129.593326528298,160158020
2013-07-01,161.26,162.48,161.08,161.36,130.352693982085,131657906
2013-07-02,161.12,162.3,160.5,161.21,130.231518324566,144734577
2013-07-03,160.48,161.77,160.22,161.28,130.288066964741,75216341
2013-07-05,162.47,163.08,161.3,163.02,131.693704591965,122350267
2013-07-08,163.86,164.39,163.08,163.95,132.444993668585,106842928
2013-07-09,164.98,165.33,164.27,165.13,133.398242174403,119211370
2013-07-10,164.97,165.75,164.63,165.19,133.446712437411,120332699
2013-07-11,167.11,167.61,165.18,167.44,135.2643473002,135466463
2013-07-12,167.39,167.93,167.13,167.51,135.320895940376,102638074
2013-07-15,167.97,168.39,167.68,168.15,135.837912079125,69387788
2013-07-16,168.26,168.36,167.07,167.52,135.328974317544,88590595
2013-07-17,168.16,168.48,167.73,167.95,135.676344535766,91766311
2013-07-18,168.31,169.27,168.2,168.87,136.419555235218,103461245
2013-07-19,168.52,169.23,168.31,169.17,136.661906550256,103709128
2013-07-22,169.41,169.74,169.01,169.5,136.928492996799,79307249
2013-07-23,169.8,169.83,169.05,169.14,136.637671418752,80765520
2013-07-24,169.79,169.86,168.18,168.52,136.136812034339,112811714
2013-07-25,168.22,169.08,167.94,168.93,136.468025498225,111066858
2013-07-26,168.22,169.16,167.52,169.11,136.613436287248,107750433
2013-07-29,168.68,169.06,168.11,168.59,136.193360674515,79712464
2013-07-30,169.1,169.28,168.19,168.59,136.193360674515,85124833
2013-07-31,168.94,169.85,168.49,168.71,136.29030120053,142329200
2013-08-01,169.99,170.81,169.9,170.66,137.865584748281,110213653
2013-08-02,170.28,170.97,170.05,170.95,138.099857686152,91009697
2013-08-05,170.57,170.96,170.35,170.7,137.897898256953,53868607
2013-08-06,170.37,170.74,169.35,169.73,137.114295671661,87403388
2013-08-07,169.19,169.43,168.55,169.18,136.669984927424,84663314
2013-08-08,169.98,170.18,168.93,169.8,137.170844311837,101940958
2013-08-09,169.58,170.1,168.72,169.31,136.775003830607,91824151
2013-08-12,168.46,169.31,168.38,169.11,136.613436287248,68477641
2013-08-13,169.41,169.9,168.41,169.61,137.017355145646,80689816
2013-08-14,169.53,169.8,168.7,168.74,136.314536332034,79609123
2013-08-15,167.41,167.43,166.09,166.38,134.408039320397,152647543
2013-08-16,166.06,166.63,165.5,165.83,133.96372857616,130636116
2013-08-19,165.64,166.21,164.76,164.77,133.107420596357,96330805
2013-08-20,165.04,166.2,164.86,165.58,133.761769146961,89235551
2013-08-21,165.12,166.03,164.19,164.56,132.93777467583,159343176
2013-08-22,164.9,166.3,164.89,166.06,134.149531251023,101381277
2013-08-23,166.55,166.83,165.77,166.62,134.601920372428,90872824
2013-08-26,166.79,167.3,165.89,166.0,134.101060988015,89492894
2013-08-27,164.36,166.0,163.21,163.33,131.944134284172,158359408
2013-08-28,163.26,164.49,163.05,163.91,132.412680159913,107750295
2013-08-29,163.55,165.04,163.4,164.17,132.62271796628,119032950
2013-08-30,164.51,164.53,163.17,163.65,132.202642353546,134740736
2013-09-03,165.23,165.58,163.7,164.39,132.800442263975,142331733
2013-09-04,164.43,166.03,164.13,165.75,133.899101558816,97219175
2013-09-05,165.85,166.4,165.73,165.96,134.068747479343,63023864
2013-09-06,166.51,166.98,164.48,166.04,134.133374496687,159700226
2013-09-09,166.45,167.73,166.45,167.63,135.417836466391,87408601
2013-09-10,168.64,168.9,168.26,168.87,136.419555235218,105300853
2013-09-11,168.64,169.4,168.35,169.4,136.847709225119,94296092
2013-09-12,169.34,169.56,168.72,168.95,136.484182252561,83134871
2013-09-13,169.13,169.46,168.74,169.33,136.791160584943,72700859
2013-09-16,171.16,171.24,170.04,170.31,137.582841547403,126115232
2013-09-17,170.46,171.11,170.46,171.07,138.196798212167,82269719
2013-09-18,171.01,173.52,170.58,173.05,139.796316891422,203079713
2013-09-19,173.52,173.6,172.59,172.76,139.562043953551,146510429
2013-09-20,172.33,172.33,170.58,170.72,138.590982626077,132555427
2013-09-23,170.49,170.65,169.39,169.93,137.949658374235,104534720
2013-09-24,169.9,170.53,169.21,169.53,137.624937234061,101097962
2013-09-25,169.64,169.98,168.89,169.04,137.227153837348,117195118
2013-09-26,169.32,170.17,169.05,169.69,137.754825690131,77036992
2013-09-27,168.84,169.14,168.47,168.91,137.121619466792,98644882
2013-09-30,167.48,168.54,167.15,168.01,136.390996901402,143620138
2013-10-01,168.14,169.5,167.97,169.34,137.470694692479,126997489
2013-10-02,168.35,169.34,167.83,169.18,137.340806236409,112859880
2013-10-03,168.79,168.94,166.84,167.62,136.074393789732,176563533
2013-10-04,167.75,169.06,167.53,168.89,137.105383409783,96853649
2013-10-07,167.42,168.45,167.25,167.43,135.92015124815,96070316
2013-10-08,167.4,167.62,165.36,165.48,134.337135689804,178558678
2013-10-09,165.8,166.2,164.53,165.6,134.434552031856,168271554
2013-10-10,167.29,169.26,167.23,169.17,137.332688207905,194021164
2013-10-11,168.91,170.32,168.77,170.26,138.217553314878,104967037
2013-10-14,169.21,171.08,169.08,170.94,138.769579253173,111901876
2013-10-15,170.51,171.15,169.47,169.7,137.762943718635,153958055
2013-10-16,170.72,172.16,170.64,172.07,139.686916474163,161058684
2013-10-17,171.37,173.32,171.34,173.22,140.620489752162,129004482
2013-10-18,173.86,174.51,173.51,174.39,141.57029908717,138269996
2013-10-21,174.45,174.75,174.01,174.4,141.578417115674,104054017
2013-10-22,174.91,175.93,174.43,175.41,142.398337994612,126536379
2013-10-23,174.81,174.89,173.96,174.57,141.716423600248,105370556
2013-10-24,174.92,175.37,174.51,175.15,142.1872692535,70144619
2013-10-25,175.51,176.0,175.17,175.95,142.836711533847,93571048
2013-10-28,175.89,176.47,175.7,176.23,143.064016331968,84672528
2013-10-29,176.63,177.24,176.38,177.17,143.827111011376,87248072
2013-10-30,177.38,177.51,175.66,176.29,143.112724502994,139662588
2013-10-31,176.15,176.89,175.53,175.79,142.706823077777,133367094
2013-11-01,176.02,176.61,175.22,176.21,143.04778027496,142775416
2013-11-04,176.69,176.9,175.98,176.83,143.551098042229,85486867
2013-11-05,176.14,176.75,175.57,176.27,143.096488445986,85601525
2013-11-06,177.03,177.5,176.54,177.17,143.827111011376,87129195
2013-11-07,177.5,177.64,174.76,174.93,142.008672626404,156202030
2013-11-08,174.87,177.31,174.85,177.29,143.924527353428,136681130
2013-11-11,177.12,177.53,176.91,177.32,143.948881438941,66300304
2013-11-12,176.94,177.36,176.37,176.96,143.656632412785,83808745
2013-11-13,176.09,178.43,176.09,178.38,144.809392460401,103057956
2013-11-14,178.54,179.42,178.25,179.27,145.531896997287,103190954
2013-11-15,179.56,180.12,179.33,180.05,146.165103220626,102818190
2013-11-18,180.35,180.5,179.02,179.42,145.653667424852,104796009
2013-11-19,179.33,179.87,178.72,179.03,145.337064313183,93891416
2013-11-20,179.39,179.93,177.98,178.47,144.88245471694,124908601
2013-11-21,178.97,180.05,178.86,179.91,146.051450821565,92841271
2013-11-22,179.98,180.83,179.77,180.81,146.782073386956,81295887
2013-11-25,181.13,181.17,180.37,180.63,146.635948873877,79485709
2013-11-26,180.72,181.22,180.41,180.68,146.676539016399,86993560
2013-11-27,180.87,181.24,180.65,181.12,147.03373227059,58800056
2013-11-29,181.32,181.75,180.8,181.0,146.936315928538,55870903
2013-12-02,181.09,181.43,180.25,180.53,146.554768588834,99725781
2013-12-03,179.94,180.39,179.17,179.75,145.921562365496,116563302
2013-12-04,179.1,180.48,178.35,179.73,145.905326308487,123032637
2013-12-05,179.41,179.74,178.77,178.94,145.264002056644,106934067
2013-12-06,180.67,181.11,180.15,180.94,146.887607757512,127727518
2013-12-09,181.47,181.67,181.16,181.4,147.261037068712,70123608
2013-12-10,180.98,181.36,180.64,180.75,146.73336521593,80976207
2013-12-11,180.82,180.85,178.5,178.72,145.085405429549,130590810
2013-12-12,178.64,178.86,177.76,178.13,144.606441747793,115564840
2013-12-13,178.5,178.66,177.77,178.11,144.590205690784,107807610
2013-12-16,178.95,179.81,178.9,179.22,145.491306854766,96194790
2013-12-17,179.38,179.41,178.25,178.65,145.028579230018,89886224
2013-12-18,178.92,181.73,177.32,181.7,147.504577923842,234906482
2013-12-19,181.18,181.7,180.71,181.49,147.334099325251,136298872
2013-12-20,180.69,181.99,180.57,181.56,148.186695268919,197086908
2013-12-23,182.45,182.64,182.07,182.53,148.97839550251,85597541
2013-12-24,182.54,183.01,182.53,182.93,149.304869825641,45368841
2013-12-26,183.34,183.96,183.32,183.86,150.063922626919,63365227
2013-12-27,184.1,184.18,183.66,183.85,150.055760768841,61813841
2013-12-30,183.87,184.02,183.58,183.82,150.031275194606,56857458
2013-12-31,184.07,184.69,183.93,184.69,150.741356847415,86247638
2014-01-02,183.98,184.07,182.48,182.92,149.296707967562,119636836
2014-01-03,183.23,183.6,182.63,182.89,149.272222393328,81390502
2014-01-06,183.49,183.56,182.08,182.36,148.83964391518,108028139
2014-01-07,183.09,183.79,182.95,183.48,149.753772019945,86144169
2014-01-08,183.45,183.83,182.89,183.52,149.786419452258,96582234
2014-01-09,184.11,184.13,182.8,183.64,149.884361749197,90683302
2014-01-10,183.95,184.22,183.01,184.14,150.29245465311,102026318
2014-01-13,183.67,184.18,181.34,181.69,148.292799423936,149891938
2014-01-14,182.29,183.77,181.95,183.67,149.908847323432,105016055
2014-01-15,184.1,184.94,183.71,184.66,150.71687127318,98525721
2014-01-16,184.28,184.66,183.83,184.42,150.520986679302,72290520
2014-01-17,184.1,184.45,183.32,183.64,149.884361749197,107848616
2014-01-21,184.7,184.77,183.05,184.18,150.325102085423,88621138
2014-01-22,184.49,184.57,183.91,184.3,150.423044382363,61270816
2014-01-23,183.37,183.4,181.82,182.79,149.190603812545,132496880
2014-01-24,181.6,181.66,178.83,178.89,146.007479162023,208677093
2014-01-27,179.06,179.52,177.12,178.01,145.289235651136,180843004
2014-01-28,178.14,179.3,178.12,179.07,146.154392607432,110463152
2014-01-29,177.58,178.55,176.88,177.35,144.750553017971,216597269
2014-01-30,178.83,179.81,178.26,179.23,146.284982336684,118938051
2014-01-31,177.01,179.29,176.92,178.18,145.427987238466,194677861
2014-02-03,177.97,178.37,173.83,174.17,142.155082149083,254837004
2014-02-04,174.95,175.84,174.11,175.39,143.150828834631,165012351
2014-02-05,174.78,175.56,173.71,175.17,142.97126795691,164230470
2014-02-06,175.58,177.48,175.22,177.48,144.856657172988,132877526
2014-02-07,178.31,179.87,177.73,179.68,146.652265950206,170787197
2014-02-10,179.7,180.07,179.21,180.01,146.921607266788,92218729
2014-02-11,180.16,182.44,180.04,181.98,148.529493308206,117814009
2014-02-12,182.25,182.83,181.71,182.07,148.60295003091,94717638
2014-02-13,180.84,183.2,180.83,183.01,149.370164690267,100542155
2014-02-14,182.84,184.36,182.67,184.02,150.194512356171,96498305
2014-02-18,184.18,184.49,183.65,184.24,150.374073233893,80460878
2014-02-19,183.76,184.95,182.87,183.02,149.378326548345,126524261
2014-02-20,183.27,184.52,182.6,184.1,150.259807220797,104998099
2014-02-21,184.45,184.89,183.8,183.89,150.088408201154,118116359
2014-02-24,184.28,186.15,184.2,184.91,150.920917725137,114063868
2014-02-25,185.06,185.59,184.23,184.84,150.863784718589,117084901
2014-02-26,185.11,185.6,184.33,184.85,150.871946576667,98677144
2014-02-27,184.58,185.87,184.37,185.82,151.663646810258,93880780
2014-02-28,185.79,187.15,185.05,186.29,152.047254139937,150842000
2014-03-03,184.65,185.45,183.75,184.98,150.978050731684,167448668
2014-03-04,186.79,187.98,186.75,187.58,153.100133832032,167545852
2014-03-05,187.74,188.07,187.45,187.75,153.238885419363,88376859
2014-03-06,188.21,188.61,187.78,188.18,153.589845316728,82516500
2014-03-07,188.96,188.96,187.43,188.26,153.655140181354,114513432
2014-03-10,187.97,188.23,187.08,188.16,153.573521600572,74939176
2014-03-11,188.44,188.71,186.8,187.23,152.814468799293,99009013
2014-03-12,186.32,187.35,185.9,187.28,152.855278089685,104824323
2014-03-13,187.84,187.99,184.66,185.18,151.14128789325,155014237
2014-03-14,184.85,185.8,184.44,184.66,150.71687127318,153919598
2014-03-17,185.59,186.77,185.51,186.33,152.07990157225,98359454
2014-03-18,186.71,187.91,186.51,187.66,153.165428696658,101804519
2014-03-19,187.68,187.94,185.47,186.66,152.349242888832,176267253
2014-03-20,186.25,187.89,185.92,187.75,153.238885419363,117240972
2014-03-21,187.71,189.02,186.03,186.2,152.646832396224,163127905
2014-03-24,186.84,187.07,184.62,185.43,152.015586096841,121411145
2014-03-25,186.37,186.94,185.27,186.31,152.737010438993,103851737
2014-03-26,187.04,187.34,184.92,184.97,151.638477917989,119842897
2014-03-27,184.75,185.34,183.9,184.58,151.318755766353,142382757
2014-03-28,185.11,186.42,185.0,185.49,152.064774120169,101641547
2014-03-31,186.67,187.3,185.52,187.01,153.310870711159,99744911
2014-04-01,187.62,188.36,187.0,188.25,154.327423193282,89193125
2014-04-02,188.49,189.13,188.14,188.88,154.843897438232,78680761
2014-04-03,189.17,189.22,188.05,188.63,154.63894734103,77435320
2014-04-04,189.66,189.7,186.1,186.4,152.810792473986,169380705
2014-04-07,185.95,186.26,183.96,184.34,151.122003673039,140802699
2014-04-08,184.26,185.4,183.59,185.1,151.745051968534,112659755
2014-04-09,185.6,187.15,185.06,187.09,153.376454742264,100253612
2014-04-10,187.08,187.17,182.93,183.16,150.154639214245,172959331
2014-04-11,182.14,183.42,181.31,181.51,148.80196857271,167250792
2014-04-14,182.93,183.37,181.44,182.94,149.974283128707,132381601
2014-04-15,183.32,184.33,181.51,184.2,151.007231618606,157092533
2014-04-16,185.47,186.14,184.65,186.13,152.589446369007,105196633
2014-04-17,185.88,186.91,185.56,186.39,152.802594470098,105254649
2014-04-21,186.44,187.1,186.21,187.04,153.335464722823,68329343
2014-04-22,187.23,188.4,187.13,187.89,154.032295053311,85790307
2014-04-23,187.82,187.92,187.3,187.45,153.671582882235,73869384
2014-04-24,188.37,188.39,186.93,187.83,153.983107029982,88169916
2014-04-25,187.22,187.33,185.87,186.29,152.720614431217,100380205
2014-04-28,187.05,187.69,184.96,186.88,153.204296660614,135121094
2014-04-29,187.48,188.04,187.08,187.75,153.917522998878,84097551
2014-04-30,187.44,188.5,187.18,188.31,154.376611216611,101507717
2014-05-01,188.22,188.84,187.73,188.33,154.393007224387,93019095
2014-05-02,188.31,189.14,187.78,188.06,154.171661119408,98121662
2014-05-05,187.14,188.55,186.62,188.42,154.46678925938,75882739
2014-05-06,188.0,188.13,186.74,186.78,153.122316621733,85454226
2014-05-07,187.41,187.97,186.01,187.88,154.024097049423,106500480
2014-05-08,187.71,189.05,187.08,187.68,153.860136971661,93617513
2014-05-09,187.71,188.04,186.83,187.96,154.089681080528,83678568
2014-05-12,188.8,189.88,188.0,189.79,155.589915792048,86940045
2014-05-13,190.04,190.42,189.77,189.96,155.729281858145,66453965
2014-05-14,189.79,189.88,188.79,189.06,154.991461508217,72366848
2014-05-15,188.68,188.72,186.48,187.4,153.630592862795,154956399
2014-05-16,187.51,188.13,186.72,188.05,154.16346311552,97457678
2014-05-19,187.69,188.89,187.52,188.74,154.729125383799,63839398
2014-05-20,188.65,188.67,187.07,187.55,153.753562921116,111644478
2014-05-21,188.09,189.22,188.06,189.13,155.048847535434,89093285
2014-05-22,189.18,189.98,188.86,189.59,155.425955714286,61549345
2014-05-23,189.76,190.48,189.59,190.35,156.049004009781,60156088
2014-05-27,191.06,191.58,190.95,191.52,157.008170464687,72010355
2014-05-28,191.52,191.82,191.06,191.38,156.893398410254,66722865
2014-05-29,191.82,192.4,191.33,192.37,157.705000795175,64376573
2014-05-30,192.19,192.8,192.03,192.68,157.959138915706,76315640
2014-06-02,192.95,192.99,191.97,192.9,158.139495001244,64655648
2014-06-03,192.43,192.9,192.25,192.8,158.057514962363,65047193
2014-06-04,192.47,193.3,192.27,193.19,158.377237113998,55529372
2014-06-05,193.41,194.65,192.7,194.45,159.410185603898,92102592
2014-06-06,194.87,195.43,194.78,195.38,160.17259996549,78696219
2014-06-09,195.35,196.05,195.17,195.58,160.336560043252,65118828
2014-06-10,195.34,195.64,194.92,195.6,160.352956051028,57129440
2014-06-11,194.9,195.12,194.48,194.92,159.795491786638,68772479
2014-06-12,194.69,194.8,193.11,193.54,158.664167250081,106350200
2014-06-13,193.92,194.32,193.3,194.13,159.147849479479,82017278
2014-06-16,193.89,194.7,193.66,194.29,159.279017541688,87424332
2014-06-17,194.02,194.97,193.81,194.83,159.721709751645,84833876
2014-06-18,194.83,196.37,194.4,196.26,160.894024307642,105266767
2014-06-19,196.43,196.6,195.8,196.48,161.07438039318,85928920
2014-06-20,196.03,196.1,195.7,195.94,161.399587009416,100587108
2014-06-23,195.99,196.05,195.52,195.88,161.350163843036,70611486
2014-06-24,195.53,196.5,194.48,194.7,160.378174904223,96236917
2014-06-25,194.29,195.78,194.25,195.58,161.103048011134,82781912
2014-06-26,195.61,195.63,194.13,195.44,160.98772728958,84311822
2014-06-27,194.98,195.88,194.89,195.82,161.300740676656,71453616
2014-06-30,195.7,196.17,195.53,195.72,161.218368732688,70504228
2014-07-01,196.2,197.63,196.13,197.03,162.297441198659,90470121
2014-07-02,197.05,197.48,196.96,197.23,162.462185086594,52474832
2014-07-03,197.79,198.29,197.64,198.2,163.261192943076,52938832
2014-07-07,197.82,197.98,197.22,197.51,162.692826529702,61696447
2014-07-08,197.15,197.22,195.76,196.24,161.646702841318,108142552
2014-07-09,196.73,197.3,196.31,197.12,162.37157594823,72992322
2014-07-10,195.22,196.86,195.06,196.34,161.729074785285,99040407
2014-07-11,196.22,196.75,195.78,196.61,161.951479033997,64243410
2014-07-14,197.61,197.86,197.44,197.6,162.766961279273,58657919
2014-07-15,197.72,198.1,196.36,197.23,162.462185086594,111346230
2014-07-16,198.11,198.26,197.42,197.96,163.063500277555,80073242
2014-07-17,197.35,198.1,195.43,195.71,161.210131538292,145398459
2014-07-18,196.35,197.91,196.24,197.71,162.857570417637,124330419
2014-07-21,197.09,197.5,196.43,197.34,162.552794224958,67591618
2014-07-22,198.01,198.56,197.87,198.2,163.261192943076,67677602
2014-07-23,198.5,198.85,198.1,198.64,163.623629496532,65611830
2014-07-24,198.83,199.06,198.45,198.65,163.631866690929,56888093
2014-07-25,198.09,198.26,197.33,197.72,162.865807612033,76837257
2014-07-28,197.76,198.09,196.62,197.8,162.931705167207,69258785
2014-07-29,198.17,198.45,196.92,196.95,162.231543643485,80466351
2014-07-30,197.65,197.91,196.16,196.98,162.256255226676,104222452
2014-07-31,195.61,195.78,192.97,193.09,159.05198660635,183479441
2014-08-01,192.56,193.76,191.57,192.5,158.565992136943,189260864
2014-08-04,192.87,194.3,192.05,193.89,159.710962158088,91340487
2014-08-05,193.1,193.6,191.31,192.01,158.162369611504,152690379
2014-08-06,191.11,192.89,191.08,192.07,158.211792777884,94818317
2014-08-07,192.94,193.13,190.55,191.03,157.355124560625,135733421
2014-08-08,191.46,193.37,190.95,193.24,159.175544522301,117014384
2014-08-11,193.97,194.66,193.71,193.8,159.636827408517,74543691
2014-08-12,193.61,194.15,192.94,193.53,159.414423159806,73631640
2014-08-13,194.29,195.06,193.96,194.84,160.493495625777,68926041
2014-08-14,195.16,195.76,194.98,195.76,161.251317510275,57370793
2014-08-15,196.47,196.65,194.31,195.72,161.218368732688,139950669
2014-08-18,196.8,197.45,196.69,197.36,162.569268613751,75424360
2014-08-19,197.84,198.54,197.44,198.39,163.417699636614,59134709
2014-08-20,198.12,199.16,198.08,198.92,163.85427093964,72762541
2014-08-21,199.09,199.76,198.93,199.5,164.33202821465,67790690
2014-08-22,199.34,199.69,198.74,199.19,164.076675188352,76107359
2014-08-25,200.14,200.59,199.15,200.2,164.908631822421,63855022
2014-08-26,200.33,200.82,200.28,200.33,165.015715349578,47298324
2014-08-27,200.43,200.57,199.94,200.25,164.949817794405,47873708
2014-08-28,199.59,200.27,199.39,200.14,164.859208656041,58330373
2014-08-29,200.45,200.73,199.82,200.71,165.328728736654,65906598
2014-09-02,200.97,201.0,199.86,200.61,165.246356792687,72425793
2014-09-03,201.38,201.41,200.22,200.5,165.155747654323,57461742
2014-09-04,200.84,201.58,199.66,200.21,164.916869016818,85236442
2014-09-05,200.17,201.19,199.41,201.11,165.658216512523,102176784
2014-09-08,200.92,201.21,200.0,200.59,165.229882403893,64145745
2014-09-09,200.41,200.55,198.91,199.32,164.183758715509,88590876
2014-09-10,199.43,200.2,198.77,200.07,164.801548295263,67251103
2014-09-11,199.27,200.33,199.12,200.3,164.991003766388,66823558
2014-09-12,200.1,200.12,198.56,199.13,164.027252021971,117478516
2014-09-15,199.16,199.32,198.38,198.98,163.903694106021,76401421
2014-09-16,198.61,200.84,198.5,200.48,165.139273265529,116200722
2014-09-17,200.77,201.68,199.75,200.75,165.361677514241,151265896
2014-09-18,201.36,201.85,201.1,201.82,166.24305731469,94990300
2014-09-19,201.52,201.9,200.29,200.7,166.094120602803,121649147
2014-09-22,200.35,200.38,198.73,199.15,164.81138075759,125552758
2014-09-23,198.43,199.26,197.95,198.01,163.867946290787,111393319
2014-09-24,198.04,199.69,197.52,199.56,165.150686136001,107275635
2014-09-25,199.04,199.05,196.27,196.34,162.485897554332,150300028
2014-09-26,196.7,198.39,196.42,197.9,163.776913140482,103546740
2014-09-29,196.2,197.89,196.05,197.54,163.478986466755,95111605
2014-09-30,197.69,198.3,196.61,197.02,163.048647938038,131302082
2014-10-01,196.7,196.77,193.91,194.35,160.839025107896,177797862
2014-10-02,194.18,195.06,192.35,194.38,160.863852330707,157285182
2014-10-03,195.68,196.94,195.08,196.52,162.634860891195,121568769
2014-10-06,197.34,197.6,195.58,196.29,162.444518849647,104778335
2014-10-07,195.28,195.72,193.22,193.26,159.936969345778,147913498
2014-10-08,193.37,196.92,192.36,196.64,162.734169782437,186461453
2014-10-09,196.33,196.6,192.58,192.74,159.506630817062,210704601
2014-10-10,192.69,193.65,190.49,190.54,157.685967810952,221908954
2014-10-13,190.46,191.15,187.3,187.41,155.095660897715,230938833
2014-10-14,188.42,189.82,187.04,187.7,155.335657384884,215846527
2014-10-15,185.16,187.69,181.92,186.43,154.284638285902,380714598
2014-10-16,183.06,187.58,182.89,186.27,154.152226430912,270391488
2014-10-17,188.42,189.75,187.62,188.47,155.972889437022,214624921
2014-10-20,188.13,190.45,188.07,190.3,157.487350028467,130010813
2014-10-21,191.68,194.2,191.48,194.07,160.607304361664,154948579
2014-10-22,194.41,194.91,192.61,192.69,159.465252112377,151822409
2014-10-23,194.62,196.2,194.26,194.93,161.319018082234,154944169
2014-10-24,195.25,196.49,194.49,196.43,162.560379222763,117927286
2014-10-27,195.73,196.45,195.03,196.16,162.336934217468,82953689
2014-10-28,196.82,198.42,196.73,198.41,164.198975928262,106735936
2014-10-29,198.55,199.12,196.8,198.11,163.950703700156,142557417
2014-10-30,197.58,199.95,197.4,199.38,165.001722799137,113329976
2014-10-31,201.78,201.82,200.77,201.66,166.888591732742,146902554
2014-11-03,201.92,202.45,201.31,201.77,166.979624883047,93734143
2014-11-04,201.23,201.6,200.06,201.07,166.400323017467,93342777
2014-11-05,202.54,202.59,201.45,202.34,167.451342116448,91708574
2014-11-06,202.39,203.26,201.64,203.15,168.121677132334,107089076
2014-11-07,203.17,203.6,202.61,203.34,168.278916210134,89539712
2014-11-10,203.38,204.04,203.13,203.98,168.808563630094,66318964
2014-11-11,204.06,204.31,203.65,204.18,168.974078448831,54499375
2014-11-12,203.35,204.24,203.31,203.96,168.79201214822,90120295
2014-11-13,204.16,204.83,203.21,204.19,168.982354189768,85357918
2014-11-14,204.1,204.49,203.72,204.24,169.023732894452,80417514
2014-11-17,203.85,204.58,203.65,204.37,169.131317526631,80440954
2014-11-18,204.44,205.92,204.44,205.55,170.107854957181,76068107
2014-11-19,205.31,205.55,204.3,205.22,169.834755506264,82373009
2014-11-20,204.26,205.71,204.18,205.58,170.132682179991,72840326
2014-11-21,207.64,207.84,205.98,206.68,171.043013683046,142327285
2014-11-24,207.17,207.39,206.91,207.26,171.523006657384,65880759
2014-11-25,207.54,207.79,206.8,207.11,171.398870543331,79108301
2014-11-26,207.29,207.76,207.03,207.64,171.837484812985,62167832
2014-11-28,207.49,207.87,206.91,207.2,171.473352211763,57890088
2014-12-01,206.4,206.54,205.38,205.76,170.281645516855,103968354
2014-12-02,205.81,207.34,205.78,207.09,171.382319061457,74507192
2014-12-03,207.3,208.15,207.1,207.89,172.044378336406,68951968
2014-12-04,207.54,208.27,206.7,207.66,171.854036294858,91316591
2014-12-05,207.87,208.47,207.55,208.0,172.135411486712,91025470
2014-12-08,207.52,208.12,205.93,206.61,170.985083496488,108588152
2014-12-09,204.37,206.6,203.91,206.47,170.869223123372,125180054
2014-12-10,205.91,205.98,202.93,203.16,168.129952873271,159856394
2014-12-11,203.88,206.19,203.71,204.19,168.982354189768,159012805
2014-12-12,202.64,203.82,200.85,200.89,166.251359680603,202330191
2014-12-15,201.98,202.53,198.78,199.51,165.109307431317,189965750
2014-12-16,198.58,202.4,197.86,197.91,163.785188881419,259543848
2014-12-17,198.44,202.34,198.29,201.79,166.996176364921,253910092
2014-12-18,204.740005,212.970001,203.919998,206.779999,171.125770264841,257633900
2014-12-19,206.43,207.33,205.61,206.52,171.849832218462,245084590
2014-12-22,206.75,207.47,206.46,207.47,172.640348103643,148318934
2014-12-23,208.17,208.23,207.4,207.75,172.873342259276,122167931
2014-12-24,208.02,208.34,207.72,207.77,172.889984698964,42963399
2014-12-26,208.31,208.85,208.25,208.44,173.447506428512,57326703
2014-12-29,208.22,208.97,208.14,208.72,173.680500584144,79643948
2014-12-30,208.21,208.37,207.51,207.6,172.748523961615,73540761
2014-12-31,207.99,208.19,205.39,205.54,171.03435267375,130333829
2015-01-02,206.38,206.88,204.18,205.43,170.942819255466,121465865
2015-01-05,204.17,204.37,201.35,201.72,167.855646693338,169632646
2015-01-06,202.09,202.72,198.86,199.82,166.274614922977,209151408
2015-01-07,201.42,202.72,200.88,202.31,168.346598664135,125346709
2015-01-08,204.01,206.16,203.99,205.9,171.333916588134,147217784
2015-01-09,206.4,206.42,203.51,204.25,169.960915313873,158567288
2015-01-12,204.41,204.6,201.92,202.65,168.629520138831,144396067
2015-01-13,204.12,205.48,200.51,202.08,168.155210607723,214553306
2015-01-14,199.65,201.1,198.57,200.86,167.140021786754,192991092
2015-01-15,201.63,202.01,198.88,199.02,165.608917335456,176613906
2015-01-16,198.77,201.82,198.55,201.63,167.780755714742,211879605
2015-01-20,202.4,202.72,200.17,202.06,168.138568168035,130991069
2015-01-21,201.5,203.66,200.94,203.08,168.987332592124,122942707
2015-01-22,203.99,206.26,202.33,206.1,171.500340985014,174356029
2015-01-23,205.79,206.1,204.81,204.97,170.560043142641,117516753
2015-01-26,204.71,205.56,203.85,205.45,170.959461695154,92009711
2015-01-27,202.97,204.12,201.74,202.74,168.704411117427,134044598
2015-01-28,204.17,204.29,199.91,200.14,166.540893957985,168514312
2015-01-29,200.38,202.3,198.68,201.99,168.080319629127,173585424
2015-01-30,200.57,202.17,199.13,199.45,165.966729788748,197729724
2015-02-02,200.05,202.03,197.86,201.92,168.022071090219,163106969
2015-02-03,203.0,204.85,202.55,204.84,170.451867284669,124212881
2015-02-04,203.92,205.38,203.51,204.06,169.802812136836,134306728
2015-02-05,204.86,206.3,204.77,206.12,171.516983424702,97953181
2015-02-06,206.56,207.24,204.92,205.55,171.042673893594,125672026
2015-02-09,204.77,205.64,204.14,204.63,170.277121667945,87219016
2015-02-10,205.88,207.12,204.68,206.81,172.091147593939,96164183
2015-02-11,206.61,207.45,205.83,206.93,172.191002232067,91087785
2015-02-12,207.89,208.99,206.97,208.92,173.846924981025,97545949
2015-02-13,209.07,209.84,208.76,209.78,174.562549887609,93670430
2015-02-17,209.4,210.32,209.1,210.11,174.837150142462,76968199
2015-02-18,209.66,210.22,209.34,210.13,174.85379258215,80652941
2015-02-19,209.41,210.42,209.24,209.98,174.728974284489,91462491
2015-02-20,209.48,211.33,208.73,211.24,175.777447984834,140896392
2015-02-23,210.94,211.21,210.48,211.21,175.752484325302,74411054
2015-02-24,211.12,212.05,210.76,211.81,176.251757515943,72472263
2015-02-25,211.66,212.24,211.22,211.63,176.101975558751,73061687
2015-02-26,211.52,211.71,210.65,211.38,175.893945062651,72697868
2015-02-27,211.26,211.58,210.6,210.66,175.294817233882,108075972
2015-03-02,210.78,212.06,210.72,211.99,176.401539473135,87491428
2015-03-03,211.47,212.05,210.08,211.12,175.677593346706,110325809
2015-03-04,210.4,210.49,209.06,210.23,174.93700478059,114497192
2015-03-05,210.619995,210.800003,209.850006,210.460007,175.128398661856,76873000
2015-03-06,210.46,210.46,207.1,207.5,172.665311763175,188127982
2015-03-09,207.74,208.79,207.55,208.36,173.38093666976,89818893
2015-03-10,206.71,206.81,204.93,204.98,170.568364362485,157121263
2015-03-11,205.29,205.5,204.4,204.5,170.168945809973,110145718
2015-03-12,205.26,207.18,205.2,207.1,172.332462969415,93993523
2015-03-13,206.77,207.93,204.58,205.83,171.275668049226,162410893
2015-03-16,206.71,208.69,205.86,208.58,173.564003506328,136099192
2015-03-17,207.69,208.42,206.98,207.96,173.048087876,94510422
2015-03-18,207.39,211.27,206.62,210.46,175.128392837002,228808524
2015-03-19,209.96,210.47,209.03,209.5,174.329555731977,117917302
2015-03-20,209.71,211.02,209.49,210.41,175.861334202082,177715081
2015-03-23,210.42,211.11,210.0,210.0,175.518654923422,71784536
2015-03-24,209.85,210.4,208.74,208.82,174.532407243376,77805321
2015-03-25,209.07,209.35,205.71,205.76,171.974849700206,159521708
2015-03-26,204.96,206.37,204.12,205.27,171.565306172052,153067241
2015-03-27,205.13,205.95,204.9,205.74,171.958133637833,118938966
2015-03-30,206.979996,208.610001,206.960007,208.25,174.055999465727,96180400
2015-03-31,207.26,208.1,206.36,206.43,172.534837789724,126768703
2015-04-01,206.43,206.43,204.51,205.7,171.924701513085,137303584
2015-04-02,205.62,206.98,205.4,206.44,172.543195820911,86900906
2015-04-06,206.44,208.45,205.21,207.83,173.70496215588,114368155
2015-04-07,207.86,208.76,207.24,207.28,173.245270440604,81236337
2015-04-08,207.55,208.51,207.08,207.98,173.830332623682,89351939
2015-04-09,207.78,209.18,207.19,208.9,174.599271492871,85548854
2015-04-10,209.2,210.09,208.96,210.04,175.552087048169,72722915
2015-04-13,209.87,210.63,209.03,209.09,174.75807408542,74436594
2015-04-14,208.85,209.71,208.1,209.49,175.092395332894,75099866
2015-04-15,210.05,211.04,209.95,210.43,175.878050264456,99529320
2015-04-16,210.03,210.98,209.79,210.37,175.827902077335,68934864
2015-04-17,208.94,209.23,207.01,207.95,173.805258530122,191113230
2015-04-20,209.06,210.25,208.96,209.85,175.393284455619,92189481
2015-04-21,210.67,210.86,209.24,209.6,175.184333675949,72559831
2015-04-22,210.01,210.85,208.9,210.63,176.045210888192,78264616
2015-04-23,210.15,211.94,210.01,211.16,176.488186541094,102585942
2015-04-24,211.66,211.97,211.11,211.65,176.897730069249,61327387
2015-04-27,212.33,212.48,210.54,210.77,176.162223324808,79358126
2015-04-28,210.74,211.5,209.33,211.44,176.722211414325,86863531
2015-04-29,211.44,211.44,209.6,210.57,175.995062701071,125684903
2015-04-30,209.88,210.35,207.62,208.46,174.23151812065,161304890
2015-05-01,209.4,210.77,209.28,210.72,176.120433168874,103399711
2015-05-04,211.23,212.02,211.1,211.32,176.621915040083,70927235
2015-05-05,211.03,211.46,208.73,208.9,174.599271492871,113326156
2015-05-06,209.56,209.93,206.76,208.04,173.880480810803,135060151
2015-05-07,207.92,209.38,207.52,208.87,174.57419739931,88244940
2015-05-08,210.88,211.86,210.78,211.62,176.872655975688,155877260
2015-05-11,211.57,211.89,210.52,210.61,176.028494825819,75708065
2015-05-12,209.61,210.63,208.62,209.98,175.501938861048,119727592
2015-05-13,210.47,211.22,209.74,210.02,175.535370985796,94667943
2015-05-14,211.24,212.32,210.91,212.21,177.365779815711,95934006
2015-05-15,212.44,212.61,211.86,212.44,177.558014533008,76510099
2015-05-18,212.24,213.4,212.16,213.1,178.109644591339,74549685
2015-05-19,213.24,213.57,212.69,213.03,178.051138373031,72114610
2015-05-20,213.15,213.78,212.5,212.88,177.925767905229,76857530
2015-05-21,212.71,213.75,212.51,213.5,178.443965838812,64764585
2015-05-22,213.04,213.54,212.91,212.99,178.017706248284,57433495
2015-05-26,212.4,212.91,210.2,210.7,176.1037171065,124308584
2015-05-27,211.25,212.98,210.76,212.7,177.775323343866,93213981
2015-05-28,212.33,212.59,211.63,212.46,177.574730595382,74974560
2015-05-29,212.38,212.43,210.82,211.14,176.471470478721,124919611
2015-06-01,211.94,212.34,210.62,211.57,176.830865819754,93338750
2015-06-02,211.02,212.19,210.27,211.36,176.655347164831,91531012
2015-06-03,212.0,212.67,211.33,211.92,177.123396911293,87820909
2015-06-04,211.07,211.86,209.75,210.13,175.627309328851,151882820
2015-06-05,209.95,210.58,208.98,209.77,175.326420206125,121704676
2015-06-08,209.64,209.82,208.39,208.42,174.198085995903,89063330
2015-06-09,208.45,209.1,207.69,208.45,174.223160089463,105034690
2015-06-10,209.37,211.41,209.3,210.96,176.321025917358,134551285
2015-06-11,211.48,212.09,211.2,211.65,176.897730069249,73876447
2015-06-12,210.64,211.48,209.68,209.93,175.460148705114,135382369
2015-06-15,208.64,209.45,207.79,209.1,174.766432116607,124384184
2015-06-16,208.93,210.35,208.72,210.25,175.727605703093,85308227
2015-06-17,210.59,211.32,209.36,210.59,176.011778763445,126708635
2015-06-18,211.31,213.34,210.63,212.71,177.783681375053,165867949
2015-06-19,211.46,211.55,210.36,210.81,177.056591168017,130478689
2015-06-22,211.91,212.59,211.64,211.89,177.96366919307,70696027
2015-06-23,212.14,212.44,211.57,212.05,178.098051122708,68476797
2015-06-24,211.72,212.17,210.47,210.51,176.804625049947,92307318
2015-06-25,211.1,211.25,209.77,209.83,176.233501848987,97107361
2015-06-26,210.29,210.58,209.16,209.9,176.292293943204,104174840
2015-06-29,208.05,209.83,205.33,205.47,172.571594266365,202621332
2015-06-30,207.26,207.32,205.28,205.89,172.924346831664,182925106
2015-07-01,207.73,208.03,206.56,207.57,174.335357092857,135979873
2015-07-02,208.07,208.27,206.81,207.32,174.125385327799,104373652
2015-07-06,205.77,207.65,205.53,206.67,173.579458738646,117975369
2015-07-07,206.96,208.17,204.11,208.01,174.704907399361,173820249
2015-07-08,206.42,206.76,204.25,204.53,171.782100429745,164020059
2015-07-09,207.04,207.35,204.77,204.8,172.008869936008,144113107
2015-07-10,207.29,207.98,204.95,207.48,174.259767257436,129456890
2015-07-13,208.99,209.9,208.94,209.76,176.174709754771,106069400
2015-07-14,209.72,211.05,209.65,210.72,176.981001332596,81709575
2015-07-15,210.73,211.28,210.04,210.63,176.905411497175,97914141
2015-07-16,211.87,212.3,211.58,212.27,178.282826275959,106683266
2015-07-17,212.29,212.55,211.8,212.47,178.450803688006,89029973
2015-07-20,212.75,213.18,212.21,212.62,178.576786747041,70446821
2015-07-21,212.43,212.74,211.39,211.76,177.85448387524,77965048
2015-07-22,210.93,211.77,210.89,211.29,177.459736956929,88667920
2015-07-23,211.53,211.65,209.75,210.14,176.49386683766,90509128
2015-07-24,210.3,210.37,207.6,207.94,174.646115305144,117754979
2015-07-27,208.0,208.0,206.26,206.74,173.638250832863,132361082
2015-07-28,207.79,209.5,206.8,209.31,175.796760577665,123544845
2015-07-29,209.48,211.04,209.31,210.77,177.022995685608,105791255
2015-07-30,210.16,211.02,209.42,210.82,177.064990038619,91304374
2015-07-31,211.42,211.45,210.16,210.45,176.754231826333,103266857
2015-08-03,210.46,210.53,208.65,209.73,176.149513142964,113965728
2015-08-04,209.7,210.25,208.8,209.32,175.805159448268,81820823
2015-08-05,210.45,211.31,209.73,210.1,176.46027135525,85786817
2015-08-06,210.29,210.42,207.65,208.35,174.99046899984,116030803
2015-08-07,208.16,208.34,206.87,207.92,174.629317563939,117857956
2015-08-10,209.28,210.67,209.28,210.63,176.905411497175,80270676
2015-08-11,208.97,209.47,207.76,208.66,175.250833988513,126081377
2015-08-12,207.11,209.14,205.36,208.92,175.469204624174,172123672
2015-08-13,208.73,209.55,208.01,208.7,175.284429470922,89383253
2015-08-14,208.43,209.51,208.26,209.36,175.838754930677,72786528
2015-08-17,208.71,210.59,208.16,210.56,176.846619402958,79072643
2015-08-18,210.26,210.68,209.7,209.93,176.317490555011,71692678
2015-08-19,209.09,210.01,207.35,208.28,174.931676905624,172864412
2015-08-20,206.51,208.29,203.9,204.01,171.345359158423,194327884
2015-08-21,201.73,203.94,197.52,197.63,165.986879714127,346588469
2015-08-24,187.490005,197.479996,182.399994,189.5,159.158597914422,507244300
2015-08-25,195.43,195.45,186.92,187.23,157.252054287689,369833071
2015-08-26,192.08,194.79,188.37,194.68,163.509212886436,339256986
2015-08-27,197.02,199.42,195.21,199.16,167.271906916286,274143906
2015-08-28,198.5,199.84,197.92,199.24,167.339097881105,160414352
2015-08-31,198.11,199.13,197.01,197.54,165.911289878706,163298816
2015-09-01,193.12,194.77,190.73,191.77,161.065141541154,256000392
2015-09-02,194.62,195.46,192.42,195.41,164.122330440407,160269331
2015-09-03,196.26,198.05,194.96,195.65,164.323903334863,152087836
2015-09-04,192.85,193.86,191.61,192.59,161.753848930546,207080961
2015-09-08,195.94,197.61,195.17,197.46,165.844098913888,116025739
2015-09-09,199.32,199.47,194.35,194.76,163.576403851255,149347735
2015-09-10,194.56,197.22,194.25,195.85,164.49188074691,158611063
2015-09-11,195.38,196.82,194.53,196.74,165.239380230519,119691212
2015-09-14,196.95,197.01,195.43,195.98,164.601066064741,79451983
2015-09-15,196.61,198.99,195.96,198.45,166.67558710352,113806176
2015-09-16,198.82,200.41,198.41,200.14,168.094996235316,99581557
2015-09-17,200.02,202.89,199.28,199.7,167.725445928813,276046618
2015-09-18,195.71,198.68,194.96,195.36,164.948300572053,223657456
2015-09-21,196.44,197.68,195.21,196.44,165.860176926567,105726209
2015-09-22,193.88,194.46,192.56,193.9,163.715578833544,153890876
2015-09-23,194.11,194.67,192.91,193.6,163.462279846179,92790620
2015-09-24,192.15,193.45,190.56,192.93,162.896578774397,159378840
2015-09-25,194.64,195.0,191.81,192.87,162.845918976924,155054777
2015-09-28,191.78,191.91,187.64,187.91,158.658042385824,178515871
2015-09-29,188.27,189.74,186.93,188.08,158.801578478664,159045572
2015-09-30,190.37,191.83,189.44,191.59,161.765176630834,163452044
2015-10-01,192.08,192.49,189.82,192.13,162.221114808091,131078964
2015-10-02,189.77,195.03,189.12,195.0,164.644341787215,211003342
2015-10-05,196.46,198.74,196.33,198.47,167.57416674107,126320842
2015-10-06,198.31,198.98,197.0,197.79,167.000022369709,110274530
2015-10-07,198.9,199.83,197.48,199.41,168.36783690148,124307295
2015-10-08,198.95,201.55,198.59,201.21,169.88763082567,153055231
2015-10-09,201.38,201.9,200.58,201.33,169.988950420616,107069240
2015-10-12,201.42,201.76,200.91,201.52,170.149373112614,56395585
2015-10-13,200.65,202.16,200.05,200.25,169.077074066102,88038718
2015-10-14,200.18,200.87,198.94,199.29,168.266517306534,99106161
2015-10-15,200.08,202.36,199.64,202.35,170.850166977657,134142195
2015-10-16,202.83,203.29,201.92,203.27,171.626950538909,114580052
2015-10-19,202.5,203.37,202.13,203.37,171.711383534697,76523897
2015-10-20,202.85,203.84,202.55,203.11,171.491857745648,78448484
2015-10-21,203.61,203.79,201.65,201.85,170.428001998715,102038033
2015-10-22,202.98,205.51,201.85,205.21,173.264950657202,174911723
2015-10-23,207.25,207.95,206.3,207.52,175.215352859912,144442340
2015-10-26,207.3,207.37,206.56,206.99,174.767857982234,69032965
2015-10-27,206.2,207.0,205.79,206.57,174.413239399923,77905770
2015-10-28,207.0,208.98,206.21,208.94,176.414301400107,135906725
2015-10-29,208.35,209.27,208.21,208.89,176.372084902212,90525498
2015-10-30,209.06,209.44,207.74,207.93,175.561528142645,131076942
2015-11-02,208.32,210.62,208.17,210.39,177.638579839037,86270811
2015-11-03,209.97,211.66,209.7,211.0,178.153621113346,95246052
2015-11-04,211.35,211.5,209.72,210.38,177.630136539458,96224477
2015-11-05,210.43,210.98,209.09,210.15,177.435940649145,78408744
2015-11-06,209.74,210.32,208.46,210.04,177.343064353778,110471473
2015-11-09,209.31,209.49,206.95,208.08,175.688177636327,131008660
2015-11-10,207.51,208.6,207.19,208.56,176.093456016111,75874602
2015-11-11,208.88,208.94,207.66,207.74,175.401105450647,67845971
2015-11-12,206.5,207.06,204.82,204.84,172.952548572786,121315200
2015-11-13,204.35,204.67,202.44,202.54,171.010589669654,153577050
2015-11-16,202.32,205.69,202.18,205.62,173.611125939934,117645231
2015-11-17,205.99,207.04,204.88,205.47,173.484476446252,121123744
2015-11-18,206.04,208.9,205.99,208.73,176.236992108951,121342544
2015-11-19,208.59,209.05,208.2,208.55,176.085012716532,88220465
2015-11-20,209.45,210.12,208.86,209.31,176.726703484523,94011519
2015-11-23,209.38,209.98,208.52,209.07,176.524064294631,64931172
2015-11-24,207.87,209.83,207.41,209.35,176.760476682839,98874365
2015-11-25,209.5,209.74,209.01,209.32,176.735146784102,51980062
2015-11-27,209.43,209.8,208.86,209.56,176.937785973994,37317779
2015-11-30,209.75,209.89,208.56,208.69,176.203218910636,112822700
2015-12-01,209.44,210.82,209.11,210.68,177.883435526823,97858418
2015-12-02,210.62,211.0,208.23,208.53,176.068126117374,108441259
2015-12-03,208.83,209.15,204.75,205.61,173.602682640356,166224154
2015-12-04,205.61,209.97,205.61,209.62,176.988445771467,192913879
2015-12-07,209.23,209.73,207.2,208.35,175.916146724955,102027111
2015-12-08,206.49,208.29,205.78,206.95,174.734084783919,103372367
2015-12-09,206.19,208.68,204.18,205.34,173.374713551727,162401537
2015-12-10,205.42,207.43,205.14,205.87,173.822208429405,116128884
2015-12-11,203.35,204.14,201.51,201.88,170.453331897451,211125329
2015-12-14,202.07,203.05,199.95,202.9,171.314548454492,182385177
2015-12-15,204.7,206.11,202.87,205.03,173.112971264783,154069569
2015-12-16,206.37,208.39,204.8,208.03,175.645961138433,197017008
2015-12-17,208.4,208.48,204.84,204.86,172.969435171943,173092476
2015-12-18,202.77,202.93,199.83,200.02,169.905826136262,251393535
2015-12-21,201.41,201.88,200.09,201.67,171.307409043596,99094290
2015-12-22,202.72,203.85,201.55,203.5,172.861891904456,111026246
2015-12-23,204.69,206.07,204.58,206.02,175.002491253838,110987228
2015-12-24,205.72,206.33,205.42,205.68,174.713680230509,48542150
2015-12-28,204.86,205.26,203.94,205.21,174.314441462965,65899939
2015-12-29,206.51,207.79,206.47,207.4,176.174724230881,92640672
2015-12-30,207.11,207.21,205.76,205.93,174.926041277075,63317679
2015-12-31,205.13,205.89,203.87,203.87,173.176186253373,114877859
2016-01-04,200.490005,201.029999,198.589996,201.020004,170.755273720302,222353500
2016-01-05,201.399994,201.899994,200.050003,201.360001,171.044082195298,110845800
2016-01-06,198.339996,200.059998,197.600006,198.820007,168.886499058856,152112600
2016-01-07,195.330002,197.440002,193.589996,194.050003,164.834646892606,213436100
2016-01-08,195.190002,195.850006,191.580002,191.919998,163.025326528646,209817200
2016-01-11,193.009995,193.410004,189.820007,192.110001,163.186723472368,187941300
2016-01-12,193.820007,194.550003,191.139999,193.660004,164.503364509408,172330500
2016-01-13,194.449997,194.860001,188.380005,188.830002,160.400547390871,221168900
2016-01-14,189.550003,193.259995,187.660004,191.929993,163.033816723288,240795600
2016-01-15,186.770004,188.759995,185.520004,187.809998,159.534110923106,314240200
2016-01-19,189.960007,190.110001,186.199997,188.059998,159.746471969672,195244400
2016-01-20,185.029999,187.5,181.020004,185.649994,157.699308083002,286547800
2016-01-21,186.210007,188.869995,184.639999,186.690002,158.582736832269,195772900
2016-01-22,189.779999,190.759995,188.880005,190.520004,161.836109764543,168319600
2016-01-25,189.919998,190.149994,187.410004,187.639999,159.389706260886,130371700
2016-01-26,188.419998,190.529999,188.020004,190.199997,161.56428167883,141036800
2016-01-27,189.580002,191.559998,187.059998,188.130005,159.80593900882,185681700
2016-01-28,189.960007,190.199997,187.160004,189.110001,160.63839091358,143798800
2016-01-29,190.020004,193.880005,189.880005,193.720001,164.554328612251,210529300
2016-02-01,192.529999,194.580002,191.839996,193.649994,164.494861573104,136061600
2016-02-02,191.960007,191.970001,189.539993,190.160004,161.530309857489,182564900
2016-02-03,191.410004,191.779999,187.100006,191.300003,162.498675380384,205054900
2016-02-04,190.710007,192.75,189.960007,191.600006,162.753511184595,139531800
2016-02-05,190.990005,191.669998,187.199997,187.949997,159.653032259739,180788300
2016-02-08,185.770004,186.119995,182.800003,185.419998,157.503939317939,191526700
2016-02-09,183.360001,186.940002,183.199997,185.429993,157.51242951258,184513100
2016-02-10,186.410004,188.339996,185.119995,185.270004,157.376527786664,148214100
2016-02-11,182.339996,184.100006,181.089996,182.860001,155.329364749439,219058900
2016-02-12,184.960007,186.649994,183.960007,186.630005,158.531772729426,127632400
2016-02-16,188.770004,189.809998,187.630005,189.779999,161.207516819488,120250700
2016-02-17,191.160004,193.320007,191.009995,192.880005,163.840798893567,136009500
2016-02-18,193.199997,193.270004,191.720001,192.089996,163.169730341422,102343000
2016-02-19,191.169998,192.179993,190.449997,192.0,163.093283762435,114793000
2016-02-22,193.869995,194.949997,193.789993,194.779999,165.454737750801,103640300
2016-02-23,194.0,194.320007,192.179993,192.320007,163.365111848149,111455300
2016-02-24,190.630005,193.529999,189.320007,193.199997,164.112614237618,150812200
2016-02-25,193.729996,195.550003,192.830002,195.539993,166.100310235696,110728300
2016-02-26,196.570007,196.679993,194.899994,195.089996,165.71806290021,129833700
2016-02-29,195.110001,196.229996,193.330002,193.559998,164.418414994117,125918100
2016-03-01,195.009995,198.210007,194.449997,198.110001,168.283388589945,141799700
2016-03-02,197.740005,199.059998,197.25,199.0,169.039393066274,102415000
2016-03-03,198.789993,199.800003,198.110001,199.779999,169.701958682115,95172200
2016-03-04,200.009995,201.350006,199.029999,200.429993,170.254092306521,129293600
2016-03-07,199.339996,201.070007,199.25,200.589996,170.390005924655,100219000
2016-03-08,199.320007,199.919998,198.210007,198.399994,168.529721457851,123974900
2016-03-09,199.360001,199.789993,198.429993,199.380005,169.362186104275,94801200
2016-03-10,199.960007,201.070007,197.380005,199.539993,169.498086980747,156838700
2016-03-11,201.259995,202.809998,199.520004,202.759995,172.233298959401,137964500
2016-03-14,202.160004,203.039993,201.770004,202.5,172.012447718194,73612000
2016-03-15,201.360001,202.529999,201.050003,202.169998,171.732129437838,93169100
2016-03-16,201.600006,203.820007,201.550003,203.339996,172.725977436877,129303200
2016-03-17,203.240005,205.229996,202.770004,204.630005,173.821768082154,134278500
2016-03-18,204.169998,204.779999,203.800003,204.380005,174.500987051266,138372400
2016-03-21,204.070007,204.940002,203.800003,204.669998,174.748584974253,72926700
2016-03-22,203.759995,205.229996,203.570007,204.559998,174.654666253703,97471900
2016-03-23,204.110001,204.330002,203.009995,203.210007,173.502035094846,81052500
2016-03-24,202.0,203.160004,201.740005,203.119995,173.425182259626,84360900
2016-03-28,203.610001,203.860001,202.710007,203.240005,173.527647583746,62408200
2016-03-29,202.759995,205.25,202.399994,205.119995,175.132795360538,92922900
2016-03-30,206.300003,206.869995,205.589996,206.020004,175.901228940208,86365300
2016-03-31,205.910004,206.410004,205.330002,205.520004,175.47432566498,94584100
2016-04-01,204.350006,207.139999,203.979996,206.919998,176.669649712779,114423500
2016-04-04,206.830002,207.070007,205.889999,206.25,176.097601031587,63497000
2016-04-05,204.669998,206.259995,203.889999,204.190002,174.33876124526,99662200
2016-04-06,204.190002,206.490005,203.979996,206.419998,176.242746437551,91839800
2016-04-07,205.139999,205.559998,203.089996,203.949997,174.133843404118,113859000
2016-04-08,205.339996,205.850006,203.869995,204.5,174.603439568288,95040600
2016-04-11,205.25,206.070007,203.910004,204.020004,174.193615839296,83757500
2016-04-12,204.220001,206.25,203.699997,205.919998,175.815843162323,115350600
2016-04-13,207.0,208.100006,206.839996,208.0,177.591762494885,96336400
2016-04-14,208.070007,208.600006,207.600006,208.009995,177.600296291357,65212900
2016-04-15,208.009995,208.169998,207.399994,207.779999,177.403924199978,75761600
2016-04-18,207.779999,209.279999,207.0,209.240005,178.650486886483,75277700
2016-04-19,209.740005,210.199997,208.940002,209.899994,179.213989817912,88316100
2016-04-20,209.949997,210.919998,209.389999,210.100006,179.384761373682,81100300
2016-04-21,210.119995,210.25,208.649994,208.970001,178.419955702634,85695000
2016-04-22,208.550003,209.289993,207.910004,208.970001,178.419955702634,99251700
2016-04-25,208.259995,208.660004,207.539993,208.610001,178.11258534447,66166500
2016-04-26,209.039993,209.520004,208.360001,208.919998,178.377262813692,75864200
2016-04-27,208.470001,209.809998,208.050003,209.350006,178.74440646084,77329400
2016-04-28,208.460007,209.759995,206.960007,207.449997,177.122166330714,97216200
2016-04-29,206.720001,207.130005,205.029999,206.330002,176.165907263236,142424100
2016-05-02,206.919998,208.179993,206.410004,207.970001,177.566149152178,62188000
2016-05-03,206.520004,206.800003,205.279999,206.160004,176.020761857272,101267500
2016-05-04,204.990005,205.850006,204.419998,205.009995,175.038876639988,92243800
2016-05-05,205.559998,205.979996,204.470001,204.970001,175.004729500809,67619200
2016-05-06,204.059998,205.770004,203.880005,205.720001,175.645084413651,83784900
2016-05-09,205.570007,206.399994,205.360001,205.889999,175.790229819616,74374900
2016-05-10,206.720001,208.470001,206.639999,208.449997,177.975972881171,77472200
2016-05-11,207.910004,208.539993,206.5,206.5,176.311052669201,81727000
2016-05-12,207.289993,207.490005,205.369995,206.559998,176.362279354615,89586300
2016-05-13,206.210007,206.860001,204.380005,204.759995,174.825425002374,96474600
2016-05-16,204.960007,207.339996,204.889999,206.779999,176.550117649522,77486800
2016-05-17,206.460007,206.800003,204.229996,204.850006,174.902276983787,114924900
2016-05-18,204.440002,206.300003,203.630005,204.910004,174.953503669202,120062100
2016-05-19,204.059998,204.539993,202.779999,204.199997,174.347295041732,115430500
2016-05-20,204.919998,206.100006,204.860001,205.490005,175.448712322273,104990400
2016-05-23,205.509995,205.839996,204.990005,205.210007,175.209648195758,58682600
2016-05-24,206.169998,208.240005,206.139999,207.869995,177.480763374293,93537800
2016-05-25,208.669998,209.770004,207.869995,209.279999,178.684634025662,76621400
2016-05-26,209.440002,209.710007,208.970001,209.339996,178.73585985727,55280700
2016-05-27,209.529999,210.25,209.470001,210.240005,179.50429343694,59329000
2016-05-31,210.559998,210.690002,209.179993,209.839996,179.162763132498,109879400
2016-06-01,209.119995,210.479996,208.889999,210.270004,179.529906779647,69936200
2016-06-02,209.800003,210.929993,209.240005,210.910004,180.076342971939,63044700
2016-06-03,210.25,210.690002,208.860001,210.279999,179.538440576119,101757100
2016-06-06,210.699997,211.770004,210.509995,211.350006,180.452019561753,64887000
2016-06-07,211.529999,212.339996,211.5,211.679993,180.733764623918,60974800
2016-06-08,211.839996,212.520004,211.690002,212.369995,181.322892851346,66170900
2016-06-09,211.509995,212.220001,211.190002,212.080002,181.075294928359,73786900
2016-06-10,210.460007,210.860001,209.429993,210.070007,179.359148030975,113829200
2016-06-13,209.360001,210.369995,208.350006,208.449997,177.975972881171,117751200
2016-06-14,208.0,208.740005,206.919998,208.039993,177.625908780257,125059300
2016-06-15,208.039993,209.360001,207.529999,207.75,177.378310857271,109124500
2016-06-16,207.75,208.570007,205.589996,208.369995,177.907666649521,149533100
2016-06-17,207.169998,207.199997,205.75,206.520004,177.248913059323,117055700
2016-06-20,208.820007,209.610001,207.75,207.850006,178.390407366416,82789600
2016-06-21,208.300003,208.919998,207.779999,208.440002,178.89678034571,72461700
2016-06-22,208.649994,209.5,207.929993,208.100006,178.604973642837,95560500
2016-06-23,209.809998,210.869995,209.270004,210.809998,180.930865213125,102731400
2016-06-24,203.630005,210.850006,202.720001,203.240005,174.433804370938,333444400
2016-06-27,201.589996,201.600006,198.649994,199.600006,171.309720244507,230775800
2016-06-28,201.479996,203.229996,201.119995,203.199997,174.39946690059,159382400
2016-06-29,204.839996,206.929993,204.720001,206.660004,177.369070174119,137328600
2016-06-30,207.210007,209.539993,206.559998,209.479996,179.789370906033,165021900
2016-07-01,209.479996,210.490005,209.289993,209.919998,180.167009269065,106055300
2016-07-05,208.949997,209.080002,207.710007,208.410004,178.87103410907,109803700
2016-07-06,207.830002,209.800003,207.059998,209.660004,179.943865491177,96021500
2016-07-07,209.869995,210.649994,208.630005,209.529999,179.832286736112,85593800
2016-07-08,211.050003,212.940002,210.779999,212.649994,182.510069574527,133971000
2016-07-11,213.190002,214.070007,212.949997,213.399994,183.153768403791,73633900
2016-07-12,214.529999,215.300003,213.429993,214.949997,184.4840818924,101275600
2016-07-13,215.440002,215.449997,214.350006,214.919998,184.458334797494,87324100
2016-07-14,216.399994,216.669998,215.660004,216.119995,185.488250349522,91230900
2016-07-15,216.779999,217.009995,215.309998,215.830002,185.239359476729,107155400
2016-07-18,215.970001,216.600006,215.669998,216.410004,185.737154954557,58725900
2016-07-19,215.919998,216.229996,215.630005,216.190002,185.548334914776,54345700
2016-07-20,216.190002,217.369995,216.190002,217.089996,186.320768360303,58159500
2016-07-21,216.960007,217.220001,215.75,216.270004,185.616997839761,67777300
2016-07-22,216.410004,217.300003,216.100006,217.240005,186.449515850542,62787500
2016-07-25,217.0,217.059998,215.970001,216.649994,185.943129997271,55873100
2016-07-26,216.529999,217.169998,215.759995,216.75,186.02896165743,70080500
2016-07-27,217.190002,217.270004,215.619995,216.520004,185.831564116183,84083900
2016-07-28,216.289993,217.110001,215.75,216.770004,186.046130392604,65035700
2016-07-29,216.460007,217.539993,216.130005,217.119995,186.346515455208,79519400
2016-08-01,217.190002,217.649994,216.410004,216.940002,186.192033744041,73311400
2016-08-02,216.649994,216.830002,214.570007,215.550003,184.999046105402,92295500
2016-08-03,215.479996,216.25,215.130005,216.179993,185.539744539333,53993600
2016-08-04,216.309998,216.779999,214.25,216.410004,185.737154954557,46585500
2016-08-05,216.410004,218.229996,216.410004,218.179993,187.256274750705,71892200
2016-08-08,218.399994,218.520004,217.740005,218.050003,187.144708869617,39906500
2016-08-09,218.130005,218.759995,217.800003,218.179993,187.256274750705,51251700
2016-08-10,218.309998,218.399994,217.229996,217.639999,186.792816743225,57941100
2016-08-11,218.259995,218.940002,217.949997,218.649994,187.659660208643,72504300
2016-08-12,218.289993,218.710007,217.990005,218.460007,187.496600996009,61313500
2016-08-15,218.889999,219.5,218.880005,219.089996,188.037298571675,49813500
2016-08-16,218.600006,218.679993,217.960007,217.960007,187.067468443166,53213600
2016-08-17,218.0,218.529999,217.020004,218.369995,187.419346837316,75134300
2016-08-18,218.339996,218.899994,218.210007,218.860001,187.839901888692,52989300
2016-08-19,218.309998,218.75,217.740005,218.539993,187.565250188752,75443000
2016-08-22,218.259995,218.800003,217.830002,218.529999,187.556672687286,61368800
2016-08-23,219.25,219.600006,218.899994,218.970001,187.934311050318,53399200
2016-08-24,218.800003,218.910004,217.360001,217.850006,186.973058423275,71728900
2016-08-25,217.399994,218.190002,217.220001,217.699997,186.844310933036,69224800
2016-08-26,217.919998,219.119995,216.25,217.289993,186.492418806645,122506300
2016-08-29,217.440002,218.669998,217.399994,218.360001,187.410769335849,70502200
2016-08-30,218.259995,218.589996,217.350006,218.0,187.101793039537,58114500
2016-08-31,217.610001,217.75,216.470001,217.380005,186.569672965338,85269500
2016-09-01,217.369995,217.729996,216.029999,217.389999,186.578250466804,97844200
2016-09-02,218.389999,218.869995,217.699997,218.369995,187.419346837316,79293900
2016-09-06,218.699997,219.119995,217.860001,219.029999,187.985805240129,56702100
2016-09-07,218.839996,219.220001,218.300003,219.009995,187.968636504955,76554900
2016-09-08,218.619995,218.940002,218.149994,218.509995,187.539503952112,74102900
2016-09-09,216.970001,217.029999,213.25,213.279999,183.050780882435,221589100
2016-09-12,212.389999,216.809998,212.309998,216.339996,185.677069531038,168110900
2016-09-13,214.839996,215.149994,212.5,213.229996,183.007865052355,182828800
2016-09-14,213.289993,214.699997,212.5,213.149994,182.93920212737,134185500
2016-09-15,212.960007,215.729996,212.75,215.279999,184.767311093807,134427900
2016-09-16,213.479996,213.690002,212.570007,213.369995,184.056722515265,155236400
2016-09-19,214.130005,214.880005,213.029999,213.410004,184.091234984608,80250500
2016-09-20,214.410004,214.589996,213.380005,213.419998,184.099855985348,69665300
2016-09-21,214.240005,216.029999,213.440002,215.820007,186.170146095948,110284400
2016-09-22,217.0,217.529999,216.710007,217.179993,187.343294015957,76678700
2016-09-23,216.720001,216.880005,215.880005,215.990005,186.316789370294,73630900
2016-09-26,215.020004,215.229996,214.009995,214.240005,184.807208492244,89827300
2016-09-27,214.050003,215.679993,213.619995,215.570007,185.954491684798,78494800
2016-09-28,215.830002,216.820007,214.710007,216.639999,186.877485663579,87411000
2016-09-29,216.399994,216.869995,214.039993,214.679993,185.186749904456,128070600
2016-09-30,215.649994,217.119995,215.360001,216.300003,186.584199114885,117202900
2016-10-03,215.820007,216.039993,215.039993,215.779999,186.135634489222,83512100
2016-10-04,215.910004,216.169998,213.990005,214.679993,185.186749904456,119948100
2016-10-05,215.410004,216.130005,215.330002,215.630005,186.006247018238,72816000
2016-10-06,215.369995,216.039993,214.740005,215.779999,186.135634489222,62927400
2016-10-07,216.100006,216.300003,214.190002,215.039993,185.497292256512,89788300
2016-10-10,216.160004,216.699997,215.990005,216.160004,186.463433507259,51855000
2016-10-11,215.660004,215.740005,212.580002,213.429993,184.108477848706,130367400
2016-10-12,213.589996,214.320007,213.009995,213.710007,184.350022865841,73866100
2016-10-13,212.160004,213.589996,211.210007,213.009995,183.746180163209,101357000
2016-10-14,214.149994,214.690002,213.029999,213.119995,183.841068104115,93346200
2016-10-17,213.089996,213.389999,212.169998,212.380005,183.202739673288,58275700
2016-10-18,214.240005,214.309998,213.270004,213.710007,184.350022865841,76869700
2016-10-19,214.020004,214.639999,213.600006,214.279999,184.841708022322,66519200
2016-10-20,213.869995,214.529999,213.110001,213.880005,184.496666140188,73639800
2016-10-21,213.880005,214.080002,212.759995,213.979996,184.582920141089,89089100
2016-10-24,215.0,215.320007,214.479996,214.889999,185.367904785528,60146600
2016-10-25,214.679993,214.979996,213.979996,214.169998,184.746819218798,66542300
2016-10-26,213.210007,214.419998,212.929993,213.740005,184.375899669944,75705500
2016-10-27,214.580002,214.619995,213.080002,213.169998,183.884201574198,77220200
2016-10-28,213.139999,213.929993,211.710007,212.539993,183.340748145012,140623200
2016-10-31,212.929993,213.190002,212.360001,212.550003,183.349382947634,61272500
2016-11-01,212.929993,212.990005,209.600006,211.009995,182.020944874009,122781800
2016-11-02,210.649994,211.100006,209.229996,209.740005,180.925429091543,103330800
2016-11-03,209.990005,210.240005,208.460007,208.779999,180.097310977021,88939300
2016-11-04,208.910004,209.889999,208.380005,208.550003,179.898912369233,109122100
2016-11-07,208.550003,213.190002,208.550003,213.149994,183.866945770836,109794900
2016-11-08,212.690002,214.770004,212.380005,214.110001,184.695064747975,102268300
2016-11-09,212.369995,217.100006,212.339996,216.380005,186.653210251689,258429000
2016-11-10,217.300003,218.309998,215.220001,216.919998,187.119017741449,172113300
2016-11-11,216.080002,216.699997,215.320007,216.419998,186.687708919149,93847200
2016-11-14,217.029999,217.270004,215.720001,216.589996,186.834352193496,94580000
2016-11-15,217.039993,218.279999,216.800003,218.279999,188.292178600723,91652600
2016-11-16,217.559998,218.139999,217.419998,217.869995,187.938501915966,65617700
2016-11-17,218.050003,219.059998,217.919998,218.990005,188.904642304095,69797200
2016-11-18,219.070007,219.270004,218.289993,218.5,188.481955345153,86265800
2016-11-21,219.169998,220.179993,219.0,220.149994,189.905269283037,72402600
2016-11-22,220.509995,220.789993,219.729996,220.580002,190.276201771157,67429000
2016-11-23,219.979996,220.759995,219.75,220.699997,190.37971157542,56620200
2016-11-25,221.100006,221.559998,221.009995,221.520004,191.087064082316,37872300
2016-11-28,221.160004,221.479996,220.360001,220.479996,190.189934830991,76572500
2016-11-29,220.520004,221.440002,220.169998,220.910004,190.56086731911,69886700
2016-11-30,221.630005,221.820007,220.309998,220.380005,190.103680830089,113291800
2016-12-01,220.729996,220.729996,219.149994,219.570007,189.404962263199,79040500
2016-12-02,219.669998,220.25,219.259995,219.679993,189.499838127458,74840300
2016-12-05,220.649994,221.399994,220.419998,221.0,190.638499456653,67837800
2016-12-06,221.220001,221.740005,220.660004,221.699997,191.242329220021,59877400
2016-12-07,221.520004,224.669998,221.380005,224.600006,193.74392815292,110738100
2016-12-08,224.570007,225.699997,224.259995,225.149994,194.218357506039,99714400
2016-12-09,225.410004,226.529999,225.369995,226.509995,195.391518365312,88005800
2016-12-12,226.399994,226.960007,225.759995,226.25,195.167242090805,102016100
2016-12-13,227.020004,228.339996,227.0,227.759995,196.469790421063,110477500
2016-12-14,227.410004,228.229996,225.369995,225.880005,194.848077875391,142501800
2016-12-15,226.160004,227.809998,225.889999,226.809998,195.650306246546,124972600
2016-12-16,226.009995,226.080002,224.669998,225.039993,195.269827168953,156420200
2016-12-19,225.25,226.020004,225.080002,225.529999,195.695011091403,90341100
2016-12-20,226.149994,226.570007,225.880005,226.399994,196.44991590198,89838800
2016-12-21,226.25,226.449997,225.770004,225.770004,195.903266229723,67909000
2016-12-22,225.600006,225.740005,224.919998,225.380005,195.564859547822,56219100
2016-12-23,225.429993,225.720001,225.210007,225.710007,195.851206132917,36251400
2016-12-27,226.020004,226.729996,226.0,226.270004,196.337122062559,42672500
2016-12-28,226.570007,226.589996,224.270004,224.399994,194.714492570635,64095000
2016-12-29,224.479996,224.889999,223.839996,224.350006,194.671117399891,48696100
2016-12-30,224.729996,224.830002,222.729996,223.529999,193.959587760058,108998300
2017-01-03,225.039993,225.830002,223.880005,225.240005,195.443379914628,91366500
2017-01-04,225.619995,226.75,225.610001,226.580002,196.606110943494,78744400
2017-01-05,226.270004,226.580002,225.479996,226.399994,196.44991590198,78379000
2017-01-06,226.529999,227.75,225.899994,227.210007,197.152773631426,71559900
2017-01-09,226.910004,227.070007,226.419998,226.460007,196.501989882172,46939700
2017-01-10,226.479996,227.449997,226.009995,226.460007,196.501989882172,63771900
2017-01-11,226.360001,227.100006,225.589996,227.100006,197.05732448049,74650000
2017-01-12,226.5,226.75,224.960007,226.529999,196.562722757075,72113200
2017-01-13,226.729996,227.399994,226.690002,227.050003,197.013936294072,62717900
2017-01-17,226.309998,226.779999,225.800003,226.25,196.319764358399,61240800
2017-01-18,226.539993,226.800003,225.899994,226.75,196.753620191235,54793300
2017-01-19,226.839996,227.0,225.410004,225.910004,196.024745862917,66608800
2017-01-20,226.699997,227.309998,225.970001,226.740005,196.744947413137,129168600
2017-01-23,226.740005,226.809998,225.270004,226.149994,196.232987985562,75061600
2017-01-24,226.399994,228.080002,226.270004,227.600006,197.491180313327,95555300
2017-01-25,228.699997,229.570007,228.509995,229.570007,199.200573162413,84437700
2017-01-26,229.399994,229.710007,229.009995,229.330002,198.992318024093,59970700
2017-01-27,229.419998,229.589996,228.759995,228.970001,198.67994095674,59711100
2017-01-30,228.169998,228.199997,226.410004,227.550003,197.447792126908,79737300
2017-01-31,226.979996,227.600006,226.320007,227.529999,197.430434422748,75880800
2017-02-01,227.529999,228.589996,226.940002,227.619995,197.508525001812,79117700
2017-02-02,227.619995,228.100006,226.820007,227.770004,197.638689561068,69657600
2017-02-03,228.820007,229.550003,228.460007,229.339996,199.00098993448,80563200
2017-02-06,228.869995,229.330002,228.539993,228.929993,198.645225548419,57790100
2017-02-07,229.380005,229.660004,228.720001,228.940002,198.653910474481,57931200
2017-02-08,228.940002,229.389999,228.309998,229.240005,198.914226577318,51566200
2017-02-09,229.240005,230.949997,229.240005,230.600006,200.094315310344,65955200
2017-02-10,231.0,231.770004,230.619995,231.509995,200.883923381278,66015900
2017-02-13,232.080002,233.070007,232.050003,232.770004,201.97724788943,55182100
2017-02-14,232.559998,233.710007,232.160004,233.699997,202.784213664524,71109000
2017-02-15,233.449997,235.139999,233.389999,234.919998,203.842822764356,86785800
2017-02-16,234.949997,235.160004,233.850006,234.720001,203.669283034356,84722400
2017-02-17,233.949997,235.089996,233.929993,235.089996,203.990332012097,77204100
2017-02-21,235.520004,236.690002,235.509995,236.490005,205.205136153443,88946100
2017-02-22,236.020004,236.539993,235.830002,236.279999,205.022911497382,62115200
2017-02-23,236.880005,236.899994,235.559998,236.440002,205.161747967025,74615900
2017-02-24,235.460007,236.789993,235.410004,236.740005,205.422064069861,82381600
2017-02-27,236.639999,237.309998,236.350006,237.110001,205.743113915314,56515400
2017-02-28,236.669998,236.949997,236.020004,236.470001,205.187778449283,96961900
2017-03-01,238.389999,240.320007,238.369995,239.779999,208.059902327236,149158200
2017-03-02,239.559998,239.570007,238.210007,238.270004,206.749662050629,70246000
2017-03-03,238.169998,238.610001,237.729996,238.419998,206.87981359421,81974300
2017-03-06,237.5,238.119995,237.009995,237.710007,206.263746120987,55391500
2017-03-07,237.360001,237.770004,236.759995,237.0,205.647664764378,65103700
2017-03-08,237.339996,237.639999,236.399994,236.559998,205.265869896059,78168800
2017-03-09,236.699997,237.240005,235.740005,236.860001,205.526185998896,90683900
2017-03-10,237.970001,238.020004,236.589996,237.690002,206.246387549115,81991700
2017-03-13,237.619995,237.860001,237.240005,237.809998,206.350509478149,57256800
2017-03-14,237.179993,237.240005,236.190002,236.899994,205.560888391541,59880800
2017-03-15,237.559998,239.440002,237.289993,238.949997,207.339699909304,96081800
2017-03-16,239.110001,239.199997,238.100006,238.479996,206.931874558727,78344000
2017-03-17,237.75,237.970001,237.029999,237.029999,206.570143787253,89002100
2017-03-20,237.029999,237.360001,236.320007,236.770004,206.343559790457,52537000
2017-03-21,237.470001,237.610001,233.580002,233.729996,203.694212060955,131809300
2017-03-22,233.770004,234.610001,233.050003,234.279999,204.173536194072,97569200
2017-03-23,234.279999,235.339996,233.600006,234.029999,203.95566277651,100410300
2017-03-24,234.380005,235.039993,232.960007,233.860001,203.807510595556,112504900
2017-03-27,231.929993,233.919998,231.610001,233.619995,203.598346885734,87454500
2017-03-28,233.270004,235.809998,233.139999,235.320007,205.079896583079,93483900
2017-03-29,234.990005,235.809998,234.729996,235.539993,205.271612989622,61950400
2017-03-30,235.470001,236.520004,235.270004,236.289993,205.925233242308,56737900
2017-03-31,235.899994,236.509995,235.679993,235.740005,205.445922181596,73733100
2017-04-03,235.800003,236.029999,233.910004,235.330002,205.088607162313,85546500
2017-04-04,235.0,235.580002,234.559998,235.479996,205.219325983888,56466200
2017-04-05,236.259995,237.389999,234.539993,234.779999,204.609283029196,108800600
2017-04-06,234.940002,236.039993,234.429993,235.440002,205.18447146604,69135800
2017-04-07,235.149994,236.0,234.639999,235.199997,204.975308627713,74412300
2017-04-10,235.360001,236.259995,234.729996,235.339996,205.097316870054,67615300
2017-04-11,234.899994,235.179993,233.339996,235.059998,204.853300385372,88045300
2017-04-12,234.740005,234.960007,233.770004,234.029999,203.95566277651,81864400
2017-04-13,233.639999,234.490005,232.509995,232.509995,202.63098891176,92880400
2017-04-17,233.110001,234.570007,232.880005,234.570007,204.426276330393,68405400
2017-04-18,233.720001,234.490005,233.080002,233.869995,203.816220303296,83225800
2017-04-19,234.520004,234.949997,233.179993,233.440002,203.441484125545,68699900
2017-04-20,234.149994,235.850006,233.779999,235.339996,205.097316870054,92572200
2017-04-21,235.25,235.309998,234.130005,234.589996,204.443696617368,110389800
2017-04-24,237.179993,237.410004,234.559998,237.169998,206.692152029594,119209900
2017-04-25,237.910004,238.949997,237.809998,238.550003,207.894817652003,76698300
2017-04-26,238.509995,239.529999,238.350006,238.399994,207.764085758023,84702500
2017-04-27,238.770004,238.949997,237.979996,238.600006,207.938394949997,57410300
2017-04-28,238.899994,238.929993,237.929993,238.080002,207.485214755494,63532800
2017-05-01,238.679993,239.169998,238.199997,238.679993,208.008103114199,66882500
2017-05-02,238.839996,238.979996,238.300003,238.770004,208.086547130952,57375700
2017-05-03,238.770004,238.880005,237.699997,238.479996,207.83380699463,73137700
2017-05-04,238.830002,238.919998,237.779999,238.759995,208.077824350806,61462700
2017-05-05,239.190002,239.720001,238.679993,239.699997,208.897030143826,62001300
2017-05-08,239.75,239.919998,239.169998,239.660004,208.862176497472,48385700
2017-05-09,239.960007,240.190002,239.039993,239.440002,208.67044614703,51363200
2017-05-10,239.389999,239.869995,239.149994,239.869995,209.045182324781,54293800
2017-05-11,239.350006,239.570007,238.130005,239.380005,208.618159141296,62358300
2017-05-12,239.089996,239.429993,238.669998,238.979996,208.269553829754,53912700
2017-05-15,239.470001,240.440002,239.449997,240.300003,209.419931574936,61918900
2017-05-16,240.639999,240.669998,239.630005,240.080002,209.228202095988,51241800
2017-05-17,240.080002,240.080002,235.75,235.820007,205.515643418203,172174100
2017-05-18,235.729996,237.75,235.429993,236.770004,206.343559790457,107047700
2017-05-19,237.330002,239.080002,237.270004,238.309998,207.685654813676,115011400
2017-05-22,238.899994,239.710007,238.820007,239.520004,208.740167383637,61010600
2017-05-23,239.949997,240.240005,239.509995,240.050003,209.202058157375,48341700
2017-05-24,240.320007,240.729996,239.929993,240.610001,209.690092869726,46927700
2017-05-25,241.199997,242.080002,240.960007,241.759995,210.692305361548,64071700
2017-05-26,241.539993,241.899994,241.449997,241.710007,210.64874113596,43404500
2017-05-30,241.339996,241.789993,241.160004,241.5,210.465721364752,35201900
2017-05-31,241.839996,241.880005,240.639999,241.440002,210.413433487525,91796000
2017-06-01,241.970001,243.380005,241.639999,243.360001,212.086700462906,68962000
2017-06-02,243.419998,244.350006,243.080002,244.169998,212.792607721326,88666100
2017-06-05,243.970001,244.300003,243.759995,243.990005,212.635744961137,44698800
2017-06-06,243.339996,243.979996,243.119995,243.210007,211.955981641331,50375400
2017-06-07,243.600006,243.919998,242.830002,243.660004,212.348151178461,54144300
2017-06-08,243.770004,244.330002,243.169998,243.779999,212.452726061423,65950700
2017-06-09,244.089996,245.009995,241.949997,243.410004,212.1302777609,132256400
2017-06-12,243.130005,243.419998,242.380005,243.360001,212.086700462906,86108100
2017-06-13,243.979996,244.610001,243.580002,244.550003,213.123779673488,60067000
2017-06-14,244.860001,244.869995,243.289993,244.240005,212.853618378699,78602300
2017-06-15,242.679993,243.910004,242.360001,243.770004,212.444015482189,66464900
2017-06-16,242.770004,242.830002,241.630005,242.639999,212.49029441056,84553100
2017-06-19,243.589996,244.729996,243.479996,244.660004,214.259299763881,65123800
2017-06-20,244.25,244.259995,242.990005,243.009995,212.81431583858,56906400
2017-06-21,243.460007,243.589996,242.410004,242.949997,212.761773006662,55977600
2017-06-22,242.960007,243.529999,242.639999,242.839996,212.665440394678,44148100
2017-06-23,242.910004,243.509995,242.470001,243.130005,212.919413762819,66986800
2017-06-26,243.899994,244.380005,243.050003,243.289993,213.05952214298,56700500
2017-06-27,243.039993,243.380005,241.309998,241.330002,211.343073633466,82247700
2017-06-28,242.5,243.720001,242.229996,243.490005,213.234681263243,70042600
2017-06-29,243.660004,243.720001,239.960007,241.350006,211.360591997572,106949700
2017-06-30,242.279999,242.710007,241.580002,241.800003,211.754673745874,69340100
2017-07-03,242.880005,243.380005,242.210007,242.210007,212.113731902108,39153800
2017-07-05,242.630005,243.009995,241.699997,242.770004,212.604145386651,54427600
2017-07-06,241.889999,242.029999,240.339996,240.550003,210.659994924955,65400800
2017-07-07,241.210007,242.279999,240.559998,242.110001,212.026152341976,56062000
2017-07-10,241.95,242.8,241.76,242.37,212.253844660984,36663274
2017-07-11,242.16,242.55,240.85,242.19,212.096210910772,50290920
2017-07-12,243.3,244.2,243.3,244.01,213.690063274031,59610405
2017-07-13,244.02,244.55,243.76,244.42,214.049117927292,39471637
2017-07-14,244.43,245.97,244.31,245.56,215.047465011971,60234284
2017-07-17,245.47,245.91,245.33,245.53,215.021192720269,33502556
2017-07-18,245.06,245.72,244.67,245.66,215.135039317644,42742498
2017-07-19,246.02,247.0,246.01,246.99,216.299777583102,51034260
2017-07-20,247.28,247.42,246.47,247.1,216.396109319343,47095050
2017-07-21,246.44,246.91,246.18,246.88,216.203445846861,88711019
2017-07-24,246.79,246.98,246.28,246.82,216.150901263457,46607836
2017-07-25,247.68,247.8,247.16,247.42,216.676347097499,54915591
2017-07-26,247.75,247.79,247.13,247.43,216.685104528066,47575422
2017-07-27,247.96,248.0,245.68,247.2,216.483683625017,70766568
2017-07-28,246.65,247.06,246.13,246.91,216.229718138564,50088359
2017-07-31,247.37,247.48,246.53,246.77,216.107114110621,65838659
2017-08-01,247.46,247.5,246.716,247.32,216.588772791825,55050401
2017-08-02,247.47,247.6,246.37,247.44,216.693861958633,47211216
2017-08-03,247.31,247.34,246.64,246.96,216.2735052914,40785699
2017-08-04,247.52,247.79,246.97,247.41,216.667589666931,60191838
2017-08-07,247.49,247.87,247.37,247.87,217.07043147303,31995021
2017-08-08,247.51,248.91,246.83,247.26,216.536228208421,61719353
2017-08-09,246.47,247.31,246.06,247.25,216.527470777854,62523195
2017-08-10,246.29,246.44,243.7,243.76,213.471127509847,120361520
2017-08-11,244.02,244.8,243.75,244.12,213.786395010271,74869947
2017-08-14,245.59,246.79,245.55,246.54,215.905693207571,73291919
2017-08-15,246.98,247.0,246.16,246.51,215.879420915869,55242746
2017-08-16,247.11,247.57,246.45,246.94,216.255990430266,56573941
2017-08-17,246.24,246.6,243.09,243.09,212.884379661834,128490396
2017-08-18,242.9,244.19,242.2,242.71,212.551597300274,136747986
2017-08-21,242.64,243.2,241.83,242.9,212.717988481054,65469736
2017-08-22,243.57,245.62,243.55,245.44,214.942375845162,63140101
2017-08-23,244.33,245.05,244.16,244.56,214.171721955235,50203837
2017-08-24,245.0,245.18,243.75,243.99,213.672548412896,50741671
2017-08-25,244.9,245.61,244.39,244.56,214.171721955235,64445912
2017-08-28,245.17,245.2,244.09,244.57,214.180479385802,40565606
2017-08-29,243.06,245.15,242.93,244.85,214.425687441688,51135715
2017-08-30,244.83,246.32,244.62,246.01,215.441549387502,62030805
2017-08-31,246.72,247.77,246.05,247.49,216.73764911147,103803880
2017-09-01,247.92,248.33,247.67,247.84,217.044159181328,62006989
2017-09-05,247.26,247.52,244.95,246.06,215.485336540338,91398777
2017-09-06,246.84,247.28,246.23,246.9,216.220960707996,57916867
2017-09-07,247.25,247.27,246.4,246.87,216.194688416294,58034730
2017-09-08,246.54,247.11,246.3,246.58,215.940722929841,63832825
2017-09-11,248.04,249.3,248.02,249.21,218.243927169055,71364848
2017-09-12,249.63,250.09,249.42,250.05,218.979551336713,56896027
2017-09-13,249.72,250.21,249.59,250.17,219.084640503521,59228002
2017-09-14,249.8,250.32,249.6,250.09,219.014581058982,95446349
2017-09-15,248.69,249.29,248.57,249.19,219.307581916447,95432382
2017-09-18,249.61,250.12,249.28,249.72,219.774025266564,46235238
2017-09-19,250.0,250.07,249.6,249.97,219.994045714732,47108148
2017-09-20,250.07,250.19,248.92,250.06,220.073253076073,59574083
2017-09-21,249.88,249.98,249.19,249.39,219.483598274981,48211398
2017-09-22,249.05,249.63,249.02,249.44,219.527602364615,51214032
2017-09-25,249.15,249.55,248.08,248.93,219.078760650351,57064357
2017-09-26,249.42,249.7,248.81,249.08,219.210772919253,54081959
2017-09-27,249.88,250.49,248.87,250.05,220.064452258146,81001426
2017-09-28,249.73,250.44,249.63,250.35,220.328476795949,44778841
2017-09-29,250.34,251.32,250.13,251.23,221.102948773502,85578002
2017-10-02,251.49,252.32,251.29,252.32,222.062237927516,59022985
2017-10-03,252.32,252.89,252.23,252.86,222.53748209556,66810169
2017-10-04,252.69,253.44,252.56,253.16,222.801506633363,55953619
2017-10-05,253.54,254.68,253.2,254.66,224.121629322374,63522757
2017-10-06,254.15,254.7,253.85,254.37,223.866405602498,80645998
2017-10-09,254.63,254.7,253.65,253.95,223.496771249575,35803138
2017-10-10,254.6,255.05,253.98,254.62,224.086426050667,43057363
2017-10-11,254.51,255.02,254.32,255.02,224.438458767736,47674325
2017-10-12,254.66,255.06,254.37,254.64,224.10402768652,47065144
2017-10-13,255.14,255.27,254.64,254.95,224.376853042249,54800435
2017-10-16,255.21,255.51,254.82,255.29,224.676080851758,38221675
2017-10-17,255.23,255.52,254.98,255.47,224.83449557444,31560964
2017-10-18,255.9,255.95,255.5,255.72,225.054516022608,40888330
2017-10-19,254.83,255.83,254.35,255.79,225.116121748095,61903788
2017-10-20,256.7,257.14,255.77,257.11,226.277829714425,89176377
2017-10-23,257.48,257.51,256.02,256.11,225.397747921751,63915306
2017-10-24,256.6,256.83,256.15,256.56,225.793784728454,66935910
2017-10-25,256.18,256.31,254.0,255.29,224.676080851758,103715291
2017-10-26,255.99,256.3,255.48,255.62,224.966507843341,69797972
2017-10-27,256.47,257.89,255.63,257.71,226.80587879003,85562544
2017-10-30,256.47,257.6,256.41,256.75,225.961000269062,54285687
2017-10-31,257.18,257.44,256.81,257.15,226.313032986132,60304781
2017-11-01,258.04,258.43,257.07,257.49,226.612260795641,54202736
2017-11-02,257.41,257.75,256.19,257.59,226.700268974909,56449535
2017-11-03,257.77,258.5,257.3,258.45,227.457139316608,59589730
2017-11-06,258.3,259.0,258.22,258.85,227.809172033678,49652598
2017-11-07,258.97,259.35,258.09,258.67,227.650757310997,57502161
2017-11-08,258.47,259.22,258.15,259.11,228.037993299773,50469579
2017-11-09,257.73,258.39,256.36,258.17,227.21071641466,93981044
2017-11-10,257.73,258.29,257.37,258.09,227.140309871246,59984662
2017-11-13,257.31,258.59,257.27,258.33,227.351529501487,50228648
2017-11-14,257.41,257.85,256.52,257.73,226.823480425883,61315152
2017-11-15,256.62,257.22,255.63,256.44,225.688174913334,80811525
2017-11-16,257.52,259.04,257.47,258.62,227.606753221363,67777027
2017-11-17,258.22,258.59,257.77,257.86,226.937891058931,75756833
2017-11-20,258.14,258.52,257.86,258.3,227.325127047707,48075514
2017-11-21,259.18,260.2,258.26,259.99,228.812465277326,69176799
2017-11-22,260.0,260.15,259.57,259.76,228.610046465011,45033392
2017-11-24,260.32,260.48,260.16,260.36,229.138095540616,27856514
2017-11-27,260.41,260.75,260.0,260.23,229.023684907568,52274922
2017-11-28,260.76,262.9,260.65,262.87,231.347100840228,98971719
2017-11-29,263.02,263.63,262.2,262.71,231.2062877534,77512102
2017-11-30,263.76,266.05,263.67,265.01,233.23047587655,127894389
2017-12-01,264.76,265.31,260.76,264.46,232.746430890579,164390902
2017-12-04,266.31,266.8,264.08,264.14,232.464804716924,94040560
2017-12-05,263.19,265.15,263.04,263.19,231.628727013883,77994544
2017-12-06,263.3,263.73,262.71,263.24,231.672731103517,75898566
2017-12-07,264.07,264.43,262.94,264.07,232.403198991437,77218569
2017-12-08,265.16,265.52,264.03,265.51,233.670516772887,76563873
2017-12-11,266.31,266.38,265.48,266.31,234.374582207026,83077533
2017-12-12,267.21,267.32,266.35,266.78,234.788220649583,85195750
2017-12-13,267.06,267.56,266.65,266.75,234.761818195803,102905409
2017-12-14,267.09,267.22,265.6,265.66,233.802529041788,100666692
2017-12-15,265.45,267.04,265.39,266.51,235.739882134701,144610290
2017-12-18,268.1,268.6,267.98,268.2,237.23476187958,83653572
2017-12-19,268.48,268.53,267.09,267.17,236.323681325009,82382876
2017-12-20,268.27,268.33,266.69,267.03,236.199845133125,76751500
2017-12-21,267.74,268.39,267.3,267.58,236.686344458381,67032339
2017-12-22,267.6,267.64,266.9,267.51,236.62442636244,78720873
2017-12-26,267.05,267.44,266.89,267.19,236.341372209563,45244433
2017-12-27,267.38,267.73,267.01,267.32,236.456362959169,57750986
2017-12-28,267.89,267.92,267.45,267.87,236.942862284426,45116139
2017-12-29,268.53,268.55,266.64,266.86,236.049472614409,96007424
2018-01-02,267.84,268.81,267.4,268.77,237.738952089391,86655749
2018-01-03,268.96,270.64,268.96,270.47,239.242677276547,90070416
2018-01-04,271.2,272.16,270.54,271.61,240.251057696169,80636408
2018-01-05,272.51,273.56,271.95,273.42,241.852082748377,83523995
2018-01-08,273.31,274.1,272.98,273.92,242.294354862246,57319192
2018-01-09,274.4,275.25,274.08,274.54,242.842772283444,57253957
2018-01-10,273.68,274.42,272.92,274.12,242.471263707794,69574318
2018-01-11,274.75,276.12,274.56,276.12,244.240352163272,62361455
2018-01-12,276.42,278.11,276.08,277.92,245.832531773202,90816076
2018-01-16,279.35,280.09,276.18,276.97,244.99221475685,106555142
2018-01-17,278.03,280.05,276.97,279.61,247.327411518081,113258799
2018-01-18,279.48,279.96,278.58,279.14,246.911675731043,100728006
2018-01-19,279.8,280.41,279.14,280.41,248.035046900272,140920098
2018-01-22,280.17,282.69,280.11,282.69,250.051807739517,91322408
2018-01-23,282.74,283.62,282.37,283.29,250.58253427616,97084700
2018-01-24,284.02,284.7,281.84,283.18,250.485234411109,134816117
2018-01-25,284.16,284.27,282.4,283.3,250.591379718437,84587313
2018-01-26,284.25,286.63,283.96,286.58,253.492684785421,107743119
2018-01-29,285.93,286.43,284.5,284.68,251.812050752717,90118337
2018-01-30,282.6,284.74,281.22,281.76,249.229181607719,131796419
2018-01-31,282.73,283.3,280.68,281.9,249.353017799603,118948131
2018-02-01,281.07,283.06,280.68,281.58,249.069963646726,90102470
2018-02-02,280.08,280.23,275.41,275.45,243.647707530687,173174790
2018-02-05,273.45,275.85,263.31,263.93,233.457758027134,294681816
2018-02-06,259.94,269.7,258.7,269.13,238.057388011377,355026782
2018-02-07,268.5,272.36,267.58,267.67,236.765953438878,167376100
2018-02-08,268.01,268.17,257.59,257.63,227.885129392379,246449505
2018-02-09,260.8,263.61,252.92,261.5,231.308315553729,283565315
2018-02-12,263.83,267.01,261.66,265.34,234.704965388246,143735976
2018-02-13,263.97,266.62,263.31,266.0,235.288764578554,81223640
2018-02-14,264.31,270.0,264.3,269.59,238.464278356137,120735685
2018-02-15,271.57,273.04,268.77,273.03,241.507110499559,111200286
2018-02-16,272.32,275.32,272.27,273.11,241.577874037778,160420135
2018-02-20,272.03,273.67,270.5,271.4,240.065303408344,86369662
2018-02-21,271.9,274.72,269.94,270.05,238.871168700897,98883740
2018-02-22,271.1,273.05,269.64,270.4,239.180759180605,110511290
2018-02-23,271.79,274.71,271.25,274.71,242.99314480216,92766428
2018-02-26,275.93,278.01,275.26,277.9,245.814840888647,86491406
2018-02-27,278.11,278.92,274.36,274.43,242.745472418393,99099165
2018-02-28,275.68,276.19,271.29,271.65,240.286439465279,121907767
2018-03-01,271.41,273.17,266.0,267.7,236.79248976571,176855077
2018-03-02,265.8,269.72,264.82,269.08,238.01316079999,139083217
2018-03-05,267.73,272.89,267.61,272.19,240.764093348258,97307387
2018-03-06,273.3,273.39,271.18,272.88,241.374428865398,79213163
2018-03-07,270.42,273.18,270.2,272.78,241.285974442624,87063502
2018-03-08,273.55,274.24,272.42,274.1,242.453572823239,66901150
2018-03-09,275.7,278.87,275.34,278.87,246.672848789554,113625335
2018-03-12,279.2,279.91,278.08,278.52,246.363258309845,71924793
2018-03-13,279.84,280.41,276.03,276.72,244.771078699915,91968937
2018-03-14,277.81,278.02,274.67,275.3,243.515025896526,105895079
2018-03-15,275.88,276.61,274.43,275.0,243.249662628204,83433038
2018-03-16,274.5,275.39,274.14,274.2,243.512177664113,100343673
2018-03-19,273.35,274.4,268.62,270.49,240.217392182224,109208442
2018-03-20,270.94,271.67,270.18,270.95,240.625910058685,59757271
2018-03-21,270.9,273.27,270.19,270.43,240.164107241816,78709578
2018-03-22,267.91,268.87,263.36,263.67,234.160670622526,148785916
2018-03-23,264.17,264.54,257.83,258.05,229.169647870986,183534751
2018-03-26,262.13,265.43,259.41,265.11,235.439509192315,141956102
2018-03-27,266.17,266.77,258.84,260.6,231.434257838321,129941445
2018-03-28,260.75,262.64,258.58,259.83,230.75043443642,146452306
2018-03-29,261.12,265.26,259.84,263.15,233.698867805657,124244790
2018-04-02,262.55,263.13,254.67,257.47,228.654560113709,186286343
2018-04-03,258.87,261.31,256.84,260.77,231.585231836144,119956861
2018-04-04,256.75,264.36,256.6,263.56,234.062981565111,123715339
2018-04-05,265.55,266.64,264.32,265.64,235.910192832585,82652618
2018-04-06,263.42,265.11,258.0,259.72,230.652745379006,179521209
2018-04-09,261.37,264.84,259.94,261.0,231.789490774374,105442932
2018-04-10,264.27,266.04,262.98,265.15,235.475032485921,105573736
2018-04-11,263.47,265.64,263.39,263.76,234.240598033138,91140243
2018-04-12,265.26,267.0,265.06,265.93,236.167736711223,68890480
2018-04-13,267.41,267.54,264.01,265.15,235.475032485921,85079176
2018-04-16,267.0,268.2,266.07,267.33,237.411051987408,63405287
2018-04-17,269.33,270.87,268.75,270.19,239.950967480184,64682036
2018-04-18,270.69,271.3,269.87,270.39,240.128583948211,57303857
2018-04-19,269.65,269.88,267.72,268.89,238.796460438013,77655909
2018-04-20,268.81,269.06,265.61,266.61,236.771632702513,99953133
2018-04-23,267.26,267.89,265.35,266.57,236.736109408908,65557954
2018-04-24,267.73,267.98,261.28,262.98,233.547893807835,112885452
2018-04-25,262.91,264.13,260.85,263.63,234.125147328921,103756753
2018-04-26,264.79,267.25,264.29,266.31,236.505208000473,67731942
2018-04-27,267.0,267.34,265.5,266.56,236.727228585506,57053647
2018-04-30,267.26,267.89,264.43,264.51,234.906659788236,82182324
2018-05-01,263.87,265.1,262.11,264.98,235.324058488098,74203365
2018-05-02,264.76,265.68,262.76,263.2,233.743271922664,86368943
2018-05-03,262.26,263.36,259.05,262.62,233.228184165388,136311479
2018-05-04,261.52,266.79,261.15,266.02,236.247664121835,91222075
2018-05-07,266.89,268.02,266.11,266.92,237.046938227954,55304907
2018-05-08,266.5,267.33,265.15,266.92,237.046938227954,67499247
2018-05-09,267.68,269.87,267.09,269.5,239.338190665494,59666143
2018-05-10,270.34,272.39,270.22,272.02,241.576158162625,72063931
2018-05-11,272.16,273.15,271.58,272.85,242.313266504935,59871511
2018-05-14,273.34,274.08,272.36,272.98,242.428717209152,54790606
2018-05-15,271.59,271.61,270.03,271.1,240.759122409704,87036136
2018-05-16,271.14,272.76,271.11,272.24,241.771536277454,53942631
2018-05-17,271.94,273.23,271.13,272.01,241.567277339224,56536400
2018-05-18,271.62,272.03,270.93,271.33,240.963381347935,64367959
2018-05-21,273.01,273.98,272.57,273.37,242.775069321803,58025875
2018-05-22,273.96,274.25,272.24,272.61,242.100126743303,52966358
2018-05-23,271.17,273.39,270.99,273.36,242.766188498402,64694184
2018-05-24,272.91,273.22,270.78,272.8,242.268862387928,76043827
2018-05-25,272.15,272.86,271.58,272.15,241.691608866843,56374755
2018-05-29,270.31,271.17,267.76,269.02,238.91191114223,115908607
2018-05-30,270.5,273.11,270.42,272.61,242.100126743303,69678449
2018-05-31,272.15,272.49,270.26,270.94,240.617029235283,93519941
2018-06-01,272.41,273.94,272.33,273.6,242.979328260034,71258411
2018-06-04,274.53,275.19,274.26,274.9,244.133835302205,45385166
2018-06-05,275.05,275.53,274.18,275.1,244.311451770231,51135038
2018-06-06,275.79,277.52,275.09,277.4,246.354041152534,62732215
2018-06-07,277.95,278.28,276.34,277.37,246.32739868233,72969402
2018-06-08,276.85,278.25,276.66,278.19,247.055626201238,72139719
2018-06-11,278.44,279.37,278.31,278.56,247.384216667087,58892515
2018-06-12,279.03,279.33,278.19,278.92,247.703926309534,72329028
2018-06-13,279.19,279.48,277.8,278.03,246.913533026817,79070610
2018-06-14,279.01,279.33,278.06,278.73,247.535190664909,77097620
2018-06-15,276.6,277.51,275.35,277.13,247.220454283567,120041562
2018-06-18,275.49,276.7,274.95,276.56,246.711972130997,52917581
2018-06-19,274.0,275.75,273.53,275.5,245.766373742008,97531510
2018-06-20,276.27,276.72,275.59,275.97,246.18564849939,53785486
2018-06-21,275.96,275.98,273.68,274.24,244.642360562643,71061404
2018-06-22,275.66,275.79,274.49,274.74,245.088397538581,56612003
2018-06-25,273.44,273.62,269.1,271.0,241.752040958563,137854162
2018-06-26,271.64,272.56,270.79,271.6,242.287285329689,68683211
2018-06-27,272.26,273.87,269.18,269.35,240.280118937967,104960655
2018-06-28,269.29,271.75,268.49,270.89,241.653912823857,76650517
2018-06-29,272.12,273.66,271.15,271.28,242.001821665088,97592499
2018-07-02,269.51,272.04,269.24,271.86,242.519224557177,63554774
2018-07-03,272.87,272.98,270.42,270.9,241.662833563375,42187071
2018-07-05,272.17,273.18,270.96,273.11,243.634316997023,56925919
2018-07-06,273.14,275.84,272.71,275.42,245.695007825858,66493696
2018-07-09,276.55,277.96,276.5,277.9,247.907351226512,50550399
2018-07-10,278.41,279.01,278.08,278.9,248.799425178388,51966829
2018-07-11,277.15,278.04,276.52,276.86,246.97959431656,77054739
2018-07-12,278.28,279.43,277.6,279.37,249.21869993577,60124687
2018-07-13,279.17,279.93,278.66,279.59,249.414956205183,48234964
2018-07-16,279.64,279.8,278.84,279.34,249.191937717214,48201038
2018-07-17,278.47,280.91,278.41,280.47,250.199981282835,52315500
2018-07-18,280.56,281.18,280.06,281.06,250.726304914442,44593465
2018-07-19,280.31,280.74,279.46,280.0,249.780706525453,61412117
2018-07-20,279.77,280.48,279.5,279.68,249.495242860852,82372729
2018-07-23,279.45,280.43,279.06,280.2,249.959121315828,47047565
2018-07-24,281.79,282.56,280.63,281.61,251.216945587974,68026935
2018-07-25,281.33,284.37,281.28,284.01,253.357923072478,78882927
2018-07-26,283.2,284.11,283.09,283.34,252.76023352472,57919495
2018-07-27,283.71,283.82,280.38,281.42,251.047451537117,76783177
2018-07-30,281.51,281.69,279.36,279.95,249.736102827859,63742508
2018-07-31,280.81,282.02,280.38,281.33,250.967164881448,68570493
2018-08-01,281.56,282.13,280.13,280.86,250.547890124066,53853326
2018-08-02,279.39,282.58,279.16,282.39,251.912763270438,63426363
2018-08-03,282.53,283.66,282.33,283.6,252.992172752208,53935386
2018-08-06,283.64,284.99,283.2,284.64,253.91992966216,39400887
2018-08-07,285.39,286.01,285.24,285.58,254.758479176924,43196646
2018-08-08,285.39,285.91,284.94,285.46,254.651430302699,42114551
2018-08-09,285.53,285.97,284.92,285.07,254.303521461467,35716976
2018-08-10,283.45,284.06,282.36,283.16,252.599660213383,77076044
2018-08-13,283.47,284.16,281.77,282.1,251.654061824393,65732909
2018-08-14,282.92,284.17,282.48,283.9,253.259794937771,43842031
2018-08-15,282.38,282.54,280.16,281.78,251.368598159793,102925355
2018-08-16,283.4,285.04,283.36,284.06,253.402526770072,69967919
2018-08-17,283.83,285.56,283.37,285.06,254.294600721948,65618481
2018-08-20,285.57,285.97,285.06,285.67,254.838765832593,39807490
2018-08-21,286.25,287.31,285.71,286.34,255.43645538035,67271983
2018-08-22,285.88,286.76,285.58,286.17,255.284802808531,44993333
2018-08-23,285.97,286.94,285.43,285.79,254.945814706818,49204851
2018-08-24,286.44,287.67,286.38,287.51,256.480181904046,57487399
2018-08-27,288.86,289.9,288.68,289.78,258.505189774806,57072377
2018-08-28,290.3,290.42,289.4,289.92,258.630080128069,46943472
2018-08-29,290.16,291.74,289.89,291.48,260.021715492996,61485514
2018-08-30,290.94,291.36,289.63,290.3,258.969068229782,61229501
2018-08-31,289.84,290.81,289.29,290.31,258.9779889693,66140838
2018-09-04,289.84,290.21,288.68,289.81,258.531951993362,57594367
2018-09-05,289.41,289.64,287.89,289.03,257.836134310898,72452437
2018-09-06,289.15,289.49,287.0,288.16,257.060029972766,65909863
2018-09-07,286.98,288.7,286.71,287.6,256.560468559715,73524824
2018-09-10,288.74,289.04,287.88,288.1,257.006505535653,50191113
2018-09-11,287.37,289.55,286.98,289.05,257.853975789936,50530492
2018-09-12,289.06,289.8,288.23,289.12,257.916420966567,59810758
2018-09-13,290.32,291.04,290.0,290.83,259.441867424276,51034222
2018-09-14,291.06,291.27,290.0,290.88,259.48647112187,55079875
2018-09-17,290.82,290.86,289.03,289.34,258.11267723598,68244043
2018-09-18,289.58,291.58,289.55,290.91,259.513233340426,61930407
2018-09-19,290.97,291.69,290.83,291.22,259.789776265508,49080562
2018-09-20,292.64,293.94,291.24,293.58,261.895070791937,100360646
2018-09-21,293.09,293.22,291.81,291.99,261.656530217205,105479656
2018-09-24,291.34,291.5,290.37,291.02,260.787298961646,53409645
2018-09-25,291.53,291.65,290.48,290.75,260.545347993604,44370037
2018-09-26,290.91,292.24,289.41,289.88,259.76572820769,79739674
2018-09-27,290.41,291.91,290.1,290.69,260.491581111817,59249455
2018-09-28,289.99,291.28,289.95,290.72,260.51846455271,70091385
2018-10-01,292.11,292.93,290.98,291.73,261.423540396128,62078937
2018-10-02,291.56,292.36,291.14,291.56,261.271200897731,47258227
2018-10-03,292.74,293.21,291.32,291.72,261.414579249163,64694594
2018-10-04,291.18,291.24,287.66,289.44,259.371437741251,111545910
2018-10-05,289.69,290.27,286.22,287.82,257.919731932998,105951698
2018-10-08,287.05,288.22,285.5,287.82,257.919731932998,87742172
2018-10-09,287.39,288.86,286.77,287.4,257.543363760488,74338982
2018-10-10,286.83,286.91,277.88,278.3,249.388720022769,214731042
2018-10-11,277.08,278.9,270.36,272.17,243.895536933514,274840491
2018-10-12,276.77,277.09,272.37,275.95,247.282850486105,183186492
2018-10-15,275.55,277.04,274.3,274.4,245.893872706603,102263717
2018-10-16,276.6,280.82,276.07,280.4,251.270560885319,118255834
2018-10-17,280.44,281.15,277.56,280.45,251.315366620142,110625987
2018-10-18,279.4,280.07,274.97,276.4,247.686102099509,134557525
2018-10-19,277.13,279.3,275.47,276.25,247.551684895041,139901634
2018-10-22,277.0,277.36,274.41,275.01,246.440502671439,82415812
2018-10-23,270.95,274.87,268.61,273.61,245.185942096406,146352719
2018-10-24,273.33,273.76,264.7,265.32,237.757151262813,177806697
2018-10-25,267.38,271.81,266.23,270.08,242.022657217928,138061545
2018-10-26,265.92,271.0,262.29,265.33,237.766112409778,201574596
2018-10-29,268.8,270.25,259.85,263.86,236.448823805993,160749101
2018-10-30,263.67,268.12,263.12,267.77,239.952632269122,157115995
2018-10-31,270.65,273.23,270.12,270.63,242.515520300977,128296325
2018-11-01,271.6,273.73,270.38,273.51,245.09633062676,99495037
2018-11-02,274.75,275.23,269.59,271.89,243.644624818507,122634107
2018-11-05,272.44,274.01,271.35,273.39,244.988796863186,65622482
2018-11-06,273.32,275.3,273.25,275.12,246.539075288049,60085894
2018-11-07,277.56,281.1,277.08,281.01,251.817190850155,102752099
2018-11-08,280.11,281.22,279.22,280.5,251.360172354964,65584886
2018-11-09,279.03,279.24,276.18,277.76,248.904818086684,98812561
2018-11-12,277.19,277.46,271.99,272.57,244.253982812095,99673574
2018-11-13,273.09,275.33,271.25,272.06,243.796964316904,98176610
2018-11-14,274.16,274.61,268.45,270.2,242.130190981502,125335931
2018-11-15,268.78,273.54,267.01,273.02,244.657234425499,135101437
2018-11-16,271.79,274.75,271.21,273.73,245.29347585998,126668040
2018-11-19,273.05,273.38,268.07,269.1,241.144464815404,103061706
2018-11-20,265.36,267.0,263.15,264.12,236.68181362707,136021311
2018-11-21,265.86,267.15,265.01,265.02,237.488316853878,75563743
2018-11-23,263.18,264.82,263.07,263.25,235.902193841156,42807878
2018-11-26,265.78,267.75,265.34,267.5,239.71068130108,79981362
2018-11-27,266.34,268.4,265.66,268.4,240.517184527887,75502441
2018-11-28,269.6,274.58,268.33,274.58,246.055173351965,127629633
2018-11-29,273.71,275.55,272.43,273.98,245.517504534093,82346420
2018-11-30,273.81,276.28,273.45,275.65,247.014016077169,98204190
2018-12-03,280.28,280.4,277.51,279.3,250.284834719221,103017719
2018-12-04,278.37,278.85,269.9,270.25,242.174996716325,177986013
2018-12-06,265.92,269.97,262.44,269.84,241.807589690779,204185411
2018-12-07,269.46,271.22,262.63,263.57,236.188950544021,161018923
2018-12-10,263.37,265.16,258.62,264.07,236.637007892248,151445885
2018-12-11,267.66,267.87,262.48,264.13,236.690774774035,121504431
2018-12-12,267.47,269.0,265.37,265.46,237.882607320317,97976706
2018-12-13,266.52,267.49,264.12,265.37,237.801956997636,96662717
2018-12-14,262.96,264.03,259.85,260.47,233.410994985018,116961071
2018-12-17,259.4,260.65,253.53,255.36,228.831848886145,165492257
2018-12-18,257.2,257.95,253.28,255.08,228.580936771138,134515094
2018-12-19,255.17,259.4,249.35,251.26,225.157778630689,214992763
2018-12-20,249.86,251.62,244.65,247.17,221.492669522198,252053377
2018-12-21,246.74,249.71,239.98,240.7,216.981090471438,255345633
2018-12-24,239.04,240.84,234.27,234.34,211.247813631395,147311588
2018-12-26,235.97,246.18,233.76,246.18,221.92108372355,218485360
2018-12-27,242.57,248.29,238.96,248.07,223.624840520355,186267342
2018-12-28,249.58,251.4,246.45,247.75,223.336373761108,153100189
2018-12-31,249.56,250.19,247.47,249.92,225.292538972255,144299370
2019-01-02,245.98,251.21,245.95,250.18,225.526918214143,126925199
2019-01-03,248.23,248.57,243.67,244.21,220.145210236933,144140692
2019-01-04,247.59,253.11,247.17,252.39,227.519141770196,142628834
2019-01-07,252.69,255.95,251.69,254.38,229.313044429266,103139100
2019-01-08,256.82,257.31,254.0,256.77,231.467530537395,102512587
2019-01-09,257.56,258.91,256.19,257.97,232.549280884573,95006554
2019-01-10,256.26,259.16,255.5,258.88,233.369608231183,96823923
2019-01-11,257.68,259.01,257.03,258.98,233.459754093448,73858110
2019-01-14,256.86,258.3,256.41,257.4,232.035449469664,70908227
2019-01-15,257.82,260.7,257.81,260.35,234.694752406476,85208271
2019-01-16,260.83,261.97,260.6,260.98,235.262671338744,77636710
2019-01-17,260.01,263.92,259.96,262.96,237.047559411588,96118435
2019-01-18,264.98,266.98,263.0,266.46,240.202664590857,127900303
2019-01-22,264.82,265.06,261.06,262.86,236.957413549323,115531183
2019-01-23,264.01,264.79,260.66,263.41,237.45321579178,86030287
2019-01-24,263.21,264.2,262.08,263.55,237.57941999895,59204139
2019-01-25,265.61,266.7,263.66,265.78,239.589672727456,96883358
2019-01-28,263.39,263.83,261.79,263.76,237.768726309707,85613655
2019-01-29,263.92,264.55,262.48,263.41,237.45321579178,66136334
2019-01-30,265.1,268.52,264.25,267.58,241.212298248223,92473671
2019-01-31,267.51,270.47,267.27,269.93,243.330726011446,104012073
2019-02-01,270.15,271.2,269.18,270.06,243.447915632391,85782524
2019-02-04,270.11,272.03,269.36,271.96,245.160687015422,60744844
2019-02-05,272.44,273.44,271.88,273.1,246.188349845241,79552774
2019-02-06,272.79,273.34,271.92,272.74,245.863824741088,58347791
2019-02-07,270.94,271.55,268.29,270.14,243.520032322203,95481961
2019-02-08,268.75,270.58,267.83,270.47,243.817513667677,75788861
2019-02-11,271.2,271.49,270.03,270.62,243.952732461074,68021423
2019-02-12,272.42,274.52,272.34,274.1,247.08980846789,72270221
2019-02-13,275.03,275.93,274.56,274.99,247.892106642047,65277204
2019-02-14,273.78,275.64,272.87,274.38,247.342216882231,83234396
2019-02-15,276.36,277.41,276.13,277.37,250.03757816395,97088659
2019-02-19,276.48,278.58,276.47,277.85,250.470278302821,59120804
2019-02-20,277.81,278.92,277.25,278.41,250.975095131504,76610767
2019-02-21,277.7,278.1,276.35,277.42,250.082651095082,64214727
2019-02-22,278.11,279.36,277.4,279.14,251.633159926037,78114616
2019-02-25,280.73,281.31,279.43,279.52,251.975714202643,69030699
2019-02-26,279.13,280.3,278.9,279.32,251.795422478114,56844101
2019-02-27,278.52,279.59,277.48,279.2,251.687247443396,56921570
2019-02-28,278.96,279.45,278.32,278.68,251.218488959619,69268293
2019-03-01,280.44,280.88,278.82,280.42,252.787026963027,78880548
2019-03-04,281.6,281.87,276.84,279.4,251.867539167925,106494637
2019-03-05,279.54,279.76,278.41,279.02,251.524984891319,59114559
2019-03-06,279.15,279.16,276.97,277.33,250.001519819044,75039771
2019-03-07,276.83,276.99,274.07,275.01,247.9101358145,94885089
2019-03-08,272.94,274.65,272.42,274.46,247.414333572043,85795799
2019-03-11,275.26,278.62,275.23,278.44,251.002138890183,65098897
2019-03-12,279.06,280.07,278.85,279.49,251.948670443964,79667530
2019-03-13,280.48,282.38,280.3,281.34,253.616368895863,80639153
2019-03-14,281.37,281.84,280.67,281.16,253.454106343786,67518366
2019-03-15,280.54,282.21,280.33,281.31,254.700913764771,81308979
2019-03-18,281.55,282.66,281.3,282.33,255.624432061455,62199806
2019-03-19,283.51,284.36,281.41,282.4,255.68781076809,90268121
2019-03-20,282.16,283.5,280.32,281.55,254.91821218752,84609210
2019-03-21,280.64,285.18,280.59,284.73,257.797416288946,79550375
2019-03-22,283.22,283.8,279.18,279.25,252.835768969508,122659286
2019-03-25,278.87,280.19,277.64,279.04,252.645632849603,85575197
2019-03-26,280.99,282.18,279.56,281.12,254.528885846762,68125920
2019-03-27,281.11,281.76,277.93,279.65,253.197933007423,72224722
2019-03-28,280.35,281.21,279.07,280.71,254.157667707898,56238545
2019-03-29,282.39,282.84,281.14,282.48,255.760243575673,82186806
2019-04-01,284.7,286.16,284.4,285.83,258.793367393212,77617945
2019-04-02,286.04,286.23,285.09,285.97,258.920124806483,40070351
2019-04-03,287.32,287.76,285.75,286.42,259.327559349137,68243202
2019-04-04,286.78,287.46,286.01,287.18,260.015671021176,48997505
2019-04-05,287.92,288.63,287.6,288.57,261.274191052931,58621729
2019-04-08,288.1,288.91,287.37,288.79,261.473381273784,53566335
2019-04-09,287.72,288.08,286.7,287.31,260.133374333498,66142316
2019-04-10,287.77,288.39,287.31,288.29,261.02067622639,52601499
2019-04-11,288.83,288.84,287.58,288.21,260.948243418807,55093100
2019-04-12,290.0,290.47,288.26,290.16,262.713793103644,69727782
2019-04-15,290.24,290.35,289.08,289.97,262.541765185634,49596685
2019-04-16,290.95,291.01,289.5,290.16,262.713793103644,52153197
2019-04-17,291.4,291.43,288.99,289.45,262.070951936344,58268295
2019-04-18,290.1,290.32,288.66,290.02,262.587035690373,68708513
2019-04-22,289.17,290.44,289.07,290.27,262.81338821407,40160140
2019-04-23,290.68,293.14,290.42,292.88,265.176508561467,52246633
2019-04-24,292.79,293.16,292.07,292.23,264.587991999855,50392914
2019-04-25,292.12,292.78,290.73,292.05,264.425018182793,57770862
2019-04-26,292.1,293.49,291.24,293.41,265.656375911704,50916423
2019-04-29,293.51,294.45,293.41,293.87,266.072864555307,57197747
2019-04-30,293.49,294.34,291.92,294.02,266.208676069525,81111733
2019-05-01,294.72,294.95,291.8,291.81,264.207719760044,71671870
2019-05-02,291.68,292.7,289.52,291.18,263.637311400327,65030170
2019-05-03,292.82,294.34,291.3,294.03,266.217730170473,56543653
2019-05-06,289.25,293.31,288.9,292.82,265.122183955779,107198069
2019-05-07,290.15,290.81,285.81,287.93,260.694728592267,144729908
2019-05-08,287.53,289.43,286.87,287.53,260.332564554352,91568287
2019-05-09,285.23,287.33,283.3,286.66,259.544857771886,103471104
2019-05-10,285.62,288.94,282.3,288.1,260.848648308381,112429293
2019-05-13,282.42,283.49,279.93,280.86,254.293479222117,127290527
2019-05-14,281.99,285.1,281.85,283.4,256.593220862878,77003230
2019-05-15,281.59,285.77,281.36,285.06,258.096201620226,73956407
2019-05-16,285.84,289.21,285.76,287.7,260.486484270466,76749643
2019-05-17,285.14,288.6,285.12,285.84,258.80242149416,100353024
2019-05-20,284.06,285.96,283.12,283.95,257.091196415011,62877610
2019-05-21,285.83,286.93,285.55,286.51,259.409046257668,46847085
2019-05-22,285.45,286.69,285.1,285.63,258.612285374255,49482472
2019-05-23,283.16,283.21,280.57,282.14,255.452404143445,98733847
2019-05-24,283.74,284.2,282.09,282.78,256.031866604109,55268095
2019-05-28,283.09,284.15,280.13,280.15,253.650638054817,70029356
2019-05-29,278.91,279.36,276.71,278.27,251.948467076616,104972927
2019-05-30,279.11,280.04,277.81,279.03,252.636578748655,62523780
2019-05-31,276.2,277.12,275.24,275.27,249.232236792253,86862782
2019-06-03,275.31,276.55,273.09,274.57,248.598449725901,96427952
2019-06-04,277.12,280.68,276.62,280.53,253.994693890837,77231889
2019-06-05,282.33,282.99,280.32,282.96,256.194840421171,71169717
2019-06-06,283.29,285.55,282.57,284.8,257.860794995581,69430381
2019-06-07,285.93,288.85,285.74,287.65,260.441213765726,74272199
2019-06-10,289.37,290.82,288.87,288.97,261.636355090846,60799053
2019-06-11,290.99,291.4,288.18,288.9,261.572976384211,58641325
2019-06-12,288.64,289.26,287.82,288.39,261.111217235869,47096312
2019-06-13,289.4,289.98,288.62,289.58,262.188655248667,48945156
2019-06-14,289.26,289.93,288.41,289.26,261.898924018335,52324716
2019-06-17,289.52,290.22,289.18,289.37,261.998519128761,39205709
2019-06-18,291.39,293.57,290.99,292.4,264.741911715969,85434823
2019-06-19,292.55,293.65,291.47,293.06,265.339482378529,78674377
2019-06-20,296.04,296.31,293.13,295.86,267.874630643934,116570017
2019-06-21,294.13,295.52,293.76,294.0,267.486752959327,83309466
2019-06-24,294.23,294.58,293.47,293.64,267.159218159785,47582730
2019-06-25,293.7,293.73,290.64,290.76,264.538939763449,82028656
2019-06-26,291.75,292.31,290.35,290.47,264.27509228604,51584902
2019-06-27,291.31,292.06,290.89,291.5,265.212205740285,40355239
2019-06-28,292.58,293.55,292.01,293.0,266.576934071711,59350929
2019-07-01,296.68,296.92,294.33,295.66,268.997052312771,79107474
2019-07-02,295.61,296.49,294.68,296.43,269.697612856236,61504544
2019-07-03,297.18,298.82,297.02,298.8,271.853883619888,40898896
2019-07-05,297.44,298.64,296.01,298.46,271.544545198098,51677326
2019-07-08,297.01,298.26,296.22,296.82,270.052442222407,45841772
2019-07-09,295.54,297.52,295.48,297.19,270.389075210825,41101279
2019-07-10,298.37,299.66,297.78,298.61,271.681018031241,58595558
2019-07-11,299.32,299.58,298.2,299.31,272.317891252572,50889481
2019-07-12,299.85,300.73,299.51,300.65,273.537048561979,40354410
2019-07-15,301.13,301.13,300.19,300.75,273.62803045074,33910261
2019-07-16,300.65,300.88,299.44,299.78,272.745506129752,40567964
2019-07-17,299.75,299.93,297.74,297.74,270.889475599014,44102443
2019-07-18,297.19,299.25,296.7,298.83,271.881178186516,51701687
2019-07-19,300.04,300.07,296.98,297.17,270.370878833073,71081238
2019-07-22,297.61,298.5,297.04,297.9,271.035046621033,43687404
2019-07-23,299.14,300.03,298.22,300.03,272.972960851656,44657973
2019-07-24,299.19,301.44,299.09,301.44,274.255805483196,47213232
2019-07-25,300.94,301.0,299.11,300.0,272.945666285028,55394074
2019-07-26,300.76,302.23,300.62,302.01,274.774402249138,45084077
2019-07-29,301.88,302.01,300.85,301.46,274.274001860948,38126462
2019-07-30,299.91,301.17,299.49,300.72,273.600735884112,45849045
2019-07-31,300.99,301.2,295.2,297.43,270.607431743853,104245162
2019-08-01,297.6,300.87,293.96,294.84,268.251000824925,142646576
2019-08-02,293.85,294.12,290.9,292.62,266.231202894416,116749695
2019-08-05,288.09,288.21,281.72,283.82,258.224796683389,178745449
2019-08-06,285.91,288.04,284.28,287.8,261.845875856103,120711682
2019-08-07,284.4,288.82,282.04,287.97,262.000545066998,140572265
2019-08-08,289.62,293.62,289.01,293.62,267.141021782033,87713904
2019-08-09,292.58,293.24,289.65,291.62,265.3213840068,93729958
2019-08-12,289.96,291.61,287.02,288.07,262.09152695576,62629500
2019-08-13,287.74,294.15,287.36,292.55,266.167515572283,94792972
2019-08-14,288.07,288.74,283.76,283.9,258.297582194398,135622053
2019-08-15,284.88,285.64,282.39,284.65,258.979946360111,101929845
2019-08-16,286.48,289.33,284.7138,288.85,262.801185688101,85825286
2019-08-19,292.19,293.08,291.44,292.33,265.967355417007,53640153
2019-08-20,291.77,292.36,289.95,290.09,263.929361108746,51652752
2019-08-21,292.48,292.86,291.72,292.45,266.076533683521,49723430
2019-08-22,293.23,293.93,290.4,292.36,265.994649983636,51739292
2019-08-23,290.92,292.76,283.47,284.85,259.161910137634,149318151
2019-08-26,287.27,288.0,285.58,288.0,262.027839633627,72620598
2019-08-27,289.54,289.95,286.03,286.87,260.99974429062,68262998
2019-08-28,286.14,289.07,285.25,288.89,262.837578443606,58891544
2019-08-29,291.72,293.16,290.61,292.58,266.194810138912,57998913
2019-08-30,294.22,294.24,291.42,292.45,266.076533683521,62831109
2019-09-03,290.57,291.58,289.27,290.74,264.520743385697,69078772
2019-09-04,293.14,294.06,292.31,294.04,267.523145714832,46813644
2019-09-05,296.79,298.83,294.0,297.82,270.962261110023,83197295
2019-09-06,298.17,298.76,297.42,298.05,271.171519454175,49510922
2019-09-09,299.14,299.24,297.16,298.2,271.307992287318,51086154
2019-09-10,297.36,298.2,295.97,298.13,271.244304965185,57698673
2019-09-11,298.47,300.34,297.75,300.25,273.173121006932,68008165
2019-09-12,301.25,302.46,300.41,301.29,274.119332650054,72546530
2019-09-13,301.78,302.17,300.68,301.09,273.93736887253,62053458
2019-09-16,299.84,301.14,299.45,300.16,273.091237307047,57934320
2019-09-17,299.94,301.02,299.75,300.92,273.782699661635,42770135
2019-09-18,300.49,301.22,298.24,301.1,273.946467061406,73875018
2019-09-19,301.53,302.63,300.71,301.08,273.928270683654,77933334
2019-09-20,300.36,300.67,297.41,298.28,272.639620497793,96939851
2019-09-23,297.55,299.0,297.27,298.21,272.575637751933,47134009
2019-09-24,299.41,299.84,294.81,295.87,270.436785961787,97160127
2019-09-25,295.96,298.11,294.33,297.62,272.036354608264,73267803
2019-09-26,297.63,297.86,295.45,297.0,271.469650287798,58594707
2019-09-27,297.83,297.95,293.69,295.4,270.007187525305,84755721
2019-09-30,295.97,297.55,295.92,296.77,271.25942126569,52438861
2019-10-01,297.74,298.46,293.0,293.24,268.032862795939,89425082
2019-10-02,291.5,291.51,286.64,288.06,263.298139602367,124208927
2019-10-03,287.81,290.45,284.82,290.42,265.455272177045,85718095
2019-10-04,291.14,294.63,291.08,294.35,269.047446337419,66737063
2019-10-07,293.47,295.26,292.77,293.08,267.88661651969,60549809
2019-10-08,291.04,291.85,288.49,288.53,263.72773803885,101367099
2019-10-09,290.75,292.3,290.06,291.27,266.232205519619,64341784
2019-10-10,291.18,294.21,291.0,293.24,268.032862795939,54459839
2019-10-11,296.27,298.74,296.14,296.28,270.811542044676,101099695
2019-10-14,295.93,296.67,295.57,295.95,270.509909099912,40467320
2019-10-15,297.1,299.7,296.97,298.88,273.188044033727,48123837
2019-10-16,298.37,299.16,297.92,298.4,272.74930520498,50293197
2019-10-17,299.68,300.24,298.52,299.28,273.553659724351,46676445
2019-10-18,298.69,299.4,297.03,297.97,272.35626833756,64293228
2019-10-21,299.42,300.21,298.94,299.99,274.202627575207,39388285
2019-10-22,300.58,300.9,298.91,299.01,273.30686913318,49028214
2019-10-23,298.73,299.94,298.5,299.88,274.102083260286,34857719
2019-10-24,300.91,301.07,299.46,300.37,274.549962481299,35688865
2019-10-25,299.74,302.2,299.68,301.6,275.674230729966,45145150
2019-10-28,302.94,303.85,302.91,303.3,277.228097415115,40174540
2019-10-29,303.0,304.23,302.86,303.21,277.145833884725,44201626
2019-10-30,303.43,304.55,301.99,304.14,277.995890365424,49542312
2019-10-31,304.13,304.13,301.73,303.33,277.255518591912,68955393
2019-11-01,304.92,306.19,304.74,306.14,279.82396881854,71071915
2019-11-04,307.85,308.0,306.96,307.37,280.948237067207,60270655
2019-11-05,307.59,307.92,306.71,307.03,280.637463730177,42809998
2019-11-06,307.03,307.4,306.06,307.1,280.701446476036,46402927
2019-11-07,308.57,309.65,307.66,308.18,281.688608840719,53823043
2019-11-08,307.8,309.0,307.03,308.94,282.383278652903,49019213
2019-11-11,307.42,308.54,307.27,308.35,281.843995509234,35775777
2019-11-12,308.75,309.99,308.15,309.0,282.438121006497,46141997
2019-11-13,307.91,309.54,307.66,309.1,282.529524929153,54261698
2019-11-14,308.79,309.64,308.09,309.55,282.940842581104,51148052
2019-11-15,311.02,311.84,310.26,311.79,284.988290448594,61990853
2019-11-18,311.53,312.28,311.03,312.02,285.198519470703,49285964
2019-11-19,312.68,312.69,311.22,311.93,285.116255940313,67663099
2019-11-20,311.28,311.85,309.06,310.77,284.055970437505,79200298
2019-11-21,310.89,311.01,309.39,310.27,283.598950824226,54403450
2019-11-22,311.09,311.24,309.85,310.96,284.229637890551,44803329
2019-11-25,311.98,313.37,311.98,313.37,286.432472426556,48606151
2019-11-26,313.41,314.28,313.06,314.08,287.081440277413,37515200
2019-11-27,314.61,315.48,314.37,315.48,288.361095194594,44260649
2019-11-29,314.86,315.13,314.06,314.31,287.291669299521,36592740
2019-12-02,314.59,314.66,311.17,311.64,284.851184564611,75719967
2019-12-03,308.65,309.64,307.13,309.55,282.940842581104,74784721
2019-12-04,310.7,312.12,310.32,311.46,284.68665750383,49007961
2019-12-05,312.23,312.25,310.58,312.02,285.198519470703,40657041
2019-12-06,314.12,315.31,314.11,314.87,287.803531266394,48926121
2019-12-09,314.44,315.18,313.8,313.88,286.898632432101,34788380
2019-12-10,313.82,314.55,312.81,313.53,286.578718702806,52609340
2019-12-11,314.03,314.7,313.44,314.42,287.392213614443,46889653
2019-12-12,314.43,317.99,314.17,317.13,289.869259918415,96035635
2019-12-13,316.87,318.67,316.02,317.32,290.042927371461,81489263
2019-12-16,319.22,320.15,317.25,319.5,292.035532885358,82723814
2019-12-17,319.92,320.25,319.48,319.57,292.099515631218,61062693
2019-12-18,320.0,320.25,319.53,319.59,292.117796415749,48721894
2019-12-19,319.8,320.98,319.52,320.9,293.31518780254,85248597
2019-12-20,320.46,321.97,319.39,320.73,294.594842719721,149214080
2019-12-23,321.59,321.65,321.06,321.22,295.044914346737,52980805
2019-12-24,321.47,321.52,320.9,321.23,295.054099481982,20270007
2019-12-26,321.65,322.95,321.64,322.94,296.624757608914,30854382
2019-12-27,323.74,323.8,322.28,322.86,296.551276526952,42523486
2019-12-30,322.95,323.1,320.55,321.08,294.916322453304,49652827
2019-12-31,320.53,322.13,320.15,321.86,295.632763002431,57059907
2020-01-02,323.54,324.89,322.53,324.87,298.39748871124,59037072
2020-01-03,321.16,323.64,321.1,322.41,296.137945440917,77708081
2020-01-06,320.49,323.73,320.36,323.64,297.267717076078,55596982
2020-01-07,323.02,323.54,322.24,322.73,296.431869768764,40461249
2020-01-08,322.94,325.78,322.67,324.45,298.011713030941,68177241
2020-01-09,326.16,326.73,325.52,326.65,300.032442784888,48421935
2020-01-10,327.29,327.46,325.2,325.71,299.169040071838,53028660
2020-01-13,326.39,327.96,325.92,327.95,301.226510366765,47026115
2020-01-14,327.47,328.62,326.84,327.45,300.767253604505,62784185
2020-01-15,327.35,329.02,327.26,328.19,301.446953612651,71870739
2020-01-16,329.7,330.92,329.45,330.92,303.954495534594,53788867
2020-01-17,331.7,332.18,330.85,331.95,304.900564464851,95778839
2020-01-21,330.9,332.18,330.82,331.3,304.303530673912,77624157
2020-01-22,332.24,332.95,331.17,331.34,304.340271214893,48705035
2020-01-23,330.63,332.17,329.41,331.72,304.689306354211,51828259
2020-01-24,332.44,332.53,327.36,328.77,301.979691456873,87465785
2020-01-27,323.03,325.12,322.66,323.5,297.139125182646,83797934
2020-01-28,325.06,327.85,323.6,326.89,300.252886030773,63519891
2020-01-29,328.38,328.63,326.4,326.62,300.004887379152,53714641
2020-01-30,324.36,327.91,323.54,327.68,300.978511715145,75184385
2020-01-31,327.0,327.17,320.73,321.73,295.513356244243,113659402
2020-02-03,323.35,326.16,323.22,324.12,297.708603567849,68931216
2020-02-04,328.07,330.01,327.72,329.06,302.246060378984,61704740
2020-02-05,332.27,333.09,330.67,332.86,305.736411772165,64864742
2020-02-06,333.91,334.19,332.8,333.98,306.765146919629,49982975
2020-02-07,332.82,333.99,331.6,332.2,305.130192845981,64074382
2020-02-10,331.23,334.75,331.19,334.68,307.408106386794,41779456
2020-02-11,336.16,337.02,334.68,335.26,307.940844231016,54773045
2020-02-12,336.83,337.65,336.43,337.42,309.924833443982,42844434
2020-02-13,335.86,338.12,335.56,337.06,309.594168575155,54038002
2020-02-14,337.51,337.73,336.2,337.6,310.090165878396,64518123
2020-02-18,336.51,337.67,335.21,336.73,309.291059112063,57195407
2020-02-19,337.79,339.08,337.48,338.34,310.769865886542,48587393
2020-02-20,337.74,338.64,333.68,336.95,309.493132087457,73891268
2020-02-21,335.47,335.81,332.58,333.48,306.305890157368,113656552
2020-02-24,323.14,333.56,321.24,322.42,296.147130576163,160991237
2020-02-25,323.94,324.61,311.69,312.65,287.173253441589,217564684
2020-02-26,314.18,318.11,310.7,311.5,286.11696288839,192818004
2020-02-27,305.46,311.56,297.51,297.51,273.266958680337,282544492
2020-02-28,288.7,297.89,285.54,296.26,272.118816774685,384911854
2020-03-02,298.21,309.16,294.46,309.09,283.903345294293,237377617
2020-03-03,309.5,313.84,297.57,300.24,275.77450060228,298851919
2020-03-04,306.12,313.1,303.33,312.86,287.366141281739,175893889
2020-03-05,304.98,308.47,300.01,302.46,277.813600626717,185533970
2020-03-06,293.15,298.78,290.23,297.46,273.22103300411,228315219
2020-03-09,275.3,284.19,273.45,274.23,251.88396382948,305980554
2020-03-10,284.64,288.52,273.5,288.42,264.917670742438,274894230
2020-03-11,280.7,281.94,270.88,274.36,252.003370587668,254604444
2020-03-12,256.0,266.66,247.68,248.11,227.892390568984,389612072
2020-03-13,263.09,271.48,248.52,269.32,247.374062424081,326142197
2020-03-16,241.18,256.9,237.36,239.85,220.305468856437,295019288
2020-03-17,245.04,256.17,237.07,252.8,232.200218998989,260566279
2020-03-18,236.25,248.37,228.02,240.0,220.443245885116,324845381
2020-03-19,239.25,247.38,232.22,240.51,220.911687782622,288124389
2020-03-20,242.53,244.47,228.5,228.8,211.44691936149,344276957
2020-03-23,228.19,229.68,218.26,222.95,206.040606082361,323100167
2020-03-24,234.42,244.1,233.8,243.15,224.708559627387,233038623
2020-03-25,244.87,256.35,239.75,246.79,228.072487889956,297989659
2020-03-26,249.52,262.8,249.05,261.2,241.389577522819,256107410
2020-03-27,253.27,260.81,251.05,253.42,234.199642939636,223871285
2020-03-30,255.7,262.43,253.53,261.65,241.80544777506,171274407
2020-03-31,260.56,263.33,256.22,257.75,238.201238922307,193290928
2020-04-01,247.98,257.66,243.9,246.15,227.481027975659,188373330
2020-04-02,245.19,252.68,244.59,251.83,232.730234715052,176669824
2020-04-03,250.76,253.32,245.22,248.19,229.366306452483,134538553
2020-04-06,257.84,267.0,248.17,264.86,244.77198890771,186692564
2020-04-07,274.21,275.03,264.89,265.13,245.021511059055,199187791
2020-04-08,267.96,276.0,265.25,274.03,253.24650049226,152670223
2020-04-09,277.58,281.2,275.47,278.2,257.100231496357,189948139
2020-04-13,277.14,277.51,271.41,275.66,254.752874961487,114353986
2020-04-14,280.98,284.9,275.51,283.79,262.266264185302,133510280
2020-04-15,277.57,283.94,275.46,277.76,256.693602805277,121155983
2020-04-16,279.15,280.03,275.76,279.1,257.931972000838,126144324
2020-04-17,285.38,287.3,282.4,286.64,264.90010911616,146455688
2020-04-20,282.61,286.79,281.35,281.59,260.233120729903,99323028
2020-04-21,276.73,278.04,272.02,273.04,252.33158593733,125772551
2020-04-22,278.35,281.0,276.91,279.1,257.931972000838,92831657
2020-04-23,280.49,283.94,278.75,279.08,257.913488878516,103685412
2020-04-24,280.73,283.7,278.5,282.97,261.508456170108,85042563
2020-04-27,285.12,288.27,284.62,287.05,265.279013123757,77516422
2020-04-28,291.02,291.4,285.4,285.73,264.059127050518,104797847
2020-04-29,291.53,294.88,290.41,293.21,270.971814798874,118066585
2020-04-30,291.71,293.32,288.59,290.48,268.448868601947,121537052
2020-05-01,285.31,290.66,281.52,282.79,261.342108069212,125045778
2020-05-04,280.74,283.9,279.13,283.57,262.062949839762,80462952
2020-05-05,286.64,289.25,283.71,286.19,264.484238863919,79199214
2020-05-06,288.04,288.46,283.78,284.25,262.691375998704,72980387
2020-05-07,287.75,289.78,287.13,287.68,265.861231476894,74788296
2020-05-08,291.09,292.95,289.86,292.44,270.260214589484,76446082
2020-05-11,290.34,294.0,289.88,292.5,270.31566395645,78982891
2020-05-12,293.79,294.24,286.52,286.67,264.927833799643,94484342
2020-05-13,286.06,287.19,278.96,281.6,260.242362291064,144035915
2020-05-14,278.95,285.11,272.99,284.97,263.356768402289,121473094
2020-05-15,282.37,286.33,281.34,286.28,264.567412914367,111015834
2020-05-18,293.05,296.75,292.7,295.0,272.626054246676,119719465
2020-05-19,294.35,296.21,291.95,291.97,269.825861214922,94317356
2020-05-20,295.82,297.87,295.57,296.93,274.40967555073,85279592
2020-05-21,296.79,297.67,293.69,294.88,272.515155512745,77863922
2020-05-22,294.57,295.63,293.22,295.44,273.032682937756,63697627
2020-05-26,301.93,302.19,295.46,299.08,276.396611200325,88604807
2020-05-27,302.12,303.57,296.87,303.53,280.509105916927,104086252
2020-05-28,304.65,306.84,302.24,302.97,279.991578491917,90232213
2020-05-29,302.46,304.96,299.47,304.32,281.239189248639,119067393
2020-06-01,303.62,306.21,303.06,305.55,282.37590127143,55696013
2020-06-02,306.55,308.13,305.1,308.08,284.714016245139,73635043
2020-06-03,310.24,313.22,309.94,312.18,288.503056321109,91750087
2020-06-04,311.11,313.0,309.08,311.36,287.745248305915,75471787
2020-06-05,317.23,321.27,317.16,319.34,295.120014112317,150302461
2020-06-08,320.22,323.41,319.63,323.2,298.687256720426,73310274
2020-06-09,320.3,323.28,319.36,320.79,296.460040480648,77174695
2020-06-10,321.42,322.39,318.22,319.0,294.805801032846,93944722
2020-06-11,311.46,312.15,300.01,300.61,277.810570057943,208285190
2020-06-12,308.24,309.08,298.6,304.21,281.137532075869,194450402
2020-06-15,298.02,308.28,296.74,307.05,283.762135445566,134968796
2020-06-16,315.48,315.64,307.67,312.96,289.22389809166,137048347
2020-06-17,314.07,314.39,310.86,311.66,288.022495140742,82814592
2020-06-18,310.01,312.3,309.51,311.78,288.133393874673,80355844
2020-06-19,314.17,314.38,306.53,308.64,286.494164570509,135211345
2020-06-22,307.99,311.05,306.75,310.62,288.332093697808,74007212
2020-06-23,313.49,314.5,311.61,312.05,289.659486956413,68066900
2020-06-24,309.84,310.51,302.1,304.09,282.270640565857,132067392
2020-06-25,303.47,307.64,301.28,307.35,285.296725896663,88966079
2020-06-26,306.16,306.39,299.42,300.05,278.520522548539,127811745
2020-06-29,301.41,304.61,298.93,304.46,282.614091968433,79773260
2020-06-30,303.99,310.2,303.82,308.36,286.234255400992,112828251
2020-07-01,309.57,311.89,309.07,310.52,288.239268994409,71910372
2020-07-02,314.24,315.7,311.51,312.23,289.826571422531,69214995
2020-07-06,316.37,317.68,315.56,317.05,294.30072212636,61149258
2020-07-07,315.38,317.52,313.37,313.78,291.265354325215,82583406
2020-07-08,314.61,316.3,312.7,316.18,293.493147206789,54202602
2020-07-09,316.84,317.1,310.68,314.38,291.822302545608,83079092
2020-07-10,314.31,317.88,312.76,317.59,294.801975524715,57454436
2020-07-13,320.13,322.71,314.13,314.84,292.249296181244,102549097
2020-07-14,313.3,319.76,312.0,318.92,296.036544079921,92791839
2020-07-15,322.41,323.04,319.27,321.85,298.75630788951,86921534
2020-07-16,319.79,321.28,319.09,320.79,297.772366033481,54433414
2020-07-17,321.88,322.57,319.74,321.72,298.635635775091,64421802
2020-07-20,321.43,325.13,320.62,324.32,301.049078063464,56150230
2020-07-21,326.45,326.93,323.94,325.01,301.689568516916,57245315
2020-07-22,324.62,327.2,324.5,326.86,303.406825529797,57792915
2020-07-23,326.47,327.23,321.48,322.96,299.786662097238,75737989
2020-07-24,320.95,321.99,319.246,320.88,297.85590826654,73766597
2020-07-27,321.63,323.41,320.775,323.22,300.028006326075,48292970
2020-07-28,322.43,323.64,320.85,321.17,298.125099906397,57494979
2020-07-29,322.12,325.73,322.075,325.12,301.791675690655,48454159
2020-07-30,321.9,324.41,319.64,323.96,300.714909131228,61861714
2020-07-31,325.9,326.63,321.33,326.52,303.091221538241,85210755
2020-08-03,328.32,329.62,327.73,328.79,305.198342305397,53077948
2020-08-04,327.86,330.06,327.86,330.06,306.377216038563,41917893
2020-08-05,331.47,332.39,331.18,332.11,308.280122458242,42866354
2020-08-06,331.4799,334.46,331.13,334.33,310.340830873698,43679447
2020-08-07,333.28,334.88,332.3,334.57,310.563610161856,57308270
2020-08-10,335.06,335.77,332.955,335.57,311.491857195845,44282089
2020-08-11,336.85,337.54,332.01,332.8,308.920612911694,69601087
2020-08-12,335.44,338.28,332.8377,337.44,313.227679149406,53826128
2020-08-13,336.61,338.2514,335.83,336.83,312.661448458672,41816146
2020-08-14,336.41,337.42,335.62,336.84,312.670730929012,47260390
2020-08-17,337.94,338.34,336.8517,337.91,313.663955255381,34496002
2020-08-18,338.34,339.1,336.61,338.64,314.341575590193,38733908
2020-08-19,339.05,339.61,336.62,337.23,313.032747272268,68054244
2020-08-20,335.36,338.8,335.22,338.28,314.007406657957,42207826
2020-08-21,337.92,339.72,337.55,339.48,315.121303098744,55106628
2020-08-24,342.12,343.0,339.4504,342.92,318.314472895668,48588662
2020-08-25,343.53,344.21,342.27,344.12,319.428369336455,38463381
2020-08-26,344.76,347.86,344.17,347.57,322.630821603719,50790237
2020-08-27,348.51,349.9,346.53,348.33,323.336289349551,58034142
2020-08-28,349.44,350.72,348.15,350.58,325.424845176027,48588940
2020-08-31,350.35,351.3,349.06,349.31,324.24597144286,66099183
2020-09-01,350.21,352.71,349.24,352.6,327.299904184686,54999325
2020-09-02,354.67,358.75,353.43,357.7,332.033964058032,69540035
2020-09-03,355.87,356.38,342.59,345.39,320.607243069622,148011129
2020-09-04,346.13,347.83,334.87,342.57,317.989586433771,139156281
2020-09-08,336.71,342.64,332.88,333.21,309.30119419563,114465322
2020-09-09,337.55,342.46,336.61,339.79,315.409059679281,91462290
2020-09-10,341.82,342.53,332.85,333.89,309.932402178743,90569548
2020-09-11,335.82,336.97,331.0,334.06,310.090204174521,84680194
2020-09-14,337.49,340.38,334.2208,338.46,314.174491124075,65605686
2020-09-15,341.12,342.02,338.4683,340.17,315.761793552197,52920862
2020-09-16,341.51,343.06,338.52,338.82,314.508660056311,82211256
2020-09-17,333.56,337.6996,332.991,335.84,311.742483895022,91523339
2020-09-18,335.37,335.49,327.97,330.65,308.168012494464,105877942
2020-09-21,325.7,327.13,321.73,326.97,304.738227870301,99450829
2020-09-22,328.57,330.9,325.86,330.3,307.841810152492,63612107
2020-09-23,330.9,331.2,322.1,322.64,300.702638896761,93112240
2020-09-24,321.22,326.797,319.8,323.5,301.504164651321,76681332
2020-09-25,322.58,329.58,321.64,328.73,306.378559647075,71069426
2020-09-28,333.22,334.96,332.15,334.19,311.467316181839,64584614
2020-09-29,333.97,334.77,331.6209,332.37,309.771064003584,51531594
2020-09-30,333.09,338.29,332.88,334.89,312.119720865783,104081136
2020-10-01,337.69,338.74,335.01,337.04,314.123535252183,88698745
2020-10-02,331.7,337.0126,331.19,333.84,311.141113839867,89431112
2020-10-05,336.06,339.96,336.01,339.76,316.658593452652,45713108
2020-10-06,339.91,342.17,334.38,334.93,312.157001133437,90128883
2020-10-07,338.12,341.63,338.09,340.76,317.590600144,56999597
2020-10-08,342.85,343.85,341.86,343.78,320.405260351874,45242476
2020-10-09,345.56,347.35,344.89,346.85,323.266520894314,59528606
2020-10-12,349.59,354.02,349.06,352.43,328.46711823204,80388533
2020-10-13,352.28,352.4651,349.09,350.13,326.323502841938,73255513
2020-10-14,350.75,351.93,347.14,347.93,324.273088120971,57958749
2020-10-15,343.71,348.02,343.13,347.5,323.872325243691,60357659
2020-10-16,348.96,350.75,347.1,347.29,323.676603838508,89501868
2020-10-19,348.65,349.33,341.04,342.01,318.755608508186,68425614
2020-10-20,343.46,346.88,342.64,343.38,320.032457675334,60051880
2020-10-21,343.33,348.6847,342.4,342.73,319.426653325957,63574979
2020-10-22,342.96,345.24,340.65,344.61,321.178825905693,55399292
2020-10-23,345.93,345.99,343.13,345.78,322.269273734571,49143931
2020-10-26,342.13,342.98,335.62,339.39,316.313750976853,91473002
2020-10-27,339.76,340.12,337.99,338.22,315.223303147975,65994108
2020-10-28,332.1,338.2483,326.13,326.66,304.449305795983,127094307
2020-10-29,326.91,333.395,325.09,329.98,307.543568011261,90597689
2020-10-30,328.28,329.69,322.6,326.54,304.337464993021,120448685
2020-11-02,330.2,332.36,327.24,330.2,307.748609483358,86068299
2020-11-03,333.69,338.25,330.2935,336.03,313.182208493921,93294192
2020-11-04,340.86,347.94,339.59,343.54,320.18157874595,126959700
2020-11-05,349.24,352.19,348.86,350.24,326.426023577987,82039749
2020-11-06,349.93,351.51,347.65,350.16,326.351463042679,74972973
2020-11-09,363.97,364.38,354.06,354.56,330.452292484613,172304203
2020-11-10,353.49,355.18,350.51,354.04,329.967649005112,85552022
2020-11-11,356.4,357.56,355.06,356.67,332.418826603359,58649048
2020-11-12,355.58,356.7182,351.26,353.21,329.194083451292,68118563
2020-11-13,355.27,358.9,354.71,358.1,333.751596171988,62959429
2020-11-16,360.98,362.78,359.59,362.57,337.917666082317,74541138
2020-11-17,359.97,361.92,358.34,360.62,336.100253034187,66111009
2020-11-18,360.91,361.5,356.24,356.28,332.055343993733,70591299
2020-11-19,355.6,358.18,354.15,357.78,333.453354030756,59940947
2020-11-20,357.5,357.72,355.25,355.33,331.169937636952,70411890
2020-11-23,357.28,358.82,354.865,357.46,333.155111889525,63230608
2020-11-24,360.21,363.81,359.29,363.22,338.523470431693,60985003
2020-11-25,363.13,363.16,361.48,362.66,338.001546684538,45330890
2020-11-27,363.84,364.18,362.58,363.67,338.9428734428,28514072
2020-11-30,362.83,363.12,359.17,362.06,337.442342669729,83872709
2020-12-01,365.57,367.68,364.93,366.02,341.13308916747,72509670
2020-12-02,364.82,366.96,364.2,366.79,341.850734319808,45927000
2020-12-03,366.68,368.19,365.5,366.69,341.757533650673,62881998
2020-12-04,367.32,369.85,367.22,369.85,344.702674795336,50749859
2020-12-07,369.02,369.62,367.72,369.09,343.99434970991,48944269
2020-12-08,367.72,370.78,367.67,370.17,345.000916936567,42458859
2020-12-09,370.88,371.05,365.95,366.85,341.906654721289,74098312
2020-12-10,365.37,367.86,364.43,366.73,341.794813918327,57735353
2020-12-11,364.9,366.7402,363.26,366.3,341.394051041047,57698614
2020-12-14,368.64,369.8,364.47,364.66,339.865560067236,69216174
2020-12-15,367.4,369.59,365.92,369.59,344.460353055585,64071099
2020-12-16,369.82,371.16,368.8676,370.17,345.000916936567,58420517
2020-12-17,371.94,372.46,371.05,372.24,346.930170787659,64119472
2020-12-18,370.97,371.15,367.02,369.18,345.550800884463,136542328
2020-12-21,364.97,378.46,362.03,367.86,344.315286888126,96386745
2020-12-22,368.21,368.3317,366.03,367.24,343.734969708029,48388462
2020-12-23,368.28,369.62,367.2172,367.57,344.043848207113,46201402
2020-12-24,368.08,369.03,367.45,369.0,345.382321703144,26457853
2020-12-28,371.74,372.59,371.07,372.17,348.349427285255,37932709
2020-12-29,373.81,374.0,370.83,371.46,347.684870514499,53680451
2020-12-30,372.34,373.1,371.57,371.99,348.180948103937,49455259
2020-12-31,371.78,374.66,371.232,373.88,349.949979507782,78520702
2021-01-04,375.31,375.45,364.82,368.79,345.185762658273,110210810
2021-01-05,368.1,372.5,368.05,371.33,347.563191105768,66426229
2021-01-06,369.71,376.98,369.12,373.55,349.641101008698,107997675
2021-01-07,376.1,379.9,375.91,379.1,354.835875766022,68766812
2021-01-08,380.59,381.49,377.1,381.26,356.857625941845,71677208
2021-01-11,377.85,380.58,377.7189,378.69,354.452117630796,51176719
2021-01-12,378.89,379.86,376.36,378.77,354.526997266938,51440114
2021-01-13,378.69,380.86,377.85,379.79,355.481712627743,45303619
2021-01-14,380.59,381.13,378.1,378.46,354.236838676889,49989113
2021-01-15,376.72,377.58,373.7,375.7,351.653491230004,107159962
2021-01-19,378.34,379.23,376.75,378.65,354.414677812725,51233300
2021-01-20,381.11,384.79,380.69,383.89,359.31929398,61836062
2021-01-21,384.49,384.95,383.25,384.24,359.64689238812,47955809
2021-01-22,382.25,384.1256,381.835,382.88,358.373938573712,52136931
2021-01-25,383.67,384.77,378.46,384.39,359.787291705885,70401971
2021-01-26,385.41,385.85,383.54,383.79,359.225694434823,42665281
2021-01-27,380.22,380.32,372.01,374.41,350.44605709722,123351078
2021-01-28,376.36,381.93,375.89,377.63,353.45996245192,94198104
2021-01-29,375.63,376.67,368.27,370.07,346.383836836538,126765121
2021-02-01,373.72,377.34,370.376,376.23,352.149568819442,75817597
2021-02-02,379.65,383.22,376.3181,381.55,357.129064622858,62923781
2021-02-03,382.435,383.7,380.48,381.85,357.409863258389,52427090
2021-02-04,382.96,386.24,381.9655,386.19,361.472083519071,47142555
2021-02-05,388.2,388.47,386.1444,387.71,362.894796605762,48669773
2021-02-08,389.27,390.56,388.35,390.51,365.515583870718,38365185
2021-02-09,389.61,390.89,389.17,390.25,365.272225053258,34142633
2021-02-10,392.12,392.28,387.5,390.08,365.113105826457,58362935
2021-02-11,391.24,391.69,388.1,390.71,365.702782961072,42913288
2021-02-12,389.85,392.9,389.77,392.64,367.509254182988,50593270
2021-02-16,393.96,394.17,391.53,392.3,367.191015729386,50972366
2021-02-17,390.42,392.66,389.33,392.39,367.275255320045,51746878
2021-02-18,389.59,391.515,387.74,390.72,365.71214291559,59712773
2021-02-19,392.07,392.38,389.55,390.03,365.066306053868,83240971
2021-02-22,387.06,389.62,386.74,387.03,362.258319698558,66517089
2021-02-23,384.66,388.945,380.2,387.5,362.69823756089,107284127
2021-02-24,386.33,392.23,385.27,391.77,366.694938139948,72433946
2021-02-25,390.41,391.88,380.7789,382.33,357.859141075239,144712701
2021-02-26,384.35,385.58,378.23,380.36,356.015230035252,149530614
2021-03-01,385.59,390.92,380.572,389.58,364.645108100572,105348798
2021-03-02,389.82,390.07,386.0,386.54,361.799681927191,79595332
2021-03-03,385.79,386.83,381.31,381.42,357.007385214128,119940211
2021-03-04,381.22,384.0,371.88,376.7,352.589486681774,183433020
2021-03-05,380.46,384.76,372.64,383.63,359.07593516254,152039624
2021-03-08,384.66,387.68,381.42,381.72,357.288183849659,123149245
2021-03-09,385.85,389.91,381.7299,387.17,362.389359061806,113633556
2021-03-10,389.69,391.4,388.1702,389.58,364.645108100572,109899410
2021-03-11,392.23,395.65,391.74,393.53,368.342290135063,86245040
2021-03-12,392.07,394.21,391.2,394.06,368.838367724501,64653565
2021-03-15,394.33,396.685,392.03,396.41,371.037957036161,73592302
2021-03-16,397.07,397.83,395.08,395.91,370.569959310276,73722506
2021-03-17,394.53,398.12,393.3,397.26,371.833553170166,97959265
2021-03-18,394.475,396.72,390.75,391.48,366.423499458935,115349101
2021-03-19,389.88,391.569,387.15,389.48,365.747512311721,113624490
2021-03-22,390.03,394.07,389.97,392.59,368.668008263476,73778646
2021-03-23,391.91,393.46,388.66,389.5,365.76629363617,90686552
2021-03-24,391.0,392.75,387.47,387.52,363.90694251576,97588644
2021-03-25,385.98,390.55,383.9,389.7,365.954106880655,116128622
2021-03-26,390.93,396.41,390.29,395.98,371.851442757511,114409114
2021-03-29,394.4,396.75,392.81,395.78,371.663629513025,108107626
2021-03-30,394.42,395.45,393.02,394.73,370.677609979474,76262249
2021-03-31,395.34,398.0,395.31,396.33,372.180115935361,112734214
2021-04-01,398.4,400.67,398.18,400.61,376.199319367358,99682876
2021-04-05,403.46,406.94,403.38,406.36,381.598950146326,91684764
2021-04-06,405.76,407.24,405.4,406.12,381.373574252943,62020953
2021-04-07,405.94,406.96,405.45,406.59,381.814935377484,55836280
2021-04-08,407.93,408.58,406.93,408.52,383.627333186773,57863114
2021-04-09,408.39,411.67,408.26,411.49,386.416359867387,61104559
2021-04-12,410.85,411.93,410.2,411.64,386.557219800752,56704899
2021-04-13,411.53,413.529,411.12,412.86,387.702880592115,56550988
2021-04-14,412.83,413.96,410.87,411.45,386.37879721849,61659907
2021-04-15,413.74,416.16,413.69,415.87,390.529469921627,60229842
2021-04-16,417.25,417.91,415.73,417.26,391.834771970804,82037278
2021-04-19,416.26,416.74,413.79,415.21,389.909686214824,78498496
2021-04-20,413.91,415.0859,410.59,412.17,387.054924898639,81851828
2021-04-21,411.51,416.29,411.36,416.07,390.717283166113,66792983
2021-04-22,415.89,416.78,411.13,412.27,387.148831520882,97582788
2021-04-23,412.87,418.25,412.79,416.74,391.346457535141,73276195
2021-04-26,417.44,418.22,416.8111,417.61,392.163445148654,52182392
2021-04-27,417.93,418.14,416.3,417.52,392.078929188635,51303056
2021-04-28,417.81,419.01,416.9,417.4,391.966241241944,51238854
2021-04-29,420.32,420.72,416.44,420.06,394.464157393606,78544329
2021-04-30,417.63,418.54,416.34,417.3,391.872334619701,85527030
2021-05-03,419.43,419.84,417.665,418.2,392.717494219887,68128289
2021-05-04,416.07,416.6,411.67,415.62,390.29470336602,101591166
2021-05-05,417.38,417.63,415.15,415.75,390.416781974936,39960661
2021-05-06,415.83,419.21,413.675,419.07,393.534481833401,74321368
2021-05-07,419.89,422.815,419.16,422.12,396.39863381181,67733790
2021-05-10,422.5,422.74,417.81,417.94,392.473337002056,81852446
2021-05-11,413.1,415.27,410.06,414.21,388.970619992395,116887975
2021-05-12,411.23,412.59,404.0,405.41,380.706837235018,134811046
2021-05-13,407.07,412.35,407.02,410.28,385.280089738248,106393963
2021-05-14,413.21,417.49,413.18,416.58,391.196206939552,82201629
2021-05-17,415.39,416.39,413.36,415.52,390.200796743777,65129221
2021-05-18,415.8,416.06,411.77,411.94,386.838939667481,59810238
2021-05-19,406.92,411.05,405.33,410.86,385.824748147257,106467052
2021-05-20,411.8,416.625,411.67,415.28,389.975420850394,78022218
2021-05-21,416.87,418.2,414.45,414.94,389.656138334768,76578662
2021-05-24,417.34,420.32,417.08,419.17,393.628388455644,51376702
2021-05-25,420.33,420.71,417.62,418.24,392.755056868784,57451396
2021-05-26,418.87,419.61,417.76,419.07,393.534481833401,43088618
2021-05-27,420.17,420.72,418.9851,419.29,393.741076402335,56707677
2021-05-28,420.97,421.25,419.79,420.04,394.445376069157,58520164
2021-06-01,422.57,422.72,419.2,419.67,394.097921566858,54216625
2021-06-02,420.37,421.23,419.29,420.33,394.717705273661,49097061
2021-06-03,417.85,419.99,416.28,418.77,393.252761966672,58138763
2021-06-04,420.75,422.92,418.8422,422.6,396.849385598576,55938789
2021-06-07,422.59,422.78,421.19,422.19,396.46436844738,51555032
2021-06-08,423.11,423.21,420.32,422.28,396.548884407398,47134279
2021-06-09,423.18,423.26,421.41,421.65,395.957272687268,48436342
2021-06-10,422.96,424.63,421.55,423.61,397.797842483229,51020147
2021-06-11,424.2,424.43,422.82,424.31,398.45518883893,45570828
2021-06-14,424.43,425.37,423.1,425.26,399.347301750237,42358478
2021-06-15,425.42,425.46,423.54,424.48,398.614830096743,51508508
2021-06-16,424.63,424.87,419.92,422.11,396.389243149585,79250069
2021-06-17,421.67,423.02,419.32,421.97,396.257773878445,90949659
2021-06-18,417.09,417.8281,414.7,414.92,390.929394749104,118676302
2021-06-21,416.8,421.06,415.93,420.86,396.525944939044,72822028
2021-06-22,420.85,424.0,420.08,423.11,398.645850314021,57700303
2021-06-23,423.19,424.05,422.51,422.6,398.165338429026,49445414
2021-06-24,424.89,425.55,424.62,425.1,400.520788845667,45110288
2021-06-25,425.9,427.0943,425.55,426.61,401.943480897319,58129525
2021-06-28,427.17,427.65,425.89,427.47,402.753755840643,53159581
2021-06-29,427.88,428.56,427.13,427.7,402.970457278974,35970515
2021-06-30,427.21,428.78,427.18,428.06,403.30964213897,64827858
2021-07-01,428.87,430.6,428.8,430.43,405.542609133946,53441027
2021-07-02,431.67,434.1,430.5218,433.72,408.642381882246,57697668
2021-07-06,433.78,434.01,430.01,432.93,407.898059550587,68710419
2021-07-07,433.66,434.76,431.51,434.46,409.339595205572,63549456
2021-07-08,428.78,431.73,427.52,430.92,406.004277415608,97595232
2021-07-09,432.53,435.84,430.714,435.52,410.338306182228,76238584
2021-07-12,435.43,437.35,434.97,437.08,411.808107242212,52889585
2021-07-13,436.24,437.84,435.31,435.59,410.404258793894,52911312
2021-07-14,437.4,437.92,434.91,436.24,411.01667590222,64130352
2021-07-15,434.81,435.53,432.72,434.75,409.612827453902,55126358
2021-07-16,436.01,436.06,430.92,431.34,406.399993085604,75874662
2021-07-19,426.19,431.4089,421.97,424.97,400.398305424002,147987000
2021-07-20,425.68,432.42,424.83,431.06,406.13618263894,99608174
2021-07-21,432.34,434.7,431.0111,434.55,409.424391420571,64724389
2021-07-22,434.74,435.72,433.69,435.46,410.281775372228,47878539
2021-07-23,437.52,440.3,436.79,439.94,414.502742518849,63766637
2021-07-26,439.31,441.03,439.26,441.02,415.520297098838,43719187
2021-07-27,439.91,439.94,435.99,439.01,413.626514963859,67397137
2021-07-28,439.68,440.3,437.31,438.83,413.456922533861,52472360
2021-07-29,439.815,441.8,439.81,440.65,415.171690437175,45910298
2021-07-30,437.91,440.06,437.77,438.51,413.155424880531,68951202
2021-08-02,440.34,440.93,437.21,437.59,412.288619127207,58783297
2021-08-03,438.44,441.28,436.1,441.15,415.642780520504,58053896
2021-08-04,439.78,441.1243,438.73,438.98,413.598249558859,46732212
2021-08-05,440.22,441.85,439.88,441.76,416.217510422164,38969659
2021-08-06,442.1,442.94,441.8,442.49,416.905301943823,46930008
2021-08-09,442.46,442.795,441.31,442.13,416.566117083827,41222585
2021-08-10,442.61,443.44,441.88,442.68,417.084316175488,43339275
2021-08-11,443.82,443.882,442.62,443.78,418.12071435881,44034340
2021-08-12,443.62,445.2572,442.66,445.11,419.373813980463,38942418
2021-08-13,445.59,445.94,445.07,445.92,420.136979915455,38673164
2021-08-16,444.53,447.11,442.87,446.97,421.126269090444,73930864
2021-08-17,444.24,444.96,440.85,444.04,418.365681202141,92673933
2021-08-18,442.96,444.625,438.92,439.18,413.78668559219,89351931
2021-08-19,436.27,441.14,436.12,439.86,414.427368105517,92812246
2021-08-20,440.23,443.71,439.71,443.36,417.724998688814,72008712
2021-08-23,445.16,448.23,443.4355,447.26,421.399501338775,54973038
2021-08-24,447.97,448.54,447.42,447.97,422.068449257101,38744714
2021-08-25,448.17,449.457,447.77,448.91,422.954098613758,40529711
2021-08-26,448.61,448.86,446.16,446.26,420.457321172118,57829572
2021-08-27,447.12,450.65,447.06,450.25,424.216620037078,77235113
2021-08-30,450.97,453.07,450.71,452.23,426.082136767057,48357355
2021-08-31,452.13,452.49,450.92,451.56,425.450876055398,59300213
2021-09-01,452.56,453.11,451.545,451.8,425.676999295395,48721378
2021-09-02,453.32,454.05,451.91,453.19,426.986629727048,42830867
2021-09-03,451.98,453.63,451.55,453.08,426.882989908715,47234364
2021-09-07,452.71,452.81,450.7423,451.46,425.356658038732,51671534
2021-09-08,450.89,451.67,448.86,450.91,424.838458947071,56181907
2021-09-09,450.7,452.57,448.72,448.98,423.020051225424,57970407
2021-09-10,451.04,451.49,445.31,445.44,419.68473343546,89948174
2021-09-13,448.64,448.92,444.11,446.58,420.758818825448,83738649
2021-09-14,448.12,448.34,443.22,444.17,418.488164623806,78197140
2021-09-15,444.62,448.41,443.44,447.88,421.983653042102,78792222
2021-09-16,447.32,448.36,444.02,447.17,421.314705123776,77786735
2021-09-17,444.92,445.37,441.02,441.4,417.223869075233,118425037
2021-09-20,434.88,436.56,428.86,434.04,410.266987162243,166445534
2021-09-21,436.53,437.91,433.07,433.63,409.87944346872,92526112
2021-09-22,436.05,440.03,433.747,437.86,413.877760111648,102350143
2021-09-23,439.85,444.89,439.6,443.18,418.906375842233,76395981
2021-09-24,441.44,444.67,441.21,443.91,419.596392662407,62094837
2021-09-27,442.81,444.05,441.9,442.64,418.395952441008,61371108
2021-09-28,439.69,440.04,432.94,433.72,409.964514035591,130436306
2021-09-29,435.19,437.04,433.85,434.45,410.654530855765,82329213
2021-09-30,436.02,436.77,428.78,429.14,405.635367410388,140505979
2021-10-01,430.98,436.0329,427.23,434.24,410.4560328664,129240106
2021-10-04,433.0,433.96,426.36,428.64,405.162753149995,128569957
2021-10-05,430.24,435.49,429.39,433.1,409.378472352703,90682520
2021-10-06,429.27,435.1199,427.54,434.9,411.079883690119,113032245
2021-10-07,438.39,441.68,438.2,438.66,414.633942928277,72437499
2021-10-08,439.48,439.89,437.19,437.86,413.877760111648,74557404
2021-10-11,437.16,440.26,434.62,434.69,410.881385700754,65233285
2021-10-12,435.67,436.1,432.78,433.62,409.869991183513,71181163
2021-10-13,434.71,436.05,431.54,435.18,411.34454767594,72973979
2021-10-14,439.08,442.66,438.58,442.5,418.263620448098,70236825
2021-10-15,444.75,446.26,444.09,445.87,421.449040563149,66260210
2021-10-18,443.97,447.55,443.27,447.19,422.696742210588,62213228
2021-10-19,448.92,450.71,448.27,450.64,425.957780607301,46996827
2021-10-20,451.13,452.732,451.01,452.41,427.630835089094,49571569
2021-10-21,451.77,453.829,451.31,453.59,428.746204743622,41305438
2021-10-22,453.13,454.67,451.05,453.12,428.301947338852,58845088
2021-10-25,454.28,455.9,452.39,455.55,430.598852644364,45214507
2021-10-26,457.2,458.49,455.56,455.96,430.986396337887,56075116
2021-10-27,456.45,457.16,453.86,453.94,429.077034725897,72437997
2021-10-28,455.46,458.4,455.45,458.32,433.217135646943,51437944
2021-10-29,455.87,459.56,455.56,459.25,434.096198171275,70162424
2021-11-01,460.3,460.7021,458.2,460.04,434.842928702696,47474495
2021-11-02,460.22,462.23,460.08,461.9,436.601053751359,47840033
2021-11-03,461.3,465.15,460.83,464.72,439.266598179978,52509825
2021-11-04,465.36,467.0,464.99,466.91,441.336648640501,52847087
2021-11-05,469.28,470.65,466.92,468.53,442.867918844175,66390563
2021-11-08,469.7,470.23,468.2031,468.93,443.24601025249,50405194
2021-11-09,469.32,469.57,465.88,467.38,441.78090604527,50232447
2021-11-10,465.58,467.38,462.04,463.62,438.226846807112,69429653
2021-11-11,465.21,465.29,463.75,463.77,438.36863108523,34848495
2021-11-12,465.12,467.86,464.11,467.27,441.676930907984,51018081
2021-11-15,468.64,468.81,466.23,467.43,441.82816747131,46980500
2021-11-16,467.15,470.485,467.07,469.28,443.576840234765,48857502
2021-11-17,469.0,469.19,467.48,468.14,442.499279721068,47858289
2021-11-18,469.24,470.01,466.34,469.73,444.002193069119,50625607
2021-11-19,469.61,470.94,468.5,468.89,443.208201111658,57315573
2021-11-22,470.89,473.54,467.35,467.57,441.96049946422,72761954
2021-11-23,467.22,469.095,464.45,468.19,442.546541147107,73206538
2021-11-24,466.06,469.57,465.19,469.44,443.728076798091,61858813
2021-11-26,462.34,463.9,457.77,458.97,433.831534185454,112669636
2021-11-29,464.07,466.56,461.73,464.6,439.153170757483,86268818
2021-11-30,462.0,464.03,455.3,455.56,430.608304929572,148559598
2021-12-01,461.64,464.67,450.29,450.5,425.825448614391,132485835
2021-12-02,450.73,459.07,450.31,457.4,432.347525407819,127637758
2021-12-03,459.17,460.3,448.92,453.42,428.585515895088,137331647
2021-12-06,456.13,460.79,453.56,458.79,433.661393051713,98977532
2021-12-07,464.41,468.88,458.6546,468.28,442.631611713978,95484688
2021-12-08,468.7,470.0,466.83,469.52,443.803695079754,72238777
2021-12-09,468.15,469.6291,466.14,466.35,440.80732066886,61272568
2021-12-10,469.23,470.9,466.51,470.74,444.956873875113,77159757
2021-12-13,470.19,470.56,466.27,466.57,441.015270943433,87724680
2021-12-14,463.09,465.74,460.25,463.36,437.981087391708,97264128
2021-12-15,463.42,470.86,460.74,470.6,444.824541882203,116899251
2021-12-16,472.57,472.87,464.8,466.45,440.901843520939,116568626
2021-12-17,461.55,464.74,458.06,459.87,436.22625646444,135636510
2021-12-20,454.48,455.4,451.14,454.98,431.587670789986,107134822
2021-12-21,458.61,463.21,456.31,463.06,439.252245892151,69806260
2021-12-22,462.79,467.81,462.58,467.69,443.644199199456,58890223
2021-12-23,468.75,472.19,468.64,470.6,446.404584539468,56439745
2021-12-27,472.06,477.31,472.01,477.26,452.722167482589,56808619
2021-12-28,477.72,478.81,476.06,476.87,452.352218931866,47274585
2021-12-29,476.98,478.56,475.92,477.48,452.930856408639,54502964
2021-12-30,477.93,479.0,475.67,476.16,451.678722852344,55329041
2021-12-31,475.64,476.86,474.67,474.96,450.540419619349,63617437
2022-01-03,476.3,477.85,473.85,477.71,453.149031194963,72668233
2022-01-04,479.22,479.98,475.58,477.55,452.997257430563,71178678
2022-01-05,477.16,477.98,468.2801,468.38,444.298723558428,104538940
2022-01-06,467.89,470.82,465.43,467.94,443.88134570633,86858900
2022-01-07,467.95,469.2,464.65,466.09,442.126461555463,85111593
2022-01-10,462.7,465.74,456.5973,465.51,441.576281659515,119361989
2022-01-11,465.23,469.85,462.05,469.75,445.598286416097,73332978
2022-01-12,471.59,473.2,468.94,471.02,446.802990671016,67605444
2022-01-13,472.19,472.88,463.44,464.53,440.646667352569,91173121
2022-01-14,461.19,465.09,459.9,464.72,440.826898697794,95890948
2022-01-18,459.74,459.96,455.31,456.49,433.020035691504,107848237
2022-01-19,458.13,459.6124,451.46,451.75,428.523737921175,104945382
2022-01-20,453.75,458.74,444.5,446.75,423.780807783696,122379696
2022-01-21,445.56,448.06,437.95,437.98,415.461708322559,202271241
2022-01-24,432.03,440.38,420.76,439.84,417.226078333701,252496719
2022-01-25,433.06,439.72,427.15,434.47,412.132171366049,167997325
2022-01-26,440.72,444.04,428.86,433.38,411.098212596079,186391088
2022-01-27,438.26,441.59,429.45,431.24,409.068238497238,149878307
2022-01-28,432.68,442.0,427.82,441.95,419.227594851717,164457370
2022-01-31,441.24,450.28,439.81,449.91,426.778339630583,152251425
2022-02-01,450.68,453.63,446.9384,452.95,429.662041154169,123155382
2022-02-02,455.5,458.12,453.05,457.35,433.83581967515,117360953
2022-02-03,450.95,452.97,445.71,446.6,423.638519879572,118024442
2022-02-04,446.35,452.78,443.83,448.7,425.630550537313,118454352
2022-02-07,449.51,450.99,445.85,447.26,424.264586657719,84472859
2022-02-08,446.73,451.92,445.22,450.94,427.755383238903,81012036
2022-02-09,455.22,457.88,455.005,457.54,434.016051020375,92589929
2022-02-10,451.34,457.71,447.2,449.32,426.21867387436,140103712
2022-02-11,449.41,451.605,438.94,440.46,417.814201670748,153214597
2022-02-14,439.92,441.6,435.34,439.02,416.448237791155,123006262
2022-02-15,443.73,446.28,443.18,446.1,423.164226865824,88659503
2022-02-16,443.93,448.055,441.94,446.6,423.638519879572,84863585
2022-02-17,443.22,446.5652,436.42,437.06,414.589009177263,102259108
2022-02-18,437.33,438.66,431.82,434.23,411.90451071945,132642896
2022-02-22,431.89,435.5,425.86,429.57,407.48409983132,122145129
2022-02-23,432.66,433.26,421.35,421.95,400.255874301803,132578005
2022-02-24,411.02,428.76,410.64,428.3,406.279395576401,213942946
2022-02-25,429.61,437.84,427.86,437.75,415.243533536235,121804459
2022-02-28,432.03,438.2,430.7,436.63,414.18111718544,145615029
2022-03-01,435.04,437.17,427.11,429.98,407.873020102594,137785908
2022-03-02,432.37,439.72,431.57,437.89,415.376335580084,117726525
2022-03-03,440.47,441.11,433.8,435.71,413.308418040144,105501715
2022-03-04,431.75,433.37,427.88,432.17,409.950423502809,114083256
2022-03-07,431.55,432.3018,419.36,419.43,397.865437512514,137896560
2022-03-08,419.62,427.21,415.12,416.25,394.848933945078,164772744
2022-03-09,425.14,429.51,422.82,427.41,405.43515401193,116990765
2022-03-10,422.52,426.43,420.44,425.48,403.604382978863,93972655
2022-03-11,428.12,428.77,419.53,420.07,398.472532570111,95636277
2022-03-14,420.89,424.55,415.79,417.0,395.5603734657,95729188
2022-03-15,419.77,426.84,418.42,426.17,404.258907337835,106219117
2022-03-16,429.89,435.68,424.8,435.62,413.223045297669,144954805
2022-03-17,433.59,441.07,433.19,441.07,418.392839147521,102676870
2022-03-18,438.0,444.86,437.22,444.52,422.961237993214,102665985
2022-03-21,444.34,446.46,440.68,444.39,422.837542859274,87350111
2022-03-22,445.86,450.58,445.86,449.59,427.785348216884,73464881
2022-03-23,446.91,448.49,443.71,443.8,422.276157251391,79426098
2022-03-24,445.94,450.5,444.76,450.49,428.641699144162,64736892
2022-03-25,451.16,452.98,448.43,452.69,430.735001410843,76123606
2022-03-28,452.06,455.91,450.06,455.91,433.79883472844,68529767
2022-03-29,460.02,462.07,457.18,461.55,439.165300539386,86581542
2022-03-30,460.34,461.195,456.465,458.7,436.453522603004,79666942
2022-03-31,457.89,458.76,451.16,451.64,429.735925329018,121699948
2022-04-01,453.31,453.46,449.14,452.92,430.953846647815,89048773
2022-04-04,453.13,456.91,452.26,456.8,434.645670645416,59601000
2022-04-05,455.22,457.83,449.82,451.03,429.15550970053,72741037
2022-04-06,446.89,448.93,443.47,446.52,424.864240053833,106897970
2022-04-07,445.59,450.69,443.53,448.77,427.00511737203,78097214
2022-04-08,447.97,450.63,445.94,447.57,425.863316135658,79272711
2022-04-11,444.11,445.0,439.39,439.92,418.58433325379,89770538
2022-04-12,443.08,445.75,436.6501,438.29,417.033386574386,84363635
2022-04-13,438.03,444.11,437.84,443.31,421.80992174654,74070394
2022-04-14,443.55,444.7301,437.68,437.79,416.557636059231,97869451
2022-04-18,436.81,439.75,435.61,437.97,416.728906244686,66002498
2022-04-19,437.86,445.8,437.68,445.04,423.456018528975,77821013
2022-04-20,446.92,447.57,443.48,444.71,423.142023188973,64140001
2022-04-21,448.54,450.01,437.1,438.06,416.814541337414,85417327
2022-04-22,436.91,438.0825,425.44,426.04,405.377498953093,132471772
2022-04-25,423.67,428.69,418.84,428.51,407.727706497958,119647748
2022-04-26,425.83,426.04,416.07,416.1,395.919578711816,100647304
2022-04-27,417.24,422.92,415.01,417.27,397.032834917278,122029990
2022-04-28,422.29,429.64,417.6,427.81,407.061655776741,105449088
2022-04-29,423.59,425.87,411.21,412.0,392.018424487547,145491088
2022-05-02,412.07,415.92,405.02,414.48,394.378147042714,158312526
2022-05-03,415.01,418.93,413.36,416.38,396.185999000303,100028190
2022-05-04,417.08,429.66,413.7099,429.06,408.251032064628,141106960
2022-05-05,424.55,425.0,409.44,413.81,393.740641352407,172929106
2022-05-06,411.1,414.8,405.73,411.34,391.390433807542,151770811
2022-05-09,405.1,406.41,396.5,398.17,378.859165238365,155586067
2022-05-10,404.49,406.08,394.82,399.09,379.73454618625,132497200
2022-05-11,398.07,404.04,391.96,392.75,373.702029654087,142360992
2022-05-12,389.37,395.8,385.15,392.34,373.31191423166,125090753
2022-05-13,396.71,403.18,395.61,401.72,382.236993895964,104174421
2022-05-16,399.98,403.97,397.6,400.09,380.68604721656,78622444
2022-05-17,406.53,408.57,402.5824,408.32,388.516900696007,83029710
2022-05-18,403.5,403.8,390.55,391.86,372.855193737112,117674545
2022-05-19,388.62,394.14,387.11,389.46,370.571591264369,98510715
2022-05-20,393.25,397.03,380.54,389.63,370.733346439521,131432197
2022-05-23,392.83,397.73,390.38,396.92,377.669788950478,76414878
2022-05-24,392.56,395.15,386.96,393.89,374.78674082864,91448831
2022-05-25,392.31,399.45,391.89,397.37,378.097964414118,91472866
2022-05-26,398.67,407.04,398.45,405.31,385.652882594776,82168339
2022-05-27,407.91,415.3801,407.7,415.26,395.120317846356,84768710
2022-05-31,413.55,416.46,410.03,412.93,392.903320445735,95936980
2022-06-01,415.17,416.24,406.93,409.59,389.725307004501,86585813
2022-06-02,409.42,417.44,407.04,417.39,397.147015040915,79609633
2022-06-03,412.4,414.04,409.51,410.54,390.629232983295,71874281
2022-06-06,414.78,416.609,410.5523,411.79,391.818609271182,57508858
2022-06-07,408.1,416.22,407.61,415.74,395.577038340905,59272373
2022-06-08,413.93,415.82,410.38,411.22,391.276253683905,64349966
2022-06-09,409.34,411.74,401.44,401.44,381.970573607478,86289796
2022-06-10,394.88,395.7777,389.75,389.8,370.895101614674,132893864
2022-06-13,379.85,381.81,373.3,375.0,356.812886366092,170004861
2022-06-14,376.85,377.94,370.59,373.87,355.737690201842,104011831
2022-06-15,377.36,383.9,372.12,379.2,360.809190693392,125666797
2022-06-16,370.51,370.94,364.0799,366.65,348.867852763007,134473288
2022-06-17,365.51,369.38,362.17,365.86,349.616561330228,111113904
2022-06-21,371.89,376.525,371.81,375.07,358.417656092846,76811861
2022-06-22,370.62,378.72,370.18,374.39,357.767846707549,90059424
2022-06-23,376.64,378.83,372.89,378.06,361.274906184076,79292135
2022-06-24,381.4,390.09,381.365,390.08,372.761242671228,98050333
2022-06-27,391.05,391.36,387.44,388.59,371.337395635799,66009617
2022-06-28,390.23,393.16,380.53,380.65,363.749915460425,86689824
2022-06-29,381.23,382.27,378.42,380.34,363.453678828893,65675999
2022-06-30,376.24,380.6582,372.56,377.25,360.500868533943,112508273
2022-07-01,376.56,381.7,373.8,381.24,364.313720662374,74839729
2022-07-05,375.88,381.98,372.9,381.96,365.001754129158,81437965
2022-07-06,382.11,385.87,379.6,383.25,366.234480757147,70426244
2022-07-07,385.12,389.83,383.267,388.99,371.719636450679,64525919
2022-07-08,387.27,390.64,385.66,388.67,371.413843798775,72397765
2022-07-11,385.85,386.87,383.5,384.23,367.170970753604,58366945
2022-07-12,383.65,386.16,378.99,380.83,363.921923827122,62219178
2022-07-13,375.1,381.92,374.658,378.83,362.01071975272,84224649
2022-07-14,373.61,379.0498,371.04,377.91,361.131565878496,89704819
2022-07-15,382.55,385.25,380.54,385.13,368.031012587084,79060383
2022-07-18,388.38,389.09,380.66,381.95,364.992198108786,63203626
2022-07-19,386.08,392.87,385.39,392.27,374.854011132697,78505972
2022-07-20,392.47,396.26,391.03,394.77,377.243016225699,71843769
2022-07-21,394.16,398.84,391.63,398.79,381.084536415245,64903856
2022-07-22,398.92,400.18,392.75,395.09,377.548808877603,72197332
2022-07-25,395.75,396.47,393.21,395.57,378.007497855459,53631485
2022-07-26,393.84,394.06,389.95,390.89,373.53528032136,52946393
2022-07-27,394.36,402.88,394.05,401.04,383.234640998947,82342106
2022-07-28,401.89,406.8,398.15,406.07,388.041319246066,73966563
2022-07-29,407.58,413.03,406.77,411.99,393.698483306294,87003672
2022-08-01,409.15,413.41,408.4,410.77,392.532648820909,69997471
2022-08-02,409.12,413.0,406.82,408.06,389.942967300095,63435418
2022-08-03,410.3,415.68,410.0,414.45,396.049264317807,67820555
2022-08-04,414.37,415.09,412.44,414.17,395.781695747391,45656574
2022-08-05,409.66,414.15,409.6,413.47,395.112774321351,56814929
2022-08-08,415.25,417.62,411.83,412.99,394.654085343494,54025965
2022-08-09,412.22,412.75,410.22,411.35,393.086898002485,44931772
2022-08-10,418.78,420.14,416.72,419.99,401.343299603899,68665712
2022-08-11,422.99,424.95,419.21,419.99,401.343299603899,59489704
2022-08-12,422.03,427.21,421.03,427.1,408.137630088395,61694542
2022-08-15,424.765,429.41,424.71,428.86,409.819489673869,54048280
2022-08-16,427.73,431.73,426.88,429.7,410.622195385117,59289039
2022-08-17,425.91,429.5,424.54,426.65,407.707609171655,63563394
2022-08-18,426.86,428.61,425.5,427.89,408.892555697784,49023206
2022-08-19,424.98,425.26,421.22,422.14,403.39784398388,68016902
2022-08-22,417.05,417.23,412.4,413.35,394.998102076887,77695640
2022-08-23,412.9,415.42,411.77,412.35,394.042500039686,49105249
2022-08-24,412.11,415.1101,411.39,413.67,395.303894728791,49177804
2022-08-25,415.24,419.56,414.09,419.51,400.884610626043,50942252
2022-08-26,419.39,419.96,405.25,405.31,387.315061697793,103086976
2022-08-29,402.2,405.84,401.1999,402.63,384.754048238096,64289165
2022-08-30,403.85,404.1,396.0,398.21,380.530287233669,85652443
2022-08-31,399.93,401.24,395.04,395.18,377.634813060951,76029671
2022-09-01,392.89,396.78,390.04,396.42,378.81975958708,78740084
2022-09-02,400.28,401.555,390.33,392.24,374.825343071581,99632149
2022-09-06,393.13,394.12,388.42,390.76,373.411052056524,74798116
2022-09-07,390.43,398.59,390.2,397.78,380.119378357672,70964232
2022-09-08,395.39,400.86,394.12,400.38,382.603943654394,80821681
2022-09-09,402.74,407.51,402.46,406.6,388.547788325782,76706918
2022-09-12,408.78,411.73,408.46,410.97,392.723769228349,69256262
2022-09-13,401.83,403.1,391.92,393.1,375.647160823574,122947081
2022-09-14,394.47,396.2,391.12,394.6,377.080563879374,85023747
2022-09-15,392.96,395.96,388.78,390.12,372.799466752716,87633840
2022-09-16,384.14,386.25,382.11,385.56,369.967442644064,103084819
2022-09-19,382.26,388.55,382.1784,388.55,372.836523081624,73278490
2022-09-20,385.06,386.12,381.195,384.09,368.556891392153,77274882
2022-09-21,386.11,389.31,377.38,377.39,362.127848271198,106746554
2022-09-22,376.58,377.66,373.44,374.22,359.086047272179,87465927
2022-09-23,370.58,370.62,363.29,367.95,353.069614381376,122346933
2022-09-26,366.41,370.21,363.0299,364.31,349.576820805215,92581244
2022-09-27,368.02,370.4,360.87,363.38,348.68443123768,108294074
2022-09-28,364.38,372.3,362.6,370.53,355.545275762281,110802217
2022-09-29,366.81,367.11,359.7,362.79,348.118291619566,112952315
2022-09-30,361.8,365.91,357.04,357.18,342.73516745411,153711243
2022-10-03,361.08,368.55,359.21,366.61,351.783805757185,89756479
2022-10-04,372.4,378.0,366.5677,377.97,362.684392302564,103602775
2022-10-05,373.39,379.46,370.95,377.09,361.839980668767,88065669
2022-10-06,375.62,378.72,372.68,373.2,358.107297423915,82333543
2022-10-07,368.97,373.2933,360.94,362.79,348.118291619566,107789498
2022-10-10,363.96,364.21,357.67,360.02,345.460314090455,76042765
2022-10-11,358.235,363.03,355.71,357.74,343.272520311981,92482785
2022-10-12,358.17,359.8179,356.3,356.56,342.140241075753,76991799
2022-10-13,349.205,367.51,348.11,365.97,351.169688205332,147254518
2022-10-14,368.55,370.26,356.96,357.63,343.166968857756,123737013
2022-10-17,364.01,367.9799,357.2808,366.82,351.985313078886,93168231
2022-10-18,375.13,375.45,367.52,371.13,356.121010967142,97162850
2022-10-19,368.99,371.85,365.55,368.5,353.597371652499,79746863
2022-10-20,368.03,372.67,364.61,365.41,350.632335347462,88283087
2022-10-21,365.12,374.8,363.54,374.29,359.153216379413,131038379
2022-10-24,375.89,380.06,373.11,378.87,363.547995109857,85436907
2022-10-25,378.79,385.25,378.671,384.92,369.353325092211,78846348
2022-10-26,381.62,387.58,381.35,382.02,366.57060493538,104087348
2022-10-27,383.07,385.0,379.33,379.98,364.613105238851,81971756
2022-10-28,379.87,389.52,379.68,389.02,373.287515658766,100301958
2022-10-31,386.44,388.4,385.26,386.21,370.591155782664,96631258
2022-11-01,390.14,390.39,383.29,384.52,368.969501622304,85407598
2022-11-02,383.9,388.63,374.76,374.87,359.709760410779,126990356
2022-11-03,371.465,374.2,368.79,371.01,356.00586392617,87100115
2022-11-04,377.0,378.87,370.0,376.35,361.129907249438,103505182
2022-11-07,377.71,380.57,375.53,379.95,364.584318478608,68286947
2022-11-08,381.11,385.12,377.72,382.0,366.551413761885,84641062
2022-11-09,379.93,381.14,373.61,374.13,358.99968699145,78495470
2022-11-10,388.05,395.04,385.642,394.69,378.728213344708,141455847
2022-11-11,395.59,399.35,393.61,398.51,382.393727482326,93839872
2022-11-14,396.66,400.1799,394.83,395.12,379.140823574858,71893165
2022-11-15,401.15,402.31,394.49,398.49,382.374536308831,93194452
2022-11-16,396.78,397.78,394.79,395.45,379.457477937532,68508454
2022-11-17,390.46,394.95,390.14,394.24,378.296411941061,74496255
2022-11-18,397.74,397.81,393.04,396.03,380.014021968899,92922451
2022-11-21,394.64,395.82,392.66,394.59,378.632257477231,51243189
2022-11-22,396.63,400.07,395.1527,399.9,383.727514040256,60429025
2022-11-23,399.55,402.93,399.31,402.42,386.145601900675,68261628
2022-11-25,401.83,402.91,401.535,402.33,386.059241619945,30545434
2022-11-28,399.09,400.81,395.11,395.91,379.898874927926,68021749
2022-11-29,396.05,397.3,393.3,395.23,379.246375029083,52310039
2022-11-30,395.49,407.68,393.48,407.68,391.192880529961,144566653
2022-12-01,408.77,410.0,404.75,407.38,390.90501292753,76398170
2022-12-02,402.25,407.86,402.14,406.91,390.454020350389,85342731
2022-12-05,403.95,404.93,398.17,399.59,383.430050851077,77289815
2022-12-06,399.42,399.99,391.64,393.83,377.902992884406,77972217
2022-12-07,392.94,395.64,391.97,393.16,377.260088572311,65927896
2022-12-08,395.14,397.36,393.2684,396.24,380.2155292906,60737912
2022-12-09,394.94,397.62,393.15,393.28,377.375235613283,81447733
2022-12-12,394.11,398.95,393.412,398.95,382.815933299225,75405835
2022-12-13,410.22,410.49,399.07,401.97,385.713800497028,123782534
2022-12-14,401.61,405.5,396.31,399.4,383.247734702871,108111349
2022-12-15,394.3,395.25,387.885,389.63,373.872846450375,117705889
2022-12-16,385.18,386.575,381.04,383.27,369.479411102076,119857952
2022-12-19,383.47,383.82,378.28,380.02,366.346350632742,79878103
2022-12-20,379.23,382.23,377.85,380.54,366.847640307835,74427240
2022-12-21,383.25,387.41,382.69,386.23,372.332906175685,78167369
2022-12-22,383.05,386.2134,374.77,380.72,367.021163656906,100120855
2022-12-23,379.65,383.06,378.03,382.91,369.132364403934,59857329
2022-12-27,382.79,383.15,379.65,381.4,367.676696308951,51638180
2022-12-28,381.33,383.39,376.42,376.66,363.107248116753,70911520
2022-12-29,379.63,384.35,379.08,383.44,369.643294265087,66970877
2022-12-30,380.64,382.58,378.43,382.43,368.669635473079,84022205
2023-01-03,384.37,386.43,377.831,380.82,367.117565517501,74850731
2023-01-04,383.18,385.88,380.0,383.76,369.951780218991,85934098
2023-01-05,381.72,381.84,378.76,379.38,365.729378724934,76970456
2023-01-06,382.61,389.25,379.4127,388.08,374.116340596691,104189603
2023-01-09,390.37,393.7,387.67,387.86,373.904256503382,73978071
2023-01-10,387.25,390.65,386.27,390.58,376.526387111563,65358094
2023-01-11,392.23,395.6,391.38,395.52,381.288639024951,68881080
2023-01-12,396.67,398.485,392.42,396.96,382.676825817518,90157699
2023-01-13,393.62,399.1,393.34,398.5,384.161414470679,63903932
2023-01-17,398.48,400.23,397.06,397.77,383.457680888337,62677281
2023-01-18,399.01,400.12,391.28,391.49,377.403644042977,99632262
2023-01-19,389.36,391.08,387.26,388.64,374.656191016022,86958919
2023-01-20,390.1,396.04,388.38,395.88,381.635685723093,91806356
2023-01-23,396.72,402.645,395.72,400.63,386.214774101351,84178797
2023-01-24,398.88,401.15,397.64,400.2,385.800246100793,59524911
2023-01-25,395.95,400.7,393.56,400.35,385.944848891685,84800251
2023-01-26,403.13,404.92,400.03,404.75,390.186530757861,72287425
2023-01-27,403.655,408.16,403.44,405.68,391.083068061393,68346180
2023-01-30,402.8,405.13,400.28,400.59,386.176213357113,74202018
2023-01-31,401.13,406.53,400.77,406.48,391.854282946152,86811786
2023-02-01,405.211,413.67,402.35,410.8,396.018843323852,101459155
2023-02-02,414.86,418.31,412.88,416.78,401.783674587427,101654463
2023-02-03,411.59,416.97,411.09,412.35,397.513072163073,94736781
2023-02-06,409.79,411.29,408.1,409.83,395.083745276082,60295325
2023-02-07,408.87,416.49,407.57,415.19,400.250885003968,90990745
2023-02-08,413.13,414.53,409.93,410.65,395.87424053296,76227462
2023-02-09,414.41,414.57,405.81,407.09,392.442334295781,78694859
2023-02-10,405.86,408.44,405.01,408.04,393.358151971433,70769715
2023-02-13,408.72,412.97,408.24,412.83,397.975801093929,64913539
2023-02-14,411.24,415.05,408.511,412.64,397.792637558798,88389313
2023-02-15,410.35,414.06,409.47,413.98,399.08442249077,61685279
2023-02-16,408.79,412.91,408.14,408.28,393.589516436861,76431469
2023-02-17,406.06,407.51,404.05,407.26,392.606217458793,89257815
2023-02-21,403.06,404.16,398.82,399.09,384.730185448189,82655924
2023-02-22,399.52,401.13,397.02,398.54,384.199975214917,83742293
2023-02-23,401.56,402.2,396.25,400.66,386.243694659529,96242399
2023-02-24,395.42,397.25,393.64,396.38,382.117695026068,108194413
2023-02-27,399.87,401.29,396.75,397.73,383.419120144099,80444736
2023-02-28,397.23,399.28,396.15,396.26,382.002012793354,96438567
2023-03-01,395.41,396.69,393.38,394.74,380.536704512311,99706823
2023-03-02,392.68,398.69,392.33,397.81,383.496241632575,85404726
2023-03-03,399.71,404.45,399.03,404.19,389.646680338529,90119952
2023-03-06,405.05,407.45,404.01,404.47,389.916605548195,72795946
2023-03-07,404.42,404.67,397.625,398.27,383.939690191311,108310596
2023-03-08,398.39,399.71,396.59,398.92,384.566302285178,74746632
2023-03-09,399.74,401.48,390.53,391.56,377.471125345393,111945322
2023-03-10,390.99,393.16,384.32,385.91,372.024420221781,189252996
2023-03-13,381.81,390.39,380.65,385.36,371.494209988509,157789967
2023-03-14,390.5,393.45,387.05,391.73,377.635008508405,149752357
2023-03-15,385.89,389.49,383.71,389.28,375.27316292383,172996933
2023-03-16,386.82,396.47,386.29,396.11,381.857410002461,143753940
2023-03-17,393.22,394.4,388.55,389.99,377.409624814408,140553411
2023-03-20,390.8,394.17,390.07,393.74,381.038656566643,93055783
2023-03-21,397.24,399.41,395.58,398.91,386.041881675724,91524248
2023-03-22,398.73,402.49,392.07,392.11,379.461237431672,111746583
2023-03-23,395.09,399.29,390.35,393.17,380.487043740303,119351319
2023-03-24,391.841,395.84,389.4,395.75,382.983817585841,107770124
2023-03-27,398.12,398.92,395.56,396.49,383.699946518282,74010408
2023-03-28,395.77,396.49,393.69,395.6,382.838656315751,62871680
2023-03-29,399.925,401.6,398.68,401.35,388.403171669178,77497876
2023-03-30,404.09,404.35,401.76,403.7,390.677364900578,69840049
2023-03-31,404.66,409.7,404.55,409.39,396.183815745969,112062624
2023-04-03,408.85,411.37,408.44,410.95,397.693492954899,67391097
2023-04-04,411.62,411.92,407.24,408.67,395.48704164954,66601534
2023-04-05,407.91,408.7,405.88,407.6,394.451557922903,65200243
2023-04-06,406.77,409.48,405.678,409.19,395.99026738585,63743345
2023-04-10,406.61,409.69,405.97,409.61,396.3967189421,63681042
2023-04-11,410.26,411.18,408.92,409.72,396.503170540166,59297945
2023-04-12,411.87,412.17,407.44,408.05,394.887041733171,86420379
2023-04-13,409.18,413.84,407.9922,413.47,400.132202292401,85814754
2023-04-14,412.81,415.09,410.06,412.46,399.154783073799,78161500
2023-04-17,412.37,413.96,411.085,413.94,400.587040938681,65496534
2023-04-18,415.58,415.72,412.7802,414.21,400.848331224842,63559997
2023-04-19,412.22,415.08,412.16,414.14,400.7805892988,55227330
2023-04-20,411.21,413.7,410.27,411.88,398.593492829453,75840359
2023-04-21,412.19,412.68,410.17,412.2,398.903170205644,73457422
2023-04-24,411.99,413.07,410.6,412.63,399.3192991799,64332095
2023-04-25,410.58,411.16,406.02,406.08,392.980590385997,97766721
2023-04-26,406.72,407.84,403.78,404.36,391.316074488972,78319853
2023-04-27,407.0,412.69,406.74,412.41,399.106395983769,92968369
2023-04-28,411.49,415.94,411.43,415.93,402.512847121867,89433137
2023-05-01,415.47,417.62,415.265,415.51,402.106395565616,62122254
2023-05-02,414.77,414.82,407.82,410.84,397.587041356833,103998484
2023-05-03,411.36,413.87,407.77,408.02,394.858009479153,91531769
2023-05-04,406.93,407.27,403.74,405.13,392.061235675431,94901863
2023-05-05,408.91,413.72,408.64,412.63,399.3192991799,87891791
2023-05-08,412.97,413.24,411.28,412.74,399.425750777966,50046768
2023-05-09,411.13,412.09,410.6894,410.93,397.674138118887,49220119
2023-05-10,413.88,414.535,408.87,412.85,399.532202376031,96142922
2023-05-11,411.95,412.43,409.97,412.13,398.835428279602,70157064
2023-05-12,413.42,413.64,409.07,411.59,398.31284770728,70481548
2023-05-15,412.22,413.43,410.23,413.01,399.687041064127,54289383
2023-05-16,411.86,412.815,410.24,410.25,397.016073694482,57705495
2023-05-17,412.35,415.855,410.635,415.23,401.83542786145,87286957
2023-05-18,414.9,419.67,414.67,419.23,405.706395063833,97177195
2023-05-19,420.17,420.72,417.35,418.62,405.11607256547,103793317
2023-05-22,418.64,420.39,417.35,418.79,405.280588671571,60745399
2023-05-23,417.08,418.722,413.68,414.09,400.73220220877,86383493
2023-05-24,412.42,412.82,409.8795,411.09,397.828976806982,89213678
2023-05-25,414.74,416.16,412.4101,414.65,401.274137617104,90961606
2023-05-26,415.33,420.77,415.25,420.02,406.470911086304,93829975
2023-05-30,422.03,422.58,418.735,420.18,406.625749774399,72215960
2023-05-31,418.28,419.22,416.22,417.85,404.370911379011,106350372
2023-06-01,418.09,422.92,416.79,421.82,408.212846327377,88865018
2023-06-02,424.5,428.74,423.95,427.92,414.116071311012,91426171
2023-06-05,428.28,429.62,426.37,427.1,413.322523034523,65460158
2023-06-06,426.67,428.5772,425.99,428.03,414.222522909077,64022175
2023-06-07,428.44,429.62,426.11,426.55,412.790265044196,85373275
2023-06-08,426.62,429.6,425.82,429.13,415.287038889733,61952842
2023-06-09,429.96,431.99,428.87,429.9,416.032200076192,85647268
2023-06-12,430.92,433.88,430.17,433.8,419.806393098516,76256703
2023-06-13,435.32,437.33,434.63,436.66,422.57413464822,95899704
2023-06-14,437.01,439.0612,433.59,437.18,423.07736038453,100612080
2023-06-15,436.33,443.9,436.23,442.6,428.32252094376,110303091
2023-06-16,443.02,443.6078,438.97,439.46,426.869327920506,114165849
2023-06-20,437.45,438.37,435.03,437.18,424.654650662829,76160359
2023-06-21,436.16,436.99,434.33,434.94,422.478827392129,76982251
2023-06-22,433.95,436.62,433.6,436.51,424.003846380968,70637175
2023-06-23,432.93,435.06,432.47,433.21,420.798392455382,92074537
2023-06-26,432.62,434.61,431.19,431.44,419.07910353166,72823560
2023-06-27,432.35,436.81,431.88,436.17,423.673587491665,72813699
2023-06-28,435.05,437.44,434.41,436.39,423.887284420037,75635976
2023-06-29,435.96,438.28,435.54,438.11,425.558005860039,67882304
2023-06-30,441.44,444.3,441.11,443.28,430.579883676789,104964019
2023-07-03,442.92,444.08,442.63,443.79,431.075272010744,32793378
2023-07-05,441.91,443.889,441.9,443.13,430.434181225627,58418432
2023-07-06,439.42,440.1,437.06,439.66,427.06359785539,80658302
2023-07-07,438.63,442.64,438.3,438.55,425.985399716784,86134178
2023-07-10,438.18,439.84,437.585,439.66,427.06359785539,62443501
2023-07-11,440.45,442.97,439.44,442.46,429.783376943765,64463752
2023-07-12,446.39,447.4799,444.91,446.02,433.2413817847,91924527
2023-07-13,447.9,450.38,447.45,449.56,436.679959632146,72425241
2023-07-14,450.475,451.36,448.49,449.28,436.407981723308,69815823
2023-07-17,449.13,451.93,449.08,450.84,437.923287215403,52680221
2023-07-18,450.5,454.86,450.0484,454.19,441.177308624709,80744448
2023-07-19,455.01,456.43,454.1119,455.2,442.158371795873,65891688
2023-07-20,454.17,455.1,451.44,452.18,439.224895779125,70591642
2023-07-21,453.96,454.165,452.17,452.18,439.224895779125,71275618
2023-07-24,453.37,455.04,452.298,454.2,441.187022121453,54023382
2023-07-25,453.92,456.735,453.87,455.44,442.391495717734,55191240
2023-07-26,454.47,456.99,453.38,455.51,442.459490194943,71052885
2023-07-27,459.02,459.44,451.55,452.49,439.526014178195,92194375
2023-07-28,455.88,457.78,452.4918,456.92,443.829093235875,80011790
2023-07-31,457.41,458.16,456.045,457.79,444.67416745262,62040449
2023-08-01,456.27,457.25,455.49,456.48,443.40169937913,55502199
2023-08-02,453.25,453.52,449.3499,450.13,437.233628946565,93933369
2023-08-03,448.04,450.79,447.37,448.84,435.980587866563,64419692
2023-08-04,450.72,452.895,446.27,446.81,434.008748027491,100128902
2023-08-07,448.71,450.865,447.99,450.71,437.797011757728,58357464
2023-08-08,448.08,450.6952,445.2705,448.75,435.893166395866,71361324
2023-08-09,449.03,449.1999,444.96,445.75,432.979117372606,78789575
2023-08-10,448.19,451.7,444.7,445.91,433.134533320513,93005495
2023-08-11,443.97,446.7007,443.345,445.65,432.881982405164,68690902
2023-08-14,444.7,448.11,444.38,448.11,435.271502604237,47867441
2023-08-15,446.27,446.64,442.3,442.89,430.201057303766,75707534
2023-08-16,442.46,444.18,439.53,439.64,427.044170861902,80107206
2023-08-17,441.16,441.43,435.75,436.29,423.790149452595,95711315
2023-08-18,433.37,437.57,433.01,436.5,423.994132884224,98851960
2023-08-21,437.55,440.11,435.32,439.34,426.752765959576,68718957
2023-08-22,441.18,441.18,437.57,438.15,425.596859847016,65062861
2023-08-23,439.25,443.67,439.1,443.03,430.337046258185,68441021
2023-08-24,444.69,445.22,436.855,436.89,424.372959257247,88517272
2023-08-25,438.68,441.3,435.0,439.97,427.36471625446,102325103
2023-08-28,442.24,443.4,439.9728,442.76,430.074781846091,61595393
2023-08-29,442.65,449.45,442.46,449.16,436.291419762378,83081916
2023-08-30,449.51,451.67,448.78,451.01,438.088416660054,69053911
2023-08-31,451.65,452.83,450.16,450.35,437.447325874937,66084563
2023-09-01,453.17,453.67,449.68,451.19,438.26325960145,58944098
2023-09-05,450.73,451.06,449.17,449.24,436.369127736331,55166210
2023-09-06,448.4,448.51,443.81,446.22,433.435651719584,70758512
2023-09-07,443.11,445.55,442.75,444.85,432.104902665629,70355426
2023-09-08,444.9,447.11,444.53,445.52,432.75570694749,62068437
2023-09-11,448.24,448.77,446.4699,448.45,435.60176149354,60180118
2023-09-12,446.95,448.53,445.39,445.99,433.212241294467,67565422
2023-09-13,446.22,447.71,445.0793,446.51,433.717343125165,60199272
2023-09-14,449.07,451.08,447.715,450.36,437.457039371681,83430814
2023-09-15,447.14,447.48,442.92,443.37,432.205115840189,111848859
2023-09-18,443.05,444.97,442.56,443.63,432.458568554893,55752213
2023-09-19,442.68,443.29,439.94,442.71,431.561735872093,66514648
2023-09-20,444.01,444.435,438.43,438.64,427.594226068837,82562602
2023-09-21,435.7,435.97,431.23,431.39,420.526794601121,104095826
2023-09-22,432.45,434.1,429.99,430.42,419.581221011647,100829684
2023-09-25,429.17,432.27,428.72,432.23,421.345641833243,70874534
2023-09-26,429.09,429.82,425.02,425.88,415.155546685657,96168436
2023-09-27,427.09,427.67,422.29,426.05,415.321265768348,104705847
2023-09-28,425.48,430.2499,424.87,428.52,417.729066558039,92258308
2023-09-29,431.67,431.85,425.91,427.48,416.715255699222,115111319
2023-10-02,426.62,428.6,424.46,427.31,416.54953661653,83798599
2023-10-03,425.06,427.3729,420.18,421.59,410.973576893035,103760607
2023-10-04,422.07,425.4299,420.56,424.66,413.966268562813,87452968
2023-10-05,424.36,425.37,421.1701,424.5,413.810297661457,70142744
2023-10-06,421.97,431.125,420.6,429.54,418.723381054186,113273309
2023-10-09,427.58,432.88,427.0101,432.29,421.404130921251,80374362
2023-10-10,432.94,437.22,432.53,434.54,423.597471721577,78607268
2023-10-11,435.64,436.58,433.18,436.32,425.332647999168,62451736
2023-10-12,436.95,437.335,431.23,433.66,422.739631764116,81154230
2023-10-13,435.21,436.45,429.88,431.5,420.634024595804,95201132
2023-10-16,433.82,437.14,433.57,436.04,425.059698921794,75433194
2023-10-17,432.81,438.14,432.45,436.02,425.040202559125,75324708
2023-10-18,434.19,435.18,429.09,430.21,419.376509203617,93559798
2023-10-19,430.95,432.82,425.725,426.43,415.69169665907,121322957
2023-10-20,425.98,426.54,421.08,421.19,410.583649639644,123919874
2023-10-23,419.61,424.45,417.8,420.46,409.872032402205,92035095
2023-10-24,422.65,424.82,420.74,423.63,412.962205885331,78564239
2023-10-25,421.89,421.92,417.015,417.55,407.035311633784,94223198
2023-10-26,416.45,417.325,411.6,412.55,402.161220966393,115156761
2023-10-27,414.19,414.6,409.21,410.68,400.338311056789,107367671
2023-10-30,413.56,416.68,412.22,415.59,405.124668092167,86562675
2023-10-31,416.18,418.53,414.21,418.2,407.668943420545,79665150
2023-11-01,419.2,423.5,418.6499,422.66,412.016632295857,98068115
2023-11-02,426.58,430.915,426.56,430.76,419.91265917703,94938909
2023-11-03,433.14,436.29,433.01,434.69,423.743694441599,100167775
2023-11-06,435.47,436.1498,433.68,435.69,424.718512575077,67831660
2023-11-07,435.69,437.585,434.51,436.93,425.92728706059,64256114
2023-11-08,437.55,438.09,434.87,437.25,426.239228863303,61746027
2023-11-09,438.43,438.47,433.4,433.84,422.915099028142,83174417
2023-11-10,435.98,440.93,433.8335,440.61,429.514617791789,89558054
2023-11-13,439.23,441.33,438.42,440.19,429.105194175728,52236068
2023-11-14,446.32,450.06,446.09,448.73,437.430141035631,97176935
2023-11-15,450.11,451.38,448.8,449.68,438.356218262436,77327573
2023-11-16,449.22,450.56,448.12,450.23,438.892368235848,66665797
2023-11-17,450.24,451.42,449.29,450.79,439.438266390596,83193902
2023-11-20,450.53,455.125,450.52,454.26,442.820885313765,70055633
2023-11-21,453.1842,454.131,451.9599,453.27,441.855815361622,49244639
2023-11-22,454.98,456.38,453.8895,455.02,443.561747095209,59446573
2023-11-24,455.07,455.5,454.73,455.3,443.834696172582,29737375
2023-11-27,454.65,455.4901,454.0799,454.48,443.03534530313,50505985
2023-11-28,454.08,456.27,453.5,454.93,443.474013463196,62115011
2023-11-29,457.15,458.32,454.2,454.61,443.162071660483,63145992
2023-11-30,455.48,456.76,453.34,456.4,444.906996119408,79752700
2023-12-01,455.77,459.65,455.16,459.1,447.539005079799,89183400
2023-12-04,455.6,459.1206,454.34,456.69,445.189693378117,72430888
2023-12-05,455.26,457.59,454.87,456.6,445.101959746104,69793469
2023-12-06,458.81,458.84,454.31,454.76,443.308294380504,67701116
2023-12-07,456.91,458.9,456.29,458.23,446.690913303673,66995446
2023-12-08,457.46,460.745,457.21,460.2,448.611305026625,83194404
2023-12-11,459.69,462.17,459.47,461.99,450.356229485551,65002247
2023-12-12,461.63,464.2,460.6,464.1,452.41309574719,68327617
2023-12-13,464.49,470.7599,464.12,470.5,458.65193180145,93277960
2023-12-14,472.5,473.73,469.25,472.01,460.123907183002,119026049
2023-12-15,469.49,470.7,467.4263,469.33,459.369469109413,141553673
2023-12-18,470.98,472.98,469.8929,471.97,461.953440725225,70375285
2023-12-19,472.53,474.92,472.45,474.84,464.762531080293,52024922
2023-12-20,473.96,475.895,467.82,468.26,458.322177583308,102920959
2023-12-21,471.33,472.975,468.84,472.7,462.667948028082,86667465
2023-12-22,473.86,475.38,471.7,473.65,463.597786298923,67160419
2023-12-26,474.07,476.58,473.99,475.65,465.555340553326,55386952
2023-12-27,475.44,476.66,474.89,476.51,466.397088882719,63874396
2023-12-28,476.88,477.55,476.26,476.69,466.573268765615,77158116
2023-12-29,476.49,477.03,473.3,475.31,465.222556330077,122283149
2024-01-02,472.16,473.67,470.49,472.65,462.619009171722,123007793
2024-01-03,470.43,471.19,468.17,468.79,458.840929460725,103585866
2024-01-04,468.3,470.96,467.05,467.28,457.362975998651,84232169
2024-01-05,467.49,470.44,466.43,467.92,457.989393360059,85553758
2024-01-08,468.43,474.75,468.3,474.6,464.527624569764,74879074
2024-01-09,471.87,474.93,471.35,473.88,463.822905038179,65931439
2024-01-10,474.16,477.4481,473.87,476.56,466.446027739079,67310640
2024-01-11,477.59,478.12,472.26,476.35,466.240484542367,77940723
2024-01-12,477.84,478.6,475.23,476.68,466.563480994343,58026420
2024-01-16,475.26,476.6098,473.06,474.93,464.850621021741,85014870
2024-01-17,471.82,472.79,469.87,472.29,462.266649405929,68843871
2024-01-18,474.01,477.06,472.42,476.49,466.377513340175,91856248
2024-01-19,477.65,482.72,476.5374,482.43,472.191449475751,110834483
2024-01-22,484.01,485.22,482.78,483.45,473.189802145497,75844931
2024-01-23,484.01,485.105,482.89,484.86,474.56987789485,49945297
2024-01-24,487.81,488.77,484.8819,485.39,475.088629772267,80222006
2024-01-25,487.575,488.305,485.39,488.03,477.672601388079,72524989
2024-01-26,487.59,489.12,486.54,487.41,477.065759569214,76641609
2024-01-29,487.73,491.415,487.17,491.27,480.843839280211,61322751
2024-01-30,490.56,491.62,490.11,490.89,480.471903971875,58618386
2024-01-31,488.62,489.0813,482.86,482.88,472.631899182992,126011062
2024-02-01,484.63,489.23,483.8,489.2,478.817770626904,91891637
2024-02-02,489.65,496.05,489.3,494.35,483.858472831991,99228192
2024-02-05,493.695,494.3778,490.23,492.55,482.096674003029,75757102
2024-02-06,493.52,494.32,492.05,493.98,483.496325294927,55918602
2024-02-07,496.29,498.53,495.36,498.1,487.528887058996,70556506
2024-02-08,498.1,498.71,497.26,498.32,487.744218026981,52343636
2024-02-09,498.84,501.65,498.49,501.2,490.563096153321,63979375
2024-02-12,501.17,503.5,500.24,500.98,490.347765185336,56502283
2024-02-13,494.53,497.09,490.715,494.08,483.594203007647,113099199
2024-02-14,496.79,499.07,494.4,498.57,487.988912308781,68387827
2024-02-15,499.29,502.2,498.795,502.01,491.355905626354,61682960
2024-02-16,501.7,502.87,498.75,499.51,488.90896280835,75532928
2024-02-20,497.72,498.41,494.45,496.76,486.217325708547,71736740
2024-02-21,495.42,497.37,493.56,497.21,486.657775415787,59603771
2024-02-22,504.01,508.49,503.02,507.5,496.729392054689,76402535
2024-02-23,509.27,510.13,507.1,507.85,497.07196404921,61321818
2024-02-26,508.3,508.75,505.86,505.99,495.251438592615,50386738
2024-02-27,506.7,507.16,504.75,506.93,496.171489092184,48854528
2024-02-28,505.33,506.855,504.96,506.26,495.515708416959,56506634
2024-02-29,508.07,509.74,505.35,508.08,497.297082788466,83924795
2024-03-01,508.98,513.29,508.56,512.85,501.965849685216,76844844
2024-03-04,512.03,514.2,512.0,512.3,501.427522265256,49799257
2024-03-05,510.24,510.7,504.91,507.18,496.416183373985,72855623
2024-03-06,510.55,512.069,508.42,509.75,498.931640590892,68382367
2024-03-07,513.14,515.89,509.8053,514.81,503.884252854531,58652085
2024-03-08,515.46,518.2201,511.13,511.72,500.859831531479,86532535
2024-03-11,510.48,511.88,508.5,511.28,500.42916959551,61872913
2024-03-12,513.45,517.38,510.86,516.78,505.812443795118,70833119
2024-03-13,517.11,517.29,514.49,515.97,505.019634322085,54438487
2024-03-14,516.97,517.125,511.82,514.95,504.021281652339,103493184
2024-03-15,510.21,511.7,508.122,509.83,500.571030615995,107646297
2024-03-18,514.0,515.48,512.44,512.86,503.546003102445,88893331
2024-03-19,512.15,515.995,511.12,515.71,506.344244550095,60755263
2024-03-20,515.77,520.62,515.08,520.48,511.027617078268,69594574
2024-03-21,523.39,524.11,521.91,522.2,512.716380337902,60256112
2024-03-22,522.11,522.605,520.97,521.21,511.744359624508,79070842
2024-03-25,519.8,520.95,519.61,519.77,510.330511314116,48512108
2024-03-26,521.23,521.58,518.4,518.81,509.387945773855,65463744
2024-03-27,521.71,523.21,519.485,523.17,513.668764269208,82999777
2024-03-28,523.21,524.61,522.78,523.07,513.570580358764,96294886
2024-04-01,523.83,524.38,520.97,522.16,512.677106773725,61182995
2024-04-02,518.24,518.98,516.48,518.84,509.417400946988,72924463
2024-04-03,517.72,520.95,517.665,519.41,509.977049236518,58385823
2024-04-04,523.52,523.8674,512.755,513.07,503.752189314377,95643401
2024-04-05,514.46,520.44,514.01,518.43,509.014846914168,73736571
2024-04-08,519.15,520.18,517.89,518.72,509.299580254456,47850048
2024-04-09,520.5,520.75,514.35,519.32,509.888683717119,67283576
2024-04-10,513.48,516.16,512.09,514.12,504.783120374038,82652806
2024-04-11,515.68,519.48,512.08,518.0,508.59265609926,70099007
2024-04-12,514.37,515.815,509.08,510.85,501.572506502523,92561094
2024-04-15,515.13,515.3,503.58,504.45,495.288736234115,92101447
2024-04-16,504.94,506.5,502.21,503.53,494.385444258031,73484020
2024-04-17,506.05,506.22,499.12,500.55,491.459563726804,75910305
2024-04-18,501.98,504.13,498.56,499.52,490.448269449232,74548085
2024-04-19,499.44,500.455,493.86,495.16,486.167450953879,102212587
2024-04-22,497.83,502.38,495.43,499.72,490.64463727012,67961048
2024-04-23,501.78,506.09,499.5328,505.65,496.466943159442,64633620
2024-04-24,506.56,507.37,503.13,505.41,496.231301774376,55928076
2024-04-25,499.18,504.27,497.49,503.49,494.346170693854,69122368
2024-04-26,506.35,509.88,505.7,508.26,499.029543222027,64306118
2024-04-29,510.09,510.75,507.25,510.06,500.796853610016,46415449
2024-04-30,508.56,509.56,501.98,501.98,492.863593646151,77483566
2024-05-01,501.38,508.19,499.865,500.35,491.263195905916,80242839
2024-05-02,504.15,505.89,499.55,505.03,495.85820291469,62550179
2024-05-03,511.16,512.55,508.56,511.29,502.004515708476,72756709
2024-05-06,513.75,516.61,513.3,516.57,507.188626179912,47264703
2024-05-07,517.56,518.57,516.45,517.14,507.748274469442,52561299
2024-05-08,515.26,517.74,515.14,517.19,507.797366424665,42047214
2024-05-09,517.38,520.2074,516.705,520.17,510.723246955892,43643668
2024-05-10,521.81,522.635,519.59,520.84,511.381079155866,52233171
2024-05-13,522.56,522.67,519.74,520.91,511.449807893176,36716361
2024-05-14,521.11,523.83,520.56,523.3,513.796403352785,57535867
2024-05-15,525.83,530.08,525.18,529.78,520.158720749548,59504897
2024-05-16,529.88,531.5218,528.54,528.69,519.08851612571,50244827
2024-05-17,528.81,529.52,527.32,529.45,519.834713845083,59187585
2024-05-20,529.57,531.5601,529.17,530.06,520.433635698791,37764206
2024-05-21,529.28,531.52,529.07,531.36,521.710026534561,33437001
2024-05-22,530.65,531.38,527.6,529.83,520.20781270477,48389968
2024-05-23,532.96,533.07,524.72,525.96,516.408095370592,57211197
2024-05-24,527.85,530.27,526.881,529.44,519.824895454039,41291076
2024-05-28,530.27,530.51,527.11,529.81,520.188175922681,36269602
2024-05-29,525.68,527.31,525.37,526.1,516.545552845213,45190323
2024-05-30,524.52,525.2,521.33,522.61,513.118934370722,46468510
2024-05-31,523.59,527.5,518.36,527.37,517.792488507851,90785755
2024-06-03,529.02,529.31,522.6,527.8,518.214679322759,46835702
2024-06-04,526.46,529.15,524.96,528.39,518.793964394378,34632661
2024-06-05,530.77,534.69,528.7254,534.67,524.959913970253,47610365
2024-06-06,534.98,535.42,532.68,534.66,524.950095579209,30808530
2024-06-07,533.66,536.89,532.535,534.01,524.311900161324,43224525
2024-06-10,533.18,535.99,532.57,535.66,525.931934683648,35729252
2024-06-11,534.07,537.01,532.05,536.95,527.198507128374,36383411
2024-06-12,541.63,544.12,540.3,541.36,531.528417578949,63251305
2024-06-13,543.15,543.325,539.59,542.45,532.598622202787,44760949
2024-06-14,540.88,542.81,539.85,542.78,532.922629107251,40089895
2024-06-17,542.08,548.53,541.6072,547.1,537.164174038427,55839457
2024-06-18,547.16,548.62,546.73,548.49,538.528930393597,41376417
2024-06-20,549.44,550.12,545.18,547.0,537.065990127983,70328226
2024-06-21,544.4,545.65,543.02,544.51,536.348289306777,64513859
2024-06-24,544.33,546.95,542.62,542.74,534.604820000294,45528654
2024-06-25,543.99,545.2,542.44,544.83,536.663492797214,38273346
2024-06-26,543.69,546.24,543.03,545.51,537.333300214394,38550637
2024-06-27,545.37,546.96,544.61,546.37,538.180409594945,35041480
2024-06-28,547.16,550.28,542.95,544.22,536.062636143567,76144535
2024-07-01,545.63,545.88,542.52,545.34,537.165848360099,40297810
2024-07-02,543.7,549.01,543.65,549.01,540.780838391055,40434792
2024-07-03,548.69,551.83,548.65,551.46,543.194115114718,32789911
2024-07-05,551.77,555.05,551.12,554.64,546.326449800941,41488389
2024-07-08,555.44,556.2501,554.19,555.28,546.956856781816,36110451
2024-07-09,556.26,557.18,555.52,555.82,547.48876267193,27314125
2024-07-10,557.07,561.67,556.77,561.32,552.906322663826,38701220
2024-07-11,561.44,562.33,555.83,556.48,548.138869870957,53054184
2024-07-12,557.63,563.67,557.15,559.99,551.596258156695,53084405
2024-07-15,562.03,564.8371,559.63,561.53,553.113174954426,40584293
2024-07-16,562.865,565.16,562.1,564.86,556.393261276792,36475260
2024-07-17,558.8,560.51,556.61,556.94,548.591974888461,57118956
2024-07-18,558.51,559.52,550.43,552.66,544.376128203859,56270392
2024-07-19,552.42,554.08,547.91,548.99,540.761138172903,65509081
2024-07-22,553.0,555.27,551.02,554.65,546.336299910017,43346720
2024-07-23,554.54,556.735,553.275,553.78,545.47934042039,34439561
2024-07-24,548.86,549.17,540.29,541.23,533.117453529791,74515266
2024-07-25,541.35,547.455,537.45,538.41,530.33972277031,61158288
2024-07-26,542.28,547.19,541.49,544.44,536.279338543243,53763788
2024-07-29,546.02,547.05,542.72,544.76,536.594542033681,39515824
2024-07-30,546.26,547.34,538.515,542.0,533.875911928657,46853632
2024-07-31,548.98,553.5,547.5799,550.81,542.553858024766,65663388
2024-08-01,552.57,554.8688,539.43,543.01,534.87077294535,76428732
2024-08-02,535.75,536.99,528.6,532.9,524.912312669338,82789070
2024-08-05,511.64,523.58,510.27,517.38,509.624943383115,146267391
2024-08-06,519.22,529.75,517.87,522.15,514.32344541245,84826312
2024-08-07,528.47,531.59,518.0519,518.66,510.885757344865,70698340
2024-08-08,523.91,531.29,521.84,530.65,522.696038127199,63276589
2024-08-09,529.81,534.51,528.56,532.99,525.000963651024,45619558
2024-08-12,534.21,535.73,530.95,533.27,525.276766705156,42542069
2024-08-13,536.53,542.28,536.28,542.04,533.915312364961,52333073
2024-08-14,542.85,544.96,540.12,543.75,535.599681016987,42446929
2024-08-15,549.5,553.36,548.88,553.07,544.779982675982,60846812
2024-08-16,551.42,555.02,551.26,554.31,546.001396201427,44430728
2024-08-19,554.73,559.61,553.86,559.61,551.2219540118,39121793
2024-08-20,559.15,560.84,557.325,558.7,550.325594085868,33732264
2024-08-21,559.77,562.11,554.73,560.62,552.216815028494,41514600
2024-08-22,562.56,563.18,554.98,556.22,547.882767034977,56121456
2024-08-23,559.53,563.09,557.29,562.13,553.704181498996,50639393
2024-08-26,563.18,563.91,559.05,560.79,552.384266882789,35788609
2024-08-27,559.49,562.06,558.32,561.56,553.142725281654,32693898
2024-08-28,561.21,561.65,555.04,558.3,549.931589722821,41066024
2024-08-29,560.31,563.68,557.18,558.35,549.980840268202,38715176
2024-08-30,560.77,564.2,557.14,563.68,555.230948405803,62700110
2024-09-03,560.47,560.81,549.51,552.08,543.804821877441,60600113
2024-09-04,550.2,554.43,549.46,550.95,542.691759551833,46232483
2024-09-05,550.89,553.7995,547.1,549.61,541.371844935626,44264258
2024-09-06,549.94,551.6,539.44,540.36,532.260494040164,68493805
2024-09-09,544.65,547.71,542.68,546.41,538.21981003125,40445822
2024-09-10,548.36,549.15,543.38,548.79,540.564135991379,36394579
2024-09-11,548.7,555.36,539.96,554.42,546.109747401265,75248608
2024-09-12,555.01,559.4,552.74,559.09,550.709748339839,51892735
2024-09-13,559.71,563.03,559.45,562.01,553.585980190082,39310501
2024-09-16,561.74,563.11,559.9,562.84,554.403539243404,36656122
2024-09-17,565.1,566.58,560.795,563.07,554.630091752156,49320970
2024-09-18,563.74,568.69,560.83,561.4,552.985123536435,59044937
2024-09-19,571.01,572.88,568.08,570.98,562.42152803141,75315470
2024-09-20,567.84,569.31,565.17,568.25,561.451815328199,77503110
2024-09-23,569.34,570.3325,568.1,569.67,562.854827343626,44116922
2024-09-24,570.48,571.36,567.6,571.3,564.465327051474,46805672
2024-09-25,571.14,571.89,568.91,570.04,563.220400896941,38428587
2024-09-26,574.38,574.71,569.9,572.3,565.453363682056,48336004
2024-09-27,573.39,574.22,570.42,571.47,564.633293278673,42100928
2024-09-30,570.42,574.38,568.08,573.76,566.895897162706,63655448
2024-10-01,573.4,574.0622,566.0,568.62,561.817388881514,72668778
2024-10-02,567.71,569.9,565.27,568.86,562.054517672854,38097798
2024-10-03,567.36,569.8025,565.49,567.82,561.026959577049,40846466
2024-10-04,572.35,573.36,568.1,572.98,566.125228590852,43005186
2024-10-07,571.3,571.9599,566.63,567.8,561.007198844437,49964690
2024-10-08,570.42,573.78,569.5299,573.17,566.312955550662,37398693
2024-10-09,573.16,577.71,572.55,577.14,570.235460974073,37912244
2024-10-10,575.77,577.58,574.49,576.13,569.237543977185,44138060
2024-10-11,576.05,580.33,575.91,579.58,572.646270352693,42267994
2024-10-14,581.22,585.27,580.73,584.32,577.329563981651,36217215
2024-10-15,584.59,584.9,578.545,579.78,572.843877678809,54203636
2024-10-16,579.78,582.83,578.96,582.3,575.333729987876,30725436
2024-10-17,585.91,586.12,582.16,582.35,575.383131819405,34393714
2024-10-18,584.07,585.39,582.58,584.59,577.596333871908,37416801
2024-10-21,583.85,584.85,580.6001,583.63,576.64781870655,36439010
2024-10-22,581.05,584.5,580.38,583.32,576.341527351069,34183835
2024-10-23,581.26,581.7086,574.415,577.99,571.075292110067,49314574
2024-10-24,579.98,580.06,576.57,579.24,572.310337898295,34979860
2024-10-25,581.51,584.46,578.08,579.04,572.112730572179,47268176
2024-10-28,582.58,582.71,580.52,580.83,573.88131614092,30174704
2024-10-29,579.85,582.907,578.43,581.77,574.810070573667,42899661
2024-10-30,581.29,583.32,579.29,580.01,573.071126103843,41435839
2024-10-31,575.56,575.63,568.44,568.64,561.837149614126,60182451
2024-11-01,571.32,575.55,570.62,571.04,564.208437527523,45667533
2024-11-04,571.18,572.5,567.89,569.81,562.993152471907,38216975
2024-11-05,570.74,576.74,570.52,576.7,569.800724856617,39478322
2024-11-06,589.2,591.93,585.39,591.04,583.969170139162,68181968
2024-11-07,593.08,596.65,592.9999,595.61,588.484497540922,47233212
2024-11-08,596.17,599.64,596.165,598.19,591.033632047823,46444893
2024-11-11,599.81,600.17,597.0,598.76,591.596812927255,37586773
2024-11-12,598.68,599.29,594.37,596.9,589.759064794372,43006128
2024-11-13,597.37,599.23,594.96,597.19,590.045595417241,47388640
2024-11-14,597.32,597.81,592.65,593.35,586.251534755806,38904109
2024-11-15,589.72,590.2,583.86,585.75,578.742456363384,75988766
2024-11-18,586.22,589.49,585.34,588.15,581.11374427678,37084081
2024-11-19,584.71,591.045,584.03,590.3,583.238023032531,49412046
2024-11-20,590.38,590.79,584.63,590.5,583.435630358648,50032576
2024-11-21,593.4,595.12,587.45,593.67,586.567706477593,46750285
2024-11-22,593.66,596.15,593.1525,595.51,588.385693877863,38226390
2024-11-25,599.52,600.86,595.2,597.53,590.381527871639,42441393
2024-11-26,598.8,601.33,598.07,600.65,593.464202159055,45621288
2024-11-27,600.46,600.85,597.28,598.83,591.665975491396,34000163
2024-11-29,599.66,603.35,599.38,602.55,595.34147175716,30095740
2024-12-02,602.97,604.32,602.47,603.63,596.408551318189,31745989
2024-12-03,603.39,604.16,602.341,603.91,596.685201574752,26906629
2024-12-04,605.63,607.91,604.95,607.66,600.390338939434,42787561
2024-12-05,607.66,608.48,606.305,606.66,599.402302308852,28762183
2024-12-06,607.44,609.07,607.02,607.81,600.538544434022,31241549
2024-12-09,607.69,607.86,604.08,604.68,597.4459897803,34742738
2024-12-10,605.37,605.8,602.13,602.8,595.588480914806,37234515
2024-12-11,605.78,608.435,605.5,607.46,600.192731613318,28677723
2024-12-12,606.58,607.16,604.33,604.33,597.100176959596,31543812
2024-12-13,606.4,607.13,602.81,604.21,596.981612563927,35904730
2024-12-16,606.0,607.7795,605.21,606.79,599.530747070828,43695179
2024-12-17,604.19,605.17,602.885,604.29,597.060655494373,55773545
2024-12-18,603.98,606.405,585.89,586.28,579.266115777592,108248729
2024-12-19,591.36,593.0,585.85,586.1,579.088269184087,85919452
2024-12-20,581.77,595.75,580.91,591.15,586.019887591693,125716674
2024-12-23,590.89,595.3,587.661,594.69,589.529166796759,57635828
2024-12-24,596.06,601.34,595.47,601.3,596.0818039565,33160097
2024-12-26,599.5,602.48,598.0825,601.34,596.121456828874,41338891
2024-12-27,597.54,597.7761,590.7647,595.01,589.846389775748,64969310
2024-12-30,587.89,591.74,584.41,588.22,583.115314690325,56578757
2024-12-31,589.905,590.6399,584.42,586.08,580.993886018337,57052654
2025-01-02,589.39,591.13,580.5,584.64,579.566382612886,50203975
2025-01-03,587.53,592.6,586.43,591.95,586.812945039166,37888459
2025-01-06,596.27,599.7,593.6,595.36,590.193352409017,47679442
2025-01-07,597.42,597.75,586.78,588.63,583.521756632155,60393052
2025-01-08,588.7,590.5799,585.195,589.49,584.374293388188,47304672
2025-01-10,585.88,585.95,578.55,580.49,575.452397104122,73105046
2025-01-13,575.77,581.75,575.35,581.39,576.344586732529,47910060
2025-01-14,584.36,585.0,578.35,582.19,577.137644180002,48420580
2025-01-15,590.325,593.94,589.195,592.78,587.635742140918,56900159
2025-01-16,594.175,594.35,590.93,591.64,586.50563527827,43319662
2025-01-17,596.96,599.36,595.61,597.58,592.394086825753,58070628
2025-01-21,600.67,603.06,598.67,603.05,597.816617122846,42532853
2025-01-22,605.92,607.82,605.36,606.44,601.177198056511,48195973
2025-01-23,605.8,609.75,605.52,609.75,604.458473245428,41152102
2025-01-24,609.81,610.78,606.8,607.97,602.693920424802,34604693
2025-01-27,594.81,599.69,594.64,599.37,594.168552864473,70361125
2025-01-28,600.62,605.37,597.25,604.52,599.273860182577,44433322
2025-01-29,603.72,604.13,599.22,601.81,596.587378079264,37177429
2025-01-30,603.96,606.6,600.715,605.04,599.789347523434,39281255
2025-01-31,607.5,609.96,601.05,601.82,596.597291297358,66671471
2025-02-03,592.67,600.29,590.49,597.77,592.582437969528,65857248
2025-02-04,597.83,602.3,597.28,601.78,596.557638424984,33457815
2025-02-05,600.64,604.37,598.58,604.22,598.976463639775,30653149
2025-02-06,605.99,606.4525,602.63,606.32,601.05823943939,35771503
2025-02-07,606.89,608.13,600.05,600.77,595.55640339755,50788516
2025-02-10,604.03,605.4999,602.74,604.85,599.600996379659,26048714
2025-02-11,602.55,605.86,602.43,605.31,600.057004411956,30056740
2025-02-12,599.2,604.55,598.51,603.36,598.123926883742,45076076
2025-02-13,604.48,609.94,603.2,609.73,604.438646809242,40921297
2025-02-14,609.94,610.99,609.07,609.7,604.408907154961,26910448
2025-02-18,610.88,611.49,608.38,611.49,606.183373193681,26749030
2025-02-19,610.08,613.23,609.56,612.93,607.610876599131,31011072
2025-02-20,611.54,611.684,607.02,610.38,605.083005985313,36554002
2025-02-21,610.16,610.3,599.47,599.94,594.733606295797,76519818
2025-02-24,602.02,603.03,596.49,597.21,592.027297756297,50737213
2025-02-25,597.15,597.89,589.56,594.24,589.083071982556,58266472
2025-02-26,595.93,599.58,591.8556,594.54,589.380468525358,43321578
2025-02-27,596.85,598.02,584.65,585.05,579.972824554716,74196664
2025-02-28,585.56,594.72,582.44,594.18,589.023592673995,88744106
2025-03-03,596.18,597.34,579.9,583.77,578.70393263876,74249199
2025-03-04,579.71,585.39,572.25,576.86,571.853898936216,109648212
2025-03-05,576.69,584.88,573.0795,583.06,578.000094154128,71230528
2025-03-06,575.48,580.1736,570.12,572.71,567.739913427453,80094868
2025-03-07,570.9,577.39,565.63,575.92,570.922056435436,81158816
2025-03-10,567.59,569.54,555.59,560.58,555.715179880151,97084529
2025-03-11,559.4,564.02,552.02,555.92,551.095620248624,88102109
2025-03-12,562.17,563.11,553.69,558.87,554.020019586179,69588167
2025-03-13,558.49,559.105,549.68,551.42,546.634672106591,74079414
2025-03-14,556.11,563.83,551.4917,562.81,557.925827514981,62660321
2025-03-17,562.79,569.71,562.35,567.15,562.228164167519,49008709
2025-03-18,564.8,565.02,559.06,561.02,556.151361476261,66041422
2025-03-19,562.83,570.95,561.63,567.13,562.208337731332,66555985
2025-03-20,563.33,570.57,562.6012,565.49,560.582569964014,62958195
2025-03-21,559.28,564.89,558.03,563.98,560.766487916657,83762964
2025-03-24,570.8,575.15,570.2,574.08,570.808938939669,58766795
2025-03-25,575.3,576.41,573.69,575.46,572.18107581212,38355735
2025-03-26,575.19,576.33,567.19,568.59,565.350220512309,52228898
2025-03-27,567.18,570.9,564.94,567.08,563.848824369264,42164248
2025-03-28,565.53,566.2675,555.07,555.66,552.493894598691,71662653
2025-03-31,549.83,560.7112,546.87,559.39,556.202641362635,95328213
2025-04-01,557.45,562.94,553.68,560.97,557.773638651383,54609641
2025-04-02,555.05,567.42,554.81,564.52,561.303411040659,76014544
2025-04-03,545.11,547.97,536.7,536.7,533.64192713371,125985998
2025-04-04,523.67,525.87,505.06,505.28,502.40095573341,217965131
2025-04-07,489.19,523.17,481.8,504.38,501.506083860072,256611355
2025-04-08,521.86,524.98,489.16,496.48,493.65109741633,165816581
2025-04-09,493.44,548.62,493.05,548.62,545.494007945027,241867317
2025-04-10,532.17,533.495,509.32,524.58,521.590985906096,162331225
2025-04-11,523.01,536.43,520.07,533.94,530.897653388808,97866334
2025-04-14,544.05,544.28,533.86,539.12,536.048138170907,68033993
2025-04-15,539.675,543.23,536.81,537.61,534.546742027862,56892874
2025-04-16,531.68,537.8854,520.29,525.66,522.664832154101,83484814
2025-04-17,527.64,531.165,523.91,526.41,523.410558715216,79868083
2025-04-21,521.16,521.7,508.46,513.88,510.951953634192,69368129
2025-04-22,520.14,529.305,519.1925,527.25,524.245772463664,75948117
2025-04-23,540.43,545.43,533.88,535.42,532.369220469407,90590658
2025-04-24,536.715,547.43,535.4504,546.69,543.575004927758,64150418
2025-04-25,546.65,551.05,543.69,550.64,547.502498149629,61119590
2025-04-28,551.39,553.55,545.02,550.85,547.711301586741,47613755
2025-04-29,548.91,555.45,548.55,554.32,551.161529809499,47775121
2025-04-30,547.57,556.52,541.52,554.54,551.380276267426,93101463
2025-05-01,560.37,564.0699,557.86,558.47,555.287883447667,63186146
2025-05-02,564.73,568.38,562.38,566.76,563.530647703189,60717270
2025-05-05,562.57,566.65,561.7,563.51,560.299165938358,38659222
2025-05-06,557.93,563.3476,556.96,558.8,555.616003134558,48264708
2025-05-07,560.15,563.82,556.04,561.15,557.95261302605,55733229
2025-05-08,565.24,570.31,561.7,565.06,561.840334164662,65130787
2025-05-09,566.48,567.5,562.7637,564.34,561.124436665992,37603427
2025-05-12,581.47,583.0,577.04,582.99,579.668170485712,78993570
2025-05-13,583.41,589.08,582.84,586.84,583.496233499434,67947225
2025-05-14,587.81,588.98,585.535,587.59,584.241960060549,66283531
2025-05-15,585.56,590.97,585.0969,590.46,587.095607034415,71268145
2025-05-16,591.25,594.5,589.28,594.2,590.814296819174,76052101
2025-05-19,588.1,595.54,588.1,594.85,591.46059317214,68168509
2025-05-20,593.09,594.05,589.6,592.85,589.471989009167,60614492
2025-05-21,588.44,592.58,581.82,582.86,579.538911215119,95197657
2025-05-22,582.66,586.62,581.405,583.09,579.767600693861,70860417
2025-05-23,575.98,581.8101,575.6,579.11,575.810278409545,76029046
2025-05-27,586.07,591.31,578.43,591.15,587.78167547064,72588475
2025-05-28,591.56,592.7688,586.985,587.73,584.381162351957,68445512
2025-05-29,593.06,593.2,586.07,590.05,586.687943181005,70073758
2025-05-30,588.93,591.1299,583.235,589.39,586.031703807224,90601242
2025-06-02,587.76,592.79,585.06,592.71,589.332786717759,61630502
2025-06-03,592.34,597.08,591.85,596.09,592.693527753183,63606204
2025-06-04,596.96,597.95,595.49,595.93,592.534439420145,57314199
2025-06-05,597.63,599.0,591.05,593.05,589.670849425464,92436397
2025-06-06,598.66,600.83,596.86,599.14,595.726149101716,66588743
2025-06-09,599.72,601.25,598.49,599.68,596.263072225719,53016418
2025-06-10,600.22,603.47,599.09,603.08,599.643699302772,66246973
2025-06-11,604.19,605.06,599.27,601.36,597.933499722616,73658225
2025-06-12,600.01,603.75,599.52,603.75,600.309881697368,64129003
2025-06-13,598.5,601.85,595.48,597.0,593.598342647335,89505996
2025-06-16,600.4,604.45,600.22,602.68,599.245978470178,79984125
2025-06-17,600.21,601.75,596.76,597.53,594.125322750523,82209365
2025-06-18,598.44,601.22,596.47,597.44,594.035835563189,76605029
2025-06-20,598.38,599.46,592.86,594.28,592.644923284533,94051374
2025-06-23,595.04,600.54,591.89,600.15,598.498772816202,87426039
2025-06-24,604.33,607.8499,603.41,606.78,605.110531316196,67735293
2025-06-25,607.91,608.61,605.54,607.12,605.449595854658,62114767
2025-06-26,608.99,612.31,608.37,611.87,610.186526906689,78548361
2025-06-27,612.88,616.39,610.83,614.91,613.21816277999,86258398
2025-06-30,617.38,619.22,615.04,617.85,616.150073789037,92502541
2025-07-01,616.36,618.83,615.52,617.65,615.95062406053,70030140
2025-07-02,617.24,620.49,616.61,620.45,618.742920259623,66510374
2025-07-03,622.45,626.28,622.43,625.34,623.619466121609,51065789
2025-07-07,623.36,624.03,617.87,620.68,618.972287447406,74814505
2025-07-08,621.35,622.11,619.52,620.34,618.633222908944,59024585
2025-07-09,622.77,624.72,620.9105,624.06,622.342987859167,66113326
2025-07-10,624.2,626.8701,623.01,625.82,624.098145470025,57528960
2025-07-11,622.74,624.86,621.53,623.62,621.904198456453,63670226
2025-07-14,623.16,625.1581,621.7999,624.81,623.090924341067,51898518
2025-07-15,627.52,627.86,622.06,622.14,620.428270465504,74317260
2025-07-16,623.74,624.73,618.05,624.22,622.502547641972,88987511
2025-07-17,624.4,628.4048,624.18,628.04,626.312037456449,68885683
2025-07-18,629.3,629.47,626.46,627.58,625.853303080884,65621645
2025-07-21,628.77,631.54,628.34,628.77,627.040028965498,63374984
2025-07-22,629.1,629.73,626.19,628.86,627.129781343326,60046288
2025-07-23,631.55,634.21,629.73,634.21,632.465061580878,70511036
2025-07-24,634.6,636.15,633.99,634.42,632.674483795809,71307134
2025-07-25,635.09,637.5799,634.84,637.1,635.347110157798,56865364
2025-07-28,637.48,638.04,635.54,636.94,635.187550374993,54917102
2025-07-29,638.35,638.67,634.335,635.26,633.512172655537,60556278
2025-07-30,635.92,637.68,631.54,634.46,632.714373741511,80418851
2025-07-31,639.455,639.85,630.765,632.08,630.340921972282,103385246
2025-08-01,626.3,626.34,619.29,621.72,620.00942603564,140103572
2025-08-04,625.67,631.215,625.58,631.17,629.433425707577,73218015
2025-08-05,631.79,632.6052,627.04,627.97,626.242230051471,68051401
2025-08-06,629.05,633.44,628.13,632.78,631.038996022055,64357525
2025-08-07,636.24,636.98,629.11,632.25,630.510454241513,74205791
2025-08-08,634.06,637.645,633.74,637.18,635.426890049201,64051626
2025-08-11,637.46,638.95,634.66,635.92,634.170356759609,58742300
2025-08-12,638.29,642.85,636.79,642.69,640.921730069558,64821798
2025-08-13,644.91,646.19,642.68,644.89,643.11567708313,60092790
2025-08-14,642.79,645.62,642.34,644.95,643.175512001682,59327466
2025-08-15,645.99,646.09,642.5153,643.44,641.669666551457,68592507
2025-08-18,642.86,644.0,642.18,643.3,641.530051741503,43804914
2025-08-19,643.12,644.105,638.48,639.81,638.049653979062,69750731
2025-08-20,639.4,639.66,632.95,638.11,636.354331286756,88890298
2025-08-21,636.28,637.97,633.81,635.55,633.801374761872,54805775
2025-08-22,637.76,646.5,637.25,645.31,643.534521512994,84083214
2025-08-25,644.04,645.29,642.35,642.47,640.7023353682,51274332
2025-08-26,642.2,645.51,641.57,645.16,643.384934216614,51581565
2025-08-27,644.57,647.37,644.42,646.63,644.850889721138,48341069
2025-08-28,647.24,649.48,645.34,648.92,647.134589112538,61519461
2025-08-29,647.47,647.84,643.14,645.05,643.275236865936,74522192
2025-09-02,637.5,640.49,634.92,640.27,638.508388354628,81983545
2025-09-03,642.67,644.21,640.46,643.74,641.968841144217,69428091
2025-09-04,644.42,649.15,643.51,649.12,647.334038841045,65219228
2025-09-05,651.48,652.21,643.33,647.24,645.459211393083,85178935
2025-09-08,648.62,649.84,647.23,648.83,647.044836734711,63133104
2025-09-09,648.97,650.86,647.22,650.33,648.54070969851,66133856
2025-09-10,653.62,654.55,650.63,652.21,650.415537146472,78034529
2025-09-11,654.18,658.33,653.59,657.63,655.820624789001,69934360
2025-09-12,657.6,659.11,656.9,657.41,655.601230087644,72780135
2025-09-15,659.64,661.04,659.34,660.91,659.09160033651,63772412
2025-09-16,661.47,661.78,659.21,660.0,658.184104071805,61168953
2025-09-17,660.01,661.72,654.3,659.18,657.366360184927,101952244
2025-09-18,661.89,664.89,660.27,662.26,660.437886003929,90459242
2025-09-19,662.33,664.55,660.37,663.7,663.7,97945620
2025-09-22,662.2,667.29,662.17,666.84,666.84,69452201
2025-09-23,666.72,667.34,661.98,663.21,663.21,81708872
2025-09-24,664.51,664.61,659.67,661.1,661.1,68082229
2025-09-25,657.94,659.4056,654.405,658.05,658.05,89622067
2025-09-26,659.51,662.37,657.88,661.82,661.82,69179209
2025-09-29,664.36,665.28,661.86,663.68,663.68,73499015
2025-09-30,662.93,666.65,661.61,666.18,666.18,86288028
2025-10-01,663.17,669.37,663.06,668.45,668.45,72545369
2025-10-02,670.45,670.565,666.78,669.22,669.22,56895993
2025-10-03,669.99,672.675,668.16,669.21,669.21,70494350
2025-10-06,671.62,672.51,669.455,671.61,671.61,54623260
2025-10-07,672.54,672.99,667.67,669.12,669.12,72020067
2025-10-08,670.25,673.2056,669.42,673.11,673.11,60702241
2025-10-09,673.53,673.94,669.21,671.16,671.16,66501941
2025-10-10,672.13,673.95,652.84,653.02,653.02,159422589
2025-10-13,660.65,665.13,659.7679,663.04,663.04,79560517
2025-10-14,657.17,665.83,653.17,662.23,662.23,88779560
2025-10-15,666.82,670.23,658.93,665.17,665.17,81702555
2025-10-16,666.82,668.71,657.11,660.64,660.64,110563346
2025-10-17,659.5,665.755,658.14,664.39,664.39,96500870
2025-10-20,667.32,672.21,667.27,671.3,671.3,60493350
2025-10-21,671.44,672.99,669.981,671.29,671.29,56249034
2025-10-22,672.0,672.0,663.3,667.8,667.8,80564006
2025-10-23,668.12,672.7101,667.8,671.76,671.76,65604461
2025-10-24,676.46,678.47,675.65,677.25,677.25,74356527
2025-10-27,682.73,685.54,682.115,685.24,685.24,63339790
2025-10-28,687.05,688.905,684.83,687.06,687.06,61738073
2025-10-29,688.72,689.7,682.87,687.39,687.39,85362207
2025-10-30,683.9,685.94,679.83,679.83,679.83,76335751
2025-10-31,685.04,685.08,679.24,682.06,682.06,87164122
2025-11-03,685.67,685.8,679.94,683.34,683.34,57315025
2025-11-04,676.11,679.96,674.58,675.24,675.24,78426969
2025-11-05,674.98,680.86,674.17,677.58,677.58,72763485
2025-11-06,676.47,677.38,668.72,670.31,670.31,85035298
2025-11-07,667.91,671.08,661.205,670.97,670.97,100592443
2025-11-10,677.235,682.18,675.03,681.44,681.44,75842888
2025-11-11,679.95,683.57,678.73,683.0,683.0,58953385
2025-11-12,684.79,684.96,680.945,683.38,683.38,62312484
2025-11-13,680.5,680.86,670.52,672.04,672.04,103457788
2025-11-14,665.38,675.66,663.265,671.93,671.93,96846672
2025-11-17,669.7,673.71,662.17,665.67,665.67,90456105
2025-11-18,662.095,665.12,655.86,660.08,660.08,114467488
2025-11-19,660.78,667.34,658.745,662.63,662.63,94702955
2025-11-20,672.91,675.56,651.89,652.53,652.53,165293521
2025-11-21,655.05,664.55,650.85,659.03,659.03,123956203
2025-11-24,662.69,670.06,661.59,668.73,668.73,80437940
2025-11-25,668.63,676.21,664.48,675.02,675.02,81077088
2025-11-26,677.63,681.7,676.72,679.68,679.68,71879597
2025-11-28,680.86,683.665,680.5,683.39,683.39,49212030
2025-12-01,678.81,682.99,678.74,680.27,680.27,61201193
2025-12-02,681.92,683.82,679.3275,681.53,681.53,62953844
2025-12-03,680.57,684.91,679.69,683.89,683.89,57238481
2025-12-04,685.3,685.37,681.34,684.39,684.39,61970336
2025-12-05,685.47,688.39,684.58,685.69,685.69,79241045
2025-12-08,686.59,686.64,681.57,683.63,683.63,53033654
2025-12-09,683.15,685.385,682.59,683.04,683.04,56313923
2025-12-10,682.56,688.97,681.31,687.57,687.57,85671334
2025-12-11,685.14,689.25,682.165,689.17,689.17,86173678
2025-12-12,688.17,688.88,679.1744,681.76,681.76,113160347
