date,expiration,strike,type,bid,ask,mark,last,volume,open_interest,implied_volatility,delta,dte,spot
2017-01-03,2017-01-04,195.0,call,30.15,30.38,30.27,15.79,0,2,1.11729,0.9937,1,225.240005
2017-01-03,2017-01-04,200.0,call,25.15,25.37,25.26,11.75,0,40,0.88315,0.99526,1,225.240005
2017-01-03,2017-01-04,201.0,call,24.15,24.37,24.26,0.0,0,0,0.85388,0.99492,1,225.240005
2017-01-03,2017-01-04,202.0,call,23.15,23.37,23.26,0.0,0,0,0.82461,0.99454,1,225.240005
2017-01-03,2017-01-04,203.0,call,22.15,22.37,22.26,0.0,0,0,0.78559,0.9946,1,225.240005
2017-01-03,2017-01-04,204.0,call,21.15,21.37,21.26,0.0,0,0,0.75632,0.99417,1,225.240005
2017-01-03,2017-01-04,205.0,call,20.15,20.37,20.26,20.55,50,50,0.7173,0.99425,1,225.240005
2017-01-03,2017-01-04,206.0,call,19.15,19.37,19.26,0.0,0,0,0.68803,0.99375,1,225.240005
2017-01-03,2017-01-04,207.0,call,18.15,18.37,18.26,0.0,0,0,0.64901,0.99385,1,225.240005
2017-01-03,2017-01-04,208.0,call,17.15,17.37,17.26,0.0,0,0,0.61974,0.99327,1,225.240005
2017-01-03,2017-01-04,209.0,call,16.15,16.37,16.26,0.0,0,0,0.59047,0.9926,1,225.240005
2017-01-03,2017-01-04,210.0,call,15.15,15.37,15.26,14.93,246,258,0.55145,0.9927,1,225.240005
2017-01-03,2017-01-04,210.5,call,14.65,14.87,14.76,0.0,0,0,0.54169,0.99184,1,225.240005
2017-01-03,2017-01-04,211.0,call,14.15,14.38,14.27,8.22,0,0,0.55145,0.98863,1,225.240005
2017-01-03,2017-01-04,211.5,call,13.65,13.88,13.77,7.07,0,0,0.53194,0.98855,1,225.240005
2017-01-03,2017-01-04,212.0,call,13.15,13.38,13.27,13.16,1,1,0.52218,0.98715,1,225.240005
2017-01-03,2017-01-04,212.5,call,12.65,12.87,12.76,5.93,0,5,0.4734,0.99093,1,225.240005
2017-01-03,2017-01-04,213.0,call,12.15,12.37,12.26,11.96,10,10,0.45389,0.99097,1,225.240005
2017-01-03,2017-01-04,213.5,call,11.65,11.88,11.77,5.96,0,0,0.46365,0.98674,1,225.240005
2017-01-03,2017-01-04,214.0,call,11.15,11.38,11.27,5.3,0,5,0.44414,0.9866,1,225.240005
2017-01-03,2017-01-04,214.5,call,10.66,10.88,10.77,5.83,0,0,0.43438,0.98465,1,225.240005
2017-01-03,2017-01-04,215.0,call,10.16,10.38,10.27,9.9,2,56,0.41487,0.98439,1,225.240005
2017-01-03,2017-01-04,215.5,call,9.66,9.88,9.77,4.17,0,10,0.39536,0.98412,1,225.240005
2017-01-03,2017-01-04,216.0,call,9.16,9.38,9.27,4.87,0,4,0.37584,0.98382,1,225.240005
2017-01-03,2017-01-04,216.5,call,8.66,8.88,8.77,5.01,0,25,0.35633,0.9835,1,225.240005
2017-01-03,2017-01-04,217.0,call,8.16,8.38,8.27,4.76,0,40,0.33682,0.98316,1,225.240005
2017-01-03,2017-01-04,217.5,call,7.67,7.87,7.77,2.97,0,34,0.32707,0.97992,1,225.240005
2017-01-03,2017-01-04,218.0,call,7.17,7.38,7.28,2.7,0,2,0.31731,0.97595,1,225.240005
2017-01-03,2017-01-04,218.5,call,6.67,6.87,6.77,3.55,0,3,0.28804,0.9785,1,225.240005
2017-01-03,2017-01-04,218.5,put,0.01,0.02,0.01,0.02,1551,2153,0.24902,-0.00967,1,225.240005
2017-01-03,2017-01-04,219.0,call,6.17,6.37,6.27,4.99,11,197,0.26853,0.97763,1,225.240005
2017-01-03,2017-01-04,219.0,put,0.01,0.02,0.01,0.01,155,2309,0.22951,-0.00948,1,225.240005
2017-01-03,2017-01-04,219.5,call,5.67,5.87,5.77,5.47,4,20,0.24902,0.97662,1,225.240005
2017-01-03,2017-01-04,219.5,put,0.01,0.02,0.01,0.02,854,2521,0.21975,-0.01217,1,225.240005
2017-01-03,2017-01-04,220.0,call,5.17,5.37,5.27,4.92,33,83,0.22951,0.97541,1,225.240005
2017-01-03,2017-01-04,220.0,put,0.01,0.02,0.01,0.02,1961,6193,0.20024,-0.01213,1,225.240005
2017-01-03,2017-01-04,220.5,call,4.68,4.87,4.78,4.4,12,19,0.21975,0.9683,1,225.240005
2017-01-03,2017-01-04,220.5,put,0.01,0.02,0.01,0.02,5922,8267,0.18073,-0.01207,1,225.240005
2017-01-03,2017-01-04,221.0,call,4.18,4.37,4.28,4.16,95,452,0.20024,0.96563,1,225.240005
2017-01-03,2017-01-04,221.0,put,0.01,0.02,0.01,0.02,2383,4285,0.17097,-0.01658,1,225.240005
2017-01-03,2017-01-04,221.5,call,3.68,3.87,3.78,3.42,150,3122,0.18073,0.96219,1,225.240005
2017-01-03,2017-01-04,221.5,put,0.02,0.03,0.03,0.03,2419,1614,0.18073,-0.03781,1,225.240005
2017-01-03,2017-01-04,222.0,call,3.19,3.38,3.29,3.15,452,839,0.17097,0.94798,1,225.240005
2017-01-03,2017-01-04,222.0,put,0.02,0.04,0.03,0.03,5545,10428,0.16122,-0.04241,1,225.240005
2017-01-03,2017-01-04,222.5,call,2.7,2.86,2.78,2.74,1082,796,0.1417,0.95117,1,225.240005
2017-01-03,2017-01-04,222.5,put,0.03,0.04,0.04,0.04,6393,7842,0.1417,-0.04883,1,225.240005
2017-01-03,2017-01-04,223.0,call,2.24,2.37,2.31,2.23,3253,2728,0.1417,0.91208,1,225.240005
2017-01-03,2017-01-04,223.0,put,0.05,0.06,0.06,0.06,9384,6437,0.1417,-0.08792,1,225.240005
2017-01-03,2017-01-04,223.5,call,1.75,1.89,1.82,1.82,4561,2311,0.12219,0.88849,1,225.240005
2017-01-03,2017-01-04,223.5,put,0.08,0.1,0.09,0.1,9555,4868,0.13195,-0.12946,1,225.240005
2017-01-03,2017-01-04,224.0,call,1.37,1.42,1.4,1.39,13577,4177,0.12219,0.80762,1,225.240005
2017-01-03,2017-01-04,224.0,put,0.13,0.14,0.14,0.14,23534,7995,0.12219,-0.19238,1,225.240005
2017-01-03,2017-01-04,224.5,call,0.95,1.0,0.97,0.97,19496,11592,0.11244,0.71403,1,225.240005
2017-01-03,2017-01-04,224.5,put,0.21,0.23,0.22,0.23,18209,2920,0.11244,-0.28597,1,225.240005
2017-01-03,2017-01-04,225.0,call,0.6,0.63,0.61,0.61,30447,11157,0.10268,0.58099,1,225.240005
2017-01-03,2017-01-04,225.0,put,0.35,0.38,0.36,0.36,14599,5735,0.10268,-0.41901,1,225.240005
2017-01-03,2017-01-04,225.5,call,0.34,0.36,0.35,0.33,24029,4636,0.10268,0.41738,1,225.240005
2017-01-03,2017-01-04,225.5,put,0.58,0.6,0.59,0.59,10348,2679,0.09292,-0.59136,1,225.240005
2017-01-03,2017-01-04,226.0,call,0.17,0.18,0.17,0.17,17579,12265,0.09292,0.24623,1,225.240005
2017-01-03,2017-01-04,226.0,put,0.89,0.95,0.92,0.98,7223,4221,0.09292,-0.75377,1,225.240005
2017-01-03,2017-01-04,226.5,call,0.08,0.09,0.08,0.08,6368,5591,0.09292,0.12699,1,225.240005
2017-01-03,2017-01-04,226.5,put,1.26,1.4,1.33,1.5,2674,3408,0.09292,-0.87301,1,225.240005
2017-01-03,2017-01-04,227.0,call,0.03,0.04,0.04,0.04,4623,15409,0.10268,0.07463,1,225.240005
2017-01-03,2017-01-04,227.0,put,1.7,1.86,1.78,2.74,524,4089,0.09292,-0.94454,1,225.240005
2017-01-03,2017-01-04,227.5,call,0.01,0.02,0.01,0.02,500,4307,0.09292,0.02036,1,225.240005
2017-01-03,2017-01-04,227.5,put,2.16,2.34,2.25,2.49,59,1962,0.01488,-1.0,1,225.240005
2017-01-03,2017-01-04,228.0,call,0.01,0.02,0.01,0.02,757,5085,0.11244,0.01954,1,225.240005
2017-01-03,2017-01-04,228.0,put,2.65,2.84,2.75,3.09,19,756,0.01488,-1.0,1,225.240005
2017-01-03,2017-01-04,228.5,put,3.15,3.34,3.25,4.14,305,546,0.01488,-1.0,1,225.240005
2017-01-03,2017-01-04,229.0,put,3.64,3.84,3.74,2.91,0,475,0.01488,-1.0,1,225.240005
2017-01-03,2017-01-04,229.5,put,4.13,4.36,4.25,2.68,0,275,0.01488,-1.0,1,225.240005
2017-01-03,2017-01-04,230.0,put,4.65,4.86,4.76,5.8,206,655,0.16122,-0.99328,1,225.240005
2017-01-03,2017-01-04,230.5,put,5.14,5.36,5.25,2.32,0,57,0.01488,-1.0,1,225.240005
2017-01-03,2017-01-04,231.0,put,5.63,5.86,5.75,3.21,0,156,0.01488,-1.0,1,225.240005
2017-01-03,2017-01-04,231.5,put,6.12,6.35,6.23,2.44,0,0,0.01488,-1.0,1,225.240005
2017-01-03,2017-01-04,232.0,put,6.62,6.85,6.73,3.31,0,18,0.01488,-1.0,1,225.240005
2017-01-03,2017-01-04,232.5,put,7.12,7.35,7.23,3.96,0,0,0.01488,-1.0,1,225.240005
2017-01-03,2017-01-04,233.0,put,7.64,7.87,7.75,0.0,0,0,0.01488,-1.0,1,225.240005
2017-01-03,2017-01-04,233.5,put,8.14,8.37,8.25,4.79,0,0,0.01488,-1.0,1,225.240005
2017-01-03,2017-01-04,234.0,put,8.62,8.85,8.73,0.0,0,0,0.01488,-1.0,1,225.240005
2017-01-03,2017-01-04,234.5,put,9.12,9.35,9.23,4.9,0,0,0.01488,-1.0,1,225.240005
2017-01-03,2017-01-04,235.0,put,9.64,9.87,9.75,6.03,0,13,0.01488,-1.0,1,225.240005
2017-01-03,2017-01-04,236.0,put,10.62,10.85,10.73,0.0,0,0,0.01488,-1.0,1,225.240005
2017-01-03,2017-01-04,237.0,put,11.62,11.85,11.73,0.0,0,0,0.01488,-1.0,1,225.240005
2017-01-03,2017-01-04,240.0,put,14.63,14.86,14.75,6.99,0,238,0.01488,-1.0,1,225.240005
2017-01-03,2017-01-06,195.0,call,30.16,30.38,30.27,0.0,0,0,0.61974,0.99527,3,225.240005
2017-01-03,2017-01-06,197.0,call,28.17,28.38,28.27,0.0,0,0,0.58072,0.99494,3,225.240005
2017-01-03,2017-01-06,197.5,call,27.67,27.88,27.77,15.17,0,0,0.57096,0.99486,3,225.240005
2017-01-03,2017-01-06,198.0,call,27.17,27.38,27.27,11.02,0,0,0.56121,0.99477,3,225.240005
2017-01-03,2017-01-06,198.5,call,26.67,26.88,26.77,0.0,0,0,0.55145,0.99467,3,225.240005
2017-01-03,2017-01-06,199.0,call,26.17,26.39,26.28,0.0,0,0,0.57096,0.99224,3,225.240005
2017-01-03,2017-01-06,199.5,call,25.67,25.89,25.78,0.0,0,0,0.56121,0.99206,3,225.240005
2017-01-03,2017-01-06,200.0,call,25.17,25.39,25.28,10.03,0,40,0.55145,0.99188,3,225.240005
2017-01-03,2017-01-06,202.5,call,22.67,22.89,22.78,10.61,0,1,0.49292,0.99192,3,225.240005
2017-01-03,2017-01-06,205.0,call,20.18,20.39,20.29,10.58,0,7,0.46365,0.98816,3,225.240005
2017-01-03,2017-01-06,206.0,call,19.18,19.4,19.29,10.59,0,0,0.44414,0.98742,3,225.240005
2017-01-03,2017-01-06,206.0,put,0.01,0.02,0.01,0.03,0,2083,0.37584,-0.00416,3,225.240005
2017-01-03,2017-01-06,206.5,call,18.68,18.9,18.79,0.0,0,0,0.43438,0.98702,3,225.240005
2017-01-03,2017-01-06,206.5,put,0.01,0.02,0.01,0.02,0,3472,0.36609,-0.0042,3,225.240005
2017-01-03,2017-01-06,207.0,call,18.18,18.4,18.29,0.0,0,0,0.42462,0.9866,3,225.240005
2017-01-03,2017-01-06,207.0,put,0.01,0.02,0.01,0.02,2,5167,0.35633,-0.00425,3,225.240005
2017-01-03,2017-01-06,207.5,call,17.68,17.9,17.79,0.0,0,0,0.41487,0.98614,3,225.240005
2017-01-03,2017-01-06,207.5,put,0.01,0.02,0.01,0.04,0,4957,0.34658,-0.00429,3,225.240005
2017-01-03,2017-01-06,208.0,call,17.18,17.4,17.29,6.49,0,0,0.39536,0.98749,3,225.240005
2017-01-03,2017-01-06,208.0,put,0.01,0.02,0.01,0.02,2082,4871,0.33682,-0.00434,3,225.240005
2017-01-03,2017-01-06,208.5,call,16.68,16.9,16.79,0.0,0,0,0.3856,0.98706,3,225.240005
2017-01-03,2017-01-06,208.5,put,0.01,0.02,0.01,0.02,10,531,0.32707,-0.00438,3,225.240005
2017-01-03,2017-01-06,209.0,call,16.18,16.4,16.29,0.0,0,0,0.37584,0.98661,3,225.240005
2017-01-03,2017-01-06,209.0,put,0.01,0.02,0.01,0.04,0,3688,0.31731,-0.00443,3,225.240005
2017-01-03,2017-01-06,209.5,call,15.68,15.9,15.79,5.79,0,0,0.36609,0.98613,3,225.240005
2017-01-03,2017-01-06,209.5,put,0.01,0.02,0.01,0.02,245,4464,0.30755,-0.00447,3,225.240005
2017-01-03,2017-01-06,210.0,call,15.19,15.4,15.29,15.3,67,55,0.35633,0.98561,3,225.240005
2017-01-03,2017-01-06,210.0,put,0.01,0.02,0.01,0.02,66,7835,0.2978,-0.00452,3,225.240005
2017-01-03,2017-01-06,210.5,call,14.69,14.9,14.79,8.27,0,0,0.34658,0.98505,3,225.240005
2017-01-03,2017-01-06,210.5,put,0.01,0.02,0.01,0.03,5,747,0.2978,-0.00583,3,225.240005
2017-01-03,2017-01-06,211.0,call,14.19,14.4,14.29,6.17,0,0,0.33682,0.98445,3,225.240005
2017-01-03,2017-01-06,211.0,put,0.01,0.02,0.01,0.02,873,837,0.28804,-0.00593,3,225.240005
2017-01-03,2017-01-06,211.5,call,13.69,13.89,13.79,7.19,0,1,0.32707,0.9838,3,225.240005
2017-01-03,2017-01-06,211.5,put,0.01,0.02,0.01,0.02,2613,3499,0.27829,-0.00604,3,225.240005
2017-01-03,2017-01-06,212.0,call,13.2,13.39,13.29,4.9,0,0,0.31731,0.98309,3,225.240005
2017-01-03,2017-01-06,212.0,put,0.01,0.02,0.01,0.02,3845,6963,0.26853,-0.00616,3,225.240005
2017-01-03,2017-01-06,212.5,call,12.7,12.89,12.79,12.67,4,62,0.30755,0.98231,3,225.240005
2017-01-03,2017-01-06,212.5,put,0.02,0.03,0.03,0.03,512,4024,0.2978,-0.01492,3,225.240005
2017-01-03,2017-01-06,213.0,call,12.2,12.4,12.3,6.57,0,0,0.30755,0.9783,3,225.240005
2017-01-03,2017-01-06,213.0,put,0.02,0.03,0.03,0.04,15,3272,0.28804,-0.01559,3,225.240005
2017-01-03,2017-01-06,213.5,call,11.7,11.89,11.79,6.19,0,64,0.28804,0.98054,3,225.240005
2017-01-03,2017-01-06,213.5,put,0.02,0.03,0.03,0.04,15,1679,0.27829,-0.01632,3,225.240005
2017-01-03,2017-01-06,214.0,call,11.2,11.39,11.29,5.16,0,3,0.26853,0.98288,3,225.240005
2017-01-03,2017-01-06,214.0,put,0.02,0.03,0.03,0.03,1074,11483,0.25877,-0.01404,3,225.240005
2017-01-03,2017-01-06,214.5,call,10.7,10.89,10.79,5.71,0,165,0.25877,0.98198,3,225.240005
2017-01-03,2017-01-06,214.5,put,0.02,0.03,0.03,0.04,520,2068,0.24902,-0.01471,3,225.240005
2017-01-03,2017-01-06,215.0,call,10.2,10.39,10.29,9.95,16,88534,0.24902,0.98099,3,225.240005
2017-01-03,2017-01-06,215.0,put,0.02,0.03,0.03,0.03,403,92894,0.23926,-0.01545,3,225.240005
2017-01-03,2017-01-06,215.5,call,9.7,9.9,9.8,5.02,0,250,0.24902,0.97568,3,225.240005
2017-01-03,2017-01-06,215.5,put,0.02,0.03,0.03,0.06,0,2632,0.22951,-0.01628,3,225.240005
2017-01-03,2017-01-06,216.0,call,9.21,9.39,9.3,9.01,25,46,0.23926,0.97408,3,225.240005
2017-01-03,2017-01-06,216.0,put,0.03,0.04,0.04,0.05,389,5038,0.22951,-0.02137,3,225.240005
2017-01-03,2017-01-06,216.5,call,8.71,8.89,8.8,3.79,0,37,0.22951,0.97226,3,225.240005
2017-01-03,2017-01-06,216.5,put,0.03,0.04,0.04,0.05,150,2388,0.21975,-0.02279,3,225.240005
2017-01-03,2017-01-06,217.0,call,8.21,8.4,8.3,3.07,0,98,0.21975,0.97018,3,225.240005
2017-01-03,2017-01-06,217.0,put,0.03,0.04,0.04,0.05,2026,7219,0.21,-0.02442,3,225.240005
2017-01-03,2017-01-06,217.5,call,7.71,7.9,7.8,8.09,20,46,0.21,0.96778,3,225.240005
2017-01-03,2017-01-06,217.5,put,0.04,0.05,0.04,0.05,459,4335,0.20024,-0.02629,3,225.240005
2017-01-03,2017-01-06,218.0,call,7.22,7.4,7.31,7.2,12,30644,0.20024,0.96499,3,225.240005
2017-01-03,2017-01-06,218.0,put,0.04,0.05,0.04,0.05,2816,35122,0.19048,-0.02848,3,225.240005
2017-01-03,2017-01-06,218.5,call,6.72,6.9,6.81,2.76,0,148,0.19048,0.96172,3,225.240005
2017-01-03,2017-01-06,218.5,put,0.05,0.06,0.06,0.06,1355,3384,0.19048,-0.03828,3,225.240005
2017-01-03,2017-01-06,219.0,call,6.23,6.42,6.33,6.25,8,112,0.19048,0.94936,3,225.240005
2017-01-03,2017-01-06,219.0,put,0.05,0.06,0.06,0.09,2249,4998,0.18073,-0.04216,3,225.240005
2017-01-03,2017-01-06,219.5,call,5.74,5.92,5.83,4.9,8,1063,0.17097,0.9532,3,225.240005
2017-01-03,2017-01-06,219.5,put,0.06,0.07,0.07,0.07,862,4712,0.17097,-0.0468,3,225.240005
2017-01-03,2017-01-06,220.0,call,5.25,5.41,5.33,5.25,104,145685,0.16122,0.94755,3,225.240005
2017-01-03,2017-01-06,220.0,put,0.07,0.08,0.08,0.08,15397,169374,0.16122,-0.05245,3,225.240005
2017-01-03,2017-01-06,220.5,call,4.77,4.92,4.84,4.46,3,119,0.15146,0.94059,3,225.240005
2017-01-03,2017-01-06,220.5,put,0.09,0.1,0.1,0.1,4809,4297,0.16122,-0.07129,3,225.240005
2017-01-03,2017-01-06,221.0,call,4.29,4.44,4.37,4.16,157,3764,0.15146,0.91846,3,225.240005
2017-01-03,2017-01-06,221.0,put,0.11,0.12,0.11,0.11,8420,33409,0.15146,-0.08154,3,225.240005
2017-01-03,2017-01-06,221.5,call,3.82,3.96,3.89,3.56,44,713,0.1417,0.90558,3,225.240005
2017-01-03,2017-01-06,221.5,put,0.13,0.14,0.14,0.15,14300,18082,0.1417,-0.09442,3,225.240005
2017-01-03,2017-01-06,222.0,call,3.35,3.49,3.42,3.4,670,2082,0.1417,0.87254,3,225.240005
2017-01-03,2017-01-06,222.0,put,0.17,0.18,0.17,0.18,6255,25103,0.1417,-0.12746,3,225.240005
2017-01-03,2017-01-06,222.5,call,2.9,3.03,2.96,2.32,1533,4084,0.13195,0.84936,3,225.240005
2017-01-03,2017-01-06,222.5,put,0.21,0.22,0.21,0.22,4325,5304,0.13195,-0.15064,3,225.240005
2017-01-03,2017-01-06,223.0,call,2.47,2.59,2.53,2.49,4237,6656,0.13195,0.80123,3,225.240005
2017-01-03,2017-01-06,223.0,put,0.27,0.28,0.28,0.27,9454,21074,0.13195,-0.19877,3,225.240005
2017-01-03,2017-01-06,223.5,call,2.06,2.17,2.12,2.1,4538,6024,0.12219,0.7613,3,225.240005
2017-01-03,2017-01-06,223.5,put,0.35,0.36,0.35,0.36,8498,8157,0.12219,-0.2387,3,225.240005
2017-01-03,2017-01-06,224.0,call,1.71,1.75,1.73,1.7,17925,97313,0.12219,0.69454,3,225.240005
2017-01-03,2017-01-06,224.0,put,0.46,0.47,0.46,0.46,15884,27129,0.12219,-0.30546,3,225.240005
2017-01-03,2017-01-06,224.5,call,1.36,1.39,1.38,1.31,13005,10158,0.12219,0.62077,3,225.240005
2017-01-03,2017-01-06,224.5,put,0.59,0.6,0.59,0.61,19231,13347,0.11244,-0.36947,3,225.240005
2017-01-03,2017-01-06,225.0,call,1.03,1.06,1.04,1.04,25388,18077,0.11244,0.54578,3,225.240005
2017-01-03,2017-01-06,225.0,put,0.76,0.78,0.77,0.78,21021,40615,0.11244,-0.45422,3,225.240005
2017-01-03,2017-01-06,225.5,call,0.75,0.77,0.76,0.75,9488,9721,0.11244,0.45908,3,225.240005
2017-01-03,2017-01-06,225.5,put,0.97,1.0,0.98,1.03,13770,8485,0.10268,-0.54516,3,225.240005
2017-01-03,2017-01-06,226.0,call,0.52,0.54,0.53,0.52,23064,25731,0.10268,0.36266,3,225.240005
2017-01-03,2017-01-06,226.0,put,1.24,1.28,1.26,1.31,10454,9787,0.10268,-0.63734,3,225.240005
2017-01-03,2017-01-06,226.5,call,0.35,0.36,0.35,0.35,21738,10335,0.10268,0.27801,3,225.240005
2017-01-03,2017-01-06,226.5,put,1.56,1.61,1.58,1.78,1255,4030,0.10268,-0.72199,3,225.240005
2017-01-03,2017-01-06,227.0,call,0.22,0.24,0.23,0.22,7638,15529,0.10268,0.2045,3,225.240005
2017-01-03,2017-01-06,227.0,put,1.91,2.02,1.96,2.14,978,3372,0.10268,-0.7955,3,225.240005
2017-01-03,2017-01-06,227.5,call,0.14,0.15,0.15,0.14,6818,8148,0.10268,0.14412,3,225.240005
2017-01-03,2017-01-06,227.5,put,2.31,2.44,2.38,2.55,272,1761,0.09292,-0.87989,3,225.240005
2017-01-03,2017-01-06,228.0,call,0.08,0.09,0.08,0.08,3497,21384,0.10268,0.09717,3,225.240005
2017-01-03,2017-01-06,228.0,put,2.75,2.9,2.83,2.88,387,2204,0.10268,-0.90283,3,225.240005
2017-01-03,2017-01-06,228.5,call,0.05,0.06,0.06,0.05,1101,10238,0.10268,0.06262,3,225.240005
2017-01-03,2017-01-06,228.5,put,3.2,3.37,3.29,4.0,10,2224,0.09292,-0.95497,3,225.240005
2017-01-03,2017-01-06,229.0,call,0.03,0.04,0.04,0.04,5628,11010,0.10268,0.03853,3,225.240005
2017-01-03,2017-01-06,229.0,put,3.67,3.85,3.76,4.6,11,1130,0.08317,-0.98554,3,225.240005
2017-01-03,2017-01-06,229.5,call,0.02,0.03,0.03,0.03,178,3940,0.11244,0.0338,3,225.240005
2017-01-03,2017-01-06,229.5,put,4.15,4.34,4.25,2.37,0,1315,0.08317,-0.99332,3,225.240005
2017-01-03,2017-01-06,230.0,call,0.02,0.03,0.03,0.02,13343,12244,0.12219,0.03023,3,225.240005
2017-01-03,2017-01-06,230.0,put,4.65,4.84,4.75,4.8,98,1952,0.08317,-0.99713,3,225.240005
2017-01-03,2017-01-06,230.5,call,0.01,0.02,0.01,0.02,383,7330,0.11244,0.01209,3,225.240005
2017-01-03,2017-01-06,230.5,put,5.15,5.34,5.25,2.57,0,6,0.09292,-0.99683,3,225.240005
2017-01-03,2017-01-06,231.0,call,0.01,0.02,0.01,0.01,900,5449,0.12219,0.01163,3,225.240005
2017-01-03,2017-01-06,231.0,put,5.64,5.84,5.74,3.17,0,62,0.01488,-1.0,3,225.240005
2017-01-03,2017-01-06,231.5,call,0.01,0.02,0.01,0.02,2726,2214,0.13195,0.01127,3,225.240005
2017-01-03,2017-01-06,231.5,put,6.14,6.34,6.24,2.96,0,19,0.01488,-1.0,3,225.240005
2017-01-03,2017-01-06,232.0,call,0.01,0.02,0.01,0.02,501,2755,0.1417,0.01098,3,225.240005
2017-01-03,2017-01-06,232.0,put,6.63,6.84,6.73,4.3,0,250,0.01488,-1.0,3,225.240005
2017-01-03,2017-01-06,232.5,call,0.01,0.02,0.01,0.01,0,1590,0.15146,0.01074,3,225.240005
2017-01-03,2017-01-06,232.5,put,7.13,7.34,7.23,3.5,0,10,0.01488,-1.0,3,225.240005
2017-01-03,2017-01-06,233.0,call,0.01,0.02,0.01,0.02,3,6726,0.16122,0.01054,3,225.240005
2017-01-03,2017-01-06,233.0,put,7.65,7.86,7.76,4.42,0,1,0.16122,-0.98946,3,225.240005
2017-01-03,2017-01-06,233.5,call,0.01,0.02,0.01,0.01,0,1740,0.17097,0.01038,3,225.240005
2017-01-03,2017-01-06,233.5,put,8.15,8.36,8.25,6.19,0,0,0.1417,-0.99739,3,225.240005
2017-01-03,2017-01-06,234.0,call,0.01,0.02,0.01,0.01,5046,2357,0.17097,0.00714,3,225.240005
2017-01-03,2017-01-06,234.0,put,8.63,8.84,8.73,5.38,0,0,0.01488,-1.0,3,225.240005
2017-01-03,2017-01-06,234.5,put,9.13,9.34,9.23,6.68,0,0,0.01488,-1.0,3,225.240005
2017-01-03,2017-01-06,235.0,put,9.65,9.86,9.75,5.84,0,22,0.17097,-0.99679,3,225.240005
2017-01-03,2017-01-06,235.5,put,10.13,10.34,10.23,5.32,0,0,0.01488,-1.0,3,225.240005
2017-01-03,2017-01-06,236.0,put,10.63,10.84,10.73,8.2,0,0,0.01488,-1.0,3,225.240005
2017-01-03,2017-01-06,236.5,put,11.15,11.36,11.25,5.9,0,0,0.19048,-0.99755,3,225.240005
2017-01-03,2017-01-06,237.0,put,11.63,11.84,11.73,0.0,0,0,0.01488,-1.0,3,225.240005
2017-01-03,2017-01-06,237.5,put,12.15,12.36,12.25,0.0,0,0,0.21,-0.99721,3,225.240005
2017-01-03,2017-01-06,238.0,put,12.63,12.84,12.73,0.0,0,0,0.01488,-1.0,3,225.240005
2017-01-03,2017-01-06,238.5,put,13.13,13.34,13.23,0.0,0,0,0.01488,-1.0,3,225.240005
2017-01-03,2017-01-06,239.0,put,13.64,13.85,13.75,0.0,0,0,0.22951,-0.99772,3,225.240005
2017-01-03,2017-01-06,239.5,put,14.13,14.34,14.23,7.36,0,1,0.01488,-1.0,3,225.240005
2017-01-03,2017-01-06,240.0,put,14.64,14.85,14.75,15.3,1,4,0.23926,-0.99821,3,225.240005
2017-01-03,2017-01-06,242.5,put,17.15,17.36,17.25,8.59,0,2,0.27829,-0.9982,3,225.240005
2017-01-03,2017-01-06,245.0,put,19.65,19.86,19.75,9.84,0,46,0.31731,-0.99817,3,225.240005
2017-01-03,2017-01-06,247.5,put,22.13,22.34,22.23,0.0,0,0,0.01488,-1.0,3,225.240005
2017-01-03,2017-01-06,250.0,put,24.65,24.86,24.75,11.62,0,34,0.3856,-0.99848,3,225.240005
2017-01-03,2017-01-06,252.5,put,27.14,27.35,27.25,0.0,0,0,0.42462,-0.9984,3,225.240005
2017-01-03,2017-01-06,255.0,put,29.65,29.86,29.75,14.13,0,5,0.45389,-0.99862,3,225.240005
2017-01-03,2017-01-06,257.5,put,32.13,32.34,32.23,15.5,0,12,0.01488,-1.0,3,225.240005
2017-01-03,2017-01-06,260.0,put,34.63,34.85,34.74,16.93,0,37,0.01488,-1.0,3,225.240005
2017-01-03,2017-01-11,195.0,call,30.22,30.43,30.32,15.67,0,10,0.42462,0.99002,8,225.240005
2017-01-03,2017-01-11,195.0,put,0.01,0.02,0.01,0.02,0,178,0.35633,-0.00287,8,225.240005
2017-01-03,2017-01-11,196.0,call,29.22,29.44,29.33,0.0,0,0,0.42462,0.98764,8,225.240005
2017-01-03,2017-01-11,196.0,put,0.01,0.02,0.01,0.0,0,0,0.34658,-0.00309,8,225.240005
2017-01-03,2017-01-11,197.0,call,28.22,28.44,28.33,0.0,0,0,0.41487,0.98659,8,225.240005
2017-01-03,2017-01-11,197.0,put,0.01,0.02,0.01,0.0,0,0,0.33682,-0.00332,8,225.240005
2017-01-03,2017-01-11,198.0,call,27.22,27.44,27.33,0.0,0,0,0.39536,0.98726,8,225.240005
2017-01-03,2017-01-11,198.0,put,0.01,0.02,0.01,0.03,220,0,0.31731,-0.0028,8,225.240005
2017-01-03,2017-01-11,199.0,call,26.23,26.44,26.34,0.0,0,0,0.39536,0.98414,8,225.240005
2017-01-03,2017-01-11,199.0,put,0.01,0.02,0.01,0.02,590,0,0.30755,-0.00301,8,225.240005
2017-01-03,2017-01-11,200.0,call,25.23,25.44,25.34,13.96,0,0,0.37584,0.98486,8,225.240005
2017-01-03,2017-01-11,200.0,put,0.01,0.02,0.01,0.03,238,658,0.2978,-0.00325,8,225.240005
2017-01-03,2017-01-11,201.0,call,24.23,24.44,24.34,0.0,0,0,0.36609,0.98344,8,225.240005
2017-01-03,2017-01-11,201.0,put,0.02,0.03,0.03,0.03,5,0,0.32707,-0.00869,8,225.240005
2017-01-03,2017-01-11,202.0,call,23.23,23.45,23.34,0.0,0,0,0.34658,0.98426,8,225.240005
2017-01-03,2017-01-11,202.0,put,0.02,0.03,0.03,0.03,197,0,0.30755,-0.00781,8,225.240005
2017-01-03,2017-01-11,203.0,call,22.23,22.45,22.34,0.0,0,0,0.33682,0.98269,8,225.240005
2017-01-03,2017-01-11,203.0,put,0.02,0.03,0.03,0.04,9,47,0.2978,-0.00858,8,225.240005
2017-01-03,2017-01-11,204.0,call,21.24,21.45,21.34,0.0,0,0,0.32707,0.9809,8,225.240005
2017-01-03,2017-01-11,204.0,put,0.02,0.03,0.03,0.04,1,0,0.28804,-0.00945,8,225.240005
2017-01-03,2017-01-11,205.0,call,20.24,20.43,20.34,9.25,0,19,0.30755,0.98186,8,225.240005
2017-01-03,2017-01-11,205.0,put,0.02,0.03,0.03,0.04,40,1211,0.27829,-0.01046,8,225.240005
2017-01-03,2017-01-11,206.0,call,19.25,19.44,19.34,0.0,0,0,0.2978,0.97985,8,225.240005
2017-01-03,2017-01-11,206.0,put,0.03,0.04,0.04,0.04,0,97,0.26853,-0.01162,8,225.240005
2017-01-03,2017-01-11,207.0,call,18.25,18.44,18.34,0.0,0,0,0.27829,0.98095,8,225.240005
2017-01-03,2017-01-11,207.0,put,0.03,0.04,0.04,0.0,0,0,0.25877,-0.01297,8,225.240005
2017-01-03,2017-01-11,208.0,call,17.25,17.44,17.34,7.78,0,3,0.26853,0.97864,8,225.240005
2017-01-03,2017-01-11,208.0,put,0.03,0.04,0.04,0.05,45,0,0.24902,-0.01454,8,225.240005
2017-01-03,2017-01-11,209.0,call,16.26,16.44,16.35,0.0,0,0,0.25877,0.97594,8,225.240005
2017-01-03,2017-01-11,209.0,put,0.04,0.05,0.04,0.07,0,62,0.22951,-0.01309,8,225.240005
2017-01-03,2017-01-11,210.0,call,15.26,15.45,15.36,14.2,20,83,0.24902,0.97274,8,225.240005
2017-01-03,2017-01-11,210.0,put,0.04,0.05,0.04,0.05,1290,4495,0.21975,-0.01485,8,225.240005
2017-01-03,2017-01-11,211.0,call,14.26,14.46,14.36,0.0,0,0,0.23926,0.96895,8,225.240005
2017-01-03,2017-01-11,211.0,put,0.04,0.05,0.04,0.05,10,0,0.21,-0.01697,8,225.240005
2017-01-03,2017-01-11,212.0,call,13.27,13.46,13.37,0.0,0,0,0.22951,0.9644,8,225.240005
2017-01-03,2017-01-11,212.0,put,0.05,0.06,0.06,0.07,30,11,0.21,-0.02449,8,225.240005
2017-01-03,2017-01-11,213.0,call,12.27,12.47,12.37,0.0,0,0,0.21,0.96542,8,225.240005
2017-01-03,2017-01-11,213.0,put,0.05,0.06,0.06,0.08,110,60,0.19048,-0.02272,8,225.240005
2017-01-03,2017-01-11,214.0,call,11.28,11.47,11.38,0.0,0,0,0.20024,0.95964,8,225.240005
2017-01-03,2017-01-11,214.0,put,0.06,0.07,0.07,0.07,122,162,0.18073,-0.02668,8,225.240005
2017-01-03,2017-01-11,215.0,call,10.29,10.47,10.38,10.22,110,0,0.18073,0.96061,8,225.240005
2017-01-03,2017-01-11,215.0,put,0.07,0.08,0.08,0.08,232,1932,0.17097,-0.03168,8,225.240005
2017-01-03,2017-01-11,215.5,call,9.8,9.98,9.89,4.64,0,0,0.18073,0.95263,8,225.240005
2017-01-03,2017-01-11,215.5,put,0.08,0.09,0.08,0.11,12,113,0.17097,-0.0388,8,225.240005
2017-01-03,2017-01-11,216.0,call,9.31,9.5,9.41,5.05,0,0,0.18073,0.94344,8,225.240005
2017-01-03,2017-01-11,216.0,put,0.09,0.1,0.1,0.1,9,844,0.17097,-0.04714,8,225.240005
2017-01-03,2017-01-11,216.5,call,8.81,8.99,8.9,4.7,0,0,0.17097,0.94316,8,225.240005
2017-01-03,2017-01-11,216.5,put,0.09,0.1,0.1,0.13,16,774,0.16122,-0.04685,8,225.240005
2017-01-03,2017-01-11,217.0,call,8.33,8.48,8.41,8.07,302,10,0.16122,0.94289,8,225.240005
2017-01-03,2017-01-11,217.0,put,0.11,0.12,0.11,0.12,15,1714,0.15146,-0.0465,8,225.240005
2017-01-03,2017-01-11,217.5,call,7.84,8.02,7.93,4.36,0,46,0.16122,0.93097,8,225.240005
2017-01-03,2017-01-11,217.5,put,0.12,0.13,0.12,0.12,13,619,0.15146,-0.05739,8,225.240005
2017-01-03,2017-01-11,218.0,call,7.36,7.51,7.44,2.77,0,45,0.15146,0.92985,8,225.240005
2017-01-03,2017-01-11,218.0,put,0.13,0.14,0.14,0.14,130,604,0.15146,-0.07015,8,225.240005
2017-01-03,2017-01-11,218.5,call,6.88,7.05,6.96,3.8,0,15,0.15146,0.91505,8,225.240005
2017-01-03,2017-01-11,218.5,put,0.15,0.16,0.15,0.2,1001,358,0.1417,-0.07139,8,225.240005
2017-01-03,2017-01-11,219.0,call,6.4,6.57,6.49,3.5,0,314,0.1417,0.91254,8,225.240005
2017-01-03,2017-01-11,219.0,put,0.17,0.18,0.17,0.21,460,573,0.1417,-0.08746,8,225.240005
2017-01-03,2017-01-11,219.5,call,5.93,6.07,6.0,5.88,523,56,0.1417,0.89396,8,225.240005
2017-01-03,2017-01-11,219.5,put,0.2,0.21,0.21,0.22,358,641,0.13195,-0.09034,8,225.240005
2017-01-03,2017-01-11,220.0,call,5.46,5.6,5.53,5.44,21,193,0.13195,0.88918,8,225.240005
2017-01-03,2017-01-11,220.0,put,0.23,0.24,0.23,0.26,394,1267,0.13195,-0.11082,8,225.240005
2017-01-03,2017-01-11,220.5,call,5.0,5.14,5.07,4.99,68,74,0.13195,0.86563,8,225.240005
2017-01-03,2017-01-11,220.5,put,0.27,0.28,0.28,0.27,276,2152,0.13195,-0.13437,8,225.240005
2017-01-03,2017-01-11,221.0,call,4.55,4.68,4.62,3.76,116,867,0.13195,0.83891,8,225.240005
2017-01-03,2017-01-11,221.0,put,0.31,0.33,0.32,0.37,663,1315,0.12219,-0.14286,8,225.240005
2017-01-03,2017-01-11,221.5,call,4.1,4.24,4.17,3.29,95,516,0.12219,0.82706,8,225.240005
2017-01-03,2017-01-11,221.5,put,0.36,0.38,0.37,0.47,298,529,0.12219,-0.17294,8,225.240005
2017-01-03,2017-01-11,222.0,call,3.67,3.78,3.72,3.34,391,3022,0.12219,0.79332,8,225.240005
2017-01-03,2017-01-11,222.0,put,0.43,0.45,0.44,0.47,501,1876,0.12219,-0.20668,8,225.240005
2017-01-03,2017-01-11,222.5,call,3.26,3.36,3.31,3.2,151,1616,0.11244,0.77406,8,225.240005
2017-01-03,2017-01-11,222.5,put,0.5,0.52,0.51,0.52,410,1382,0.11244,-0.22594,8,225.240005
2017-01-03,2017-01-11,223.0,call,2.89,2.94,2.92,2.9,1064,2310,0.11244,0.73153,8,225.240005
2017-01-03,2017-01-11,223.0,put,0.59,0.62,0.6,0.6,336,1788,0.11244,-0.26847,8,225.240005
2017-01-03,2017-01-11,223.5,call,2.5,2.55,2.52,2.15,568,1459,0.11244,0.68542,8,225.240005
2017-01-03,2017-01-11,223.5,put,0.7,0.73,0.71,0.78,649,1035,0.10268,-0.299,8,225.240005
2017-01-03,2017-01-11,224.0,call,2.13,2.18,2.16,2.12,1697,10986,0.11244,0.63633,8,225.240005
2017-01-03,2017-01-11,224.0,put,0.83,0.86,0.84,0.85,1965,2553,0.10268,-0.35187,8,225.240005
2017-01-03,2017-01-11,224.5,call,1.78,1.83,1.81,1.78,4696,2148,0.10268,0.59235,8,225.240005
2017-01-03,2017-01-11,224.5,put,0.98,1.01,0.99,1.1,1486,1260,0.10268,-0.40765,8,225.240005
2017-01-03,2017-01-11,225.0,call,1.46,1.5,1.48,1.45,1591,1432,0.10268,0.53476,8,225.240005
2017-01-03,2017-01-11,225.0,put,1.16,1.19,1.17,1.18,2998,1546,0.10268,-0.46524,8,225.240005
2017-01-03,2017-01-11,225.5,call,1.17,1.2,1.19,1.14,1160,880,0.09292,0.4735,8,225.240005
2017-01-03,2017-01-11,225.5,put,1.37,1.41,1.39,1.43,1253,799,0.09292,-0.5265,8,225.240005
2017-01-03,2017-01-11,226.0,call,0.91,0.95,0.93,0.91,1861,1747,0.09292,0.41003,8,225.240005
2017-01-03,2017-01-11,226.0,put,1.61,1.65,1.63,1.69,1361,1440,0.09292,-0.58997,8,225.240005
2017-01-03,2017-01-11,226.5,call,0.69,0.72,0.7,0.69,2246,970,0.09292,0.34897,8,225.240005
2017-01-03,2017-01-11,226.5,put,1.88,1.93,1.9,1.96,399,1028,0.09292,-0.65103,8,225.240005
2017-01-03,2017-01-11,227.0,call,0.51,0.54,0.53,0.53,2435,974,0.09292,0.29171,8,225.240005
2017-01-03,2017-01-11,227.0,put,2.2,2.25,2.23,2.27,1125,1220,0.08317,-0.73047,8,225.240005
2017-01-03,2017-01-11,227.5,call,0.37,0.4,0.39,0.23,394,1042,0.09292,0.23937,8,225.240005
2017-01-03,2017-01-11,227.5,put,2.54,2.62,2.58,3.03,227,532,0.08317,-0.78609,8,225.240005
2017-01-03,2017-01-11,228.0,call,0.26,0.29,0.28,0.23,655,763,0.08317,0.16572,8,225.240005
2017-01-03,2017-01-11,228.0,put,2.92,3.04,2.98,3.15,261,1288,0.08317,-0.83428,8,225.240005
2017-01-03,2017-01-11,228.5,call,0.18,0.2,0.19,0.18,687,735,0.08317,0.12525,8,225.240005
2017-01-03,2017-01-11,228.5,put,3.34,3.46,3.4,3.64,105,159,0.08317,-0.87475,8,225.240005
2017-01-03,2017-01-11,229.0,call,0.13,0.14,0.14,0.13,1737,389,0.08317,0.09231,8,225.240005
2017-01-03,2017-01-11,229.0,put,3.77,3.91,3.84,4.71,73,319,0.08317,-0.90769,8,225.240005
2017-01-03,2017-01-11,229.5,call,0.09,0.1,0.1,0.1,124,380,0.08317,0.06632,8,225.240005
2017-01-03,2017-01-11,229.5,put,4.2,4.38,4.29,2.46,0,1,0.08317,-0.93368,8,225.240005
2017-01-03,2017-01-11,230.0,call,0.06,0.08,0.07,0.07,5218,4773,0.08317,0.04643,8,225.240005
2017-01-03,2017-01-11,230.0,put,4.69,4.86,4.78,5.76,10,37,0.08317,-0.95357,8,225.240005
2017-01-03,2017-01-11,230.5,call,0.05,0.06,0.06,0.04,39,440,0.09292,0.0484,8,225.240005
2017-01-03,2017-01-11,230.5,put,5.16,5.35,5.25,2.53,0,10,0.07341,-0.98236,8,225.240005
2017-01-03,2017-01-11,231.0,call,0.04,0.05,0.04,0.05,115,1526,0.09292,0.03452,8,225.240005
2017-01-03,2017-01-11,231.0,put,5.66,5.85,5.75,2.96,0,70,0.08317,-0.97897,8,225.240005
2017-01-03,2017-01-11,231.5,call,0.03,0.04,0.04,0.04,24,1916,0.10268,0.03703,8,225.240005
2017-01-03,2017-01-11,231.5,put,6.15,6.34,6.25,0.0,0,0,0.09292,-0.97588,8,225.240005
2017-01-03,2017-01-11,232.0,call,0.03,0.04,0.04,0.03,19,335,0.10268,0.02692,8,225.240005
2017-01-03,2017-01-11,232.0,put,6.66,6.84,6.75,4.13,0,260,0.09292,-0.9835,8,225.240005
2017-01-03,2017-01-11,232.5,call,0.03,0.04,0.04,0.03,0,144,0.11244,0.02946,8,225.240005
2017-01-03,2017-01-11,232.5,put,7.14,7.33,7.23,3.05,0,10,0.08317,-0.99474,8,225.240005
2017-01-03,2017-01-11,233.0,call,0.02,0.03,0.03,0.03,18,120,0.11244,0.0218,8,225.240005
2017-01-03,2017-01-11,233.0,put,7.64,7.84,7.74,4.06,0,2,0.10268,-0.98648,8,225.240005
2017-01-03,2017-01-11,233.5,call,0.02,0.03,0.03,0.03,120,87,0.12219,0.0242,8,225.240005
2017-01-03,2017-01-11,233.5,put,8.17,8.36,8.27,0.0,0,0,0.12219,-0.9758,8,225.240005
2017-01-03,2017-01-11,234.0,call,0.02,0.03,0.03,0.03,8,2960,0.12219,0.01822,8,225.240005
2017-01-03,2017-01-11,234.0,put,8.65,8.85,8.75,0.0,0,0,0.12219,-0.98178,8,225.240005
2017-01-03,2017-01-11,234.5,call,0.02,0.03,0.03,0.07,0,356,0.13195,0.02041,8,225.240005
2017-01-03,2017-01-11,234.5,put,9.13,9.34,9.23,0.0,0,0,0.10268,-0.99577,8,225.240005
2017-01-03,2017-01-11,235.0,call,0.02,0.03,0.03,0.02,15,142,0.13195,0.01561,8,225.240005
2017-01-03,2017-01-11,235.0,put,9.65,9.86,9.75,0.0,0,0,0.13195,-0.98439,8,225.240005
2017-01-03,2017-01-11,235.5,call,0.02,0.03,0.03,0.02,0,24,0.1417,0.01761,8,225.240005
2017-01-03,2017-01-11,235.5,put,10.15,10.36,10.25,0.0,0,0,0.1417,-0.98239,8,225.240005
2017-01-03,2017-01-11,236.0,call,0.01,0.02,0.01,0.02,60,209,0.13195,0.00885,8,225.240005
2017-01-03,2017-01-11,236.0,put,10.64,10.85,10.75,0.0,0,0,0.1417,-0.98634,8,225.240005
2017-01-03,2017-01-11,236.5,call,0.01,0.02,0.01,0.04,0,5,0.13195,0.00657,8,225.240005
2017-01-03,2017-01-11,236.5,put,11.14,11.34,11.24,0.0,0,0,0.1417,-0.9895,8,225.240005
2017-01-03,2017-01-11,237.0,call,0.01,0.02,0.01,0.01,0,12,0.1417,0.00801,8,225.240005
2017-01-03,2017-01-11,237.0,put,11.64,11.84,11.74,0.0,0,0,0.1417,-0.99199,8,225.240005
2017-01-03,2017-01-11,237.5,call,0.01,0.02,0.01,0.0,0,0,0.1417,0.00605,8,225.240005
2017-01-03,2017-01-11,237.5,put,12.13,12.34,12.23,0.0,0,0,0.13195,-0.99649,8,225.240005
2017-01-03,2017-01-11,238.0,call,0.01,0.02,0.01,0.0,0,0,0.15146,0.00735,8,225.240005
2017-01-03,2017-01-11,238.0,put,12.63,12.84,12.73,0.0,0,0,0.13195,-0.99747,8,225.240005
2017-01-03,2017-01-11,238.5,call,0.01,0.02,0.01,0.0,0,0,0.15146,0.00565,8,225.240005
2017-01-03,2017-01-11,238.5,put,13.14,13.35,13.25,0.0,0,0,0.17097,-0.98751,8,225.240005
2017-01-03,2017-01-11,239.0,call,0.01,0.02,0.01,0.0,0,0,0.16122,0.00682,8,225.240005
2017-01-03,2017-01-11,239.0,put,13.64,13.85,13.75,6.42,0,0,0.18073,-0.986,8,225.240005
2017-01-03,2017-01-11,239.5,call,0.01,0.02,0.01,0.01,396,0,0.16122,0.00532,8,225.240005
2017-01-03,2017-01-11,239.5,put,14.13,14.34,14.23,6.53,0,0,0.15146,-0.99674,8,225.240005
2017-01-03,2017-01-11,240.0,call,0.01,0.02,0.01,0.01,5,4,0.17097,0.0064,8,225.240005
2017-01-03,2017-01-11,240.0,put,14.63,14.84,14.73,7.52,0,1,0.15146,-0.99755,8,225.240005
2017-01-03,2017-01-11,240.5,call,0.01,0.02,0.01,0.0,0,0,0.17097,0.00506,8,225.240005
2017-01-03,2017-01-11,240.5,put,15.13,15.34,15.23,7.04,0,0,0.16122,-0.99682,8,225.240005
2017-01-03,2017-01-11,241.0,call,0.01,0.02,0.01,0.02,0,242,0.18073,0.00606,8,225.240005
2017-01-03,2017-01-11,241.0,put,15.64,15.85,15.75,7.76,0,137,0.20024,-0.98814,8,225.240005
2017-01-03,2017-01-11,241.5,call,0.01,0.02,0.01,0.01,99,0,0.18073,0.00485,8,225.240005
2017-01-03,2017-01-11,241.5,put,16.14,16.35,16.25,8.2,0,0,0.20024,-0.99014,8,225.240005
2017-01-03,2017-01-11,242.0,put,16.65,16.86,16.75,8.36,0,1,0.21,-0.98894,8,225.240005
2017-01-03,2017-01-11,242.5,put,17.15,17.36,17.25,8.68,0,26,0.21,-0.99073,8,225.240005
2017-01-03,2017-01-11,243.0,put,17.64,17.84,17.74,8.41,0,54,0.21,-0.99226,8,225.240005
2017-01-03,2017-01-11,243.5,put,18.15,18.36,18.25,8.67,0,45,0.21975,-0.99123,8,225.240005
2017-01-03,2017-01-11,244.0,put,18.63,18.84,18.73,9.44,0,14,0.19048,-0.99758,8,225.240005
2017-01-03,2017-01-11,244.5,put,19.14,19.35,19.25,9.71,0,45,0.23926,-0.98912,8,225.240005
2017-01-03,2017-01-11,245.0,put,19.64,19.85,19.75,9.98,0,38,0.23926,-0.99067,8,225.240005
2017-01-03,2017-01-13,195.0,call,30.24,30.45,30.34,0.0,0,0,0.39536,0.98741,10,225.240005
2017-01-03,2017-01-13,195.0,put,0.01,0.02,0.01,0.02,715,729,0.31731,-0.00276,10,225.240005
2017-01-03,2017-01-13,197.0,call,28.24,28.45,28.34,0.0,0,0,0.36609,0.98759,10,225.240005
2017-01-03,2017-01-13,197.0,put,0.02,0.03,0.03,0.03,301,1587,0.33682,-0.00747,10,225.240005
2017-01-03,2017-01-13,197.5,call,27.74,27.96,27.85,14.24,0,0,0.37584,0.98409,10,225.240005
2017-01-03,2017-01-13,197.5,put,0.02,0.03,0.03,0.03,760,289,0.32707,-0.00698,10,225.240005
2017-01-03,2017-01-13,198.0,call,27.24,27.46,27.35,11.7,0,0,0.36609,0.98463,10,225.240005
2017-01-03,2017-01-13,198.0,put,0.02,0.03,0.03,0.03,691,614,0.32707,-0.00795,10,225.240005
2017-01-03,2017-01-13,198.5,call,26.74,26.96,26.85,0.0,0,0,0.35633,0.98519,10,225.240005
2017-01-03,2017-01-13,198.5,put,0.02,0.03,0.03,0.04,456,611,0.31731,-0.00743,10,225.240005
2017-01-03,2017-01-13,199.0,call,26.25,26.46,26.36,13.74,0,6,0.35633,0.98352,10,225.240005
2017-01-03,2017-01-13,199.0,put,0.02,0.03,0.03,0.04,1113,494,0.31731,-0.00847,10,225.240005
2017-01-03,2017-01-13,199.5,call,25.75,25.96,25.86,10.92,0,0,0.35633,0.98169,10,225.240005
2017-01-03,2017-01-13,199.5,put,0.02,0.03,0.03,0.04,138,63,0.30755,-0.00791,10,225.240005
2017-01-03,2017-01-13,200.0,call,25.25,25.46,25.36,13.41,0,5,0.34658,0.98229,10,225.240005
2017-01-03,2017-01-13,200.0,put,0.02,0.03,0.03,0.03,1891,512,0.2978,-0.00735,10,225.240005
2017-01-03,2017-01-13,202.5,call,22.76,22.95,22.86,9.47,0,0,0.31731,0.98011,10,225.240005
2017-01-03,2017-01-13,202.5,put,0.03,0.04,0.04,0.05,0,651,0.28804,-0.01191,10,225.240005
2017-01-03,2017-01-13,205.0,call,20.27,20.46,20.37,8.23,0,0,0.28804,0.97739,10,225.240005
2017-01-03,2017-01-13,205.0,put,0.04,0.05,0.04,0.05,469,1504,0.25877,-0.01308,10,225.240005
2017-01-03,2017-01-13,205.5,call,19.77,19.96,19.87,7.77,0,0,0.27829,0.97821,10,225.240005
2017-01-03,2017-01-13,205.5,put,0.04,0.05,0.04,0.06,290,347,0.24902,-0.01222,10,225.240005
2017-01-03,2017-01-13,206.0,call,19.27,19.46,19.37,18.34,10,0,0.27829,0.97532,10,225.240005
2017-01-03,2017-01-13,206.0,put,0.04,0.05,0.04,0.06,1,735,0.23926,-0.01133,10,225.240005
2017-01-03,2017-01-13,206.5,call,18.78,18.97,18.88,7.3,0,0,0.27829,0.97211,10,225.240005
2017-01-03,2017-01-13,206.5,put,0.04,0.05,0.04,0.06,147,3691,0.23926,-0.01328,10,225.240005
2017-01-03,2017-01-13,207.0,call,18.28,18.46,18.37,9.95,0,5,0.25877,0.9771,10,225.240005
2017-01-03,2017-01-13,207.0,put,0.05,0.06,0.06,0.05,10,1291,0.24902,-0.01905,10,225.240005
2017-01-03,2017-01-13,207.5,call,17.78,17.97,17.88,0.0,0,0,0.25877,0.97386,10,225.240005
2017-01-03,2017-01-13,207.5,put,0.05,0.06,0.06,0.06,258,1936,0.23926,-0.01805,10,225.240005
2017-01-03,2017-01-13,208.0,call,17.28,17.47,17.38,8.01,0,0,0.25877,0.97026,10,225.240005
2017-01-03,2017-01-13,208.0,put,0.05,0.06,0.06,0.08,126,862,0.22951,-0.01701,10,225.240005
2017-01-03,2017-01-13,208.5,call,16.78,16.98,16.88,0.0,0,0,0.24902,0.97119,10,225.240005
2017-01-03,2017-01-13,208.5,put,0.05,0.06,0.06,0.08,136,326,0.22951,-0.01986,10,225.240005
2017-01-03,2017-01-13,209.0,call,16.29,16.47,16.38,9.15,0,0,0.23926,0.97219,10,225.240005
2017-01-03,2017-01-13,209.0,put,0.06,0.07,0.07,0.08,1667,556,0.22951,-0.0231,10,225.240005
2017-01-03,2017-01-13,209.5,call,15.79,15.97,15.88,0.0,0,0,0.23926,0.9681,10,225.240005
2017-01-03,2017-01-13,209.5,put,0.06,0.07,0.07,0.09,162,598,0.21975,-0.02196,10,225.240005
2017-01-03,2017-01-13,210.0,call,15.29,15.49,15.39,14.43,191,0,0.22951,0.96912,10,225.240005
2017-01-03,2017-01-13,210.0,put,0.06,0.07,0.07,0.08,52,615,0.21,-0.02077,10,225.240005
2017-01-03,2017-01-13,210.5,call,14.8,14.99,14.89,5.39,0,0,0.22951,0.96449,10,225.240005
2017-01-03,2017-01-13,210.5,put,0.07,0.08,0.08,0.09,200,58,0.21,-0.02443,10,225.240005
2017-01-03,2017-01-13,211.0,call,14.3,14.48,14.39,8.15,0,0,0.21975,0.96552,10,225.240005
2017-01-03,2017-01-13,211.0,put,0.07,0.08,0.08,0.08,2549,249,0.21,-0.02862,10,225.240005
2017-01-03,2017-01-13,211.5,call,13.8,14.0,13.9,5.4,0,0,0.21975,0.96025,10,225.240005
2017-01-03,2017-01-13,211.5,put,0.07,0.08,0.08,0.1,179,694,0.20024,-0.02736,10,225.240005
2017-01-03,2017-01-13,212.0,call,13.31,13.49,13.4,6.86,0,1,0.21,0.96126,10,225.240005
2017-01-03,2017-01-13,212.0,put,0.08,0.09,0.08,0.1,198,2646,0.19048,-0.02601,10,225.240005
2017-01-03,2017-01-13,212.5,call,12.82,12.99,12.91,6.23,0,23,0.21,0.95522,10,225.240005
2017-01-03,2017-01-13,212.5,put,0.08,0.09,0.08,0.11,11,421,0.19048,-0.03087,10,225.240005
2017-01-03,2017-01-13,213.0,call,12.32,12.5,12.41,11.51,24,114,0.20024,0.95617,10,225.240005
2017-01-03,2017-01-13,213.0,put,0.09,0.1,0.1,0.11,963,1389,0.19048,-0.03643,10,225.240005
2017-01-03,2017-01-13,213.5,call,11.83,12.01,11.92,11.02,24,26,0.19048,0.95722,10,225.240005
2017-01-03,2017-01-13,213.5,put,0.09,0.1,0.1,0.12,807,2330,0.18073,-0.03511,10,225.240005
2017-01-03,2017-01-13,214.0,call,11.33,11.51,11.42,10.51,23,0,0.19048,0.95003,10,225.240005
2017-01-03,2017-01-13,214.0,put,0.1,0.11,0.11,0.13,1118,4551,0.18073,-0.04162,10,225.240005
2017-01-03,2017-01-13,214.5,call,10.84,11.01,10.93,10.04,101,0,0.18073,0.95096,10,225.240005
2017-01-03,2017-01-13,214.5,put,0.11,0.12,0.11,0.12,40,211,0.17097,-0.04032,10,225.240005
2017-01-03,2017-01-13,215.0,call,10.35,10.52,10.43,9.56,91,8,0.18073,0.94253,10,225.240005
2017-01-03,2017-01-13,215.0,put,0.12,0.13,0.12,0.16,1567,1020,0.17097,-0.04799,10,225.240005
2017-01-03,2017-01-13,215.5,call,9.87,10.03,9.95,9.08,51,0,0.17097,0.94324,10,225.240005
2017-01-03,2017-01-13,215.5,put,0.13,0.14,0.14,0.18,259,741,0.17097,-0.05676,10,225.240005
2017-01-03,2017-01-13,216.0,call,9.38,9.54,9.46,8.59,94,81,0.17097,0.93329,10,225.240005
2017-01-03,2017-01-13,216.0,put,0.15,0.16,0.15,0.18,424,2215,0.16122,-0.05593,10,225.240005
2017-01-03,2017-01-13,216.5,call,8.9,9.06,8.98,8.12,16,64,0.16122,0.93361,10,225.240005
2017-01-03,2017-01-13,216.5,put,0.16,0.17,0.17,0.22,205,548,0.16122,-0.06639,10,225.240005
2017-01-03,2017-01-13,217.0,call,8.42,8.58,8.5,7.62,67,11,0.16122,0.92173,10,225.240005
2017-01-03,2017-01-13,217.0,put,0.18,0.19,0.18,0.21,2084,814,0.15146,-0.06599,10,225.240005
2017-01-03,2017-01-13,217.5,call,7.94,8.11,8.03,4.03,0,29,0.16122,0.90833,10,225.240005
2017-01-03,2017-01-13,217.5,put,0.2,0.21,0.21,0.26,25,4401,0.15146,-0.0786,10,225.240005
2017-01-03,2017-01-13,218.0,call,7.46,7.63,7.54,6.69,10,150,0.15146,0.90708,10,225.240005
2017-01-03,2017-01-13,218.0,put,0.23,0.24,0.23,0.25,346,3280,0.15146,-0.09292,10,225.240005
2017-01-03,2017-01-13,218.5,call,6.99,7.16,7.08,2.7,0,25,0.15146,0.89095,10,225.240005
2017-01-03,2017-01-13,218.5,put,0.25,0.27,0.26,0.32,171,1554,0.1417,-0.0943,10,225.240005
2017-01-03,2017-01-13,219.0,call,6.53,6.69,6.61,5.84,81,387,0.15146,0.87294,10,225.240005
2017-01-03,2017-01-13,219.0,put,0.28,0.3,0.29,0.3,492,4040,0.1417,-0.11175,10,225.240005
2017-01-03,2017-01-13,219.5,call,6.07,6.22,6.14,2.4,0,103,0.1417,0.86865,10,225.240005
2017-01-03,2017-01-13,219.5,put,0.32,0.34,0.33,0.36,191,3113,0.1417,-0.13135,10,225.240005
2017-01-03,2017-01-13,220.0,call,5.62,5.76,5.69,5.68,58,3395,0.1417,0.84685,10,225.240005
2017-01-03,2017-01-13,220.0,put,0.37,0.38,0.38,0.38,915,6964,0.13195,-0.13633,10,225.240005
2017-01-03,2017-01-13,220.5,call,5.17,5.31,5.24,2.04,0,850,0.13195,0.83965,10,225.240005
2017-01-03,2017-01-13,220.5,put,0.42,0.43,0.42,0.57,306,607,0.13195,-0.16035,10,225.240005
2017-01-03,2017-01-13,221.0,call,4.72,4.86,4.79,4.27,126,1110,0.13195,0.81309,10,225.240005
2017-01-03,2017-01-13,221.0,put,0.47,0.49,0.48,0.5,954,1219,0.13195,-0.18691,10,225.240005
2017-01-03,2017-01-13,221.5,call,4.29,4.41,4.35,3.78,626,683,0.13195,0.78402,10,225.240005
2017-01-03,2017-01-13,221.5,put,0.54,0.55,0.55,0.57,836,1279,0.12219,-0.19852,10,225.240005
2017-01-03,2017-01-13,222.0,call,3.88,3.99,3.94,3.82,816,1810,0.12219,0.76896,10,225.240005
2017-01-03,2017-01-13,222.0,put,0.62,0.63,0.62,0.63,3634,4908,0.12219,-0.23104,10,225.240005
2017-01-03,2017-01-13,222.5,call,3.51,3.57,3.54,3.55,1290,745,0.12219,0.73375,10,225.240005
2017-01-03,2017-01-13,222.5,put,0.71,0.72,0.71,0.83,1776,2934,0.12219,-0.26625,10,225.240005
2017-01-03,2017-01-13,223.0,call,3.12,3.17,3.15,3.06,1965,1619,0.12219,0.6961,10,225.240005
2017-01-03,2017-01-13,223.0,put,0.81,0.83,0.82,0.89,2805,5757,0.11244,-0.28908,10,225.240005
2017-01-03,2017-01-13,223.5,call,2.74,2.78,2.76,2.39,2692,1420,0.11244,0.66848,10,225.240005
2017-01-03,2017-01-13,223.5,put,0.93,0.95,0.94,1.0,2499,2117,0.11244,-0.33152,10,225.240005
2017-01-03,2017-01-13,224.0,call,2.38,2.41,2.4,2.39,2759,12722,0.11244,0.62387,10,225.240005
2017-01-03,2017-01-13,224.0,put,1.06,1.07,1.06,1.08,5994,6643,0.11244,-0.37613,10,225.240005
2017-01-03,2017-01-13,224.5,call,2.04,2.07,2.05,2.03,5380,3859,0.11244,0.57763,10,225.240005
2017-01-03,2017-01-13,224.5,put,1.21,1.24,1.23,1.29,1538,1572,0.10268,-0.41576,10,225.240005
2017-01-03,2017-01-13,225.0,call,1.72,1.75,1.73,1.74,4178,6511,0.10268,0.53262,10,225.240005
2017-01-03,2017-01-13,225.0,put,1.39,1.42,1.4,1.45,5114,4750,0.10268,-0.46738,10,225.240005
2017-01-03,2017-01-13,225.5,call,1.42,1.45,1.44,1.35,1808,3449,0.10268,0.48056,10,225.240005
2017-01-03,2017-01-13,225.5,put,1.6,1.63,1.61,1.67,1090,861,0.10268,-0.51944,10,225.240005
2017-01-03,2017-01-13,226.0,call,1.16,1.18,1.17,1.16,4873,3946,0.10268,0.42895,10,225.240005
2017-01-03,2017-01-13,226.0,put,1.83,1.86,1.85,1.9,1330,2441,0.10268,-0.57105,10,225.240005
2017-01-03,2017-01-13,226.5,call,0.92,0.94,0.93,0.95,1473,2172,0.10268,0.37863,10,225.240005
2017-01-03,2017-01-13,226.5,put,2.09,2.13,2.11,2.13,700,914,0.09292,-0.63429,10,225.240005
2017-01-03,2017-01-13,227.0,call,0.72,0.74,0.73,0.72,3329,2744,0.09292,0.31327,10,225.240005
2017-01-03,2017-01-13,227.0,put,2.38,2.43,2.41,2.43,651,1933,0.09292,-0.68673,10,225.240005
2017-01-03,2017-01-13,227.5,call,0.54,0.57,0.55,0.54,1037,1730,0.09292,0.26446,10,225.240005
2017-01-03,2017-01-13,227.5,put,2.7,2.77,2.74,2.6,181,1505,0.09292,-0.73554,10,225.240005
2017-01-03,2017-01-13,228.0,call,0.41,0.43,0.42,0.4,1862,4190,0.09292,0.21994,10,225.240005
2017-01-03,2017-01-13,228.0,put,3.06,3.16,3.11,3.21,208,718,0.09292,-0.78006,10,225.240005
2017-01-03,2017-01-13,228.5,call,0.3,0.32,0.31,0.28,2031,13310,0.09292,0.18015,10,225.240005
2017-01-03,2017-01-13,228.5,put,3.44,3.55,3.5,4.48,27,413,0.08317,-0.84704,10,225.240005
2017-01-03,2017-01-13,229.0,call,0.21,0.23,0.22,0.2,6382,1383,0.09292,0.14528,10,225.240005
2017-01-03,2017-01-13,229.0,put,3.86,3.98,3.92,4.61,2,1067,0.08317,-0.88152,10,225.240005
2017-01-03,2017-01-13,229.5,call,0.16,0.17,0.17,0.15,414,1675,0.09292,0.11532,10,225.240005
2017-01-03,2017-01-13,229.5,put,4.29,4.43,4.36,3.26,0,419,0.08317,-0.91004,10,225.240005
2017-01-03,2017-01-13,230.0,call,0.12,0.13,0.12,0.12,1484,6274,0.09292,0.09009,10,225.240005
2017-01-03,2017-01-13,230.0,put,4.79,4.89,4.84,5.87,166,488,0.09292,-0.90991,10,225.240005
2017-01-03,2017-01-13,230.5,call,0.09,0.1,0.1,0.09,380,843,0.09292,0.06925,10,225.240005
2017-01-03,2017-01-13,230.5,put,5.19,5.37,5.28,3.59,0,88,0.08317,-0.95123,10,225.240005
2017-01-03,2017-01-13,231.0,call,0.07,0.08,0.08,0.07,2449,1848,0.09292,0.05237,10,225.240005
2017-01-03,2017-01-13,231.0,put,5.68,5.85,5.76,5.71,188,316,0.08317,-0.96518,10,225.240005
2017-01-03,2017-01-13,231.5,call,0.05,0.06,0.06,0.05,1014,2988,0.09292,0.03896,10,225.240005
2017-01-03,2017-01-13,231.5,put,6.16,6.34,6.25,4.07,0,50,0.08317,-0.97566,10,225.240005
2017-01-03,2017-01-13,232.0,call,0.04,0.05,0.04,0.04,39,5496,0.09292,0.02851,10,225.240005
2017-01-03,2017-01-13,232.0,put,6.65,6.84,6.75,3.82,0,99,0.09292,-0.97149,10,225.240005
2017-01-03,2017-01-13,232.5,call,0.04,0.05,0.04,0.05,60,462,0.10268,0.03234,10,225.240005
2017-01-03,2017-01-13,232.5,put,7.15,7.34,7.25,4.35,0,104,0.09292,-0.97948,10,225.240005
2017-01-03,2017-01-13,233.0,call,0.03,0.04,0.04,0.04,25,879,0.10268,0.0242,10,225.240005
2017-01-03,2017-01-13,233.0,put,7.64,7.83,7.73,4.58,0,7,0.09292,-0.98547,10,225.240005
2017-01-03,2017-01-13,233.5,call,0.03,0.04,0.04,0.04,40,2441,0.11244,0.02767,10,225.240005
2017-01-03,2017-01-13,233.5,put,8.15,8.33,8.24,6.47,0,180,0.10268,-0.98213,10,225.240005
2017-01-03,2017-01-13,234.0,call,0.03,0.04,0.04,0.03,1,610,0.11244,0.02112,10,225.240005
2017-01-03,2017-01-13,234.0,put,8.67,8.84,8.75,4.23,0,0,0.11244,-0.97888,10,225.240005
2017-01-03,2017-01-13,234.5,call,0.03,0.04,0.04,0.04,0,20516,0.12219,0.02425,10,225.240005
2017-01-03,2017-01-13,234.5,put,9.13,9.34,9.23,4.73,0,0,0.10268,-0.99065,10,225.240005
2017-01-03,2017-01-13,235.0,call,0.02,0.03,0.03,0.03,15,1291,0.12219,0.01884,10,225.240005
2017-01-03,2017-01-13,235.0,put,9.65,9.86,9.75,4.75,0,0,0.12219,-0.98116,10,225.240005
2017-01-03,2017-01-13,235.5,call,0.02,0.03,0.03,0.02,0,22917,0.12219,0.01451,10,225.240005
2017-01-03,2017-01-13,235.5,put,10.15,10.36,10.25,7.46,0,0,0.13195,-0.97833,10,225.240005
2017-01-03,2017-01-13,236.0,call,0.02,0.03,0.03,0.01,0,2423,0.13195,0.01711,10,225.240005
2017-01-03,2017-01-13,236.0,put,10.63,10.84,10.73,0.0,0,0,0.12219,-0.98894,10,225.240005
2017-01-03,2017-01-13,236.5,call,0.02,0.03,0.03,0.02,594,2139,0.1417,0.01968,10,225.240005
2017-01-03,2017-01-13,236.5,put,11.15,11.36,11.25,7.95,0,0,0.1417,-0.98032,10,225.240005
2017-01-03,2017-01-13,237.0,call,0.02,0.03,0.03,0.04,0,900,0.1417,0.01576,10,225.240005
2017-01-03,2017-01-13,237.0,put,11.64,11.85,11.75,8.19,0,0,0.1417,-0.98424,10,225.240005
2017-01-03,2017-01-13,237.5,call,0.02,0.03,0.03,0.01,3,2004,0.15146,0.01811,10,225.240005
2017-01-03,2017-01-13,237.5,put,12.15,12.36,12.25,5.67,0,2,0.15146,-0.98189,10,225.240005
2017-01-03,2017-01-13,238.0,call,0.02,0.03,0.03,0.02,10,145,0.15146,0.01469,10,225.240005
2017-01-03,2017-01-13,238.0,put,12.64,12.84,12.74,7.23,0,1,0.15146,-0.98531,10,225.240005
2017-01-03,2017-01-13,238.5,call,0.01,0.02,0.01,0.02,0,2524,0.1417,0.00777,10,225.240005
2017-01-03,2017-01-13,238.5,put,13.13,13.34,13.23,6.05,0,1,0.1417,-0.99223,10,225.240005
2017-01-03,2017-01-13,239.0,call,0.01,0.02,0.01,0.01,0,412,0.1417,0.00606,10,225.240005
2017-01-03,2017-01-13,239.0,put,13.63,13.84,13.73,6.4,0,1,0.1417,-0.99394,10,225.240005
2017-01-03,2017-01-13,239.5,call,0.01,0.02,0.01,0.01,200,78,0.1417,0.00469,10,225.240005
2017-01-03,2017-01-13,239.5,put,14.13,14.34,14.23,6.65,0,46,0.15146,-0.99243,10,225.240005
2017-01-03,2017-01-13,240.0,call,0.01,0.02,0.01,0.01,1,195,0.15146,0.006,10,225.240005
2017-01-03,2017-01-13,240.0,put,14.64,14.84,14.74,8.12,0,102,0.17097,-0.98687,10,225.240005
2017-01-03,2017-01-13,242.5,call,0.01,0.02,0.01,0.01,200,61,0.17097,0.00482,10,225.240005
2017-01-03,2017-01-13,242.5,put,17.13,17.34,17.23,8.74,0,360,0.18073,-0.9928,10,225.240005
2017-01-03,2017-01-13,245.0,put,19.63,19.84,19.73,10.0,0,355,0.20024,-0.99405,10,225.240005
2017-01-03,2017-01-13,247.5,put,22.13,22.34,22.23,11.08,0,404,0.21975,-0.99488,10,225.240005
2017-01-03,2017-01-13,250.0,put,24.63,24.84,24.73,12.5,0,295,0.24902,-0.99388,10,225.240005
2017-01-03,2017-01-13,252.5,put,27.14,27.35,27.25,14.15,0,532,0.28804,-0.99107,10,225.240005
2017-01-03,2017-01-13,255.0,put,29.64,29.85,29.75,14.44,0,405,0.31731,-0.99018,10,225.240005
2017-01-03,2017-01-13,257.5,put,32.15,32.34,32.25,17.15,0,508,0.33682,-0.9911,10,225.240005
2017-01-03,2017-01-13,260.0,put,34.64,34.84,34.74,16.87,0,462,0.34658,-0.99324,10,225.240005
2017-01-03,2017-01-13,262.5,put,37.14,37.35,37.25,18.13,0,369,0.37584,-0.99238,10,225.240005
2017-01-03,2017-01-13,265.0,put,39.64,39.85,39.75,19.36,0,252,0.40511,-0.99153,10,225.240005
2017-01-03,2017-01-13,267.5,put,42.13,42.34,42.23,20.6,0,23,0.3856,-0.99609,10,225.240005
2017-01-03,2017-01-13,270.0,put,44.63,44.84,44.73,21.72,0,131,0.40511,-0.99617,10,225.240005
2017-01-03,2017-01-13,272.5,put,47.14,47.35,47.25,23.04,0,37,0.46365,-0.99268,10,225.240005
2017-01-03,2017-01-18,195.0,call,30.27,30.48,30.38,0.0,0,0,0.33682,0.9842,15,225.240005
2017-01-03,2017-01-18,195.0,put,0.02,0.03,0.03,0.02,3,264,0.28804,-0.00616,15,225.240005
2017-01-03,2017-01-18,200.0,call,25.3,25.49,25.39,13.45,0,9,0.28804,0.98074,15,225.240005
2017-01-03,2017-01-18,200.0,put,0.04,0.05,0.04,0.05,1,411,0.25877,-0.01081,15,225.240005
2017-01-03,2017-01-18,205.0,call,20.32,20.5,20.41,0.0,0,0,0.23926,0.97564,15,225.240005
2017-01-03,2017-01-18,205.0,put,0.06,0.07,0.07,0.07,20,191,0.22951,-0.02004,15,225.240005
2017-01-03,2017-01-18,210.0,call,15.36,15.54,15.45,7.33,0,3,0.20024,0.96019,15,225.240005
2017-01-03,2017-01-18,210.0,put,0.1,0.11,0.11,0.13,4,2018,0.19048,-0.03284,15,225.240005
2017-01-03,2017-01-18,215.0,call,10.47,10.64,10.55,10.13,1,20,0.16122,0.92624,15,225.240005
2017-01-03,2017-01-18,215.0,put,0.2,0.21,0.21,0.24,209,583,0.15146,-0.06183,15,225.240005
2017-01-03,2017-01-18,215.5,call,9.98,10.16,10.07,4.19,0,15,0.16122,0.91578,15,225.240005
2017-01-03,2017-01-18,215.5,put,0.22,0.23,0.23,0.29,0,207,0.15146,-0.07161,15,225.240005
2017-01-03,2017-01-18,216.0,call,9.51,9.68,9.59,5.64,0,0,0.15146,0.9175,15,225.240005
2017-01-03,2017-01-18,216.0,put,0.24,0.25,0.24,0.27,26,694,0.15146,-0.0825,15,225.240005
2017-01-03,2017-01-18,216.5,call,9.03,9.2,9.11,0.0,0,0,0.15146,0.90543,15,225.240005
2017-01-03,2017-01-18,216.5,put,0.26,0.28,0.27,0.37,0,4,0.1417,-0.08053,15,225.240005
2017-01-03,2017-01-18,217.0,call,8.56,8.73,8.64,3.71,0,60,0.15146,0.89214,15,225.240005
2017-01-03,2017-01-18,217.0,put,0.29,0.31,0.3,0.43,161,597,0.1417,-0.09322,15,225.240005
2017-01-03,2017-01-18,217.5,call,8.09,8.26,8.18,0.0,0,0,0.15146,0.87759,15,225.240005
2017-01-03,2017-01-18,217.5,put,0.32,0.34,0.33,0.37,6,330,0.1417,-0.10729,15,225.240005
2017-01-03,2017-01-18,218.0,call,7.63,7.79,7.71,3.25,0,471,0.1417,0.87721,15,225.240005
2017-01-03,2017-01-18,218.0,put,0.35,0.37,0.36,0.51,256,507,0.1417,-0.12279,15,225.240005
2017-01-03,2017-01-18,218.5,call,7.17,7.33,7.25,4.31,0,70,0.1417,0.86024,15,225.240005
2017-01-03,2017-01-18,218.5,put,0.39,0.41,0.4,0.51,1,45,0.13195,-0.12317,15,225.240005
2017-01-03,2017-01-18,219.0,call,6.71,6.86,6.79,2.74,0,2461,0.13195,0.85855,15,225.240005
2017-01-03,2017-01-18,219.0,put,0.43,0.46,0.45,0.62,215,562,0.13195,-0.14145,15,225.240005
2017-01-03,2017-01-18,219.5,call,6.26,6.42,6.34,2.95,0,68,0.13195,0.83857,15,225.240005
2017-01-03,2017-01-18,219.5,put,0.48,0.51,0.49,0.67,21,322,0.13195,-0.16143,15,225.240005
2017-01-03,2017-01-18,220.0,call,5.82,5.97,5.89,5.9,14,742,0.13195,0.81687,15,225.240005
2017-01-03,2017-01-18,220.0,put,0.54,0.57,0.55,0.61,552,840,0.12219,-0.16513,15,225.240005
2017-01-03,2017-01-18,220.5,call,5.38,5.53,5.46,3.29,0,0,0.13195,0.79351,15,225.240005
2017-01-03,2017-01-18,220.5,put,0.6,0.63,0.61,0.71,34,1395,0.12219,-0.1889,15,225.240005
2017-01-03,2017-01-18,221.0,call,4.96,5.1,5.03,2.28,0,38,0.12219,0.78539,15,225.240005
2017-01-03,2017-01-18,221.0,put,0.67,0.7,0.69,0.76,119,330,0.12219,-0.21461,15,225.240005
2017-01-03,2017-01-18,221.5,call,4.55,4.67,4.61,4.11,1,818,0.12219,0.75781,15,225.240005
2017-01-03,2017-01-18,221.5,put,0.75,0.78,0.77,1.0,100,630,0.12219,-0.24219,15,225.240005
2017-01-03,2017-01-18,222.0,call,4.18,4.25,4.21,3.58,14,272,0.12219,0.72849,15,225.240005
2017-01-03,2017-01-18,222.0,put,0.84,0.87,0.85,0.88,1692,1888,0.11244,-0.25496,15,225.240005
2017-01-03,2017-01-18,222.5,call,3.79,3.84,3.81,3.33,91,126,0.11244,0.71235,15,225.240005
2017-01-03,2017-01-18,222.5,put,0.94,0.97,0.95,1.05,404,1120,0.11244,-0.28765,15,225.240005
2017-01-03,2017-01-18,223.0,call,3.4,3.46,3.43,2.75,241,662,0.11244,0.67788,15,225.240005
2017-01-03,2017-01-18,223.0,put,1.05,1.08,1.06,1.5,393,1518,0.11244,-0.32212,15,225.240005
2017-01-03,2017-01-18,223.5,call,3.02,3.08,3.05,2.33,208,359,0.11244,0.6419,15,225.240005
2017-01-03,2017-01-18,223.5,put,1.18,1.21,1.19,1.64,115,740,0.11244,-0.3581,15,225.240005
2017-01-03,2017-01-18,224.0,call,2.67,2.72,2.7,2.54,143,571,0.11244,0.60469,15,225.240005
2017-01-03,2017-01-18,224.0,put,1.32,1.35,1.33,1.37,502,2173,0.10268,-0.38643,15,225.240005
2017-01-03,2017-01-18,224.5,call,2.33,2.38,2.35,1.92,204,2935,0.10268,0.57203,15,225.240005
2017-01-03,2017-01-18,224.5,put,1.48,1.52,1.5,1.69,71,1980,0.10268,-0.42797,15,225.240005
2017-01-03,2017-01-18,225.0,call,2.01,2.05,2.03,1.92,744,889,0.10268,0.52976,15,225.240005
2017-01-03,2017-01-18,225.0,put,1.66,1.7,1.68,1.75,346,1338,0.10268,-0.47024,15,225.240005
2017-01-03,2017-01-18,225.5,call,1.71,1.75,1.73,1.75,253,981,0.10268,0.48724,15,225.240005
2017-01-03,2017-01-18,225.5,put,1.86,1.9,1.88,1.99,185,1320,0.09292,-0.51493,15,225.240005
2017-01-03,2017-01-18,226.0,call,1.44,1.48,1.46,1.43,271,638,0.10268,0.44497,15,225.240005
2017-01-03,2017-01-18,226.0,put,2.09,2.13,2.11,2.25,759,1387,0.09292,-0.56159,15,225.240005
2017-01-03,2017-01-18,226.5,call,1.19,1.22,1.21,0.92,33,1449,0.09292,0.39269,15,225.240005
2017-01-03,2017-01-18,226.5,put,2.33,2.39,2.36,2.75,26,1218,0.09292,-0.60731,15,225.240005
2017-01-03,2017-01-18,227.0,call,0.97,1.0,0.98,0.91,87,2850,0.09292,0.3485,15,225.240005
2017-01-03,2017-01-18,227.0,put,2.61,2.67,2.64,2.74,71,2573,0.09292,-0.6515,15,225.240005
2017-01-03,2017-01-18,227.5,call,0.78,0.81,0.8,0.65,399,383,0.09292,0.30637,15,225.240005
2017-01-03,2017-01-18,227.5,put,2.92,2.98,2.95,3.11,5,1609,0.09292,-0.69363,15,225.240005
2017-01-03,2017-01-18,228.0,call,0.61,0.64,0.62,0.57,339,956,0.09292,0.26674,15,225.240005
2017-01-03,2017-01-18,228.0,put,3.26,3.32,3.29,4.12,2,613,0.08317,-0.75736,15,225.240005
2017-01-03,2017-01-18,228.5,call,0.48,0.5,0.49,0.4,6,215,0.08317,0.2039,15,225.240005
2017-01-03,2017-01-18,228.5,put,3.6,3.7,3.65,2.87,0,350,0.08317,-0.7961,15,225.240005
2017-01-03,2017-01-18,229.0,call,0.37,0.39,0.38,0.28,758,1312,0.08317,0.16918,15,225.240005
2017-01-03,2017-01-18,229.0,put,3.99,4.1,4.04,4.6,5,373,0.08317,-0.83082,15,225.240005
2017-01-03,2017-01-18,229.5,call,0.28,0.31,0.3,0.23,11,432,0.08317,0.13857,15,225.240005
2017-01-03,2017-01-18,229.5,put,4.4,4.52,4.46,5.09,4,342,0.08317,-0.86143,15,225.240005
2017-01-03,2017-01-18,230.0,call,0.22,0.24,0.23,0.18,166,3884,0.08317,0.11202,15,225.240005
2017-01-03,2017-01-18,230.0,put,4.83,4.96,4.89,2.99,0,65,0.08317,-0.88798,15,225.240005
2017-01-03,2017-01-18,230.5,call,0.17,0.18,0.17,0.12,101,497,0.08317,0.08937,15,225.240005
2017-01-03,2017-01-18,230.5,put,5.26,5.42,5.34,2.57,0,12,0.08317,-0.91063,15,225.240005
2017-01-03,2017-01-18,231.0,call,0.13,0.14,0.14,0.11,17,788,0.08317,0.07035,15,225.240005
2017-01-03,2017-01-18,231.0,put,5.71,5.89,5.8,6.76,10,45,0.08317,-0.92965,15,225.240005
2017-01-03,2017-01-18,231.5,call,0.1,0.11,0.11,0.1,1,161,0.08317,0.05464,15,225.240005
2017-01-03,2017-01-18,231.5,put,6.18,6.36,6.27,3.68,0,10,0.08317,-0.94536,15,225.240005
2017-01-03,2017-01-18,232.0,call,0.08,0.09,0.08,0.07,6,98,0.08317,0.04187,15,225.240005
2017-01-03,2017-01-18,232.0,put,6.67,6.85,6.76,3.24,0,2,0.08317,-0.95813,15,225.240005
2017-01-03,2017-01-18,232.5,call,0.06,0.07,0.07,0.08,1,59,0.09292,0.04843,15,225.240005
2017-01-03,2017-01-18,232.5,put,7.16,7.34,7.25,0.0,0,0,0.08317,-0.96835,15,225.240005
2017-01-03,2017-01-18,233.0,call,0.05,0.06,0.06,0.06,11,87,0.09292,0.03801,15,225.240005
2017-01-03,2017-01-18,233.0,put,7.65,7.83,7.74,7.77,40,42,0.08317,-0.9764,15,225.240005
2017-01-03,2017-01-18,233.5,call,0.05,0.06,0.06,0.04,1,19,0.09292,0.02951,15,225.240005
2017-01-03,2017-01-18,233.5,put,8.15,8.33,8.24,0.0,0,0,0.09292,-0.97049,15,225.240005
2017-01-03,2017-01-18,234.0,call,0.04,0.05,0.04,0.04,10,39,0.09292,0.02266,15,225.240005
2017-01-03,2017-01-18,234.0,put,8.65,8.83,8.74,0.0,0,0,0.09292,-0.97734,15,225.240005
2017-01-03,2017-01-18,234.5,call,0.04,0.05,0.04,0.03,0,407,0.10268,0.02793,15,225.240005
2017-01-03,2017-01-18,234.5,put,9.15,9.33,9.24,0.0,0,0,0.10268,-0.97207,15,225.240005
2017-01-03,2017-01-18,235.0,call,0.03,0.04,0.04,0.04,10,225,0.10268,0.02198,15,225.240005
2017-01-03,2017-01-18,235.0,put,9.65,9.85,9.75,5.95,0,1,0.11244,-0.96695,15,225.240005
2017-01-03,2017-01-18,235.5,call,0.03,0.04,0.04,0.02,0,263,0.11244,0.02674,15,225.240005
2017-01-03,2017-01-18,235.5,put,10.15,10.36,10.25,0.0,0,0,0.11244,-0.97326,15,225.240005
2017-01-03,2017-01-18,236.0,call,0.03,0.04,0.04,0.03,30,2078,0.11244,0.02148,15,225.240005
2017-01-03,2017-01-18,236.0,put,10.63,10.84,10.73,0.0,0,0,0.11244,-0.97852,15,225.240005
2017-01-03,2017-01-18,236.5,call,0.03,0.04,0.04,0.0,0,0,0.11244,0.01713,15,225.240005
2017-01-03,2017-01-18,236.5,put,11.15,11.36,11.25,0.0,0,0,0.12219,-0.97417,15,225.240005
2017-01-03,2017-01-18,237.0,call,0.03,0.04,0.04,0.03,0,96,0.12219,0.02112,15,225.240005
2017-01-03,2017-01-18,237.0,put,11.64,11.84,11.74,0.0,0,0,0.12219,-0.97888,15,225.240005
2017-01-03,2017-01-18,237.5,call,0.02,0.03,0.03,0.02,0,300,0.12219,0.01716,15,225.240005
2017-01-03,2017-01-18,237.5,put,12.13,12.34,12.23,5.46,0,0,0.12219,-0.98284,15,225.240005
2017-01-03,2017-01-18,238.0,call,0.02,0.03,0.03,0.13,0,1,0.12219,0.01386,15,225.240005
2017-01-03,2017-01-18,238.0,put,12.65,12.86,12.75,6.83,1,0,0.13195,-0.97915,15,225.240005
2017-01-03,2017-01-18,238.5,call,0.02,0.03,0.03,0.01,0,200,0.13195,0.01721,15,225.240005
2017-01-03,2017-01-18,238.5,put,13.13,13.34,13.23,6.1,0,0,0.13195,-0.98279,15,225.240005
2017-01-03,2017-01-18,239.0,call,0.02,0.03,0.03,0.02,370,0,0.13195,0.01414,15,225.240005
2017-01-03,2017-01-18,239.0,put,13.63,13.84,13.73,6.41,0,1,0.13195,-0.98586,15,225.240005
2017-01-03,2017-01-18,239.5,call,0.02,0.03,0.03,0.01,0,217,0.13195,0.01156,15,225.240005
2017-01-03,2017-01-18,239.5,put,14.13,14.34,14.23,6.76,0,1,0.1417,-0.98271,15,225.240005
2017-01-03,2017-01-18,240.0,call,0.02,0.03,0.03,0.02,0,1094,0.1417,0.01442,15,225.240005
2017-01-03,2017-01-18,240.0,put,14.63,14.84,14.73,6.94,0,16,0.1417,-0.98558,15,225.240005
2017-01-03,2017-01-20,50.0,call,175.18,175.39,175.28,88.21,0,97,2.36604,0.99932,17,225.240005
2017-01-03,2017-01-20,55.0,call,170.19,170.39,170.29,169.98,2,0,2.28799,0.99904,17,225.240005
2017-01-03,2017-01-20,60.0,call,165.19,165.4,165.3,82.44,0,20,2.19043,0.9988,17,225.240005
2017-01-03,2017-01-20,65.0,call,160.19,160.4,160.3,79.82,0,3,2.05385,0.99876,17,225.240005
2017-01-03,2017-01-20,70.0,call,155.2,155.4,155.3,77.76,0,11,1.92703,0.99873,17,225.240005
2017-01-03,2017-01-20,75.0,call,150.2,150.41,150.31,0.0,0,1,1.85874,0.99837,17,225.240005
2017-01-03,2017-01-20,80.0,call,145.2,145.41,145.31,72.77,0,11,1.75142,0.9983,17,225.240005
2017-01-03,2017-01-20,85.0,call,140.2,140.41,140.31,0.0,0,1,1.64411,0.99828,17,225.240005
2017-01-03,2017-01-20,90.0,call,135.21,135.41,135.31,135.0,10,1,1.54655,0.99823,17,225.240005
2017-01-03,2017-01-20,95.0,call,130.21,130.42,130.31,65.88,0,0,1.45875,0.99814,17,225.240005
2017-01-03,2017-01-20,100.0,call,125.21,125.42,125.31,62.23,0,89,1.37094,0.99809,17,225.240005
2017-01-03,2017-01-20,105.0,call,120.21,120.42,120.31,60.9,0,16,1.28314,0.99811,17,225.240005
2017-01-03,2017-01-20,110.0,call,115.22,115.42,115.32,58.35,0,3,1.23436,0.99763,17,225.240005
2017-01-03,2017-01-20,115.0,call,110.22,110.43,110.33,54.77,0,1,1.18558,0.99708,17,225.240005
2017-01-03,2017-01-20,120.0,call,105.22,105.43,105.33,52.18,0,126,1.10753,0.99707,17,225.240005
2017-01-03,2017-01-20,125.0,call,100.22,100.43,100.33,48.06,0,0,1.03924,0.99692,17,225.240005
2017-01-03,2017-01-20,130.0,call,95.23,95.43,95.33,48.4,0,8,0.97095,0.99683,17,225.240005
2017-01-03,2017-01-20,135.0,call,90.23,90.44,90.34,45.92,0,7,0.93193,0.99594,17,225.240005
2017-01-03,2017-01-20,140.0,call,85.23,85.44,85.34,85.84,1,24,0.86364,0.99593,17,225.240005
2017-01-03,2017-01-20,145.0,call,80.24,80.44,80.34,40.85,0,0,0.8051,0.99565,17,225.240005
2017-01-03,2017-01-20,150.0,call,75.24,75.45,75.34,36.63,0,55,0.74657,0.99541,17,225.240005
2017-01-03,2017-01-20,151.0,call,74.24,74.45,74.34,0.0,0,0,0.73681,0.99529,17,225.240005
2017-01-03,2017-01-20,152.0,call,73.24,73.45,73.34,0.0,0,0,0.72706,0.99516,17,225.240005
2017-01-03,2017-01-20,153.0,call,72.24,72.45,72.34,0.0,0,0,0.70754,0.99549,17,225.240005
2017-01-03,2017-01-20,154.0,call,71.24,71.45,71.34,0.0,0,0,0.69779,0.99537,17,225.240005
2017-01-03,2017-01-20,155.0,call,70.24,70.45,70.34,35.88,0,24,0.68803,0.99525,17,225.240005
2017-01-03,2017-01-20,156.0,call,69.25,69.45,69.35,0.0,0,0,0.68803,0.99461,17,225.240005
2017-01-03,2017-01-20,157.0,call,68.25,68.45,68.35,0.0,0,0,0.67828,0.99447,17,225.240005
2017-01-03,2017-01-20,158.0,call,67.25,67.45,67.35,0.0,0,0,0.66852,0.99433,17,225.240005
2017-01-03,2017-01-20,159.0,call,66.25,66.46,66.35,0.0,0,0,0.65876,0.99418,17,225.240005
2017-01-03,2017-01-20,160.0,call,65.25,65.46,65.35,33.46,0,12,0.64901,0.99403,17,225.240005
2017-01-03,2017-01-20,161.0,call,64.25,64.46,64.35,0.0,0,0,0.63925,0.99388,17,225.240005
2017-01-03,2017-01-20,162.0,call,63.25,63.46,63.36,0.0,0,0,0.63925,0.99306,17,225.240005
2017-01-03,2017-01-20,163.0,call,62.25,62.46,62.36,0.0,0,0,0.6295,0.99287,17,225.240005
2017-01-03,2017-01-20,164.0,call,61.25,61.46,61.36,0.0,0,0,0.60999,0.9934,17,225.240005
2017-01-03,2017-01-20,165.0,call,60.25,60.46,60.36,30.49,0,1,0.60023,0.99324,17,225.240005
2017-01-03,2017-01-20,166.0,call,59.25,59.46,59.36,0.0,0,0,0.59047,0.99307,17,225.240005
2017-01-03,2017-01-20,167.0,call,58.25,58.46,58.36,0.0,0,0,0.58072,0.9929,17,225.240005
2017-01-03,2017-01-20,168.0,call,57.26,57.46,57.36,0.0,0,0,0.57096,0.99273,17,225.240005
2017-01-03,2017-01-20,169.0,call,56.26,56.46,56.36,0.0,0,0,0.56121,0.99255,17,225.240005
2017-01-03,2017-01-20,170.0,call,55.26,55.46,55.36,28.02,0,12,0.55145,0.99237,17,225.240005
2017-01-03,2017-01-20,171.0,call,54.26,54.47,54.36,0.0,0,0,0.54169,0.99219,17,225.240005
2017-01-03,2017-01-20,172.0,call,53.26,53.47,53.36,0.0,0,0,0.53194,0.99201,17,225.240005
2017-01-03,2017-01-20,173.0,call,52.26,52.47,52.36,0.0,0,0,0.52218,0.99182,17,225.240005
2017-01-03,2017-01-20,174.0,call,51.26,51.47,51.36,0.0,0,0,0.50267,0.99258,17,225.240005
2017-01-03,2017-01-20,175.0,call,50.26,50.47,50.36,26.0,0,91,0.49292,0.99242,17,225.240005
2017-01-03,2017-01-20,176.0,call,49.26,49.47,49.36,0.0,0,0,0.48316,0.99226,17,225.240005
2017-01-03,2017-01-20,177.0,call,48.27,48.47,48.37,0.0,0,0,0.48316,0.99102,17,225.240005
2017-01-03,2017-01-20,178.0,call,47.27,47.47,47.37,0.0,0,0,0.4734,0.99081,17,225.240005
2017-01-03,2017-01-20,179.0,call,46.27,46.47,46.37,0.0,0,0,0.46365,0.9906,17,225.240005
2017-01-03,2017-01-20,179.0,put,0.01,0.02,0.01,0.01,400,1252,0.37584,-0.00201,17,225.240005
2017-01-03,2017-01-20,179.5,call,45.77,45.98,45.88,0.0,0,0,0.46365,0.98987,17,225.240005
2017-01-03,2017-01-20,179.5,put,0.01,0.02,0.01,0.01,0,3200,0.36609,-0.00177,17,225.240005
2017-01-03,2017-01-20,180.0,call,45.27,45.48,45.38,22.2,0,111,0.46365,0.9891,17,225.240005
2017-01-03,2017-01-20,180.0,put,0.01,0.02,0.01,0.02,3525,220328,0.36609,-0.00198,17,225.240005
2017-01-03,2017-01-20,180.5,call,44.77,44.98,44.88,0.0,0,0,0.45389,0.98963,17,225.240005
2017-01-03,2017-01-20,180.5,put,0.01,0.02,0.01,0.02,0,941,0.35633,-0.00174,17,225.240005
2017-01-03,2017-01-20,181.0,call,44.27,44.48,44.38,0.0,0,0,0.45389,0.98883,17,225.240005
2017-01-03,2017-01-20,181.0,put,0.01,0.02,0.01,0.01,0,9792,0.35633,-0.00195,17,225.240005
2017-01-03,2017-01-20,181.5,call,43.77,43.98,43.88,0.0,0,0,0.44414,0.98938,17,225.240005
2017-01-03,2017-01-20,181.5,put,0.01,0.02,0.01,0.02,1,200,0.35633,-0.00219,17,225.240005
2017-01-03,2017-01-20,182.0,call,43.27,43.48,43.38,0.0,0,0,0.44414,0.98855,17,225.240005
2017-01-03,2017-01-20,182.0,put,0.01,0.02,0.01,0.01,0,3076,0.34658,-0.00192,17,225.240005
2017-01-03,2017-01-20,182.5,call,42.77,42.98,42.88,0.0,0,0,0.43438,0.98913,17,225.240005
2017-01-03,2017-01-20,182.5,put,0.01,0.02,0.01,0.01,0,2697,0.34658,-0.00215,17,225.240005
2017-01-03,2017-01-20,183.0,call,42.27,42.48,42.38,17.03,0,0,0.43438,0.98826,17,225.240005
2017-01-03,2017-01-20,183.0,put,0.01,0.02,0.01,0.02,44,27359,0.33682,-0.00188,17,225.240005
2017-01-03,2017-01-20,183.5,call,41.78,41.98,41.88,0.0,0,0,0.42462,0.98886,17,225.240005
2017-01-03,2017-01-20,183.5,put,0.01,0.02,0.01,0.02,0,1224,0.33682,-0.00212,17,225.240005
2017-01-03,2017-01-20,184.0,call,41.28,41.48,41.38,17.03,0,0,0.42462,0.98796,17,225.240005
2017-01-03,2017-01-20,184.0,put,0.01,0.02,0.01,0.02,0,9885,0.32707,-0.00184,17,225.240005
2017-01-03,2017-01-20,184.5,call,40.78,40.98,40.88,0.0,0,0,0.41487,0.98859,17,225.240005
2017-01-03,2017-01-20,184.5,put,0.01,0.02,0.01,0.02,0,575,0.32707,-0.00208,17,225.240005
2017-01-03,2017-01-20,185.0,call,40.28,40.48,40.38,39.35,11,402,0.41487,0.98766,17,225.240005
2017-01-03,2017-01-20,185.0,put,0.01,0.02,0.01,0.02,74,147734,0.32707,-0.00234,17,225.240005
2017-01-03,2017-01-20,185.5,call,39.78,39.99,39.89,0.0,0,0,0.41487,0.98666,17,225.240005
2017-01-03,2017-01-20,185.5,put,0.01,0.02,0.01,0.02,0,1633,0.31731,-0.00203,17,225.240005
2017-01-03,2017-01-20,186.0,call,39.28,39.49,39.39,20.57,0,0,0.40511,0.98735,17,225.240005
2017-01-03,2017-01-20,186.0,put,0.01,0.02,0.01,0.02,0,10898,0.31731,-0.0023,17,225.240005
2017-01-03,2017-01-20,186.5,call,38.78,38.99,38.89,0.0,0,0,0.40511,0.98631,17,225.240005
2017-01-03,2017-01-20,186.5,put,0.02,0.03,0.03,0.02,0,2153,0.34658,-0.00516,17,225.240005
2017-01-03,2017-01-20,187.0,call,38.28,38.49,38.39,17.76,0,30,0.39536,0.98702,17,225.240005
2017-01-03,2017-01-20,187.0,put,0.02,0.03,0.03,0.03,50,8779,0.34658,-0.00572,17,225.240005
2017-01-03,2017-01-20,187.5,call,37.78,37.99,37.89,0.0,0,0,0.39536,0.98594,17,225.240005
2017-01-03,2017-01-20,187.5,put,0.02,0.03,0.03,0.04,0,90,0.33682,-0.00518,17,225.240005
2017-01-03,2017-01-20,188.0,call,37.28,37.49,37.39,19.5,0,0,0.3856,0.98669,17,225.240005
2017-01-03,2017-01-20,188.0,put,0.02,0.03,0.03,0.02,406,11586,0.33682,-0.00576,17,225.240005
2017-01-03,2017-01-20,188.5,call,36.79,36.99,36.89,0.0,0,0,0.3856,0.98556,17,225.240005
2017-01-03,2017-01-20,188.5,put,0.02,0.03,0.03,0.03,0,748,0.32707,-0.0052,17,225.240005
2017-01-03,2017-01-20,189.0,call,36.29,36.49,36.39,35.46,5,61,0.37584,0.98634,17,225.240005
2017-01-03,2017-01-20,189.0,put,0.02,0.03,0.03,0.03,45,97108,0.32707,-0.00579,17,225.240005
2017-01-03,2017-01-20,189.5,call,35.79,35.99,35.89,0.0,0,0,0.37584,0.98516,17,225.240005
2017-01-03,2017-01-20,189.5,put,0.02,0.03,0.03,0.03,0,388,0.32707,-0.00643,17,225.240005
2017-01-03,2017-01-20,190.0,call,35.29,35.5,35.39,35.1,2,281,0.36609,0.98599,17,225.240005
2017-01-03,2017-01-20,190.0,put,0.02,0.03,0.03,0.03,1522,161193,0.31731,-0.00581,17,225.240005
2017-01-03,2017-01-20,190.5,call,34.79,35.0,34.89,0.0,0,0,0.36609,0.98475,17,225.240005
2017-01-03,2017-01-20,190.5,put,0.02,0.03,0.03,0.03,3500,87,0.31731,-0.00648,17,225.240005
2017-01-03,2017-01-20,191.0,call,34.29,34.5,34.39,18.0,0,0,0.35633,0.98562,17,225.240005
2017-01-03,2017-01-20,191.0,put,0.02,0.03,0.03,0.03,166,32164,0.30755,-0.00583,17,225.240005
2017-01-03,2017-01-20,191.5,call,33.8,33.99,33.89,0.0,0,0,0.35633,0.98433,17,225.240005
2017-01-03,2017-01-20,191.5,put,0.02,0.03,0.03,0.02,0,491,0.30755,-0.00652,17,225.240005
2017-01-03,2017-01-20,192.0,call,33.3,33.48,33.39,33.03,5,11,0.34658,0.98523,17,225.240005
2017-01-03,2017-01-20,192.0,put,0.02,0.03,0.03,0.03,215,40477,0.2978,-0.00585,17,225.240005
2017-01-03,2017-01-20,192.5,call,32.8,32.98,32.89,0.0,0,0,0.34658,0.98388,17,225.240005
2017-01-03,2017-01-20,192.5,put,0.02,0.03,0.03,0.03,60,100,0.2978,-0.00655,17,225.240005
2017-01-03,2017-01-20,193.0,call,32.3,32.48,32.39,31.7,1,57,0.33682,0.98483,17,225.240005
2017-01-03,2017-01-20,193.0,put,0.03,0.04,0.04,0.04,71,45384,0.2978,-0.00733,17,225.240005
2017-01-03,2017-01-20,193.5,call,31.81,31.99,31.9,0.0,0,0,0.33682,0.98342,17,225.240005
2017-01-03,2017-01-20,193.5,put,0.03,0.04,0.04,0.04,4,434,0.2978,-0.00819,17,225.240005
2017-01-03,2017-01-20,194.0,call,31.31,31.49,31.4,16.0,0,12,0.33682,0.9819,17,225.240005
2017-01-03,2017-01-20,194.0,put,0.03,0.04,0.04,0.04,160,40962,0.2978,-0.00913,17,225.240005
2017-01-03,2017-01-20,194.5,call,30.81,30.99,30.9,0.0,0,0,0.32707,0.98293,17,225.240005
2017-01-03,2017-01-20,194.5,put,0.03,0.04,0.04,0.04,115,1902,0.28804,-0.00828,17,225.240005
2017-01-03,2017-01-20,195.0,call,30.31,30.49,30.4,30.0,18,329,0.31731,0.98398,17,225.240005
2017-01-03,2017-01-20,195.0,put,0.03,0.04,0.04,0.03,186,163146,0.28804,-0.00926,17,225.240005
2017-01-03,2017-01-20,195.5,call,29.81,29.99,29.9,0.0,0,0,0.31731,0.98242,17,225.240005
2017-01-03,2017-01-20,195.5,put,0.03,0.04,0.04,0.04,100,876,0.27829,-0.00836,17,225.240005
2017-01-03,2017-01-20,196.0,call,29.31,29.49,29.4,28.94,3,14,0.30755,0.98353,17,225.240005
2017-01-03,2017-01-20,196.0,put,0.04,0.05,0.04,0.04,43,42359,0.27829,-0.00938,17,225.240005
2017-01-03,2017-01-20,196.5,call,28.82,28.99,28.91,0.0,0,0,0.30755,0.98189,17,225.240005
2017-01-03,2017-01-20,196.5,put,0.03,0.04,0.04,0.05,0,1585,0.26853,-0.00843,17,225.240005
2017-01-03,2017-01-20,197.0,call,28.32,28.5,28.41,15.0,0,70,0.30755,0.98011,17,225.240005
2017-01-03,2017-01-20,197.0,put,0.04,0.05,0.04,0.05,28,51328,0.26853,-0.00949,17,225.240005
2017-01-03,2017-01-20,197.5,call,27.81,28.0,27.91,0.0,0,0,0.2978,0.98132,17,225.240005
2017-01-03,2017-01-20,197.5,put,0.04,0.05,0.04,0.05,6150,290,0.25877,-0.0085,17,225.240005
2017-01-03,2017-01-20,198.0,call,27.32,27.5,27.41,14.04,0,32,0.2978,0.97945,17,225.240005
2017-01-03,2017-01-20,198.0,put,0.04,0.05,0.04,0.05,178,80073,0.25877,-0.0096,17,225.240005
2017-01-03,2017-01-20,198.5,call,26.82,27.0,26.91,0.0,0,0,0.28804,0.98073,17,225.240005
2017-01-03,2017-01-20,198.5,put,0.04,0.05,0.04,0.05,800,24323,0.24902,-0.00856,17,225.240005
2017-01-03,2017-01-20,199.0,call,26.32,26.5,26.41,25.21,1,20,0.28804,0.97875,17,225.240005
2017-01-03,2017-01-20,199.0,put,0.04,0.05,0.04,0.05,112,69368,0.24902,-0.00971,17,225.240005
2017-01-03,2017-01-20,199.5,call,25.82,26.01,25.91,0.0,0,0,0.27829,0.9801,17,225.240005
2017-01-03,2017-01-20,199.5,put,0.04,0.05,0.04,0.06,607,929,0.24902,-0.01099,17,225.240005
2017-01-03,2017-01-20,200.0,call,25.33,25.51,25.42,25.09,32,888,0.27829,0.978,17,225.240005
2017-01-03,2017-01-20,200.0,put,0.05,0.06,0.06,0.05,21340,149010,0.24902,-0.01241,17,225.240005
2017-01-03,2017-01-20,200.5,call,24.83,25.01,24.92,0.0,0,0,0.27829,0.97572,17,225.240005
2017-01-03,2017-01-20,200.5,put,0.05,0.06,0.06,0.06,4199,195,0.24902,-0.01399,17,225.240005
2017-01-03,2017-01-20,201.0,call,24.33,24.51,24.42,12.05,0,10,0.26853,0.9772,17,225.240005
2017-01-03,2017-01-20,201.0,put,0.06,0.07,0.07,0.06,63,51932,0.24902,-0.01573,17,225.240005
2017-01-03,2017-01-20,201.5,call,23.84,24.01,23.93,0.0,0,0,0.26853,0.97478,17,225.240005
2017-01-03,2017-01-20,201.5,put,0.05,0.06,0.06,0.07,60,384,0.23926,-0.01431,17,225.240005
2017-01-03,2017-01-20,202.0,call,23.34,23.52,23.43,23.86,1,8,0.26853,0.97215,17,225.240005
2017-01-03,2017-01-20,202.0,put,0.05,0.06,0.06,0.07,252,46254,0.23926,-0.01615,17,225.240005
2017-01-03,2017-01-20,202.5,call,22.84,23.02,22.93,0.0,0,0,0.25877,0.97376,17,225.240005
2017-01-03,2017-01-20,202.5,put,0.06,0.07,0.07,0.08,60,340,0.23926,-0.01818,17,225.240005
2017-01-03,2017-01-20,203.0,call,22.34,22.52,22.43,11.15,0,3,0.24902,0.97541,17,225.240005
2017-01-03,2017-01-20,203.0,put,0.06,0.07,0.07,0.06,1630,74635,0.22951,-0.01659,17,225.240005
2017-01-03,2017-01-20,203.5,call,21.85,22.02,21.94,0.0,0,0,0.24902,0.97265,17,225.240005
2017-01-03,2017-01-20,203.5,put,0.06,0.07,0.07,0.08,0,791,0.22951,-0.01875,17,225.240005
2017-01-03,2017-01-20,204.0,call,21.35,21.53,21.44,21.35,11,37,0.24902,0.96965,17,225.240005
2017-01-03,2017-01-20,204.0,put,0.07,0.08,0.08,0.07,876,68721,0.22951,-0.02114,17,225.240005
2017-01-03,2017-01-20,204.5,call,20.85,21.04,20.95,0.0,0,0,0.24902,0.96638,17,225.240005
2017-01-03,2017-01-20,204.5,put,0.07,0.08,0.08,0.08,1301,3951,0.21975,-0.01936,17,225.240005
2017-01-03,2017-01-20,205.0,call,20.36,20.53,20.45,20.04,24,637,0.23926,0.96822,17,225.240005
2017-01-03,2017-01-20,205.0,put,0.07,0.08,0.08,0.08,2600,103805,0.21975,-0.02192,17,225.240005
2017-01-03,2017-01-20,205.5,call,19.86,20.04,19.95,0.0,0,0,0.22951,0.97013,17,225.240005
2017-01-03,2017-01-20,205.5,put,0.07,0.08,0.08,0.1,1158,1600,0.21,-0.02002,17,225.240005
2017-01-03,2017-01-20,206.0,call,19.36,19.55,19.45,19.16,4,60,0.22951,0.96665,17,225.240005
2017-01-03,2017-01-20,206.0,put,0.08,0.09,0.08,0.09,1481,62968,0.21,-0.02277,17,225.240005
2017-01-03,2017-01-20,206.5,call,18.87,19.04,18.95,0.0,0,0,0.21975,0.96869,17,225.240005
2017-01-03,2017-01-20,206.5,put,0.08,0.09,0.08,0.11,1945,2126,0.20024,-0.02073,17,225.240005
2017-01-03,2017-01-20,207.0,call,18.37,18.56,18.46,18.05,20,150,0.21975,0.96492,17,225.240005
2017-01-03,2017-01-20,207.0,put,0.09,0.1,0.1,0.1,1647,89733,0.20024,-0.02369,17,225.240005
2017-01-03,2017-01-20,207.5,call,17.87,18.05,17.96,0.0,0,0,0.21975,0.96079,17,225.240005
2017-01-03,2017-01-20,207.5,put,0.09,0.1,0.1,0.11,1168,2789,0.20024,-0.02699,17,225.240005
2017-01-03,2017-01-20,208.0,call,17.38,17.57,17.48,16.5,11,125,0.21975,0.9563,17,225.240005
2017-01-03,2017-01-20,208.0,put,0.1,0.11,0.11,0.11,1166,89987,0.20024,-0.03065,17,225.240005
2017-01-03,2017-01-20,208.5,call,16.89,17.06,16.98,0.0,0,0,0.21,0.9585,17,225.240005
2017-01-03,2017-01-20,208.5,put,0.1,0.11,0.11,0.14,142,2005,0.19048,-0.02828,17,225.240005
2017-01-03,2017-01-20,209.0,call,16.39,16.58,16.48,16.28,16,46,0.20024,0.96083,17,225.240005
2017-01-03,2017-01-20,209.0,put,0.11,0.12,0.11,0.13,509,60104,0.19048,-0.03227,17,225.240005
2017-01-03,2017-01-20,209.5,call,15.9,16.08,15.99,0.0,0,0,0.20024,0.95591,17,225.240005
2017-01-03,2017-01-20,209.5,put,0.12,0.13,0.12,0.14,118,2994,0.19048,-0.03671,17,225.240005
2017-01-03,2017-01-20,210.0,call,15.41,15.58,15.5,14.47,88,1257,0.20024,0.95052,17,225.240005
2017-01-03,2017-01-20,210.0,put,0.13,0.14,0.14,0.14,2875,169747,0.19048,-0.04161,17,225.240005
2017-01-03,2017-01-20,210.5,call,14.92,15.09,15.0,8.18,0,29,0.19048,0.95298,17,225.240005
2017-01-03,2017-01-20,210.5,put,0.13,0.14,0.14,0.15,1675,10098,0.18073,-0.03898,17,225.240005
2017-01-03,2017-01-20,211.0,call,14.43,14.6,14.52,6.39,0,519,0.19048,0.94703,17,225.240005
2017-01-03,2017-01-20,211.0,put,0.14,0.15,0.15,0.15,1279,41135,0.18073,-0.0444,17,225.240005
2017-01-03,2017-01-20,211.5,call,13.94,14.11,14.02,0.0,0,0,0.19048,0.94052,17,225.240005
2017-01-03,2017-01-20,211.5,put,0.15,0.16,0.15,0.18,5575,5740,0.17097,-0.04158,17,225.240005
2017-01-03,2017-01-20,212.0,call,13.45,13.62,13.54,13.08,22,837,0.18073,0.94301,17,225.240005
2017-01-03,2017-01-20,212.0,put,0.17,0.18,0.17,0.19,2036,65983,0.17097,-0.0476,17,225.240005
2017-01-03,2017-01-20,212.5,call,12.96,13.13,13.05,13.08,4,5,0.18073,0.93577,17,225.240005
2017-01-03,2017-01-20,212.5,put,0.17,0.18,0.17,0.2,310,44125,0.17097,-0.05427,17,225.240005
2017-01-03,2017-01-20,213.0,call,12.48,12.64,12.56,11.75,22,315,0.17097,0.93835,17,225.240005
2017-01-03,2017-01-20,213.0,put,0.19,0.2,0.2,0.19,2196,87469,0.17097,-0.06165,17,225.240005
2017-01-03,2017-01-20,213.5,call,12.0,12.16,12.08,5.34,0,151,0.17097,0.93023,17,225.240005
2017-01-03,2017-01-20,213.5,put,0.2,0.21,0.21,0.27,545,7058,0.16122,-0.05882,17,225.240005
2017-01-03,2017-01-20,214.0,call,11.52,11.68,11.6,10.6,1,503,0.17097,0.92134,17,225.240005
2017-01-03,2017-01-20,214.0,put,0.22,0.23,0.23,0.24,775,82118,0.16122,-0.06713,17,225.240005
2017-01-03,2017-01-20,214.5,call,11.04,11.2,11.12,10.17,14,39,0.17097,0.91163,17,225.240005
2017-01-03,2017-01-20,214.5,put,0.24,0.25,0.24,0.3,2206,5880,0.16122,-0.07629,17,225.240005
2017-01-03,2017-01-20,215.0,call,10.56,10.72,10.64,10.26,141,1567,0.16122,0.91364,17,225.240005
2017-01-03,2017-01-20,215.0,put,0.26,0.27,0.27,0.28,7843,148309,0.15146,-0.07364,17,225.240005
2017-01-03,2017-01-20,215.5,call,10.09,10.24,10.16,9.99,87,76,0.16122,0.90265,17,225.240005
2017-01-03,2017-01-20,215.5,put,0.29,0.3,0.29,0.33,1056,9208,0.15146,-0.08408,17,225.240005
2017-01-03,2017-01-20,216.0,call,9.61,9.77,9.69,9.52,42,855,0.16122,0.89068,17,225.240005
2017-01-03,2017-01-20,216.0,put,0.31,0.32,0.32,0.33,8272,107552,0.15146,-0.09557,17,225.240005
2017-01-03,2017-01-20,216.5,call,9.14,9.29,9.21,8.97,30,31,0.15146,0.89186,17,225.240005
2017-01-03,2017-01-20,216.5,put,0.34,0.35,0.34,0.38,7893,11202,0.1417,-0.09351,17,225.240005
2017-01-03,2017-01-20,217.0,call,8.68,8.82,8.75,8.05,186,4937,0.15146,0.87818,17,225.240005
2017-01-03,2017-01-20,217.0,put,0.37,0.39,0.38,0.38,5954,65536,0.1417,-0.10675,17,225.240005
2017-01-03,2017-01-20,217.5,call,8.21,8.36,8.29,7.5,94,278,0.15146,0.86336,17,225.240005
2017-01-03,2017-01-20,217.5,put,0.41,0.42,0.41,0.48,35305,35645,0.1417,-0.12125,17,225.240005
2017-01-03,2017-01-20,218.0,call,7.76,7.89,7.82,7.1,1815,34162,0.1417,0.86295,17,225.240005
2017-01-03,2017-01-20,218.0,put,0.45,0.47,0.46,0.46,5350,67771,0.1417,-0.13705,17,225.240005
2017-01-03,2017-01-20,218.5,call,7.31,7.44,7.38,7.0,137,1261,0.1417,0.84584,17,225.240005
2017-01-03,2017-01-20,218.5,put,0.5,0.51,0.51,0.53,1455,8622,0.1417,-0.15416,17,225.240005
2017-01-03,2017-01-20,219.0,call,6.9,6.99,6.95,6.81,3103,34769,0.1417,0.82742,17,225.240005
2017-01-03,2017-01-20,219.0,put,0.55,0.56,0.56,0.57,3026,81317,0.13195,-0.15586,17,225.240005
2017-01-03,2017-01-20,219.5,call,6.46,6.54,6.5,5.52,226,976,0.1417,0.8077,17,225.240005
2017-01-03,2017-01-20,219.5,put,0.61,0.62,0.61,0.63,1518,7596,0.13195,-0.17578,17,225.240005
2017-01-03,2017-01-20,220.0,call,6.02,6.1,6.06,6.0,8917,273401,0.13195,0.8028,17,225.240005
2017-01-03,2017-01-20,220.0,put,0.67,0.69,0.68,0.69,17253,347915,0.13195,-0.1972,17,225.240005
2017-01-03,2017-01-20,220.5,call,5.59,5.67,5.63,5.03,585,1725,0.13195,0.77992,17,225.240005
2017-01-03,2017-01-20,220.5,put,0.74,0.76,0.75,0.76,1802,9167,0.12219,-0.20288,17,225.240005
2017-01-03,2017-01-20,221.0,call,5.17,5.24,5.21,4.47,935,48746,0.13195,0.75565,17,225.240005
2017-01-03,2017-01-20,221.0,put,0.82,0.84,0.83,0.84,7679,40970,0.12219,-0.22799,17,225.240005
2017-01-03,2017-01-20,221.5,call,4.76,4.82,4.79,4.69,1162,2686,0.12219,0.7453,17,225.240005
2017-01-03,2017-01-20,221.5,put,0.9,0.92,0.91,0.97,2127,8894,0.12219,-0.2547,17,225.240005
2017-01-03,2017-01-20,222.0,call,4.36,4.41,4.38,4.35,6240,66572,0.12219,0.71711,17,225.240005
2017-01-03,2017-01-20,222.0,put,1.01,1.02,1.02,1.02,6489,53432,0.12219,-0.28289,17,225.240005
2017-01-03,2017-01-20,222.5,call,3.96,4.02,3.99,3.88,2111,3282,0.12219,0.68757,17,225.240005
2017-01-03,2017-01-20,222.5,put,1.11,1.12,1.12,1.12,1756,8101,0.11244,-0.29833,17,225.240005
2017-01-03,2017-01-20,223.0,call,3.59,3.64,3.62,3.55,5714,101176,0.12219,0.65684,17,225.240005
2017-01-03,2017-01-20,223.0,put,1.23,1.25,1.24,1.26,6591,90056,0.11244,-0.33117,17,225.240005
2017-01-03,2017-01-20,223.5,call,3.23,3.27,3.25,3.14,3253,3948,0.11244,0.63473,17,225.240005
2017-01-03,2017-01-20,223.5,put,1.36,1.38,1.37,1.42,3417,7700,0.11244,-0.36527,17,225.240005
2017-01-03,2017-01-20,224.0,call,2.88,2.92,2.9,2.88,11322,95611,0.11244,0.5996,17,225.240005
2017-01-03,2017-01-20,224.0,put,1.52,1.53,1.52,1.54,18450,110222,0.11244,-0.4004,17,225.240005
2017-01-03,2017-01-20,224.5,call,2.54,2.58,2.56,2.51,8943,4058,0.11244,0.56372,17,225.240005
2017-01-03,2017-01-20,224.5,put,1.67,1.69,1.68,1.7,6900,10540,0.10268,-0.43115,17,225.240005
2017-01-03,2017-01-20,225.0,call,2.23,2.25,2.24,2.23,24806,200397,0.10268,0.52912,17,225.240005
2017-01-03,2017-01-20,225.0,put,1.86,1.88,1.87,1.88,16726,82510,0.10268,-0.47088,17,225.240005
2017-01-03,2017-01-20,225.5,call,1.93,1.95,1.94,1.92,8640,9370,0.10268,0.48919,17,225.240005
2017-01-03,2017-01-20,225.5,put,2.06,2.07,2.06,2.12,5270,15030,0.10268,-0.51081,17,225.240005
2017-01-03,2017-01-20,226.0,call,1.65,1.67,1.66,1.67,16913,100418,0.10268,0.44945,17,225.240005
2017-01-03,2017-01-20,226.0,put,2.27,2.3,2.29,2.32,6885,63449,0.10268,-0.55055,17,225.240005
2017-01-03,2017-01-20,226.5,call,1.4,1.41,1.4,1.4,3076,9654,0.10268,0.4103,17,225.240005
2017-01-03,2017-01-20,226.5,put,2.52,2.56,2.54,2.67,2848,4843,0.09292,-0.59979,17,225.240005
2017-01-03,2017-01-20,227.0,call,1.17,1.18,1.17,1.16,17188,98756,0.09292,0.35839,17,225.240005
2017-01-03,2017-01-20,227.0,put,2.78,2.84,2.81,2.82,2789,26318,0.09292,-0.64161,17,225.240005
2017-01-03,2017-01-20,227.5,call,0.96,0.98,0.97,0.96,1552,6936,0.09292,0.31829,17,225.240005
2017-01-03,2017-01-20,227.5,put,3.08,3.14,3.11,3.26,1103,2276,0.09292,-0.68171,17,225.240005
2017-01-03,2017-01-20,228.0,call,0.78,0.8,0.79,0.78,8800,62489,0.09292,0.2803,17,225.240005
2017-01-03,2017-01-20,228.0,put,3.4,3.46,3.43,3.44,1121,20240,0.09292,-0.7197,17,225.240005
2017-01-03,2017-01-20,228.5,call,0.62,0.64,0.63,0.57,5736,5890,0.09292,0.24473,17,225.240005
2017-01-03,2017-01-20,228.5,put,3.73,3.82,3.77,3.96,377,4389,0.09292,-0.75527,17,225.240005
2017-01-03,2017-01-20,229.0,call,0.5,0.51,0.51,0.5,2760,70829,0.09292,0.21181,17,225.240005
2017-01-03,2017-01-20,229.0,put,4.11,4.2,4.16,4.2,370,16981,0.09292,-0.78819,17,225.240005
2017-01-03,2017-01-20,229.5,call,0.39,0.41,0.4,0.31,309,9240,0.09292,0.18169,17,225.240005
2017-01-03,2017-01-20,229.5,put,4.49,4.6,4.54,3.02,0,4873,0.08317,-0.84561,17,225.240005
2017-01-03,2017-01-20,230.0,call,0.31,0.32,0.32,0.31,8615,290163,0.09292,0.15447,17,225.240005
2017-01-03,2017-01-20,230.0,put,4.9,5.03,4.96,4.98,159,59234,0.08317,-0.87265,17,225.240005
2017-01-03,2017-01-20,230.5,call,0.24,0.25,0.24,0.18,727,14790,0.08317,0.10383,17,225.240005
2017-01-03,2017-01-20,230.5,put,5.33,5.47,5.4,3.83,0,1254,0.08317,-0.89617,17,225.240005
2017-01-03,2017-01-20,231.0,call,0.19,0.2,0.2,0.19,1888,32866,0.09292,0.10864,17,225.240005
2017-01-03,2017-01-20,231.0,put,5.77,5.92,5.84,6.74,28,4844,0.08317,-0.91632,17,225.240005
2017-01-03,2017-01-20,231.5,call,0.15,0.16,0.15,0.14,362,4884,0.08317,0.06665,17,225.240005
2017-01-03,2017-01-20,231.5,put,6.22,6.39,6.3,3.07,0,310,0.08317,-0.93335,17,225.240005
2017-01-03,2017-01-20,232.0,call,0.12,0.13,0.12,0.12,1687,57766,0.09292,0.07364,17,225.240005
2017-01-03,2017-01-20,232.0,put,6.69,6.87,6.78,6.9,5,2051,0.08317,-0.94753,17,225.240005
2017-01-03,2017-01-20,232.5,call,0.09,0.1,0.1,0.09,127,15142,0.09292,0.05979,17,225.240005
2017-01-03,2017-01-20,232.5,put,7.17,7.35,7.26,3.16,0,2,0.08317,-0.95919,17,225.240005
2017-01-03,2017-01-20,233.0,call,0.07,0.08,0.08,0.08,1194,45298,0.09292,0.04809,17,225.240005
2017-01-03,2017-01-20,233.0,put,7.66,7.84,7.75,8.48,9,910,0.08317,-0.96863,17,225.240005
2017-01-03,2017-01-20,233.5,call,0.06,0.07,0.07,0.06,10,2524,0.09292,0.03832,17,225.240005
2017-01-03,2017-01-20,233.5,put,8.15,8.33,8.24,0.0,0,0,0.09292,-0.96168,17,225.240005
2017-01-03,2017-01-20,234.0,call,0.05,0.06,0.06,0.05,456,20923,0.09292,0.03025,17,225.240005
2017-01-03,2017-01-20,234.0,put,8.65,8.83,8.74,5.56,0,359,0.09292,-0.96975,17,225.240005
2017-01-03,2017-01-20,234.5,call,0.05,0.06,0.06,0.04,1026,3162,0.10268,0.03647,17,225.240005
2017-01-03,2017-01-20,234.5,put,9.14,9.32,9.23,0.0,0,0,0.09292,-0.97635,17,225.240005
2017-01-03,2017-01-20,235.0,call,0.04,0.05,0.04,0.05,592,99020,0.09292,0.01832,17,225.240005
2017-01-03,2017-01-20,235.0,put,9.65,9.83,9.74,9.8,2117,4431,0.10268,-0.97057,17,225.240005
2017-01-03,2017-01-20,235.5,call,0.04,0.05,0.04,0.04,9,2572,0.10268,0.02356,17,225.240005
2017-01-03,2017-01-20,235.5,put,10.17,10.35,10.26,5.47,0,22,0.11244,-0.96492,17,225.240005
2017-01-03,2017-01-20,236.0,call,0.03,0.04,0.04,0.03,4438,20115,0.10268,0.01872,17,225.240005
2017-01-03,2017-01-20,236.0,put,10.63,10.84,10.73,4.7,0,895,0.10268,-0.98128,17,225.240005
2017-01-03,2017-01-20,236.5,call,0.03,0.04,0.04,0.04,1,96,0.11244,0.02354,17,225.240005
2017-01-03,2017-01-20,236.5,put,11.15,11.36,11.25,0.0,0,0,0.12219,-0.966,17,225.240005
2017-01-03,2017-01-20,237.0,call,0.03,0.04,0.04,0.03,57,18558,0.11244,0.01911,17,225.240005
2017-01-03,2017-01-20,237.0,put,11.65,11.86,11.75,6.36,0,176,0.12219,-0.97162,17,225.240005
2017-01-03,2017-01-20,237.5,call,0.03,0.04,0.04,0.02,0,1495,0.12219,0.02357,17,225.240005
2017-01-03,2017-01-20,237.5,put,12.15,12.35,12.25,6.1,0,23,0.12219,-0.97643,17,225.240005
2017-01-03,2017-01-20,238.0,call,0.02,0.03,0.03,0.02,114,9412,0.11244,0.01235,17,225.240005
2017-01-03,2017-01-20,238.0,put,12.63,12.84,12.73,6.23,0,1,0.12219,-0.98053,17,225.240005
2017-01-03,2017-01-20,238.5,call,0.02,0.03,0.03,0.02,0,554,0.12219,0.016,17,225.240005
2017-01-03,2017-01-20,238.5,put,13.13,13.34,13.23,0.0,0,0,0.12219,-0.984,17,225.240005
2017-01-03,2017-01-20,239.0,call,0.02,0.03,0.03,0.03,43,26295,0.12219,0.01308,17,225.240005
2017-01-03,2017-01-20,239.0,put,13.63,13.84,13.73,6.2,0,916,0.13195,-0.98017,17,225.240005
2017-01-03,2017-01-20,239.5,call,0.02,0.03,0.03,0.01,0,3516,0.13195,0.01656,17,225.240005
2017-01-03,2017-01-20,239.5,put,14.15,14.35,14.25,6.65,0,20,0.1417,-0.97626,17,225.240005
2017-01-03,2017-01-20,240.0,call,0.02,0.03,0.03,0.01,180,144636,0.13195,0.01376,17,225.240005
2017-01-03,2017-01-20,240.0,put,14.64,14.85,14.75,15.1,81,1495,0.15146,-0.97232,17,225.240005
2017-01-03,2017-01-20,241.0,call,0.02,0.03,0.03,0.01,0,151,0.1417,0.0144,17,225.240005
2017-01-03,2017-01-20,241.0,put,15.63,15.84,15.73,0.0,0,0,0.1417,-0.9856,17,225.240005
2017-01-03,2017-01-20,242.0,call,0.01,0.02,0.01,0.01,0,100,0.13195,0.00629,17,225.240005
2017-01-03,2017-01-20,242.0,put,16.63,16.84,16.73,0.0,0,0,0.15146,-0.985,17,225.240005
2017-01-03,2017-01-20,242.5,call,0.01,0.02,0.01,0.01,1,206,0.13195,0.00512,17,225.240005
2017-01-03,2017-01-20,242.5,put,17.14,17.35,17.25,0.0,0,0,0.17097,-0.97583,17,225.240005
2017-01-03,2017-01-20,243.0,call,0.01,0.02,0.01,0.01,0,234,0.13195,0.00414,17,225.240005
2017-01-03,2017-01-20,243.0,put,17.64,17.85,17.75,0.0,0,0,0.17097,-0.97883,17,225.240005
2017-01-03,2017-01-20,245.0,call,0.01,0.02,0.01,0.01,45,25443,0.15146,0.00543,17,225.240005
2017-01-03,2017-01-20,245.0,put,19.63,19.84,19.73,20.0,3,1148,0.18073,-0.98336,17,225.240005
2017-01-03,2017-01-20,247.5,put,22.14,22.35,22.25,0.0,0,0,0.21,-0.97982,17,225.240005
2017-01-03,2017-01-20,250.0,put,24.64,24.84,24.74,25.21,76,1152,0.21975,-0.98496,17,225.240005
2017-01-03,2017-01-20,252.5,put,27.13,27.34,27.23,0.0,0,0,0.22951,-0.98856,17,225.240005
2017-01-03,2017-01-20,255.0,put,29.64,29.85,29.75,30.83,1000,1214,0.25877,-0.98569,17,225.240005
2017-01-03,2017-01-20,257.5,put,32.14,32.35,32.25,0.0,0,0,0.27829,-0.98587,17,225.240005
2017-01-03,2017-01-20,260.0,put,34.64,34.85,34.75,35.83,1000,1371,0.2978,-0.98596,17,225.240005
2017-01-03,2017-01-20,265.0,put,39.64,39.85,39.75,40.7,1000,1178,0.33682,-0.98595,17,225.240005
2017-01-03,2017-01-20,270.0,put,44.64,44.85,44.75,45.1,150,1245,0.36609,-0.9878,17,225.240005
2017-01-03,2017-01-20,275.0,put,49.63,49.84,49.73,50.1,150,822,0.3856,-0.9907,17,225.240005
2017-01-03,2017-01-20,280.0,put,54.64,54.85,54.75,28.09,0,851,0.43438,-0.98844,17,225.240005
2017-01-03,2017-01-20,285.0,put,59.63,59.84,59.73,30.58,0,635,0.44414,-0.99189,17,225.240005
2017-01-03,2017-01-20,290.0,put,64.63,64.84,64.73,65.7,1020,1098,0.4734,-0.99223,17,225.240005
2017-01-03,2017-01-20,295.0,put,69.64,69.85,69.75,35.68,0,1582,0.52218,-0.99023,17,225.240005
2017-01-03,2017-01-20,300.0,put,74.63,74.84,74.73,37.97,0,1153,0.53194,-0.99259,17,225.240005
2017-01-03,2017-01-20,305.0,put,79.64,79.85,79.75,40.46,0,1139,0.58072,-0.99071,17,225.240005
2017-01-03,2017-01-20,310.0,put,84.63,84.84,84.73,42.95,0,982,0.59047,-0.99266,17,225.240005
2017-01-03,2017-01-20,315.0,put,89.64,89.85,89.75,45.44,0,818,0.63925,-0.99086,17,225.240005
2017-01-03,2017-01-20,320.0,put,94.64,94.85,94.75,47.94,0,495,0.65876,-0.99173,17,225.240005
2017-01-03,2017-01-20,325.0,put,99.64,99.85,99.75,50.91,0,1140,0.68803,-0.99164,17,225.240005
2017-01-03,2017-01-25,200.0,call,25.36,25.54,25.45,0.0,0,0,0.24902,0.97621,22,225.240005
2017-01-03,2017-01-25,200.0,put,0.07,0.08,0.08,0.08,10,95,0.22951,-0.016,22,225.240005
2017-01-03,2017-01-25,205.0,call,20.4,20.58,20.49,0.0,0,0,0.21975,0.96243,22,225.240005
2017-01-03,2017-01-25,205.0,put,0.11,0.12,0.11,0.11,0,1529,0.20024,-0.02571,22,225.240005
2017-01-03,2017-01-25,210.0,call,15.49,15.66,15.57,0.0,0,0,0.18073,0.94631,22,225.240005
2017-01-03,2017-01-25,210.0,put,0.19,0.2,0.2,0.24,256,590,0.17097,-0.04461,22,225.240005
2017-01-03,2017-01-25,215.0,call,10.7,10.86,10.78,10.77,10,0,0.16122,0.88598,22,225.240005
2017-01-03,2017-01-25,215.0,put,0.39,0.41,0.4,0.51,2,145,0.15146,-0.10017,22,225.240005
2017-01-03,2017-01-25,215.5,call,10.23,10.39,10.31,0.0,0,0,0.15146,0.88841,22,225.240005
2017-01-03,2017-01-25,215.5,put,0.42,0.44,0.43,0.28,0,3,0.15146,-0.11159,22,225.240005
2017-01-03,2017-01-25,216.0,call,9.77,9.93,9.85,9.84,16,0,0.15146,0.87611,22,225.240005
2017-01-03,2017-01-25,216.0,put,0.46,0.48,0.47,0.63,14,41,0.15146,-0.12389,22,225.240005
2017-01-03,2017-01-25,216.5,call,9.31,9.47,9.39,0.0,0,0,0.15146,0.86294,22,225.240005
2017-01-03,2017-01-25,216.5,put,0.5,0.52,0.51,0.46,0,19,0.1417,-0.12172,22,225.240005
2017-01-03,2017-01-25,217.0,call,8.85,9.01,8.93,8.92,10,0,0.1417,0.86436,22,225.240005
2017-01-03,2017-01-25,217.0,put,0.54,0.56,0.55,0.74,1,38,0.1417,-0.13564,22,225.240005
2017-01-03,2017-01-25,217.5,call,8.4,8.55,8.48,0.0,0,0,0.1417,0.84942,22,225.240005
2017-01-03,2017-01-25,217.5,put,0.58,0.61,0.59,0.5,0,18,0.1417,-0.15058,22,225.240005
2017-01-03,2017-01-25,218.0,call,7.95,8.1,8.03,0.0,0,0,0.1417,0.83347,22,225.240005
2017-01-03,2017-01-25,218.0,put,0.63,0.66,0.65,0.67,185,44,0.1417,-0.16653,22,225.240005
2017-01-03,2017-01-25,218.5,call,7.51,7.65,7.58,4.2,0,5,0.1417,0.8165,22,225.240005
2017-01-03,2017-01-25,218.5,put,0.69,0.71,0.7,0.85,1,34,0.13195,-0.16694,22,225.240005
2017-01-03,2017-01-25,219.0,call,7.07,7.21,7.14,0.0,0,0,0.13195,0.81481,22,225.240005
2017-01-03,2017-01-25,219.0,put,0.75,0.77,0.76,1.02,125,38,0.13195,-0.18519,22,225.240005
2017-01-03,2017-01-25,219.5,call,6.64,6.78,6.71,0.0,0,0,0.13195,0.79542,22,225.240005
2017-01-03,2017-01-25,219.5,put,0.82,0.84,0.83,1.13,30,66,0.13195,-0.20458,22,225.240005
2017-01-03,2017-01-25,220.0,call,6.22,6.35,6.29,6.17,20,4,0.13195,0.77491,22,225.240005
2017-01-03,2017-01-25,220.0,put,0.89,0.91,0.9,0.98,368,745,0.13195,-0.22509,22,225.240005
2017-01-03,2017-01-25,220.5,call,5.8,5.93,5.87,5.1,1,0,0.13195,0.75334,22,225.240005
2017-01-03,2017-01-25,220.5,put,0.96,0.99,0.97,0.74,0,29,0.12219,-0.23049,22,225.240005
2017-01-03,2017-01-25,221.0,call,5.44,5.51,5.47,4.62,61,1,0.13195,0.73076,22,225.240005
2017-01-03,2017-01-25,221.0,put,1.05,1.08,1.06,1.26,63,152,0.12219,-0.25407,22,225.240005
2017-01-03,2017-01-25,221.5,call,5.03,5.1,5.06,4.35,46,676,0.12219,0.7212,22,225.240005
2017-01-03,2017-01-25,221.5,put,1.15,1.18,1.17,1.23,85,40,0.12219,-0.2788,22,225.240005
2017-01-03,2017-01-25,222.0,call,4.64,4.7,4.67,4.11,171,443,0.12219,0.69541,22,225.240005
2017-01-03,2017-01-25,222.0,put,1.25,1.28,1.27,1.31,43,710,0.12219,-0.30459,22,225.240005
2017-01-03,2017-01-25,222.5,call,4.25,4.31,4.28,3.75,149,756,0.12219,0.66867,22,225.240005
2017-01-03,2017-01-25,222.5,put,1.36,1.4,1.38,1.63,16,650,0.11244,-0.3186,22,225.240005
2017-01-03,2017-01-25,223.0,call,3.88,3.94,3.91,1.85,0,65,0.12219,0.64111,22,225.240005
2017-01-03,2017-01-25,223.0,put,1.48,1.52,1.5,1.78,168,126,0.11244,-0.34816,22,225.240005
2017-01-03,2017-01-25,223.5,call,3.51,3.56,3.54,2.98,10,70,0.11244,0.6214,22,225.240005
2017-01-03,2017-01-25,223.5,put,1.62,1.66,1.64,2.0,93,363,0.11244,-0.3786,22,225.240005
2017-01-03,2017-01-25,224.0,call,3.16,3.21,3.19,2.95,134,141,0.11244,0.59026,22,225.240005
2017-01-03,2017-01-25,224.0,put,1.77,1.81,1.79,2.31,15,518,0.11244,-0.40974,22,225.240005
2017-01-03,2017-01-25,224.5,call,2.83,2.87,2.85,2.55,149,263,0.11244,0.5586,22,225.240005
2017-01-03,2017-01-25,224.5,put,1.93,1.97,1.95,2.25,126,496,0.10268,-0.43686,22,225.240005
2017-01-03,2017-01-25,225.0,call,2.51,2.54,2.52,2.4,154,342,0.10268,0.52817,22,225.240005
2017-01-03,2017-01-25,225.0,put,2.12,2.15,2.13,2.82,211,7136,0.10268,-0.47183,22,225.240005
2017-01-03,2017-01-25,225.5,call,2.2,2.23,2.21,2.21,44,144,0.10268,0.49307,22,225.240005
2017-01-03,2017-01-25,225.5,put,2.31,2.35,2.33,2.71,424,492,0.10268,-0.50693,22,225.240005
2017-01-03,2017-01-25,226.0,call,1.92,1.95,1.94,1.51,95,186,0.10268,0.45809,22,225.240005
2017-01-03,2017-01-25,226.0,put,2.52,2.57,2.54,2.65,234,776,0.10268,-0.54191,22,225.240005
2017-01-03,2017-01-25,226.5,call,1.66,1.69,1.67,1.28,76,109,0.10268,0.42352,22,225.240005
2017-01-03,2017-01-25,226.5,put,2.75,2.8,2.77,2.92,1,2835,0.09292,-0.58538,22,225.240005
2017-01-03,2017-01-25,227.0,call,1.41,1.45,1.43,1.39,434,554,0.09292,0.37739,22,225.240005
2017-01-03,2017-01-25,227.0,put,3.01,3.07,3.04,3.63,8,515,0.09292,-0.62261,22,225.240005
2017-01-03,2017-01-25,227.5,call,1.19,1.22,1.21,0.97,12,47,0.09292,0.34135,22,225.240005
2017-01-03,2017-01-25,227.5,put,3.29,3.36,3.33,3.82,20,1,0.09292,-0.65865,22,225.240005
2017-01-03,2017-01-25,228.0,call,1.0,1.03,1.02,0.76,36,919,0.09292,0.30678,22,225.240005
2017-01-03,2017-01-25,228.0,put,3.59,3.66,3.62,2.5,0,58,0.09292,-0.69322,22,225.240005
2017-01-03,2017-01-25,228.5,call,0.82,0.85,0.83,0.62,29,130,0.09292,0.27391,22,225.240005
2017-01-03,2017-01-25,228.5,put,3.92,3.99,3.96,4.55,51,162,0.09292,-0.72609,22,225.240005
2017-01-03,2017-01-25,229.0,call,0.68,0.7,0.69,0.5,218,757,0.09292,0.24295,22,225.240005
2017-01-03,2017-01-25,229.0,put,4.25,4.37,4.31,2.7,0,183,0.08317,-0.78263,22,225.240005
2017-01-03,2017-01-25,229.5,call,0.55,0.57,0.56,0.51,188,114,0.09292,0.21405,22,225.240005
2017-01-03,2017-01-25,229.5,put,4.63,4.75,4.69,5.47,14,4,0.08317,-0.81271,22,225.240005
2017-01-03,2017-01-25,230.0,call,0.45,0.47,0.46,0.37,128,298,0.09292,0.18732,22,225.240005
2017-01-03,2017-01-25,230.0,put,5.02,5.15,5.08,5.53,21,11,0.08317,-0.84001,22,225.240005
2017-01-03,2017-01-25,230.5,call,0.36,0.38,0.37,0.4,40,63,0.08317,0.13548,22,225.240005
2017-01-03,2017-01-25,230.5,put,5.41,5.56,5.48,0.0,0,0,0.08317,-0.86452,22,225.240005
2017-01-03,2017-01-25,231.0,call,0.29,0.3,0.29,0.21,47,222,0.08317,0.11372,22,225.240005
2017-01-03,2017-01-25,231.0,put,5.85,6.0,5.92,0.0,0,0,0.08317,-0.88628,22,225.240005
2017-01-03,2017-01-25,231.5,call,0.23,0.24,0.23,0.21,1,1306,0.08317,0.09461,22,225.240005
2017-01-03,2017-01-25,231.5,put,6.3,6.45,6.38,3.74,0,89,0.08317,-0.90539,22,225.240005
2017-01-03,2017-01-25,232.0,call,0.18,0.2,0.19,0.16,8,100,0.08317,0.07802,22,225.240005
2017-01-03,2017-01-25,232.0,put,6.74,6.92,6.83,2.98,0,2,0.08317,-0.92198,22,225.240005
2017-01-03,2017-01-25,232.5,call,0.15,0.16,0.15,0.19,309,51,0.08317,0.06376,22,225.240005
2017-01-03,2017-01-25,232.5,put,7.21,7.39,7.3,0.0,0,0,0.08317,-0.93624,22,225.240005
2017-01-03,2017-01-25,233.0,call,0.12,0.13,0.12,0.09,2,122,0.08317,0.05164,22,225.240005
2017-01-03,2017-01-25,233.0,put,7.69,7.87,7.78,0.0,0,0,0.08317,-0.94836,22,225.240005
2017-01-03,2017-01-25,233.5,call,0.1,0.11,0.11,0.1,1,12,0.09292,0.06059,22,225.240005
2017-01-03,2017-01-25,233.5,put,8.17,8.35,8.26,0.0,0,0,0.08317,-0.95856,22,225.240005
2017-01-03,2017-01-25,234.0,call,0.08,0.09,0.08,0.08,61,14,0.08317,0.03296,22,225.240005
2017-01-03,2017-01-25,234.0,put,8.66,8.84,8.75,0.0,0,0,0.09292,-0.94987,22,225.240005
2017-01-03,2017-01-25,234.5,call,0.07,0.08,0.08,0.07,0,1,0.09292,0.04118,22,225.240005
2017-01-03,2017-01-25,234.5,put,9.15,9.33,9.24,0.0,0,0,0.09292,-0.95882,22,225.240005
2017-01-03,2017-01-25,235.0,call,0.06,0.07,0.07,0.05,4,14,0.09292,0.03359,22,225.240005
2017-01-03,2017-01-25,235.0,put,9.65,9.83,9.74,4.58,0,10,0.09292,-0.96641,22,225.240005
2017-01-03,2017-01-25,235.5,call,0.05,0.06,0.06,0.08,0,2,0.09292,0.0272,22,225.240005
2017-01-03,2017-01-25,235.5,put,10.14,10.33,10.23,0.0,0,0,0.09292,-0.9728,22,225.240005
2017-01-03,2017-01-25,236.0,call,0.05,0.06,0.06,0.04,4,6,0.10268,0.03417,22,225.240005
2017-01-03,2017-01-25,236.0,put,10.64,10.82,10.73,0.0,0,0,0.10268,-0.96583,22,225.240005
2017-01-03,2017-01-25,236.5,call,0.04,0.05,0.04,0.0,0,0,0.09292,0.01745,22,225.240005
2017-01-03,2017-01-25,236.5,put,11.14,11.33,11.23,0.0,0,0,0.10268,-0.97172,22,225.240005
2017-01-03,2017-01-25,237.0,call,0.04,0.05,0.04,0.03,0,6,0.10268,0.02327,22,225.240005
2017-01-03,2017-01-25,237.0,put,11.66,11.83,11.75,0.0,0,0,0.11244,-0.96528,22,225.240005
2017-01-03,2017-01-25,237.5,call,0.04,0.05,0.04,0.05,0,5,0.10268,0.01904,22,225.240005
2017-01-03,2017-01-25,237.5,put,12.13,12.34,12.23,0.0,0,0,0.11244,-0.97074,22,225.240005
2017-01-03,2017-01-25,238.0,call,0.03,0.04,0.04,0.03,0,24,0.10268,0.01548,22,225.240005
2017-01-03,2017-01-25,238.0,put,12.64,12.85,12.75,0.0,0,0,0.12219,-0.96474,22,225.240005
2017-01-03,2017-01-25,238.5,call,0.03,0.04,0.04,0.07,0,10,0.11244,0.02047,22,225.240005
2017-01-03,2017-01-25,238.5,put,13.15,13.36,13.25,0.0,0,0,0.12219,-0.96985,22,225.240005
2017-01-03,2017-01-25,239.0,call,0.03,0.04,0.04,0.03,0,1,0.11244,0.01701,22,225.240005
2017-01-03,2017-01-25,239.0,put,13.65,13.86,13.75,6.41,0,0,0.13195,-0.96423,22,225.240005
2017-01-03,2017-01-25,239.5,call,0.03,0.04,0.04,0.02,0,140,0.11244,0.01406,22,225.240005
2017-01-03,2017-01-25,239.5,put,14.14,14.35,14.25,0.0,0,0,0.13195,-0.96902,22,225.240005
2017-01-03,2017-01-25,240.0,call,0.02,0.03,0.03,0.03,0,365,0.11244,0.01157,22,225.240005
2017-01-03,2017-01-25,240.0,put,14.65,14.85,14.75,0.0,0,0,0.13195,-0.97325,22,225.240005
2017-01-03,2017-01-27,195.0,call,30.36,30.54,30.45,0.0,0,0,0.27829,0.9804,24,225.240005
2017-01-03,2017-01-27,195.0,put,0.06,0.07,0.07,0.06,194,1914,0.25877,-0.01347,24,225.240005
2017-01-03,2017-01-27,198.0,call,27.38,27.56,27.47,0.0,0,0,0.25877,0.97628,24,225.240005
2017-01-03,2017-01-27,198.0,put,0.07,0.08,0.08,0.09,0,506,0.23926,-0.01623,24,225.240005
2017-01-03,2017-01-27,198.5,call,26.88,27.06,26.97,13.57,0,1,0.25877,0.97407,24,225.240005
2017-01-03,2017-01-27,198.5,put,0.08,0.09,0.08,0.1,25,704,0.23926,-0.01797,24,225.240005
2017-01-03,2017-01-27,199.0,call,26.39,26.56,26.48,0.0,0,0,0.25877,0.9717,24,225.240005
2017-01-03,2017-01-27,199.0,put,0.08,0.09,0.08,0.06,0,527,0.22951,-0.01612,24,225.240005
2017-01-03,2017-01-27,199.5,call,25.89,26.07,25.98,0.0,0,0,0.24902,0.97376,24,225.240005
2017-01-03,2017-01-27,199.5,put,0.08,0.09,0.08,0.1,100,917,0.22951,-0.01792,24,225.240005
2017-01-03,2017-01-27,200.0,call,25.39,25.58,25.48,12.94,0,100,0.24902,0.97128,24,225.240005
2017-01-03,2017-01-27,200.0,put,0.09,0.1,0.1,0.1,221,2150,0.22951,-0.01988,24,225.240005
2017-01-03,2017-01-27,202.5,call,22.92,23.1,23.01,11.55,0,2,0.22951,0.9675,24,225.240005
2017-01-03,2017-01-27,202.5,put,0.11,0.12,0.11,0.13,4,585,0.21,-0.02214,24,225.240005
2017-01-03,2017-01-27,205.0,call,20.45,20.61,20.53,9.51,0,10,0.21,0.96275,24,225.240005
2017-01-03,2017-01-27,205.0,put,0.14,0.15,0.15,0.18,701,11027,0.20024,-0.03089,24,225.240005
2017-01-03,2017-01-27,207.5,call,17.99,18.16,18.07,9.41,0,5,0.20024,0.94864,24,225.240005
2017-01-03,2017-01-27,207.5,put,0.18,0.19,0.18,0.19,2037,2367,0.19048,-0.04337,24,225.240005
2017-01-03,2017-01-27,210.0,call,15.56,15.73,15.64,14.54,20,51,0.18073,0.93874,24,225.240005
2017-01-03,2017-01-27,210.0,put,0.24,0.25,0.24,0.26,741,23799,0.17097,-0.05157,24,225.240005
2017-01-03,2017-01-27,212.5,call,13.15,13.32,13.23,6.19,0,17,0.17097,0.91307,24,225.240005
2017-01-03,2017-01-27,212.5,put,0.33,0.35,0.34,0.41,1037,4712,0.16122,-0.07499,24,225.240005
2017-01-03,2017-01-27,215.0,call,10.8,10.96,10.88,10.16,2,112,0.16122,0.8763,24,225.240005
2017-01-03,2017-01-27,215.0,put,0.47,0.49,0.48,0.5,954,2738,0.15146,-0.10961,24,225.240005
2017-01-03,2017-01-27,215.5,call,10.33,10.5,10.41,5.52,0,8,0.15146,0.87876,24,225.240005
2017-01-03,2017-01-27,215.5,put,0.51,0.53,0.52,0.6,80,764,0.15146,-0.12124,24,225.240005
2017-01-03,2017-01-27,216.0,call,9.88,10.03,9.96,4.92,0,56,0.15146,0.86631,24,225.240005
2017-01-03,2017-01-27,216.0,put,0.55,0.57,0.56,0.61,257,33591,0.15146,-0.13369,24,225.240005
2017-01-03,2017-01-27,216.5,call,9.42,9.58,9.5,4.41,0,81,0.15146,0.85305,24,225.240005
2017-01-03,2017-01-27,216.5,put,0.59,0.61,0.6,0.73,259,519,0.1417,-0.13151,24,225.240005
2017-01-03,2017-01-27,217.0,call,8.98,9.12,9.05,8.04,1,108,0.15146,0.83896,24,225.240005
2017-01-03,2017-01-27,217.0,put,0.64,0.66,0.65,0.67,87,1050,0.1417,-0.14553,24,225.240005
2017-01-03,2017-01-27,217.5,call,8.53,8.67,8.6,7.96,50,292,0.1417,0.83951,24,225.240005
2017-01-03,2017-01-27,217.5,put,0.69,0.71,0.7,0.76,93,506,0.1417,-0.16049,24,225.240005
2017-01-03,2017-01-27,218.0,call,8.09,8.22,8.16,3.43,0,504,0.1417,0.82362,24,225.240005
2017-01-03,2017-01-27,218.0,put,0.75,0.77,0.76,0.78,166,1446,0.1417,-0.17638,24,225.240005
2017-01-03,2017-01-27,218.5,call,7.65,7.78,7.71,7.1,50,85,0.1417,0.80681,24,225.240005
2017-01-03,2017-01-27,218.5,put,0.81,0.83,0.82,0.86,112,191,0.1417,-0.19319,24,225.240005
2017-01-03,2017-01-27,219.0,call,7.22,7.35,7.29,6.68,50,299,0.1417,0.7891,24,225.240005
2017-01-03,2017-01-27,219.0,put,0.87,0.9,0.89,1.12,2322,1252,0.13195,-0.19487,24,225.240005
2017-01-03,2017-01-27,219.5,call,6.8,6.92,6.86,3.08,0,90,0.13195,0.78602,24,225.240005
2017-01-03,2017-01-27,219.5,put,0.94,0.97,0.95,1.14,60,417,0.13195,-0.21398,24,225.240005
2017-01-03,2017-01-27,220.0,call,6.38,6.49,6.44,6.2,69,150,0.13195,0.76591,24,225.240005
2017-01-03,2017-01-27,220.0,put,1.02,1.04,1.03,1.07,829,3999,0.13195,-0.23409,24,225.240005
2017-01-03,2017-01-27,220.5,call,5.99,6.07,6.03,5.16,1,8,0.13195,0.74484,24,225.240005
2017-01-03,2017-01-27,220.5,put,1.11,1.13,1.12,1.34,22,1152,0.13195,-0.25516,24,225.240005
2017-01-03,2017-01-27,221.0,call,5.59,5.66,5.62,5.97,79,241,0.13195,0.72288,24,225.240005
2017-01-03,2017-01-27,221.0,put,1.2,1.22,1.21,1.24,193,26486,0.12219,-0.26238,24,225.240005
2017-01-03,2017-01-27,221.5,call,5.19,5.25,5.22,4.63,28,410,0.13195,0.70008,24,225.240005
2017-01-03,2017-01-27,221.5,put,1.3,1.32,1.31,1.6,16,407,0.12219,-0.28641,24,225.240005
2017-01-03,2017-01-27,222.0,call,4.8,4.86,4.83,1.86,0,777,0.12219,0.68862,24,225.240005
2017-01-03,2017-01-27,222.0,put,1.4,1.43,1.42,1.49,88,30533,0.12219,-0.31138,24,225.240005
2017-01-03,2017-01-27,222.5,call,4.42,4.48,4.45,4.43,14,347,0.12219,0.66281,24,225.240005
2017-01-03,2017-01-27,222.5,put,1.53,1.55,1.54,1.54,616,3225,0.12219,-0.33719,24,225.240005
2017-01-03,2017-01-27,223.0,call,4.05,4.1,4.07,3.88,70,994,0.12219,0.63627,24,225.240005
2017-01-03,2017-01-27,223.0,put,1.64,1.68,1.66,1.74,250,36194,0.11244,-0.35341,24,225.240005
2017-01-03,2017-01-27,223.5,call,3.68,3.74,3.71,3.16,55,1628,0.12219,0.60912,24,225.240005
2017-01-03,2017-01-27,223.5,put,1.78,1.81,1.79,1.89,178,800,0.11244,-0.38268,24,225.240005
2017-01-03,2017-01-27,224.0,call,3.34,3.39,3.37,2.8,32,772,0.11244,0.58743,24,225.240005
2017-01-03,2017-01-27,224.0,put,1.93,1.97,1.95,1.99,284,1513,0.11244,-0.41257,24,225.240005
2017-01-03,2017-01-27,224.5,call,3.0,3.05,3.02,2.99,189,1150,0.11244,0.55709,24,225.240005
2017-01-03,2017-01-27,224.5,put,2.1,2.13,2.12,2.38,505,2259,0.11244,-0.44291,24,225.240005
2017-01-03,2017-01-27,225.0,call,2.68,2.72,2.7,2.5,390,3010,0.11244,0.52649,24,225.240005
2017-01-03,2017-01-27,225.0,put,2.28,2.31,2.29,2.3,1940,2401,0.10268,-0.47204,24,225.240005
2017-01-03,2017-01-27,225.5,call,2.38,2.41,2.4,2.37,109,2053,0.11244,0.49579,24,225.240005
2017-01-03,2017-01-27,225.5,put,2.47,2.51,2.49,3.07,72,417,0.10268,-0.50565,24,225.240005
2017-01-03,2017-01-27,226.0,call,2.09,2.13,2.11,1.8,601,3091,0.10268,0.46085,24,225.240005
2017-01-03,2017-01-27,226.0,put,2.68,2.72,2.7,2.91,111,875,0.10268,-0.53915,24,225.240005
2017-01-03,2017-01-27,226.5,call,1.82,1.86,1.84,1.76,11,1156,0.10268,0.42771,24,225.240005
2017-01-03,2017-01-27,226.5,put,2.91,2.96,2.94,3.07,10,743,0.10268,-0.57229,24,225.240005
2017-01-03,2017-01-27,227.0,call,1.57,1.61,1.59,1.55,222,1954,0.10268,0.39513,24,225.240005
2017-01-03,2017-01-27,227.0,put,3.16,3.22,3.19,3.34,27,2401,0.10268,-0.60487,24,225.240005
2017-01-03,2017-01-27,227.5,call,1.35,1.38,1.36,1.31,1157,1069,0.10268,0.36335,24,225.240005
2017-01-03,2017-01-27,227.5,put,3.43,3.49,3.46,4.3,31,809,0.09292,-0.65131,24,225.240005
2017-01-03,2017-01-27,228.0,call,1.14,1.17,1.15,1.08,513,1193,0.09292,0.31526,24,225.240005
2017-01-03,2017-01-27,228.0,put,3.73,3.79,3.76,4.27,182,956,0.09292,-0.68474,24,225.240005
2017-01-03,2017-01-27,228.5,call,0.96,0.98,0.97,0.84,596,554,0.09292,0.28335,24,225.240005
2017-01-03,2017-01-27,228.5,put,4.04,4.11,4.08,4.94,7,373,0.09292,-0.71665,24,225.240005
2017-01-03,2017-01-27,229.0,call,0.8,0.82,0.81,0.77,1595,1703,0.09292,0.25313,24,225.240005
2017-01-03,2017-01-27,229.0,put,4.36,4.47,4.42,5.0,21,458,0.09292,-0.74687,24,225.240005
2017-01-03,2017-01-27,229.5,call,0.66,0.68,0.67,0.65,1364,672,0.09292,0.22477,24,225.240005
2017-01-03,2017-01-27,229.5,put,4.72,4.84,4.78,5.56,33,239,0.09292,-0.77523,24,225.240005
2017-01-03,2017-01-27,230.0,call,0.54,0.56,0.55,0.53,21970,7195,0.09292,0.19835,24,225.240005
2017-01-03,2017-01-27,230.0,put,5.1,5.22,5.16,5.97,59,1710,0.08317,-0.82884,24,225.240005
2017-01-03,2017-01-27,230.5,call,0.44,0.46,0.45,0.34,164,3845,0.09292,0.17395,24,225.240005
2017-01-03,2017-01-27,230.5,put,5.5,5.63,5.56,6.59,27,1013,0.08317,-0.85347,24,225.240005
2017-01-03,2017-01-27,231.0,call,0.36,0.38,0.37,0.34,2135,1755,0.09292,0.1516,24,225.240005
2017-01-03,2017-01-27,231.0,put,5.91,6.06,5.98,3.9,0,1118,0.08317,-0.87555,24,225.240005
2017-01-03,2017-01-27,231.5,call,0.29,0.31,0.3,0.28,1598,872,0.09292,0.13129,24,225.240005
2017-01-03,2017-01-27,231.5,put,6.35,6.5,6.42,6.93,15,512,0.08317,-0.89515,24,225.240005
2017-01-03,2017-01-27,232.0,call,0.24,0.25,0.24,0.23,446,7164,0.09292,0.11297,24,225.240005
2017-01-03,2017-01-27,232.0,put,6.79,6.95,6.87,3.14,0,603,0.08317,-0.91238,24,225.240005
2017-01-03,2017-01-27,232.5,call,0.19,0.21,0.2,0.19,540,2877,0.09292,0.09659,24,225.240005
2017-01-03,2017-01-27,232.5,put,7.24,7.41,7.33,3.35,0,742,0.08317,-0.92737,24,225.240005
2017-01-03,2017-01-27,233.0,call,0.16,0.17,0.17,0.16,367,2295,0.09292,0.08206,24,225.240005
2017-01-03,2017-01-27,233.0,put,7.71,7.89,7.8,3.49,0,147,0.08317,-0.94029,24,225.240005
2017-01-03,2017-01-27,233.5,call,0.13,0.14,0.14,0.13,455,1589,0.09292,0.06926,24,225.240005
2017-01-03,2017-01-27,233.5,put,8.19,8.37,8.28,3.63,0,170,0.08317,-0.95132,24,225.240005
2017-01-03,2017-01-27,234.0,call,0.11,0.12,0.11,0.12,976,6182,0.09292,0.05808,24,225.240005
2017-01-03,2017-01-27,234.0,put,8.68,8.85,8.77,3.84,0,211,0.09292,-0.94192,24,225.240005
2017-01-03,2017-01-27,234.5,call,0.09,0.1,0.1,0.08,11,1060,0.09292,0.04839,24,225.240005
2017-01-03,2017-01-27,234.5,put,9.16,9.34,9.25,4.08,0,1,0.09292,-0.95161,24,225.240005
2017-01-03,2017-01-27,235.0,call,0.08,0.09,0.08,0.07,16383,12849,0.09292,0.04005,24,225.240005
2017-01-03,2017-01-27,235.0,put,9.65,9.83,9.74,9.95,40,109,0.09292,-0.95995,24,225.240005
2017-01-03,2017-01-27,235.5,call,0.07,0.08,0.08,0.07,10,267,0.09292,0.03294,24,225.240005
2017-01-03,2017-01-27,235.5,put,10.15,10.33,10.24,0.0,0,0,0.09292,-0.96706,24,225.240005
2017-01-03,2017-01-27,236.0,call,0.06,0.07,0.07,0.06,2,349,0.09292,0.02691,24,225.240005
2017-01-03,2017-01-27,236.0,put,10.64,10.82,10.73,4.81,0,1,0.09292,-0.97309,24,225.240005
2017-01-03,2017-01-27,236.5,call,0.05,0.06,0.06,0.05,793,39,0.10268,0.03415,24,225.240005
2017-01-03,2017-01-27,236.5,put,11.14,11.32,11.23,0.0,0,0,0.10268,-0.96585,24,225.240005
2017-01-03,2017-01-27,237.0,call,0.05,0.06,0.06,0.07,2,226,0.10268,0.0285,24,225.240005
2017-01-03,2017-01-27,237.0,put,11.64,11.84,11.74,0.0,0,0,0.10268,-0.9715,24,225.240005
2017-01-03,2017-01-27,237.5,call,0.04,0.05,0.04,0.04,397,93,0.10268,0.02367,24,225.240005
2017-01-03,2017-01-27,237.5,put,12.15,12.33,12.24,0.0,0,0,0.11244,-0.96476,24,225.240005
2017-01-03,2017-01-27,238.0,call,0.04,0.05,0.04,0.04,24,162,0.10268,0.01955,24,225.240005
2017-01-03,2017-01-27,238.0,put,12.63,12.84,12.73,0.0,0,0,0.11244,-0.97007,24,225.240005
2017-01-03,2017-01-27,238.5,call,0.03,0.04,0.04,0.04,10,23,0.10268,0.01606,24,225.240005
2017-01-03,2017-01-27,238.5,put,13.15,13.36,13.25,0.0,0,0,0.12219,-0.96376,24,225.240005
2017-01-03,2017-01-27,239.0,call,0.03,0.04,0.04,0.02,7,438,0.11244,0.02132,24,225.240005
2017-01-03,2017-01-27,239.0,put,13.65,13.86,13.75,6.3,0,3,0.12219,-0.96877,24,225.240005
2017-01-03,2017-01-27,239.5,call,0.03,0.04,0.04,0.02,1,19,0.11244,0.01788,24,225.240005
2017-01-03,2017-01-27,239.5,put,14.13,14.34,14.23,0.0,0,0,0.12219,-0.97318,24,225.240005
2017-01-03,2017-01-27,240.0,call,0.03,0.04,0.04,0.02,8,1268,0.11244,0.01493,24,225.240005
2017-01-03,2017-01-27,240.0,put,14.64,14.85,14.75,15.74,4,3,0.13195,-0.96757,24,225.240005
2017-01-03,2017-01-27,242.5,call,0.02,0.03,0.03,0.02,3,227,0.12219,0.00998,24,225.240005
2017-01-03,2017-01-27,242.5,put,17.14,17.35,17.25,0.0,0,0,0.15146,-0.96929,24,225.240005
2017-01-03,2017-01-27,245.0,call,0.01,0.02,0.01,0.01,0,127,0.12219,0.00397,24,225.240005
2017-01-03,2017-01-27,245.0,put,19.64,19.85,19.75,0.0,0,0,0.17097,-0.97037,24,225.240005
2017-01-03,2017-01-27,247.5,call,0.01,0.02,0.01,0.01,0,1013,0.1417,0.00518,24,225.240005
2017-01-03,2017-01-27,247.5,put,22.15,22.36,22.25,0.0,0,0,0.18073,-0.97731,24,225.240005
2017-01-03,2017-01-27,250.0,put,24.63,24.84,24.73,11.81,0,1,0.19048,-0.98222,24,225.240005
2017-01-03,2017-01-27,252.5,put,27.14,27.35,27.25,12.94,0,18,0.21975,-0.97679,24,225.240005
2017-01-03,2017-01-27,255.0,put,29.64,29.85,29.75,14.28,0,1,0.22951,-0.98086,24,225.240005
2017-01-03,2017-01-27,257.5,put,32.14,32.35,32.25,16.03,0,44,0.24902,-0.98018,24,225.240005
2017-01-03,2017-01-27,260.0,put,34.65,34.86,34.75,17.84,0,4,0.26853,-0.9795,24,225.240005
2017-01-03,2017-02-01,195.0,call,30.41,30.6,30.51,0.0,0,0,0.26853,0.97438,29,225.240005
2017-01-03,2017-02-01,195.0,put,0.08,0.09,0.08,0.09,10,440,0.23926,-0.01466,29,225.240005
2017-01-03,2017-02-01,196.0,call,29.42,29.6,29.51,0.0,0,0,0.25877,0.97441,29,225.240005
2017-01-03,2017-02-01,196.0,put,0.09,0.1,0.1,0.11,18,0,0.23926,-0.01772,29,225.240005
2017-01-03,2017-02-01,197.0,call,28.43,28.6,28.52,0.0,0,0,0.25877,0.96996,29,225.240005
2017-01-03,2017-02-01,197.0,put,0.09,0.1,0.1,0.0,0,0,0.22951,-0.01738,29,225.240005
2017-01-03,2017-02-01,198.0,call,27.44,27.61,27.52,0.0,0,0,0.24902,0.96988,29,225.240005
2017-01-03,2017-02-01,198.0,put,0.1,0.11,0.11,0.11,0,60,0.22951,-0.02103,29,225.240005
2017-01-03,2017-02-01,199.0,call,26.45,26.63,26.54,0.0,0,0,0.23926,0.96981,29,225.240005
2017-01-03,2017-02-01,199.0,put,0.11,0.12,0.11,0.0,0,0,0.21975,-0.02072,29,225.240005
2017-01-03,2017-02-01,200.0,call,25.46,25.64,25.55,11.99,0,10,0.23926,0.96436,29,225.240005
2017-01-03,2017-02-01,200.0,put,0.12,0.13,0.12,0.18,20,27,0.21975,-0.02511,29,225.240005
2017-01-03,2017-02-01,201.0,call,24.47,24.64,24.55,0.0,0,0,0.22951,0.96411,29,225.240005
2017-01-03,2017-02-01,201.0,put,0.13,0.14,0.14,0.11,0,61,0.21,-0.02488,29,225.240005
2017-01-03,2017-02-01,202.0,call,23.48,23.65,23.56,11.01,0,40,0.21975,0.96387,29,225.240005
2017-01-03,2017-02-01,202.0,put,0.14,0.16,0.15,0.18,2,144,0.21,-0.03018,29,225.240005
2017-01-03,2017-02-01,203.0,call,22.5,22.67,22.59,0.0,0,0,0.21975,0.95708,29,225.240005
2017-01-03,2017-02-01,203.0,put,0.16,0.17,0.17,0.17,0,65,0.20024,-0.03009,29,225.240005
2017-01-03,2017-02-01,204.0,call,21.51,21.68,21.59,0.0,0,0,0.21,0.95653,29,225.240005
2017-01-03,2017-02-01,204.0,put,0.17,0.19,0.18,0.15,0,92,0.20024,-0.03654,29,225.240005
2017-01-03,2017-02-01,205.0,call,20.53,20.69,20.61,0.0,0,0,0.20024,0.95597,29,225.240005
2017-01-03,2017-02-01,205.0,put,0.19,0.2,0.2,0.24,2,25,0.19048,-0.03671,29,225.240005
2017-01-03,2017-02-01,206.0,call,19.56,19.72,19.64,9.46,0,30,0.20024,0.94733,29,225.240005
2017-01-03,2017-02-01,206.0,put,0.21,0.23,0.22,0.18,0,10,0.19048,-0.0446,29,225.240005
2017-01-03,2017-02-01,207.0,call,18.58,18.75,18.66,0.0,0,0,0.19048,0.94624,29,225.240005
2017-01-03,2017-02-01,207.0,put,0.23,0.25,0.24,0.25,0,1,0.18073,-0.04518,29,225.240005
2017-01-03,2017-02-01,208.0,call,17.61,17.78,17.7,17.37,10,0,0.19048,0.9357,29,225.240005
2017-01-03,2017-02-01,208.0,put,0.26,0.28,0.27,0.29,1,5,0.18073,-0.05492,29,225.240005
2017-01-03,2017-02-01,209.0,call,16.64,16.81,16.73,0.0,0,0,0.19048,0.92369,29,225.240005
2017-01-03,2017-02-01,209.0,put,0.29,0.31,0.3,0.29,0,57,0.17097,-0.05617,29,225.240005
2017-01-03,2017-02-01,210.0,call,15.69,15.85,15.77,8.47,0,11,0.18073,0.92088,29,225.240005
2017-01-03,2017-02-01,210.0,put,0.33,0.35,0.34,0.4,148,235,0.17097,-0.06828,29,225.240005
2017-01-03,2017-02-01,211.0,call,14.73,14.89,14.81,6.73,0,10,0.17097,0.91776,29,225.240005
2017-01-03,2017-02-01,211.0,put,0.37,0.39,0.38,0.36,0,29,0.17097,-0.08224,29,225.240005
2017-01-03,2017-02-01,212.0,call,13.78,13.94,13.86,6.27,0,43,0.17097,0.90183,29,225.240005
2017-01-03,2017-02-01,212.0,put,0.42,0.44,0.43,0.47,71,80,0.16122,-0.08575,29,225.240005
2017-01-03,2017-02-01,213.0,call,12.84,13.0,12.92,0.0,0,0,0.16122,0.89685,29,225.240005
2017-01-03,2017-02-01,213.0,put,0.48,0.5,0.49,0.53,17,943,0.16122,-0.10315,29,225.240005
2017-01-03,2017-02-01,214.0,call,11.91,12.07,11.99,11.55,1,0,0.16122,0.87713,29,225.240005
2017-01-03,2017-02-01,214.0,put,0.55,0.57,0.56,0.72,4,83,0.15146,-0.10885,29,225.240005
2017-01-03,2017-02-01,215.0,call,10.99,11.14,11.07,10.21,2,11,0.16122,0.85501,29,225.240005
2017-01-03,2017-02-01,215.0,put,0.62,0.65,0.64,0.68,373,1875,0.15146,-0.13062,29,225.240005
2017-01-03,2017-02-01,216.0,call,10.08,10.23,10.16,4.75,0,7,0.15146,0.8449,29,225.240005
2017-01-03,2017-02-01,216.0,put,0.71,0.74,0.72,0.89,14,9,0.1417,-0.13967,29,225.240005
2017-01-03,2017-02-01,217.0,call,9.19,9.33,9.26,0.0,0,0,0.15146,0.81769,29,225.240005
2017-01-03,2017-02-01,217.0,put,0.82,0.84,0.83,0.86,52,97,0.1417,-0.16698,29,225.240005
2017-01-03,2017-02-01,218.0,call,8.31,8.45,8.38,3.98,0,51,0.1417,0.80263,29,225.240005
2017-01-03,2017-02-01,218.0,put,0.94,0.97,0.95,1.18,11,47,0.1417,-0.19737,29,225.240005
2017-01-03,2017-02-01,219.0,call,7.46,7.59,7.53,7.38,179,1634,0.1417,0.76928,29,225.240005
2017-01-03,2017-02-01,219.0,put,1.08,1.11,1.1,1.3,514,63,0.13195,-0.21532,29,225.240005
2017-01-03,2017-02-01,220.0,call,6.65,6.74,6.7,6.8,33,128,0.13195,0.74716,29,225.240005
2017-01-03,2017-02-01,220.0,put,1.24,1.27,1.25,1.52,1158,227,0.13195,-0.25284,29,225.240005
2017-01-03,2017-02-01,221.0,call,5.85,5.92,5.88,5.49,6,153,0.13195,0.70666,29,225.240005
2017-01-03,2017-02-01,221.0,put,1.43,1.46,1.44,1.53,45,69,0.12219,-0.27954,29,225.240005
2017-01-03,2017-02-01,222.0,call,5.07,5.14,5.11,4.47,220,291,0.12219,0.67477,29,225.240005
2017-01-03,2017-02-01,222.0,put,1.64,1.68,1.66,1.96,76,157,0.12219,-0.32523,29,225.240005
2017-01-03,2017-02-01,223.0,call,4.32,4.38,4.35,3.74,27,724,0.12219,0.62651,29,225.240005
2017-01-03,2017-02-01,223.0,put,1.89,1.93,1.91,2.29,306,217,0.11244,-0.36401,29,225.240005
2017-01-03,2017-02-01,224.0,call,3.62,3.68,3.65,3.45,28,123,0.11244,0.58183,29,225.240005
2017-01-03,2017-02-01,224.0,put,2.19,2.23,2.21,2.39,619,249,0.11244,-0.41817,29,225.240005
2017-01-03,2017-02-01,225.0,call,2.97,3.01,2.99,2.69,66,265,0.11244,0.52632,29,225.240005
2017-01-03,2017-02-01,225.0,put,2.54,2.58,2.56,2.64,24,70,0.11244,-0.47368,29,225.240005
2017-01-03,2017-02-01,226.0,call,2.38,2.41,2.4,1.94,54,1153,0.10268,0.46661,29,225.240005
2017-01-03,2017-02-01,226.0,put,2.93,2.99,2.96,2.92,6,5,0.10268,-0.53339,29,225.240005
2017-01-03,2017-02-01,227.0,call,1.85,1.88,1.86,1.45,476,232,0.10268,0.40659,29,225.240005
2017-01-03,2017-02-01,227.0,put,3.4,3.46,3.43,3.6,1,20,0.10268,-0.59341,29,225.240005
2017-01-03,2017-02-01,228.0,call,1.4,1.42,1.41,1.4,924,648,0.10268,0.34893,29,225.240005
2017-01-03,2017-02-01,228.0,put,3.94,4.01,3.97,4.22,1,140,0.09292,-0.66708,29,225.240005
2017-01-03,2017-02-01,229.0,call,1.02,1.04,1.03,1.02,540,30,0.09292,0.27461,29,225.240005
2017-01-03,2017-02-01,229.0,put,4.56,4.64,4.6,4.81,14,0,0.09292,-0.72539,29,225.240005
2017-01-03,2017-02-01,230.0,call,0.71,0.75,0.73,0.69,188,60,0.09292,0.22205,29,225.240005
2017-01-03,2017-02-01,230.0,put,5.25,5.38,5.31,3.36,0,15,0.09292,-0.77795,29,225.240005
2017-01-03,2017-02-01,231.0,call,0.49,0.52,0.51,0.48,50,25,0.09292,0.17595,29,225.240005
2017-01-03,2017-02-01,231.0,put,6.03,6.17,6.1,0.0,0,0,0.08317,-0.85154,29,225.240005
2017-01-03,2017-02-01,232.0,call,0.34,0.36,0.35,0.28,5,100,0.09292,0.13657,29,225.240005
2017-01-03,2017-02-01,232.0,put,6.88,7.03,6.96,0.0,0,0,0.08317,-0.89015,29,225.240005
2017-01-03,2017-02-01,233.0,call,0.23,0.25,0.24,0.21,10,8,0.09292,0.10383,29,225.240005
2017-01-03,2017-02-01,233.0,put,7.78,7.94,7.86,0.0,0,0,0.08317,-0.92084,29,225.240005
2017-01-03,2017-02-01,234.0,call,0.16,0.17,0.17,0.13,17,46,0.09292,0.07729,29,225.240005
2017-01-03,2017-02-01,234.0,put,8.71,8.88,8.8,0.0,0,0,0.09292,-0.92271,29,225.240005
2017-01-03,2017-02-01,235.0,call,0.11,0.12,0.11,0.12,1,73,0.09292,0.05633,29,225.240005
2017-01-03,2017-02-01,235.0,put,9.67,9.85,9.76,0.0,0,0,0.09292,-0.94367,29,225.240005
2017-01-03,2017-02-01,236.0,call,0.08,0.09,0.08,0.09,0,1,0.09292,0.04019,29,225.240005
2017-01-03,2017-02-01,236.0,put,10.65,10.83,10.74,0.0,0,0,0.09292,-0.95981,29,225.240005
2017-01-03,2017-02-01,237.0,call,0.06,0.08,0.07,0.05,0,12,0.09292,0.02807,29,225.240005
2017-01-03,2017-02-01,237.0,put,11.64,11.83,11.73,0.0,0,0,0.10268,-0.95781,29,225.240005
2017-01-03,2017-02-01,238.0,call,0.05,0.06,0.06,0.04,0,55,0.10268,0.03065,29,225.240005
2017-01-03,2017-02-01,238.0,put,12.65,12.84,12.75,0.0,0,0,0.11244,-0.95602,29,225.240005
2017-01-03,2017-02-01,239.0,call,0.04,0.05,0.04,0.03,0,52,0.10268,0.02189,29,225.240005
2017-01-03,2017-02-01,239.0,put,13.63,13.84,13.73,0.0,0,0,0.11244,-0.96701,29,225.240005
2017-01-03,2017-02-01,240.0,call,0.04,0.05,0.04,0.02,0,23,0.10268,0.01537,29,225.240005
2017-01-03,2017-02-01,240.0,put,14.65,14.86,14.75,0.0,0,0,0.12219,-0.96488,29,225.240005
2017-01-03,2017-02-01,245.0,call,0.02,0.03,0.03,0.02,0,9,0.13195,0.01293,29,225.240005
2017-01-03,2017-02-01,245.0,put,19.63,19.84,19.73,0.0,0,0,0.15146,-0.97357,29,225.240005
2017-01-03,2017-02-01,250.0,call,0.01,0.02,0.01,0.0,0,0,0.1417,0.00497,29,225.240005
2017-01-03,2017-02-01,250.0,put,24.64,24.85,24.75,0.0,0,0,0.19048,-0.97166,29,225.240005
2017-01-03,2017-02-03,198.0,call,27.47,27.65,27.56,0.0,0,0,0.24902,0.96563,31,225.240005
2017-01-03,2017-02-03,198.0,put,0.12,0.13,0.12,0.13,16,115,0.21975,-0.02001,31,225.240005
2017-01-03,2017-02-03,198.5,call,26.97,27.14,27.05,0.0,0,0,0.23926,0.96823,31,225.240005
2017-01-03,2017-02-03,198.5,put,0.13,0.14,0.14,0.0,0,0,0.22951,-0.02672,31,225.240005
2017-01-03,2017-02-03,199.0,call,26.48,26.66,26.57,0.0,0,0,0.23926,0.96556,31,225.240005
2017-01-03,2017-02-03,199.0,put,0.13,0.14,0.14,0.16,23,8,0.21975,-0.02414,31,225.240005
2017-01-03,2017-02-03,199.5,call,25.99,26.16,26.07,0.0,0,0,0.23926,0.96273,31,225.240005
2017-01-03,2017-02-03,199.5,put,0.14,0.15,0.15,0.0,0,0,0.21975,-0.02645,31,225.240005
2017-01-03,2017-02-03,200.0,call,25.49,25.66,25.57,11.85,0,5,0.22951,0.96552,31,225.240005
2017-01-03,2017-02-03,200.0,put,0.14,0.15,0.15,0.17,5,10,0.21975,-0.02894,31,225.240005
2017-01-03,2017-02-03,202.5,call,23.03,23.19,23.11,0.0,0,0,0.21975,0.95568,31,225.240005
2017-01-03,2017-02-03,202.5,put,0.18,0.19,0.18,0.2,0,101,0.20024,-0.03126,31,225.240005
2017-01-03,2017-02-03,205.0,call,20.58,20.75,20.66,9.59,0,10,0.20024,0.95076,31,225.240005
2017-01-03,2017-02-03,205.0,put,0.23,0.24,0.23,0.28,52,66,0.19048,-0.04146,31,225.240005
2017-01-03,2017-02-03,207.5,call,18.15,18.31,18.23,0.0,0,0,0.19048,0.93519,31,225.240005
2017-01-03,2017-02-03,207.5,put,0.3,0.31,0.3,0.36,25,3317,0.18073,-0.05541,31,225.240005
2017-01-03,2017-02-03,210.0,call,15.76,15.91,15.84,14.89,5,0,0.18073,0.91421,31,225.240005
2017-01-03,2017-02-03,210.0,put,0.4,0.41,0.41,0.43,2504,153,0.17097,-0.07462,31,225.240005
2017-01-03,2017-02-03,212.5,call,13.4,13.55,13.48,0.0,0,0,0.17097,0.88584,31,225.240005
2017-01-03,2017-02-03,212.5,put,0.52,0.53,0.53,0.54,23,68,0.16122,-0.10121,31,225.240005
2017-01-03,2017-02-03,215.0,call,11.09,11.24,11.16,10.31,5,32,0.16122,0.84749,31,225.240005
2017-01-03,2017-02-03,215.0,put,0.71,0.73,0.72,0.76,544,882,0.15146,-0.1381,31,225.240005
2017-01-03,2017-02-03,215.5,call,10.64,10.79,10.71,0.0,0,0,0.15146,0.84996,31,225.240005
2017-01-03,2017-02-03,215.5,put,0.75,0.77,0.76,0.93,10,100,0.15146,-0.15004,31,225.240005
2017-01-03,2017-02-03,216.0,call,10.19,10.34,10.27,0.0,0,0,0.15146,0.83738,31,225.240005
2017-01-03,2017-02-03,216.0,put,0.8,0.82,0.81,0.87,30,2,0.15146,-0.16262,31,225.240005
2017-01-03,2017-02-03,216.5,call,9.75,9.89,9.82,4.66,0,29,0.15146,0.82417,31,225.240005
2017-01-03,2017-02-03,216.5,put,0.86,0.88,0.87,1.08,28,14,0.1417,-0.16046,31,225.240005
2017-01-03,2017-02-03,217.0,call,9.31,9.45,9.38,8.87,8,10,0.15146,0.81033,31,225.240005
2017-01-03,2017-02-03,217.0,put,0.91,0.94,0.93,0.92,473,13,0.1417,-0.17446,31,225.240005
2017-01-03,2017-02-03,217.5,call,8.87,9.01,8.94,5.12,0,5,0.15146,0.79587,31,225.240005
2017-01-03,2017-02-03,217.5,put,0.97,1.0,0.98,1.1,418,3426,0.1417,-0.18917,31,225.240005
2017-01-03,2017-02-03,218.0,call,8.44,8.57,8.5,8.36,10,44,0.1417,0.79542,31,225.240005
2017-01-03,2017-02-03,218.0,put,1.04,1.06,1.05,1.28,30,21,0.1417,-0.20458,31,225.240005
2017-01-03,2017-02-03,218.5,call,8.01,8.14,8.07,0.0,0,0,0.1417,0.77932,31,225.240005
2017-01-03,2017-02-03,218.5,put,1.11,1.14,1.12,1.3,50,0,0.1417,-0.22068,31,225.240005
2017-01-03,2017-02-03,219.0,call,7.6,7.71,7.65,3.48,0,162,0.1417,0.76255,31,225.240005
2017-01-03,2017-02-03,219.0,put,1.19,1.21,1.2,1.27,347,86,0.13195,-0.22231,31,225.240005
2017-01-03,2017-02-03,219.5,call,7.17,7.3,7.23,0.0,0,0,0.1417,0.74515,31,225.240005
2017-01-03,2017-02-03,219.5,put,1.27,1.3,1.29,1.62,115,8,0.13195,-0.24037,31,225.240005
2017-01-03,2017-02-03,220.0,call,6.79,6.87,6.83,6.43,3,608,0.13195,0.74084,31,225.240005
2017-01-03,2017-02-03,220.0,put,1.36,1.39,1.38,1.4,373,1282,0.13195,-0.25916,31,225.240005
2017-01-03,2017-02-03,220.5,call,6.39,6.46,6.42,0.0,0,0,0.13195,0.72137,31,225.240005
2017-01-03,2017-02-03,220.5,put,1.45,1.48,1.46,1.59,20,153,0.13195,-0.27863,31,225.240005
2017-01-03,2017-02-03,221.0,call,5.99,6.06,6.03,2.72,0,166,0.13195,0.70125,31,225.240005
2017-01-03,2017-02-03,221.0,put,1.55,1.58,1.56,1.67,7,2650,0.12219,-0.28529,31,225.240005
2017-01-03,2017-02-03,221.5,call,5.6,5.67,5.63,2.25,0,2121,0.13195,0.68055,31,225.240005
2017-01-03,2017-02-03,221.5,put,1.66,1.69,1.67,1.75,60,1406,0.12219,-0.30722,31,225.240005
2017-01-03,2017-02-03,222.0,call,5.22,5.28,5.25,4.49,11,733,0.12219,0.67019,31,225.240005
2017-01-03,2017-02-03,222.0,put,1.77,1.81,1.79,2.14,15,1828,0.12219,-0.32981,31,225.240005
2017-01-03,2017-02-03,222.5,call,4.84,4.9,4.87,4.84,88,737,0.12219,0.64701,31,225.240005
2017-01-03,2017-02-03,222.5,put,1.9,1.93,1.92,2.38,4,64,0.12219,-0.35299,31,225.240005
2017-01-03,2017-02-03,223.0,call,4.48,4.53,4.51,4.08,14,231,0.12219,0.62332,31,225.240005
2017-01-03,2017-02-03,223.0,put,2.03,2.07,2.05,2.17,87,713,0.12219,-0.37668,31,225.240005
2017-01-03,2017-02-03,223.5,call,4.12,4.18,4.15,3.94,52,318,0.12219,0.59922,31,225.240005
2017-01-03,2017-02-03,223.5,put,2.17,2.21,2.19,2.52,10,509,0.11244,-0.39352,31,225.240005
2017-01-03,2017-02-03,224.0,call,3.78,3.83,3.8,3.59,98,110,0.12219,0.57479,31,225.240005
2017-01-03,2017-02-03,224.0,put,2.33,2.37,2.35,2.45,86,655,0.11244,-0.41997,31,225.240005
2017-01-03,2017-02-03,224.5,call,3.44,3.49,3.46,3.27,60,59,0.11244,0.55327,31,225.240005
2017-01-03,2017-02-03,224.5,put,2.5,2.54,2.52,2.83,60,140,0.11244,-0.44673,31,225.240005
2017-01-03,2017-02-03,225.0,call,3.12,3.17,3.15,3.08,243,254,0.11244,0.52632,31,225.240005
2017-01-03,2017-02-03,225.0,put,2.68,2.72,2.7,3.14,558,451,0.11244,-0.47368,31,225.240005
2017-01-03,2017-02-03,225.5,call,2.82,2.86,2.84,2.81,382,69,0.11244,0.49932,31,225.240005
2017-01-03,2017-02-03,225.5,put,2.86,2.91,2.88,3.28,22,78,0.10268,-0.50194,31,225.240005
2017-01-03,2017-02-03,226.0,call,2.53,2.56,2.54,2.45,206,80,0.11244,0.47237,31,225.240005
2017-01-03,2017-02-03,226.0,put,3.07,3.12,3.09,3.25,54,640,0.10268,-0.53143,31,225.240005
2017-01-03,2017-02-03,226.5,call,2.25,2.29,2.27,1.98,2,35,0.10268,0.43931,31,225.240005
2017-01-03,2017-02-03,226.5,put,3.29,3.35,3.32,3.51,3,150,0.10268,-0.56069,31,225.240005
2017-01-03,2017-02-03,227.0,call,1.99,2.03,2.01,1.88,46,1043,0.10268,0.41044,31,225.240005
2017-01-03,2017-02-03,227.0,put,3.53,3.59,3.56,4.07,2,13,0.10268,-0.58956,31,225.240005
2017-01-03,2017-02-03,227.5,call,1.75,1.78,1.77,1.73,14,557,0.10268,0.38211,31,225.240005
2017-01-03,2017-02-03,227.5,put,3.78,3.85,3.81,3.71,1,11,0.10268,-0.61789,31,225.240005
2017-01-03,2017-02-03,228.0,call,1.53,1.55,1.54,1.53,112,327,0.10268,0.35446,31,225.240005
2017-01-03,2017-02-03,228.0,put,4.06,4.13,4.09,4.25,4,15,0.09292,-0.66111,31,225.240005
2017-01-03,2017-02-03,228.5,call,1.32,1.35,1.33,1.32,52,401,0.10268,0.32762,31,225.240005
2017-01-03,2017-02-03,228.5,put,4.36,4.43,4.39,5.3,35,4,0.09292,-0.69019,31,225.240005
2017-01-03,2017-02-03,229.0,call,1.13,1.16,1.15,1.09,96,1080,0.09292,0.28194,31,225.240005
2017-01-03,2017-02-03,229.0,put,4.67,4.75,4.71,4.86,209,46,0.09292,-0.71806,31,225.240005
2017-01-03,2017-02-03,229.5,call,0.97,0.99,0.98,0.89,155,48,0.09292,0.25539,31,225.240005
2017-01-03,2017-02-03,229.5,put,5.01,5.08,5.04,0.0,0,0,0.09292,-0.74461,31,225.240005
2017-01-03,2017-02-03,230.0,call,0.82,0.85,0.83,0.79,123,92,0.09292,0.23026,31,225.240005
2017-01-03,2017-02-03,230.0,put,5.35,5.47,5.41,6.33,12,96,0.09292,-0.76974,31,225.240005
2017-01-03,2017-02-03,230.5,call,0.7,0.72,0.71,0.59,10,58,0.09292,0.20663,31,225.240005
2017-01-03,2017-02-03,230.5,put,5.72,5.85,5.79,6.73,27,21,0.09292,-0.79337,31,225.240005
2017-01-03,2017-02-03,231.0,call,0.58,0.61,0.59,0.53,112,152,0.09292,0.18454,31,225.240005
2017-01-03,2017-02-03,231.0,put,6.11,6.24,6.18,6.84,5,0,0.09292,-0.81546,31,225.240005
2017-01-03,2017-02-03,231.5,call,0.49,0.51,0.5,0.46,27,1107,0.09292,0.16403,31,225.240005
2017-01-03,2017-02-03,231.5,put,6.51,6.65,6.58,0.0,0,0,0.09292,-0.83597,31,225.240005
2017-01-03,2017-02-03,232.0,call,0.41,0.43,0.42,0.36,72,31,0.09292,0.1451,31,225.240005
2017-01-03,2017-02-03,232.0,put,6.93,7.08,7.0,3.71,0,2,0.08317,-0.88195,31,225.240005
2017-01-03,2017-02-03,232.5,call,0.34,0.36,0.35,0.35,34,296,0.09292,0.12773,31,225.240005
2017-01-03,2017-02-03,232.5,put,7.37,7.52,7.45,0.0,0,0,0.09292,-0.87227,31,225.240005
2017-01-03,2017-02-03,233.0,call,0.28,0.3,0.29,0.24,372,9312,0.09292,0.11189,31,225.240005
2017-01-03,2017-02-03,233.0,put,7.82,7.97,7.89,8.45,3,10,0.08317,-0.91344,31,225.240005
2017-01-03,2017-02-03,233.5,call,0.24,0.25,0.24,0.3,1,2,0.09292,0.09754,31,225.240005
2017-01-03,2017-02-03,233.5,put,8.27,8.43,8.35,0.0,0,0,0.08317,-0.92656,31,225.240005
2017-01-03,2017-02-03,234.0,call,0.2,0.21,0.21,0.19,88,88,0.09292,0.08462,31,225.240005
2017-01-03,2017-02-03,234.0,put,8.73,8.9,8.82,0.0,0,0,0.09292,-0.91538,31,225.240005
2017-01-03,2017-02-03,234.5,call,0.17,0.18,0.17,0.1,0,25,0.09292,0.07305,31,225.240005
2017-01-03,2017-02-03,234.5,put,9.21,9.38,9.3,0.0,0,0,0.09292,-0.92695,31,225.240005
2017-01-03,2017-02-03,235.0,call,0.14,0.15,0.15,0.14,29,16,0.09292,0.06275,31,225.240005
2017-01-03,2017-02-03,235.0,put,9.68,9.86,9.77,0.0,0,0,0.09292,-0.93725,31,225.240005
2017-01-03,2017-02-03,235.5,call,0.12,0.13,0.12,0.14,15,8,0.09292,0.05363,31,225.240005
2017-01-03,2017-02-03,235.5,put,10.17,10.35,10.26,0.0,0,0,0.09292,-0.94637,31,225.240005
2017-01-03,2017-02-03,236.0,call,0.1,0.11,0.11,0.1,680,1377,0.09292,0.04562,31,225.240005
2017-01-03,2017-02-03,236.0,put,10.66,10.84,10.75,0.0,0,0,0.09292,-0.95438,31,225.240005
2017-01-03,2017-02-03,236.5,call,0.09,0.1,0.1,0.1,10,0,0.09292,0.03861,31,225.240005
2017-01-03,2017-02-03,236.5,put,11.15,11.33,11.24,0.0,0,0,0.09292,-0.96139,31,225.240005
2017-01-03,2017-02-03,237.0,call,0.08,0.09,0.08,0.08,16,0,0.09292,0.03251,31,225.240005
2017-01-03,2017-02-03,237.0,put,11.65,11.83,11.74,0.0,0,0,0.10268,-0.95225,31,225.240005
2017-01-03,2017-02-03,237.5,call,0.07,0.08,0.08,0.05,0,20,0.09292,0.02725,31,225.240005
2017-01-03,2017-02-03,237.5,put,12.14,12.33,12.23,0.0,0,0,0.10268,-0.95885,31,225.240005
2017-01-03,2017-02-03,238.0,call,0.06,0.07,0.07,0.06,32,20,0.09292,0.02272,31,225.240005
2017-01-03,2017-02-03,238.0,put,12.65,12.83,12.74,0.0,0,0,0.10268,-0.96468,31,225.240005
2017-01-03,2017-02-03,238.5,call,0.06,0.07,0.07,0.06,4,303,0.10268,0.0302,31,225.240005
2017-01-03,2017-02-03,238.5,put,13.17,13.35,13.26,0.0,0,0,0.11244,-0.95657,31,225.240005
2017-01-03,2017-02-03,239.0,call,0.05,0.06,0.06,0.0,0,0,0.10268,0.02571,31,225.240005
2017-01-03,2017-02-03,239.0,put,13.63,13.84,13.73,0.0,0,0,0.11244,-0.96215,31,225.240005
2017-01-03,2017-02-03,239.5,call,0.05,0.06,0.06,0.0,0,0,0.10268,0.02181,31,225.240005
2017-01-03,2017-02-03,239.5,put,14.14,14.35,14.25,0.0,0,0,0.12219,-0.95451,31,225.240005
2017-01-03,2017-02-03,240.0,call,0.04,0.05,0.04,0.05,2,3,0.10268,0.01843,31,225.240005
2017-01-03,2017-02-03,240.0,put,14.65,14.86,14.75,0.0,0,0,0.12219,-0.95984,31,225.240005
2017-01-03,2017-02-03,242.5,call,0.03,0.04,0.04,0.0,0,0,0.11244,0.01322,31,225.240005
2017-01-03,2017-02-03,242.5,put,17.14,17.34,17.24,0.0,0,0,0.13195,-0.97037,31,225.240005
2017-01-03,2017-02-03,245.0,call,0.02,0.03,0.03,0.0,0,0,0.12219,0.00996,31,225.240005
2017-01-03,2017-02-03,245.0,put,19.64,19.84,19.74,0.0,0,0,0.15146,-0.96928,31,225.240005
2017-01-03,2017-02-03,247.5,call,0.01,0.02,0.01,0.0,0,0,0.12219,0.00449,31,225.240005
2017-01-03,2017-02-03,247.5,put,22.14,22.35,22.25,0.0,0,0,0.17097,-0.96822,31,225.240005
2017-01-03,2017-02-03,250.0,call,0.01,0.02,0.01,0.0,0,0,0.13195,0.0037,31,225.240005
2017-01-03,2017-02-03,250.0,put,24.65,24.86,24.75,0.0,0,0,0.18073,-0.974,31,225.240005
2017-01-03,2017-02-03,252.5,call,0.01,0.02,0.01,0.0,0,0,0.1417,0.00315,31,225.240005
2017-01-03,2017-02-03,252.5,put,27.13,27.34,27.23,0.0,0,0,0.19048,-0.97832,31,225.240005
2017-01-03,2017-02-03,255.0,put,29.63,29.84,29.73,0.0,0,0,0.21,-0.97659,31,225.240005
2017-01-03,2017-02-03,257.5,put,32.14,32.34,32.24,0.0,0,0,0.22951,-0.97497,31,225.240005
2017-01-03,2017-02-03,260.0,put,34.64,34.85,34.75,35.89,2,0,0.23926,-0.97806,31,225.240005
2017-01-03,2017-02-08,200.0,call,25.55,25.71,25.63,0.0,0,0,0.21975,0.96131,36,225.240005
2017-01-03,2017-02-08,200.0,put,0.17,0.19,0.18,0.19,24,0,0.21,-0.03252,36,225.240005
2017-01-03,2017-02-08,205.0,call,20.67,20.83,20.75,0.0,0,0,0.20024,0.9381,36,225.240005
2017-01-03,2017-02-08,205.0,put,0.27,0.29,0.28,0.0,0,0,0.19048,-0.05318,36,225.240005
2017-01-03,2017-02-08,210.0,call,15.88,16.04,15.96,0.0,0,0,0.18073,0.8987,36,225.240005
2017-01-03,2017-02-08,210.0,put,0.48,0.49,0.48,0.58,193,0,0.17097,-0.08952,36,225.240005
2017-01-03,2017-02-08,215.0,call,11.26,11.41,11.34,0.0,0,0,0.15146,0.8451,36,225.240005
2017-01-03,2017-02-08,215.0,put,0.84,0.86,0.85,0.94,389,0,0.15146,-0.1549,36,225.240005
2017-01-03,2017-02-08,220.0,call,6.99,7.07,7.03,0.0,0,0,0.13195,0.72723,36,225.240005
2017-01-03,2017-02-08,220.0,put,1.55,1.57,1.56,1.81,266,0,0.13195,-0.27277,36,225.240005
2017-01-03,2017-02-08,225.0,call,3.35,3.4,3.38,3.03,127,0,0.11244,0.52642,36,225.240005
2017-01-03,2017-02-08,225.0,put,2.89,2.93,2.91,3.4,12,0,0.11244,-0.47358,36,225.240005
2017-01-03,2017-02-08,230.0,call,0.98,1.01,0.99,0.91,28,0,0.09292,0.24835,36,225.240005
2017-01-03,2017-02-08,230.0,put,5.48,5.61,5.54,0.0,0,0,0.09292,-0.75165,36,225.240005
2017-01-03,2017-02-08,235.0,call,0.19,0.2,0.2,0.17,5,0,0.09292,0.0783,36,225.240005
2017-01-03,2017-02-08,235.0,put,9.73,9.89,9.81,0.0,0,0,0.09292,-0.9217,36,225.240005
2017-01-03,2017-02-08,240.0,call,0.05,0.07,0.06,0.0,0,0,0.10268,0.02668,36,225.240005
2017-01-03,2017-02-08,240.0,put,14.63,14.84,14.73,0.0,0,0,0.11244,-0.96092,36,225.240005
2017-01-03,2017-02-08,245.0,call,0.02,0.04,0.03,0.0,0,0,0.11244,0.0095,36,225.240005
2017-01-03,2017-02-08,245.0,put,19.63,19.84,19.73,0.0,0,0,0.1417,-0.96804,36,225.240005
2017-01-03,2017-02-10,197.5,call,28.05,28.22,28.13,0.0,0,0,0.22951,0.9657,38,225.240005
2017-01-03,2017-02-10,197.5,put,0.16,0.17,0.17,0.18,14,121,0.21975,-0.0288,38,225.240005
2017-01-03,2017-02-10,198.0,call,27.56,27.73,27.64,0.0,0,0,0.22951,0.96303,38,225.240005
2017-01-03,2017-02-10,198.0,put,0.17,0.18,0.17,0.17,0,1,0.21,-0.0258,38,225.240005
2017-01-03,2017-02-10,198.5,call,27.07,27.23,27.15,0.0,0,0,0.22951,0.96019,38,225.240005
2017-01-03,2017-02-10,198.5,put,0.18,0.19,0.18,0.0,0,0,0.21,-0.02812,38,225.240005
2017-01-03,2017-02-10,199.0,call,26.57,26.74,26.66,0.0,0,0,0.22951,0.95719,38,225.240005
2017-01-03,2017-02-10,199.0,put,0.18,0.2,0.19,0.22,7,1,0.21,-0.0306,38,225.240005
2017-01-03,2017-02-10,199.5,call,26.08,26.26,26.17,0.0,0,0,0.22951,0.95401,38,225.240005
2017-01-03,2017-02-10,199.5,put,0.19,0.2,0.2,0.0,0,0,0.21,-0.03325,38,225.240005
2017-01-03,2017-02-10,200.0,call,25.59,25.76,25.68,25.66,5,0,0.21975,0.9574,38,225.240005
2017-01-03,2017-02-10,200.0,put,0.2,0.21,0.21,0.23,21,20,0.21,-0.03608,38,225.240005
2017-01-03,2017-02-10,202.5,call,23.15,23.3,23.23,0.0,0,0,0.21,0.94682,38,225.240005
2017-01-03,2017-02-10,202.5,put,0.25,0.27,0.26,0.26,0,5,0.20024,-0.0455,38,225.240005
2017-01-03,2017-02-10,203.0,call,22.66,22.83,22.74,0.0,0,0,0.21,0.94276,38,225.240005
2017-01-03,2017-02-10,203.0,put,0.26,0.28,0.27,0.0,0,0,0.19048,-0.04151,38,225.240005
2017-01-03,2017-02-10,204.0,call,21.69,21.85,21.77,0.0,0,0,0.20024,0.94248,38,225.240005
2017-01-03,2017-02-10,204.0,put,0.29,0.3,0.29,0.28,0,1,0.19048,-0.04912,38,225.240005
2017-01-03,2017-02-10,205.0,call,20.72,20.88,20.8,0.0,0,0,0.20024,0.93323,38,225.240005
2017-01-03,2017-02-10,205.0,put,0.32,0.33,0.33,0.31,0,45,0.19048,-0.05776,38,225.240005
2017-01-03,2017-02-10,206.0,call,19.76,19.92,19.84,0.0,0,0,0.19048,0.9325,38,225.240005
2017-01-03,2017-02-10,206.0,put,0.35,0.37,0.36,0.45,4,3,0.18073,-0.05796,38,225.240005
2017-01-03,2017-02-10,207.0,call,18.8,18.96,18.88,0.0,0,0,0.19048,0.9216,38,225.240005
2017-01-03,2017-02-10,207.0,put,0.39,0.41,0.4,0.37,0,14,0.18073,-0.06823,38,225.240005
2017-01-03,2017-02-10,207.5,call,18.32,18.48,18.4,0.0,0,0,0.19048,0.91569,38,225.240005
2017-01-03,2017-02-10,207.5,put,0.41,0.43,0.42,0.52,10,30,0.18073,-0.07385,38,225.240005
2017-01-03,2017-02-10,208.0,call,17.84,18.0,17.92,0.0,0,0,0.18073,0.92021,38,225.240005
2017-01-03,2017-02-10,208.0,put,0.43,0.45,0.44,0.39,0,42,0.18073,-0.07979,38,225.240005
2017-01-03,2017-02-10,209.0,call,16.89,17.05,16.97,0.0,0,0,0.18073,0.90728,38,225.240005
2017-01-03,2017-02-10,209.0,put,0.48,0.5,0.49,0.58,21,20,0.17097,-0.08128,38,225.240005
2017-01-03,2017-02-10,210.0,call,15.95,16.11,16.03,0.0,0,0,0.18073,0.89295,38,225.240005
2017-01-03,2017-02-10,210.0,put,0.53,0.55,0.54,0.69,27,52,0.17097,-0.0951,38,225.240005
2017-01-03,2017-02-10,211.0,call,15.02,15.17,15.09,14.25,3,0,0.17097,0.8895,38,225.240005
2017-01-03,2017-02-10,211.0,put,0.59,0.62,0.6,0.72,16,18,0.16122,-0.09771,38,225.240005
2017-01-03,2017-02-10,212.0,call,14.08,14.24,14.16,0.0,0,0,0.17097,0.87248,38,225.240005
2017-01-03,2017-02-10,212.0,put,0.66,0.69,0.68,0.71,16,62,0.16122,-0.11433,38,225.240005
2017-01-03,2017-02-10,212.5,call,13.63,13.78,13.71,0.0,0,0,0.17097,0.86335,38,225.240005
2017-01-03,2017-02-10,212.5,put,0.7,0.73,0.71,0.61,0,49,0.16122,-0.12332,38,225.240005
2017-01-03,2017-02-10,213.0,call,13.17,13.32,13.25,0.0,0,0,0.16122,0.86722,38,225.240005
2017-01-03,2017-02-10,213.0,put,0.74,0.77,0.76,0.94,27,5,0.16122,-0.13278,38,225.240005
2017-01-03,2017-02-10,214.0,call,12.25,12.41,12.33,0.0,0,0,0.16122,0.84692,38,225.240005
2017-01-03,2017-02-10,214.0,put,0.83,0.86,0.84,0.98,35,60,0.15146,-0.13874,38,225.240005
2017-01-03,2017-02-10,215.0,call,11.36,11.5,11.43,11.42,1,0,0.15146,0.83905,38,225.240005
2017-01-03,2017-02-10,215.0,put,0.93,0.96,0.95,1.17,13,101,0.15146,-0.16095,38,225.240005
2017-01-03,2017-02-10,215.5,call,10.92,11.06,10.99,0.0,0,0,0.15146,0.82717,38,225.240005
2017-01-03,2017-02-10,215.5,put,0.98,1.01,0.99,0.87,0,2,0.15146,-0.17283,38,225.240005
2017-01-03,2017-02-10,216.0,call,10.47,10.61,10.54,0.0,0,0,0.15146,0.81477,38,225.240005
2017-01-03,2017-02-10,216.0,put,1.04,1.07,1.06,1.12,27,111,0.15146,-0.18523,38,225.240005
2017-01-03,2017-02-10,216.5,call,10.03,10.17,10.1,0.0,0,0,0.15146,0.80187,38,225.240005
2017-01-03,2017-02-10,216.5,put,1.1,1.13,1.11,1.36,6,10,0.1417,-0.18314,38,225.240005
2017-01-03,2017-02-10,217.0,call,9.61,9.74,9.68,0.0,0,0,0.15146,0.78847,38,225.240005
2017-01-03,2017-02-10,217.0,put,1.17,1.2,1.19,1.4,9,15,0.1417,-0.19683,38,225.240005
2017-01-03,2017-02-10,217.5,call,9.18,9.31,9.25,0.0,0,0,0.1417,0.78892,38,225.240005
2017-01-03,2017-02-10,217.5,put,1.24,1.27,1.25,1.06,0,22,0.1417,-0.21108,38,225.240005
2017-01-03,2017-02-10,218.0,call,8.76,8.88,8.82,8.38,31,0,0.1417,0.77411,38,225.240005
2017-01-03,2017-02-10,218.0,put,1.32,1.34,1.33,1.38,43,80,0.1417,-0.22589,38,225.240005
2017-01-03,2017-02-10,218.5,call,8.34,8.46,8.4,8.5,3,3,0.1417,0.75877,38,225.240005
2017-01-03,2017-02-10,218.5,put,1.4,1.42,1.41,1.69,6,41,0.1417,-0.24123,38,225.240005
2017-01-03,2017-02-10,219.0,call,7.92,8.04,7.98,3.64,0,7,0.1417,0.74291,38,225.240005
2017-01-03,2017-02-10,219.0,put,1.48,1.51,1.5,1.47,2,33,0.13195,-0.2428,38,225.240005
2017-01-03,2017-02-10,219.5,call,7.54,7.61,7.58,0.0,0,0,0.1417,0.72657,38,225.240005
2017-01-03,2017-02-10,219.5,put,1.57,1.6,1.58,1.26,0,2,0.13195,-0.25987,38,225.240005
2017-01-03,2017-02-10,220.0,call,7.14,7.21,7.17,7.23,19,26,0.13195,0.72251,38,225.240005
2017-01-03,2017-02-10,220.0,put,1.66,1.69,1.67,1.83,44,50,0.13195,-0.27749,38,225.240005
2017-01-03,2017-02-10,220.5,call,6.74,6.81,6.78,0.0,0,0,0.13195,0.70436,38,225.240005
2017-01-03,2017-02-10,220.5,put,1.76,1.79,1.77,1.79,4,4,0.13195,-0.29564,38,225.240005
2017-01-03,2017-02-10,221.0,call,6.34,6.41,6.38,5.64,25,8,0.13195,0.68573,38,225.240005
2017-01-03,2017-02-10,221.0,put,1.87,1.9,1.89,1.89,3,47,0.13195,-0.31427,38,225.240005
2017-01-03,2017-02-10,221.5,call,5.96,6.02,5.99,5.86,118,128,0.13195,0.66666,38,225.240005
2017-01-03,2017-02-10,221.5,put,1.98,2.02,2.0,1.53,0,6,0.12219,-0.3221,38,225.240005
2017-01-03,2017-02-10,222.0,call,5.58,5.64,5.61,5.21,28,2,0.13195,0.64719,38,225.240005
2017-01-03,2017-02-10,222.0,put,2.1,2.14,2.12,2.43,4,33,0.12219,-0.34287,38,225.240005
2017-01-03,2017-02-10,222.5,call,5.21,5.27,5.24,2.21,0,1,0.12219,0.63592,38,225.240005
2017-01-03,2017-02-10,222.5,put,2.23,2.27,2.25,2.51,1,60,0.12219,-0.36408,38,225.240005
2017-01-03,2017-02-10,223.0,call,4.85,4.91,4.88,4.8,11,58,0.12219,0.61434,38,225.240005
2017-01-03,2017-02-10,223.0,put,2.37,2.41,2.39,2.89,31,27,0.12219,-0.38566,38,225.240005
2017-01-03,2017-02-10,223.5,call,4.5,4.55,4.53,4.69,2,17,0.12219,0.59244,38,225.240005
2017-01-03,2017-02-10,223.5,put,2.51,2.56,2.54,3.06,2,12,0.12219,-0.40756,38,225.240005
2017-01-03,2017-02-10,224.0,call,4.15,4.2,4.18,3.8,59,37,0.12219,0.57031,38,225.240005
2017-01-03,2017-02-10,224.0,put,2.67,2.71,2.69,3.1,125,200,0.11244,-0.42495,38,225.240005
2017-01-03,2017-02-10,224.5,call,3.82,3.87,3.84,3.54,85,24,0.11244,0.55084,38,225.240005
2017-01-03,2017-02-10,224.5,put,2.84,2.88,2.86,3.23,2,9,0.11244,-0.44916,38,225.240005
2017-01-03,2017-02-10,225.0,call,3.5,3.54,3.52,3.49,10,4,0.11244,0.5265,38,225.240005
2017-01-03,2017-02-10,225.0,put,3.02,3.06,3.04,3.13,17,44,0.11244,-0.4735,38,225.240005
2017-01-03,2017-02-10,225.5,call,3.19,3.23,3.21,2.88,5,70,0.11244,0.50211,38,225.240005
2017-01-03,2017-02-10,225.5,put,3.2,3.25,3.23,3.72,13,4,0.11244,-0.49789,38,225.240005
2017-01-03,2017-02-10,226.0,call,2.9,2.94,2.92,2.82,29,58,0.11244,0.47776,38,225.240005
2017-01-03,2017-02-10,226.0,put,3.4,3.46,3.43,3.51,31,5,0.10268,-0.52566,38,225.240005
2017-01-03,2017-02-10,226.5,call,2.61,2.65,2.63,2.23,1,2,0.11244,0.45355,38,225.240005
2017-01-03,2017-02-10,226.5,put,3.62,3.68,3.65,4.08,42,2,0.10268,-0.55214,38,225.240005
2017-01-03,2017-02-10,227.0,call,2.35,2.38,2.37,2.29,24,152,0.10268,0.42167,38,225.240005
2017-01-03,2017-02-10,227.0,put,3.85,3.92,3.88,2.28,0,3,0.10268,-0.57833,38,225.240005
2017-01-03,2017-02-10,227.5,call,2.1,2.13,2.12,0.87,0,195,0.10268,0.39588,38,225.240005
2017-01-03,2017-02-10,227.5,put,4.1,4.17,4.13,2.56,0,13,0.10268,-0.60412,38,225.240005
2017-01-03,2017-02-10,228.0,call,1.86,1.89,1.88,1.87,522,10,0.10268,0.37059,38,225.240005
2017-01-03,2017-02-10,228.0,put,4.36,4.44,4.4,5.2,10,12,0.10268,-0.62941,38,225.240005
2017-01-03,2017-02-10,228.5,call,1.64,1.67,1.65,0.7,0,36,0.10268,0.3459,38,225.240005
2017-01-03,2017-02-10,228.5,put,4.65,4.72,4.69,3.17,0,51,0.10268,-0.6541,38,225.240005
2017-01-03,2017-02-10,229.0,call,1.44,1.48,1.46,1.19,35,58,0.10268,0.3219,38,225.240005
2017-01-03,2017-02-10,229.0,put,4.95,5.02,4.98,5.45,3,4,0.09292,-0.69646,38,225.240005
2017-01-03,2017-02-10,229.5,call,1.25,1.28,1.27,1.28,52,88,0.10268,0.29867,38,225.240005
2017-01-03,2017-02-10,229.5,put,5.26,5.34,5.3,6.27,98,0,0.09292,-0.7214,38,225.240005
2017-01-03,2017-02-10,230.0,call,1.08,1.11,1.1,1.04,727,48,0.09292,0.25476,38,225.240005
2017-01-03,2017-02-10,230.0,put,5.6,5.68,5.64,6.37,6,12,0.09292,-0.74524,38,225.240005
2017-01-03,2017-02-10,230.5,call,0.93,0.96,0.95,0.85,6,28,0.09292,0.23208,38,225.240005
2017-01-03,2017-02-10,230.5,put,5.93,6.05,5.99,0.0,0,0,0.09292,-0.76792,38,225.240005
2017-01-03,2017-02-10,231.0,call,0.8,0.84,0.82,0.63,18,44,0.09292,0.21062,38,225.240005
2017-01-03,2017-02-10,231.0,put,6.3,6.42,6.36,0.0,0,0,0.09292,-0.78938,38,225.240005
2017-01-03,2017-02-10,231.5,call,0.69,0.71,0.7,0.65,13,21,0.09292,0.19041,38,225.240005
2017-01-03,2017-02-10,231.5,put,6.68,6.81,6.74,0.0,0,0,0.09292,-0.80959,38,225.240005
2017-01-03,2017-02-10,232.0,call,0.58,0.61,0.59,0.57,35,193,0.09292,0.17148,38,225.240005
2017-01-03,2017-02-10,232.0,put,7.08,7.22,7.15,0.0,0,0,0.09292,-0.82852,38,225.240005
2017-01-03,2017-02-10,232.5,call,0.5,0.52,0.51,0.56,2,2,0.09292,0.15383,38,225.240005
2017-01-03,2017-02-10,232.5,put,7.49,7.64,7.56,0.0,0,0,0.09292,-0.84617,38,225.240005
2017-01-03,2017-02-10,233.0,call,0.42,0.45,0.43,0.35,36,22,0.09292,0.13746,38,225.240005
2017-01-03,2017-02-10,233.0,put,7.92,8.07,8.0,0.0,0,0,0.09292,-0.86254,38,225.240005
2017-01-03,2017-02-10,233.5,call,0.36,0.38,0.37,0.32,4,14,0.09292,0.12236,38,225.240005
2017-01-03,2017-02-10,233.5,put,8.36,8.52,8.44,0.0,0,0,0.09292,-0.87764,38,225.240005
2017-01-03,2017-02-10,234.0,call,0.31,0.33,0.32,0.3,14,32,0.09292,0.10848,38,225.240005
2017-01-03,2017-02-10,234.0,put,8.81,8.97,8.89,0.0,0,0,0.09292,-0.89152,38,225.240005
2017-01-03,2017-02-10,234.5,call,0.26,0.28,0.27,0.0,0,0,0.09292,0.09581,38,225.240005
2017-01-03,2017-02-10,234.5,put,9.27,9.43,9.35,0.0,0,0,0.09292,-0.90419,38,225.240005
2017-01-03,2017-02-10,235.0,call,0.23,0.24,0.23,0.12,0,133,0.09292,0.08428,38,225.240005
2017-01-03,2017-02-10,235.0,put,9.74,9.9,9.82,0.0,0,0,0.09292,-0.91572,38,225.240005
2017-01-03,2017-02-10,235.5,call,0.19,0.21,0.2,0.11,0,21,0.09292,0.07384,38,225.240005
2017-01-03,2017-02-10,235.5,put,10.21,10.38,10.3,0.0,0,0,0.09292,-0.92616,38,225.240005
2017-01-03,2017-02-10,236.0,call,0.17,0.18,0.17,0.2,1,1,0.09292,0.06445,38,225.240005
2017-01-03,2017-02-10,236.0,put,10.69,10.86,10.77,0.0,0,0,0.09292,-0.93555,38,225.240005
2017-01-03,2017-02-10,236.5,call,0.14,0.16,0.15,0.11,0,10,0.09292,0.05602,38,225.240005
2017-01-03,2017-02-10,236.5,put,11.17,11.35,11.26,0.0,0,0,0.09292,-0.94398,38,225.240005
2017-01-03,2017-02-10,237.0,call,0.13,0.14,0.14,0.12,1,21,0.09292,0.04851,38,225.240005
2017-01-03,2017-02-10,237.0,put,11.66,11.84,11.75,0.0,0,0,0.09292,-0.95149,38,225.240005
2017-01-03,2017-02-10,237.5,call,0.11,0.12,0.11,0.07,0,1020,0.09292,0.04183,38,225.240005
2017-01-03,2017-02-10,237.5,put,12.15,12.33,12.24,0.0,0,0,0.09292,-0.95817,38,225.240005
2017-01-03,2017-02-10,238.0,call,0.1,0.11,0.11,0.07,0,2,0.09292,0.03594,38,225.240005
2017-01-03,2017-02-10,238.0,put,12.65,12.83,12.74,0.0,0,0,0.10268,-0.94802,38,225.240005
2017-01-03,2017-02-10,238.5,call,0.09,0.1,0.1,0.0,0,0,0.09292,0.03075,38,225.240005
2017-01-03,2017-02-10,238.5,put,13.14,13.33,13.23,0.0,0,0,0.10268,-0.95442,38,225.240005
2017-01-03,2017-02-10,239.0,call,0.08,0.09,0.08,0.09,7,81,0.09292,0.0262,38,225.240005
2017-01-03,2017-02-10,239.0,put,13.65,13.83,13.74,0.0,0,0,0.10268,-0.96015,38,225.240005
2017-01-03,2017-02-10,239.5,call,0.07,0.08,0.08,0.05,0,890,0.10268,0.03472,38,225.240005
2017-01-03,2017-02-10,239.5,put,14.16,14.35,14.25,0.0,0,0,0.11244,-0.95104,38,225.240005
2017-01-03,2017-02-10,240.0,call,0.06,0.08,0.07,0.04,0,1971,0.10268,0.03016,38,225.240005
2017-01-03,2017-02-10,240.0,put,14.63,14.84,14.73,0.0,0,0,0.11244,-0.9566,38,225.240005
2017-01-03,2017-02-10,242.5,call,0.04,0.05,0.04,0.03,0,905,0.10268,0.01422,38,225.240005
2017-01-03,2017-02-10,242.5,put,17.13,17.34,17.23,0.0,0,0,0.12219,-0.96679,38,225.240005
2017-01-03,2017-02-10,245.0,call,0.03,0.04,0.04,0.02,0,30,0.11244,0.01128,38,225.240005
2017-01-03,2017-02-10,245.0,put,19.64,19.85,19.75,0.0,0,0,0.1417,-0.96417,38,225.240005
2017-01-03,2017-02-10,247.5,call,0.02,0.03,0.03,0.02,0,3,0.12219,0.00931,38,225.240005
2017-01-03,2017-02-10,247.5,put,22.13,22.34,22.23,0.0,0,0,0.15146,-0.97062,38,225.240005
2017-01-03,2017-02-10,250.0,call,0.01,0.02,0.01,0.01,0,6,0.12219,0.00455,38,225.240005
2017-01-03,2017-02-10,250.0,put,24.63,24.84,24.73,0.0,0,0,0.17097,-0.96788,38,225.240005
2017-01-03,2017-02-10,252.5,call,0.01,0.02,0.01,0.0,0,0,0.13195,0.00407,38,225.240005
2017-01-03,2017-02-10,252.5,put,27.13,27.34,27.23,0.0,0,0,0.18073,-0.97246,38,225.240005
2017-01-03,2017-02-10,255.0,call,0.01,0.02,0.01,0.0,0,0,0.1417,0.00372,38,225.240005
2017-01-03,2017-02-10,255.0,put,29.64,29.85,29.75,0.0,0,0,0.20024,-0.9698,38,225.240005
2017-01-03,2017-02-10,257.5,put,32.13,32.34,32.23,0.0,0,0,0.21,-0.97329,38,225.240005
2017-01-03,2017-02-10,260.0,put,34.63,34.84,34.73,0.0,0,0,0.21975,-0.97609,38,225.240005
2017-01-03,2017-02-17,75.0,call,150.22,150.43,150.32,149.37,2,321,1.049,0.99924,45,225.240005
2017-01-03,2017-02-17,80.0,call,145.23,145.44,145.33,71.92,0,321,1.01973,0.99894,45,225.240005
2017-01-03,2017-02-17,85.0,call,140.24,140.45,140.34,69.39,0,355,0.98071,0.99867,45,225.240005
2017-01-03,2017-02-17,90.0,call,135.25,135.46,135.36,66.91,0,310,0.9612,0.99807,45,225.240005
2017-01-03,2017-02-17,95.0,call,130.26,130.47,130.37,64.58,0,579,0.92217,0.99768,45,225.240005
2017-01-03,2017-02-17,100.0,call,125.27,125.47,125.37,62.18,0,322,0.86364,0.99769,45,225.240005
2017-01-03,2017-02-17,105.0,call,120.27,120.48,120.38,59.84,0,360,0.82461,0.99731,45,225.240005
2017-01-03,2017-02-17,110.0,call,115.28,115.49,115.38,57.35,0,311,0.76608,0.99746,45,225.240005
2017-01-03,2017-02-17,115.0,call,110.29,110.5,110.4,54.83,0,112,0.74657,0.99652,45,225.240005
2017-01-03,2017-02-17,120.0,call,105.3,105.51,105.41,52.34,0,159,0.70754,0.99612,45,225.240005
2017-01-03,2017-02-17,125.0,call,100.31,100.52,100.41,49.62,0,65,0.65876,0.99615,45,225.240005
2017-01-03,2017-02-17,130.0,call,95.33,95.53,95.43,47.34,0,12,0.63925,0.99483,45,225.240005
2017-01-03,2017-02-17,135.0,call,90.34,90.54,90.44,44.91,0,6,0.60023,0.99443,45,225.240005
2017-01-03,2017-02-17,135.0,put,0.01,0.02,0.01,0.02,1,526,0.48316,-0.00095,45,225.240005
2017-01-03,2017-02-17,140.0,call,85.35,85.55,85.45,42.34,0,4,0.56121,0.99406,45,225.240005
2017-01-03,2017-02-17,140.0,put,0.01,0.02,0.01,0.02,35,1639,0.45389,-0.00108,45,225.240005
2017-01-03,2017-02-17,145.0,call,80.36,80.56,80.46,79.99,10,0,0.53194,0.99297,45,225.240005
2017-01-03,2017-02-17,145.0,put,0.01,0.02,0.01,0.02,51,1342,0.41487,-0.00096,45,225.240005
2017-01-03,2017-02-17,150.0,call,75.37,75.58,75.47,38.21,0,14,0.50267,0.99172,45,225.240005
2017-01-03,2017-02-17,150.0,put,0.02,0.03,0.03,0.03,35,10012,0.43438,-0.00301,45,225.240005
2017-01-03,2017-02-17,155.0,call,70.38,70.59,70.48,35.73,0,264,0.46365,0.99139,45,225.240005
2017-01-03,2017-02-17,155.0,put,0.02,0.03,0.03,0.03,294,11527,0.39536,-0.00282,45,225.240005
2017-01-03,2017-02-17,160.0,call,65.4,65.6,65.5,33.32,0,23,0.43438,0.98993,45,225.240005
2017-01-03,2017-02-17,160.0,put,0.03,0.04,0.04,0.04,140,7106,0.37584,-0.00387,45,225.240005
2017-01-03,2017-02-17,165.0,call,60.42,60.6,60.51,30.71,0,424,0.40511,0.98824,45,225.240005
2017-01-03,2017-02-17,165.0,put,0.04,0.05,0.04,0.04,0,6018,0.34658,-0.00433,45,225.240005
2017-01-03,2017-02-17,166.0,call,59.42,59.6,59.51,0.0,0,0,0.39536,0.98851,45,225.240005
2017-01-03,2017-02-17,166.0,put,0.04,0.05,0.04,0.04,0,2138,0.34658,-0.00501,45,225.240005
2017-01-03,2017-02-17,167.0,call,58.42,58.61,58.52,0.0,0,0,0.39536,0.98714,45,225.240005
2017-01-03,2017-02-17,167.0,put,0.04,0.05,0.04,0.03,0,1931,0.33682,-0.00472,45,225.240005
2017-01-03,2017-02-17,168.0,call,57.43,57.62,57.52,0.0,0,0,0.3856,0.98743,45,225.240005
2017-01-03,2017-02-17,168.0,put,0.04,0.05,0.04,0.04,25,2926,0.32707,-0.00443,45,225.240005
2017-01-03,2017-02-17,169.0,call,56.43,56.61,56.52,56.06,10,0,0.37584,0.98774,45,225.240005
2017-01-03,2017-02-17,169.0,put,0.04,0.05,0.04,0.05,60,563,0.32707,-0.00514,45,225.240005
2017-01-03,2017-02-17,170.0,call,55.43,55.62,55.52,28.24,0,45,0.37584,0.98625,45,225.240005
2017-01-03,2017-02-17,170.0,put,0.04,0.05,0.04,0.05,50,9193,0.31731,-0.00482,45,225.240005
2017-01-03,2017-02-17,171.0,call,54.44,54.62,54.53,0.0,0,0,0.36609,0.98658,45,225.240005
2017-01-03,2017-02-17,171.0,put,0.05,0.06,0.06,0.05,205,2301,0.32707,-0.00688,45,225.240005
2017-01-03,2017-02-17,172.0,call,53.44,53.62,53.53,0.0,0,0,0.36609,0.98494,45,225.240005
2017-01-03,2017-02-17,172.0,put,0.05,0.06,0.06,0.05,125,1182,0.31731,-0.00651,45,225.240005
2017-01-03,2017-02-17,173.0,call,52.44,52.62,52.53,0.0,0,0,0.35633,0.9853,45,225.240005
2017-01-03,2017-02-17,173.0,put,0.05,0.06,0.06,0.04,0,32175,0.31731,-0.00752,45,225.240005
2017-01-03,2017-02-17,174.0,call,51.45,51.63,51.54,25.84,0,29,0.34658,0.98569,45,225.240005
2017-01-03,2017-02-17,174.0,put,0.05,0.06,0.06,0.05,0,3339,0.30755,-0.00711,45,225.240005
2017-01-03,2017-02-17,175.0,call,50.45,50.63,50.54,23.17,0,3,0.34658,0.98388,45,225.240005
2017-01-03,2017-02-17,175.0,put,0.05,0.06,0.06,0.06,5800,20097,0.2978,-0.00669,45,225.240005
2017-01-03,2017-02-17,176.0,call,49.46,49.64,49.55,24.77,0,10,0.33682,0.9843,45,225.240005
2017-01-03,2017-02-17,176.0,put,0.06,0.07,0.07,0.06,25,1106,0.2978,-0.00778,45,225.240005
2017-01-03,2017-02-17,177.0,call,48.46,48.64,48.55,0.0,0,0,0.33682,0.98231,45,225.240005
2017-01-03,2017-02-17,177.0,put,0.06,0.07,0.07,0.05,0,2580,0.2978,-0.00901,45,225.240005
2017-01-03,2017-02-17,178.0,call,47.47,47.64,47.55,23.78,0,29,0.32707,0.98275,45,225.240005
2017-01-03,2017-02-17,178.0,put,0.06,0.07,0.07,0.07,2,2889,0.28804,-0.00852,45,225.240005
2017-01-03,2017-02-17,179.0,call,46.47,46.65,46.56,23.37,0,29,0.32707,0.98056,45,225.240005
2017-01-03,2017-02-17,179.0,put,0.07,0.08,0.08,0.07,0,2182,0.28804,-0.00989,45,225.240005
2017-01-03,2017-02-17,180.0,call,45.48,45.65,45.56,23.37,0,9,0.31731,0.98103,45,225.240005
2017-01-03,2017-02-17,180.0,put,0.07,0.08,0.08,0.08,34,79408,0.27829,-0.00934,45,225.240005
2017-01-03,2017-02-17,181.0,call,44.48,44.66,44.57,0.0,0,0,0.30755,0.98153,45,225.240005
2017-01-03,2017-02-17,181.0,put,0.08,0.09,0.08,0.1,3,5747,0.27829,-0.01086,45,225.240005
2017-01-03,2017-02-17,182.0,call,43.49,43.67,43.58,21.8,0,29,0.30755,0.9791,45,225.240005
2017-01-03,2017-02-17,182.0,put,0.08,0.09,0.08,0.08,0,3046,0.26853,-0.01026,45,225.240005
2017-01-03,2017-02-17,183.0,call,42.5,42.68,42.59,21.31,0,29,0.2978,0.97963,45,225.240005
2017-01-03,2017-02-17,183.0,put,0.08,0.09,0.08,0.11,2,6920,0.26853,-0.01196,45,225.240005
2017-01-03,2017-02-17,184.0,call,41.5,41.68,41.59,0.0,0,0,0.2978,0.97693,45,225.240005
2017-01-03,2017-02-17,184.0,put,0.09,0.1,0.1,0.11,1,5711,0.26853,-0.01388,45,225.240005
2017-01-03,2017-02-17,185.0,call,40.51,40.68,40.59,19.47,0,6,0.28804,0.9775,45,225.240005
2017-01-03,2017-02-17,185.0,put,0.1,0.11,0.11,0.11,135,4074,0.25877,-0.01319,45,225.240005
2017-01-03,2017-02-17,186.0,call,39.52,39.7,39.61,19.91,0,436,0.28804,0.97449,45,225.240005
2017-01-03,2017-02-17,186.0,put,0.1,0.11,0.11,0.1,0,1379,0.25877,-0.01534,45,225.240005
2017-01-03,2017-02-17,187.0,call,38.52,38.7,38.61,17.91,0,64,0.27829,0.97508,45,225.240005
2017-01-03,2017-02-17,187.0,put,0.11,0.12,0.11,0.12,20,6917,0.24902,-0.01459,45,225.240005
2017-01-03,2017-02-17,188.0,call,37.53,37.71,37.62,37.5,1,0,0.27829,0.97172,45,225.240005
2017-01-03,2017-02-17,188.0,put,0.12,0.13,0.12,0.15,8,5811,0.24902,-0.017,45,225.240005
2017-01-03,2017-02-17,189.0,call,36.54,36.72,36.63,18.44,0,3,0.26853,0.97233,45,225.240005
2017-01-03,2017-02-17,189.0,put,0.12,0.13,0.12,0.14,6,7538,0.23926,-0.01619,45,225.240005
2017-01-03,2017-02-17,190.0,call,35.55,35.73,35.64,17.9,0,50,0.26853,0.96858,45,225.240005
2017-01-03,2017-02-17,190.0,put,0.13,0.14,0.14,0.14,515,15469,0.23926,-0.0189,45,225.240005
2017-01-03,2017-02-17,191.0,call,34.56,34.74,34.65,17.42,0,45,0.25877,0.9692,45,225.240005
2017-01-03,2017-02-17,191.0,put,0.14,0.15,0.15,0.16,27,4916,0.23926,-0.02198,45,225.240005
2017-01-03,2017-02-17,192.0,call,33.58,33.76,33.67,16.97,0,50,0.25877,0.96498,45,225.240005
2017-01-03,2017-02-17,192.0,put,0.15,0.16,0.15,0.14,0,6266,0.22951,-0.02109,45,225.240005
2017-01-03,2017-02-17,193.0,call,32.59,32.76,32.67,16.44,0,9,0.24902,0.9656,45,225.240005
2017-01-03,2017-02-17,193.0,put,0.16,0.17,0.17,0.21,14,4757,0.22951,-0.02457,45,225.240005
2017-01-03,2017-02-17,194.0,call,31.6,31.77,31.69,15.98,0,1,0.24902,0.96085,45,225.240005
2017-01-03,2017-02-17,194.0,put,0.18,0.19,0.18,0.21,26,9645,0.21975,-0.02362,45,225.240005
2017-01-03,2017-02-17,195.0,call,30.62,30.79,30.7,15.64,0,21,0.23926,0.96145,45,225.240005
2017-01-03,2017-02-17,195.0,put,0.19,0.2,0.2,0.21,951,18362,0.21975,-0.02758,45,225.240005
2017-01-03,2017-02-17,196.0,call,29.64,29.8,29.72,15.34,0,37,0.23926,0.95608,45,225.240005
2017-01-03,2017-02-17,196.0,put,0.21,0.22,0.21,0.25,1221,5952,0.21975,-0.03207,45,225.240005
2017-01-03,2017-02-17,197.0,call,28.66,28.81,28.73,14.93,0,54,0.22951,0.95662,45,225.240005
2017-01-03,2017-02-17,197.0,put,0.22,0.23,0.23,0.24,4,6415,0.21,-0.03111,45,225.240005
2017-01-03,2017-02-17,198.0,call,27.68,27.83,27.75,13.64,0,246,0.22951,0.95052,45,225.240005
2017-01-03,2017-02-17,198.0,put,0.24,0.25,0.24,0.28,1828,9152,0.21,-0.03624,45,225.240005
2017-01-03,2017-02-17,199.0,call,26.7,26.86,26.78,12.37,0,22,0.21975,0.95098,45,225.240005
2017-01-03,2017-02-17,199.0,put,0.26,0.27,0.27,0.27,396,8827,0.21,-0.04202,45,225.240005
2017-01-03,2017-02-17,200.0,call,25.73,25.89,25.81,25.27,1,324,0.21975,0.94402,45,225.240005
2017-01-03,2017-02-17,200.0,put,0.29,0.3,0.29,0.3,1075,114815,0.20024,-0.04118,45,225.240005
2017-01-03,2017-02-17,201.0,call,24.75,24.92,24.84,12.59,0,2,0.21,0.94432,45,225.240005
2017-01-03,2017-02-17,201.0,put,0.31,0.32,0.32,0.37,1664,11402,0.20024,-0.04784,45,225.240005
2017-01-03,2017-02-17,202.0,call,23.78,23.95,23.87,12.17,0,26,0.21,0.93635,45,225.240005
2017-01-03,2017-02-17,202.0,put,0.34,0.35,0.34,0.39,271,18921,0.19048,-0.04708,45,225.240005
2017-01-03,2017-02-17,203.0,call,22.82,22.98,22.9,22.55,1,282,0.20024,0.93642,45,225.240005
2017-01-03,2017-02-17,203.0,put,0.37,0.38,0.38,0.39,68,15648,0.19048,-0.0548,45,225.240005
2017-01-03,2017-02-17,204.0,call,21.86,22.02,21.94,10.59,0,361,0.20024,0.92723,45,225.240005
2017-01-03,2017-02-17,204.0,put,0.41,0.42,0.41,0.42,170,10712,0.19048,-0.06344,45,225.240005
2017-01-03,2017-02-17,205.0,call,20.9,21.06,20.98,20.3,14,785,0.20024,0.91711,45,225.240005
2017-01-03,2017-02-17,205.0,put,0.45,0.46,0.46,0.47,1833,50930,0.19048,-0.07306,45,225.240005
2017-01-03,2017-02-17,206.0,call,19.94,20.11,20.02,19.76,3,1947,0.19048,0.9163,45,225.240005
2017-01-03,2017-02-17,206.0,put,0.49,0.5,0.49,0.52,321,7884,0.18073,-0.0733,45,225.240005
2017-01-03,2017-02-17,207.0,call,18.99,19.16,19.07,8.58,0,1126,0.19048,0.9046,45,225.240005
2017-01-03,2017-02-17,207.0,put,0.53,0.55,0.54,0.57,108,32659,0.18073,-0.08452,45,225.240005
2017-01-03,2017-02-17,208.0,call,18.05,18.21,18.13,17.49,13,3223,0.18073,0.90309,45,225.240005
2017-01-03,2017-02-17,208.0,put,0.59,0.6,0.59,0.61,1192,19912,0.17097,-0.08534,45,225.240005
2017-01-03,2017-02-17,209.0,call,17.11,17.27,17.19,17.15,71,2410,0.18073,0.88949,45,225.240005
2017-01-03,2017-02-17,209.0,put,0.65,0.66,0.66,0.68,628,11959,0.17097,-0.09851,45,225.240005
2017-01-03,2017-02-17,210.0,call,16.18,16.34,16.26,15.48,70,6251,0.18073,0.87464,45,225.240005
2017-01-03,2017-02-17,210.0,put,0.71,0.73,0.72,0.75,2269,77924,0.17097,-0.11303,45,225.240005
2017-01-03,2017-02-17,211.0,call,15.26,15.41,15.34,7.92,0,5226,0.17097,0.87107,45,225.240005
2017-01-03,2017-02-17,211.0,put,0.79,0.8,0.8,0.8,737,59246,0.16122,-0.11577,45,225.240005
2017-01-03,2017-02-17,212.0,call,14.34,14.49,14.41,7.19,0,2861,0.17097,0.85376,45,225.240005
2017-01-03,2017-02-17,212.0,put,0.87,0.88,0.88,0.89,2053,14039,0.16122,-0.13288,45,225.240005
2017-01-03,2017-02-17,213.0,call,13.43,13.58,13.5,13.59,19,6092,0.16122,0.84843,45,225.240005
2017-01-03,2017-02-17,213.0,put,0.96,0.97,0.96,0.97,1514,19768,0.16122,-0.15157,45,225.240005
2017-01-03,2017-02-17,214.0,call,12.54,12.68,12.61,12.43,275,9191,0.16122,0.82818,45,225.240005
2017-01-03,2017-02-17,214.0,put,1.06,1.08,1.07,1.08,1599,45406,0.15146,-0.15758,45,225.240005
2017-01-03,2017-02-17,215.0,call,11.65,11.79,11.72,11.53,156,11699,0.16122,0.80638,45,225.240005
2017-01-03,2017-02-17,215.0,put,1.17,1.19,1.18,1.2,9328,76114,0.15146,-0.17962,45,225.240005
2017-01-03,2017-02-17,216.0,call,10.78,10.92,10.85,10.11,446,7204,0.15146,0.7966,45,225.240005
2017-01-03,2017-02-17,216.0,put,1.3,1.31,1.31,1.33,6485,56115,0.15146,-0.2034,45,225.240005
2017-01-03,2017-02-17,217.0,call,9.93,10.05,9.99,9.9,541,15611,0.15146,0.77116,45,225.240005
2017-01-03,2017-02-17,217.0,put,1.44,1.45,1.44,1.46,6772,32238,0.1417,-0.21468,45,225.240005
2017-01-03,2017-02-17,218.0,call,9.09,9.2,9.14,8.89,116,14391,0.1417,0.75737,45,225.240005
2017-01-03,2017-02-17,218.0,put,1.6,1.61,1.6,1.63,3279,41221,0.1417,-0.24263,45,225.240005
2017-01-03,2017-02-17,219.0,call,8.29,8.35,8.32,8.27,456,11797,0.1417,0.72771,45,225.240005
2017-01-03,2017-02-17,219.0,put,1.77,1.79,1.78,1.8,1144,71773,0.13195,-0.25877,45,225.240005
2017-01-03,2017-02-17,220.0,call,7.48,7.55,7.52,7.45,1143,30947,0.1417,0.69649,45,225.240005
2017-01-03,2017-02-17,220.0,put,1.97,1.99,1.98,1.99,10636,79900,0.13195,-0.29157,45,225.240005
2017-01-03,2017-02-17,221.0,call,6.7,6.76,6.73,6.73,2065,26507,0.13195,0.67397,45,225.240005
2017-01-03,2017-02-17,221.0,put,2.19,2.21,2.2,2.19,3461,22714,0.13195,-0.32603,45,225.240005
2017-01-03,2017-02-17,222.0,call,5.96,6.0,5.98,5.95,3034,16137,0.13195,0.63813,45,225.240005
2017-01-03,2017-02-17,222.0,put,2.43,2.45,2.44,2.46,9637,29602,0.12219,-0.35267,45,225.240005
2017-01-03,2017-02-17,223.0,call,5.23,5.27,5.25,5.2,3079,13761,0.12219,0.60772,45,225.240005
2017-01-03,2017-02-17,223.0,put,2.71,2.72,2.71,2.75,25361,69208,0.12219,-0.39228,45,225.240005
2017-01-03,2017-02-17,224.0,call,4.54,4.58,4.56,4.54,4855,20479,0.12219,0.56714,45,225.240005
2017-01-03,2017-02-17,224.0,put,3.01,3.04,3.02,3.05,16597,42946,0.11244,-0.4285,45,225.240005
2017-01-03,2017-02-17,225.0,call,3.89,3.92,3.91,3.9,7422,54703,0.11244,0.52685,45,225.240005
2017-01-03,2017-02-17,225.0,put,3.36,3.38,3.37,3.38,13148,105570,0.11244,-0.47315,45,225.240005
2017-01-03,2017-02-17,226.0,call,3.28,3.3,3.29,3.26,9186,29815,0.11244,0.48206,45,225.240005
2017-01-03,2017-02-17,226.0,put,3.74,3.77,3.75,3.74,4568,25188,0.11244,-0.51794,45,225.240005
2017-01-03,2017-02-17,227.0,call,2.72,2.74,2.73,2.72,10320,146448,0.11244,0.4377,45,225.240005
2017-01-03,2017-02-17,227.0,put,4.18,4.22,4.2,4.26,3417,19996,0.10268,-0.56957,45,225.240005
2017-01-03,2017-02-17,228.0,call,2.21,2.24,2.23,2.2,6819,25870,0.10268,0.38315,45,225.240005
2017-01-03,2017-02-17,228.0,put,4.67,4.72,4.7,4.8,1406,8443,0.10268,-0.61685,45,225.240005
2017-01-03,2017-02-17,229.0,call,1.76,1.79,1.77,1.77,4407,40757,0.10268,0.33776,45,225.240005
2017-01-03,2017-02-17,229.0,put,5.22,5.29,5.25,5.44,415,9564,0.10268,-0.66224,45,225.240005
2017-01-03,2017-02-17,230.0,call,1.38,1.4,1.39,1.37,5808,57098,0.10268,0.29479,45,225.240005
2017-01-03,2017-02-17,230.0,put,5.85,5.92,5.88,5.98,570,13263,0.09292,-0.72564,45,225.240005
2017-01-03,2017-02-17,231.0,call,1.06,1.08,1.07,1.06,5630,33560,0.09292,0.23188,45,225.240005
2017-01-03,2017-02-17,231.0,put,6.52,6.62,6.57,7.15,459,6757,0.09292,-0.76812,45,225.240005
2017-01-03,2017-02-17,232.0,call,0.79,0.81,0.8,0.81,3006,51832,0.09292,0.19351,45,225.240005
2017-01-03,2017-02-17,232.0,put,7.25,7.38,7.31,7.49,29,7270,0.09292,-0.80649,45,225.240005
2017-01-03,2017-02-17,233.0,call,0.59,0.61,0.6,0.6,1764,39899,0.09292,0.15941,45,225.240005
2017-01-03,2017-02-17,233.0,put,8.05,8.19,8.12,9.28,199,8351,0.09292,-0.84059,45,225.240005
2017-01-03,2017-02-17,234.0,call,0.44,0.45,0.45,0.45,1373,16334,0.09292,0.12963,45,225.240005
2017-01-03,2017-02-17,234.0,put,8.91,9.06,8.98,9.05,4,9548,0.09292,-0.87037,45,225.240005
2017-01-03,2017-02-17,235.0,call,0.33,0.34,0.34,0.34,1659,75491,0.09292,0.10405,45,225.240005
2017-01-03,2017-02-17,235.0,put,9.81,9.97,9.89,10.1,53,6018,0.09292,-0.89595,45,225.240005
2017-01-03,2017-02-17,236.0,call,0.25,0.26,0.26,0.22,577,30742,0.09292,0.08242,45,225.240005
2017-01-03,2017-02-17,236.0,put,10.74,10.91,10.82,5.44,0,2713,0.09292,-0.91758,45,225.240005
2017-01-03,2017-02-17,237.0,call,0.19,0.2,0.2,0.2,1404,27304,0.09292,0.06444,45,225.240005
2017-01-03,2017-02-17,237.0,put,11.69,11.87,11.78,11.89,1,5282,0.09292,-0.93556,45,225.240005
2017-01-03,2017-02-17,238.0,call,0.14,0.15,0.15,0.15,92,29009,0.09292,0.04972,45,225.240005
2017-01-03,2017-02-17,238.0,put,12.66,12.84,12.75,5.85,0,1989,0.09292,-0.95028,45,225.240005
2017-01-03,2017-02-17,239.0,call,0.11,0.12,0.11,0.12,55,29820,0.09292,0.03786,45,225.240005
2017-01-03,2017-02-17,239.0,put,13.65,13.83,13.74,6.82,0,818,0.10268,-0.94565,45,225.240005
2017-01-03,2017-02-17,240.0,call,0.09,0.1,0.1,0.11,994,72299,0.09292,0.02845,45,225.240005
2017-01-03,2017-02-17,240.0,put,14.65,14.83,14.74,15.7,402,427,0.10268,-0.95728,45,225.240005
2017-01-03,2017-02-17,245.0,call,0.04,0.05,0.04,0.05,644,28667,0.10268,0.01096,45,225.240005
2017-01-03,2017-02-17,245.0,put,19.64,19.85,19.75,20.6,1,150,0.13195,-0.962,45,225.240005
2017-01-03,2017-02-17,250.0,call,0.02,0.03,0.03,0.02,6,12966,0.12219,0.00841,45,225.240005
2017-01-03,2017-02-17,250.0,put,24.64,24.85,24.75,25.7,400,424,0.16122,-0.96405,45,225.240005
2017-01-03,2017-02-17,255.0,call,0.01,0.02,0.01,0.02,7,11639,0.13195,0.00417,45,225.240005
2017-01-03,2017-02-17,255.0,put,29.64,29.85,29.75,14.29,0,104,0.19048,-0.96484,45,225.240005
2017-01-03,2017-02-17,260.0,put,34.63,34.84,34.73,16.93,0,117,0.21,-0.97118,45,225.240005
2017-01-03,2017-02-17,265.0,put,39.65,39.86,39.75,19.43,0,74,0.23926,-0.97017,45,225.240005
2017-01-03,2017-02-17,270.0,put,44.64,44.85,44.75,22.2,0,175,0.25877,-0.97384,45,225.240005
2017-01-03,2017-02-17,275.0,put,49.63,49.84,49.73,24.34,0,218,0.27829,-0.97646,45,225.240005
2017-01-03,2017-02-17,280.0,put,54.64,54.85,54.75,27.3,0,366,0.30755,-0.97463,45,225.240005
2017-01-03,2017-02-17,285.0,put,59.63,59.84,59.73,0.0,0,0,0.32707,-0.97641,45,225.240005
2017-01-03,2017-02-17,290.0,put,64.65,64.86,64.75,31.83,0,3,0.34658,-0.97774,45,225.240005
2017-01-03,2017-02-17,295.0,put,69.64,69.85,69.75,35.07,0,129,0.36609,-0.97874,45,225.240005
2017-01-03,2017-02-17,300.0,put,74.65,74.86,74.75,37.3,0,0,0.3856,-0.97948,45,225.240005
2017-01-03,2017-02-17,305.0,put,79.42,80.09,79.75,40.56,0,58,0.40511,-0.98003,45,225.240005
2017-01-03,2017-02-17,310.0,put,83.56,86.5,85.03,41.67,0,162,0.48316,-0.96352,45,225.240005
2017-01-03,2017-02-17,315.0,put,89.64,89.85,89.75,44.43,0,20,0.44414,-0.98066,45,225.240005
2017-01-03,2017-02-17,320.0,put,94.64,94.85,94.75,47.57,0,13,0.46365,-0.9808,45,225.240005
2017-01-03,2017-02-17,325.0,put,99.34,100.18,99.76,50.25,0,0,0.48316,-0.98085,45,225.240005
2017-01-03,2017-03-17,50.0,call,175.13,175.43,175.28,87.65,0,10,0.01488,1.0,73,225.240005
2017-01-03,2017-03-17,55.0,call,170.14,170.44,170.29,85.15,0,10,0.01488,1.0,73,225.240005
2017-01-03,2017-03-17,60.0,call,165.17,165.46,165.31,0.0,0,0,0.01488,1.0,73,225.240005
2017-01-03,2017-03-17,65.0,call,160.18,160.47,160.32,80.17,0,10,0.01488,1.0,73,225.240005
2017-01-03,2017-03-17,70.0,call,155.18,155.48,155.33,0.0,0,0,0.01488,1.0,73,225.240005
2017-01-03,2017-03-17,75.0,call,150.2,150.49,150.34,149.56,18,10,0.66852,0.99994,73,225.240005
2017-01-03,2017-03-17,80.0,call,145.22,145.51,145.37,144.45,100,780,0.79535,0.99901,73,225.240005
2017-01-03,2017-03-17,85.0,call,140.23,140.52,140.38,139.58,256,962,0.75632,0.99887,73,225.240005
2017-01-03,2017-03-17,90.0,call,135.24,135.53,135.38,134.55,4,1087,0.69779,0.99903,73,225.240005
2017-01-03,2017-03-17,95.0,call,130.26,130.55,130.41,129.58,4,32,0.70754,0.99808,73,225.240005
2017-01-03,2017-03-17,100.0,call,125.27,125.56,125.41,124.61,4,14,0.65876,0.99818,73,225.240005
2017-01-03,2017-03-17,105.0,call,120.28,120.57,120.42,59.83,0,57,0.6295,0.99786,73,225.240005
2017-01-03,2017-03-17,110.0,call,115.31,115.59,115.45,57.41,0,4,0.61974,0.99683,73,225.240005
2017-01-03,2017-03-17,110.0,put,0.01,0.02,0.01,0.01,0,1676,0.52218,-0.00071,73,225.240005
2017-01-03,2017-03-17,115.0,call,110.33,110.61,110.47,56.09,0,12,0.60023,0.9959,73,225.240005
2017-01-03,2017-03-17,115.0,put,0.01,0.02,0.01,0.01,0,3567,0.49292,-0.00077,73,225.240005
2017-01-03,2017-03-17,120.0,call,105.34,105.62,105.48,52.18,0,1560,0.56121,0.99585,73,225.240005
2017-01-03,2017-03-17,120.0,put,0.01,0.02,0.01,0.01,0,10289,0.46365,-0.00083,73,225.240005
2017-01-03,2017-03-17,125.0,call,100.36,100.64,100.5,49.71,0,414,0.54169,0.99473,73,225.240005
2017-01-03,2017-03-17,125.0,put,0.02,0.03,0.03,0.02,53,11878,0.4734,-0.00191,73,225.240005
2017-01-03,2017-03-17,130.0,call,95.37,95.65,95.51,47.4,0,500,0.51243,0.99411,73,225.240005
2017-01-03,2017-03-17,130.0,put,0.02,0.03,0.03,0.02,0,5636,0.44414,-0.00203,73,225.240005
2017-01-03,2017-03-17,135.0,call,90.38,90.66,90.52,44.87,0,1,0.48316,0.99349,73,225.240005
2017-01-03,2017-03-17,135.0,put,0.02,0.03,0.03,0.02,0,2749,0.41487,-0.00213,73,225.240005
2017-01-03,2017-03-17,140.0,call,85.4,85.68,85.54,43.37,0,4,0.45389,0.99287,73,225.240005
2017-01-03,2017-03-17,140.0,put,0.03,0.04,0.04,0.04,120,15308,0.40511,-0.00324,73,225.240005
2017-01-03,2017-03-17,145.0,call,80.42,80.7,80.56,40.2,0,10,0.43438,0.99113,73,225.240005
2017-01-03,2017-03-17,145.0,put,0.04,0.05,0.04,0.05,1,6060,0.37584,-0.00334,73,225.240005
2017-01-03,2017-03-17,150.0,call,75.46,75.71,75.58,37.51,0,106,0.40511,0.9904,73,225.240005
2017-01-03,2017-03-17,150.0,put,0.05,0.06,0.06,0.05,100,6480,0.36609,-0.00504,73,225.240005
2017-01-03,2017-03-17,155.0,call,70.48,70.73,70.61,35.98,0,0,0.3856,0.98813,73,225.240005
2017-01-03,2017-03-17,155.0,put,0.06,0.07,0.07,0.07,974,5754,0.34658,-0.00626,73,225.240005
2017-01-03,2017-03-17,160.0,call,65.51,65.76,65.64,32.47,0,15,0.36609,0.98533,73,225.240005
2017-01-03,2017-03-17,160.0,put,0.08,0.09,0.08,0.08,80,20742,0.32707,-0.00775,73,225.240005
2017-01-03,2017-03-17,165.0,call,60.54,60.79,60.66,60.12,1,7,0.33682,0.98423,73,225.240005
2017-01-03,2017-03-17,165.0,put,0.11,0.12,0.11,0.11,31,6865,0.30755,-0.00961,73,225.240005
2017-01-03,2017-03-17,170.0,call,55.58,55.83,55.7,27.27,0,19,0.31731,0.98045,73,225.240005
2017-01-03,2017-03-17,170.0,put,0.14,0.15,0.15,0.16,5173,118199,0.2978,-0.01429,73,225.240005
2017-01-03,2017-03-17,173.0,call,52.61,52.85,52.73,26.35,0,14,0.30755,0.97708,73,225.240005
2017-01-03,2017-03-17,173.0,put,0.15,0.16,0.15,0.13,0,2190,0.27829,-0.01415,73,225.240005
2017-01-03,2017-03-17,174.0,call,51.62,51.86,51.74,21.29,0,0,0.2978,0.97803,73,225.240005
2017-01-03,2017-03-17,174.0,put,0.16,0.17,0.17,0.19,205,3445,0.27829,-0.0159,73,225.240005
2017-01-03,2017-03-17,175.0,call,50.63,50.87,50.75,25.35,0,35,0.2978,0.97567,73,225.240005
2017-01-03,2017-03-17,175.0,put,0.17,0.18,0.17,0.2,1474,10440,0.27829,-0.01783,73,225.240005
2017-01-03,2017-03-17,176.0,call,49.64,49.88,49.76,20.34,0,0,0.28804,0.97669,73,225.240005
2017-01-03,2017-03-17,176.0,put,0.18,0.19,0.18,0.21,3,9665,0.26853,-0.01679,73,225.240005
2017-01-03,2017-03-17,177.0,call,48.65,48.89,48.77,19.91,0,0,0.28804,0.97415,73,225.240005
2017-01-03,2017-03-17,177.0,put,0.19,0.2,0.2,0.22,75,6496,0.26853,-0.01885,73,225.240005
2017-01-03,2017-03-17,178.0,call,47.66,47.9,47.78,46.95,2,0,0.28804,0.97141,73,225.240005
2017-01-03,2017-03-17,178.0,put,0.2,0.21,0.21,0.17,0,3802,0.26853,-0.02112,73,225.240005
2017-01-03,2017-03-17,179.0,call,46.68,46.92,46.8,45.91,4,0,0.27829,0.97252,73,225.240005
2017-01-03,2017-03-17,179.0,put,0.21,0.23,0.22,0.18,0,5559,0.25877,-0.01995,73,225.240005
2017-01-03,2017-03-17,180.0,call,45.69,45.93,45.81,23.48,0,11,0.27829,0.96956,73,225.240005
2017-01-03,2017-03-17,180.0,put,0.23,0.25,0.24,0.25,188,35751,0.25877,-0.02239,73,225.240005
2017-01-03,2017-03-17,181.0,call,44.71,44.95,44.83,17.88,0,0,0.26853,0.97075,73,225.240005
2017-01-03,2017-03-17,181.0,put,0.24,0.25,0.24,0.29,1,6144,0.25877,-0.02507,73,225.240005
2017-01-03,2017-03-17,182.0,call,43.72,43.96,43.84,17.68,0,0,0.26853,0.96756,73,225.240005
2017-01-03,2017-03-17,182.0,put,0.26,0.27,0.27,0.21,0,3544,0.25877,-0.02799,73,225.240005
2017-01-03,2017-03-17,183.0,call,42.74,42.97,42.86,41.97,2,0,0.26853,0.9641,73,225.240005
2017-01-03,2017-03-17,183.0,put,0.27,0.28,0.28,0.34,10,3320,0.24902,-0.02665,73,225.240005
2017-01-03,2017-03-17,184.0,call,41.76,41.99,41.88,20.26,0,1,0.25877,0.96537,73,225.240005
2017-01-03,2017-03-17,184.0,put,0.29,0.3,0.29,0.36,384,5859,0.24902,-0.02982,73,225.240005
2017-01-03,2017-03-17,185.0,call,40.78,41.01,40.89,20.11,0,979,0.25877,0.96163,73,225.240005
2017-01-03,2017-03-17,185.0,put,0.31,0.32,0.32,0.33,107,24551,0.24902,-0.03327,73,225.240005
2017-01-03,2017-03-17,186.0,call,39.8,40.03,39.91,20.49,0,0,0.24902,0.96298,73,225.240005
2017-01-03,2017-03-17,186.0,put,0.33,0.34,0.34,0.38,265,5989,0.23926,-0.03181,73,225.240005
2017-01-03,2017-03-17,187.0,call,38.82,39.04,38.93,19.75,0,60,0.24902,0.95892,73,225.240005
2017-01-03,2017-03-17,187.0,put,0.35,0.36,0.35,0.41,554,14020,0.23926,-0.03556,73,225.240005
2017-01-03,2017-03-17,188.0,call,37.84,38.07,37.95,18.79,0,0,0.24902,0.95452,73,225.240005
2017-01-03,2017-03-17,188.0,put,0.37,0.39,0.38,0.42,1327,5473,0.23926,-0.03964,73,225.240005
2017-01-03,2017-03-17,189.0,call,36.87,37.08,36.97,18.86,0,0,0.23926,0.95593,73,225.240005
2017-01-03,2017-03-17,189.0,put,0.4,0.41,0.41,0.41,2405,7998,0.23926,-0.04407,73,225.240005
2017-01-03,2017-03-17,190.0,call,35.9,36.12,36.01,17.4,0,652,0.23926,0.95113,73,225.240005
2017-01-03,2017-03-17,190.0,put,0.43,0.44,0.43,0.45,3327,87844,0.22951,-0.04255,73,225.240005
2017-01-03,2017-03-17,191.0,call,34.92,35.15,35.03,18.34,0,10,0.23926,0.94596,73,225.240005
2017-01-03,2017-03-17,191.0,put,0.46,0.47,0.46,0.47,429,10685,0.22951,-0.04739,73,225.240005
2017-01-03,2017-03-17,192.0,call,33.95,34.18,34.06,17.19,0,93,0.22951,0.94737,73,225.240005
2017-01-03,2017-03-17,192.0,put,0.49,0.5,0.49,0.56,135,15179,0.22951,-0.05263,73,225.240005
2017-01-03,2017-03-17,193.0,call,32.99,33.21,33.1,16.78,0,170,0.22951,0.9417,73,225.240005
2017-01-03,2017-03-17,193.0,put,0.52,0.54,0.53,0.6,200,9297,0.21975,-0.05108,73,225.240005
2017-01-03,2017-03-17,194.0,call,32.02,32.23,32.12,30.97,2,87,0.22951,0.9356,73,225.240005
2017-01-03,2017-03-17,194.0,put,0.56,0.57,0.56,0.65,597,10398,0.21975,-0.05684,73,225.240005
2017-01-03,2017-03-17,195.0,call,31.06,31.27,31.16,31.0,25,1235,0.21975,0.93693,73,225.240005
2017-01-03,2017-03-17,195.0,put,0.6,0.61,0.6,0.66,1199,49037,0.21975,-0.06307,73,225.240005
2017-01-03,2017-03-17,196.0,call,30.1,30.3,30.2,14.75,0,184,0.21975,0.93023,73,225.240005
2017-01-03,2017-03-17,196.0,put,0.64,0.65,0.65,0.75,421,18146,0.21975,-0.06977,73,225.240005
2017-01-03,2017-03-17,197.0,call,29.14,29.35,29.25,14.9,0,260,0.21975,0.92302,73,225.240005
2017-01-03,2017-03-17,197.0,put,0.68,0.7,0.69,0.8,344,16614,0.21,-0.06844,73,225.240005
2017-01-03,2017-03-17,198.0,call,28.18,28.4,28.29,14.41,0,653,0.21,0.92415,73,225.240005
2017-01-03,2017-03-17,198.0,put,0.73,0.75,0.74,0.77,364,7627,0.21,-0.07585,73,225.240005
2017-01-03,2017-03-17,199.0,call,27.23,27.44,27.34,14.11,0,313,0.21,0.91619,73,225.240005
2017-01-03,2017-03-17,199.0,put,0.78,0.8,0.79,0.91,712,9358,0.21,-0.08381,73,225.240005
2017-01-03,2017-03-17,200.0,call,26.28,26.49,26.38,26.09,160,3509,0.21,0.90767,73,225.240005
2017-01-03,2017-03-17,200.0,put,0.84,0.85,0.84,0.85,2176,65870,0.20024,-0.08277,73,225.240005
2017-01-03,2017-03-17,201.0,call,25.34,25.54,25.44,12.38,0,438,0.20024,0.90841,73,225.240005
2017-01-03,2017-03-17,201.0,put,0.9,0.91,0.91,1.04,1414,4660,0.20024,-0.09159,73,225.240005
2017-01-03,2017-03-17,202.0,call,24.4,24.6,24.5,23.43,5,454,0.20024,0.89895,73,225.240005
2017-01-03,2017-03-17,202.0,put,0.96,0.98,0.97,1.1,1052,7100,0.20024,-0.10105,73,225.240005
2017-01-03,2017-03-17,203.0,call,23.46,23.67,23.57,11.4,0,223,0.20024,0.88885,73,225.240005
2017-01-03,2017-03-17,203.0,put,1.03,1.04,1.04,1.05,837,11422,0.20024,-0.11115,73,225.240005
2017-01-03,2017-03-17,204.0,call,22.53,22.74,22.63,21.69,3,472,0.19048,0.88892,73,225.240005
2017-01-03,2017-03-17,204.0,put,1.1,1.12,1.11,1.13,2549,24710,0.19048,-0.11108,73,225.240005
2017-01-03,2017-03-17,205.0,call,21.6,21.81,21.7,21.18,1,7773,0.19048,0.87766,73,225.240005
2017-01-03,2017-03-17,205.0,put,1.18,1.2,1.19,1.22,664,62583,0.19048,-0.12234,73,225.240005
2017-01-03,2017-03-17,206.0,call,20.68,20.88,20.78,20.75,18,1022,0.19048,0.86569,73,225.240005
2017-01-03,2017-03-17,206.0,put,1.26,1.28,1.27,1.34,11589,16864,0.19048,-0.13431,73,225.240005
2017-01-03,2017-03-17,207.0,call,19.77,19.96,19.87,9.64,0,1221,0.18073,0.86468,73,225.240005
2017-01-03,2017-03-17,207.0,put,1.36,1.37,1.37,1.37,2740,7697,0.18073,-0.13532,73,225.240005
2017-01-03,2017-03-17,208.0,call,18.86,19.06,18.96,9.34,0,2759,0.18073,0.85128,73,225.240005
2017-01-03,2017-03-17,208.0,put,1.45,1.47,1.46,1.59,457,14570,0.18073,-0.14872,73,225.240005
2017-01-03,2017-03-17,209.0,call,17.96,18.15,18.05,8.7,0,1734,0.18073,0.8371,73,225.240005
2017-01-03,2017-03-17,209.0,put,1.56,1.58,1.57,1.57,784,28502,0.18073,-0.1629,73,225.240005
2017-01-03,2017-03-17,210.0,call,17.07,17.24,17.16,16.34,22,12971,0.17097,0.83442,73,225.240005
2017-01-03,2017-03-17,210.0,put,1.68,1.7,1.69,1.69,13706,62263,0.17097,-0.16558,73,225.240005
2017-01-03,2017-03-17,211.0,call,16.18,16.35,16.27,15.54,86,1990,0.17097,0.81849,73,225.240005
2017-01-03,2017-03-17,211.0,put,1.8,1.82,1.81,1.88,1129,44318,0.17097,-0.18151,73,225.240005
2017-01-03,2017-03-17,212.0,call,15.3,15.47,15.39,14.97,37,2673,0.17097,0.80172,73,225.240005
2017-01-03,2017-03-17,212.0,put,1.93,1.96,1.94,1.97,1640,50713,0.17097,-0.19828,73,225.240005
2017-01-03,2017-03-17,213.0,call,14.44,14.6,14.52,6.53,0,7289,0.16122,0.79654,73,225.240005
2017-01-03,2017-03-17,213.0,put,2.08,2.1,2.09,2.31,409,26002,0.17097,-0.21586,73,225.240005
2017-01-03,2017-03-17,214.0,call,13.58,13.73,13.66,12.94,14,7446,0.16122,0.77768,73,225.240005
2017-01-03,2017-03-17,214.0,put,2.23,2.26,2.25,2.31,125,25402,0.16122,-0.22232,73,225.240005
2017-01-03,2017-03-17,215.0,call,12.74,12.88,12.81,12.67,55,24887,0.16122,0.75795,73,225.240005
2017-01-03,2017-03-17,215.0,put,2.4,2.43,2.42,2.45,1312,65640,0.16122,-0.24205,73,225.240005
2017-01-03,2017-03-17,216.0,call,11.91,12.04,11.97,11.74,2,5326,0.15146,0.74913,73,225.240005
2017-01-03,2017-03-17,216.0,put,2.58,2.61,2.59,2.62,3482,113266,0.16122,-0.2626,73,225.240005
2017-01-03,2017-03-17,217.0,call,11.1,11.2,11.15,10.98,9,7677,0.15146,0.72694,73,225.240005
2017-01-03,2017-03-17,217.0,put,2.78,2.8,2.79,2.94,2363,35145,0.15146,-0.27306,73,225.240005
2017-01-03,2017-03-17,218.0,call,10.29,10.39,10.34,9.75,27,13808,0.15146,0.70392,73,225.240005
2017-01-03,2017-03-17,218.0,put,2.99,3.02,3.0,3.34,1109,13737,0.15146,-0.29608,73,225.240005
2017-01-03,2017-03-17,219.0,call,9.51,9.6,9.55,8.75,389,6023,0.1417,0.69,73,225.240005
2017-01-03,2017-03-17,219.0,put,3.22,3.25,3.24,3.55,1959,6599,0.15146,-0.31985,73,225.240005
2017-01-03,2017-03-17,220.0,call,8.73,8.82,8.78,8.57,92,26363,0.1417,0.6642,73,225.240005
2017-01-03,2017-03-17,220.0,put,3.47,3.5,3.49,3.5,11706,58129,0.15146,-0.34426,73,225.240005
2017-01-03,2017-03-17,221.0,call,7.99,8.07,8.03,7.6,676,5219,0.1417,0.63773,73,225.240005
2017-01-03,2017-03-17,221.0,put,3.73,3.77,3.75,3.82,3474,8671,0.1417,-0.36227,73,225.240005
2017-01-03,2017-03-17,222.0,call,7.27,7.33,7.3,7.26,513,8236,0.13195,0.61693,73,225.240005
2017-01-03,2017-03-17,222.0,put,4.02,4.06,4.04,4.1,1749,21847,0.1417,-0.3893,73,225.240005
2017-01-03,2017-03-17,223.0,call,6.56,6.61,6.58,6.46,384,7081,0.13195,0.58755,73,225.240005
2017-01-03,2017-03-17,223.0,put,4.34,4.37,4.36,4.38,1274,21879,0.1417,-0.41674,73,225.240005
2017-01-03,2017-03-17,224.0,call,5.89,5.93,5.91,5.82,2151,14797,0.13195,0.55781,73,225.240005
2017-01-03,2017-03-17,224.0,put,4.68,4.71,4.7,4.76,1713,24339,0.13195,-0.44219,73,225.240005
2017-01-03,2017-03-17,225.0,call,5.22,5.27,5.24,5.25,3283,35189,0.12219,0.5283,73,225.240005
2017-01-03,2017-03-17,225.0,put,5.06,5.09,5.07,5.12,3288,16277,0.13195,-0.47212,73,225.240005
2017-01-03,2017-03-17,226.0,call,4.6,4.65,4.62,4.62,2952,18889,0.12219,0.49595,73,225.240005
2017-01-03,2017-03-17,226.0,put,5.45,5.5,5.47,5.58,582,5463,0.13195,-0.50208,73,225.240005
2017-01-03,2017-03-17,227.0,call,4.01,4.05,4.03,3.99,1532,11839,0.11244,0.45882,73,225.240005
2017-01-03,2017-03-17,227.0,put,5.9,5.95,5.93,5.99,1117,8519,0.13195,-0.53189,73,225.240005
2017-01-03,2017-03-17,228.0,call,3.47,3.5,3.49,3.4,1584,20534,0.11244,0.42433,73,225.240005
2017-01-03,2017-03-17,228.0,put,6.38,6.45,6.42,6.44,590,3022,0.12219,-0.56804,73,225.240005
2017-01-03,2017-03-17,229.0,call,2.96,2.99,2.98,2.79,1945,6418,0.11244,0.39056,73,225.240005
2017-01-03,2017-03-17,229.0,put,6.9,6.99,6.95,7.59,346,1089,0.12219,-0.59928,73,225.240005
2017-01-03,2017-03-17,230.0,call,2.5,2.53,2.51,2.48,1818,37478,0.11244,0.35774,73,225.240005
2017-01-03,2017-03-17,230.0,put,7.47,7.57,7.52,7.7,161,1651,0.12219,-0.62976,73,225.240005
2017-01-03,2017-03-17,231.0,call,2.09,2.11,2.1,2.09,663,5337,0.10268,0.30918,73,225.240005
2017-01-03,2017-03-17,231.0,put,8.09,8.19,8.14,9.04,306,396,0.12219,-0.65932,73,225.240005
2017-01-03,2017-03-17,232.0,call,1.72,1.75,1.73,1.68,1571,16521,0.10268,0.27684,73,225.240005
2017-01-03,2017-03-17,232.0,put,8.76,8.86,8.81,9.48,71,135,0.12219,-0.68781,73,225.240005
2017-01-03,2017-03-17,233.0,call,1.4,1.43,1.42,1.38,1236,8786,0.10268,0.24638,73,225.240005
2017-01-03,2017-03-17,233.0,put,9.42,9.58,9.5,10.51,184,139,0.12219,-0.71511,73,225.240005
2017-01-03,2017-03-17,234.0,call,1.14,1.16,1.15,1.14,362,23718,0.10268,0.21794,73,225.240005
2017-01-03,2017-03-17,234.0,put,10.17,10.35,10.26,11.01,10,10,0.12219,-0.7411,73,225.240005
2017-01-03,2017-03-17,235.0,call,0.92,0.94,0.93,0.92,8347,26777,0.09292,0.16647,73,225.240005
2017-01-03,2017-03-17,235.0,put,10.97,11.16,11.07,11.43,8,1331,0.12219,-0.7657,73,225.240005
2017-01-03,2017-03-17,236.0,call,0.74,0.76,0.75,0.73,11800,35381,0.09292,0.14223,73,225.240005
2017-01-03,2017-03-17,236.0,put,11.81,12.0,11.91,5.96,0,8,0.12219,-0.78886,73,225.240005
2017-01-03,2017-03-17,237.0,call,0.6,0.62,0.61,0.58,2320,14087,0.09292,0.12057,73,225.240005
2017-01-03,2017-03-17,237.0,put,12.68,12.88,12.78,6.36,0,14,0.12219,-0.81053,73,225.240005
2017-01-03,2017-03-17,238.0,call,0.49,0.5,0.49,0.48,1074,10439,0.09292,0.10143,73,225.240005
2017-01-03,2017-03-17,238.0,put,13.56,13.79,13.68,7.31,0,1,0.13195,-0.8111,73,225.240005
2017-01-03,2017-03-17,239.0,call,0.4,0.42,0.41,0.22,0,5043,0.09292,0.08467,73,225.240005
2017-01-03,2017-03-17,239.0,put,14.48,14.72,14.6,14.79,1,70,0.13195,-0.82971,73,225.240005
2017-01-03,2017-03-17,240.0,call,0.33,0.34,0.34,0.34,721,85522,0.09292,0.07013,73,225.240005
2017-01-03,2017-03-17,240.0,put,15.42,15.66,15.54,15.63,1,10486,0.13195,-0.84703,73,225.240005
2017-01-03,2017-03-17,245.0,call,0.15,0.16,0.15,0.13,2522,47943,0.10268,0.03757,73,225.240005
2017-01-03,2017-03-17,245.0,put,20.24,20.49,20.36,21.5,2,445,0.15146,-0.88261,73,225.240005
2017-01-03,2017-03-17,250.0,call,0.07,0.08,0.08,0.06,264,16092,0.11244,0.02155,73,225.240005
2017-01-03,2017-03-17,250.0,put,25.17,25.42,25.3,25.44,1,364,0.18073,-0.89133,73,225.240005
2017-01-03,2017-03-17,255.0,call,0.04,0.05,0.04,0.04,750,2428,0.11244,0.00783,73,225.240005
2017-01-03,2017-03-17,255.0,put,30.12,30.39,30.26,16.08,0,137,0.20024,-0.90763,73,225.240005
2017-01-03,2017-03-17,260.0,call,0.02,0.03,0.03,0.03,1,36163,0.13195,0.00865,73,225.240005
2017-01-03,2017-03-17,260.0,put,35.09,35.36,35.23,17.93,0,91,0.21975,-0.91891,73,225.240005
2017-01-03,2017-03-17,265.0,call,0.01,0.02,0.01,0.01,10,3014,0.13195,0.00344,73,225.240005
2017-01-03,2017-03-17,265.0,put,40.07,40.34,40.2,19.39,0,76,0.23926,-0.92695,73,225.240005
2017-01-03,2017-03-17,270.0,call,0.01,0.02,0.01,0.02,0,9475,0.1417,0.0025,73,225.240005
2017-01-03,2017-03-17,270.0,put,45.05,45.33,45.19,22.94,0,25,0.25877,-0.9328,73,225.240005
2017-01-03,2017-03-17,275.0,call,0.01,0.02,0.01,0.01,5000,11751,0.15146,0.0019,73,225.240005
2017-01-03,2017-03-17,275.0,put,50.04,50.31,50.17,51.23,104,468,0.27829,-0.93712,73,225.240005
2017-01-03,2017-03-17,280.0,put,55.02,55.3,55.16,28.22,0,1066,0.2978,-0.94033,73,225.240005
2017-01-03,2017-03-17,285.0,put,60.01,60.28,60.14,29.41,0,99,0.31731,-0.94272,73,225.240005
2017-01-03,2017-03-17,290.0,put,64.99,65.27,65.13,32.9,0,567,0.33682,-0.94449,73,225.240005
2017-01-03,2017-03-17,295.0,put,69.98,70.25,70.12,36.08,0,787,0.35633,-0.94577,73,225.240005
2017-01-03,2017-03-17,300.0,put,74.97,75.24,75.1,38.34,0,1094,0.36609,-0.95162,73,225.240005
2017-01-03,2017-03-17,305.0,put,79.95,80.23,80.09,40.71,0,687,0.3856,-0.95195,73,225.240005
2017-01-03,2017-03-17,310.0,put,84.94,85.22,85.08,43.23,0,798,0.40511,-0.95206,73,225.240005
2017-01-03,2017-03-17,315.0,put,89.93,90.2,90.06,91.27,20,5220,0.41487,-0.95617,73,225.240005
2017-01-03,2017-03-17,320.0,put,94.91,95.19,95.05,96.14,34,367,0.43438,-0.95578,73,225.240005
2017-01-03,2017-03-17,325.0,put,99.9,100.18,100.04,50.4,0,2680,0.44414,-0.95907,73,225.240005
2017-01-03,2017-03-31,150.0,call,75.46,75.71,75.58,37.35,0,9,0.35633,0.99251,87,225.240005
2017-01-03,2017-03-31,150.0,put,0.07,0.09,0.08,0.08,10,1981,0.34658,-0.00627,87,225.240005
2017-01-03,2017-03-31,151.0,call,74.47,74.72,74.59,32.17,0,0,0.35633,0.99168,87,225.240005
2017-01-03,2017-03-31,151.0,put,0.08,0.09,0.08,0.06,0,98,0.33682,-0.00581,87,225.240005
2017-01-03,2017-03-31,152.0,call,73.47,73.72,73.59,32.42,0,0,0.34658,0.9922,87,225.240005
2017-01-03,2017-03-31,152.0,put,0.08,0.09,0.08,0.17,0,517,0.33682,-0.00651,87,225.240005
2017-01-03,2017-03-31,153.0,call,72.48,72.73,72.61,31.53,0,0,0.35633,0.9898,87,225.240005
2017-01-03,2017-03-31,153.0,put,0.09,0.1,0.1,0.16,0,37,0.33682,-0.00727,87,225.240005
2017-01-03,2017-03-31,154.0,call,71.48,71.73,71.61,29.77,0,0,0.34658,0.99038,87,225.240005
2017-01-03,2017-03-31,154.0,put,0.09,0.1,0.1,0.06,0,618,0.33682,-0.00811,87,225.240005
2017-01-03,2017-03-31,155.0,call,70.49,70.74,70.61,35.46,0,2,0.33682,0.99097,87,225.240005
2017-01-03,2017-03-31,155.0,put,0.09,0.11,0.1,0.07,0,610,0.32707,-0.00754,87,225.240005
2017-01-03,2017-03-31,156.0,call,69.49,69.75,69.62,29.11,0,0,0.33682,0.98998,87,225.240005
2017-01-03,2017-03-31,156.0,put,0.1,0.11,0.11,0.27,0,120,0.32707,-0.00842,87,225.240005
2017-01-03,2017-03-31,157.0,call,68.5,68.75,68.62,29.94,0,0,0.32707,0.99061,87,225.240005
2017-01-03,2017-03-31,157.0,put,0.1,0.12,0.11,0.17,0,400,0.32707,-0.00939,87,225.240005
2017-01-03,2017-03-31,158.0,call,67.5,67.75,67.62,28.62,0,0,0.32707,0.98956,87,225.240005
2017-01-03,2017-03-31,158.0,put,0.11,0.12,0.11,0.13,10,216,0.31731,-0.00874,87,225.240005
2017-01-03,2017-03-31,159.0,call,66.51,66.76,66.64,28.87,0,0,0.32707,0.98842,87,225.240005
2017-01-03,2017-03-31,159.0,put,0.11,0.13,0.12,0.12,0,234,0.31731,-0.00975,87,225.240005
2017-01-03,2017-03-31,160.0,call,65.52,65.77,65.64,26.91,0,0,0.31731,0.98914,87,225.240005
2017-01-03,2017-03-31,160.0,put,0.12,0.13,0.12,0.14,270,12545,0.30755,-0.00906,87,225.240005
2017-01-03,2017-03-31,161.0,call,64.52,64.77,64.64,33.01,0,0,0.31731,0.98793,87,225.240005
2017-01-03,2017-03-31,161.0,put,0.13,0.14,0.14,0.67,0,81,0.31731,-0.01207,87,225.240005
2017-01-03,2017-03-31,162.0,call,63.53,63.79,63.66,32.47,0,0,0.31731,0.98662,87,225.240005
2017-01-03,2017-03-31,162.0,put,0.13,0.14,0.14,0.13,0,118,0.30755,-0.01129,87,225.240005
2017-01-03,2017-03-31,163.0,call,62.54,62.79,62.66,27.27,0,0,0.30755,0.98744,87,225.240005
2017-01-03,2017-03-31,163.0,put,0.14,0.15,0.15,0.25,0,681,0.30755,-0.01256,87,225.240005
2017-01-03,2017-03-31,164.0,call,61.55,61.8,61.67,25.91,0,0,0.30755,0.98605,87,225.240005
2017-01-03,2017-03-31,164.0,put,0.15,0.16,0.15,0.15,263,723,0.2978,-0.01173,87,225.240005
2017-01-03,2017-03-31,165.0,call,60.56,60.8,60.68,30.87,0,2,0.30755,0.98455,87,225.240005
2017-01-03,2017-03-31,165.0,put,0.15,0.17,0.16,0.17,23,5314,0.2978,-0.01307,87,225.240005
2017-01-03,2017-03-31,166.0,call,59.57,59.81,59.69,24.96,0,0,0.2978,0.98547,87,225.240005
2017-01-03,2017-03-31,166.0,put,0.16,0.17,0.17,0.28,0,1250,0.2978,-0.01453,87,225.240005
2017-01-03,2017-03-31,167.0,call,58.58,58.83,58.7,24.59,0,0,0.2978,0.98387,87,225.240005
2017-01-03,2017-03-31,167.0,put,0.17,0.18,0.17,0.16,0,669,0.28804,-0.01359,87,225.240005
2017-01-03,2017-03-31,168.0,call,57.59,57.84,57.72,25.29,0,0,0.2978,0.98214,87,225.240005
2017-01-03,2017-03-31,168.0,put,0.19,0.2,0.2,0.2,85,1362,0.2978,-0.01786,87,225.240005
2017-01-03,2017-03-31,169.0,call,56.59,56.84,56.72,22.93,0,0,0.28804,0.98318,87,225.240005
2017-01-03,2017-03-31,169.0,put,0.19,0.2,0.2,0.22,9,495,0.28804,-0.01682,87,225.240005
2017-01-03,2017-03-31,170.0,call,55.61,55.85,55.73,28.22,0,25,0.28804,0.98134,87,225.240005
2017-01-03,2017-03-31,170.0,put,0.21,0.22,0.21,0.22,151,3741,0.28804,-0.01866,87,225.240005
2017-01-03,2017-03-31,171.0,call,54.62,54.86,54.74,25.03,0,0,0.28804,0.97935,87,225.240005
2017-01-03,2017-03-31,171.0,put,0.21,0.22,0.21,0.2,0,132,0.27829,-0.01755,87,225.240005
2017-01-03,2017-03-31,172.0,call,53.63,53.87,53.75,20.97,0,0,0.27829,0.98051,87,225.240005
2017-01-03,2017-03-31,172.0,put,0.22,0.24,0.23,0.15,0,546,0.27829,-0.01949,87,225.240005
2017-01-03,2017-03-31,173.0,call,52.64,52.88,52.76,26.4,0,20,0.27829,0.9784,87,225.240005
2017-01-03,2017-03-31,173.0,put,0.24,0.25,0.24,0.23,0,413,0.27829,-0.0216,87,225.240005
2017-01-03,2017-03-31,174.0,call,51.65,51.89,51.77,20.03,0,0,0.26853,0.97964,87,225.240005
2017-01-03,2017-03-31,174.0,put,0.25,0.26,0.26,0.2,0,3787,0.27829,-0.02389,87,225.240005
2017-01-03,2017-03-31,175.0,call,50.67,50.91,50.79,22.96,0,0,0.26853,0.97739,87,225.240005
2017-01-03,2017-03-31,175.0,put,0.26,0.28,0.27,0.18,0,2224,0.26853,-0.02261,87,225.240005
2017-01-03,2017-03-31,176.0,call,49.68,49.92,49.8,19.37,0,0,0.26853,0.97495,87,225.240005
2017-01-03,2017-03-31,176.0,put,0.28,0.29,0.29,0.23,0,4220,0.26853,-0.02505,87,225.240005
2017-01-03,2017-03-31,177.0,call,48.7,48.94,48.82,24.91,0,0,0.26853,0.97231,87,225.240005
2017-01-03,2017-03-31,177.0,put,0.29,0.31,0.3,0.24,0,998,0.26853,-0.02769,87,225.240005
2017-01-03,2017-03-31,178.0,call,47.71,47.95,47.83,19.92,0,0,0.25877,0.97373,87,225.240005
2017-01-03,2017-03-31,178.0,put,0.31,0.33,0.32,0.22,0,1306,0.25877,-0.02627,87,225.240005
2017-01-03,2017-03-31,179.0,call,46.73,46.95,46.84,20.6,0,0,0.25877,0.97091,87,225.240005
2017-01-03,2017-03-31,179.0,put,0.33,0.34,0.34,0.51,0,705,0.25877,-0.02909,87,225.240005
2017-01-03,2017-03-31,180.0,call,45.75,45.98,45.86,23.46,0,0,0.25877,0.96786,87,225.240005
2017-01-03,2017-03-31,180.0,put,0.35,0.36,0.35,0.38,2612,56551,0.25877,-0.03214,87,225.240005
2017-01-03,2017-03-31,181.0,call,44.77,45.0,44.89,20.12,0,0,0.24902,0.96942,87,225.240005
2017-01-03,2017-03-31,181.0,put,0.37,0.38,0.38,0.43,270,2396,0.25877,-0.03542,87,225.240005
2017-01-03,2017-03-31,182.0,call,43.79,44.02,43.91,19.45,0,1,0.24902,0.96615,87,225.240005
2017-01-03,2017-03-31,182.0,put,0.39,0.41,0.4,0.29,0,347,0.24902,-0.03385,87,225.240005
2017-01-03,2017-03-31,183.0,call,42.81,43.03,42.92,19.14,0,0,0.24902,0.96262,87,225.240005
2017-01-03,2017-03-31,183.0,put,0.41,0.43,0.42,0.33,0,2768,0.24902,-0.03738,87,225.240005
2017-01-03,2017-03-31,184.0,call,41.83,42.05,41.94,18.58,0,0,0.23926,0.96432,87,225.240005
2017-01-03,2017-03-31,184.0,put,0.44,0.46,0.45,0.25,0,3591,0.24902,-0.04118,87,225.240005
2017-01-03,2017-03-31,185.0,call,40.86,41.07,40.97,20.6,0,130,0.23926,0.96052,87,225.240005
2017-01-03,2017-03-31,185.0,put,0.47,0.48,0.47,0.5,2971,33123,0.23926,-0.03948,87,225.240005
2017-01-03,2017-03-31,186.0,call,39.88,40.11,40.0,21.03,0,0,0.23926,0.95642,87,225.240005
2017-01-03,2017-03-31,186.0,put,0.49,0.51,0.5,0.34,0,3376,0.23926,-0.04358,87,225.240005
2017-01-03,2017-03-31,187.0,call,38.91,39.12,39.02,20.43,0,31,0.22951,0.95824,87,225.240005
2017-01-03,2017-03-31,187.0,put,0.53,0.54,0.54,0.61,95,2456,0.23926,-0.04799,87,225.240005
2017-01-03,2017-03-31,188.0,call,37.94,38.15,38.05,16.55,0,88,0.22951,0.95381,87,225.240005
2017-01-03,2017-03-31,188.0,put,0.56,0.57,0.56,0.63,10,1857,0.23926,-0.05272,87,225.240005
2017-01-03,2017-03-31,189.0,call,36.97,37.18,37.08,16.23,0,14,0.22951,0.94904,87,225.240005
2017-01-03,2017-03-31,189.0,put,0.59,0.61,0.6,0.67,20,3278,0.22951,-0.05096,87,225.240005
2017-01-03,2017-03-31,190.0,call,36.0,36.21,36.11,16.12,0,236,0.22951,0.94392,87,225.240005
2017-01-03,2017-03-31,190.0,put,0.63,0.65,0.64,0.64,418,2468,0.22951,-0.05608,87,225.240005
2017-01-03,2017-03-31,191.0,call,35.04,35.26,35.15,17.95,0,33,0.21975,0.94578,87,225.240005
2017-01-03,2017-03-31,191.0,put,0.66,0.68,0.67,0.46,0,156,0.22951,-0.06158,87,225.240005
2017-01-03,2017-03-31,192.0,call,34.07,34.3,34.19,15.65,0,209,0.21975,0.94021,87,225.240005
2017-01-03,2017-03-31,192.0,put,0.71,0.73,0.72,0.82,127,634,0.22951,-0.06745,87,225.240005
2017-01-03,2017-03-31,193.0,call,33.11,33.34,33.23,16.61,0,245,0.21975,0.93424,87,225.240005
2017-01-03,2017-03-31,193.0,put,0.75,0.77,0.76,0.82,1,115,0.21975,-0.06576,87,225.240005
2017-01-03,2017-03-31,194.0,call,32.15,32.37,32.26,14.27,0,218,0.21,0.93611,87,225.240005
2017-01-03,2017-03-31,194.0,put,0.8,0.82,0.81,0.91,2,486,0.21975,-0.07215,87,225.240005
2017-01-03,2017-03-31,195.0,call,31.2,31.4,31.3,15.32,0,226,0.21,0.9296,87,225.240005
2017-01-03,2017-03-31,195.0,put,0.85,0.87,0.86,0.89,21,26254,0.21975,-0.07897,87,225.240005
2017-01-03,2017-03-31,196.0,call,30.25,30.46,30.36,15.25,0,147,0.21,0.92262,87,225.240005
2017-01-03,2017-03-31,196.0,put,0.9,0.92,0.91,0.54,0,634,0.21,-0.07738,87,225.240005
2017-01-03,2017-03-31,197.0,call,29.3,29.51,29.41,14.9,0,138,0.21,0.91516,87,225.240005
2017-01-03,2017-03-31,197.0,put,0.96,0.98,0.97,1.08,53,4419,0.21,-0.08484,87,225.240005
2017-01-03,2017-03-31,198.0,call,28.35,28.56,28.45,14.04,0,137,0.20024,0.91674,87,225.240005
2017-01-03,2017-03-31,198.0,put,1.01,1.04,1.02,0.53,0,933,0.21,-0.09277,87,225.240005
2017-01-03,2017-03-31,199.0,call,27.41,27.61,27.51,14.18,0,113,0.20024,0.90856,87,225.240005
2017-01-03,2017-03-31,199.0,put,1.08,1.1,1.09,1.13,1,655,0.21,-0.1012,87,225.240005
2017-01-03,2017-03-31,200.0,call,26.47,26.66,26.56,26.0,10,335,0.20024,0.89985,87,225.240005
2017-01-03,2017-03-31,200.0,put,1.14,1.17,1.15,1.17,72,5064,0.20024,-0.10015,87,225.240005
2017-01-03,2017-03-31,201.0,call,25.53,25.74,25.63,13.18,0,31,0.19048,0.90109,87,225.240005
2017-01-03,2017-03-31,201.0,put,1.21,1.24,1.23,1.37,10,165,0.20024,-0.10941,87,225.240005
2017-01-03,2017-03-31,202.0,call,24.6,24.79,24.7,10.52,0,108,0.19048,0.89147,87,225.240005
2017-01-03,2017-03-31,202.0,put,1.29,1.32,1.31,1.49,2,7541,0.20024,-0.11922,87,225.240005
2017-01-03,2017-03-31,203.0,call,23.67,23.86,23.77,12.16,0,531,0.19048,0.88126,87,225.240005
2017-01-03,2017-03-31,203.0,put,1.37,1.4,1.39,1.54,11,2007,0.20024,-0.12958,87,225.240005
2017-01-03,2017-03-31,204.0,call,22.76,22.94,22.85,12.1,0,467,0.18073,0.88189,87,225.240005
2017-01-03,2017-03-31,204.0,put,1.46,1.49,1.48,1.6,30,996,0.19048,-0.12956,87,225.240005
2017-01-03,2017-03-31,205.0,call,21.84,22.03,21.94,11.63,0,561,0.18073,0.87056,87,225.240005
2017-01-03,2017-03-31,205.0,put,1.55,1.58,1.56,1.6,32,16103,0.19048,-0.14099,87,225.240005
2017-01-03,2017-03-31,206.0,call,20.93,21.11,21.02,20.24,2,78,0.18073,0.85857,87,225.240005
2017-01-03,2017-03-31,206.0,put,1.65,1.69,1.67,1.87,31,719,0.19048,-0.15302,87,225.240005
2017-01-03,2017-03-31,207.0,call,20.02,20.2,20.11,10.13,0,359,0.18073,0.84591,87,225.240005
2017-01-03,2017-03-31,207.0,put,1.76,1.79,1.77,1.98,24,6790,0.18073,-0.15409,87,225.240005
2017-01-03,2017-03-31,208.0,call,19.13,19.3,19.21,9.28,0,1015,0.17097,0.84484,87,225.240005
2017-01-03,2017-03-31,208.0,put,1.87,1.91,1.89,2.1,20,3085,0.18073,-0.16742,87,225.240005
2017-01-03,2017-03-31,209.0,call,18.24,18.41,18.32,9.4,0,499,0.17097,0.83074,87,225.240005
2017-01-03,2017-03-31,209.0,put,1.99,2.03,2.01,2.06,63,2341,0.18073,-0.1814,87,225.240005
2017-01-03,2017-03-31,210.0,call,17.35,17.52,17.44,8.05,0,1815,0.17097,0.81591,87,225.240005
2017-01-03,2017-03-31,210.0,put,2.12,2.16,2.14,2.17,407,8162,0.18073,-0.19601,87,225.240005
2017-01-03,2017-03-31,211.0,call,16.49,16.65,16.57,8.26,0,986,0.16122,0.81302,87,225.240005
2017-01-03,2017-03-31,211.0,put,2.26,2.3,2.28,2.58,88,2285,0.17097,-0.19962,87,225.240005
2017-01-03,2017-03-31,212.0,call,15.62,15.78,15.7,7.51,0,309,0.16122,0.79645,87,225.240005
2017-01-03,2017-03-31,212.0,put,2.4,2.45,2.42,2.48,395,2673,0.17097,-0.21583,87,225.240005
2017-01-03,2017-03-31,213.0,call,14.76,14.92,14.84,15.29,68,661,0.16122,0.77912,87,225.240005
2017-01-03,2017-03-31,213.0,put,2.56,2.61,2.58,2.88,48,1723,0.17097,-0.23271,87,225.240005
2017-01-03,2017-03-31,214.0,call,13.92,14.07,14.0,7.18,0,4876,0.15146,0.77353,87,225.240005
2017-01-03,2017-03-31,214.0,put,2.73,2.77,2.75,3.08,84,2894,0.16122,-0.23894,87,225.240005
2017-01-03,2017-03-31,215.0,call,13.09,13.23,13.16,6.8,0,1167,0.15146,0.75411,87,225.240005
2017-01-03,2017-03-31,215.0,put,2.91,2.96,2.94,2.95,143,2840,0.16122,-0.25769,87,225.240005
2017-01-03,2017-03-31,216.0,call,12.29,12.39,12.34,5.76,0,1934,0.15146,0.73392,87,225.240005
2017-01-03,2017-03-31,216.0,put,3.1,3.15,3.12,3.47,40,2078,0.16122,-0.27708,87,225.240005
2017-01-03,2017-03-31,217.0,call,11.48,11.58,11.53,6.04,0,2924,0.15146,0.71303,87,225.240005
2017-01-03,2017-03-31,217.0,put,3.31,3.36,3.33,3.7,90,2330,0.16122,-0.29707,87,225.240005
2017-01-03,2017-03-31,218.0,call,10.68,10.78,10.73,5.14,0,3264,0.1417,0.7018,87,225.240005
2017-01-03,2017-03-31,218.0,put,3.53,3.59,3.56,3.64,507,11283,0.15146,-0.30851,87,225.240005
2017-01-03,2017-03-31,219.0,call,9.9,10.0,9.95,10.13,57,886,0.1417,0.67847,87,225.240005
2017-01-03,2017-03-31,219.0,put,3.77,3.82,3.79,4.23,200,449,0.15146,-0.33063,87,225.240005
2017-01-03,2017-03-31,220.0,call,9.14,9.23,9.19,8.74,1,3340,0.1417,0.65453,87,225.240005
2017-01-03,2017-03-31,220.0,put,4.03,4.08,4.05,4.14,55,13446,0.15146,-0.35324,87,225.240005
2017-01-03,2017-03-31,221.0,call,8.4,8.48,8.44,3.74,0,1129,0.13195,0.63744,87,225.240005
2017-01-03,2017-03-31,221.0,put,4.31,4.36,4.33,4.74,84,287,0.1417,-0.36994,87,225.240005
2017-01-03,2017-03-31,222.0,call,7.69,7.75,7.72,7.13,211,2791,0.13195,0.61086,87,225.240005
2017-01-03,2017-03-31,222.0,put,4.6,4.66,4.63,4.66,352,672,0.1417,-0.39483,87,225.240005
2017-01-03,2017-03-31,223.0,call,6.98,7.05,7.02,6.49,44,1684,0.13195,0.58386,87,225.240005
2017-01-03,2017-03-31,223.0,put,4.92,4.98,4.95,5.43,280,1225,0.1417,-0.42004,87,225.240005
2017-01-03,2017-03-31,224.0,call,6.31,6.36,6.33,6.02,103,1324,0.12219,0.55912,87,225.240005
2017-01-03,2017-03-31,224.0,put,5.27,5.33,5.3,5.38,394,341,0.1417,-0.44547,87,225.240005
2017-01-03,2017-03-31,225.0,call,5.65,5.71,5.68,5.45,220,5432,0.12219,0.52952,87,225.240005
2017-01-03,2017-03-31,225.0,put,5.64,5.7,5.67,5.74,125,2484,0.13195,-0.47083,87,225.240005
2017-01-03,2017-03-31,226.0,call,5.04,5.09,5.06,4.68,466,6464,0.12219,0.49989,87,225.240005
2017-01-03,2017-03-31,226.0,put,6.03,6.11,6.07,6.04,124,5456,0.13195,-0.49827,87,225.240005
2017-01-03,2017-03-31,227.0,call,4.45,4.49,4.47,3.99,166,1772,0.11244,0.46586,87,225.240005
2017-01-03,2017-03-31,227.0,put,6.47,6.54,6.5,6.66,64,297,0.13195,-0.52559,87,225.240005
2017-01-03,2017-03-31,228.0,call,3.89,3.94,3.92,3.6,250,4764,0.11244,0.43417,87,225.240005
2017-01-03,2017-03-31,228.0,put,6.93,7.02,6.97,7.11,43,224,0.13195,-0.55268,87,225.240005
2017-01-03,2017-03-31,229.0,call,3.38,3.44,3.41,3.02,372,3370,0.11244,0.40304,87,225.240005
2017-01-03,2017-03-31,229.0,put,7.44,7.53,7.49,7.38,100,535,0.13195,-0.5794,87,225.240005
2017-01-03,2017-03-31,230.0,call,2.9,2.94,2.92,2.83,73,40355,0.11244,0.37264,87,225.240005
2017-01-03,2017-03-31,230.0,put,7.98,8.08,8.03,8.85,132,5422,0.12219,-0.61576,87,225.240005
2017-01-03,2017-03-31,231.0,call,2.47,2.5,2.49,2.34,310,3014,0.10268,0.32734,87,225.240005
2017-01-03,2017-03-31,231.0,put,8.56,8.66,8.61,4.46,0,94,0.12219,-0.64322,87,225.240005
2017-01-03,2017-03-31,232.0,call,2.07,2.11,2.09,2.06,127,3349,0.10268,0.29687,87,225.240005
2017-01-03,2017-03-31,232.0,put,9.19,9.29,9.24,9.75,1,177,0.12219,-0.66985,87,225.240005
2017-01-03,2017-03-31,233.0,call,1.72,1.76,1.74,1.66,67,2731,0.10268,0.26788,87,225.240005
2017-01-03,2017-03-31,233.0,put,9.82,9.97,9.89,5.45,0,47,0.12219,-0.69553,87,225.240005
2017-01-03,2017-03-31,234.0,call,1.42,1.46,1.44,1.56,1,1927,0.10268,0.24051,87,225.240005
2017-01-03,2017-03-31,234.0,put,10.55,10.69,10.62,5.37,0,135,0.12219,-0.72018,87,225.240005
2017-01-03,2017-03-31,235.0,call,1.17,1.2,1.19,1.13,97,9360,0.09292,0.19007,87,225.240005
2017-01-03,2017-03-31,235.0,put,11.34,11.45,11.39,11.47,2,271,0.12219,-0.74372,87,225.240005
2017-01-03,2017-03-31,236.0,call,0.95,0.99,0.97,0.84,10,9041,0.09292,0.16571,87,225.240005
2017-01-03,2017-03-31,236.0,put,12.07,12.25,12.16,12.54,1,36,0.12219,-0.76609,87,225.240005
2017-01-03,2017-03-31,237.0,call,0.78,0.81,0.8,0.73,1,1043,0.09292,0.14356,87,225.240005
2017-01-03,2017-03-31,237.0,put,12.9,13.09,13.0,0.0,0,0,0.12219,-0.78725,87,225.240005
2017-01-03,2017-03-31,238.0,call,0.64,0.66,0.65,0.36,0,1166,0.09292,0.12358,87,225.240005
2017-01-03,2017-03-31,238.0,put,13.74,13.96,13.85,7.43,0,0,0.12219,-0.80716,87,225.240005
2017-01-03,2017-03-31,239.0,call,0.52,0.55,0.54,0.31,0,1915,0.09292,0.10571,87,225.240005
2017-01-03,2017-03-31,239.0,put,14.63,14.86,14.75,0.0,0,30,0.13195,-0.80617,87,225.240005
2017-01-03,2017-03-31,240.0,call,0.43,0.45,0.44,0.42,131,27857,0.09292,0.08984,87,225.240005
2017-01-03,2017-03-31,240.0,put,15.54,15.77,15.65,16.8,7,253,0.13195,-0.82347,87,225.240005
2017-01-03,2017-03-31,245.0,call,0.18,0.19,0.18,0.18,58,13552,0.09292,0.03623,87,225.240005
2017-01-03,2017-03-31,245.0,put,20.3,20.55,20.43,16.27,0,14,0.15146,-0.8597,87,225.240005
2017-01-03,2017-03-31,250.0,call,0.09,0.1,0.1,0.11,19,4898,0.10268,0.02148,87,225.240005
2017-01-03,2017-03-31,250.0,put,25.2,25.45,25.32,15.94,0,43,0.17097,-0.88276,87,225.240005
2017-01-03,2017-03-31,255.0,call,0.05,0.06,0.06,0.05,20,2802,0.11244,0.01374,87,225.240005
2017-01-03,2017-03-31,255.0,put,30.14,30.4,30.27,14.76,0,80,0.19048,-0.89814,87,225.240005
2017-01-03,2017-03-31,260.0,call,0.03,0.04,0.04,0.04,1,949,0.12219,0.0094,87,225.240005
2017-01-03,2017-03-31,260.0,put,35.1,35.37,35.23,17.52,0,68,0.21,-0.90877,87,225.240005
2017-01-03,2017-03-31,265.0,call,0.02,0.03,0.03,0.02,0,432,0.13195,0.00681,87,225.240005
2017-01-03,2017-03-31,265.0,put,40.08,40.35,40.22,19.85,0,7,0.22951,-0.91632,87,225.240005
2017-01-03,2017-03-31,300.0,put,74.97,75.25,75.11,37.31,0,464,0.34658,-0.9452,87,225.240005
2017-01-03,2017-03-31,305.0,put,79.96,80.23,80.09,39.39,0,70,0.35633,-0.95017,87,225.240005
2017-01-03,2017-03-31,310.0,put,84.95,85.22,85.09,41.98,0,161,0.37584,-0.94954,87,225.240005
2017-01-03,2017-03-31,315.0,put,89.93,90.21,90.07,44.47,0,481,0.3856,-0.95344,87,225.240005
2017-01-03,2017-03-31,320.0,put,94.92,95.2,95.06,47.16,0,234,0.40511,-0.9524,87,225.240005
2017-01-03,2017-03-31,325.0,put,99.91,100.18,100.05,99.76,145,342,0.41487,-0.95555,87,225.240005
2017-01-03,2017-04-21,100.0,call,125.26,125.55,125.41,124.61,2,3,0.01488,1.0,108,225.240005
2017-01-03,2017-04-21,100.0,put,0.01,0.02,0.01,0.01,0,4,0.48316,-0.00062,108,225.240005
2017-01-03,2017-04-21,105.0,call,120.28,120.57,120.42,59.86,0,1,0.01488,1.0,108,225.240005
2017-01-03,2017-04-21,105.0,put,0.02,0.03,0.03,0.0,0,0,0.50267,-0.00167,108,225.240005
2017-01-03,2017-04-21,110.0,call,115.29,115.58,115.44,57.38,0,3,0.01488,1.0,108,225.240005
2017-01-03,2017-04-21,110.0,put,0.02,0.03,0.03,0.02,0,50,0.4734,-0.00175,108,225.240005
2017-01-03,2017-04-21,115.0,call,110.32,110.6,110.46,54.88,0,1,0.01488,1.0,108,225.240005
2017-01-03,2017-04-21,115.0,put,0.03,0.04,0.04,0.0,0,0,0.45389,-0.00216,108,225.240005
2017-01-03,2017-04-21,120.0,call,105.32,105.61,105.47,0.0,0,0,0.01488,1.0,108,225.240005
2017-01-03,2017-04-21,120.0,put,0.04,0.05,0.04,0.05,200,0,0.43438,-0.00262,108,225.240005
2017-01-03,2017-04-21,125.0,call,100.35,100.63,100.49,0.0,0,0,0.33682,0.99954,108,225.240005
2017-01-03,2017-04-21,125.0,put,0.05,0.06,0.06,0.05,10,3,0.42462,-0.00376,108,225.240005
2017-01-03,2017-04-21,130.0,call,95.37,95.65,95.51,0.0,0,0,0.34658,0.99874,108,225.240005
2017-01-03,2017-04-21,130.0,put,0.06,0.07,0.07,0.05,0,12,0.40511,-0.00448,108,225.240005
2017-01-03,2017-04-21,135.0,call,90.39,90.67,90.53,0.0,0,0,0.33682,0.99811,108,225.240005
2017-01-03,2017-04-21,135.0,put,0.07,0.08,0.08,0.05,0,15,0.3856,-0.00531,108,225.240005
2017-01-03,2017-04-21,140.0,call,85.41,85.68,85.55,0.0,0,0,0.32707,0.99722,108,225.240005
2017-01-03,2017-04-21,140.0,put,0.08,0.1,0.09,0.06,0,73,0.36609,-0.00626,108,225.240005
2017-01-03,2017-04-21,145.0,call,80.45,80.7,80.58,0.0,0,0,0.31731,0.99597,108,225.240005
2017-01-03,2017-04-21,145.0,put,0.1,0.12,0.11,0.0,0,0,0.34658,-0.00733,108,225.240005
2017-01-03,2017-04-21,150.0,call,75.48,75.73,75.61,37.97,0,1,0.30755,0.99422,108,225.240005
2017-01-03,2017-04-21,150.0,put,0.13,0.14,0.14,0.1,0,15,0.33682,-0.01014,108,225.240005
2017-01-03,2017-04-21,151.0,call,74.48,74.73,74.61,0.0,0,0,0.30755,0.99353,108,225.240005
2017-01-03,2017-04-21,151.0,put,0.13,0.15,0.14,0.0,0,0,0.32707,-0.00945,108,225.240005
2017-01-03,2017-04-21,152.0,call,73.49,73.74,73.61,0.0,0,0,0.2978,0.99415,108,225.240005
2017-01-03,2017-04-21,152.0,put,0.14,0.15,0.15,0.0,0,0,0.32707,-0.01043,108,225.240005
2017-01-03,2017-04-21,153.0,call,72.49,72.75,72.62,0.0,0,0,0.2978,0.99344,108,225.240005
2017-01-03,2017-04-21,153.0,put,0.15,0.16,0.15,0.0,0,0,0.31731,-0.00969,108,225.240005
2017-01-03,2017-04-21,154.0,call,71.5,71.75,71.62,0.0,0,0,0.28804,0.99409,108,225.240005
2017-01-03,2017-04-21,154.0,put,0.15,0.17,0.16,0.0,0,0,0.31731,-0.01071,108,225.240005
2017-01-03,2017-04-21,155.0,call,70.51,70.76,70.64,0.0,0,0,0.2978,0.99181,108,225.240005
2017-01-03,2017-04-21,155.0,put,0.16,0.17,0.17,0.12,0,8,0.31731,-0.01182,108,225.240005
2017-01-03,2017-04-21,156.0,call,69.52,69.77,69.64,0.0,0,0,0.28804,0.99256,108,225.240005
2017-01-03,2017-04-21,156.0,put,0.17,0.18,0.17,0.13,0,33,0.31731,-0.01302,108,225.240005
2017-01-03,2017-04-21,157.0,call,68.53,68.77,68.65,0.0,0,0,0.28804,0.99167,108,225.240005
2017-01-03,2017-04-21,157.0,put,0.19,0.2,0.2,0.12,0,42,0.31731,-0.01431,108,225.240005
2017-01-03,2017-04-21,158.0,call,67.53,67.79,67.66,0.0,0,0,0.28804,0.99071,108,225.240005
2017-01-03,2017-04-21,158.0,put,0.18,0.2,0.19,0.0,0,0,0.30755,-0.01339,108,225.240005
2017-01-03,2017-04-21,159.0,call,66.54,66.79,66.67,0.0,0,0,0.28804,0.98965,108,225.240005
2017-01-03,2017-04-21,159.0,put,0.19,0.21,0.2,0.15,0,4,0.30755,-0.01474,108,225.240005
2017-01-03,2017-04-21,160.0,call,65.55,65.8,65.67,0.0,0,0,0.27829,0.99056,108,225.240005
2017-01-03,2017-04-21,160.0,put,0.2,0.22,0.21,0.15,0,136,0.30755,-0.0162,108,225.240005
2017-01-03,2017-04-21,161.0,call,64.56,64.81,64.69,0.0,0,0,0.27829,0.98946,108,225.240005
2017-01-03,2017-04-21,161.0,put,0.21,0.23,0.22,0.16,0,1,0.2978,-0.01516,108,225.240005
2017-01-03,2017-04-21,162.0,call,63.57,63.82,63.7,0.0,0,0,0.27829,0.98827,108,225.240005
2017-01-03,2017-04-21,162.0,put,0.22,0.24,0.23,0.15,0,1,0.2978,-0.01669,108,225.240005
2017-01-03,2017-04-21,163.0,call,62.58,62.83,62.7,0.0,0,0,0.26853,0.98929,108,225.240005
2017-01-03,2017-04-21,163.0,put,0.23,0.25,0.24,0.27,85,111,0.2978,-0.01833,108,225.240005
2017-01-03,2017-04-21,164.0,call,61.59,61.83,61.71,0.0,0,0,0.26853,0.98805,108,225.240005
2017-01-03,2017-04-21,164.0,put,0.24,0.26,0.25,0.0,0,0,0.28804,-0.01718,108,225.240005
2017-01-03,2017-04-21,165.0,call,60.6,60.85,60.73,0.0,0,0,0.26853,0.98669,108,225.240005
2017-01-03,2017-04-21,165.0,put,0.26,0.27,0.27,0.27,8,1,0.28804,-0.0189,108,225.240005
2017-01-03,2017-04-21,166.0,call,59.62,59.86,59.74,0.0,0,0,0.26853,0.98521,108,225.240005
2017-01-03,2017-04-21,166.0,put,0.27,0.28,0.28,0.0,0,0,0.28804,-0.02075,108,225.240005
2017-01-03,2017-04-21,167.0,call,58.63,58.87,58.75,0.0,0,0,0.26853,0.9836,108,225.240005
2017-01-03,2017-04-21,167.0,put,0.28,0.3,0.29,0.0,0,0,0.28804,-0.02274,108,225.240005
2017-01-03,2017-04-21,168.0,call,57.64,57.89,57.77,0.0,0,0,0.26853,0.98186,108,225.240005
2017-01-03,2017-04-21,168.0,put,0.3,0.31,0.3,0.22,0,7,0.27829,-0.02141,108,225.240005
2017-01-03,2017-04-21,169.0,call,56.66,56.9,56.78,0.0,0,0,0.25877,0.98321,108,225.240005
2017-01-03,2017-04-21,169.0,put,0.31,0.33,0.32,0.23,0,1,0.27829,-0.0235,108,225.240005
2017-01-03,2017-04-21,170.0,call,55.67,55.91,55.79,0.0,0,0,0.25877,0.98138,108,225.240005
2017-01-03,2017-04-21,170.0,put,0.33,0.34,0.34,0.35,50,23,0.27829,-0.02575,108,225.240005
2017-01-03,2017-04-21,171.0,call,54.69,54.92,54.8,0.0,0,0,0.25877,0.9794,108,225.240005
2017-01-03,2017-04-21,171.0,put,0.35,0.36,0.35,0.26,0,1,0.26853,-0.02428,108,225.240005
2017-01-03,2017-04-21,172.0,call,53.7,53.94,53.82,0.0,0,0,0.24902,0.98091,108,225.240005
2017-01-03,2017-04-21,172.0,put,0.36,0.38,0.37,0.27,0,1373,0.26853,-0.02664,108,225.240005
2017-01-03,2017-04-21,173.0,call,52.72,52.95,52.84,0.0,0,0,0.24902,0.97883,108,225.240005
2017-01-03,2017-04-21,173.0,put,0.38,0.4,0.39,0.0,0,0,0.26853,-0.02918,108,225.240005
2017-01-03,2017-04-21,174.0,call,51.74,51.97,51.86,0.0,0,0,0.24902,0.97657,108,225.240005
2017-01-03,2017-04-21,174.0,put,0.4,0.42,0.41,0.0,0,0,0.26853,-0.03191,108,225.240005
2017-01-03,2017-04-21,175.0,call,50.75,50.98,50.86,0.0,0,0,0.23926,0.97827,108,225.240005
2017-01-03,2017-04-21,175.0,put,0.42,0.44,0.43,0.5,20,0,0.25877,-0.03024,108,225.240005
2017-01-03,2017-04-21,176.0,call,49.78,49.99,49.89,0.0,0,0,0.23926,0.97589,108,225.240005
2017-01-03,2017-04-21,176.0,put,0.45,0.46,0.46,0.25,0,100,0.25877,-0.03312,108,225.240005
2017-01-03,2017-04-21,177.0,call,48.8,49.02,48.91,0.0,0,0,0.23926,0.97332,108,225.240005
2017-01-03,2017-04-21,177.0,put,0.47,0.49,0.48,0.31,0,10,0.25877,-0.03621,108,225.240005
2017-01-03,2017-04-21,178.0,call,47.82,48.05,47.94,0.0,0,0,0.23926,0.97053,108,225.240005
2017-01-03,2017-04-21,178.0,put,0.5,0.51,0.51,0.55,84,11,0.25877,-0.03951,108,225.240005
2017-01-03,2017-04-21,179.0,call,46.84,47.06,46.95,0.0,0,0,0.23926,0.96753,108,225.240005
2017-01-03,2017-04-21,179.0,put,0.52,0.54,0.53,0.0,0,0,0.24902,-0.03766,108,225.240005
2017-01-03,2017-04-21,180.0,call,45.87,46.08,45.97,0.0,0,0,0.22951,0.96954,108,225.240005
2017-01-03,2017-04-21,180.0,put,0.55,0.57,0.56,0.39,0,2583,0.24902,-0.04116,108,225.240005
2017-01-03,2017-04-21,181.0,call,44.89,45.11,45.0,0.0,0,0,0.22951,0.96635,108,225.240005
2017-01-03,2017-04-21,181.0,put,0.58,0.6,0.59,0.68,1,1,0.24902,-0.0449,108,225.240005
2017-01-03,2017-04-21,182.0,call,43.92,44.13,44.03,0.0,0,0,0.22951,0.96291,108,225.240005
2017-01-03,2017-04-21,182.0,put,0.61,0.63,0.62,0.0,0,0,0.24902,-0.04888,108,225.240005
2017-01-03,2017-04-21,183.0,call,42.95,43.16,43.05,0.0,0,0,0.22951,0.95921,108,225.240005
2017-01-03,2017-04-21,183.0,put,0.65,0.66,0.66,0.0,0,0,0.24902,-0.05312,108,225.240005
2017-01-03,2017-04-21,184.0,call,41.98,42.19,42.08,0.0,0,0,0.21975,0.96146,108,225.240005
2017-01-03,2017-04-21,184.0,put,0.68,0.7,0.69,0.5,0,2,0.23926,-0.05114,108,225.240005
2017-01-03,2017-04-21,185.0,call,41.01,41.22,41.11,21.3,0,33,0.21975,0.95752,108,225.240005
2017-01-03,2017-04-21,185.0,put,0.72,0.74,0.73,0.39,0,1009,0.23926,-0.05566,108,225.240005
2017-01-03,2017-04-21,186.0,call,40.05,40.27,40.16,0.0,0,0,0.21975,0.95327,108,225.240005
2017-01-03,2017-04-21,186.0,put,0.76,0.77,0.77,0.51,0,97,0.23926,-0.06047,108,225.240005
2017-01-03,2017-04-21,187.0,call,39.08,39.29,39.19,0.0,0,0,0.21975,0.94872,108,225.240005
2017-01-03,2017-04-21,187.0,put,0.8,0.82,0.81,0.89,141,29,0.22951,-0.05839,108,225.240005
2017-01-03,2017-04-21,188.0,call,38.12,38.33,38.22,0.0,0,0,0.21975,0.94386,108,225.240005
2017-01-03,2017-04-21,188.0,put,0.84,0.86,0.85,0.96,8,273,0.22951,-0.06354,108,225.240005
2017-01-03,2017-04-21,189.0,call,37.16,37.37,37.27,0.0,0,0,0.21,0.94629,108,225.240005
2017-01-03,2017-04-21,189.0,put,0.89,0.91,0.9,1.01,10,28,0.22951,-0.06901,108,225.240005
2017-01-03,2017-04-21,190.0,call,36.2,36.42,36.31,18.37,0,9,0.21,0.94106,108,225.240005
2017-01-03,2017-04-21,190.0,put,0.93,0.95,0.94,0.96,69,513,0.22951,-0.0748,108,225.240005
2017-01-03,2017-04-21,191.0,call,35.25,35.45,35.35,0.0,0,0,0.21,0.93546,108,225.240005
2017-01-03,2017-04-21,191.0,put,0.98,1.0,0.99,1.08,85,65,0.21975,-0.07276,108,225.240005
2017-01-03,2017-04-21,192.0,call,34.3,34.51,34.41,0.0,0,0,0.21,0.92949,108,225.240005
2017-01-03,2017-04-21,192.0,put,1.04,1.06,1.05,1.11,40,33,0.21975,-0.07899,108,225.240005
2017-01-03,2017-04-21,193.0,call,33.35,33.56,33.45,17.38,0,70,0.20024,0.93197,108,225.240005
2017-01-03,2017-04-21,193.0,put,1.09,1.12,1.1,1.2,11,33,0.21975,-0.08559,108,225.240005
2017-01-03,2017-04-21,194.0,call,32.4,32.6,32.5,15.9,0,5,0.20024,0.92551,108,225.240005
2017-01-03,2017-04-21,194.0,put,1.15,1.18,1.17,0.78,0,1,0.21975,-0.09256,108,225.240005
2017-01-03,2017-04-21,195.0,call,31.45,31.65,31.55,0.0,0,0,0.20024,0.91864,108,225.240005
2017-01-03,2017-04-21,195.0,put,1.21,1.24,1.23,1.35,4116,148,0.21,-0.09073,108,225.240005
2017-01-03,2017-04-21,196.0,call,30.51,30.71,30.61,0.0,0,0,0.20024,0.91133,108,225.240005
2017-01-03,2017-04-21,196.0,put,1.28,1.3,1.29,0.83,0,458,0.21,-0.09826,108,225.240005
2017-01-03,2017-04-21,197.0,call,29.58,29.77,29.67,0.0,0,0,0.19048,0.91364,108,225.240005
2017-01-03,2017-04-21,197.0,put,1.35,1.38,1.36,1.45,70,94,0.21,-0.1062,108,225.240005
2017-01-03,2017-04-21,198.0,call,28.64,28.85,28.75,0.0,0,0,0.19048,0.90569,108,225.240005
2017-01-03,2017-04-21,198.0,put,1.42,1.45,1.44,0.92,0,59,0.21,-0.11456,108,225.240005
2017-01-03,2017-04-21,199.0,call,27.72,27.91,27.81,14.18,0,2,0.19048,0.89725,108,225.240005
2017-01-03,2017-04-21,199.0,put,1.5,1.53,1.52,1.69,102,27,0.20024,-0.11323,108,225.240005
2017-01-03,2017-04-21,200.0,call,26.79,26.99,26.89,26.42,2,7,0.19048,0.88833,108,225.240005
2017-01-03,2017-04-21,200.0,put,1.58,1.61,1.6,1.64,1233,454,0.20024,-0.12231,108,225.240005
2017-01-03,2017-04-21,201.0,call,25.87,26.06,25.96,0.0,0,0,0.18073,0.89013,108,225.240005
2017-01-03,2017-04-21,201.0,put,1.67,1.7,1.69,1.01,0,39,0.20024,-0.13184,108,225.240005
2017-01-03,2017-04-21,202.0,call,24.95,25.14,25.05,0.0,0,0,0.18073,0.88035,108,225.240005
2017-01-03,2017-04-21,202.0,put,1.76,1.79,1.77,1.94,15,482,0.20024,-0.14182,108,225.240005
2017-01-03,2017-04-21,203.0,call,24.04,24.23,24.13,0.0,0,319,0.18073,0.87003,108,225.240005
2017-01-03,2017-04-21,203.0,put,1.86,1.89,1.88,2.09,2,63,0.19048,-0.14141,108,225.240005
2017-01-03,2017-04-21,204.0,call,23.14,23.32,23.23,0.0,0,0,0.18073,0.85915,108,225.240005
2017-01-03,2017-04-21,204.0,put,1.96,2.0,1.98,2.05,199,270,0.19048,-0.15231,108,225.240005
2017-01-03,2017-04-21,205.0,call,22.24,22.41,22.32,22.2,1,2,0.17097,0.85991,108,225.240005
2017-01-03,2017-04-21,205.0,put,2.07,2.11,2.09,2.31,56,945,0.19048,-0.1637,108,225.240005
2017-01-03,2017-04-21,206.0,call,21.35,21.53,21.44,0.0,0,0,0.17097,0.84793,108,225.240005
2017-01-03,2017-04-21,206.0,put,2.18,2.22,2.2,2.42,22,166,0.19048,-0.17556,108,225.240005
2017-01-03,2017-04-21,207.0,call,20.46,20.63,20.55,0.0,0,0,0.17097,0.83535,108,225.240005
2017-01-03,2017-04-21,207.0,put,2.31,2.35,2.33,2.56,27,1843,0.18073,-0.1767,108,225.240005
2017-01-03,2017-04-21,208.0,call,19.58,19.75,19.66,9.77,0,656,0.17097,0.82218,108,225.240005
2017-01-03,2017-04-21,208.0,put,2.44,2.48,2.46,2.6,16,532,0.18073,-0.1897,108,225.240005
2017-01-03,2017-04-21,209.0,call,18.71,18.88,18.8,8.77,0,1,0.16122,0.82107,108,225.240005
2017-01-03,2017-04-21,209.0,put,2.58,2.62,2.6,2.85,371,1048,0.18073,-0.20321,108,225.240005
2017-01-03,2017-04-21,210.0,call,17.85,18.01,17.93,8.22,0,2,0.16122,0.80648,108,225.240005
2017-01-03,2017-04-21,210.0,put,2.72,2.76,2.74,2.75,261,834,0.18073,-0.21721,108,225.240005
2017-01-03,2017-04-21,211.0,call,16.99,17.15,17.07,0.0,0,0,0.16122,0.79127,108,225.240005
2017-01-03,2017-04-21,211.0,put,2.88,2.92,2.9,3.15,2,261,0.17097,-0.22073,108,225.240005
2017-01-03,2017-04-21,212.0,call,16.15,16.3,16.23,15.73,41,319,0.16122,0.77545,108,225.240005
2017-01-03,2017-04-21,212.0,put,3.04,3.08,3.06,3.2,1,141,0.17097,-0.2361,108,225.240005
2017-01-03,2017-04-21,213.0,call,15.31,15.44,15.38,7.1,0,10,0.15146,0.77128,108,225.240005
2017-01-03,2017-04-21,213.0,put,3.22,3.26,3.24,3.53,121,599,0.17097,-0.25197,108,225.240005
2017-01-03,2017-04-21,214.0,call,14.49,14.63,14.56,14.05,1,637,0.15146,0.75372,108,225.240005
2017-01-03,2017-04-21,214.0,put,3.4,3.45,3.42,3.76,200,489,0.17097,-0.26831,108,225.240005
2017-01-03,2017-04-21,215.0,call,13.67,13.81,13.74,13.7,1,118,0.15146,0.73554,108,225.240005
2017-01-03,2017-04-21,215.0,put,3.6,3.64,3.62,3.64,111,2935,0.16122,-0.27536,108,225.240005
2017-01-03,2017-04-21,216.0,call,12.87,13.01,12.94,12.65,118,170,0.15146,0.71679,108,225.240005
2017-01-03,2017-04-21,216.0,put,3.81,3.86,3.83,4.19,14,515,0.16122,-0.2933,108,225.240005
2017-01-03,2017-04-21,217.0,call,12.09,12.21,12.15,11.67,81,113,0.1417,0.70794,108,225.240005
2017-01-03,2017-04-21,217.0,put,4.03,4.08,4.05,4.37,1251,467,0.16122,-0.31168,108,225.240005
2017-01-03,2017-04-21,218.0,call,11.3,11.44,11.37,5.63,0,28,0.1417,0.68713,108,225.240005
2017-01-03,2017-04-21,218.0,put,4.26,4.32,4.29,4.62,6,939,0.15146,-0.32224,108,225.240005
2017-01-03,2017-04-21,219.0,call,10.55,10.67,10.61,10.63,5,0,0.1417,0.66581,108,225.240005
2017-01-03,2017-04-21,219.0,put,4.52,4.57,4.54,4.95,10,379,0.15146,-0.34241,108,225.240005
2017-01-03,2017-04-21,220.0,call,9.81,9.91,9.86,9.48,22,53,0.1417,0.64403,108,225.240005
2017-01-03,2017-04-21,220.0,put,4.78,4.84,4.81,4.82,443,4959,0.15146,-0.36294,108,225.240005
2017-01-03,2017-04-21,221.0,call,9.09,9.2,9.14,8.55,23,137,0.13195,0.62849,108,225.240005
2017-01-03,2017-04-21,221.0,put,5.07,5.13,5.1,5.47,204,652,0.15146,-0.38378,108,225.240005
2017-01-03,2017-04-21,222.0,call,8.39,8.47,8.43,8.23,45,145,0.13195,0.60448,108,225.240005
2017-01-03,2017-04-21,222.0,put,5.37,5.43,5.4,3.38,0,964,0.1417,-0.40058,108,225.240005
2017-01-03,2017-04-21,223.0,call,7.7,7.78,7.74,7.68,50,241,0.13195,0.58018,108,225.240005
2017-01-03,2017-04-21,223.0,put,5.68,5.75,5.71,5.8,103,639,0.1417,-0.42327,108,225.240005
2017-01-03,2017-04-21,224.0,call,7.03,7.12,7.08,6.53,73,695,0.13195,0.55567,108,225.240005
2017-01-03,2017-04-21,224.0,put,6.03,6.1,6.06,6.22,1085,1621,0.1417,-0.44611,108,225.240005
2017-01-03,2017-04-21,225.0,call,6.38,6.47,6.42,6.27,77,501,0.12219,0.53135,108,225.240005
2017-01-03,2017-04-21,225.0,put,6.4,6.47,6.44,6.46,241,1131,0.1417,-0.46903,108,225.240005
2017-01-03,2017-04-21,226.0,call,5.76,5.84,5.8,5.65,126,621,0.12219,0.50476,108,225.240005
2017-01-03,2017-04-21,226.0,put,6.79,6.86,6.83,6.88,112,1285,0.13195,-0.49355,108,225.240005
2017-01-03,2017-04-21,227.0,call,5.17,5.24,5.21,5.21,57,223,0.12219,0.47827,108,225.240005
2017-01-03,2017-04-21,227.0,put,7.22,7.28,7.25,7.29,13,524,0.13195,-0.51809,108,225.240005
2017-01-03,2017-04-21,228.0,call,4.61,4.68,4.64,4.78,369,520,0.11244,0.44566,108,225.240005
2017-01-03,2017-04-21,228.0,put,7.7,7.74,7.72,8.31,4,340,0.13195,-0.54244,108,225.240005
2017-01-03,2017-04-21,229.0,call,4.08,4.15,4.12,4.14,10,459,0.11244,0.41755,108,225.240005
2017-01-03,2017-04-21,229.0,put,8.14,8.24,8.19,8.77,8,283,0.13195,-0.56654,108,225.240005
2017-01-03,2017-04-21,230.0,call,3.58,3.66,3.62,3.4,22,480,0.11244,0.38996,108,225.240005
2017-01-03,2017-04-21,230.0,put,8.65,8.75,8.7,9.44,101,312,0.13195,-0.59028,108,225.240005
2017-01-03,2017-04-21,231.0,call,3.12,3.19,3.16,1.34,0,334,0.11244,0.36304,108,225.240005
2017-01-03,2017-04-21,231.0,put,9.2,9.3,9.25,9.89,26,112,0.12219,-0.62449,108,225.240005
2017-01-03,2017-04-21,232.0,call,2.7,2.77,2.74,2.82,2,1233,0.10268,0.32041,108,225.240005
2017-01-03,2017-04-21,232.0,put,9.79,9.89,9.84,10.57,6,0,0.12219,-0.64887,108,225.240005
2017-01-03,2017-04-21,233.0,call,2.31,2.38,2.34,2.35,34,272,0.10268,0.29338,108,225.240005
2017-01-03,2017-04-21,233.0,put,10.41,10.52,10.46,11.41,27,0,0.12219,-0.67256,108,225.240005
2017-01-03,2017-04-21,234.0,call,1.97,2.03,2.0,1.94,410,158,0.10268,0.26756,108,225.240005
2017-01-03,2017-04-21,234.0,put,11.07,11.19,11.13,6.0,0,163,0.12219,-0.69547,108,225.240005
2017-01-03,2017-04-21,235.0,call,1.66,1.72,1.69,1.55,170,673,0.10268,0.24304,108,225.240005
2017-01-03,2017-04-21,235.0,put,11.76,11.9,11.83,6.0,0,55,0.12219,-0.71755,108,225.240005
2017-01-03,2017-04-21,236.0,call,1.39,1.44,1.42,1.27,355,143,0.10268,0.21988,108,225.240005
2017-01-03,2017-04-21,236.0,put,12.48,12.64,12.56,13.47,5,60,0.12219,-0.73874,108,225.240005
2017-01-03,2017-04-21,237.0,call,1.16,1.21,1.19,1.04,61,152,0.10268,0.19814,108,225.240005
2017-01-03,2017-04-21,237.0,put,13.25,13.43,13.34,0.0,0,0,0.12219,-0.759,108,225.240005
2017-01-03,2017-04-21,238.0,call,0.96,1.01,0.98,0.88,410,145,0.09292,0.15239,108,225.240005
2017-01-03,2017-04-21,238.0,put,14.05,14.24,14.14,6.78,0,2,0.12219,-0.77829,108,225.240005
2017-01-03,2017-04-21,239.0,call,0.81,0.84,0.82,0.44,0,203,0.09292,0.13367,108,225.240005
2017-01-03,2017-04-21,239.0,put,14.89,15.09,14.99,0.0,0,0,0.12219,-0.79659,108,225.240005
2017-01-03,2017-04-21,240.0,call,0.67,0.7,0.69,0.68,276,1010,0.09292,0.11667,108,225.240005
2017-01-03,2017-04-21,240.0,put,15.76,15.97,15.87,16.63,1,0,0.12219,-0.81389,108,225.240005
2017-01-03,2017-04-21,241.0,call,0.55,0.59,0.57,0.53,3233,439,0.09292,0.10132,108,225.240005
2017-01-03,2017-04-21,241.0,put,16.65,16.87,16.76,17.74,5,0,0.12219,-0.83018,108,225.240005
2017-01-03,2017-04-21,242.0,call,0.47,0.5,0.48,0.44,30,234,0.09292,0.08755,108,225.240005
2017-01-03,2017-04-21,242.0,put,17.56,17.79,17.67,0.0,0,0,0.13195,-0.82558,108,225.240005
2017-01-03,2017-04-21,243.0,call,0.4,0.42,0.41,0.25,0,56,0.09292,0.07528,108,225.240005
2017-01-03,2017-04-21,243.0,put,18.5,18.72,18.61,0.0,0,0,0.13195,-0.83997,108,225.240005
2017-01-03,2017-04-21,244.0,call,0.33,0.36,0.34,0.32,30,615,0.09292,0.06441,108,225.240005
2017-01-03,2017-04-21,244.0,put,19.44,19.67,19.55,0.0,0,0,0.13195,-0.85349,108,225.240005
2017-01-03,2017-04-21,245.0,call,0.29,0.31,0.3,0.32,31,60,0.09292,0.05483,108,225.240005
2017-01-03,2017-04-21,245.0,put,20.39,20.62,20.51,0.0,0,0,0.1417,-0.84781,108,225.240005
2017-01-03,2017-04-21,246.0,call,0.24,0.27,0.26,0.16,0,87,0.09292,0.04645,108,225.240005
2017-01-03,2017-04-21,246.0,put,21.34,21.59,21.46,0.0,0,0,0.1417,-0.85991,108,225.240005
2017-01-03,2017-04-21,247.0,call,0.21,0.23,0.22,0.26,10,0,0.09292,0.03916,108,225.240005
2017-01-03,2017-04-21,247.0,put,22.32,22.56,22.44,0.0,0,0,0.1417,-0.8713,108,225.240005
2017-01-03,2017-04-21,248.0,call,0.18,0.21,0.2,0.15,0,1,0.10268,0.0484,108,225.240005
2017-01-03,2017-04-21,248.0,put,23.28,23.53,23.41,0.0,0,0,0.15146,-0.8651,108,225.240005
2017-01-03,2017-04-21,249.0,call,0.16,0.18,0.17,0.15,0,1,0.10268,0.04158,108,225.240005
2017-01-03,2017-04-21,249.0,put,24.26,24.51,24.39,0.0,0,0,0.15146,-0.87541,108,225.240005
2017-01-03,2017-04-21,250.0,call,0.14,0.16,0.15,0.1,0,15718,0.10268,0.03559,108,225.240005
2017-01-03,2017-04-21,250.0,put,25.24,25.49,25.36,14.06,0,6,0.15146,-0.88512,108,225.240005
2017-01-03,2017-04-21,251.0,call,0.12,0.14,0.13,0.0,0,0,0.10268,0.03034,108,225.240005
2017-01-03,2017-04-21,251.0,put,26.23,26.47,26.35,13.83,0,2,0.16122,-0.87874,108,225.240005
2017-01-03,2017-04-21,252.0,call,0.1,0.13,0.12,0.0,0,0,0.10268,0.02576,108,225.240005
2017-01-03,2017-04-21,252.0,put,27.21,27.45,27.33,0.0,0,0,0.16122,-0.88763,108,225.240005
2017-01-03,2017-04-21,253.0,call,0.09,0.12,0.1,0.08,0,1,0.10268,0.0218,108,225.240005
2017-01-03,2017-04-21,253.0,put,28.2,28.44,28.32,13.9,0,1,0.16122,-0.89602,108,225.240005
2017-01-03,2017-04-21,254.0,call,0.08,0.1,0.09,0.09,0,1019,0.10268,0.01837,108,225.240005
2017-01-03,2017-04-21,254.0,put,29.18,29.43,29.3,0.0,0,0,0.17097,-0.88964,108,225.240005
2017-01-03,2017-04-21,255.0,call,0.07,0.09,0.08,0.08,0,7,0.10268,0.01543,108,225.240005
2017-01-03,2017-04-21,255.0,put,30.16,30.42,30.29,0.0,0,0,0.17097,-0.8974,108,225.240005
2017-01-03,2017-04-21,256.0,call,0.06,0.09,0.07,0.0,0,0,0.10268,0.01291,108,225.240005
2017-01-03,2017-04-21,256.0,put,31.16,31.41,31.29,0.0,0,0,0.18073,-0.89123,108,225.240005
2017-01-03,2017-04-21,257.0,call,0.05,0.08,0.07,0.0,0,0,0.11244,0.01812,108,225.240005
2017-01-03,2017-04-21,257.0,put,32.15,32.4,32.27,0.0,0,0,0.18073,-0.89845,108,225.240005
2017-01-03,2017-04-21,258.0,call,0.04,0.07,0.06,0.0,0,0,0.11244,0.01547,108,225.240005
2017-01-03,2017-04-21,258.0,put,33.15,33.39,33.27,0.0,0,0,0.18073,-0.90529,108,225.240005
2017-01-03,2017-04-21,259.0,call,0.04,0.07,0.06,0.0,0,0,0.11244,0.01318,108,225.240005
2017-01-03,2017-04-21,259.0,put,34.12,34.39,34.25,0.0,0,0,0.19048,-0.89924,108,225.240005
2017-01-03,2017-04-21,260.0,call,0.03,0.06,0.04,0.03,0,1414,0.11244,0.01119,108,225.240005
2017-01-03,2017-04-21,260.0,put,35.11,35.39,35.25,0.0,0,0,0.19048,-0.90565,108,225.240005
2017-01-03,2017-04-21,265.0,call,0.01,0.04,0.03,0.04,1,6,0.12219,0.00858,108,225.240005
2017-01-03,2017-04-21,265.0,put,40.09,40.36,40.23,19.87,0,1,0.21,-0.91132,108,225.240005
2017-01-03,2017-04-21,270.0,put,45.07,45.34,45.2,0.0,0,0,0.22951,-0.91525,108,225.240005
2017-01-03,2017-04-21,275.0,put,50.05,50.32,50.19,0.0,0,0,0.23926,-0.92697,108,225.240005
2017-01-03,2017-04-21,280.0,put,55.03,55.31,55.17,27.4,0,1,0.25877,-0.9281,108,225.240005
2017-01-03,2017-04-21,285.0,put,60.02,60.29,60.16,29.73,0,1,0.27829,-0.92867,108,225.240005
2017-01-03,2017-04-21,290.0,put,65.0,65.28,65.14,31.98,0,1,0.28804,-0.93601,108,225.240005
2017-01-03,2017-04-21,295.0,put,69.99,70.27,70.13,35.78,0,1,0.30755,-0.93542,108,225.240005
2017-01-03,2017-04-21,300.0,put,74.98,75.25,75.12,37.95,0,31,0.31731,-0.94097,108,225.240005
2017-01-03,2017-04-21,305.0,put,79.96,80.24,80.1,81.18,38,63,0.33682,-0.93971,108,225.240005
2017-01-03,2017-04-21,310.0,put,84.95,85.23,85.09,86.07,73,975,0.34658,-0.94404,108,225.240005
2017-01-03,2017-04-21,315.0,put,89.94,90.22,90.08,44.42,0,7835,0.35633,-0.94775,108,225.240005
2017-01-03,2017-04-21,320.0,put,94.92,95.2,95.06,96.3,32,2270,0.37584,-0.94584,108,225.240005
2017-01-03,2017-04-21,325.0,put,99.91,100.19,100.05,49.43,0,514,0.3856,-0.94886,108,225.240005
2017-01-03,2017-06-16,50.0,call,175.11,175.43,175.27,87.62,0,10,0.01488,1.0,164,225.240005
2017-01-03,2017-06-16,55.0,call,170.12,170.44,170.28,85.06,0,10,0.01488,1.0,164,225.240005
2017-01-03,2017-06-16,60.0,call,165.14,165.45,165.29,82.63,0,10,0.01488,1.0,164,225.240005
2017-01-03,2017-06-16,65.0,call,160.16,160.47,160.31,0.0,0,0,0.01488,1.0,164,225.240005
2017-01-03,2017-06-16,70.0,call,155.17,155.48,155.32,77.58,0,10,0.01488,1.0,164,225.240005
2017-01-03,2017-06-16,75.0,call,150.19,150.49,150.34,149.56,5,0,0.01488,1.0,164,225.240005
2017-01-03,2017-06-16,80.0,call,145.19,145.5,145.34,144.54,2,10,0.01488,1.0,164,225.240005
2017-01-03,2017-06-16,85.0,call,140.22,140.52,140.37,69.89,0,11,0.01488,1.0,164,225.240005
2017-01-03,2017-06-16,90.0,call,135.23,135.53,135.38,68.34,0,10,0.01488,1.0,164,225.240005
2017-01-03,2017-06-16,90.0,put,0.01,0.04,0.03,0.02,0,3656,0.48316,-0.00133,164,225.240005
2017-01-03,2017-06-16,95.0,call,130.24,130.54,130.39,65.85,0,2,0.01488,1.0,164,225.240005
2017-01-03,2017-06-16,95.0,put,0.02,0.05,0.04,0.03,0,2221,0.4734,-0.00194,164,225.240005
2017-01-03,2017-06-16,100.0,call,125.26,125.56,125.41,60.23,0,7,0.01488,1.0,164,225.240005
2017-01-03,2017-06-16,100.0,put,0.05,0.06,0.06,0.05,260,4341,0.46365,-0.00274,164,225.240005
2017-01-03,2017-06-16,105.0,call,120.27,120.57,120.42,58.48,0,0,0.01488,1.0,164,225.240005
2017-01-03,2017-06-16,105.0,put,0.05,0.07,0.06,0.04,0,11240,0.43438,-0.00274,164,225.240005
2017-01-03,2017-06-16,110.0,call,115.29,115.59,115.44,0.0,0,0,0.01488,1.0,164,225.240005
2017-01-03,2017-06-16,110.0,put,0.05,0.08,0.07,0.08,40,6319,0.41487,-0.0032,164,225.240005
2017-01-03,2017-06-16,115.0,call,110.31,110.6,110.45,0.0,0,0,0.01488,1.0,164,225.240005
2017-01-03,2017-06-16,115.0,put,0.07,0.1,0.09,0.06,0,2398,0.40511,-0.00437,164,225.240005
2017-01-03,2017-06-16,120.0,call,105.33,105.62,105.47,52.47,0,27,0.01488,1.0,164,225.240005
2017-01-03,2017-06-16,120.0,put,0.09,0.12,0.1,0.07,0,68076,0.3856,-0.00499,164,225.240005
2017-01-03,2017-06-16,125.0,call,100.34,100.64,100.49,50.01,0,1,0.01488,1.0,164,225.240005
2017-01-03,2017-06-16,125.0,put,0.12,0.14,0.13,0.13,5,5028,0.37584,-0.00666,164,225.240005
2017-01-03,2017-06-16,130.0,call,95.39,95.66,95.53,48.37,0,0,0.01488,1.0,164,225.240005
2017-01-03,2017-06-16,130.0,put,0.15,0.17,0.16,0.16,13,3937,0.36609,-0.00878,164,225.240005
2017-01-03,2017-06-16,135.0,call,90.42,90.68,90.55,45.95,0,0,0.01488,1.0,164,225.240005
2017-01-03,2017-06-16,135.0,put,0.18,0.21,0.2,0.19,5,2950,0.34658,-0.00984,164,225.240005
2017-01-03,2017-06-16,140.0,call,85.45,85.71,85.58,42.58,0,30,0.01488,1.0,164,225.240005
2017-01-03,2017-06-16,140.0,put,0.22,0.25,0.23,0.16,0,3993,0.33682,-0.0128,164,225.240005
2017-01-03,2017-06-16,145.0,call,80.5,80.75,80.62,40.99,0,0,0.01488,1.0,164,225.240005
2017-01-03,2017-06-16,145.0,put,0.28,0.3,0.29,0.2,0,1610,0.32707,-0.0165,164,225.240005
2017-01-03,2017-06-16,150.0,call,75.55,75.81,75.68,37.65,0,119,0.01488,1.0,164,225.240005
2017-01-03,2017-06-16,150.0,put,0.34,0.37,0.35,0.38,8,3636,0.30755,-0.01833,164,225.240005
2017-01-03,2017-06-16,155.0,call,70.62,70.87,70.75,35.98,0,3,0.21975,0.99574,164,225.240005
2017-01-03,2017-06-16,155.0,put,0.43,0.45,0.44,0.48,78,2633,0.2978,-0.02346,164,225.240005
2017-01-03,2017-06-16,160.0,call,65.7,65.96,65.83,32.9,0,12,0.22951,0.98981,164,225.240005
2017-01-03,2017-06-16,160.0,put,0.53,0.56,0.55,0.58,56,14129,0.28804,-0.02984,164,225.240005
2017-01-03,2017-06-16,165.0,call,60.81,61.05,60.93,31.66,0,5,0.22951,0.98296,164,225.240005
2017-01-03,2017-06-16,165.0,put,0.66,0.69,0.68,0.7,1,20944,0.27829,-0.03774,164,225.240005
2017-01-03,2017-06-16,170.0,call,55.94,56.18,56.06,28.46,0,33,0.21975,0.97746,164,225.240005
2017-01-03,2017-06-16,170.0,put,0.82,0.85,0.83,0.89,9,19669,0.26853,-0.04749,164,225.240005
2017-01-03,2017-06-16,175.0,call,51.1,51.33,51.22,25.21,0,198,0.21975,0.96463,164,225.240005
2017-01-03,2017-06-16,175.0,put,1.01,1.05,1.03,1.1,10,23093,0.25877,-0.05952,164,225.240005
2017-01-03,2017-06-16,180.0,call,46.31,46.53,46.42,45.55,8,5911,0.21,0.95394,164,225.240005
2017-01-03,2017-06-16,180.0,put,1.25,1.28,1.27,1.32,96,47265,0.24902,-0.07431,164,225.240005
2017-01-03,2017-06-16,181.0,call,45.36,45.58,45.47,19.73,0,64,0.21,0.95001,164,225.240005
2017-01-03,2017-06-16,181.0,put,1.3,1.34,1.32,1.41,5,3441,0.23926,-0.07185,164,225.240005
2017-01-03,2017-06-16,182.0,call,44.41,44.62,44.52,17.03,0,115,0.21,0.94584,164,225.240005
2017-01-03,2017-06-16,182.0,put,1.36,1.4,1.38,1.47,8,3009,0.23926,-0.07668,164,225.240005
2017-01-03,2017-06-16,183.0,call,43.46,43.68,43.57,21.56,0,1172,0.21,0.94143,164,225.240005
2017-01-03,2017-06-16,183.0,put,1.42,1.46,1.44,1.53,23,2740,0.23926,-0.08172,164,225.240005
2017-01-03,2017-06-16,184.0,call,42.52,42.73,42.62,21.3,0,237,0.21,0.93676,164,225.240005
2017-01-03,2017-06-16,184.0,put,1.48,1.52,1.5,1.6,25,3319,0.23926,-0.08697,164,225.240005
2017-01-03,2017-06-16,185.0,call,41.57,41.77,41.67,21.53,0,733,0.20024,0.94009,164,225.240005
2017-01-03,2017-06-16,185.0,put,1.55,1.58,1.56,1.62,23,21485,0.23926,-0.09245,164,225.240005
2017-01-03,2017-06-16,186.0,call,40.63,40.83,40.73,14.47,0,76,0.20024,0.93516,164,225.240005
2017-01-03,2017-06-16,186.0,put,1.61,1.65,1.63,1.74,19,5424,0.22951,-0.09005,164,225.240005
2017-01-03,2017-06-16,187.0,call,39.7,39.9,39.8,20.55,0,360,0.20024,0.92995,164,225.240005
2017-01-03,2017-06-16,187.0,put,1.68,1.72,1.7,1.84,6,2627,0.22951,-0.09584,164,225.240005
2017-01-03,2017-06-16,188.0,call,38.76,38.97,38.86,20.0,0,23,0.20024,0.92445,164,225.240005
2017-01-03,2017-06-16,188.0,put,1.75,1.79,1.77,1.92,17,4217,0.22951,-0.10187,164,225.240005
2017-01-03,2017-06-16,189.0,call,37.83,38.04,37.94,18.93,0,369,0.20024,0.91866,164,225.240005
2017-01-03,2017-06-16,189.0,put,1.83,1.87,1.85,1.94,17,3675,0.22951,-0.10814,164,225.240005
2017-01-03,2017-06-16,190.0,call,36.9,37.11,37.0,17.85,0,2312,0.20024,0.91258,164,225.240005
2017-01-03,2017-06-16,190.0,put,1.91,1.95,1.93,1.96,37,49231,0.22951,-0.11465,164,225.240005
2017-01-03,2017-06-16,191.0,call,35.98,36.17,36.08,18.81,0,44,0.19048,0.91597,164,225.240005
2017-01-03,2017-06-16,191.0,put,1.99,2.04,2.02,2.15,8,493,0.21975,-0.11252,164,225.240005
2017-01-03,2017-06-16,192.0,call,35.06,35.25,35.16,17.8,0,94,0.19048,0.90949,164,225.240005
2017-01-03,2017-06-16,192.0,put,2.08,2.13,2.1,2.24,5,10958,0.21975,-0.11945,164,225.240005
2017-01-03,2017-06-16,193.0,call,34.14,34.33,34.23,17.65,0,225,0.19048,0.90267,164,225.240005
2017-01-03,2017-06-16,193.0,put,2.17,2.22,2.2,2.37,13,5979,0.21975,-0.12662,164,225.240005
2017-01-03,2017-06-16,194.0,call,33.23,33.41,33.32,15.95,0,162,0.19048,0.89552,164,225.240005
2017-01-03,2017-06-16,194.0,put,2.27,2.31,2.29,2.48,4,6603,0.21975,-0.13406,164,225.240005
2017-01-03,2017-06-16,195.0,call,32.32,32.51,32.41,16.0,0,5234,0.19048,0.88804,164,225.240005
2017-01-03,2017-06-16,195.0,put,2.36,2.41,2.38,2.59,1512,29505,0.21,-0.13229,164,225.240005
2017-01-03,2017-06-16,196.0,call,31.41,31.59,31.5,16.02,0,26,0.19048,0.88022,164,225.240005
2017-01-03,2017-06-16,196.0,put,2.47,2.52,2.5,2.7,7,4533,0.21,-0.14023,164,225.240005
2017-01-03,2017-06-16,197.0,call,30.51,30.69,30.6,15.96,0,153,0.18073,0.88315,164,225.240005
2017-01-03,2017-06-16,197.0,put,2.58,2.62,2.6,2.74,25,4082,0.21,-0.14844,164,225.240005
2017-01-03,2017-06-16,198.0,call,29.62,29.8,29.71,15.11,0,271,0.18073,0.87474,164,225.240005
2017-01-03,2017-06-16,198.0,put,2.69,2.74,2.71,2.93,4,2845,0.21,-0.15693,164,225.240005
2017-01-03,2017-06-16,199.0,call,28.72,28.91,28.81,14.98,0,441,0.18073,0.86596,164,225.240005
2017-01-03,2017-06-16,199.0,put,2.81,2.85,2.83,2.91,73,7776,0.21,-0.16568,164,225.240005
2017-01-03,2017-06-16,200.0,call,27.84,28.02,27.93,27.04,106,9110,0.18073,0.85681,164,225.240005
2017-01-03,2017-06-16,200.0,put,2.95,2.97,2.96,3.08,1950,50987,0.20024,-0.16486,164,225.240005
2017-01-03,2017-06-16,205.0,call,23.5,23.66,23.58,23.39,21,19480,0.17097,0.8172,164,225.240005
2017-01-03,2017-06-16,205.0,put,3.63,3.68,3.66,3.74,310,36120,0.19048,-0.20483,164,225.240005
2017-01-03,2017-06-16,210.0,call,19.31,19.46,19.38,19.05,7,8908,0.16122,0.76724,164,225.240005
2017-01-03,2017-06-16,210.0,put,4.5,4.55,4.53,4.78,416,37427,0.18073,-0.25355,164,225.240005
2017-01-03,2017-06-16,211.0,call,18.51,18.66,18.59,9.54,0,1084,0.16122,0.75359,164,225.240005
2017-01-03,2017-06-16,211.0,put,4.69,4.75,4.72,5.06,62,2293,0.18073,-0.26626,164,225.240005
2017-01-03,2017-06-16,212.0,call,17.71,17.83,17.77,17.45,1,1596,0.16122,0.73959,164,225.240005
2017-01-03,2017-06-16,212.0,put,4.91,4.96,4.94,5.28,20,2600,0.18073,-0.27923,164,225.240005
2017-01-03,2017-06-16,213.0,call,16.92,17.05,16.98,16.6,1,1562,0.15146,0.73576,164,225.240005
2017-01-03,2017-06-16,213.0,put,5.12,5.18,5.15,5.51,32,5827,0.18073,-0.29244,164,225.240005
2017-01-03,2017-06-16,214.0,call,16.13,16.27,16.2,7.76,0,4773,0.15146,0.72045,164,225.240005
2017-01-03,2017-06-16,214.0,put,5.35,5.41,5.38,5.43,3040,9856,0.17097,-0.29811,164,225.240005
2017-01-03,2017-06-16,215.0,call,15.36,15.49,15.43,15.01,35,15833,0.15146,0.7048,164,225.240005
2017-01-03,2017-06-16,215.0,put,5.58,5.65,5.62,5.75,254,20617,0.17097,-0.31236,164,225.240005
2017-01-03,2017-06-16,216.0,call,14.59,14.72,14.66,7.02,0,2418,0.15146,0.68884,164,225.240005
2017-01-03,2017-06-16,216.0,put,5.84,5.9,5.87,6.27,35,22274,0.17097,-0.32683,164,225.240005
2017-01-03,2017-06-16,217.0,call,13.84,13.97,13.91,6.48,0,2289,0.15146,0.67259,164,225.240005
2017-01-03,2017-06-16,217.0,put,6.09,6.16,6.12,6.56,74,12187,0.17097,-0.3415,164,225.240005
2017-01-03,2017-06-16,218.0,call,13.1,13.23,13.16,12.5,4,2642,0.1417,0.66373,164,225.240005
2017-01-03,2017-06-16,218.0,put,6.37,6.43,6.4,6.49,44,1795,0.17097,-0.35634,164,225.240005
2017-01-03,2017-06-16,219.0,call,12.38,12.5,12.44,12.0,72,1990,0.1417,0.64598,164,225.240005
2017-01-03,2017-06-16,219.0,put,6.65,6.72,6.69,7.13,72,952,0.16122,-0.36638,164,225.240005
2017-01-03,2017-06-16,220.0,call,11.66,11.78,11.72,11.5,35,12380,0.1417,0.62799,164,225.240005
2017-01-03,2017-06-16,220.0,put,6.95,7.02,6.98,7.02,2003,11693,0.16122,-0.38236,164,225.240005
2017-01-03,2017-06-16,221.0,call,10.96,11.05,11.01,11.32,38,3124,0.1417,0.60979,164,225.240005
2017-01-03,2017-06-16,221.0,put,7.26,7.33,7.29,7.79,26,6343,0.16122,-0.39846,164,225.240005
2017-01-03,2017-06-16,222.0,call,10.28,10.38,10.33,9.97,105,23421,0.1417,0.59144,164,225.240005
2017-01-03,2017-06-16,222.0,put,7.6,7.67,7.63,8.13,2213,2735,0.16122,-0.41467,164,225.240005
2017-01-03,2017-06-16,223.0,call,9.62,9.7,9.66,9.13,30,3079,0.13195,0.57564,164,225.240005
2017-01-03,2017-06-16,223.0,put,7.94,8.01,7.97,8.48,24,1900,0.15146,-0.4292,164,225.240005
2017-01-03,2017-06-16,224.0,call,8.96,9.04,9.0,8.65,261,2837,0.13195,0.55574,164,225.240005
2017-01-03,2017-06-16,224.0,put,8.3,8.37,8.34,8.91,168,11664,0.15146,-0.44656,164,225.240005
2017-01-03,2017-06-16,225.0,call,8.34,8.41,8.38,8.29,2212,14956,0.13195,0.53578,164,225.240005
2017-01-03,2017-06-16,225.0,put,8.68,8.76,8.72,8.88,2132,7190,0.15146,-0.46396,164,225.240005
2017-01-03,2017-06-16,226.0,call,7.72,7.8,7.76,7.44,15,3766,0.13195,0.51582,164,225.240005
2017-01-03,2017-06-16,226.0,put,9.08,9.16,9.12,9.66,13,643,0.15146,-0.48134,164,225.240005
2017-01-03,2017-06-16,227.0,call,7.12,7.19,7.16,6.99,120,2461,0.13195,0.49591,164,225.240005
2017-01-03,2017-06-16,227.0,put,9.5,9.59,9.54,5.57,0,795,0.15146,-0.49868,164,225.240005
2017-01-03,2017-06-16,228.0,call,6.55,6.63,6.59,6.17,34,1916,0.12219,0.47149,164,225.240005
2017-01-03,2017-06-16,228.0,put,9.94,10.03,9.98,5.83,0,635,0.15146,-0.51595,164,225.240005
2017-01-03,2017-06-16,229.0,call,6.0,6.07,6.04,5.85,362,2196,0.12219,0.45027,164,225.240005
2017-01-03,2017-06-16,229.0,put,10.41,10.5,10.46,10.61,20,297,0.1417,-0.53807,164,225.240005
2017-01-03,2017-06-16,230.0,call,5.47,5.54,5.5,5.51,168,22674,0.12219,0.4293,164,225.240005
2017-01-03,2017-06-16,230.0,put,10.89,11.01,10.95,11.56,33,814,0.1417,-0.55624,164,225.240005
2017-01-03,2017-06-16,231.0,call,4.97,5.05,5.01,4.61,36,2055,0.12219,0.40861,164,225.240005
2017-01-03,2017-06-16,231.0,put,11.4,11.52,11.46,11.4,30,108,0.1417,-0.57422,164,225.240005
2017-01-03,2017-06-16,232.0,call,4.49,4.56,4.53,4.22,14,1293,0.12219,0.38825,164,225.240005
2017-01-03,2017-06-16,232.0,put,11.94,12.07,12.0,6.04,0,52,0.1417,-0.59197,164,225.240005
2017-01-03,2017-06-16,233.0,call,4.05,4.12,4.08,3.78,25,3754,0.11244,0.3548,164,225.240005
2017-01-03,2017-06-16,233.0,put,12.5,12.63,12.57,12.74,2,60,0.1417,-0.60945,164,225.240005
2017-01-03,2017-06-16,234.0,call,3.63,3.69,3.66,3.34,8,2715,0.11244,0.33388,164,225.240005
2017-01-03,2017-06-16,234.0,put,13.09,13.23,13.16,7.48,0,20,0.1417,-0.62664,164,225.240005
2017-01-03,2017-06-16,235.0,call,3.23,3.3,3.26,3.08,260,15819,0.11244,0.31355,164,225.240005
2017-01-03,2017-06-16,235.0,put,13.73,13.85,13.79,14.0,50,566,0.1417,-0.64351,164,225.240005
2017-01-03,2017-06-16,236.0,call,2.87,2.94,2.91,1.29,0,1107,0.11244,0.29386,164,225.240005
2017-01-03,2017-06-16,236.0,put,14.36,14.51,14.43,7.91,0,13,0.1417,-0.66004,164,225.240005
2017-01-03,2017-06-16,237.0,call,2.53,2.6,2.56,1.15,0,921,0.11244,0.27484,164,225.240005
2017-01-03,2017-06-16,237.0,put,15.06,15.19,15.12,7.43,0,22,0.1417,-0.6762,164,225.240005
2017-01-03,2017-06-16,238.0,call,2.23,2.3,2.26,2.05,81,1973,0.10268,0.23481,164,225.240005
2017-01-03,2017-06-16,238.0,put,15.77,15.9,15.84,8.82,0,7,0.1417,-0.69196,164,225.240005
2017-01-03,2017-06-16,239.0,call,1.95,2.02,1.98,1.8,19,1247,0.10268,0.21651,164,225.240005
2017-01-03,2017-06-16,239.0,put,16.47,16.65,16.56,9.24,0,3,0.1417,-0.70732,164,225.240005
2017-01-03,2017-06-16,240.0,call,1.7,1.76,1.73,1.62,308,79669,0.10268,0.19914,164,225.240005
2017-01-03,2017-06-16,240.0,put,17.23,17.41,17.32,8.62,0,181,0.1417,-0.72224,164,225.240005
2017-01-03,2017-06-16,241.0,call,1.48,1.54,1.51,1.42,86,1146,0.10268,0.18271,164,225.240005
2017-01-03,2017-06-16,241.0,put,18.02,18.21,18.12,0.0,0,0,0.1417,-0.73673,164,225.240005
2017-01-03,2017-06-16,242.0,call,1.29,1.34,1.31,1.27,107,4886,0.10268,0.16721,164,225.240005
2017-01-03,2017-06-16,242.0,put,18.83,19.02,18.92,0.0,0,0,0.1417,-0.75076,164,225.240005
2017-01-03,2017-06-16,243.0,call,1.12,1.17,1.15,1.1,19,15,0.10268,0.15264,164,225.240005
2017-01-03,2017-06-16,243.0,put,19.67,19.86,19.77,0.0,0,0,0.1417,-0.76433,164,225.240005
2017-01-03,2017-06-16,244.0,call,0.97,1.01,0.99,0.48,0,111,0.10268,0.139,164,225.240005
2017-01-03,2017-06-16,244.0,put,20.52,20.73,20.62,0.0,0,0,0.1417,-0.77743,164,225.240005
2017-01-03,2017-06-16,245.0,call,0.84,0.88,0.86,0.83,67,6273,0.10268,0.12626,164,225.240005
2017-01-03,2017-06-16,245.0,put,21.4,21.61,21.5,10.36,0,106,0.1417,-0.79005,164,225.240005
2017-01-03,2017-06-16,246.0,call,0.74,0.77,0.76,0.39,0,10,0.10268,0.1144,164,225.240005
2017-01-03,2017-06-16,246.0,put,22.28,22.51,22.4,0.0,0,0,0.1417,-0.80219,164,225.240005
2017-01-03,2017-06-16,247.0,call,0.65,0.68,0.67,0.34,0,41,0.10268,0.1034,164,225.240005
2017-01-03,2017-06-16,247.0,put,23.19,23.42,23.3,0.0,0,0,0.1417,-0.81385,164,225.240005
2017-01-03,2017-06-16,248.0,call,0.57,0.6,0.58,0.57,352,115,0.10268,0.09323,164,225.240005
2017-01-03,2017-06-16,248.0,put,24.11,24.34,24.23,0.0,0,0,0.15146,-0.80735,164,225.240005
2017-01-03,2017-06-16,249.0,call,0.49,0.52,0.51,0.27,0,931,0.10268,0.08386,164,225.240005
2017-01-03,2017-06-16,249.0,put,25.04,25.28,25.16,0.0,0,0,0.15146,-0.81802,164,225.240005
2017-01-03,2017-06-16,250.0,call,0.44,0.46,0.45,0.43,1534,14140,0.10268,0.07525,164,225.240005
2017-01-03,2017-06-16,250.0,put,25.98,26.22,26.1,14.45,0,128,0.15146,-0.82826,164,225.240005
2017-01-03,2017-06-16,251.0,call,0.38,0.41,0.4,0.22,0,1077,0.10268,0.06735,164,225.240005
2017-01-03,2017-06-16,251.0,put,26.93,27.17,27.05,14.2,0,103,0.15146,-0.83809,164,225.240005
2017-01-03,2017-06-16,252.0,call,0.34,0.37,0.35,0.19,0,4,0.10268,0.06014,164,225.240005
2017-01-03,2017-06-16,252.0,put,27.88,28.12,28.0,14.66,0,70,0.16122,-0.83081,164,225.240005
2017-01-03,2017-06-16,253.0,call,0.3,0.33,0.32,0.3,10,1,0.10268,0.05358,164,225.240005
2017-01-03,2017-06-16,253.0,put,28.84,29.08,28.96,15.15,0,1,0.16122,-0.83989,164,225.240005
2017-01-03,2017-06-16,254.0,call,0.27,0.29,0.28,0.16,0,326,0.10268,0.04762,164,225.240005
2017-01-03,2017-06-16,254.0,put,29.8,30.05,29.93,15.64,0,2,0.16122,-0.84862,164,225.240005
2017-01-03,2017-06-16,255.0,call,0.24,0.27,0.26,0.14,0,3078,0.10268,0.04222,164,225.240005
2017-01-03,2017-06-16,255.0,put,30.77,31.02,30.89,20.54,0,54,0.17097,-0.84126,164,225.240005
2017-01-03,2017-06-16,256.0,call,0.21,0.24,0.22,0.13,0,2,0.10268,0.03734,164,225.240005
2017-01-03,2017-06-16,256.0,put,31.74,31.99,31.86,0.0,0,0,0.17097,-0.84939,164,225.240005
2017-01-03,2017-06-16,257.0,call,0.19,0.21,0.2,0.12,0,0,0.10268,0.03296,164,225.240005
2017-01-03,2017-06-16,257.0,put,32.72,32.96,32.84,0.0,0,0,0.17097,-0.8572,164,225.240005
2017-01-03,2017-06-16,258.0,call,0.17,0.19,0.18,0.11,0,30,0.10268,0.02902,164,225.240005
2017-01-03,2017-06-16,258.0,put,33.69,33.94,33.81,0.0,0,0,0.17097,-0.86471,164,225.240005
2017-01-03,2017-06-16,259.0,call,0.15,0.18,0.16,0.0,0,0,0.10268,0.02549,164,225.240005
2017-01-03,2017-06-16,259.0,put,34.67,34.92,34.8,0.0,0,0,0.18073,-0.8572,164,225.240005
2017-01-03,2017-06-16,260.0,call,0.14,0.16,0.15,0.09,0,6020,0.10268,0.02234,164,225.240005
2017-01-03,2017-06-16,260.0,put,35.65,35.9,35.77,17.96,0,122,0.18073,-0.86425,164,225.240005
2017-01-03,2017-06-16,265.0,call,0.07,0.1,0.09,0.08,0,903,0.11244,0.01877,164,225.240005
2017-01-03,2017-06-16,265.0,put,40.57,40.82,40.7,41.23,10,3,0.20024,-0.86906,164,225.240005
2017-01-03,2017-06-16,270.0,call,0.04,0.07,0.06,0.04,0,7445,0.11244,0.00996,164,225.240005
2017-01-03,2017-06-16,270.0,put,45.51,45.77,45.64,22.34,0,11,0.21,-0.8842,164,225.240005
2017-01-03,2017-06-16,275.0,call,0.02,0.05,0.04,0.03,0,807,0.12219,0.00914,164,225.240005
2017-01-03,2017-06-16,275.0,put,50.45,50.73,50.59,25.21,0,11,0.21975,-0.8964,164,225.240005
2017-01-03,2017-06-16,280.0,call,0.01,0.04,0.03,0.04,0,2540,0.12219,0.00494,164,225.240005
2017-01-03,2017-06-16,280.0,put,55.41,55.69,55.55,56.64,33,33,0.23926,-0.89585,164,225.240005
2017-01-03,2017-06-16,285.0,put,60.37,60.65,60.51,29.68,0,10,0.24902,-0.90466,164,225.240005
2017-01-03,2017-06-16,290.0,put,65.34,65.62,65.48,32.09,0,42,0.25877,-0.91199,164,225.240005
2017-01-03,2017-06-16,295.0,put,70.3,70.59,70.44,34.61,0,141,0.27829,-0.90943,164,225.240005
2017-01-03,2017-06-16,300.0,put,75.28,75.56,75.42,37.21,0,1420,0.28804,-0.91506,164,225.240005
2017-01-03,2017-06-16,305.0,put,80.24,80.53,80.38,39.64,0,245,0.2978,-0.91984,164,225.240005
2017-01-03,2017-06-16,310.0,put,85.21,85.5,85.35,42.15,0,927,0.30755,-0.92391,164,225.240005
2017-01-03,2017-06-16,315.0,put,90.18,90.47,90.33,91.07,290,2874,0.31731,-0.92739,164,225.240005
2017-01-03,2017-06-16,320.0,put,95.15,95.44,95.3,96.45,67,1211,0.32707,-0.93037,164,225.240005
2017-01-03,2017-06-16,325.0,put,100.12,100.41,100.27,101.47,32,1493,0.33682,-0.93293,164,225.240005
2017-01-03,2017-06-30,145.0,call,80.51,80.78,80.65,33.55,0,0,0.01488,1.0,178,225.240005
2017-01-03,2017-06-30,145.0,put,0.33,0.36,0.34,0.2,0,912,0.31731,-0.0173,178,225.240005
2017-01-03,2017-06-30,146.0,call,79.52,79.79,79.66,34.82,0,0,0.01488,1.0,178,225.240005
2017-01-03,2017-06-30,146.0,put,0.35,0.38,0.36,0.22,0,580,0.31731,-0.01867,178,225.240005
2017-01-03,2017-06-30,147.0,call,78.53,78.8,78.66,34.74,0,0,0.01488,1.0,178,225.240005
2017-01-03,2017-06-30,147.0,put,0.36,0.39,0.38,0.23,0,623,0.31731,-0.02013,178,225.240005
2017-01-03,2017-06-30,148.0,call,77.54,77.8,77.67,33.79,0,0,0.01488,1.0,178,225.240005
2017-01-03,2017-06-30,148.0,put,0.38,0.41,0.4,0.22,0,240,0.31731,-0.02166,178,225.240005
2017-01-03,2017-06-30,149.0,call,76.56,76.82,76.69,32.24,0,0,0.01488,1.0,178,225.240005
2017-01-03,2017-06-30,149.0,put,0.39,0.42,0.41,0.27,0,1813,0.30755,-0.02036,178,225.240005
2017-01-03,2017-06-30,150.0,call,75.57,75.82,75.69,38.13,0,1,0.01488,1.0,178,225.240005
2017-01-03,2017-06-30,150.0,put,0.41,0.44,0.42,0.24,0,513,0.30755,-0.02194,178,225.240005
2017-01-03,2017-06-30,151.0,call,74.58,74.84,74.71,31.55,0,0,0.01488,1.0,178,225.240005
2017-01-03,2017-06-30,151.0,put,0.43,0.46,0.45,0.25,0,153,0.30755,-0.02361,178,225.240005
2017-01-03,2017-06-30,152.0,call,73.6,73.85,73.72,31.06,0,0,0.01488,1.0,178,225.240005
2017-01-03,2017-06-30,152.0,put,0.45,0.48,0.46,0.69,0,480,0.30755,-0.02538,178,225.240005
2017-01-03,2017-06-30,153.0,call,72.61,72.86,72.73,31.78,0,0,0.01488,1.0,178,225.240005
2017-01-03,2017-06-30,153.0,put,0.47,0.49,0.48,0.75,0,40,0.2978,-0.0239,178,225.240005
2017-01-03,2017-06-30,154.0,call,71.63,71.89,71.76,32.16,0,0,0.20024,0.99754,178,225.240005
2017-01-03,2017-06-30,154.0,put,0.49,0.51,0.5,0.75,0,11,0.2978,-0.02572,178,225.240005
2017-01-03,2017-06-30,155.0,call,70.64,70.9,70.77,28.22,0,0,0.20024,0.99716,178,225.240005
2017-01-03,2017-06-30,155.0,put,0.51,0.54,0.53,0.57,15,147,0.2978,-0.02764,178,225.240005
2017-01-03,2017-06-30,156.0,call,69.66,69.91,69.78,29.18,0,0,0.20024,0.99673,178,225.240005
2017-01-03,2017-06-30,156.0,put,0.53,0.56,0.55,0.0,0,0,0.2978,-0.02967,178,225.240005
2017-01-03,2017-06-30,157.0,call,68.67,68.92,68.8,31.0,0,0,0.21,0.99471,178,225.240005
2017-01-03,2017-06-30,157.0,put,0.55,0.58,0.56,0.58,0,13,0.28804,-0.02801,178,225.240005
2017-01-03,2017-06-30,158.0,call,67.7,67.95,67.83,27.59,0,0,0.21975,0.99198,178,225.240005
2017-01-03,2017-06-30,158.0,put,0.57,0.61,0.59,0.34,0,14,0.28804,-0.0301,178,225.240005
2017-01-03,2017-06-30,159.0,call,66.71,66.97,66.84,27.11,0,0,0.21,0.99325,178,225.240005
2017-01-03,2017-06-30,159.0,put,0.6,0.63,0.61,0.51,0,5,0.28804,-0.03231,178,225.240005
2017-01-03,2017-06-30,160.0,call,65.73,65.99,65.86,33.4,0,1,0.21975,0.99,178,225.240005
2017-01-03,2017-06-30,160.0,put,0.62,0.66,0.64,0.68,150,1112,0.28804,-0.03463,178,225.240005
2017-01-03,2017-06-30,161.0,call,64.75,65.01,64.88,28.52,0,0,0.21975,0.98886,178,225.240005
2017-01-03,2017-06-30,161.0,put,0.65,0.68,0.67,0.45,0,170,0.28804,-0.03707,178,225.240005
2017-01-03,2017-06-30,162.0,call,63.78,64.02,63.9,28.12,0,0,0.21975,0.98763,178,225.240005
2017-01-03,2017-06-30,162.0,put,0.68,0.71,0.7,0.47,0,219,0.27829,-0.03518,178,225.240005
2017-01-03,2017-06-30,163.0,call,62.8,63.04,62.92,28.67,0,0,0.21975,0.98628,178,225.240005
2017-01-03,2017-06-30,163.0,put,0.71,0.74,0.72,0.44,0,31,0.27829,-0.03771,178,225.240005
2017-01-03,2017-06-30,164.0,call,61.82,62.07,61.95,27.07,0,0,0.21975,0.98482,178,225.240005
2017-01-03,2017-06-30,164.0,put,0.74,0.77,0.76,1.04,0,1,0.27829,-0.04037,178,225.240005
2017-01-03,2017-06-30,165.0,call,60.85,61.09,60.97,28.02,0,1,0.21975,0.98324,178,225.240005
2017-01-03,2017-06-30,165.0,put,0.78,0.81,0.8,0.82,87,1041,0.27829,-0.04316,178,225.240005
2017-01-03,2017-06-30,166.0,call,59.87,60.12,59.99,27.85,0,0,0.21975,0.98153,178,225.240005
2017-01-03,2017-06-30,166.0,put,0.8,0.84,0.82,0.52,0,23,0.26853,-0.04108,178,225.240005
2017-01-03,2017-06-30,167.0,call,58.9,59.14,59.02,27.35,0,0,0.21975,0.97968,178,225.240005
2017-01-03,2017-06-30,167.0,put,0.84,0.87,0.85,0.52,0,34,0.26853,-0.04398,178,225.240005
2017-01-03,2017-06-30,168.0,call,57.93,58.17,58.05,26.86,0,2,0.21975,0.9777,178,225.240005
2017-01-03,2017-06-30,168.0,put,0.87,0.91,0.89,0.53,0,162,0.26853,-0.04702,178,225.240005
2017-01-03,2017-06-30,169.0,call,56.96,57.2,57.08,26.3,0,32,0.21975,0.97556,178,225.240005
2017-01-03,2017-06-30,169.0,put,0.91,0.95,0.93,1.58,0,1,0.26853,-0.05021,178,225.240005
2017-01-03,2017-06-30,170.0,call,55.99,56.23,56.11,25.91,0,85,0.21,0.97799,178,225.240005
2017-01-03,2017-06-30,170.0,put,0.95,0.98,0.96,1.0,20,224,0.26853,-0.05355,178,225.240005
2017-01-03,2017-06-30,171.0,call,55.03,55.26,55.14,25.38,0,61,0.21,0.97581,178,225.240005
2017-01-03,2017-06-30,171.0,put,0.99,1.02,1.0,0.62,0,72,0.25877,-0.05126,178,225.240005
2017-01-03,2017-06-30,172.0,call,54.06,54.29,54.17,24.57,0,13,0.21,0.97346,178,225.240005
2017-01-03,2017-06-30,172.0,put,1.03,1.07,1.05,0.64,0,52,0.25877,-0.05475,178,225.240005
2017-01-03,2017-06-30,173.0,call,53.1,53.32,53.21,25.48,0,68,0.21,0.97093,178,225.240005
2017-01-03,2017-06-30,173.0,put,1.07,1.11,1.09,0.55,0,772,0.25877,-0.0584,178,225.240005
2017-01-03,2017-06-30,174.0,call,52.13,52.37,52.25,25.23,0,16,0.21,0.96823,178,225.240005
2017-01-03,2017-06-30,174.0,put,1.12,1.16,1.14,0.6,0,12,0.25877,-0.06221,178,225.240005
2017-01-03,2017-06-30,175.0,call,51.17,51.4,51.28,23.18,0,103,0.21,0.96534,178,225.240005
2017-01-03,2017-06-30,175.0,put,1.16,1.21,1.19,0.71,0,1651,0.25877,-0.06619,178,225.240005
2017-01-03,2017-06-30,176.0,call,50.21,50.45,50.33,22.72,0,51,0.21,0.96225,178,225.240005
2017-01-03,2017-06-30,176.0,put,1.21,1.25,1.23,0.71,0,24,0.24902,-0.06375,178,225.240005
2017-01-03,2017-06-30,177.0,call,49.26,49.47,49.36,22.25,0,315,0.21,0.95896,178,225.240005
2017-01-03,2017-06-30,177.0,put,1.27,1.31,1.29,0.97,0,412,0.24902,-0.06793,178,225.240005
2017-01-03,2017-06-30,178.0,call,48.3,48.52,48.41,21.93,0,72,0.21,0.95547,178,225.240005
2017-01-03,2017-06-30,178.0,put,1.32,1.36,1.34,0.79,0,594,0.24902,-0.07228,178,225.240005
2017-01-03,2017-06-30,179.0,call,47.35,47.57,47.46,20.79,0,142,0.21,0.95176,178,225.240005
2017-01-03,2017-06-30,179.0,put,1.38,1.41,1.4,1.5,0,653,0.24902,-0.07682,178,225.240005
2017-01-03,2017-06-30,180.0,call,46.4,46.62,46.51,23.77,0,91,0.21,0.94783,178,225.240005
2017-01-03,2017-06-30,180.0,put,1.43,1.47,1.45,1.51,132,910,0.24902,-0.08154,178,225.240005
2017-01-03,2017-06-30,181.0,call,45.45,45.67,45.56,20.38,0,60,0.20024,0.95121,178,225.240005
2017-01-03,2017-06-30,181.0,put,1.49,1.53,1.51,1.65,4,893,0.23926,-0.07904,178,225.240005
2017-01-03,2017-06-30,182.0,call,44.51,44.72,44.61,19.42,0,30,0.20024,0.94709,178,225.240005
2017-01-03,2017-06-30,182.0,put,1.56,1.59,1.58,0.88,0,457,0.23926,-0.08402,178,225.240005
2017-01-03,2017-06-30,183.0,call,43.56,43.78,43.67,19.43,0,47,0.20024,0.94273,178,225.240005
2017-01-03,2017-06-30,183.0,put,1.62,1.66,1.64,0.96,0,485,0.23926,-0.08919,178,225.240005
2017-01-03,2017-06-30,184.0,call,42.62,42.83,42.72,18.75,0,152,0.20024,0.93812,178,225.240005
2017-01-03,2017-06-30,184.0,put,1.69,1.73,1.71,1.08,0,1971,0.23926,-0.09457,178,225.240005
2017-01-03,2017-06-30,185.0,call,41.68,41.89,41.78,21.45,0,98,0.20024,0.93324,178,225.240005
2017-01-03,2017-06-30,185.0,put,1.76,1.8,1.78,0.99,0,2445,0.22951,-0.09206,178,225.240005
2017-01-03,2017-06-30,186.0,call,40.75,40.96,40.86,17.52,0,50,0.20024,0.92811,178,225.240005
2017-01-03,2017-06-30,186.0,put,1.83,1.87,1.85,1.97,22,1589,0.22951,-0.09774,178,225.240005
2017-01-03,2017-06-30,187.0,call,39.82,40.03,39.92,17.15,0,41,0.20024,0.9227,178,225.240005
2017-01-03,2017-06-30,187.0,put,1.91,1.95,1.93,1.18,0,1959,0.22951,-0.10364,178,225.240005
2017-01-03,2017-06-30,188.0,call,38.89,39.1,39.0,16.95,0,36,0.20024,0.91703,178,225.240005
2017-01-03,2017-06-30,188.0,put,1.99,2.03,2.01,2.13,23,990,0.22951,-0.10976,178,225.240005
2017-01-03,2017-06-30,189.0,call,37.96,38.16,38.06,19.64,0,21,0.19048,0.92065,178,225.240005
2017-01-03,2017-06-30,189.0,put,2.08,2.12,2.1,1.15,0,1456,0.22951,-0.1161,178,225.240005
2017-01-03,2017-06-30,190.0,call,37.04,37.24,37.14,18.55,0,74,0.19048,0.91462,178,225.240005
2017-01-03,2017-06-30,190.0,put,2.16,2.21,2.19,2.23,74,1074,0.21975,-0.11383,178,225.240005
2017-01-03,2017-06-30,191.0,call,36.12,36.32,36.22,18.88,0,75,0.19048,0.90829,178,225.240005
2017-01-03,2017-06-30,191.0,put,2.25,2.3,2.27,1.3,0,1301,0.21975,-0.12056,178,225.240005
2017-01-03,2017-06-30,192.0,call,35.21,35.4,35.3,17.75,0,13,0.19048,0.90166,178,225.240005
2017-01-03,2017-06-30,192.0,put,2.34,2.39,2.37,1.24,0,1105,0.21975,-0.12752,178,225.240005
2017-01-03,2017-06-30,193.0,call,34.3,34.5,34.4,12.59,0,9,0.19048,0.89471,178,225.240005
2017-01-03,2017-06-30,193.0,put,2.44,2.49,2.46,2.57,1,345,0.21975,-0.13473,178,225.240005
2017-01-03,2017-06-30,194.0,call,33.39,33.58,33.48,14.46,0,36,0.19048,0.88746,178,225.240005
2017-01-03,2017-06-30,194.0,put,2.54,2.59,2.56,1.58,0,635,0.21975,-0.14216,178,225.240005
2017-01-03,2017-06-30,195.0,call,32.49,32.67,32.58,16.24,0,71,0.18073,0.89082,178,225.240005
2017-01-03,2017-06-30,195.0,put,2.65,2.7,2.67,1.55,0,6471,0.21,-0.14044,178,225.240005
2017-01-03,2017-06-30,196.0,call,31.59,31.78,31.69,15.73,0,118,0.18073,0.88305,178,225.240005
2017-01-03,2017-06-30,196.0,put,2.76,2.81,2.79,2.93,32,772,0.21,-0.14836,178,225.240005
2017-01-03,2017-06-30,197.0,call,30.7,30.88,30.79,11.92,0,7,0.18073,0.87494,178,225.240005
2017-01-03,2017-06-30,197.0,put,2.87,2.93,2.9,1.68,0,481,0.21,-0.15654,178,225.240005
2017-01-03,2017-06-30,198.0,call,29.81,30.0,29.91,12.04,0,4,0.18073,0.86649,178,225.240005
2017-01-03,2017-06-30,198.0,put,2.99,3.05,3.02,1.56,0,224,0.21,-0.16497,178,225.240005
2017-01-03,2017-06-30,199.0,call,28.92,29.11,29.02,10.89,0,1,0.18073,0.85769,178,225.240005
2017-01-03,2017-06-30,199.0,put,3.12,3.17,3.15,3.29,12,577,0.21,-0.17364,178,225.240005
2017-01-03,2017-06-30,200.0,call,28.04,28.23,28.13,13.55,0,117,0.18073,0.84856,178,225.240005
2017-01-03,2017-06-30,200.0,put,3.27,3.3,3.29,3.56,112,16024,0.20024,-0.17288,178,225.240005
2017-01-03,2017-06-30,201.0,call,27.17,27.36,27.27,13.35,0,3,0.18073,0.8391,178,225.240005
2017-01-03,2017-06-30,201.0,put,3.39,3.45,3.42,2.07,0,561,0.20024,-0.18215,178,225.240005
2017-01-03,2017-06-30,202.0,call,26.3,26.49,26.39,12.9,0,97,0.17097,0.84104,178,225.240005
2017-01-03,2017-06-30,202.0,put,3.53,3.59,3.56,3.72,12,10659,0.20024,-0.19168,178,225.240005
2017-01-03,2017-06-30,203.0,call,25.44,25.62,25.53,10.02,0,14,0.17097,0.83081,178,225.240005
2017-01-03,2017-06-30,203.0,put,3.68,3.74,3.71,3.97,50,291,0.20024,-0.20147,178,225.240005
2017-01-03,2017-06-30,204.0,call,24.59,24.76,24.68,11.99,0,46,0.17097,0.82022,178,225.240005
2017-01-03,2017-06-30,204.0,put,3.83,3.89,3.86,3.97,689,60,0.20024,-0.21149,178,225.240005
2017-01-03,2017-06-30,205.0,call,23.74,23.91,23.82,23.07,1,124,0.17097,0.80929,178,225.240005
2017-01-03,2017-06-30,205.0,put,4.0,4.05,4.03,4.25,1590,3344,0.19048,-0.21228,178,225.240005
2017-01-03,2017-06-30,206.0,call,22.9,23.06,22.98,9.75,0,12,0.17097,0.798,178,225.240005
2017-01-03,2017-06-30,206.0,put,4.16,4.22,4.19,4.36,47,1220,0.19048,-0.22304,178,225.240005
2017-01-03,2017-06-30,207.0,call,22.06,22.23,22.14,11.26,0,42,0.16122,0.79813,178,225.240005
2017-01-03,2017-06-30,207.0,put,4.34,4.39,4.37,2.45,0,103,0.19048,-0.23406,178,225.240005
2017-01-03,2017-06-30,208.0,call,21.23,21.4,21.31,8.63,0,21,0.16122,0.78587,178,225.240005
2017-01-03,2017-06-30,208.0,put,4.52,4.58,4.55,2.44,0,1500,0.19048,-0.24531,178,225.240005
2017-01-03,2017-06-30,209.0,call,20.41,20.57,20.49,10.58,0,34,0.16122,0.77324,178,225.240005
2017-01-03,2017-06-30,209.0,put,4.71,4.77,4.74,2.78,0,1699,0.19048,-0.25679,178,225.240005
2017-01-03,2017-06-30,210.0,call,19.6,19.76,19.68,19.1,10,405,0.16122,0.76027,178,225.240005
2017-01-03,2017-06-30,210.0,put,4.91,4.96,4.94,4.96,31,7656,0.18073,-0.25988,178,225.240005
2017-01-03,2017-06-30,211.0,call,18.8,18.95,18.88,9.23,0,81,0.16122,0.74697,178,225.240005
2017-01-03,2017-06-30,211.0,put,5.11,5.17,5.14,5.23,8,813,0.18073,-0.27223,178,225.240005
2017-01-03,2017-06-30,212.0,call,18.0,18.15,18.07,9.36,0,501,0.16122,0.73335,178,225.240005
2017-01-03,2017-06-30,212.0,put,5.33,5.39,5.36,5.62,11,1477,0.18073,-0.28481,178,225.240005
2017-01-03,2017-06-30,213.0,call,17.22,17.37,17.3,8.78,0,343,0.15146,0.72959,178,225.240005
2017-01-03,2017-06-30,213.0,put,5.55,5.61,5.58,5.71,1,621,0.18073,-0.2976,178,225.240005
2017-01-03,2017-06-30,214.0,call,16.44,16.59,16.52,8.82,0,125,0.15146,0.71474,178,225.240005
2017-01-03,2017-06-30,214.0,put,5.79,5.86,5.83,3.19,0,2542,0.18073,-0.31058,178,225.240005
2017-01-03,2017-06-30,215.0,call,15.68,15.82,15.75,8.13,0,1695,0.15146,0.69959,178,225.240005
2017-01-03,2017-06-30,215.0,put,6.03,6.09,6.06,3.6,0,5015,0.17097,-0.31691,178,225.240005
2017-01-03,2017-06-30,216.0,call,14.92,15.06,14.99,7.93,0,2375,0.15146,0.68415,178,225.240005
2017-01-03,2017-06-30,216.0,put,6.29,6.36,6.33,6.75,102,444,0.17097,-0.33088,178,225.240005
2017-01-03,2017-06-30,217.0,call,14.18,14.31,14.25,7.35,0,390,0.15146,0.66846,178,225.240005
2017-01-03,2017-06-30,217.0,put,6.55,6.62,6.58,6.68,106,663,0.17097,-0.34502,178,225.240005
2017-01-03,2017-06-30,218.0,call,13.45,13.58,13.52,7.19,0,284,0.1417,0.65989,178,225.240005
2017-01-03,2017-06-30,218.0,put,6.83,6.9,6.87,7.17,9,283,0.17097,-0.35931,178,225.240005
2017-01-03,2017-06-30,219.0,call,12.73,12.83,12.78,13.12,12,311,0.1417,0.64279,178,225.240005
2017-01-03,2017-06-30,219.0,put,7.12,7.19,7.16,4.13,0,247,0.17097,-0.37374,178,225.240005
2017-01-03,2017-06-30,220.0,call,12.03,12.12,12.07,5.63,0,639,0.1417,0.62547,178,225.240005
2017-01-03,2017-06-30,220.0,put,7.42,7.5,7.46,7.99,16,741,0.16122,-0.38439,178,225.240005
2017-01-03,2017-06-30,221.0,call,11.33,11.42,11.38,11.45,14,1069,0.1417,0.60798,178,225.240005
2017-01-03,2017-06-30,221.0,put,7.74,7.82,7.78,7.77,20,314,0.16122,-0.39987,178,225.240005
2017-01-03,2017-06-30,222.0,call,10.65,10.73,10.69,5.64,0,1747,0.1417,0.59034,178,225.240005
2017-01-03,2017-06-30,222.0,put,8.08,8.15,8.12,8.66,3,296,0.16122,-0.41544,178,225.240005
2017-01-03,2017-06-30,223.0,call,9.99,10.08,10.04,10.2,11,754,0.13195,0.57514,178,225.240005
2017-01-03,2017-06-30,223.0,put,8.42,8.5,8.46,8.99,44,230,0.16122,-0.43107,178,225.240005
2017-01-03,2017-06-30,224.0,call,9.34,9.43,9.38,4.25,0,5675,0.13195,0.55603,178,225.240005
2017-01-03,2017-06-30,224.0,put,8.79,8.86,8.82,9.3,5,178,0.16122,-0.44673,178,225.240005
2017-01-03,2017-06-30,225.0,call,8.72,8.78,8.75,8.17,4,1705,0.13195,0.53688,178,225.240005
2017-01-03,2017-06-30,225.0,put,9.17,9.25,9.21,9.84,19,536,0.15146,-0.46279,178,225.240005
2017-01-03,2017-06-30,226.0,call,8.11,8.18,8.14,7.56,26,1863,0.13195,0.51773,178,225.240005
2017-01-03,2017-06-30,226.0,put,9.57,9.65,9.61,10.01,24,214,0.15146,-0.47948,178,225.240005
2017-01-03,2017-06-30,227.0,call,7.52,7.58,7.55,7.62,6,2707,0.13195,0.49862,178,225.240005
2017-01-03,2017-06-30,227.0,put,9.99,10.07,10.03,5.5,0,328,0.15146,-0.49612,178,225.240005
2017-01-03,2017-06-30,228.0,call,6.94,7.0,6.97,6.6,1,503,0.12219,0.47514,178,225.240005
2017-01-03,2017-06-30,228.0,put,10.42,10.51,10.46,10.35,1,116,0.15146,-0.5127,178,225.240005
2017-01-03,2017-06-30,229.0,call,6.39,6.46,6.42,3.03,0,1035,0.12219,0.45477,178,225.240005
2017-01-03,2017-06-30,229.0,put,10.89,10.98,10.94,5.34,0,34,0.15146,-0.52918,178,225.240005
2017-01-03,2017-06-30,230.0,call,5.86,5.93,5.89,6.19,6,2261,0.12219,0.43459,178,225.240005
2017-01-03,2017-06-30,230.0,put,11.36,11.48,11.42,11.9,10,79,0.1417,-0.55145,178,225.240005
2017-01-03,2017-06-30,231.0,call,5.35,5.42,5.38,2.59,0,1086,0.12219,0.41468,178,225.240005
2017-01-03,2017-06-30,231.0,put,11.86,11.99,11.93,5.87,0,1,0.1417,-0.56874,178,225.240005
2017-01-03,2017-06-30,232.0,call,4.87,4.94,4.91,5.13,3,860,0.12219,0.39506,178,225.240005
2017-01-03,2017-06-30,232.0,put,12.38,12.52,12.45,13.39,0,15,0.1417,-0.58583,178,225.240005
2017-01-03,2017-06-30,233.0,call,4.41,4.48,4.45,2.17,0,759,0.11244,0.36274,178,225.240005
2017-01-03,2017-06-30,233.0,put,12.93,13.07,13.0,6.65,0,11,0.1417,-0.60268,178,225.240005
2017-01-03,2017-06-30,234.0,call,3.98,4.05,4.01,2.24,0,426,0.11244,0.34249,178,225.240005
2017-01-03,2017-06-30,234.0,put,13.51,13.66,13.59,9.38,0,1,0.1417,-0.61927,178,225.240005
2017-01-03,2017-06-30,235.0,call,3.57,3.64,3.6,3.49,8,1156,0.11244,0.32276,178,225.240005
2017-01-03,2017-06-30,235.0,put,14.12,14.26,14.19,14.67,10,42,0.1417,-0.63558,178,225.240005
2017-01-03,2017-06-30,236.0,call,3.19,3.26,3.22,1.81,0,430,0.11244,0.3036,178,225.240005
2017-01-03,2017-06-30,236.0,put,14.73,14.9,14.82,13.53,0,1,0.1417,-0.65157,178,225.240005
2017-01-03,2017-06-30,237.0,call,2.84,2.92,2.88,1.75,0,1855,0.11244,0.28504,178,225.240005
2017-01-03,2017-06-30,237.0,put,15.43,15.56,15.5,11.98,0,54,0.1417,-0.66724,178,225.240005
2017-01-03,2017-06-30,238.0,call,2.52,2.59,2.55,2.51,10,1394,0.11244,0.26712,178,225.240005
2017-01-03,2017-06-30,238.0,put,16.12,16.25,16.19,16.26,10,0,0.1417,-0.68255,178,225.240005
2017-01-03,2017-06-30,239.0,call,2.23,2.3,2.26,2.1,20,3526,0.10268,0.22777,178,225.240005
2017-01-03,2017-06-30,239.0,put,16.83,16.96,16.89,8.23,0,2,0.1417,-0.6975,178,225.240005
2017-01-03,2017-06-30,240.0,call,1.96,2.03,1.99,1.89,10,3321,0.10268,0.21057,178,225.240005
2017-01-03,2017-06-30,240.0,put,17.56,17.71,17.63,9.09,0,11,0.1417,-0.71206,178,225.240005
2017-01-03,2017-06-30,245.0,call,1.0,1.04,1.02,1.0,160,3787,0.10268,0.13742,178,225.240005
2017-01-03,2017-06-30,245.0,put,21.58,21.78,21.68,10.7,0,9,0.1417,-0.77869,178,225.240005
2017-01-03,2017-06-30,250.0,call,0.52,0.54,0.53,0.27,0,2221,0.10268,0.08476,178,225.240005
2017-01-03,2017-06-30,250.0,put,26.09,26.31,26.2,14.14,0,3,0.15146,-0.81667,178,225.240005
2017-01-03,2017-06-30,255.0,call,0.28,0.31,0.3,0.18,0,556,0.10268,0.04948,178,225.240005
2017-01-03,2017-06-30,255.0,put,30.82,31.07,30.95,20.38,0,90,0.16122,-0.84552,178,225.240005
2017-01-03,2017-06-30,260.0,call,0.16,0.18,0.17,0.11,0,1742,0.10268,0.02738,178,225.240005
2017-01-03,2017-06-30,260.0,put,35.68,35.93,35.8,23.59,0,6,0.18073,-0.8528,178,225.240005
2017-01-03,2017-06-30,265.0,call,0.09,0.12,0.1,0.1,0,892,0.10268,0.01439,178,225.240005
2017-01-03,2017-06-30,265.0,put,40.59,40.84,40.72,19.94,0,9,0.19048,-0.87105,178,225.240005
2017-01-03,2017-09-15,50.0,call,175.09,175.48,175.28,0.0,0,0,0.01488,1.0,255,225.240005
2017-01-03,2017-09-15,55.0,call,170.1,170.5,170.3,0.0,0,0,0.01488,1.0,255,225.240005
2017-01-03,2017-09-15,60.0,call,165.1,165.5,165.3,0.0,0,0,0.01488,1.0,255,225.240005
2017-01-03,2017-09-15,65.0,call,160.12,160.51,160.31,0.0,0,0,0.01488,1.0,255,225.240005
2017-01-03,2017-09-15,70.0,call,155.13,155.52,155.32,0.0,0,0,0.01488,1.0,255,225.240005
2017-01-03,2017-09-15,70.0,put,0.01,0.05,0.03,0.03,0,8582,0.49292,-0.00113,255,225.240005
2017-01-03,2017-09-15,75.0,call,150.17,150.54,150.35,0.0,0,0,0.01488,1.0,255,225.240005
2017-01-03,2017-09-15,75.0,put,0.02,0.06,0.04,0.04,0,5595,0.4734,-0.0014,255,225.240005
2017-01-03,2017-09-15,80.0,call,145.16,145.54,145.35,0.0,0,0,0.01488,1.0,255,225.240005
2017-01-03,2017-09-15,80.0,put,0.03,0.07,0.05,0.06,3,2810,0.45389,-0.00169,255,225.240005
2017-01-03,2017-09-15,85.0,call,140.19,140.56,140.38,0.0,0,0,0.01488,1.0,255,225.240005
2017-01-03,2017-09-15,85.0,put,0.05,0.08,0.07,0.07,26,3024,0.44414,-0.00238,255,225.240005
2017-01-03,2017-09-15,90.0,call,135.2,135.58,135.39,0.0,0,0,0.01488,1.0,255,225.240005
2017-01-03,2017-09-15,90.0,put,0.08,0.1,0.09,0.04,0,5582,0.43438,-0.00326,255,225.240005
2017-01-03,2017-09-15,95.0,call,130.23,130.59,130.41,66.05,0,0,0.01488,1.0,255,225.240005
2017-01-03,2017-09-15,95.0,put,0.09,0.12,0.1,0.05,0,3125,0.41487,-0.00372,255,225.240005
2017-01-03,2017-09-15,100.0,call,125.22,125.59,125.41,63.45,0,0,0.01488,1.0,255,225.240005
2017-01-03,2017-09-15,100.0,put,0.11,0.14,0.12,0.09,0,16106,0.40511,-0.00493,255,225.240005
2017-01-03,2017-09-15,105.0,call,120.24,120.61,120.42,0.0,0,0,0.01488,1.0,255,225.240005
2017-01-03,2017-09-15,105.0,put,0.14,0.17,0.16,0.16,4,1579,0.39536,-0.00641,255,225.240005
2017-01-03,2017-09-15,110.0,call,115.27,115.64,115.45,52.62,0,0,0.01488,1.0,255,225.240005
2017-01-03,2017-09-15,110.0,put,0.17,0.21,0.19,0.11,0,1902,0.37584,-0.00708,255,225.240005
2017-01-03,2017-09-15,115.0,call,110.29,110.66,110.47,0.0,0,0,0.01488,1.0,255,225.240005
2017-01-03,2017-09-15,115.0,put,0.22,0.25,0.23,0.14,0,1361,0.36609,-0.00902,255,225.240005
2017-01-03,2017-09-15,120.0,call,105.34,105.66,105.5,0.0,0,0,0.01488,1.0,255,225.240005
2017-01-03,2017-09-15,120.0,put,0.28,0.3,0.29,0.31,10,1485,0.35633,-0.01135,255,225.240005
2017-01-03,2017-09-15,125.0,call,100.37,100.69,100.53,0.0,0,1,0.01488,1.0,255,225.240005
2017-01-03,2017-09-15,125.0,put,0.32,0.36,0.34,0.18,0,1377,0.34658,-0.01414,255,225.240005
2017-01-03,2017-09-15,130.0,call,95.41,95.74,95.57,43.27,0,4,0.01488,1.0,255,225.240005
2017-01-03,2017-09-15,130.0,put,0.4,0.43,0.42,0.44,9,2304,0.33682,-0.01745,255,225.240005
2017-01-03,2017-09-15,135.0,call,90.46,90.77,90.61,40.2,0,0,0.01488,1.0,255,225.240005
2017-01-03,2017-09-15,135.0,put,0.48,0.52,0.5,0.5,1,1664,0.32707,-0.02138,255,225.240005
2017-01-03,2017-09-15,140.0,call,85.51,85.84,85.68,42.66,0,70,0.01488,1.0,255,225.240005
2017-01-03,2017-09-15,140.0,put,0.59,0.62,0.6,0.67,159,1493,0.31731,-0.02601,255,225.240005
2017-01-03,2017-09-15,145.0,call,80.6,80.9,80.75,40.9,0,65,0.01488,1.0,255,225.240005
2017-01-03,2017-09-15,145.0,put,0.71,0.74,0.72,0.43,0,1019,0.30755,-0.03146,255,225.240005
2017-01-03,2017-09-15,150.0,call,75.69,75.99,75.84,38.19,0,55,0.01488,1.0,255,225.240005
2017-01-03,2017-09-15,150.0,put,0.85,0.89,0.87,0.51,0,4169,0.2978,-0.03785,255,225.240005
2017-01-03,2017-09-15,155.0,call,70.81,71.11,70.96,31.54,0,2,0.15146,0.99886,255,225.240005
2017-01-03,2017-09-15,155.0,put,1.02,1.06,1.04,1.08,21,2929,0.28804,-0.04533,255,225.240005
2017-01-03,2017-09-15,160.0,call,65.97,66.26,66.12,33.06,0,223,0.19048,0.98798,255,225.240005
2017-01-03,2017-09-15,160.0,put,1.23,1.27,1.25,1.25,67,6927,0.27829,-0.05409,255,225.240005
2017-01-03,2017-09-15,165.0,call,61.16,61.45,61.3,28.46,0,581,0.19048,0.98046,255,225.240005
2017-01-03,2017-09-15,165.0,put,1.48,1.52,1.5,1.5,1,4190,0.26853,-0.06433,255,225.240005
2017-01-03,2017-09-15,166.0,call,60.21,60.49,60.35,28.01,0,59,0.19048,0.97858,255,225.240005
2017-01-03,2017-09-15,166.0,put,1.53,1.57,1.55,1.59,1,10,0.26853,-0.06779,255,225.240005
2017-01-03,2017-09-15,167.0,call,59.25,59.54,59.39,27.51,0,200,0.19048,0.97657,255,225.240005
2017-01-03,2017-09-15,167.0,put,1.59,1.63,1.61,0.87,0,15,0.25877,-0.06519,255,225.240005
2017-01-03,2017-09-15,168.0,call,58.3,58.58,58.44,26.99,0,155,0.20024,0.96877,255,225.240005
2017-01-03,2017-09-15,168.0,put,1.64,1.69,1.67,1.68,1,13,0.25877,-0.06877,255,225.240005
2017-01-03,2017-09-15,169.0,call,57.35,57.63,57.49,26.56,0,7,0.20024,0.9662,255,225.240005
2017-01-03,2017-09-15,169.0,put,1.7,1.75,1.73,1.76,1,28,0.25877,-0.07248,255,225.240005
2017-01-03,2017-09-15,170.0,call,56.4,56.68,56.54,27.61,0,519,0.20024,0.96346,255,225.240005
2017-01-03,2017-09-15,170.0,put,1.77,1.82,1.79,1.91,15,7865,0.25877,-0.07631,255,225.240005
2017-01-03,2017-09-15,171.0,call,55.46,55.75,55.61,0.0,0,0,0.20024,0.96057,255,225.240005
2017-01-03,2017-09-15,171.0,put,1.83,1.88,1.85,1.85,1,12,0.25877,-0.08028,255,225.240005
2017-01-03,2017-09-15,172.0,call,54.52,54.78,54.65,24.85,0,20,0.20024,0.95751,255,225.240005
2017-01-03,2017-09-15,172.0,put,1.9,1.95,1.92,1.04,0,115,0.24902,-0.07753,255,225.240005
2017-01-03,2017-09-15,173.0,call,53.57,53.84,53.7,23.89,0,3,0.19048,0.9613,255,225.240005
2017-01-03,2017-09-15,173.0,put,1.97,2.02,2.0,2.1,2,106,0.24902,-0.08166,255,225.240005
2017-01-03,2017-09-15,174.0,call,52.64,52.9,52.77,23.63,0,12,0.19048,0.95816,255,225.240005
2017-01-03,2017-09-15,174.0,put,2.04,2.09,2.06,1.11,0,12,0.24902,-0.08592,255,225.240005
2017-01-03,2017-09-15,175.0,call,51.7,51.96,51.83,25.27,0,356,0.19048,0.95484,255,225.240005
2017-01-03,2017-09-15,175.0,put,2.12,2.17,2.15,2.28,2,13533,0.24902,-0.09032,255,225.240005
2017-01-03,2017-09-15,176.0,call,50.77,51.03,50.9,0.0,0,0,0.19048,0.95134,255,225.240005
2017-01-03,2017-09-15,176.0,put,2.19,2.25,2.22,1.19,0,11,0.24902,-0.09486,255,225.240005
2017-01-03,2017-09-15,177.0,call,49.84,50.1,49.97,22.61,0,2,0.19048,0.94764,255,225.240005
2017-01-03,2017-09-15,177.0,put,2.27,2.33,2.3,1.23,0,15,0.24902,-0.09954,255,225.240005
2017-01-03,2017-09-15,178.0,call,48.91,49.17,49.04,0.0,0,0,0.19048,0.94374,255,225.240005
2017-01-03,2017-09-15,178.0,put,2.35,2.41,2.38,1.28,0,12,0.23926,-0.09679,255,225.240005
2017-01-03,2017-09-15,179.0,call,47.98,48.24,48.11,0.0,0,0,0.19048,0.93964,255,225.240005
2017-01-03,2017-09-15,179.0,put,2.44,2.5,2.47,1.32,0,121,0.23926,-0.10168,255,225.240005
2017-01-03,2017-09-15,180.0,call,47.06,47.32,47.19,23.93,0,1213,0.19048,0.93534,255,225.240005
2017-01-03,2017-09-15,180.0,put,2.53,2.58,2.55,2.68,21,6204,0.23926,-0.10672,255,225.240005
2017-01-03,2017-09-15,181.0,call,46.14,46.4,46.27,0.0,0,0,0.19048,0.93083,255,225.240005
2017-01-03,2017-09-15,181.0,put,2.62,2.68,2.65,1.5,0,12,0.23926,-0.1119,255,225.240005
2017-01-03,2017-09-15,182.0,call,45.23,45.44,45.33,0.0,0,0,0.19048,0.92611,255,225.240005
2017-01-03,2017-09-15,182.0,put,2.71,2.77,2.74,1.47,0,24,0.23926,-0.11723,255,225.240005
2017-01-03,2017-09-15,183.0,call,44.32,44.56,44.44,0.0,0,0,0.19048,0.92117,255,225.240005
2017-01-03,2017-09-15,183.0,put,2.81,2.87,2.84,3.0,1,35,0.23926,-0.12271,255,225.240005
2017-01-03,2017-09-15,184.0,call,43.41,43.63,43.52,16.88,0,5,0.19048,0.91601,255,225.240005
2017-01-03,2017-09-15,184.0,put,2.91,2.97,2.94,1.57,0,3213,0.22951,-0.12016,255,225.240005
2017-01-03,2017-09-15,185.0,call,42.51,42.71,42.61,21.03,0,379,0.19048,0.91064,255,225.240005
2017-01-03,2017-09-15,185.0,put,3.01,3.08,3.04,1.63,0,6201,0.22951,-0.12592,255,225.240005
2017-01-03,2017-09-15,186.0,call,41.6,41.79,41.7,0.0,0,0,0.19048,0.90505,255,225.240005
2017-01-03,2017-09-15,186.0,put,3.11,3.18,3.15,1.78,0,144,0.22951,-0.13182,255,225.240005
2017-01-03,2017-09-15,187.0,call,40.71,40.91,40.81,15.62,0,2,0.19048,0.89923,255,225.240005
2017-01-03,2017-09-15,187.0,put,3.23,3.3,3.26,1.74,0,385,0.22951,-0.13789,255,225.240005
2017-01-03,2017-09-15,188.0,call,39.81,40.02,39.92,13.91,0,1,0.19048,0.89319,255,225.240005
2017-01-03,2017-09-15,188.0,put,3.35,3.41,3.38,1.79,0,287,0.22951,-0.14411,255,225.240005
2017-01-03,2017-09-15,189.0,call,38.92,39.13,39.03,16.58,0,10,0.18073,0.89748,255,225.240005
2017-01-03,2017-09-15,189.0,put,3.47,3.53,3.5,3.55,7,228,0.22951,-0.15047,255,225.240005
2017-01-03,2017-09-15,190.0,call,38.04,38.2,38.12,18.39,0,2883,0.18073,0.8911,255,225.240005
2017-01-03,2017-09-15,190.0,put,3.59,3.65,3.62,3.68,8,6878,0.21975,-0.14841,255,225.240005
2017-01-03,2017-09-15,191.0,call,37.15,37.36,37.25,12.78,0,5,0.18073,0.88447,255,225.240005
2017-01-03,2017-09-15,191.0,put,3.71,3.78,3.75,1.98,0,186,0.21975,-0.15513,255,225.240005
2017-01-03,2017-09-15,192.0,call,36.28,36.48,36.38,16.84,0,5,0.18073,0.8776,255,225.240005
2017-01-03,2017-09-15,192.0,put,3.84,3.91,3.88,4.0,20,277,0.21975,-0.16201,255,225.240005
2017-01-03,2017-09-15,193.0,call,35.41,35.6,35.5,18.05,0,16,0.18073,0.87048,255,225.240005
2017-01-03,2017-09-15,193.0,put,3.99,4.05,4.02,2.12,0,188,0.21975,-0.16904,255,225.240005
2017-01-03,2017-09-15,194.0,call,34.54,34.73,34.63,14.08,0,5,0.18073,0.86312,255,225.240005
2017-01-03,2017-09-15,194.0,put,4.11,4.19,4.15,2.18,0,132,0.21975,-0.17623,255,225.240005
2017-01-03,2017-09-15,195.0,call,33.67,33.86,33.77,17.08,0,2488,0.18073,0.85552,255,225.240005
2017-01-03,2017-09-15,195.0,put,4.27,4.33,4.3,4.3,19,11752,0.21975,-0.18357,255,225.240005
2017-01-03,2017-09-15,196.0,call,32.82,33.01,32.91,0.0,0,0,0.18073,0.84769,255,225.240005
2017-01-03,2017-09-15,196.0,put,4.41,4.48,4.45,4.58,5,181,0.21,-0.1824,255,225.240005
2017-01-03,2017-09-15,197.0,call,31.97,32.15,32.06,16.67,0,1,0.18073,0.83961,255,225.240005
2017-01-03,2017-09-15,197.0,put,4.57,4.64,4.61,2.53,0,3650,0.21,-0.19017,255,225.240005
2017-01-03,2017-09-15,198.0,call,31.12,31.3,31.21,12.5,0,8,0.18073,0.83131,255,225.240005
2017-01-03,2017-09-15,198.0,put,4.72,4.8,4.76,2.57,0,299,0.21,-0.19811,255,225.240005
2017-01-03,2017-09-15,199.0,call,30.27,30.46,30.37,15.51,0,4,0.17097,0.83409,255,225.240005
2017-01-03,2017-09-15,199.0,put,4.88,4.97,4.92,2.58,0,284,0.21,-0.20619,255,225.240005
2017-01-03,2017-09-15,200.0,call,29.44,29.62,29.53,14.16,0,1777,0.17097,0.8252,255,225.240005
2017-01-03,2017-09-15,200.0,put,5.06,5.14,5.1,5.2,9,11755,0.21,-0.21443,255,225.240005
2017-01-03,2017-09-15,201.0,call,28.61,28.79,28.7,0.0,0,0,0.17097,0.81607,255,225.240005
2017-01-03,2017-09-15,201.0,put,5.23,5.31,5.27,2.76,0,33,0.21,-0.22281,255,225.240005
2017-01-03,2017-09-15,202.0,call,27.78,27.96,27.87,11.98,0,160,0.17097,0.80669,255,225.240005
2017-01-03,2017-09-15,202.0,put,5.42,5.49,5.46,2.75,0,34,0.20024,-0.22306,255,225.240005
2017-01-03,2017-09-15,203.0,call,26.96,27.14,27.05,13.57,0,102,0.17097,0.79707,255,225.240005
2017-01-03,2017-09-15,203.0,put,5.6,5.68,5.64,3.02,0,91,0.20024,-0.23197,255,225.240005
2017-01-03,2017-09-15,204.0,call,26.15,26.32,26.23,0.0,0,0,0.17097,0.78722,255,225.240005
2017-01-03,2017-09-15,204.0,put,5.8,5.87,5.83,3.18,0,755,0.20024,-0.24102,255,225.240005
2017-01-03,2017-09-15,205.0,call,25.35,25.54,25.45,25.28,31,7771,0.17097,0.77715,255,225.240005
2017-01-03,2017-09-15,205.0,put,5.99,6.07,6.03,6.12,11,7522,0.20024,-0.25022,255,225.240005
2017-01-03,2017-09-15,206.0,call,24.54,24.71,24.62,10.67,0,14,0.17097,0.76686,255,225.240005
2017-01-03,2017-09-15,206.0,put,6.2,6.28,6.24,6.36,1,160,0.20024,-0.25955,255,225.240005
2017-01-03,2017-09-15,207.0,call,23.75,23.91,23.83,0.0,0,0,0.16122,0.76678,255,225.240005
2017-01-03,2017-09-15,207.0,put,6.41,6.49,6.45,3.38,0,29,0.19048,-0.26142,255,225.240005
2017-01-03,2017-09-15,208.0,call,22.96,23.15,23.05,9.71,0,393,0.16122,0.7557,255,225.240005
2017-01-03,2017-09-15,208.0,put,6.63,6.71,6.67,3.34,0,24,0.19048,-0.27136,255,225.240005
2017-01-03,2017-09-15,209.0,call,22.18,22.34,22.26,11.24,0,47,0.16122,0.74439,255,225.240005
2017-01-03,2017-09-15,209.0,put,6.86,6.94,6.9,3.63,0,362,0.19048,-0.28144,255,225.240005
2017-01-03,2017-09-15,210.0,call,21.41,21.57,21.49,10.23,0,4581,0.16122,0.73287,255,225.240005
2017-01-03,2017-09-15,210.0,put,7.09,7.15,7.12,7.2,385,9415,0.19048,-0.29164,255,225.240005
2017-01-03,2017-09-15,211.0,call,20.65,20.8,20.73,10.64,0,51,0.16122,0.72115,255,225.240005
2017-01-03,2017-09-15,211.0,put,7.33,7.42,7.38,3.88,0,584,0.19048,-0.30196,255,225.240005
2017-01-03,2017-09-15,212.0,call,19.89,20.04,19.96,10.18,0,732,0.16122,0.70924,255,225.240005
2017-01-03,2017-09-15,212.0,put,7.58,7.67,7.62,7.92,7,1149,0.19048,-0.3124,255,225.240005
2017-01-03,2017-09-15,213.0,call,19.14,19.27,19.2,7.99,0,2400,0.16122,0.69716,255,225.240005
2017-01-03,2017-09-15,213.0,put,7.84,7.93,7.88,4.2,0,189,0.18073,-0.31706,255,225.240005
2017-01-03,2017-09-15,214.0,call,18.4,18.55,18.48,8.6,0,2043,0.15146,0.6929,255,225.240005
2017-01-03,2017-09-15,214.0,put,8.11,8.2,8.15,4.42,0,2997,0.18073,-0.32819,255,225.240005
2017-01-03,2017-09-15,215.0,call,17.68,17.83,17.75,17.69,37,4271,0.15146,0.67984,255,225.240005
2017-01-03,2017-09-15,215.0,put,8.39,8.48,8.44,8.95,31,15996,0.18073,-0.33941,255,225.240005
2017-01-03,2017-09-15,216.0,call,16.95,17.1,17.02,8.69,0,680,0.15146,0.66662,255,225.240005
2017-01-03,2017-09-15,216.0,put,8.67,8.77,8.72,9.02,8,1211,0.18073,-0.35073,255,225.240005
2017-01-03,2017-09-15,217.0,call,16.25,16.39,16.32,7.71,0,146,0.15146,0.65325,255,225.240005
2017-01-03,2017-09-15,217.0,put,8.97,9.07,9.02,4.53,0,384,0.18073,-0.36213,255,225.240005
2017-01-03,2017-09-15,218.0,call,15.55,15.68,15.62,7.76,0,163,0.15146,0.63975,255,225.240005
2017-01-03,2017-09-15,218.0,put,9.28,9.37,9.32,5.19,0,658,0.18073,-0.3736,255,225.240005
2017-01-03,2017-09-15,219.0,call,14.87,14.97,14.92,6.95,0,111,0.15146,0.62614,255,225.240005
2017-01-03,2017-09-15,219.0,put,9.59,9.69,9.64,4.84,0,335,0.17097,-0.38197,255,225.240005
2017-01-03,2017-09-15,220.0,call,14.19,14.3,14.25,13.74,7,10539,0.1417,0.61672,255,225.240005
2017-01-03,2017-09-15,220.0,put,9.92,10.02,9.97,10.41,34,4914,0.17097,-0.39418,255,225.240005
2017-01-03,2017-09-15,221.0,call,13.53,13.63,13.58,13.09,2,141,0.1417,0.60203,255,225.240005
2017-01-03,2017-09-15,221.0,put,10.26,10.36,10.31,10.7,6,659,0.17097,-0.40644,255,225.240005
2017-01-03,2017-09-15,222.0,call,12.88,12.98,12.93,12.6,1,2201,0.1417,0.58725,255,225.240005
2017-01-03,2017-09-15,222.0,put,10.61,10.72,10.66,5.93,0,1105,0.17097,-0.41874,255,225.240005
2017-01-03,2017-09-15,223.0,call,12.22,12.32,12.27,5.76,0,876,0.1417,0.57242,255,225.240005
2017-01-03,2017-09-15,223.0,put,10.98,11.09,11.04,11.0,6,514,0.17097,-0.43107,255,225.240005
2017-01-03,2017-09-15,224.0,call,11.59,11.69,11.64,11.1,98,380,0.1417,0.55755,255,225.240005
2017-01-03,2017-09-15,224.0,put,11.36,11.46,11.41,11.45,17,652,0.17097,-0.4434,255,225.240005
2017-01-03,2017-09-15,225.0,call,10.98,11.08,11.03,10.56,97,4276,0.1417,0.54267,255,225.240005
2017-01-03,2017-09-15,225.0,put,11.74,11.85,11.79,12.39,21,1701,0.16122,-0.4564,255,225.240005
2017-01-03,2017-09-15,226.0,call,10.37,10.48,10.43,10.64,3,718,0.1417,0.52779,255,225.240005
2017-01-03,2017-09-15,226.0,put,12.15,12.26,12.21,12.62,17,306,0.16122,-0.46947,255,225.240005
2017-01-03,2017-09-15,227.0,call,9.78,9.87,9.82,9.37,1,1616,0.13195,0.51052,255,225.240005
2017-01-03,2017-09-15,227.0,put,12.57,12.68,12.62,12.7,112,211,0.16122,-0.48252,255,225.240005
2017-01-03,2017-09-15,228.0,call,9.21,9.31,9.26,8.82,1,1282,0.13195,0.49462,255,225.240005
2017-01-03,2017-09-15,228.0,put,13.01,13.12,13.06,13.51,17,50,0.16122,-0.49553,255,225.240005
2017-01-03,2017-09-15,229.0,call,8.66,8.75,8.71,8.91,920,1782,0.13195,0.4788,255,225.240005
2017-01-03,2017-09-15,229.0,put,13.46,13.57,13.52,6.75,0,54,0.16122,-0.50848,255,225.240005
2017-01-03,2017-09-15,230.0,call,8.1,8.2,8.15,7.85,329,3370,0.13195,0.46308,255,225.240005
2017-01-03,2017-09-15,230.0,put,13.92,14.04,13.98,14.55,10,604,0.16122,-0.52137,255,225.240005
2017-01-03,2017-09-15,231.0,call,7.58,7.68,7.63,7.25,5,1558,0.13195,0.44749,255,225.240005
2017-01-03,2017-09-15,231.0,put,14.39,14.54,14.46,8.94,0,1,0.16122,-0.53419,255,225.240005
2017-01-03,2017-09-15,232.0,call,7.08,7.18,7.13,3.43,0,614,0.13195,0.43204,255,225.240005
2017-01-03,2017-09-15,232.0,put,14.89,15.04,14.96,7.65,0,11,0.16122,-0.54691,255,225.240005
2017-01-03,2017-09-15,233.0,call,6.6,6.69,6.64,6.67,1,1338,0.12219,0.40694,255,225.240005
2017-01-03,2017-09-15,233.0,put,15.4,15.57,15.48,8.58,0,11,0.15146,-0.56664,255,225.240005
2017-01-03,2017-09-15,234.0,call,6.12,6.21,6.17,2.97,0,716,0.12219,0.39075,255,225.240005
2017-01-03,2017-09-15,234.0,put,15.97,16.11,16.04,0.0,0,0,0.15146,-0.57991,255,225.240005
2017-01-03,2017-09-15,235.0,call,5.68,5.77,5.72,5.54,8,3746,0.12219,0.37482,255,225.240005
2017-01-03,2017-09-15,235.0,put,16.5,16.67,16.59,8.0,0,373,0.15146,-0.59303,255,225.240005
2017-01-03,2017-09-15,236.0,call,5.26,5.35,5.3,2.48,0,498,0.12219,0.35916,255,225.240005
2017-01-03,2017-09-15,236.0,put,17.1,17.25,17.18,9.54,0,74,0.15146,-0.60599,255,225.240005
2017-01-03,2017-09-15,237.0,call,4.83,4.92,4.88,2.29,0,581,0.12219,0.34381,255,225.240005
2017-01-03,2017-09-15,237.0,put,17.7,17.85,17.77,9.47,0,43,0.15146,-0.61879,255,225.240005
2017-01-03,2017-09-15,238.0,call,4.45,4.54,4.5,2.1,0,1346,0.12219,0.32877,255,225.240005
2017-01-03,2017-09-15,238.0,put,18.31,18.47,18.39,9.59,0,22,0.15146,-0.6314,255,225.240005
2017-01-03,2017-09-15,239.0,call,4.09,4.17,4.13,1.87,0,609,0.12219,0.31406,255,225.240005
2017-01-03,2017-09-15,239.0,put,18.95,19.11,19.03,12.15,0,30,0.15146,-0.64381,255,225.240005
2017-01-03,2017-09-15,240.0,call,3.72,3.81,3.77,3.45,12,3232,0.11244,0.28118,255,225.240005
2017-01-03,2017-09-15,240.0,put,19.61,19.77,19.69,20.69,33,1241,0.15146,-0.65603,255,225.240005
2017-01-03,2017-09-15,245.0,call,2.3,2.37,2.33,2.19,4,2551,0.11244,0.21222,255,225.240005
2017-01-03,2017-09-15,245.0,put,23.19,23.38,23.29,12.27,0,48,0.15146,-0.7138,255,225.240005
2017-01-03,2017-09-15,250.0,call,1.36,1.41,1.39,1.41,27,7782,0.10268,0.13166,255,225.240005
2017-01-03,2017-09-15,250.0,put,27.21,27.46,27.34,14.38,0,190,0.15146,-0.7655,255,225.240005
2017-01-03,2017-09-15,255.0,call,0.81,0.84,0.82,0.78,408,1804,0.10268,0.08862,255,225.240005
2017-01-03,2017-09-15,255.0,put,31.62,31.9,31.76,16.3,0,46,0.16122,-0.7937,255,225.240005
2017-01-03,2017-09-15,260.0,call,0.48,0.51,0.49,0.53,920,2663,0.10268,0.05756,255,225.240005
2017-01-03,2017-09-15,260.0,put,36.27,36.56,36.42,18.14,0,26,0.17097,-0.81609,255,225.240005
2017-01-03,2017-09-15,265.0,call,0.29,0.33,0.31,0.17,0,677,0.10268,0.03613,255,225.240005
2017-01-03,2017-09-15,265.0,put,41.06,41.35,41.2,20.69,0,31,0.18073,-0.834,255,225.240005
2017-01-03,2017-09-15,270.0,call,0.18,0.22,0.2,0.11,0,1216,0.10268,0.02194,255,225.240005
2017-01-03,2017-09-15,270.0,put,45.9,46.21,46.05,28.35,0,600,0.19048,-0.84847,255,225.240005
2017-01-03,2017-09-15,275.0,call,0.12,0.16,0.14,0.14,322,1517,0.11244,0.02129,255,225.240005
2017-01-03,2017-09-15,275.0,put,50.8,51.11,50.95,0.0,0,20,0.20024,-0.86023,255,225.240005
2017-01-03,2017-09-15,280.0,call,0.07,0.11,0.09,0.09,20,398,0.11244,0.01322,255,225.240005
2017-01-03,2017-09-15,280.0,put,55.71,56.02,55.87,56.98,33,33,0.21,-0.86988,255,225.240005
2017-01-03,2017-09-15,285.0,call,0.05,0.09,0.07,0.08,0,362,0.11244,0.00802,255,225.240005
2017-01-03,2017-09-15,285.0,put,60.64,60.96,60.8,30.32,0,0,0.21975,-0.87784,255,225.240005
2017-01-03,2017-09-15,290.0,call,0.03,0.07,0.05,0.03,0,642,0.12219,0.0087,255,225.240005
2017-01-03,2017-09-15,290.0,put,65.56,65.91,65.73,32.24,0,3,0.22951,-0.88443,255,225.240005
2017-01-03,2017-09-15,295.0,call,0.02,0.06,0.04,0.05,0,21,0.12219,0.00546,255,225.240005
2017-01-03,2017-09-15,295.0,put,70.5,70.84,70.67,0.0,0,1,0.23926,-0.88992,255,225.240005
2017-01-03,2017-09-15,300.0,call,0.01,0.05,0.03,0.04,0,316,0.12219,0.00336,255,225.240005
2017-01-03,2017-09-15,300.0,put,75.45,75.8,75.62,37.7,0,99,0.24902,-0.8945,255,225.240005
2017-01-03,2017-09-15,305.0,put,80.4,80.75,80.58,40.16,0,157,0.25877,-0.89833,255,225.240005
2017-01-03,2017-09-15,310.0,put,85.36,85.72,85.54,86.66,42,1019,0.26853,-0.90153,255,225.240005
2017-01-03,2017-09-15,315.0,put,90.31,90.67,90.49,91.83,26,3776,0.27829,-0.9042,255,225.240005
2017-01-03,2017-09-15,320.0,put,95.26,95.62,95.44,47.66,0,48,0.28804,-0.90642,255,225.240005
2017-01-03,2017-09-15,325.0,put,100.2,100.56,100.38,50.13,0,73,0.2978,-0.90825,255,225.240005
2017-01-03,2017-09-29,75.0,call,150.16,150.54,150.35,0.0,0,0,0.01488,1.0,269,225.240005
2017-01-03,2017-09-29,75.0,put,0.03,0.07,0.05,0.03,0,35,0.4734,-0.00174,269,225.240005
2017-01-03,2017-09-29,80.0,call,145.17,145.55,145.36,0.0,0,0,0.01488,1.0,269,225.240005
2017-01-03,2017-09-29,80.0,put,0.04,0.08,0.06,0.03,0,27,0.45389,-0.00209,269,225.240005
2017-01-03,2017-09-29,85.0,call,140.19,140.57,140.38,0.0,0,0,0.01488,1.0,269,225.240005
2017-01-03,2017-09-29,85.0,put,0.06,0.09,0.07,0.04,0,33,0.43438,-0.00246,269,225.240005
2017-01-03,2017-09-29,90.0,call,135.19,135.57,135.38,0.0,0,0,0.01488,1.0,269,225.240005
2017-01-03,2017-09-29,90.0,put,0.08,0.11,0.1,0.05,0,33,0.42462,-0.00334,269,225.240005
2017-01-03,2017-09-29,95.0,call,130.23,130.59,130.41,0.0,0,0,0.01488,1.0,269,225.240005
2017-01-03,2017-09-29,95.0,put,0.1,0.13,0.12,0.07,0,24,0.41487,-0.00445,269,225.240005
2017-01-03,2017-09-29,100.0,call,125.23,125.61,125.42,0.0,0,0,0.01488,1.0,269,225.240005
2017-01-03,2017-09-29,100.0,put,0.13,0.16,0.15,0.15,4,80,0.40511,-0.00582,269,225.240005
2017-01-03,2017-09-29,105.0,call,120.24,120.61,120.42,0.0,0,0,0.01488,1.0,269,225.240005
2017-01-03,2017-09-29,105.0,put,0.16,0.2,0.18,0.11,0,20,0.3856,-0.00646,269,225.240005
2017-01-03,2017-09-29,110.0,call,115.26,115.63,115.44,0.0,0,0,0.01488,1.0,269,225.240005
2017-01-03,2017-09-29,110.0,put,0.2,0.24,0.22,0.12,0,17,0.37584,-0.00825,269,225.240005
2017-01-03,2017-09-29,115.0,call,110.29,110.65,110.47,0.0,0,0,0.01488,1.0,269,225.240005
2017-01-03,2017-09-29,115.0,put,0.24,0.28,0.26,0.16,0,60,0.36609,-0.0104,269,225.240005
2017-01-03,2017-09-29,120.0,call,105.34,105.67,105.5,0.0,0,0,0.01488,1.0,269,225.240005
2017-01-03,2017-09-29,120.0,put,0.3,0.34,0.32,0.2,0,6,0.35633,-0.01297,269,225.240005
2017-01-03,2017-09-29,125.0,call,100.37,100.7,100.53,0.0,0,0,0.01488,1.0,269,225.240005
2017-01-03,2017-09-29,125.0,put,0.37,0.4,0.39,0.21,0,127,0.34658,-0.01601,269,225.240005
2017-01-03,2017-09-29,130.0,call,95.4,95.74,95.57,42.84,0,0,0.01488,1.0,269,225.240005
2017-01-03,2017-09-29,130.0,put,0.45,0.48,0.46,0.48,6,331,0.32707,-0.0172,269,225.240005
2017-01-03,2017-09-29,135.0,call,90.46,90.78,90.62,0.0,0,0,0.01488,1.0,269,225.240005
2017-01-03,2017-09-29,135.0,put,0.54,0.57,0.55,0.3,0,115,0.31731,-0.02101,269,225.240005
2017-01-03,2017-09-29,140.0,call,85.51,85.84,85.68,0.0,0,0,0.01488,1.0,269,225.240005
2017-01-03,2017-09-29,140.0,put,0.65,0.68,0.67,0.36,0,60,0.30755,-0.0255,269,225.240005
2017-01-03,2017-09-29,145.0,call,80.61,80.92,80.77,35.52,0,0,0.01488,1.0,269,225.240005
2017-01-03,2017-09-29,145.0,put,0.79,0.82,0.8,0.44,0,50,0.2978,-0.03077,269,225.240005
2017-01-03,2017-09-29,150.0,call,75.72,76.03,75.88,31.94,0,0,0.01488,1.0,269,225.240005
2017-01-03,2017-09-29,150.0,put,0.95,0.98,0.96,0.5,0,81,0.28804,-0.03694,269,225.240005
2017-01-03,2017-09-29,155.0,call,70.84,71.14,70.99,29.64,0,0,0.01488,1.0,269,225.240005
2017-01-03,2017-09-29,155.0,put,1.13,1.17,1.15,0.92,0,37,0.27829,-0.04417,269,225.240005
2017-01-03,2017-09-29,160.0,call,66.01,66.3,66.16,27.39,0,7,0.18073,0.98964,269,225.240005
2017-01-03,2017-09-29,160.0,put,1.35,1.39,1.37,0.75,0,2,0.27829,-0.05805,269,225.240005
2017-01-03,2017-09-29,165.0,call,61.22,61.5,61.36,31.19,0,548,0.19048,0.97803,269,225.240005
2017-01-03,2017-09-29,165.0,put,1.61,1.66,1.64,1.74,2,82,0.26853,-0.06859,269,225.240005
2017-01-03,2017-09-29,170.0,call,56.47,56.75,56.61,25.66,0,55,0.19048,0.96653,269,225.240005
2017-01-03,2017-09-29,170.0,put,1.93,1.98,1.96,1.11,0,132,0.25877,-0.08083,269,225.240005
2017-01-03,2017-09-29,175.0,call,51.79,52.05,51.92,26.08,0,358,0.19048,0.95103,269,225.240005
2017-01-03,2017-09-29,175.0,put,2.3,2.35,2.33,2.41,1,484,0.24902,-0.09506,269,225.240005
2017-01-03,2017-09-29,180.0,call,47.17,47.39,47.28,22.88,0,10,0.19048,0.93091,269,225.240005
2017-01-03,2017-09-29,180.0,put,2.74,2.8,2.77,1.45,0,621,0.23926,-0.11162,269,225.240005
2017-01-03,2017-09-29,185.0,call,42.63,42.84,42.73,21.63,0,9,0.19048,0.90575,269,225.240005
2017-01-03,2017-09-29,185.0,put,3.25,3.31,3.28,3.45,12,710,0.22951,-0.13091,269,225.240005
2017-01-03,2017-09-29,190.0,call,38.19,38.4,38.3,15.63,0,22,0.18073,0.886,269,225.240005
2017-01-03,2017-09-29,190.0,put,3.85,3.92,3.88,3.96,5,612,0.21975,-0.15339,269,225.240005
2017-01-03,2017-09-29,195.0,call,33.86,34.05,33.95,17.54,0,2,0.18073,0.8504,269,225.240005
2017-01-03,2017-09-29,195.0,put,4.54,4.63,4.58,2.65,0,404,0.21975,-0.18827,269,225.240005
2017-01-03,2017-09-29,200.0,call,29.65,29.85,29.75,14.14,0,189,0.17097,0.82024,269,225.240005
2017-01-03,2017-09-29,200.0,put,5.37,5.45,5.41,5.5,4,317,0.21,-0.21876,269,225.240005
2017-01-03,2017-09-29,205.0,call,25.58,25.75,25.66,12.33,0,5,0.17097,0.77278,269,225.240005
2017-01-03,2017-09-29,205.0,put,6.34,6.42,6.38,3.3,0,223,0.20024,-0.25399,269,225.240005
2017-01-03,2017-09-29,210.0,call,21.68,21.84,21.76,11.44,0,114,0.16122,0.72925,269,225.240005
2017-01-03,2017-09-29,210.0,put,7.46,7.56,7.51,3.65,0,368,0.19048,-0.29462,269,225.240005
2017-01-03,2017-09-29,211.0,call,20.92,21.1,21.01,9.3,0,571,0.16122,0.71777,269,225.240005
2017-01-03,2017-09-29,211.0,put,7.71,7.8,7.75,5.09,0,3,0.19048,-0.30472,269,225.240005
2017-01-03,2017-09-29,212.0,call,20.17,20.35,20.26,8.45,0,82,0.16122,0.70611,269,225.240005
2017-01-03,2017-09-29,212.0,put,7.97,8.06,8.02,4.15,0,93,0.19048,-0.31491,269,225.240005
2017-01-03,2017-09-29,213.0,call,19.43,19.6,19.52,8.37,0,9,0.16122,0.69429,269,225.240005
2017-01-03,2017-09-29,213.0,put,8.23,8.33,8.28,4.18,0,59,0.19048,-0.3252,269,225.240005
2017-01-03,2017-09-29,214.0,call,18.7,18.87,18.79,7.54,0,11,0.15146,0.69009,269,225.240005
2017-01-03,2017-09-29,214.0,put,8.5,8.6,8.55,4.71,0,198,0.18073,-0.33038,269,225.240005
2017-01-03,2017-09-29,215.0,call,17.97,18.12,18.05,17.6,40,16,0.15146,0.67734,269,225.240005
2017-01-03,2017-09-29,215.0,put,8.78,8.89,8.84,8.93,11,462,0.18073,-0.34134,269,225.240005
2017-01-03,2017-09-29,216.0,call,17.25,17.42,17.34,7.4,0,5,0.15146,0.66443,269,225.240005
2017-01-03,2017-09-29,216.0,put,9.08,9.18,9.13,4.46,0,114,0.18073,-0.35238,269,225.240005
2017-01-03,2017-09-29,217.0,call,16.58,16.7,16.64,8.19,0,2,0.15146,0.65138,269,225.240005
2017-01-03,2017-09-29,217.0,put,9.38,9.48,9.43,5.0,0,35,0.18073,-0.36349,269,225.240005
2017-01-03,2017-09-29,218.0,call,15.88,16.01,15.95,8.2,0,890,0.15146,0.63821,269,225.240005
2017-01-03,2017-09-29,218.0,put,9.69,9.79,9.74,10.14,1,142,0.18073,-0.37467,269,225.240005
2017-01-03,2017-09-29,219.0,call,15.2,15.31,15.25,8.01,0,35,0.15146,0.62494,269,225.240005
2017-01-03,2017-09-29,219.0,put,10.01,10.11,10.06,5.19,0,3,0.18073,-0.38591,269,225.240005
2017-01-03,2017-09-29,220.0,call,14.53,14.64,14.59,7.75,0,32,0.15146,0.61159,269,225.240005
2017-01-03,2017-09-29,220.0,put,10.34,10.45,10.39,5.85,0,209,0.17097,-0.39477,269,225.240005
2017-01-03,2017-09-29,221.0,call,13.86,13.97,13.91,7.4,0,33,0.1417,0.60142,269,225.240005
2017-01-03,2017-09-29,221.0,put,10.69,10.79,10.74,10.68,1,7,0.17097,-0.40672,269,225.240005
2017-01-03,2017-09-29,225.0,call,11.33,11.43,11.38,10.98,31,706,0.1417,0.54363,269,225.240005
2017-01-03,2017-09-29,225.0,put,12.17,12.29,12.23,12.2,3,217,0.17097,-0.4547,269,225.240005
2017-01-03,2017-09-29,230.0,call,8.47,8.56,8.52,8.28,481,885,0.13195,0.46611,269,225.240005
2017-01-03,2017-09-29,230.0,put,14.36,14.47,14.41,7.93,0,19,0.16122,-0.51865,269,225.240005
2017-01-03,2017-09-29,235.0,call,6.03,6.11,6.07,5.86,20,192,0.12219,0.37997,269,225.240005
2017-01-03,2017-09-29,235.0,put,16.93,17.06,16.99,8.3,0,11,0.15146,-0.58855,269,225.240005
2017-01-03,2017-09-29,240.0,call,4.05,4.12,4.08,3.93,20,734,0.12219,0.30634,269,225.240005
2017-01-03,2017-09-29,240.0,put,19.95,20.11,20.03,10.34,0,16,0.15146,-0.65015,269,225.240005
2017-01-03,2017-09-29,245.0,call,2.56,2.62,2.59,2.54,7,8030,0.11244,0.2199,269,225.240005
2017-01-03,2017-09-29,245.0,put,23.47,23.65,23.56,12.16,0,9,0.15146,-0.70689,269,225.240005
2017-01-03,2017-09-29,250.0,call,1.54,1.59,1.56,1.03,0,10610,0.10268,0.1392,269,225.240005
2017-01-03,2017-09-29,250.0,put,27.44,27.65,27.55,14.46,0,0,0.15146,-0.75794,269,225.240005
2017-01-03,2017-09-29,255.0,call,0.91,0.95,0.93,0.5,0,2297,0.10268,0.09534,269,225.240005
2017-01-03,2017-09-29,255.0,put,31.75,32.02,31.89,0.0,0,0,0.16122,-0.78591,269,225.240005
2017-01-03,2017-09-29,260.0,call,0.55,0.58,0.56,0.57,450,2032,0.10268,0.06315,269,225.240005
2017-01-03,2017-09-29,260.0,put,36.34,36.64,36.49,21.23,0,2,0.16122,-0.82449,269,225.240005
2017-01-03,2017-09-29,265.0,call,0.34,0.38,0.36,0.38,772,14,0.10268,0.0405,269,225.240005
2017-01-03,2017-09-29,265.0,put,41.1,41.4,41.25,26.65,0,1,0.17097,-0.8416,269,225.240005
2017-01-03,2017-09-29,270.0,call,0.21,0.25,0.23,0.12,0,155,0.10268,0.02517,269,225.240005
2017-01-03,2017-09-29,270.0,put,45.93,46.24,46.09,0.0,0,0,0.18073,-0.85527,269,225.240005
2017-01-03,2017-09-29,275.0,call,0.13,0.17,0.15,0.08,0,402,0.11244,0.02446,269,225.240005
2017-01-03,2017-09-29,275.0,put,50.82,51.13,50.98,0.0,0,0,0.20024,-0.85243,269,225.240005
2017-01-03,2017-09-29,280.0,call,0.09,0.13,0.11,0.06,0,887,0.11244,0.01554,269,225.240005
2017-01-03,2017-09-29,280.0,put,55.73,56.04,55.88,0.0,0,0,0.21,-0.86215,269,225.240005
2017-01-03,2017-09-29,285.0,call,0.05,0.1,0.08,0.02,0,0,0.11244,0.00966,269,225.240005
2017-01-03,2017-09-29,285.0,put,60.65,60.96,60.8,0.0,0,0,0.21975,-0.87019,269,225.240005
2017-01-03,2017-09-29,290.0,call,0.03,0.08,0.06,0.02,0,10,0.12219,0.01044,269,225.240005
2017-01-03,2017-09-29,290.0,put,65.58,65.93,65.75,0.0,0,0,0.22951,-0.87686,269,225.240005
2017-01-03,2017-09-29,295.0,call,0.02,0.06,0.04,0.0,0,0,0.12219,0.00669,269,225.240005
2017-01-03,2017-09-29,295.0,put,70.51,70.86,70.69,42.28,0,10,0.23926,-0.88242,269,225.240005
2017-01-03,2017-09-29,300.0,call,0.01,0.05,0.03,0.0,0,0,0.12219,0.00423,269,225.240005
2017-01-03,2017-09-29,300.0,put,75.45,75.81,75.63,45.01,0,40,0.24902,-0.88707,269,225.240005
2017-01-03,2017-12-15,10.0,call,214.96,215.56,215.26,0.0,0,1,0.01488,1.0,346,225.240005
2017-01-03,2017-12-15,15.0,call,209.93,210.53,210.23,0.0,0,0,0.01488,1.0,346,225.240005
2017-01-03,2017-12-15,20.0,call,204.93,205.53,205.23,0.0,0,0,0.01488,1.0,346,225.240005
2017-01-03,2017-12-15,25.0,call,199.93,200.53,200.23,0.0,0,0,0.01488,1.0,346,225.240005
2017-01-03,2017-12-15,30.0,call,194.95,195.54,195.25,0.0,0,0,0.01488,1.0,346,225.240005
2017-01-03,2017-12-15,35.0,call,189.96,190.54,190.25,0.0,0,0,0.01488,1.0,346,225.240005
2017-01-03,2017-12-15,40.0,call,184.97,185.55,185.26,0.0,0,0,0.01488,1.0,346,225.240005
2017-01-03,2017-12-15,45.0,call,179.98,180.56,180.27,0.0,0,0,0.01488,1.0,346,225.240005
2017-01-03,2017-12-15,50.0,call,175.0,175.57,175.28,0.0,0,0,0.01488,1.0,346,225.240005
2017-01-03,2017-12-15,55.0,call,170.01,170.58,170.3,0.0,0,0,0.01488,1.0,346,225.240005
2017-01-03,2017-12-15,55.0,put,0.01,0.05,0.03,0.03,0,7425,0.50267,-0.00085,346,225.240005
2017-01-03,2017-12-15,60.0,call,165.02,165.59,165.31,0.0,0,0,0.01488,1.0,346,225.240005
2017-01-03,2017-12-15,60.0,put,0.02,0.06,0.04,0.03,0,4890,0.48316,-0.0011,346,225.240005
2017-01-03,2017-12-15,65.0,call,160.04,160.6,160.32,0.0,0,0,0.01488,1.0,346,225.240005
2017-01-03,2017-12-15,65.0,put,0.03,0.07,0.05,0.04,0,5192,0.46365,-0.00138,346,225.240005
2017-01-03,2017-12-15,70.0,call,155.05,155.61,155.33,0.0,0,0,0.01488,1.0,346,225.240005
2017-01-03,2017-12-15,70.0,put,0.04,0.09,0.07,0.04,0,5659,0.45389,-0.00199,346,225.240005
2017-01-03,2017-12-15,75.0,call,150.06,150.62,150.34,0.0,0,0,0.01488,1.0,346,225.240005
2017-01-03,2017-12-15,75.0,put,0.06,0.11,0.08,0.05,0,4286,0.43438,-0.00235,346,225.240005
2017-01-03,2017-12-15,80.0,call,145.08,145.63,145.36,0.0,0,0,0.01488,1.0,346,225.240005
2017-01-03,2017-12-15,80.0,put,0.1,0.13,0.12,0.06,0,4688,0.43438,-0.00375,346,225.240005
2017-01-03,2017-12-15,85.0,call,140.09,140.64,140.37,0.0,0,0,0.01488,1.0,346,225.240005
2017-01-03,2017-12-15,85.0,put,0.11,0.15,0.13,0.08,0,4517,0.41487,-0.00427,346,225.240005
2017-01-03,2017-12-15,90.0,call,135.11,135.65,135.38,0.0,0,0,0.01488,1.0,346,225.240005
2017-01-03,2017-12-15,90.0,put,0.15,0.19,0.17,0.1,0,3654,0.40511,-0.00556,346,225.240005
2017-01-03,2017-12-15,95.0,call,130.12,130.67,130.39,65.91,0,1,0.01488,1.0,346,225.240005
2017-01-03,2017-12-15,95.0,put,0.19,0.22,0.21,0.21,4,5020,0.39536,-0.00711,346,225.240005
2017-01-03,2017-12-15,100.0,call,125.14,125.68,125.41,125.13,7,65,0.01488,1.0,346,225.240005
2017-01-03,2017-12-15,100.0,put,0.23,0.27,0.25,0.15,0,14906,0.37584,-0.00778,346,225.240005
2017-01-03,2017-12-15,105.0,call,120.16,120.7,120.43,60.05,0,3,0.01488,1.0,346,225.240005
2017-01-03,2017-12-15,105.0,put,0.28,0.32,0.3,0.17,0,4188,0.36609,-0.00972,346,225.240005
2017-01-03,2017-12-15,110.0,call,115.19,115.71,115.45,57.55,0,9,0.01488,1.0,346,225.240005
2017-01-03,2017-12-15,110.0,put,0.34,0.4,0.37,0.4,7,11724,0.35633,-0.012,346,225.240005
2017-01-03,2017-12-15,115.0,call,110.21,110.74,110.47,0.0,0,0,0.01488,1.0,346,225.240005
2017-01-03,2017-12-15,115.0,put,0.42,0.47,0.44,0.27,0,1936,0.34658,-0.01465,346,225.240005
2017-01-03,2017-12-15,120.0,call,105.27,105.76,105.52,104.7,20,164,0.01488,1.0,346,225.240005
2017-01-03,2017-12-15,120.0,put,0.51,0.56,0.54,0.55,1,4935,0.33682,-0.01773,346,225.240005
2017-01-03,2017-12-15,125.0,call,100.31,100.8,100.56,50.96,0,84,0.01488,1.0,346,225.240005
2017-01-03,2017-12-15,125.0,put,0.61,0.66,0.64,0.64,3,7962,0.32707,-0.02128,346,225.240005
2017-01-03,2017-12-15,130.0,call,95.37,95.84,95.61,47.64,0,288,0.01488,1.0,346,225.240005
2017-01-03,2017-12-15,130.0,put,0.73,0.78,0.76,0.77,38,3900,0.31731,-0.02536,346,225.240005
2017-01-03,2017-12-15,135.0,call,90.44,90.91,90.67,45.15,0,13,0.01488,1.0,346,225.240005
2017-01-03,2017-12-15,135.0,put,0.88,0.93,0.91,0.91,19,7036,0.30755,-0.03005,346,225.240005
2017-01-03,2017-12-15,140.0,call,85.53,86.0,85.77,43.43,0,89,0.01488,1.0,346,225.240005
2017-01-03,2017-12-15,140.0,put,1.04,1.09,1.06,1.07,23,6054,0.2978,-0.03541,346,225.240005
2017-01-03,2017-12-15,145.0,call,80.65,81.11,80.88,41.0,0,24,0.01488,1.0,346,225.240005
2017-01-03,2017-12-15,145.0,put,1.24,1.29,1.27,1.33,69,5761,0.28804,-0.04155,346,225.240005
2017-01-03,2017-12-15,150.0,call,75.81,76.25,76.03,37.0,0,224,0.01488,1.0,346,225.240005
2017-01-03,2017-12-15,150.0,put,1.46,1.52,1.49,1.57,2,12662,0.28804,-0.05347,346,225.240005
2017-01-03,2017-12-15,155.0,call,71.0,71.43,71.22,35.63,0,186,0.13195,0.99875,346,225.240005
2017-01-03,2017-12-15,155.0,put,1.73,1.79,1.76,1.84,16,4740,0.27829,-0.06203,346,225.240005
2017-01-03,2017-12-15,160.0,call,66.22,66.65,66.44,32.3,0,866,0.17097,0.9852,346,225.240005
2017-01-03,2017-12-15,160.0,put,2.03,2.1,2.06,1.15,0,9393,0.26853,-0.07177,346,225.240005
2017-01-03,2017-12-15,165.0,call,61.52,61.93,61.73,61.28,1,352,0.18073,0.97077,346,225.240005
2017-01-03,2017-12-15,165.0,put,2.39,2.45,2.42,2.5,38,13196,0.25877,-0.08286,346,225.240005
2017-01-03,2017-12-15,170.0,call,56.88,57.22,57.05,56.84,20,2313,0.18073,0.95752,346,225.240005
2017-01-03,2017-12-15,170.0,put,2.81,2.88,2.84,2.9,27,8175,0.24902,-0.09551,346,225.240005
2017-01-03,2017-12-15,175.0,call,52.3,52.64,52.47,26.5,0,1077,0.18073,0.94036,346,225.240005
2017-01-03,2017-12-15,175.0,put,3.29,3.37,3.33,3.41,14,15228,0.24902,-0.11742,346,225.240005
2017-01-03,2017-12-15,180.0,call,47.81,48.14,47.98,23.46,0,1779,0.18073,0.9189,346,225.240005
2017-01-03,2017-12-15,180.0,put,3.85,3.93,3.89,3.95,10,13061,0.23926,-0.13441,346,225.240005
2017-01-03,2017-12-15,185.0,call,43.42,43.7,43.56,22.38,0,6291,0.18073,0.89289,346,225.240005
2017-01-03,2017-12-15,185.0,put,4.54,4.58,4.56,4.72,7,17162,0.22951,-0.15375,346,225.240005
2017-01-03,2017-12-15,190.0,call,39.12,39.41,39.27,39.5,20,7769,0.18073,0.86225,346,225.240005
2017-01-03,2017-12-15,190.0,put,5.24,5.32,5.28,5.52,13,14800,0.21975,-0.17581,346,225.240005
2017-01-03,2017-12-15,195.0,call,34.93,35.21,35.07,35.42,13,6826,0.17097,0.83815,346,225.240005
2017-01-03,2017-12-15,195.0,put,6.08,6.18,6.13,6.39,25,19760,0.21975,-0.20896,346,225.240005
2017-01-03,2017-12-15,200.0,call,30.87,31.14,31.01,30.88,37,8120,0.17097,0.79808,346,225.240005
2017-01-03,2017-12-15,200.0,put,7.04,7.15,7.1,7.16,514,32681,0.21,-0.23758,346,225.240005
2017-01-03,2017-12-15,205.0,call,26.96,27.22,27.09,26.77,1,4506,0.16122,0.76368,346,225.240005
2017-01-03,2017-12-15,205.0,put,8.14,8.26,8.2,8.44,214,21185,0.20024,-0.27009,346,225.240005
2017-01-03,2017-12-15,210.0,call,23.21,23.45,23.33,22.77,15,50677,0.16122,0.71385,346,225.240005
2017-01-03,2017-12-15,210.0,put,9.42,9.53,9.47,9.59,2085,16993,0.20024,-0.31245,346,225.240005
2017-01-03,2017-12-15,211.0,call,22.48,22.73,22.61,9.83,0,253,0.16122,0.70347,346,225.240005
2017-01-03,2017-12-15,211.0,put,9.67,9.81,9.74,9.77,1,300,0.19048,-0.31611,346,225.240005
2017-01-03,2017-12-15,212.0,call,21.77,22.0,21.88,11.34,0,154,0.16122,0.69297,346,225.240005
2017-01-03,2017-12-15,212.0,put,9.97,10.09,10.03,10.24,1,858,0.19048,-0.32523,346,225.240005
2017-01-03,2017-12-15,213.0,call,21.05,21.29,21.17,11.31,0,260,0.16122,0.68236,346,225.240005
2017-01-03,2017-12-15,213.0,put,10.26,10.38,10.32,10.33,1,173,0.19048,-0.33442,346,225.240005
2017-01-03,2017-12-15,214.0,call,20.34,20.58,20.46,19.8,452,349,0.15146,0.67842,346,225.240005
2017-01-03,2017-12-15,214.0,put,10.53,10.67,10.6,10.84,1,1094,0.19048,-0.34366,346,225.240005
2017-01-03,2017-12-15,215.0,call,19.66,19.88,19.77,19.05,14,9430,0.15146,0.66701,346,225.240005
2017-01-03,2017-12-15,215.0,put,10.87,10.99,10.93,11.22,23,34492,0.19048,-0.35296,346,225.240005
2017-01-03,2017-12-15,216.0,call,18.96,19.19,19.08,10.16,0,61,0.15146,0.6555,346,225.240005
2017-01-03,2017-12-15,216.0,put,11.18,11.32,11.25,11.8,101,311,0.19048,-0.3623,346,225.240005
2017-01-03,2017-12-15,217.0,call,18.3,18.45,18.38,9.34,0,106,0.15146,0.6439,346,225.240005
2017-01-03,2017-12-15,217.0,put,11.5,11.62,11.56,11.7,1,97,0.19048,-0.37168,346,225.240005
2017-01-03,2017-12-15,218.0,call,17.63,17.77,17.7,8.43,0,113,0.15146,0.63221,346,225.240005
2017-01-03,2017-12-15,218.0,put,11.82,11.96,11.89,12.15,1,153,0.18073,-0.37858,346,225.240005
2017-01-03,2017-12-15,219.0,call,16.98,17.13,17.05,9.03,0,8244,0.15146,0.62046,346,225.240005
2017-01-03,2017-12-15,219.0,put,12.18,12.31,12.25,12.49,1,434,0.18073,-0.38851,346,225.240005
2017-01-03,2017-12-15,220.0,call,16.33,16.48,16.41,15.77,1,10611,0.15146,0.60864,346,225.240005
2017-01-03,2017-12-15,220.0,put,12.52,12.65,12.59,12.95,21,2745,0.18073,-0.39847,346,225.240005
2017-01-03,2017-12-15,221.0,call,15.67,15.83,15.75,7.46,0,550,0.15146,0.59678,346,225.240005
2017-01-03,2017-12-15,221.0,put,12.86,13.01,12.93,12.98,1,197,0.18073,-0.40845,346,225.240005
2017-01-03,2017-12-15,222.0,call,15.03,15.19,15.11,7.09,0,3085,0.1417,0.58681,346,225.240005
2017-01-03,2017-12-15,222.0,put,13.26,13.39,13.32,13.77,12,34,0.18073,-0.41844,346,225.240005
2017-01-03,2017-12-15,223.0,call,14.41,14.57,14.49,14.1,7,114,0.1417,0.57408,346,225.240005
2017-01-03,2017-12-15,223.0,put,13.63,13.78,13.71,14.15,10,183,0.18073,-0.42844,346,225.240005
2017-01-03,2017-12-15,224.0,call,13.8,13.97,13.89,13.37,56,211,0.1417,0.56133,346,225.240005
2017-01-03,2017-12-15,224.0,put,14.0,14.16,14.08,7.78,0,132,0.18073,-0.43845,346,225.240005
2017-01-03,2017-12-15,225.0,call,13.21,13.37,13.29,13.07,79,10033,0.1417,0.54857,346,225.240005
2017-01-03,2017-12-15,225.0,put,14.41,14.56,14.48,14.62,36,16141,0.17097,-0.44938,346,225.240005
2017-01-03,2017-12-15,226.0,call,12.61,12.77,12.69,12.08,213,4279,0.1417,0.53582,346,225.240005
2017-01-03,2017-12-15,226.0,put,14.84,14.97,14.91,7.46,0,247,0.17097,-0.45994,346,225.240005
2017-01-03,2017-12-15,227.0,call,12.03,12.18,12.11,11.55,11,216,0.1417,0.52309,346,225.240005
2017-01-03,2017-12-15,227.0,put,15.26,15.41,15.34,7.69,0,25,0.17097,-0.47048,346,225.240005
2017-01-03,2017-12-15,228.0,call,11.48,11.62,11.55,11.0,16,4920,0.1417,0.51039,346,225.240005
2017-01-03,2017-12-15,228.0,put,15.7,15.84,15.77,8.23,0,183,0.17097,-0.481,346,225.240005
2017-01-03,2017-12-15,229.0,call,10.92,11.07,11.0,11.02,1,1033,0.1417,0.49774,346,225.240005
2017-01-03,2017-12-15,229.0,put,16.15,16.3,16.23,7.98,0,75,0.17097,-0.49148,346,225.240005
2017-01-03,2017-12-15,230.0,call,10.38,10.53,10.46,10.0,10,8344,0.13195,0.48012,346,225.240005
2017-01-03,2017-12-15,230.0,put,16.61,16.77,16.69,16.75,38,2882,0.17097,-0.50192,346,225.240005
2017-01-03,2017-12-15,231.0,call,9.85,9.98,9.91,9.54,957,560,0.13195,0.46668,346,225.240005
2017-01-03,2017-12-15,231.0,put,17.08,17.25,17.16,8.69,0,270,0.17097,-0.51232,346,225.240005
2017-01-03,2017-12-15,232.0,call,9.34,9.47,9.41,9.01,212,1233,0.13195,0.45333,346,225.240005
2017-01-03,2017-12-15,232.0,put,17.58,17.73,17.66,18.16,18,293,0.17097,-0.52266,346,225.240005
2017-01-03,2017-12-15,233.0,call,8.84,8.98,8.91,8.94,1,253,0.13195,0.4401,346,225.240005
2017-01-03,2017-12-15,233.0,put,18.08,18.27,18.17,18.67,20,52,0.17097,-0.53294,346,225.240005
2017-01-03,2017-12-15,234.0,call,8.36,8.5,8.43,8.47,125,1020,0.13195,0.42698,346,225.240005
2017-01-03,2017-12-15,234.0,put,18.59,18.79,18.69,0.0,0,0,0.17097,-0.54316,346,225.240005
2017-01-03,2017-12-15,235.0,call,7.88,8.01,7.95,7.8,330,5081,0.13195,0.414,346,225.240005
2017-01-03,2017-12-15,235.0,put,19.12,19.32,19.22,19.48,1,332,0.16122,-0.56037,346,225.240005
2017-01-03,2017-12-15,236.0,call,7.42,7.55,7.48,7.54,125,847,0.13195,0.40117,346,225.240005
2017-01-03,2017-12-15,236.0,put,19.67,19.87,19.77,10.45,0,24,0.16122,-0.57101,346,225.240005
2017-01-03,2017-12-15,237.0,call,6.99,7.12,7.05,6.92,101,168,0.13195,0.3885,346,225.240005
2017-01-03,2017-12-15,237.0,put,20.23,20.43,20.33,12.53,0,18,0.16122,-0.58156,346,225.240005
2017-01-03,2017-12-15,238.0,call,6.57,6.7,6.63,6.64,1,92,0.13195,0.376,346,225.240005
2017-01-03,2017-12-15,238.0,put,20.79,21.01,20.9,11.93,0,97,0.16122,-0.59201,346,225.240005
2017-01-03,2017-12-15,239.0,call,6.15,6.27,6.21,6.25,1,74,0.12219,0.34962,346,225.240005
2017-01-03,2017-12-15,239.0,put,21.38,21.61,21.49,11.35,0,63,0.16122,-0.60235,346,225.240005
2017-01-03,2017-12-15,240.0,call,5.76,5.88,5.82,5.79,7590,5881,0.12219,0.33672,346,225.240005
2017-01-03,2017-12-15,240.0,put,21.99,22.22,22.1,22.09,7545,397,0.16122,-0.61257,346,225.240005
2017-01-03,2017-12-15,245.0,call,4.05,4.15,4.1,3.95,55,13064,0.12219,0.276,346,225.240005
2017-01-03,2017-12-15,245.0,put,25.25,25.5,25.38,12.3,0,85,0.16122,-0.66181,346,225.240005
2017-01-03,2017-12-15,250.0,call,2.71,2.82,2.76,2.59,50,6633,0.11244,0.20022,346,225.240005
2017-01-03,2017-12-15,250.0,put,28.91,29.2,29.05,14.29,0,317,0.16122,-0.7075,346,225.240005
2017-01-03,2017-12-15,255.0,call,1.77,1.84,1.81,1.75,1249,3819,0.11244,0.15346,346,225.240005
2017-01-03,2017-12-15,255.0,put,32.9,33.26,33.08,16.0,0,100,0.16122,-0.74929,346,225.240005
2017-01-03,2017-12-15,260.0,call,1.14,1.21,1.17,1.26,950,5153,0.11244,0.11524,346,225.240005
2017-01-03,2017-12-15,260.0,put,37.23,37.62,37.42,19.78,0,326,0.16122,-0.78698,346,225.240005
2017-01-03,2017-12-15,265.0,call,0.74,0.8,0.77,0.4,0,6304,0.11244,0.08486,346,225.240005
2017-01-03,2017-12-15,265.0,put,41.77,42.2,41.98,23.78,0,2,0.17097,-0.80394,346,225.240005
2017-01-03,2017-12-15,270.0,call,0.49,0.54,0.52,0.28,0,4423,0.11244,0.06131,346,225.240005
2017-01-03,2017-12-15,270.0,put,46.47,46.9,46.69,23.88,0,687,0.18073,-0.81768,346,225.240005
2017-01-03,2017-12-15,275.0,call,0.33,0.37,0.35,0.22,0,4981,0.11244,0.0435,346,225.240005
2017-01-03,2017-12-15,275.0,put,51.25,51.69,51.47,32.21,0,85,0.19048,-0.82889,346,225.240005
2017-01-03,2017-12-15,280.0,call,0.22,0.28,0.25,0.13,0,589,0.11244,0.03032,346,225.240005
2017-01-03,2017-12-15,280.0,put,56.08,56.54,56.31,57.39,1,201,0.20024,-0.8381,346,225.240005
2017-01-03,2017-12-15,285.0,call,0.15,0.21,0.18,0.12,0,815,0.11244,0.02079,346,225.240005
2017-01-03,2017-12-15,285.0,put,60.94,61.41,61.17,30.56,0,9,0.21,-0.84569,346,225.240005
2017-01-03,2017-12-15,290.0,call,0.11,0.16,0.14,0.1,0,1035,0.11244,0.01402,346,225.240005
2017-01-03,2017-12-15,290.0,put,65.84,66.31,66.08,32.72,0,46,0.21975,-0.85197,346,225.240005
2017-01-03,2017-12-15,295.0,call,0.07,0.13,0.1,0.06,0,407,0.11244,0.00932,346,225.240005
2017-01-03,2017-12-15,295.0,put,70.74,71.22,70.98,35.43,0,1079,0.21975,-0.86967,346,225.240005
2017-01-03,2017-12-15,300.0,call,0.05,0.11,0.08,0.05,0,4071,0.12219,0.01081,346,225.240005
2017-01-03,2017-12-15,300.0,put,75.65,76.13,75.89,38.1,0,124,0.22951,-0.87347,346,225.240005
2017-01-03,2017-12-15,305.0,call,0.03,0.09,0.06,0.06,0,2406,0.12219,0.00742,346,225.240005
2017-01-03,2017-12-15,305.0,put,80.56,81.07,80.81,81.76,54,514,0.23926,-0.87657,346,225.240005
2017-01-03,2017-12-15,310.0,call,0.02,0.08,0.05,0.05,0,2417,0.12219,0.00505,346,225.240005
2017-01-03,2017-12-15,310.0,put,85.49,86.0,85.75,86.77,34,316,0.24902,-0.87907,346,225.240005
2017-01-03,2017-12-15,315.0,call,0.01,0.07,0.04,0.05,0,1175,0.13195,0.00625,346,225.240005
2017-01-03,2017-12-15,315.0,put,90.42,90.93,90.68,91.59,67,2776,0.25877,-0.88109,346,225.240005
2017-01-03,2017-12-15,320.0,call,0.01,0.06,0.03,0.04,0,2550,0.13195,0.00439,346,225.240005
2017-01-03,2017-12-15,320.0,put,95.34,95.86,95.6,96.75,289,3522,0.26853,-0.88267,346,225.240005
2017-01-03,2017-12-15,325.0,put,100.27,100.79,100.53,101.91,160,1331,0.26853,-0.89394,346,225.240005
2017-01-03,2017-12-15,330.0,put,105.2,105.73,105.47,52.83,0,1027,0.27829,-0.89454,346,225.240005
2017-01-03,2017-12-29,155.0,call,71.0,71.45,71.22,0.0,0,0,0.01488,1.0,360,225.240005
2017-01-03,2017-12-29,155.0,put,1.81,1.88,1.84,1.91,1,0,0.26853,-0.05948,360,225.240005
2017-01-03,2017-12-29,160.0,call,66.26,66.68,66.47,0.0,0,0,0.16122,0.98799,360,225.240005
2017-01-03,2017-12-29,160.0,put,2.13,2.21,2.17,0.0,0,0,0.26853,-0.07491,360,225.240005
2017-01-03,2017-12-29,165.0,call,61.55,61.97,61.76,0.0,0,0,0.17097,0.97478,360,225.240005
2017-01-03,2017-12-29,165.0,put,2.49,2.58,2.54,0.0,0,0,0.25877,-0.08615,360,225.240005
2017-01-03,2017-12-29,170.0,call,56.92,57.32,57.12,0.0,0,0,0.18073,0.95483,360,225.240005
2017-01-03,2017-12-29,170.0,put,2.93,3.02,2.98,0.0,0,0,0.24902,-0.09892,360,225.240005
2017-01-03,2017-12-29,175.0,call,52.36,52.68,52.52,0.0,0,0,0.18073,0.93726,360,225.240005
2017-01-03,2017-12-29,175.0,put,3.42,3.52,3.47,0.0,0,0,0.23926,-0.11346,360,225.240005
2017-01-03,2017-12-29,180.0,call,47.88,48.21,48.05,0.0,0,0,0.18073,0.91546,360,225.240005
2017-01-03,2017-12-29,180.0,put,4.0,4.1,4.05,0.0,0,0,0.23926,-0.13791,360,225.240005
2017-01-03,2017-12-29,181.0,call,46.99,47.32,47.16,46.22,75,0,0.18073,0.91058,360,225.240005
2017-01-03,2017-12-29,181.0,put,4.12,4.23,4.18,0.0,0,0,0.23926,-0.14311,360,225.240005
2017-01-03,2017-12-29,182.0,call,46.11,46.44,46.27,0.0,0,0,0.18073,0.90551,360,225.240005
2017-01-03,2017-12-29,182.0,put,4.25,4.36,4.3,0.0,0,0,0.22951,-0.14058,360,225.240005
2017-01-03,2017-12-29,183.0,call,45.24,45.56,45.4,0.0,0,0,0.18073,0.90027,360,225.240005
2017-01-03,2017-12-29,183.0,put,4.38,4.49,4.44,0.0,0,0,0.22951,-0.14601,360,225.240005
2017-01-03,2017-12-29,184.0,call,44.36,44.68,44.52,0.0,0,0,0.18073,0.89485,360,225.240005
2017-01-03,2017-12-29,184.0,put,4.51,4.63,4.57,0.0,0,0,0.22951,-0.15156,360,225.240005
2017-01-03,2017-12-29,185.0,call,43.5,43.85,43.67,0.0,0,0,0.18073,0.88925,360,225.240005
2017-01-03,2017-12-29,185.0,put,4.65,4.77,4.71,0.0,0,0,0.22951,-0.15721,360,225.240005
2017-01-03,2017-12-29,186.0,call,42.63,42.94,42.78,0.0,0,0,0.18073,0.88347,360,225.240005
2017-01-03,2017-12-29,186.0,put,4.8,4.91,4.86,5.02,18,0,0.22951,-0.16296,360,225.240005
2017-01-03,2017-12-29,187.0,call,41.77,42.12,41.95,0.0,0,0,0.18073,0.87751,360,225.240005
2017-01-03,2017-12-29,187.0,put,4.94,5.06,5.0,0.0,0,0,0.22951,-0.16882,360,225.240005
2017-01-03,2017-12-29,188.0,call,40.92,41.22,41.07,41.16,75,0,0.18073,0.87137,360,225.240005
2017-01-03,2017-12-29,188.0,put,5.09,5.21,5.15,0.0,0,0,0.22951,-0.17479,360,225.240005
2017-01-03,2017-12-29,189.0,call,40.06,40.37,40.22,40.11,150,0,0.17097,0.87623,360,225.240005
2017-01-03,2017-12-29,189.0,put,5.25,5.37,5.31,0.0,0,0,0.21975,-0.17291,360,225.240005
2017-01-03,2017-12-29,190.0,call,39.22,39.52,39.37,0.0,0,0,0.17097,0.86976,360,225.240005
2017-01-03,2017-12-29,190.0,put,5.41,5.53,5.47,0.0,0,0,0.21975,-0.17916,360,225.240005
2017-01-03,2017-12-29,191.0,call,38.38,38.67,38.53,0.0,0,0,0.17097,0.8631,360,225.240005
2017-01-03,2017-12-29,191.0,put,5.57,5.69,5.63,0.0,0,0,0.21975,-0.18553,360,225.240005
2017-01-03,2017-12-29,192.0,call,37.54,37.83,37.69,0.0,0,0,0.17097,0.85625,360,225.240005
2017-01-03,2017-12-29,192.0,put,5.74,5.86,5.8,0.0,0,0,0.21975,-0.19199,360,225.240005
2017-01-03,2017-12-29,193.0,call,36.7,37.0,36.85,0.0,0,0,0.17097,0.8492,360,225.240005
2017-01-03,2017-12-29,193.0,put,5.91,6.03,5.97,0.0,0,0,0.21975,-0.19856,360,225.240005
2017-01-03,2017-12-29,194.0,call,35.88,36.17,36.03,35.93,11,0,0.17097,0.84197,360,225.240005
2017-01-03,2017-12-29,194.0,put,6.09,6.21,6.15,0.0,0,0,0.21975,-0.20523,360,225.240005
2017-01-03,2017-12-29,195.0,call,35.05,35.34,35.2,35.28,39,0,0.17097,0.83455,360,225.240005
2017-01-03,2017-12-29,195.0,put,6.27,6.4,6.33,0.0,0,0,0.21975,-0.21199,360,225.240005
2017-01-03,2017-12-29,196.0,call,34.24,34.52,34.38,34.34,2,0,0.17097,0.82695,360,225.240005
2017-01-03,2017-12-29,196.0,put,6.46,6.58,6.52,0.0,0,0,0.21,-0.21121,360,225.240005
2017-01-03,2017-12-29,197.0,call,33.42,33.67,33.55,0.0,0,0,0.17097,0.81917,360,225.240005
2017-01-03,2017-12-29,197.0,put,6.66,6.78,6.72,0.0,0,0,0.21,-0.21833,360,225.240005
2017-01-03,2017-12-29,198.0,call,32.62,32.89,32.75,0.0,0,0,0.17097,0.81121,360,225.240005
2017-01-03,2017-12-29,198.0,put,6.86,6.98,6.92,0.0,0,0,0.21,-0.22556,360,225.240005
2017-01-03,2017-12-29,199.0,call,31.81,32.08,31.95,0.0,0,0,0.17097,0.80309,360,225.240005
2017-01-03,2017-12-29,199.0,put,7.05,7.18,7.12,0.0,0,0,0.21,-0.23288,360,225.240005
2017-01-03,2017-12-29,200.0,call,31.02,31.28,31.15,30.34,15,0,0.17097,0.7948,360,225.240005
2017-01-03,2017-12-29,200.0,put,7.27,7.39,7.33,7.5,7,0,0.21,-0.24029,360,225.240005
2017-01-03,2017-12-29,201.0,call,30.23,30.49,30.36,0.0,0,0,0.17097,0.78635,360,225.240005
2017-01-03,2017-12-29,201.0,put,7.47,7.6,7.54,0.0,0,0,0.21,-0.24779,360,225.240005
2017-01-03,2017-12-29,202.0,call,29.44,29.71,29.58,0.0,0,0,0.17097,0.77774,360,225.240005
2017-01-03,2017-12-29,202.0,put,7.7,7.83,7.77,7.91,30,0,0.21,-0.25538,360,225.240005
2017-01-03,2017-12-29,203.0,call,28.67,28.92,28.8,0.0,0,0,0.16122,0.77936,360,225.240005
2017-01-03,2017-12-29,203.0,put,7.93,8.05,7.99,0.0,0,0,0.20024,-0.25625,360,225.240005
2017-01-03,2017-12-29,204.0,call,27.89,28.15,28.02,0.0,0,0,0.16122,0.77015,360,225.240005
2017-01-03,2017-12-29,204.0,put,8.16,8.28,8.22,0.0,0,0,0.20024,-0.26427,360,225.240005
2017-01-03,2017-12-29,205.0,call,27.13,27.38,27.25,0.0,0,0,0.16122,0.76077,360,225.240005
2017-01-03,2017-12-29,205.0,put,8.38,8.52,8.45,0.0,0,0,0.20024,-0.27238,360,225.240005
2017-01-03,2017-12-29,206.0,call,26.37,26.62,26.5,0.0,0,0,0.16122,0.75124,360,225.240005
2017-01-03,2017-12-29,206.0,put,8.63,8.77,8.7,0.0,0,0,0.20024,-0.28056,360,225.240005
2017-01-03,2017-12-29,207.0,call,25.61,25.86,25.73,0.0,0,0,0.16122,0.74156,360,225.240005
2017-01-03,2017-12-29,207.0,put,8.89,9.02,8.96,0.0,0,0,0.20024,-0.28883,360,225.240005
2017-01-03,2017-12-29,208.0,call,24.86,25.11,24.98,0.0,0,0,0.16122,0.73173,360,225.240005
2017-01-03,2017-12-29,208.0,put,9.13,9.28,9.21,0.0,0,0,0.20024,-0.29716,360,225.240005
2017-01-03,2017-12-29,209.0,call,24.13,24.38,24.25,0.0,0,0,0.16122,0.72177,360,225.240005
2017-01-03,2017-12-29,209.0,put,9.39,9.54,9.46,0.0,0,0,0.20024,-0.30556,360,225.240005
2017-01-03,2017-12-29,210.0,call,23.4,23.63,23.52,0.0,0,0,0.16122,0.71168,360,225.240005
2017-01-03,2017-12-29,210.0,put,9.66,9.82,9.74,10.0,1,0,0.19048,-0.30877,360,225.240005
2017-01-03,2017-12-29,211.0,call,22.67,22.91,22.79,0.0,0,0,0.16122,0.70146,360,225.240005
2017-01-03,2017-12-29,211.0,put,9.95,10.1,10.02,10.23,1,0,0.19048,-0.31767,360,225.240005
2017-01-03,2017-12-29,212.0,call,21.95,22.19,22.07,0.0,0,0,0.16122,0.69114,360,225.240005
2017-01-03,2017-12-29,212.0,put,10.24,10.38,10.31,0.0,0,0,0.19048,-0.32663,360,225.240005
2017-01-03,2017-12-29,213.0,call,21.25,21.48,21.37,0.0,0,0,0.15146,0.68791,360,225.240005
2017-01-03,2017-12-29,213.0,put,10.54,10.68,10.61,0.0,0,0,0.19048,-0.33565,360,225.240005
2017-01-03,2017-12-29,214.0,call,20.55,20.78,20.66,0.0,0,0,0.15146,0.67681,360,225.240005
2017-01-03,2017-12-29,214.0,put,10.84,10.98,10.91,0.0,0,0,0.19048,-0.34473,360,225.240005
2017-01-03,2017-12-29,215.0,call,19.86,20.08,19.97,19.2,5,0,0.15146,0.66561,360,225.240005
2017-01-03,2017-12-29,215.0,put,11.14,11.29,11.21,11.8,4,0,0.19048,-0.35385,360,225.240005
2017-01-03,2017-12-29,216.0,call,19.16,19.39,19.27,18.77,38,0,0.15146,0.6543,360,225.240005
2017-01-03,2017-12-29,216.0,put,11.46,11.61,11.54,0.0,0,0,0.19048,-0.36301,360,225.240005
2017-01-03,2017-12-29,217.0,call,18.52,18.71,18.62,0.0,0,0,0.15146,0.64291,360,225.240005
2017-01-03,2017-12-29,217.0,put,11.79,11.94,11.86,0.0,0,0,0.19048,-0.37221,360,225.240005
2017-01-03,2017-12-29,218.0,call,17.85,18.04,17.95,0.0,0,0,0.15146,0.63145,360,225.240005
2017-01-03,2017-12-29,218.0,put,12.12,12.28,12.2,0.0,0,0,0.18073,-0.37903,360,225.240005
2017-01-03,2017-12-29,219.0,call,17.19,17.38,17.29,0.0,0,0,0.15146,0.61992,360,225.240005
2017-01-03,2017-12-29,219.0,put,12.47,12.62,12.54,0.0,0,0,0.18073,-0.38876,360,225.240005
2017-01-03,2017-12-29,220.0,call,16.55,16.73,16.64,0.0,0,0,0.15146,0.60833,360,225.240005
2017-01-03,2017-12-29,220.0,put,12.8,12.97,12.89,13.07,1,0,0.18073,-0.39853,360,225.240005
2017-01-03,2017-12-29,221.0,call,15.9,16.08,15.99,0.0,0,0,0.15146,0.5967,360,225.240005
2017-01-03,2017-12-29,221.0,put,13.19,13.34,13.27,0.0,0,0,0.18073,-0.40831,360,225.240005
2017-01-03,2017-12-29,222.0,call,15.27,15.45,15.36,0.0,0,0,0.1417,0.5869,360,225.240005
2017-01-03,2017-12-29,222.0,put,13.56,13.71,13.64,13.82,1,0,0.18073,-0.41811,360,225.240005
2017-01-03,2017-12-29,223.0,call,14.65,14.81,14.73,0.0,0,0,0.1417,0.57442,360,225.240005
2017-01-03,2017-12-29,223.0,put,13.92,14.1,14.01,0.0,0,0,0.18073,-0.42791,360,225.240005
2017-01-03,2017-12-29,224.0,call,14.03,14.2,14.11,0.0,0,0,0.1417,0.56192,360,225.240005
2017-01-03,2017-12-29,224.0,put,14.33,14.49,14.41,0.0,0,0,0.18073,-0.43771,360,225.240005
2017-01-03,2017-12-29,225.0,call,13.44,13.6,13.52,13.52,8,0,0.1417,0.54942,360,225.240005
2017-01-03,2017-12-29,225.0,put,14.74,14.9,14.82,15.22,12,0,0.18073,-0.44751,360,225.240005
2017-01-03,2017-12-29,226.0,call,12.85,13.01,12.93,0.0,0,0,0.1417,0.53692,360,225.240005
2017-01-03,2017-12-29,226.0,put,15.15,15.32,15.23,0.0,0,0,0.17097,-0.45882,360,225.240005
2017-01-03,2017-12-29,227.0,call,12.27,12.43,12.35,0.0,0,0,0.1417,0.52445,360,225.240005
2017-01-03,2017-12-29,227.0,put,15.58,15.75,15.66,0.0,0,0,0.17097,-0.46915,360,225.240005
2017-01-03,2017-12-29,228.0,call,11.71,11.89,11.8,0.0,0,0,0.1417,0.512,360,225.240005
2017-01-03,2017-12-29,228.0,put,16.01,16.19,16.1,0.0,0,0,0.17097,-0.47946,360,225.240005
2017-01-03,2017-12-29,229.0,call,11.16,11.31,11.23,0.0,0,0,0.1417,0.49959,360,225.240005
2017-01-03,2017-12-29,229.0,put,16.46,16.64,16.55,0.0,0,0,0.17097,-0.48973,360,225.240005
2017-01-03,2017-12-29,230.0,call,10.61,10.77,10.69,0.0,0,0,0.13195,0.4823,360,225.240005
2017-01-03,2017-12-29,230.0,put,16.92,17.1,17.01,0.0,0,0,0.17097,-0.49997,360,225.240005
2017-01-03,2017-12-29,231.0,call,10.08,10.25,10.16,0.0,0,0,0.13195,0.46911,360,225.240005
2017-01-03,2017-12-29,231.0,put,17.4,17.58,17.49,0.0,0,0,0.17097,-0.51016,360,225.240005
2017-01-03,2017-12-29,232.0,call,9.57,9.73,9.65,0.0,0,0,0.13195,0.45602,360,225.240005
2017-01-03,2017-12-29,232.0,put,17.89,18.07,17.98,0.0,0,0,0.17097,-0.5203,360,225.240005
2017-01-03,2017-12-29,233.0,call,9.08,9.24,9.16,0.0,0,0,0.13195,0.44303,360,225.240005
2017-01-03,2017-12-29,233.0,put,18.39,18.57,18.48,0.0,0,0,0.17097,-0.53039,360,225.240005
2017-01-03,2017-12-29,234.0,call,8.59,8.75,8.67,0.0,0,0,0.13195,0.43016,360,225.240005
2017-01-03,2017-12-29,234.0,put,18.89,19.09,18.99,0.0,0,0,0.17097,-0.54041,360,225.240005
2017-01-03,2017-12-29,235.0,call,8.12,8.26,8.19,0.0,0,0,0.13195,0.41742,360,225.240005
2017-01-03,2017-12-29,235.0,put,19.42,19.62,19.52,0.0,0,0,0.16122,-0.55734,360,225.240005
2017-01-03,2017-12-29,236.0,call,7.65,7.81,7.73,0.0,0,0,0.13195,0.40481,360,225.240005
2017-01-03,2017-12-29,236.0,put,19.96,20.17,20.07,0.0,0,0,0.16122,-0.56779,360,225.240005
2017-01-03,2017-12-29,237.0,call,7.22,7.37,7.29,0.0,0,0,0.13195,0.39236,360,225.240005
2017-01-03,2017-12-29,237.0,put,20.51,20.73,20.62,0.0,0,0,0.16122,-0.57815,360,225.240005
2017-01-03,2017-12-29,238.0,call,6.79,6.94,6.87,0.0,0,0,0.13195,0.38006,360,225.240005
2017-01-03,2017-12-29,238.0,put,21.08,21.3,21.19,0.0,0,0,0.16122,-0.58841,360,225.240005
2017-01-03,2017-12-29,239.0,call,6.38,6.52,6.45,0.0,0,0,0.12219,0.35408,360,225.240005
2017-01-03,2017-12-29,239.0,put,21.67,21.89,21.78,0.0,0,0,0.16122,-0.59857,360,225.240005
2017-01-03,2017-12-29,240.0,call,5.98,6.11,6.04,5.73,48,0,0.12219,0.34137,360,225.240005
2017-01-03,2017-12-29,240.0,put,22.26,22.49,22.38,0.0,0,0,0.16122,-0.60862,360,225.240005
2017-01-03,2017-12-29,241.0,call,5.6,5.73,5.67,0.0,0,0,0.12219,0.32889,360,225.240005
2017-01-03,2017-12-29,241.0,put,22.88,23.11,22.99,0.0,0,0,0.16122,-0.61856,360,225.240005
2017-01-03,2017-12-29,242.0,call,5.25,5.36,5.3,5.25,7,0,0.12219,0.31664,360,225.240005
2017-01-03,2017-12-29,242.0,put,23.51,23.75,23.63,0.0,0,0,0.16122,-0.62838,360,225.240005
2017-01-03,2017-12-29,243.0,call,4.88,5.01,4.95,0.0,0,0,0.12219,0.30464,360,225.240005
2017-01-03,2017-12-29,243.0,put,24.16,24.4,24.28,0.0,0,0,0.16122,-0.63807,360,225.240005
2017-01-03,2017-12-29,244.0,call,4.55,4.67,4.61,0.0,0,0,0.12219,0.2929,360,225.240005
2017-01-03,2017-12-29,244.0,put,24.81,25.07,24.94,0.0,0,0,0.16122,-0.64764,360,225.240005
2017-01-03,2017-12-29,245.0,call,4.25,4.35,4.3,4.07,16,0,0.12219,0.28142,360,225.240005
2017-01-03,2017-12-29,245.0,put,25.49,25.75,25.62,0.0,0,0,0.16122,-0.65708,360,225.240005
2017-01-03,2017-12-29,246.0,call,3.95,4.04,4.0,0.0,0,0,0.12219,0.2702,360,225.240005
2017-01-03,2017-12-29,246.0,put,26.18,26.45,26.31,0.0,0,0,0.16122,-0.66638,360,225.240005
2017-01-03,2017-12-29,247.0,call,3.64,3.76,3.7,0.0,0,0,0.12219,0.25926,360,225.240005
2017-01-03,2017-12-29,247.0,put,26.89,27.17,27.03,0.0,0,0,0.16122,-0.67555,360,225.240005
2017-01-03,2017-12-29,248.0,call,3.39,3.48,3.44,0.0,0,0,0.11244,0.22725,360,225.240005
2017-01-03,2017-12-29,248.0,put,27.61,27.9,27.75,28.41,13,0,0.16122,-0.68457,360,225.240005
2017-01-03,2017-12-29,249.0,call,3.14,3.22,3.18,0.0,0,0,0.11244,0.21653,360,225.240005
2017-01-03,2017-12-29,249.0,put,28.34,28.64,28.49,0.0,0,0,0.16122,-0.69345,360,225.240005
2017-01-03,2017-12-29,250.0,call,2.89,2.98,2.94,2.75,10,0,0.11244,0.20614,360,225.240005
2017-01-03,2017-12-29,250.0,put,29.1,29.4,29.25,30.0,8,0,0.16122,-0.70218,360,225.240005
2017-01-03,2017-12-29,255.0,call,1.9,1.98,1.94,0.0,0,0,0.11244,0.15933,360,225.240005
2017-01-03,2017-12-29,255.0,put,33.08,33.41,33.24,34.34,18,0,0.16122,-0.74356,360,225.240005
2017-01-03,2017-12-29,260.0,call,1.23,1.3,1.27,0.0,0,0,0.11244,0.12078,360,225.240005
2017-01-03,2017-12-29,260.0,put,37.34,37.72,37.53,0.0,0,0,0.16122,-0.78102,360,225.240005
2017-01-03,2017-12-29,265.0,call,0.8,0.86,0.83,0.0,0,0,0.10268,0.06953,360,225.240005
2017-01-03,2017-12-29,265.0,put,41.89,42.27,42.08,0.0,0,0,0.17097,-0.79791,360,225.240005
2017-01-03,2017-12-29,270.0,call,0.53,0.58,0.55,0.0,0,0,0.10268,0.04819,360,225.240005
2017-01-03,2017-12-29,270.0,put,46.52,46.95,46.73,0.0,0,0,0.18073,-0.81161,360,225.240005
2017-01-03,2017-12-29,275.0,call,0.35,0.41,0.38,0.0,0,0,0.11244,0.04712,360,225.240005
2017-01-03,2017-12-29,275.0,put,51.27,51.73,51.5,0.0,0,0,0.19048,-0.82281,360,225.240005
2017-01-03,2017-12-29,280.0,call,0.24,0.29,0.27,0.0,0,0,0.11244,0.03327,360,225.240005
2017-01-03,2017-12-29,280.0,put,56.1,56.56,56.33,0.0,0,0,0.19048,-0.84646,360,225.240005
2017-01-03,2017-12-29,285.0,call,0.16,0.22,0.19,0.0,0,0,0.11244,0.02311,360,225.240005
2017-01-03,2017-12-29,285.0,put,60.96,61.43,61.2,0.0,0,0,0.20024,-0.85341,360,225.240005
2017-01-03,2017-12-29,290.0,call,0.12,0.17,0.15,0.0,0,0,0.11244,0.01582,360,225.240005
2017-01-03,2017-12-29,290.0,put,65.85,66.32,66.08,0.0,0,0,0.21,-0.8591,360,225.240005
2017-01-03,2018-01-19,40.0,call,184.96,185.57,185.26,0.0,0,0,0.01488,1.0,381,225.240005
2017-01-03,2018-01-19,45.0,call,179.97,180.58,180.28,0.0,0,0,0.01488,1.0,381,225.240005
2017-01-03,2018-01-19,50.0,call,174.98,175.59,175.28,88.65,0,1,0.01488,1.0,381,225.240005
2017-01-03,2018-01-19,50.0,put,0.02,0.05,0.04,0.02,0,1563,0.52218,-0.00096,381,225.240005
2017-01-03,2018-01-19,55.0,call,170.0,170.6,170.3,79.01,0,0,0.01488,1.0,381,225.240005
2017-01-03,2018-01-19,55.0,put,0.01,0.06,0.03,0.04,0,105,0.48316,-0.00091,381,225.240005
2017-01-03,2018-01-19,60.0,call,165.01,165.61,165.31,83.43,0,0,0.01488,1.0,381,225.240005
2017-01-03,2018-01-19,60.0,put,0.02,0.07,0.05,0.03,0,53,0.4734,-0.00139,381,225.240005
2017-01-03,2018-01-19,65.0,call,160.03,160.62,160.32,0.0,0,0,0.01488,1.0,381,225.240005
2017-01-03,2018-01-19,65.0,put,0.03,0.08,0.06,0.03,0,220,0.45389,-0.00171,381,225.240005
2017-01-03,2018-01-19,70.0,call,155.04,155.63,155.33,78.43,0,0,0.01488,1.0,381,225.240005
2017-01-03,2018-01-19,70.0,put,0.05,0.09,0.07,0.04,0,620,0.43438,-0.00205,381,225.240005
2017-01-03,2018-01-19,75.0,call,150.05,150.63,150.34,0.0,0,0,0.01488,1.0,381,225.240005
2017-01-03,2018-01-19,75.0,put,0.07,0.11,0.09,0.05,0,965,0.42462,-0.00282,381,225.240005
2017-01-03,2018-01-19,80.0,call,145.07,145.64,145.35,0.0,0,0,0.01488,1.0,381,225.240005
2017-01-03,2018-01-19,80.0,put,0.1,0.14,0.12,0.08,0,463,0.41487,-0.00379,381,225.240005
2017-01-03,2018-01-19,85.0,call,140.08,140.66,140.37,65.05,0,0,0.01488,1.0,381,225.240005
2017-01-03,2018-01-19,85.0,put,0.13,0.17,0.15,0.16,10,466,0.39536,-0.00425,381,225.240005
2017-01-03,2018-01-19,90.0,call,135.1,135.67,135.38,67.52,0,2,0.01488,1.0,381,225.240005
2017-01-03,2018-01-19,90.0,put,0.17,0.2,0.18,0.19,4,475,0.3856,-0.0055,381,225.240005
2017-01-03,2018-01-19,95.0,call,130.11,130.68,130.4,0.0,0,1,0.01488,1.0,381,225.240005
2017-01-03,2018-01-19,95.0,put,0.21,0.25,0.23,0.13,0,105,0.37584,-0.00698,381,225.240005
2017-01-03,2018-01-19,100.0,call,125.13,125.69,125.41,62.46,0,29,0.01488,1.0,381,225.240005
2017-01-03,2018-01-19,100.0,put,0.26,0.3,0.28,0.16,0,3027,0.36609,-0.00874,381,225.240005
2017-01-03,2018-01-19,105.0,call,120.15,120.71,120.43,60.74,0,25,0.01488,1.0,381,225.240005
2017-01-03,2018-01-19,105.0,put,0.32,0.36,0.34,0.19,0,2291,0.35633,-0.0108,381,225.240005
2017-01-03,2018-01-19,110.0,call,115.18,115.72,115.45,58.3,0,41,0.01488,1.0,381,225.240005
2017-01-03,2018-01-19,110.0,put,0.4,0.44,0.42,0.23,0,1503,0.34658,-0.01319,381,225.240005
2017-01-03,2018-01-19,115.0,call,110.2,110.75,110.47,0.0,0,0,0.01488,1.0,381,225.240005
2017-01-03,2018-01-19,115.0,put,0.48,0.53,0.51,0.52,5,2607,0.33682,-0.01595,381,225.240005
2017-01-03,2018-01-19,120.0,call,105.27,105.77,105.52,104.48,12,8,0.01488,1.0,381,225.240005
2017-01-03,2018-01-19,120.0,put,0.58,0.63,0.6,0.32,0,3326,0.32707,-0.01913,381,225.240005
2017-01-03,2018-01-19,125.0,call,100.31,100.81,100.56,50.09,0,2,0.01488,1.0,381,225.240005
2017-01-03,2018-01-19,125.0,put,0.7,0.75,0.72,0.41,0,4006,0.31731,-0.02276,381,225.240005
2017-01-03,2018-01-19,130.0,call,95.37,95.87,95.62,47.65,0,106,0.01488,1.0,381,225.240005
2017-01-03,2018-01-19,130.0,put,0.83,0.89,0.86,0.86,5,6310,0.30755,-0.02691,381,225.240005
2017-01-03,2018-01-19,135.0,call,90.45,90.93,90.69,45.2,0,14,0.01488,1.0,381,225.240005
2017-01-03,2018-01-19,135.0,put,0.99,1.05,1.02,1.06,34,4320,0.2978,-0.03164,381,225.240005
2017-01-03,2018-01-19,140.0,call,85.55,86.03,85.79,42.0,0,5,0.01488,1.0,381,225.240005
2017-01-03,2018-01-19,140.0,put,1.18,1.24,1.21,1.25,30,8106,0.2978,-0.04113,381,225.240005
2017-01-03,2018-01-19,145.0,call,80.68,81.15,80.92,40.31,0,13,0.01488,1.0,381,225.240005
2017-01-03,2018-01-19,145.0,put,1.41,1.46,1.44,1.43,45,7831,0.28804,-0.04774,381,225.240005
2017-01-03,2018-01-19,150.0,call,75.84,76.3,76.07,76.05,1,207,0.01488,1.0,381,225.240005
2017-01-03,2018-01-19,150.0,put,1.64,1.7,1.67,1.69,3,9841,0.27829,-0.05522,381,225.240005
2017-01-03,2018-01-19,155.0,call,71.05,71.5,71.28,36.15,0,421,0.01488,1.0,381,225.240005
2017-01-03,2018-01-19,155.0,put,1.93,1.98,1.96,1.98,8,8429,0.26853,-0.06369,381,225.240005
2017-01-03,2018-01-19,160.0,call,66.31,66.75,66.53,32.6,0,1580,0.16122,0.98611,381,225.240005
2017-01-03,2018-01-19,160.0,put,2.26,2.3,2.28,2.35,3,18586,0.25877,-0.07328,381,225.240005
2017-01-03,2018-01-19,165.0,call,61.63,62.05,61.84,30.7,0,739,0.17097,0.97183,381,225.240005
2017-01-03,2018-01-19,165.0,put,2.65,2.71,2.68,2.78,73,23612,0.25877,-0.09087,381,225.240005
2017-01-03,2018-01-19,170.0,call,57.02,57.43,57.23,28.49,0,261,0.18073,0.95088,381,225.240005
2017-01-03,2018-01-19,170.0,put,3.11,3.17,3.14,3.25,38,34853,0.24902,-0.1038,381,225.240005
2017-01-03,2018-01-19,175.0,call,52.48,52.83,52.66,52.1,16,252,0.18073,0.93273,381,225.240005
2017-01-03,2018-01-19,175.0,put,3.63,3.71,3.67,3.69,14,28931,0.23926,-0.11843,381,225.240005
2017-01-03,2018-01-19,180.0,call,48.02,48.36,48.19,23.33,0,3468,0.18073,0.91051,381,225.240005
2017-01-03,2018-01-19,180.0,put,4.23,4.3,4.27,4.3,70,33342,0.23926,-0.14285,381,225.240005
2017-01-03,2018-01-19,185.0,call,43.67,43.99,43.83,21.62,0,948,0.17097,0.89498,381,225.240005
2017-01-03,2018-01-19,185.0,put,4.91,4.99,4.95,4.98,18,22893,0.22951,-0.16208,381,225.240005
2017-01-03,2018-01-19,189.0,call,40.26,40.57,40.41,39.68,2,745,0.17097,0.87098,381,225.240005
2017-01-03,2018-01-19,189.0,put,5.52,5.61,5.56,5.77,3,16011,0.21975,-0.17767,381,225.240005
2017-01-03,2018-01-19,190.0,call,39.42,39.73,39.58,39.7,8,591,0.17097,0.86451,381,225.240005
2017-01-03,2018-01-19,190.0,put,5.69,5.77,5.73,5.74,279,24533,0.21975,-0.18386,381,225.240005
2017-01-03,2018-01-19,191.0,call,38.58,38.89,38.73,15.36,0,38,0.17097,0.85786,381,225.240005
2017-01-03,2018-01-19,191.0,put,5.86,5.94,5.9,6.13,55,4557,0.21975,-0.19014,381,225.240005
2017-01-03,2018-01-19,192.0,call,37.75,38.08,37.91,16.99,0,80,0.17097,0.85103,381,225.240005
2017-01-03,2018-01-19,192.0,put,6.03,6.12,6.08,6.25,74,18741,0.21975,-0.19652,381,225.240005
2017-01-03,2018-01-19,193.0,call,36.92,37.23,37.08,18.68,0,399,0.17097,0.84402,381,225.240005
2017-01-03,2018-01-19,193.0,put,6.21,6.3,6.25,6.49,53,5079,0.21975,-0.20299,381,225.240005
2017-01-03,2018-01-19,194.0,call,36.1,36.4,36.25,18.38,0,87,0.17097,0.83684,381,225.240005
2017-01-03,2018-01-19,194.0,put,6.39,6.48,6.44,6.68,63,3644,0.21975,-0.20955,381,225.240005
2017-01-03,2018-01-19,195.0,call,35.28,35.58,35.43,17.05,0,759,0.17097,0.82948,381,225.240005
2017-01-03,2018-01-19,195.0,put,6.58,6.67,6.62,6.87,126,10603,0.21,-0.20859,381,225.240005
2017-01-03,2018-01-19,196.0,call,34.47,34.8,34.63,15.16,0,322,0.17097,0.82195,381,225.240005
2017-01-03,2018-01-19,196.0,put,6.77,6.86,6.81,7.11,74,3857,0.21,-0.21549,381,225.240005
2017-01-03,2018-01-19,197.0,call,33.66,34.0,33.83,15.2,0,106,0.17097,0.81426,381,225.240005
2017-01-03,2018-01-19,197.0,put,6.97,7.05,7.01,7.31,74,18873,0.21,-0.2225,381,225.240005
2017-01-03,2018-01-19,198.0,call,32.86,33.16,33.01,16.66,0,396,0.17097,0.8064,381,225.240005
2017-01-03,2018-01-19,198.0,put,7.17,7.26,7.21,7.52,74,7685,0.21,-0.2296,381,225.240005
2017-01-03,2018-01-19,199.0,call,32.07,32.36,32.22,16.28,0,567,0.17097,0.79838,381,225.240005
2017-01-03,2018-01-19,199.0,put,7.38,7.46,7.42,7.75,76,10268,0.21,-0.23678,381,225.240005
2017-01-03,2018-01-19,200.0,call,31.27,31.55,31.41,30.57,2,4645,0.17097,0.79021,381,225.240005
2017-01-03,2018-01-19,200.0,put,7.6,7.69,7.64,7.85,192,27448,0.21,-0.24405,381,225.240005
2017-01-03,2018-01-19,205.0,call,27.43,27.67,27.55,13.52,0,7358,0.16122,0.75673,381,225.240005
2017-01-03,2018-01-19,205.0,put,8.74,8.84,8.79,8.8,449,23302,0.20024,-0.27552,381,225.240005
2017-01-03,2018-01-19,210.0,call,23.71,23.98,23.84,23.65,4,4780,0.16122,0.70868,381,225.240005
2017-01-03,2018-01-19,210.0,put,10.05,10.15,10.1,10.3,1354,25018,0.19048,-0.31111,381,225.240005
2017-01-03,2018-01-19,211.0,call,23.0,23.24,23.12,11.38,0,675,0.16122,0.69871,381,225.240005
2017-01-03,2018-01-19,211.0,put,10.33,10.43,10.38,10.83,69,3547,0.19048,-0.31979,381,225.240005
2017-01-03,2018-01-19,212.0,call,22.29,22.52,22.41,11.77,0,1132,0.15146,0.69616,381,225.240005
2017-01-03,2018-01-19,212.0,put,10.62,10.72,10.67,10.83,119,4319,0.19048,-0.32852,381,225.240005
2017-01-03,2018-01-19,213.0,call,21.58,21.81,21.7,10.94,0,987,0.15146,0.68544,381,225.240005
2017-01-03,2018-01-19,213.0,put,10.9,11.01,10.96,11.44,49,3501,0.19048,-0.33731,381,225.240005
2017-01-03,2018-01-19,214.0,call,20.89,21.11,21.0,10.6,0,417,0.15146,0.67462,381,225.240005
2017-01-03,2018-01-19,214.0,put,11.22,11.32,11.27,11.56,45,3882,0.19048,-0.34615,381,225.240005
2017-01-03,2018-01-19,215.0,call,20.2,20.42,20.31,19.9,3,5637,0.15146,0.6637,381,225.240005
2017-01-03,2018-01-19,215.0,put,11.52,11.64,11.58,12.08,45,8891,0.19048,-0.35503,381,225.240005
2017-01-03,2018-01-19,216.0,call,19.52,19.74,19.63,10.27,0,584,0.15146,0.65269,381,225.240005
2017-01-03,2018-01-19,216.0,put,11.84,11.96,11.9,12.41,44,3449,0.19048,-0.36394,381,225.240005
2017-01-03,2018-01-19,217.0,call,18.85,19.03,18.94,18.5,3,1596,0.15146,0.6416,381,225.240005
2017-01-03,2018-01-19,217.0,put,12.17,12.29,12.23,12.75,43,2747,0.19048,-0.37289,381,225.240005
2017-01-03,2018-01-19,218.0,call,18.18,18.36,18.27,9.61,0,492,0.15146,0.63044,381,225.240005
2017-01-03,2018-01-19,218.0,put,12.5,12.63,12.57,13.1,43,3279,0.18073,-0.37958,381,225.240005
2017-01-03,2018-01-19,219.0,call,17.53,17.7,17.62,17.13,6,847,0.15146,0.61923,381,225.240005
2017-01-03,2018-01-19,219.0,put,12.86,12.98,12.92,13.46,42,3756,0.18073,-0.38905,381,225.240005
2017-01-03,2018-01-19,220.0,call,16.89,17.06,16.98,16.88,48,10387,0.15146,0.60796,381,225.240005
2017-01-03,2018-01-19,220.0,put,13.21,13.33,13.27,13.83,87,6497,0.18073,-0.39854,381,225.240005
2017-01-03,2018-01-19,221.0,call,16.26,16.41,16.34,15.79,37,1055,0.1417,0.59918,381,225.240005
2017-01-03,2018-01-19,221.0,put,13.58,13.7,13.64,14.21,47,2264,0.18073,-0.40805,381,225.240005
2017-01-03,2018-01-19,222.0,call,15.62,15.79,15.7,15.27,35,1194,0.1417,0.58709,381,225.240005
2017-01-03,2018-01-19,222.0,put,13.94,14.07,14.0,14.6,28,1595,0.18073,-0.41757,381,225.240005
2017-01-03,2018-01-19,223.0,call,15.01,15.17,15.09,14.8,1045,1112,0.1417,0.57496,381,225.240005
2017-01-03,2018-01-19,223.0,put,14.33,14.46,14.39,14.82,22,1164,0.18073,-0.4271,381,225.240005
2017-01-03,2018-01-19,224.0,call,14.4,14.56,14.48,13.93,40,1612,0.1417,0.56281,381,225.240005
2017-01-03,2018-01-19,224.0,put,14.71,14.86,14.79,15.0,15,2304,0.18073,-0.43663,381,225.240005
2017-01-03,2018-01-19,225.0,call,13.81,13.97,13.89,13.45,385,13450,0.1417,0.55066,381,225.240005
2017-01-03,2018-01-19,225.0,put,15.11,15.27,15.19,15.66,31,4022,0.18073,-0.44614,381,225.240005
2017-01-03,2018-01-19,226.0,call,13.22,13.37,13.29,12.78,742,2165,0.1417,0.53852,381,225.240005
2017-01-03,2018-01-19,226.0,put,15.54,15.68,15.61,8.52,0,1371,0.17097,-0.4572,381,225.240005
2017-01-03,2018-01-19,227.0,call,12.65,12.8,12.73,12.29,110,6249,0.1417,0.5264,381,225.240005
2017-01-03,2018-01-19,227.0,put,15.97,16.11,16.04,16.65,13,1427,0.17097,-0.46724,381,225.240005
2017-01-03,2018-01-19,228.0,call,12.09,12.24,12.16,11.86,40,2277,0.1417,0.5143,381,225.240005
2017-01-03,2018-01-19,228.0,put,16.41,16.55,16.48,8.92,0,98,0.17097,-0.47725,381,225.240005
2017-01-03,2018-01-19,229.0,call,11.55,11.69,11.62,11.17,74,3523,0.1417,0.50224,381,225.240005
2017-01-03,2018-01-19,229.0,put,16.86,17.01,16.94,9.18,0,85,0.17097,-0.48723,381,225.240005
2017-01-03,2018-01-19,230.0,call,11.01,11.15,11.08,10.6,135,10653,0.13195,0.48539,381,225.240005
2017-01-03,2018-01-19,230.0,put,17.32,17.46,17.39,15.23,36,1080,0.17097,-0.49718,381,225.240005
2017-01-03,2018-01-19,231.0,call,10.48,10.62,10.55,10.17,38,4191,0.13195,0.47257,381,225.240005
2017-01-03,2018-01-19,231.0,put,17.8,17.94,17.87,9.01,0,36,0.17097,-0.50709,381,225.240005
2017-01-03,2018-01-19,232.0,call,9.96,10.11,10.04,9.58,38,3617,0.13195,0.45984,381,225.240005
2017-01-03,2018-01-19,232.0,put,18.28,18.44,18.36,18.96,1,40,0.17097,-0.51695,381,225.240005
2017-01-03,2018-01-19,233.0,call,9.46,9.6,9.53,9.16,79,1744,0.13195,0.4472,381,225.240005
2017-01-03,2018-01-19,233.0,put,18.78,18.95,18.87,9.47,0,29,0.17097,-0.52676,381,225.240005
2017-01-03,2018-01-19,234.0,call,8.98,9.12,9.05,8.63,77,2521,0.13195,0.43466,381,225.240005
2017-01-03,2018-01-19,234.0,put,19.29,19.51,19.4,9.75,0,23,0.17097,-0.53651,381,225.240005
2017-01-03,2018-01-19,235.0,call,8.51,8.58,8.54,8.17,88,4895,0.13195,0.42225,381,225.240005
2017-01-03,2018-01-19,235.0,put,19.81,20.04,19.92,17.79,5,510,0.17097,-0.5462,381,225.240005
2017-01-03,2018-01-19,236.0,call,8.04,8.18,8.11,7.75,109,1817,0.13195,0.40996,381,225.240005
2017-01-03,2018-01-19,236.0,put,20.35,20.58,20.46,10.23,0,114,0.16122,-0.56322,381,225.240005
2017-01-03,2018-01-19,237.0,call,7.6,7.74,7.67,7.4,64,1581,0.13195,0.39781,381,225.240005
2017-01-03,2018-01-19,237.0,put,20.9,21.13,21.02,11.9,0,2,0.16122,-0.57331,381,225.240005
2017-01-03,2018-01-19,238.0,call,7.17,7.3,7.23,6.98,41,506,0.13195,0.38581,381,225.240005
2017-01-03,2018-01-19,238.0,put,21.46,21.7,21.58,11.62,0,11,0.16122,-0.58331,381,225.240005
2017-01-03,2018-01-19,239.0,call,6.75,6.88,6.81,6.58,39,344,0.12219,0.36041,381,225.240005
2017-01-03,2018-01-19,239.0,put,22.04,22.29,22.16,14.81,0,63,0.16122,-0.59322,381,225.240005
2017-01-03,2018-01-19,240.0,call,6.35,6.48,6.42,6.33,317,3945,0.12219,0.34797,381,225.240005
2017-01-03,2018-01-19,240.0,put,22.62,22.88,22.75,22.89,1,456,0.16122,-0.60302,381,225.240005
2017-01-03,2018-01-19,245.0,call,4.57,4.69,4.63,4.45,285,6914,0.12219,0.28911,381,225.240005
2017-01-03,2018-01-19,245.0,put,25.81,26.09,25.95,13.49,0,306,0.16122,-0.65038,381,225.240005
2017-01-03,2018-01-19,250.0,call,3.17,3.28,3.22,3.04,109,9139,0.11244,0.21462,381,225.240005
2017-01-03,2018-01-19,250.0,put,29.37,29.68,29.52,15.0,0,106,0.16122,-0.69463,381,225.240005
2017-01-03,2018-01-19,255.0,call,2.12,2.22,2.17,2.26,2,3258,0.11244,0.16781,381,225.240005
2017-01-03,2018-01-19,255.0,put,33.25,33.62,33.44,16.7,0,56,0.16122,-0.7354,381,225.240005
2017-01-03,2018-01-19,260.0,call,1.39,1.47,1.43,1.4,6,2790,0.11244,0.12884,381,225.240005
2017-01-03,2018-01-19,260.0,put,37.48,37.88,37.68,19.0,0,110,0.16122,-0.77251,381,225.240005
2017-01-03,2018-01-19,265.0,call,0.91,0.99,0.95,0.98,1,3793,0.11244,0.09719,381,225.240005
2017-01-03,2018-01-19,265.0,put,41.95,42.37,42.16,21.56,0,17,0.17097,-0.78926,381,225.240005
2017-01-03,2018-01-19,270.0,call,0.61,0.67,0.64,0.66,1,3682,0.10268,0.05374,381,225.240005
2017-01-03,2018-01-19,270.0,put,46.58,47.02,46.8,23.54,0,11,0.18073,-0.80289,381,225.240005
2017-01-03,2018-01-19,275.0,call,0.41,0.46,0.43,0.45,1,1076,0.10268,0.03717,381,225.240005
2017-01-03,2018-01-19,275.0,put,51.32,51.78,51.55,26.15,0,3,0.18073,-0.82929,381,225.240005
2017-01-03,2018-01-19,280.0,call,0.28,0.34,0.31,0.3,5,1198,0.11244,0.03778,381,225.240005
2017-01-03,2018-01-19,280.0,put,56.13,56.6,56.37,27.82,0,7,0.19048,-0.83782,381,225.240005
2017-01-03,2018-01-19,285.0,call,0.19,0.25,0.22,0.13,0,235,0.11244,0.02673,381,225.240005
2017-01-03,2018-01-19,285.0,put,60.98,61.45,61.22,31.47,0,14,0.20024,-0.84478,381,225.240005
2017-01-03,2018-01-19,290.0,call,0.13,0.19,0.16,0.09,0,345,0.11244,0.01865,381,225.240005
2017-01-03,2018-01-19,290.0,put,65.86,66.34,66.1,0.0,0,2,0.21,-0.85048,381,225.240005
2017-01-03,2018-01-19,295.0,call,0.09,0.15,0.12,0.06,0,60,0.11244,0.01283,381,225.240005
2017-01-03,2018-01-19,295.0,put,70.74,71.24,70.99,37.72,0,2,0.21975,-0.85515,381,225.240005
2017-01-03,2018-01-19,300.0,call,0.06,0.12,0.09,0.08,0,577,0.11244,0.00871,381,225.240005
2017-01-03,2018-01-19,300.0,put,75.65,76.15,75.9,38.77,0,432,0.22951,-0.85897,381,225.240005
2017-01-03,2018-01-19,305.0,call,0.04,0.1,0.07,0.05,0,624,0.12219,0.01043,381,225.240005
2017-01-03,2018-01-19,305.0,put,80.57,81.09,80.83,41.29,0,1344,0.22951,-0.87414,381,225.240005
2017-01-03,2018-01-19,310.0,call,0.03,0.09,0.06,0.05,0,10,0.12219,0.00733,381,225.240005
2017-01-03,2018-01-19,310.0,put,85.49,86.02,85.75,43.71,0,264,0.23926,-0.8762,381,225.240005
2017-01-03,2018-01-19,315.0,call,0.01,0.08,0.04,0.03,0,1000,0.12219,0.0051,381,225.240005
2017-01-03,2018-01-19,315.0,put,90.41,90.94,90.67,51.05,0,1,0.24902,-0.8778,381,225.240005
2017-01-03,2018-01-19,320.0,call,0.01,0.07,0.04,0.02,0,44,0.12219,0.00352,381,225.240005
2017-01-03,2018-01-19,320.0,put,95.34,95.88,95.61,51.2,0,267,0.25877,-0.87899,381,225.240005
2017-01-03,2018-01-19,325.0,put,100.27,100.81,100.54,101.88,4,684,0.25877,-0.89039,381,225.240005
2017-01-03,2018-01-19,330.0,put,105.2,105.74,105.47,106.85,20,76,0.26853,-0.89062,381,225.240005
2017-01-03,2018-03-16,50.0,call,174.93,175.66,175.3,0.0,0,0,0.01488,1.0,437,225.240005
2017-01-03,2018-03-16,55.0,call,169.93,170.65,170.29,0.0,0,0,0.01488,1.0,437,225.240005
2017-01-03,2018-03-16,55.0,put,0.05,0.09,0.07,0.04,0,8,0.48316,-0.00161,437,225.240005
2017-01-03,2018-03-16,60.0,call,164.94,165.66,165.3,0.0,0,0,0.01488,1.0,437,225.240005
2017-01-03,2018-03-16,60.0,put,0.02,0.11,0.07,0.03,0,8,0.45389,-0.00171,437,225.240005
2017-01-03,2018-03-16,65.0,call,159.96,160.67,160.31,0.0,0,0,0.01488,1.0,437,225.240005
2017-01-03,2018-03-16,65.0,put,0.04,0.13,0.09,0.05,0,35,0.44414,-0.00243,437,225.240005
2017-01-03,2018-03-16,70.0,call,154.97,155.67,155.32,0.0,0,0,0.01488,1.0,437,225.240005
2017-01-03,2018-03-16,70.0,put,0.07,0.16,0.12,0.06,0,52,0.43438,-0.00333,437,225.240005
2017-01-03,2018-03-16,75.0,call,149.99,150.68,150.34,0.0,0,0,0.01488,1.0,437,225.240005
2017-01-03,2018-03-16,75.0,put,0.1,0.19,0.15,0.07,0,102,0.41487,-0.00383,437,225.240005
2017-01-03,2018-03-16,80.0,call,145.02,145.71,145.37,0.0,0,0,0.01488,1.0,437,225.240005
2017-01-03,2018-03-16,80.0,put,0.13,0.22,0.17,0.11,0,142,0.40511,-0.00502,437,225.240005
2017-01-03,2018-03-16,85.0,call,140.04,140.72,140.38,0.0,0,0,0.01488,1.0,437,225.240005
2017-01-03,2018-03-16,85.0,put,0.18,0.23,0.21,0.13,0,11,0.3856,-0.00555,437,225.240005
2017-01-03,2018-03-16,90.0,call,135.05,135.73,135.39,0.0,0,0,0.01488,1.0,437,225.240005
2017-01-03,2018-03-16,90.0,put,0.23,0.32,0.28,0.15,0,441,0.3856,-0.00811,437,225.240005
2017-01-03,2018-03-16,95.0,call,130.07,130.74,130.41,0.0,0,0,0.01488,1.0,437,225.240005
2017-01-03,2018-03-16,95.0,put,0.29,0.38,0.33,0.18,0,72,0.36609,-0.00877,437,225.240005
2017-01-03,2018-03-16,100.0,call,125.07,125.74,125.41,0.0,0,0,0.01488,1.0,437,225.240005
2017-01-03,2018-03-16,100.0,put,0.36,0.45,0.41,0.21,0,584,0.36609,-0.01232,437,225.240005
2017-01-03,2018-03-16,105.0,call,120.11,120.77,120.44,0.0,0,0,0.01488,1.0,437,225.240005
2017-01-03,2018-03-16,105.0,put,0.44,0.53,0.48,0.25,0,6358,0.34658,-0.01311,437,225.240005
2017-01-03,2018-03-16,110.0,call,115.12,115.77,115.44,0.0,0,0,0.01488,1.0,437,225.240005
2017-01-03,2018-03-16,110.0,put,0.53,0.62,0.57,0.29,0,8595,0.33682,-0.01576,437,225.240005
2017-01-03,2018-03-16,115.0,call,110.19,110.79,110.49,0.0,0,0,0.01488,1.0,437,225.240005
2017-01-03,2018-03-16,115.0,put,0.65,0.73,0.69,0.67,10,74,0.33682,-0.02119,437,225.240005
2017-01-03,2018-03-16,120.0,call,105.23,105.84,105.53,0.0,0,0,0.01488,1.0,437,225.240005
2017-01-03,2018-03-16,120.0,put,0.78,0.87,0.82,0.41,0,6017,0.32707,-0.02497,437,225.240005
2017-01-03,2018-03-16,125.0,call,100.29,100.87,100.58,0.0,0,0,0.01488,1.0,437,225.240005
2017-01-03,2018-03-16,125.0,put,0.93,1.02,0.98,0.5,0,903,0.31731,-0.02922,437,225.240005
2017-01-03,2018-03-16,130.0,call,95.37,95.95,95.66,43.3,0,0,0.01488,1.0,437,225.240005
2017-01-03,2018-03-16,130.0,put,1.1,1.19,1.15,0.65,0,167,0.30755,-0.034,437,225.240005
2017-01-03,2018-03-16,135.0,call,90.47,91.04,90.75,45.92,0,0,0.01488,1.0,437,225.240005
2017-01-03,2018-03-16,135.0,put,1.31,1.4,1.35,0.73,0,46,0.2978,-0.03936,437,225.240005
2017-01-03,2018-03-16,140.0,call,85.6,86.16,85.88,43.41,0,0,0.01488,1.0,437,225.240005
2017-01-03,2018-03-16,140.0,put,1.54,1.63,1.58,0.91,0,336,0.28804,-0.04538,437,225.240005
2017-01-03,2018-03-16,145.0,call,80.76,81.32,81.04,34.83,0,0,0.01488,1.0,437,225.240005
2017-01-03,2018-03-16,145.0,put,1.8,1.91,1.85,0.93,0,165,0.28804,-0.05704,437,225.240005
2017-01-03,2018-03-16,150.0,call,75.97,76.51,76.24,37.84,0,15,0.01488,1.0,437,225.240005
2017-01-03,2018-03-16,150.0,put,2.11,2.22,2.17,2.24,1,265,0.27829,-0.0651,437,225.240005
2017-01-03,2018-03-16,155.0,call,71.24,71.77,71.5,32.38,0,152,0.13195,0.99669,437,225.240005
2017-01-03,2018-03-16,155.0,put,2.46,2.58,2.52,1.25,0,542,0.26853,-0.07412,437,225.240005
2017-01-03,2018-03-16,160.0,call,66.56,67.05,66.81,34.13,0,1026,0.16122,0.98085,437,225.240005
2017-01-03,2018-03-16,160.0,put,2.86,2.99,2.92,3.01,5,717,0.25877,-0.08421,437,225.240005
2017-01-03,2018-03-16,165.0,call,61.94,62.45,62.2,31.15,0,52,0.17097,0.96402,437,225.240005
2017-01-03,2018-03-16,165.0,put,3.33,3.46,3.4,1.78,0,453,0.25877,-0.10229,437,225.240005
2017-01-03,2018-03-16,170.0,call,57.41,57.85,57.63,57.1,10,70,0.17097,0.94948,437,225.240005
2017-01-03,2018-03-16,170.0,put,3.85,3.99,3.92,4.04,24,1226,0.24902,-0.11548,437,225.240005
2017-01-03,2018-03-16,175.0,call,52.96,53.39,53.17,25.8,0,29,0.18073,0.92148,437,225.240005
2017-01-03,2018-03-16,175.0,put,4.45,4.6,4.53,2.49,0,6218,0.23926,-0.13027,437,225.240005
2017-01-03,2018-03-16,180.0,call,48.6,49.02,48.81,24.54,0,36,0.18073,0.89843,437,225.240005
2017-01-03,2018-03-16,180.0,put,5.12,5.28,5.2,5.31,24,187,0.23926,-0.15446,437,225.240005
2017-01-03,2018-03-16,185.0,call,44.34,44.75,44.55,22.16,0,64,0.17097,0.88255,437,225.240005
2017-01-03,2018-03-16,185.0,put,5.89,6.05,5.97,6.08,6,1052,0.22951,-0.17342,437,225.240005
2017-01-03,2018-03-16,190.0,call,40.18,40.55,40.36,19.88,0,319,0.17097,0.85205,437,225.240005
2017-01-03,2018-03-16,190.0,put,6.75,6.92,6.83,6.89,5002,8945,0.21975,-0.1947,437,225.240005
2017-01-03,2018-03-16,195.0,call,36.15,36.52,36.34,18.38,0,45,0.17097,0.81764,437,225.240005
2017-01-03,2018-03-16,195.0,put,7.73,7.91,7.82,3.78,0,2282,0.21975,-0.22583,437,225.240005
2017-01-03,2018-03-16,200.0,call,32.24,32.6,32.42,31.55,47,315,0.17097,0.77967,437,225.240005
2017-01-03,2018-03-16,200.0,put,8.82,9.01,8.91,8.99,5761,6955,0.21,-0.25254,437,225.240005
2017-01-03,2018-03-16,205.0,call,28.48,28.79,28.63,14.51,0,236,0.16122,0.74754,437,225.240005
2017-01-03,2018-03-16,205.0,put,10.04,10.25,10.14,10.41,2,99,0.20024,-0.28252,437,225.240005
2017-01-03,2018-03-16,210.0,call,24.86,25.16,25.01,12.08,0,229,0.16122,0.702,437,225.240005
2017-01-03,2018-03-16,210.0,put,11.43,11.64,11.54,11.42,1,354,0.20024,-0.32083,437,225.240005
2017-01-03,2018-03-16,211.0,call,24.16,24.44,24.3,12.42,0,11,0.16122,0.6926,437,225.240005
2017-01-03,2018-03-16,211.0,put,11.72,11.93,11.82,6.37,0,1,0.20024,-0.32863,437,225.240005
2017-01-03,2018-03-16,212.0,call,23.46,23.75,23.61,0.0,0,0,0.16122,0.68311,437,225.240005
2017-01-03,2018-03-16,212.0,put,12.03,12.24,12.13,8.13,0,9,0.20024,-0.33647,437,225.240005
2017-01-03,2018-03-16,213.0,call,22.77,23.05,22.91,7.43,0,4,0.16122,0.67355,437,225.240005
2017-01-03,2018-03-16,213.0,put,12.34,12.55,12.45,8.66,0,4,0.20024,-0.34435,437,225.240005
2017-01-03,2018-03-16,214.0,call,22.1,22.38,22.24,11.94,0,40,0.15146,0.66982,437,225.240005
2017-01-03,2018-03-16,214.0,put,12.65,12.87,12.76,6.43,0,43,0.19048,-0.34911,437,225.240005
2017-01-03,2018-03-16,215.0,call,21.42,21.69,21.55,10.25,0,101,0.15146,0.65957,437,225.240005
2017-01-03,2018-03-16,215.0,put,12.98,13.2,13.09,6.48,0,5914,0.19048,-0.35742,437,225.240005
2017-01-03,2018-03-16,216.0,call,20.75,21.02,20.88,7.44,0,10,0.15146,0.64925,437,225.240005
2017-01-03,2018-03-16,216.0,put,13.31,13.53,13.42,6.59,0,4,0.19048,-0.36576,437,225.240005
2017-01-03,2018-03-16,217.0,call,20.1,20.36,20.23,10.88,0,42,0.15146,0.63887,437,225.240005
2017-01-03,2018-03-16,217.0,put,13.64,13.87,13.75,6.96,0,48,0.19048,-0.37413,437,225.240005
2017-01-03,2018-03-16,218.0,call,19.45,19.72,19.59,10.01,0,16,0.15146,0.62842,437,225.240005
2017-01-03,2018-03-16,218.0,put,13.99,14.22,14.11,7.11,0,23,0.19048,-0.38252,437,225.240005
2017-01-03,2018-03-16,219.0,call,18.81,19.07,18.94,0.0,0,0,0.15146,0.61794,437,225.240005
2017-01-03,2018-03-16,219.0,put,14.35,14.58,14.46,7.71,0,1,0.19048,-0.39092,437,225.240005
2017-01-03,2018-03-16,220.0,call,18.18,18.43,18.3,8.93,0,1892,0.15146,0.60741,437,225.240005
2017-01-03,2018-03-16,220.0,put,14.71,14.95,14.83,15.34,761,11324,0.19048,-0.39934,437,225.240005
2017-01-03,2018-03-16,221.0,call,17.56,17.81,17.68,7.04,0,2,0.15146,0.59685,437,225.240005
2017-01-03,2018-03-16,221.0,put,15.08,15.32,15.2,7.68,0,22,0.19048,-0.40776,437,225.240005
2017-01-03,2018-03-16,222.0,call,16.94,17.19,17.07,8.55,0,9,0.15146,0.58627,437,225.240005
2017-01-03,2018-03-16,222.0,put,15.46,15.71,15.59,7.65,0,4,0.18073,-0.41601,437,225.240005
2017-01-03,2018-03-16,223.0,call,16.34,16.58,16.46,7.62,0,14,0.15146,0.57568,437,225.240005
2017-01-03,2018-03-16,223.0,put,15.85,16.1,15.98,8.71,0,12,0.18073,-0.4249,437,225.240005
2017-01-03,2018-03-16,224.0,call,15.74,15.99,15.87,7.73,0,1001,0.15146,0.56508,437,225.240005
2017-01-03,2018-03-16,224.0,put,16.25,16.5,16.38,8.45,0,18,0.18073,-0.43378,437,225.240005
2017-01-03,2018-03-16,225.0,call,15.15,15.4,15.28,15.05,1160,1917,0.1417,0.55384,437,225.240005
2017-01-03,2018-03-16,225.0,put,16.66,16.91,16.79,8.69,0,137,0.18073,-0.44266,437,225.240005
2017-01-03,2018-03-16,226.0,call,14.57,14.82,14.7,7.73,0,120,0.1417,0.54251,437,225.240005
2017-01-03,2018-03-16,226.0,put,17.08,17.33,17.2,8.68,0,5,0.18073,-0.45153,437,225.240005
2017-01-03,2018-03-16,227.0,call,14.0,14.25,14.12,13.63,3,9,0.1417,0.5312,437,225.240005
2017-01-03,2018-03-16,227.0,put,17.5,17.77,17.63,8.88,0,4,0.18073,-0.46038,437,225.240005
2017-01-03,2018-03-16,228.0,call,13.45,13.69,13.57,13.17,5,6,0.1417,0.51992,437,225.240005
2017-01-03,2018-03-16,228.0,put,17.94,18.2,18.07,0.0,0,0,0.18073,-0.46921,437,225.240005
2017-01-03,2018-03-16,229.0,call,12.9,13.14,13.02,7.11,0,15,0.1417,0.50866,437,225.240005
2017-01-03,2018-03-16,229.0,put,18.38,18.65,18.52,0.0,0,0,0.18073,-0.47802,437,225.240005
2017-01-03,2018-03-16,230.0,call,12.36,12.61,12.48,11.98,65,627,0.1417,0.49745,437,225.240005
2017-01-03,2018-03-16,230.0,put,18.84,19.11,18.98,10.03,0,279,0.18073,-0.4868,437,225.240005
2017-01-03,2018-03-16,231.0,call,11.83,12.07,11.95,6.31,0,10,0.1417,0.48629,437,225.240005
2017-01-03,2018-03-16,231.0,put,19.31,19.58,19.45,0.0,0,0,0.17097,-0.49968,437,225.240005
2017-01-03,2018-03-16,232.0,call,11.31,11.56,11.44,6.52,0,5,0.1417,0.47519,437,225.240005
2017-01-03,2018-03-16,232.0,put,19.79,20.08,19.93,0.0,0,0,0.17097,-0.50889,437,225.240005
2017-01-03,2018-03-16,233.0,call,10.82,11.05,10.94,6.27,0,28,0.1417,0.46416,437,225.240005
2017-01-03,2018-03-16,233.0,put,20.28,20.58,20.43,10.32,0,1,0.17097,-0.51806,437,225.240005
2017-01-03,2018-03-16,234.0,call,10.33,10.56,10.45,4.93,0,11,0.13195,0.44538,437,225.240005
2017-01-03,2018-03-16,234.0,put,20.78,21.08,20.93,10.57,0,1,0.17097,-0.52718,437,225.240005
2017-01-03,2018-03-16,235.0,call,9.85,10.08,9.96,10.05,300,59,0.13195,0.43373,437,225.240005
2017-01-03,2018-03-16,235.0,put,21.3,21.59,21.45,10.48,0,83,0.17097,-0.53624,437,225.240005
2017-01-03,2018-03-16,236.0,call,9.38,9.61,9.5,5.12,0,24,0.13195,0.42219,437,225.240005
2017-01-03,2018-03-16,236.0,put,21.82,22.13,21.98,0.0,0,0,0.17097,-0.54525,437,225.240005
2017-01-03,2018-03-16,237.0,call,8.92,9.16,9.04,4.6,0,2,0.13195,0.41076,437,225.240005
2017-01-03,2018-03-16,237.0,put,22.36,22.66,22.51,12.54,0,2,0.17097,-0.5542,437,225.240005
2017-01-03,2018-03-16,238.0,call,8.48,8.71,8.6,3.45,0,1,0.13195,0.39946,437,225.240005
2017-01-03,2018-03-16,238.0,put,22.9,23.21,23.05,12.13,0,42,0.17097,-0.56308,437,225.240005
2017-01-03,2018-03-16,239.0,call,8.05,8.27,8.16,4.83,0,21,0.13195,0.38829,437,225.240005
2017-01-03,2018-03-16,239.0,put,23.47,23.78,23.62,12.53,0,2,0.17097,-0.57189,437,225.240005
2017-01-03,2018-03-16,240.0,call,7.63,7.85,7.74,7.49,11,348,0.13195,0.37725,437,225.240005
2017-01-03,2018-03-16,240.0,put,24.04,24.35,24.2,11.92,0,67,0.17097,-0.58063,437,225.240005
2017-01-03,2018-03-16,245.0,call,5.73,5.95,5.84,2.86,0,182,0.12219,0.30748,437,225.240005
2017-01-03,2018-03-16,245.0,put,27.1,27.44,27.27,27.34,2,44,0.16122,-0.63447,437,225.240005
2017-01-03,2018-03-16,250.0,call,4.17,4.37,4.27,2.01,0,261,0.12219,0.25652,437,225.240005
2017-01-03,2018-03-16,250.0,put,30.48,30.85,30.66,15.69,0,13,0.16122,-0.67661,437,225.240005
2017-01-03,2018-03-16,255.0,call,2.95,3.14,3.04,2.86,5,978,0.11244,0.18863,437,225.240005
2017-01-03,2018-03-16,255.0,put,34.19,34.6,34.39,16.83,0,6,0.16122,-0.71583,437,225.240005
2017-01-03,2018-03-16,260.0,call,2.03,2.2,2.12,1.15,0,347,0.11244,0.14899,437,225.240005
2017-01-03,2018-03-16,260.0,put,38.17,38.65,38.41,19.03,0,6,0.16122,-0.75193,437,225.240005
2017-01-03,2018-03-16,265.0,call,1.4,1.52,1.46,1.45,1,172,0.11244,0.11592,437,225.240005
2017-01-03,2018-03-16,265.0,put,42.45,42.95,42.7,20.88,0,2,0.17097,-0.76828,437,225.240005
2017-01-03,2018-03-16,270.0,call,0.96,1.06,1.01,0.57,0,150,0.11244,0.0889,437,225.240005
2017-01-03,2018-03-16,270.0,put,46.93,47.45,47.19,23.74,0,11,0.17097,-0.79761,437,225.240005
2017-01-03,2018-03-16,275.0,call,0.67,0.75,0.71,0.45,0,101,0.11244,0.06724,437,225.240005
2017-01-03,2018-03-16,275.0,put,51.56,52.09,51.83,0.0,0,0,0.18073,-0.808,437,225.240005
2017-01-03,2018-03-16,280.0,call,0.46,0.55,0.51,0.25,0,520,0.11244,0.05018,437,225.240005
2017-01-03,2018-03-16,280.0,put,56.29,56.84,56.56,27.96,0,6,0.19048,-0.81647,437,225.240005
2017-01-03,2018-03-16,285.0,call,0.32,0.41,0.36,0.21,0,374,0.11244,0.03697,437,225.240005
2017-01-03,2018-03-16,285.0,put,61.09,61.65,61.37,30.37,0,21,0.19048,-0.83816,437,225.240005
2017-01-03,2018-03-16,290.0,call,0.23,0.32,0.28,0.18,0,934,0.11244,0.0269,437,225.240005
2017-01-03,2018-03-16,290.0,put,65.92,66.5,66.21,67.48,25,25,0.20024,-0.84323,437,225.240005
2017-01-03,2018-03-16,295.0,call,0.16,0.25,0.21,0.14,0,196,0.11244,0.01935,437,225.240005
2017-01-03,2018-03-16,295.0,put,70.8,71.38,71.09,0.0,0,0,0.21,-0.84731,437,225.240005
2017-01-03,2018-03-16,300.0,call,0.11,0.2,0.15,0.11,0,167,0.11244,0.01376,437,225.240005
2017-01-03,2018-03-16,300.0,put,75.69,76.28,75.98,0.0,0,370,0.21975,-0.85058,437,225.240005
2017-01-03,2018-03-16,305.0,call,0.08,0.17,0.12,0.0,0,0,0.11244,0.00969,437,225.240005
2017-01-03,2018-03-16,305.0,put,80.59,81.18,80.89,41.24,0,1278,0.21975,-0.86599,437,225.240005
2017-01-03,2018-03-16,310.0,call,0.05,0.14,0.1,0.06,0,50,0.12219,0.01182,437,225.240005
2017-01-03,2018-03-16,310.0,put,85.5,86.1,85.8,0.0,0,160,0.22951,-0.86755,437,225.240005
2017-01-03,2018-03-16,315.0,call,0.03,0.12,0.07,0.04,0,30,0.12219,0.00859,437,225.240005
2017-01-03,2018-03-16,315.0,put,90.41,91.04,90.72,0.0,0,140,0.23926,-0.86866,437,225.240005
2017-01-03,2018-03-16,320.0,call,0.02,0.11,0.07,0.0,0,0,0.12219,0.0062,437,225.240005
2017-01-03,2018-03-16,320.0,put,95.33,95.96,95.64,47.4,0,419,0.24902,-0.86939,437,225.240005
2017-01-03,2018-03-16,325.0,call,0.01,0.1,0.06,0.05,0,30,0.13195,0.00792,437,225.240005
2017-01-03,2018-03-16,325.0,put,100.28,100.92,100.6,50.24,0,573,0.24902,-0.88108,437,225.240005
2017-01-03,2018-06-15,25.0,call,199.76,200.7,200.23,0.0,0,0,0.01488,1.0,528,225.240005
2017-01-03,2018-06-15,30.0,call,194.77,195.71,195.24,0.0,0,0,0.01488,1.0,528,225.240005
2017-01-03,2018-06-15,35.0,call,189.79,190.72,190.25,0.0,0,0,0.01488,1.0,528,225.240005
2017-01-03,2018-06-15,40.0,call,184.8,185.72,185.26,0.0,0,0,0.01488,1.0,528,225.240005
2017-01-03,2018-06-15,45.0,call,179.82,180.73,180.27,0.0,0,0,0.01488,1.0,528,225.240005
2017-01-03,2018-06-15,45.0,put,0.01,0.07,0.04,0.04,0,12,0.4734,-0.00087,528,225.240005
2017-01-03,2018-06-15,50.0,call,174.84,175.74,175.29,0.0,0,0,0.01488,1.0,528,225.240005
2017-01-03,2018-06-15,50.0,put,0.03,0.09,0.06,0.06,0,15,0.46365,-0.00137,528,225.240005
2017-01-03,2018-06-15,55.0,call,169.85,170.75,170.3,0.0,0,0,0.01488,1.0,528,225.240005
2017-01-03,2018-06-15,55.0,put,0.05,0.1,0.08,0.04,0,12,0.45389,-0.00203,528,225.240005
2017-01-03,2018-06-15,60.0,call,164.87,165.75,165.31,0.0,0,0,0.01488,1.0,528,225.240005
2017-01-03,2018-06-15,60.0,put,0.07,0.13,0.1,0.05,0,41,0.43438,-0.00247,528,225.240005
2017-01-03,2018-06-15,65.0,call,159.88,160.76,160.32,0.0,0,0,0.01488,1.0,528,225.240005
2017-01-03,2018-06-15,65.0,put,0.09,0.15,0.12,0.06,0,44,0.41487,-0.0029,528,225.240005
2017-01-03,2018-06-15,70.0,call,154.9,155.77,155.34,0.0,0,0,0.01488,1.0,528,225.240005
2017-01-03,2018-06-15,70.0,put,0.13,0.19,0.16,0.1,0,76,0.40511,-0.00389,528,225.240005
2017-01-03,2018-06-15,75.0,call,149.92,150.78,150.35,0.0,0,0,0.01488,1.0,528,225.240005
2017-01-03,2018-06-15,75.0,put,0.17,0.2,0.18,0.13,0,10,0.3856,-0.00435,528,225.240005
2017-01-03,2018-06-15,80.0,call,144.92,145.77,145.34,0.0,0,0,0.01488,1.0,528,225.240005
2017-01-03,2018-06-15,80.0,put,0.22,0.28,0.25,0.14,0,21,0.3856,-0.00649,528,225.240005
2017-01-03,2018-06-15,85.0,call,139.95,140.79,140.37,0.0,0,0,0.01488,1.0,528,225.240005
2017-01-03,2018-06-15,85.0,put,0.28,0.34,0.31,0.15,0,70,0.37584,-0.00813,528,225.240005
2017-01-03,2018-06-15,90.0,call,134.96,135.8,135.38,0.0,0,0,0.01488,1.0,528,225.240005
2017-01-03,2018-06-15,90.0,put,0.35,0.41,0.38,0.21,0,207,0.36609,-0.01003,528,225.240005
2017-01-03,2018-06-15,95.0,call,129.98,130.81,130.39,0.0,0,0,0.01488,1.0,528,225.240005
2017-01-03,2018-06-15,95.0,put,0.44,0.49,0.46,0.27,0,22,0.35633,-0.0122,528,225.240005
2017-01-03,2018-06-15,100.0,call,124.99,125.81,125.4,63.38,0,0,0.01488,1.0,528,225.240005
2017-01-03,2018-06-15,100.0,put,0.54,0.6,0.57,0.31,0,43,0.34658,-0.01465,528,225.240005
2017-01-03,2018-06-15,105.0,call,120.02,120.83,120.42,60.88,0,20,0.01488,1.0,528,225.240005
2017-01-03,2018-06-15,105.0,put,0.66,0.72,0.69,0.39,0,12560,0.33682,-0.01743,528,225.240005
2017-01-03,2018-06-15,110.0,call,115.06,115.86,115.46,52.34,0,0,0.01488,1.0,528,225.240005
2017-01-03,2018-06-15,110.0,put,0.78,0.87,0.82,0.85,1,1073,0.32707,-0.02053,528,225.240005
2017-01-03,2018-06-15,115.0,call,110.11,110.88,110.5,0.0,0,0,0.01488,1.0,528,225.240005
2017-01-03,2018-06-15,115.0,put,0.94,1.03,0.98,1.02,7,44,0.32707,-0.02681,528,225.240005
2017-01-03,2018-06-15,120.0,call,105.18,105.93,105.56,0.0,0,0,0.01488,1.0,528,225.240005
2017-01-03,2018-06-15,120.0,put,1.12,1.22,1.17,0.62,0,4515,0.31731,-0.03104,528,225.240005
2017-01-03,2018-06-15,125.0,call,100.25,100.98,100.62,0.0,0,0,0.01488,1.0,528,225.240005
2017-01-03,2018-06-15,125.0,put,1.32,1.43,1.38,0.8,0,47,0.30755,-0.03572,528,225.240005
2017-01-03,2018-06-15,130.0,call,95.36,96.07,95.72,0.0,0,0,0.01488,1.0,528,225.240005
2017-01-03,2018-06-15,130.0,put,1.56,1.67,1.61,1.65,60,3347,0.2978,-0.0409,528,225.240005
2017-01-03,2018-06-15,135.0,call,90.49,91.19,90.84,0.0,0,0,0.01488,1.0,528,225.240005
2017-01-03,2018-06-15,135.0,put,1.83,1.94,1.89,1.1,0,12,0.2978,-0.05103,528,225.240005
2017-01-03,2018-06-15,140.0,call,85.67,86.37,86.02,40.31,0,4,0.01488,1.0,528,225.240005
2017-01-03,2018-06-15,140.0,put,2.13,2.25,2.19,1.18,0,82,0.28804,-0.05781,528,225.240005
2017-01-03,2018-06-15,145.0,call,80.9,81.58,81.24,34.55,0,3,0.01488,1.0,528,225.240005
2017-01-03,2018-06-15,145.0,put,2.47,2.59,2.53,2.68,100,218,0.27829,-0.0653,528,225.240005
2017-01-03,2018-06-15,150.0,call,76.2,76.85,76.53,31.78,0,16,0.01488,1.0,528,225.240005
2017-01-03,2018-06-15,150.0,put,2.86,2.97,2.92,1.58,0,434,0.27829,-0.0792,528,225.240005
2017-01-03,2018-06-15,155.0,call,71.54,72.19,71.87,29.58,0,128,0.1417,0.99021,528,225.240005
2017-01-03,2018-06-15,155.0,put,3.31,3.43,3.37,1.69,0,550,0.26853,-0.08879,528,225.240005
2017-01-03,2018-06-15,160.0,call,66.97,67.58,67.28,31.27,0,96,0.16122,0.97193,528,225.240005
2017-01-03,2018-06-15,160.0,put,3.81,3.95,3.88,2.1,0,579,0.25877,-0.09938,528,225.240005
2017-01-03,2018-06-15,165.0,call,62.46,63.06,62.76,25.81,0,33,0.17097,0.95182,528,225.240005
2017-01-03,2018-06-15,165.0,put,4.38,4.53,4.46,2.4,0,465,0.25877,-0.11776,528,225.240005
2017-01-03,2018-06-15,170.0,call,58.05,58.64,58.34,27.0,0,80,0.17097,0.93544,528,225.240005
2017-01-03,2018-06-15,170.0,put,5.02,5.18,5.1,2.56,0,440,0.24902,-0.13113,528,225.240005
2017-01-03,2018-06-15,175.0,call,53.72,54.27,54.0,22.6,0,10,0.17097,0.91568,528,225.240005
2017-01-03,2018-06-15,175.0,put,5.72,5.89,5.8,6.09,3,1030,0.23926,-0.14592,528,225.240005
2017-01-03,2018-06-15,180.0,call,49.49,50.03,49.76,25.0,0,10,0.17097,0.89243,528,225.240005
2017-01-03,2018-06-15,180.0,put,6.52,6.69,6.61,3.5,0,12277,0.23926,-0.16949,528,225.240005
2017-01-03,2018-06-15,185.0,call,45.36,45.86,45.61,17.57,0,8,0.17097,0.86571,528,225.240005
2017-01-03,2018-06-15,185.0,put,7.39,7.57,7.48,3.88,0,1534,0.22951,-0.18792,528,225.240005
2017-01-03,2018-06-15,190.0,call,41.35,41.84,41.59,20.8,0,124,0.17097,0.83563,528,225.240005
2017-01-03,2018-06-15,190.0,put,8.37,8.55,8.46,4.38,0,12845,0.22951,-0.21506,528,225.240005
2017-01-03,2018-06-15,195.0,call,37.45,37.93,37.69,37.57,7,93,0.17097,0.80243,528,225.240005
2017-01-03,2018-06-15,195.0,put,9.44,9.64,9.54,4.79,0,3000,0.21975,-0.2377,528,225.240005
2017-01-03,2018-06-15,200.0,call,33.66,34.14,33.9,17.41,0,41,0.17097,0.76645,528,225.240005
2017-01-03,2018-06-15,200.0,put,10.65,10.84,10.75,5.46,0,3659,0.21,-0.26283,528,225.240005
2017-01-03,2018-06-15,205.0,call,30.03,30.48,30.26,30.02,209,560,0.16122,0.73624,528,225.240005
2017-01-03,2018-06-15,205.0,put,11.98,12.18,12.08,6.59,0,2020,0.21,-0.29567,528,225.240005
2017-01-03,2018-06-15,210.0,call,26.52,26.97,26.74,13.01,0,2047,0.16122,0.6941,528,225.240005
2017-01-03,2018-06-15,210.0,put,13.45,13.66,13.55,7.22,0,2229,0.20024,-0.32601,528,225.240005
2017-01-03,2018-06-15,211.0,call,25.85,26.26,26.05,12.54,0,568,0.16122,0.68545,528,225.240005
2017-01-03,2018-06-15,211.0,put,13.75,13.97,13.86,9.85,0,567,0.20024,-0.33315,528,225.240005
2017-01-03,2018-06-15,212.0,call,25.17,25.61,25.39,9.44,0,1,0.16122,0.67675,528,225.240005
2017-01-03,2018-06-15,212.0,put,14.06,14.3,14.18,8.95,0,1,0.20024,-0.34032,528,225.240005
2017-01-03,2018-06-15,213.0,call,24.51,24.91,24.71,9.0,0,5,0.16122,0.66798,528,225.240005
2017-01-03,2018-06-15,213.0,put,14.39,14.62,14.5,7.33,0,72,0.20024,-0.34751,528,225.240005
2017-01-03,2018-06-15,214.0,call,23.86,24.25,24.05,12.76,0,790,0.16122,0.65917,528,225.240005
2017-01-03,2018-06-15,214.0,put,14.72,14.96,14.84,7.52,0,793,0.20024,-0.35472,528,225.240005
2017-01-03,2018-06-15,215.0,call,23.26,23.49,23.38,23.56,10,546,0.16122,0.65031,528,225.240005
2017-01-03,2018-06-15,215.0,put,15.07,15.3,15.19,15.33,2,2117,0.20024,-0.36195,528,225.240005
2017-01-03,2018-06-15,216.0,call,22.6,22.85,22.73,7.86,0,750,0.16122,0.64141,528,225.240005
2017-01-03,2018-06-15,216.0,put,15.41,15.63,15.52,15.7,1,752,0.20024,-0.36919,528,225.240005
2017-01-03,2018-06-15,217.0,call,21.96,22.19,22.08,11.74,0,811,0.15146,0.63611,528,225.240005
2017-01-03,2018-06-15,217.0,put,15.78,15.99,15.88,8.06,0,802,0.20024,-0.37645,528,225.240005
2017-01-03,2018-06-15,218.0,call,21.33,21.56,21.45,10.88,0,2,0.15146,0.62659,528,225.240005
2017-01-03,2018-06-15,218.0,put,16.13,16.36,16.24,0.0,0,0,0.19048,-0.38253,528,225.240005
2017-01-03,2018-06-15,219.0,call,20.66,21.03,20.84,10.57,0,3,0.15146,0.61704,528,225.240005
2017-01-03,2018-06-15,219.0,put,16.5,16.71,16.61,17.06,1,134,0.19048,-0.39018,528,225.240005
2017-01-03,2018-06-15,220.0,call,20.07,20.3,20.19,10.59,0,1399,0.15146,0.60746,528,225.240005
2017-01-03,2018-06-15,220.0,put,16.87,17.1,16.98,17.6,2,3007,0.19048,-0.39783,528,225.240005
2017-01-03,2018-06-15,221.0,call,19.46,19.7,19.58,8.96,0,11,0.15146,0.59786,528,225.240005
2017-01-03,2018-06-15,221.0,put,17.25,17.47,17.36,10.3,0,1,0.19048,-0.40549,528,225.240005
2017-01-03,2018-06-15,222.0,call,18.86,19.09,18.98,0.0,0,0,0.15146,0.58824,528,225.240005
2017-01-03,2018-06-15,222.0,put,17.65,17.86,17.75,9.63,0,272,0.19048,-0.41314,528,225.240005
2017-01-03,2018-06-15,223.0,call,18.27,18.5,18.38,9.36,0,6,0.15146,0.57862,528,225.240005
2017-01-03,2018-06-15,223.0,put,18.04,18.26,18.15,9.11,0,205,0.19048,-0.4208,528,225.240005
2017-01-03,2018-06-15,224.0,call,17.69,17.91,17.8,6.48,0,1,0.15146,0.56899,528,225.240005
2017-01-03,2018-06-15,224.0,put,18.45,18.68,18.56,9.52,0,33,0.19048,-0.42845,528,225.240005
2017-01-03,2018-06-15,225.0,call,17.1,17.32,17.21,8.2,0,858,0.15146,0.55936,528,225.240005
2017-01-03,2018-06-15,225.0,put,18.86,19.1,18.98,9.26,0,924,0.19048,-0.43609,528,225.240005
2017-01-03,2018-06-15,226.0,call,16.52,16.73,16.62,8.8,0,5,0.15146,0.54974,528,225.240005
2017-01-03,2018-06-15,226.0,put,19.29,19.51,19.4,9.47,0,37,0.19048,-0.44373,528,225.240005
2017-01-03,2018-06-15,227.0,call,15.96,16.18,16.07,4.48,0,4,0.15146,0.54013,528,225.240005
2017-01-03,2018-06-15,227.0,put,19.72,19.94,19.83,9.91,0,402,0.19048,-0.45135,528,225.240005
2017-01-03,2018-06-15,228.0,call,15.41,15.63,15.52,7.86,0,55,0.1417,0.52781,528,225.240005
2017-01-03,2018-06-15,228.0,put,20.16,20.4,20.28,10.15,0,1,0.18073,-0.46153,528,225.240005
2017-01-03,2018-06-15,229.0,call,14.87,15.09,14.98,8.09,0,15,0.1417,0.51759,528,225.240005
2017-01-03,2018-06-15,229.0,put,20.62,20.84,20.73,0.0,0,0,0.18073,-0.46953,528,225.240005
2017-01-03,2018-06-15,230.0,call,14.33,14.55,14.44,14.66,51,696,0.1417,0.50739,528,225.240005
2017-01-03,2018-06-15,230.0,put,21.08,21.3,21.19,10.93,0,80,0.18073,-0.47751,528,225.240005
2017-01-03,2018-06-15,231.0,call,13.82,14.02,13.92,7.15,0,0,0.1417,0.49724,528,225.240005
2017-01-03,2018-06-15,231.0,put,21.56,21.77,21.66,0.0,0,0,0.18073,-0.48547,528,225.240005
2017-01-03,2018-06-15,232.0,call,13.29,13.49,13.39,7.09,0,2,0.1417,0.48713,528,225.240005
2017-01-03,2018-06-15,232.0,put,22.01,22.25,22.13,12.55,0,1,0.18073,-0.49339,528,225.240005
2017-01-03,2018-06-15,233.0,call,12.79,12.99,12.89,4.63,0,1,0.1417,0.47707,528,225.240005
2017-01-03,2018-06-15,233.0,put,22.5,22.75,22.62,13.49,0,1,0.18073,-0.50129,528,225.240005
2017-01-03,2018-06-15,234.0,call,12.3,12.49,12.39,12.48,3,0,0.1417,0.46707,528,225.240005
2017-01-03,2018-06-15,234.0,put,23.0,23.25,23.12,0.0,0,0,0.18073,-0.50914,528,225.240005
2017-01-03,2018-06-15,235.0,call,11.82,12.01,11.91,5.97,0,289,0.1417,0.45713,528,225.240005
2017-01-03,2018-06-15,235.0,put,23.51,23.76,23.64,11.47,0,339,0.18073,-0.51697,528,225.240005
2017-01-03,2018-06-15,236.0,call,11.34,11.55,11.45,4.75,0,9,0.1417,0.44727,528,225.240005
2017-01-03,2018-06-15,236.0,put,24.03,24.28,24.16,0.0,0,0,0.18073,-0.52475,528,225.240005
2017-01-03,2018-06-15,237.0,call,10.87,11.06,10.96,0.0,0,0,0.1417,0.43747,528,225.240005
2017-01-03,2018-06-15,237.0,put,24.47,24.88,24.67,14.04,0,1,0.18073,-0.53249,528,225.240005
2017-01-03,2018-06-15,238.0,call,10.41,10.61,10.51,0.0,0,0,0.1417,0.42776,528,225.240005
2017-01-03,2018-06-15,238.0,put,25.02,25.41,25.21,14.28,0,1,0.18073,-0.54019,528,225.240005
2017-01-03,2018-06-15,239.0,call,9.97,10.17,10.07,0.0,0,0,0.13195,0.40744,528,225.240005
2017-01-03,2018-06-15,239.0,put,25.56,25.96,25.76,0.0,0,0,0.18073,-0.54783,528,225.240005
2017-01-03,2018-06-15,240.0,call,9.54,9.74,9.64,5.22,0,1965,0.13195,0.39726,528,225.240005
2017-01-03,2018-06-15,240.0,put,26.12,26.52,26.32,13.1,0,104,0.17097,-0.56333,528,225.240005
2017-01-03,2018-06-15,245.0,call,7.54,7.75,7.64,4.11,0,1093,0.13195,0.34813,528,225.240005
2017-01-03,2018-06-15,245.0,put,29.04,29.47,29.25,14.55,0,9,0.17097,-0.60245,528,225.240005
2017-01-03,2018-06-15,250.0,call,5.83,6.01,5.92,3.1,0,781,0.13195,0.30234,528,225.240005
2017-01-03,2018-06-15,250.0,put,32.22,32.7,32.46,16.75,0,37,0.17097,-0.63981,528,225.240005
2017-01-03,2018-06-15,255.0,call,4.4,4.58,4.49,2.44,0,805,0.12219,0.24011,528,225.240005
2017-01-03,2018-06-15,255.0,put,35.7,36.21,35.95,17.54,0,4,0.17097,-0.67517,528,225.240005
2017-01-03,2018-06-15,260.0,call,3.25,3.4,3.33,1.91,0,39,0.12219,0.20099,528,225.240005
2017-01-03,2018-06-15,260.0,put,39.48,40.0,39.74,19.81,0,19,0.17097,-0.70838,528,225.240005
2017-01-03,2018-06-15,265.0,call,2.35,2.49,2.42,1.17,0,549,0.11244,0.14369,528,225.240005
2017-01-03,2018-06-15,265.0,put,43.45,44.04,43.75,0.0,0,0,0.17097,-0.73934,528,225.240005
2017-01-03,2018-06-15,270.0,call,1.67,1.79,1.73,1.88,205,1511,0.11244,0.11466,528,225.240005
2017-01-03,2018-06-15,270.0,put,47.66,48.31,47.98,24.45,0,31,0.17097,-0.76798,528,225.240005
2017-01-03,2018-06-15,275.0,call,1.2,1.3,1.25,1.2,60,1348,0.11244,0.09048,528,225.240005
2017-01-03,2018-06-15,275.0,put,52.09,52.75,52.42,27.0,0,0,0.18073,-0.77807,528,225.240005
2017-01-03,2018-06-15,280.0,call,0.87,0.95,0.91,0.56,0,4882,0.11244,0.07064,528,225.240005
2017-01-03,2018-06-15,280.0,put,56.66,57.33,56.99,0.0,0,0,0.18073,-0.80194,528,225.240005
2017-01-03,2018-06-15,285.0,call,0.64,0.7,0.67,0.38,0,1,0.11244,0.05459,528,225.240005
2017-01-03,2018-06-15,285.0,put,61.35,62.03,61.69,0.0,0,0,0.19048,-0.8081,528,225.240005
2017-01-03,2018-06-15,300.0,call,0.25,0.35,0.3,0.18,0,468,0.11244,0.02378,528,225.240005
2017-01-03,2018-06-15,300.0,put,75.77,76.48,76.12,49.94,0,20,0.21,-0.83416,528,225.240005
2017-01-03,2018-06-15,305.0,call,0.18,0.29,0.23,0.12,0,1,0.11244,0.01771,528,225.240005
2017-01-03,2018-06-15,305.0,put,80.65,81.37,81.01,45.93,0,1,0.21,-0.84994,528,225.240005
2017-01-03,2018-06-15,310.0,call,0.13,0.24,0.18,0.1,0,13,0.11244,0.01308,528,225.240005
2017-01-03,2018-06-15,310.0,put,85.54,86.26,85.9,46.2,0,150,0.21975,-0.85088,528,225.240005
2017-01-03,2018-06-15,315.0,call,0.1,0.2,0.15,0.1,0,160,0.12219,0.01603,528,225.240005
2017-01-03,2018-06-15,315.0,put,90.44,91.17,90.81,91.91,27,27,0.22951,-0.8514,528,225.240005
2017-01-03,2018-06-15,320.0,call,0.07,0.18,0.12,0.08,0,198,0.12219,0.0122,528,225.240005
2017-01-03,2018-06-15,320.0,put,95.32,96.1,95.71,47.18,0,321,0.22951,-0.86423,528,225.240005
2017-01-03,2018-06-15,325.0,call,0.05,0.15,0.1,0.06,0,620,0.12219,0.00923,528,225.240005
2017-01-03,2018-06-15,325.0,put,100.25,101.03,100.64,49.77,0,470,0.23926,-0.8637,528,225.240005
2017-01-03,2018-06-15,330.0,call,0.03,0.14,0.09,0.07,0,400,0.12219,0.00694,528,225.240005
2017-01-03,2018-06-15,330.0,put,105.17,105.96,105.56,52.32,0,210,0.24902,-0.86293,528,225.240005
2017-01-03,2018-09-21,55.0,call,169.78,170.81,170.3,0.0,0,0,0.01488,1.0,626,225.240005
2017-01-03,2018-09-21,55.0,put,0.07,0.12,0.1,0.04,0,89,0.42462,-0.0023,626,225.240005
2017-01-03,2018-09-21,60.0,call,164.8,165.81,165.31,0.0,0,0,0.01488,1.0,626,225.240005
2017-01-03,2018-09-21,60.0,put,0.09,0.15,0.12,0.06,0,29,0.40511,-0.00272,626,225.240005
2017-01-03,2018-09-21,65.0,call,159.82,160.82,160.32,0.0,0,0,0.01488,1.0,626,225.240005
2017-01-03,2018-09-21,65.0,put,0.13,0.19,0.16,0.09,0,31,0.39536,-0.00367,626,225.240005
2017-01-03,2018-09-21,70.0,call,154.83,155.83,155.33,0.0,0,0,0.01488,1.0,626,225.240005
2017-01-03,2018-09-21,70.0,put,0.17,0.24,0.21,0.21,4,0,0.3856,-0.00481,626,225.240005
2017-01-03,2018-09-21,75.0,call,149.85,150.83,150.34,0.0,0,0,0.01488,1.0,626,225.240005
2017-01-03,2018-09-21,75.0,put,0.23,0.29,0.26,0.14,0,11,0.37584,-0.00615,626,225.240005
2017-01-03,2018-09-21,80.0,call,144.87,145.84,145.36,0.0,0,0,0.01488,1.0,626,225.240005
2017-01-03,2018-09-21,80.0,put,0.3,0.36,0.33,0.19,0,25,0.36609,-0.00771,626,225.240005
2017-01-03,2018-09-21,85.0,call,139.88,140.84,140.36,0.0,0,0,0.01488,1.0,626,225.240005
2017-01-03,2018-09-21,85.0,put,0.39,0.45,0.42,0.28,0,3,0.35633,-0.00949,626,225.240005
2017-01-03,2018-09-21,90.0,call,134.9,135.85,135.38,0.0,0,0,0.01488,1.0,626,225.240005
2017-01-03,2018-09-21,90.0,put,0.49,0.55,0.52,0.0,0,0,0.35633,-0.01309,626,225.240005
2017-01-03,2018-09-21,95.0,call,129.92,130.86,130.39,0.0,0,0,0.01488,1.0,626,225.240005
2017-01-03,2018-09-21,95.0,put,0.6,0.67,0.64,0.41,0,6,0.34658,-0.01562,626,225.240005
2017-01-03,2018-09-21,100.0,call,124.94,125.87,125.41,0.0,0,0,0.01488,1.0,626,225.240005
2017-01-03,2018-09-21,100.0,put,0.73,0.82,0.77,0.41,0,24,0.33682,-0.01844,626,225.240005
2017-01-03,2018-09-21,105.0,call,119.97,120.89,120.43,0.0,0,0,0.01488,1.0,626,225.240005
2017-01-03,2018-09-21,105.0,put,0.88,0.98,0.93,0.5,0,13008,0.32707,-0.02157,626,225.240005
2017-01-03,2018-09-21,110.0,call,115.01,115.91,115.46,0.0,0,0,0.01488,1.0,626,225.240005
2017-01-03,2018-09-21,110.0,put,1.06,1.17,1.11,0.95,0,30,0.31731,-0.02502,626,225.240005
2017-01-03,2018-09-21,115.0,call,110.07,110.94,110.5,0.0,0,0,0.01488,1.0,626,225.240005
2017-01-03,2018-09-21,115.0,put,1.27,1.38,1.32,1.07,0,16,0.31731,-0.03196,626,225.240005
2017-01-03,2018-09-21,120.0,call,105.14,106.0,105.57,0.0,0,0,0.01488,1.0,626,225.240005
2017-01-03,2018-09-21,120.0,put,1.51,1.62,1.56,1.02,0,19,0.30755,-0.0365,626,225.240005
2017-01-03,2018-09-21,125.0,call,100.24,101.08,100.66,0.0,0,0,0.01488,1.0,626,225.240005
2017-01-03,2018-09-21,125.0,put,1.77,1.89,1.83,1.07,0,11,0.2978,-0.04147,626,225.240005
2017-01-03,2018-09-21,130.0,call,95.37,96.2,95.78,0.0,0,0,0.01488,1.0,626,225.240005
2017-01-03,2018-09-21,130.0,put,2.07,2.19,2.13,2.22,2,94,0.2978,-0.0512,626,225.240005
2017-01-03,2018-09-21,135.0,call,90.56,91.37,90.97,0.0,0,0,0.01488,1.0,626,225.240005
2017-01-03,2018-09-21,135.0,put,2.4,2.53,2.46,1.29,0,12,0.28804,-0.05756,626,225.240005
2017-01-03,2018-09-21,140.0,call,85.79,86.59,86.19,38.43,0,1,0.01488,1.0,626,225.240005
2017-01-03,2018-09-21,140.0,put,2.78,2.91,2.84,1.51,0,110,0.27829,-0.0645,626,225.240005
2017-01-03,2018-09-21,145.0,call,81.09,81.87,81.48,36.64,0,3,0.01488,1.0,626,225.240005
2017-01-03,2018-09-21,145.0,put,3.21,3.33,3.27,1.85,0,16,0.27829,-0.07754,626,225.240005
2017-01-03,2018-09-21,150.0,call,76.46,77.22,76.84,34.39,0,6,0.01488,1.0,626,225.240005
2017-01-03,2018-09-21,150.0,put,3.69,3.82,3.75,1.92,0,148,0.26853,-0.08628,626,225.240005
2017-01-03,2018-09-21,155.0,call,71.91,72.65,72.28,32.12,0,8,0.1417,0.98491,626,225.240005
2017-01-03,2018-09-21,155.0,put,4.22,4.38,4.3,2.19,0,215,0.26853,-0.1019,626,225.240005
2017-01-03,2018-09-21,160.0,call,67.44,68.16,67.8,29.92,0,9,0.16122,0.96238,626,225.240005
2017-01-03,2018-09-21,160.0,put,4.82,4.99,4.91,2.42,0,5,0.25877,-0.11276,626,225.240005
2017-01-03,2018-09-21,165.0,call,63.05,63.76,63.41,31.25,0,8,0.17097,0.93973,626,225.240005
2017-01-03,2018-09-21,165.0,put,5.49,5.66,5.58,2.88,0,47,0.25877,-0.1311,626,225.240005
2017-01-03,2018-09-21,170.0,call,58.75,59.45,59.1,25.61,0,7,0.17097,0.92207,626,225.240005
2017-01-03,2018-09-21,170.0,put,6.22,6.41,6.31,3.3,0,76,0.24902,-0.14445,626,225.240005
2017-01-03,2018-09-21,175.0,call,54.55,55.15,54.85,24.52,0,6,0.17097,0.90142,626,225.240005
2017-01-03,2018-09-21,175.0,put,7.04,7.22,7.13,3.65,0,52,0.23926,-0.15908,626,225.240005
2017-01-03,2018-09-21,180.0,call,50.44,51.04,50.74,20.11,0,5,0.17097,0.87776,626,225.240005
2017-01-03,2018-09-21,180.0,put,7.93,8.12,8.02,8.12,1,13138,0.23926,-0.18185,626,225.240005
2017-01-03,2018-09-21,185.0,call,46.44,47.02,46.73,23.6,0,15,0.17097,0.85118,626,225.240005
2017-01-03,2018-09-21,185.0,put,8.91,9.1,9.0,4.71,0,78,0.22951,-0.19968,626,225.240005
2017-01-03,2018-09-21,190.0,call,42.56,43.12,42.84,21.88,0,15,0.17097,0.82184,626,225.240005
2017-01-03,2018-09-21,190.0,put,9.99,10.19,10.09,10.38,1,18,0.22951,-0.22542,626,225.240005
2017-01-03,2018-09-21,195.0,call,38.77,39.34,39.06,20.05,0,19,0.17097,0.78999,626,225.240005
2017-01-03,2018-09-21,195.0,put,11.17,11.37,11.27,5.46,0,34,0.21975,-0.24693,626,225.240005
2017-01-03,2018-09-21,200.0,call,35.11,35.67,35.39,18.35,0,13,0.17097,0.75594,626,225.240005
2017-01-03,2018-09-21,200.0,put,12.46,12.67,12.57,6.14,0,49,0.21975,-0.27552,626,225.240005
2017-01-03,2018-09-21,205.0,call,31.61,32.12,31.86,15.84,0,43,0.16122,0.72746,626,225.240005
2017-01-03,2018-09-21,205.0,put,13.87,14.1,13.98,6.89,0,33,0.21,-0.30117,626,225.240005
2017-01-03,2018-09-21,210.0,call,28.22,28.71,28.46,14.29,0,35,0.16122,0.68829,626,225.240005
2017-01-03,2018-09-21,210.0,put,15.43,15.67,15.55,8.17,0,60,0.21,-0.33236,626,225.240005
2017-01-03,2018-09-21,215.0,call,25.07,25.35,25.21,12.66,0,28,0.16122,0.64786,626,225.240005
2017-01-03,2018-09-21,215.0,put,17.12,17.36,17.24,8.85,0,205,0.20024,-0.36253,626,225.240005
2017-01-03,2018-09-21,220.0,call,21.97,22.24,22.1,11.15,0,545,0.15146,0.60831,626,225.240005
2017-01-03,2018-09-21,220.0,put,18.99,19.22,19.1,19.59,2,592,0.20024,-0.39587,626,225.240005
2017-01-03,2018-09-21,225.0,call,19.06,19.3,19.18,10.0,0,42,0.15146,0.5642,626,225.240005
2017-01-03,2018-09-21,225.0,put,21.01,21.26,21.14,10.52,0,50,0.19048,-0.43078,626,225.240005
2017-01-03,2018-09-21,230.0,call,16.35,16.6,16.48,8.67,0,184,0.15146,0.52026,626,225.240005
2017-01-03,2018-09-21,230.0,put,23.23,23.49,23.36,11.57,0,43,0.19048,-0.46562,626,225.240005
2017-01-03,2018-09-21,235.0,call,13.82,14.06,13.94,6.82,0,150,0.1417,0.47019,626,225.240005
2017-01-03,2018-09-21,235.0,put,25.65,25.91,25.78,13.13,0,30,0.18073,-0.50521,626,225.240005
2017-01-03,2018-09-21,240.0,call,11.52,11.75,11.63,5.66,0,80,0.1417,0.42534,626,225.240005
2017-01-03,2018-09-21,240.0,put,28.15,28.65,28.4,14.0,0,121,0.18073,-0.54063,626,225.240005
2017-01-03,2018-09-21,245.0,call,9.44,9.66,9.55,4.88,0,77,0.1417,0.38234,626,225.240005
2017-01-03,2018-09-21,245.0,put,30.98,31.51,31.25,15.56,0,15,0.18073,-0.575,626,225.240005
2017-01-03,2018-09-21,250.0,call,7.61,7.84,7.72,4.06,0,150,0.13195,0.32576,626,225.240005
2017-01-03,2018-09-21,250.0,put,34.04,34.6,34.32,17.15,0,17,0.17097,-0.61917,626,225.240005
2017-01-03,2018-09-21,255.0,call,6.05,6.25,6.15,3.13,0,14,0.13195,0.28561,626,225.240005
2017-01-03,2018-09-21,255.0,put,37.35,37.93,37.64,18.89,0,5,0.17097,-0.65237,626,225.240005
2017-01-03,2018-09-21,260.0,call,4.72,4.91,4.81,2.81,0,3,0.12219,0.22781,626,225.240005
2017-01-03,2018-09-21,260.0,put,40.9,41.51,41.2,41.15,26,35,0.17097,-0.68384,626,225.240005
2017-01-03,2018-09-21,265.0,call,3.61,3.79,3.7,1.89,0,18,0.12219,0.19349,626,225.240005
2017-01-03,2018-09-21,265.0,put,44.68,45.32,45.0,22.22,0,2,0.17097,-0.71346,626,225.240005
2017-01-03,2018-09-21,270.0,call,2.71,2.88,2.79,1.46,0,32,0.12219,0.16307,626,225.240005
2017-01-03,2018-09-21,270.0,put,48.7,49.36,49.03,24.13,0,24,0.17097,-0.74119,626,225.240005
2017-01-03,2018-09-21,275.0,call,2.02,2.16,2.09,1.04,0,5,0.12219,0.13641,626,225.240005
2017-01-03,2018-09-21,275.0,put,52.92,53.6,53.26,0.0,0,0,0.17097,-0.76699,626,225.240005
2017-01-03,2018-09-21,280.0,call,1.5,1.62,1.56,0.73,0,112,0.11244,0.09218,626,225.240005
2017-01-03,2018-09-21,280.0,put,57.27,58.01,57.64,0.0,0,0,0.18073,-0.77437,626,225.240005
2017-01-03,2018-09-21,285.0,call,1.12,1.23,1.18,1.22,1,6,0.11244,0.07386,626,225.240005
2017-01-03,2018-09-21,285.0,put,61.83,62.54,62.19,30.67,0,1,0.18073,-0.79619,626,225.240005
2017-01-03,2018-12-21,10.0,call,214.59,215.83,215.21,104.56,0,0,0.01488,1.0,717,225.240005
2017-01-03,2018-12-21,15.0,call,209.6,210.83,210.22,0.0,0,0,0.01488,1.0,717,225.240005
2017-01-03,2018-12-21,20.0,call,204.62,205.83,205.23,0.0,0,0,0.01488,1.0,717,225.240005
2017-01-03,2018-12-21,25.0,call,199.62,200.83,200.23,99.5,0,0,0.01488,1.0,717,225.240005
2017-01-03,2018-12-21,30.0,call,194.65,195.84,195.25,0.0,0,0,0.01488,1.0,717,225.240005
2017-01-03,2018-12-21,35.0,call,189.66,190.84,190.25,0.0,0,0,0.01488,1.0,717,225.240005
2017-01-03,2018-12-21,35.0,put,0.01,0.07,0.04,0.02,0,785,0.4734,-0.0008,717,225.240005
2017-01-03,2018-12-21,40.0,call,184.68,185.85,185.26,0.0,0,0,0.01488,1.0,717,225.240005
2017-01-03,2018-12-21,40.0,put,0.03,0.09,0.06,0.04,0,1454,0.46365,-0.00133,717,225.240005
2017-01-03,2018-12-21,45.0,call,179.69,180.85,180.27,0.0,0,0,0.01488,1.0,717,225.240005
2017-01-03,2018-12-21,45.0,put,0.05,0.11,0.08,0.04,0,2323,0.44414,-0.00175,717,225.240005
2017-01-03,2018-12-21,50.0,call,174.72,175.86,175.29,82.17,0,0,0.01488,1.0,717,225.240005
2017-01-03,2018-12-21,50.0,put,0.07,0.13,0.1,0.08,151,7047,0.42462,-0.0022,717,225.240005
2017-01-03,2018-12-21,55.0,call,169.73,170.87,170.3,0.0,0,0,0.01488,1.0,717,225.240005
2017-01-03,2018-12-21,55.0,put,0.1,0.17,0.14,0.07,0,975,0.41487,-0.00309,717,225.240005
2017-01-03,2018-12-21,60.0,call,164.75,165.87,165.31,0.0,0,0,0.01488,1.0,717,225.240005
2017-01-03,2018-12-21,60.0,put,0.14,0.21,0.17,0.08,0,920,0.39536,-0.0036,717,225.240005
2017-01-03,2018-12-21,65.0,call,159.77,160.88,160.32,0.0,0,0,0.01488,1.0,717,225.240005
2017-01-03,2018-12-21,65.0,put,0.19,0.26,0.23,0.22,5,4686,0.3856,-0.00475,717,225.240005
2017-01-03,2018-12-21,70.0,call,154.79,155.88,155.33,0.0,0,0,0.01488,1.0,717,225.240005
2017-01-03,2018-12-21,70.0,put,0.28,0.32,0.3,0.18,0,3451,0.37584,-0.0061,717,225.240005
2017-01-03,2018-12-21,75.0,call,149.8,150.89,150.34,0.0,0,0,0.01488,1.0,717,225.240005
2017-01-03,2018-12-21,75.0,put,0.33,0.4,0.36,0.2,0,1209,0.36609,-0.00765,717,225.240005
2017-01-03,2018-12-21,80.0,call,144.82,145.89,145.35,0.0,0,0,0.01488,1.0,717,225.240005
2017-01-03,2018-12-21,80.0,put,0.42,0.49,0.45,0.24,0,1336,0.35633,-0.00943,717,225.240005
2017-01-03,2018-12-21,85.0,call,139.83,140.89,140.36,0.0,0,0,0.01488,1.0,717,225.240005
2017-01-03,2018-12-21,85.0,put,0.53,0.6,0.56,0.58,2,3338,0.35633,-0.01298,717,225.240005
2017-01-03,2018-12-21,90.0,call,134.85,135.9,135.38,68.38,0,0,0.01488,1.0,717,225.240005
2017-01-03,2018-12-21,90.0,put,0.66,0.73,0.7,0.71,10,2256,0.34658,-0.01546,717,225.240005
2017-01-03,2018-12-21,95.0,call,129.87,130.91,130.39,65.98,0,0,0.01488,1.0,717,225.240005
2017-01-03,2018-12-21,95.0,put,0.79,0.9,0.84,0.44,0,883,0.33682,-0.01821,717,225.240005
2017-01-03,2018-12-21,100.0,call,124.9,125.92,125.41,62.95,0,39,0.01488,1.0,717,225.240005
2017-01-03,2018-12-21,100.0,put,1.02,1.07,1.04,1.06,8,4826,0.33682,-0.02365,717,225.240005
2017-01-03,2018-12-21,105.0,call,119.93,120.93,120.43,60.91,0,9,0.01488,1.0,717,225.240005
2017-01-03,2018-12-21,105.0,put,1.15,1.27,1.21,0.64,0,612,0.32707,-0.02728,717,225.240005
2017-01-03,2018-12-21,110.0,call,114.99,115.95,115.47,58.41,0,16,0.01488,1.0,717,225.240005
2017-01-03,2018-12-21,110.0,put,1.38,1.5,1.44,1.4,25,15326,0.31731,-0.03123,717,225.240005
2017-01-03,2018-12-21,115.0,call,110.05,110.99,110.52,55.88,0,2,0.01488,1.0,717,225.240005
2017-01-03,2018-12-21,115.0,put,1.63,1.76,1.69,1.68,10,395,0.30755,-0.03553,717,225.240005
2017-01-03,2018-12-21,120.0,call,105.13,106.06,105.59,53.84,0,14,0.01488,1.0,717,225.240005
2017-01-03,2018-12-21,120.0,put,1.96,2.05,2.0,2.06,6,3454,0.30755,-0.04397,717,225.240005
2017-01-03,2018-12-21,125.0,call,100.25,101.16,100.7,50.67,0,50,0.01488,1.0,717,225.240005
2017-01-03,2018-12-21,125.0,put,2.23,2.37,2.3,2.32,5,434,0.2978,-0.04941,717,225.240005
2017-01-03,2018-12-21,130.0,call,95.42,96.31,95.87,45.3,0,211,0.01488,1.0,717,225.240005
2017-01-03,2018-12-21,130.0,put,2.57,2.74,2.66,2.76,5,7179,0.28804,-0.05531,717,225.240005
2017-01-03,2018-12-21,135.0,call,90.63,91.51,91.07,37.45,0,57,0.01488,1.0,717,225.240005
2017-01-03,2018-12-21,135.0,put,2.97,3.13,3.05,3.12,10,1193,0.28804,-0.06656,717,225.240005
2017-01-03,2018-12-21,140.0,call,85.93,86.78,86.36,41.18,0,384,0.01488,1.0,717,225.240005
2017-01-03,2018-12-21,140.0,put,3.4,3.58,3.49,3.6,15,4346,0.27829,-0.07389,717,225.240005
2017-01-03,2018-12-21,145.0,call,81.28,82.12,81.7,40.83,0,112,0.01488,1.0,717,225.240005
2017-01-03,2018-12-21,145.0,put,3.91,4.09,4.0,4.0,10,1783,0.27829,-0.08732,717,225.240005
2017-01-03,2018-12-21,150.0,call,76.73,77.52,77.12,76.21,1,324,0.01488,1.0,717,225.240005
2017-01-03,2018-12-21,150.0,put,4.47,4.66,4.56,4.68,9,2789,0.26853,-0.09632,717,225.240005
2017-01-03,2018-12-21,155.0,call,72.25,73.06,72.66,33.44,0,374,0.1417,0.97964,717,225.240005
2017-01-03,2018-12-21,155.0,put,5.09,5.28,5.19,5.37,4,1486,0.26853,-0.11206,717,225.240005
2017-01-03,2018-12-21,160.0,call,67.85,68.57,68.21,34.4,0,278,0.15146,0.96232,717,225.240005
2017-01-03,2018-12-21,160.0,put,5.77,5.97,5.87,6.07,2,4685,0.25877,-0.12302,717,225.240005
2017-01-03,2018-12-21,165.0,call,63.55,64.27,63.91,32.01,0,769,0.16122,0.93915,717,225.240005
2017-01-03,2018-12-21,165.0,put,6.51,6.72,6.62,6.74,40,6496,0.24902,-0.13493,717,225.240005
2017-01-03,2018-12-21,170.0,call,59.34,60.07,59.7,28.92,0,1489,0.17097,0.91119,717,225.240005
2017-01-03,2018-12-21,170.0,put,7.33,7.55,7.44,7.6,15,4833,0.24902,-0.15438,717,225.240005
2017-01-03,2018-12-21,175.0,call,55.25,55.92,55.59,26.89,0,576,0.17097,0.89011,717,225.240005
2017-01-03,2018-12-21,175.0,put,8.22,8.45,8.34,8.63,11,2679,0.23926,-0.16879,717,225.240005
2017-01-03,2018-12-21,180.0,call,51.24,51.9,51.57,50.81,2,1594,0.17097,0.86641,717,225.240005
2017-01-03,2018-12-21,180.0,put,9.2,9.42,9.31,9.41,4,3449,0.23926,-0.19081,717,225.240005
2017-01-03,2018-12-21,185.0,call,47.34,47.98,47.66,47.6,600,460,0.17097,0.84019,717,225.240005
2017-01-03,2018-12-21,185.0,put,10.26,10.49,10.38,10.45,1,1387,0.22951,-0.20811,717,225.240005
2017-01-03,2018-12-21,190.0,call,43.55,44.18,43.86,43.09,4,3577,0.17097,0.81164,717,225.240005
2017-01-03,2018-12-21,190.0,put,11.42,11.65,11.54,11.74,5036,18139,0.22951,-0.23267,717,225.240005
2017-01-03,2018-12-21,195.0,call,39.88,40.49,40.19,20.61,0,661,0.17097,0.78099,717,225.240005
2017-01-03,2018-12-21,195.0,put,12.69,12.92,12.8,12.88,1,1528,0.21975,-0.25329,717,225.240005
2017-01-03,2018-12-21,200.0,call,36.31,36.9,36.61,35.83,7,2852,0.17097,0.74854,717,225.240005
2017-01-03,2018-12-21,200.0,put,14.06,14.3,14.18,7.57,0,8369,0.21975,-0.28029,717,225.240005
2017-01-03,2018-12-21,205.0,call,32.88,33.45,33.17,32.6,15,2459,0.16122,0.72142,717,225.240005
2017-01-03,2018-12-21,205.0,put,15.54,15.79,15.66,16.16,5021,5095,0.21,-0.30463,717,225.240005
2017-01-03,2018-12-21,210.0,call,29.59,30.17,29.88,30.35,562,27465,0.16122,0.68453,717,225.240005
2017-01-03,2018-12-21,210.0,put,17.15,17.42,17.29,17.8,1,6837,0.21,-0.33387,717,225.240005
2017-01-03,2018-12-21,211.0,call,28.95,29.5,29.23,12.34,0,66,0.16122,0.67702,717,225.240005
2017-01-03,2018-12-21,211.0,put,17.5,17.76,17.63,9.08,0,64,0.21,-0.33976,717,225.240005
2017-01-03,2018-12-21,212.0,call,28.31,28.87,28.59,14.66,0,2,0.16122,0.66947,717,225.240005
2017-01-03,2018-12-21,212.0,put,17.85,18.1,17.98,8.77,0,545,0.21,-0.34567,717,225.240005
2017-01-03,2018-12-21,213.0,call,27.68,28.25,27.96,10.92,0,4,0.16122,0.66189,717,225.240005
2017-01-03,2018-12-21,213.0,put,18.19,18.45,18.32,9.2,0,431,0.21,-0.35158,717,225.240005
2017-01-03,2018-12-21,214.0,call,27.25,27.53,27.39,11.47,0,38,0.16122,0.65428,717,225.240005
2017-01-03,2018-12-21,214.0,put,18.56,18.81,18.68,9.35,0,106,0.21,-0.3575,717,225.240005
2017-01-03,2018-12-21,215.0,call,26.62,26.91,26.77,26.22,27,8108,0.16122,0.64664,717,225.240005
2017-01-03,2018-12-21,215.0,put,18.92,19.17,19.05,19.56,1,2170,0.21,-0.36343,717,225.240005
2017-01-03,2018-12-21,216.0,call,25.82,26.38,26.1,13.03,0,353,0.16122,0.63898,717,225.240005
2017-01-03,2018-12-21,216.0,put,19.29,19.54,19.41,19.88,3,118,0.20024,-0.36852,717,225.240005
2017-01-03,2018-12-21,217.0,call,25.35,25.65,25.5,13.3,0,162,0.16122,0.6313,717,225.240005
2017-01-03,2018-12-21,217.0,put,19.66,19.92,19.79,10.5,0,120,0.20024,-0.37474,717,225.240005
2017-01-03,2018-12-21,218.0,call,24.76,25.03,24.9,12.58,0,70,0.16122,0.6236,717,225.240005
2017-01-03,2018-12-21,218.0,put,20.04,20.3,20.17,20.65,12,39,0.20024,-0.38097,717,225.240005
2017-01-03,2018-12-21,219.0,call,24.17,24.45,24.31,12.24,0,27,0.16122,0.61589,717,225.240005
2017-01-03,2018-12-21,219.0,put,20.43,20.68,20.55,10.5,0,30,0.20024,-0.3872,717,225.240005
2017-01-03,2018-12-21,220.0,call,23.57,23.86,23.71,23.26,5,2118,0.16122,0.60816,717,225.240005
2017-01-03,2018-12-21,220.0,put,20.82,21.08,20.95,21.55,10,1437,0.20024,-0.39343,717,225.240005
2017-01-03,2018-12-21,221.0,call,23.01,23.27,23.14,12.13,0,18,0.16122,0.60043,717,225.240005
2017-01-03,2018-12-21,221.0,put,21.22,21.48,21.35,0.0,0,0,0.20024,-0.39966,717,225.240005
2017-01-03,2018-12-21,222.0,call,22.43,22.7,22.56,11.75,0,49,0.15146,0.59308,717,225.240005
2017-01-03,2018-12-21,222.0,put,21.63,21.88,21.75,10.44,0,29,0.20024,-0.40588,717,225.240005
2017-01-03,2018-12-21,223.0,call,21.86,22.14,22.0,11.6,0,13,0.15146,0.58484,717,225.240005
2017-01-03,2018-12-21,223.0,put,22.04,22.3,22.17,22.65,3,25,0.20024,-0.4121,717,225.240005
2017-01-03,2018-12-21,224.0,call,21.27,21.56,21.41,11.0,0,412,0.15146,0.57661,717,225.240005
2017-01-03,2018-12-21,224.0,put,22.45,22.72,22.59,0.0,0,0,0.20024,-0.41832,717,225.240005
2017-01-03,2018-12-21,225.0,call,20.7,20.96,20.83,20.27,42,3734,0.15146,0.56837,717,225.240005
2017-01-03,2018-12-21,225.0,put,22.95,23.15,23.05,23.2,33,43976,0.20024,-0.42453,717,225.240005
2017-01-03,2018-12-21,226.0,call,20.15,20.42,20.29,10.39,0,47,0.15146,0.56015,717,225.240005
2017-01-03,2018-12-21,226.0,put,23.31,23.59,23.45,0.0,0,0,0.20024,-0.43073,717,225.240005
2017-01-03,2018-12-21,227.0,call,19.61,19.88,19.74,9.88,0,47,0.15146,0.55193,717,225.240005
2017-01-03,2018-12-21,227.0,put,23.75,24.03,23.89,11.88,0,15,0.20024,-0.43692,717,225.240005
2017-01-03,2018-12-21,228.0,call,19.08,19.35,19.21,10.0,0,660,0.15146,0.54373,717,225.240005
2017-01-03,2018-12-21,228.0,put,24.2,24.47,24.34,12.24,0,193,0.19048,-0.44574,717,225.240005
2017-01-03,2018-12-21,229.0,call,18.55,18.83,18.69,9.23,0,14,0.15146,0.53555,717,225.240005
2017-01-03,2018-12-21,229.0,put,24.65,24.93,24.79,0.0,0,0,0.19048,-0.45223,717,225.240005
2017-01-03,2018-12-21,230.0,call,18.04,18.3,18.17,17.88,1,3798,0.15146,0.52739,717,225.240005
2017-01-03,2018-12-21,230.0,put,25.11,25.39,25.25,12.98,0,2418,0.19048,-0.4587,717,225.240005
2017-01-03,2018-12-21,231.0,call,17.52,17.8,17.66,8.73,0,21,0.15146,0.51925,717,225.240005
2017-01-03,2018-12-21,231.0,put,25.57,25.86,25.71,0.0,0,0,0.19048,-0.46515,717,225.240005
2017-01-03,2018-12-21,232.0,call,16.98,17.24,17.11,8.56,0,179,0.15146,0.51113,717,225.240005
2017-01-03,2018-12-21,232.0,put,26.05,26.33,26.19,0.0,0,0,0.19048,-0.47158,717,225.240005
2017-01-03,2018-12-21,233.0,call,16.47,16.75,16.61,8.32,0,611,0.15146,0.50305,717,225.240005
2017-01-03,2018-12-21,233.0,put,26.53,26.82,26.68,13.13,0,220,0.19048,-0.478,717,225.240005
2017-01-03,2018-12-21,234.0,call,15.99,16.26,16.12,8.07,0,18,0.15146,0.495,717,225.240005
2017-01-03,2018-12-21,234.0,put,27.02,27.31,27.16,13.37,0,172,0.19048,-0.48439,717,225.240005
2017-01-03,2018-12-21,235.0,call,15.51,15.78,15.64,7.91,0,1074,0.15146,0.48699,717,225.240005
2017-01-03,2018-12-21,235.0,put,27.52,27.81,27.66,14.17,0,197,0.19048,-0.49076,717,225.240005
2017-01-03,2018-12-21,236.0,call,15.05,15.31,15.18,7.6,0,68,0.15146,0.47902,717,225.240005
2017-01-03,2018-12-21,236.0,put,28.03,28.31,28.17,13.87,0,125,0.19048,-0.4971,717,225.240005
2017-01-03,2018-12-21,237.0,call,14.58,14.84,14.71,7.33,0,8,0.1417,0.46348,717,225.240005
2017-01-03,2018-12-21,237.0,put,28.54,28.83,28.68,14.08,0,1,0.19048,-0.50342,717,225.240005
2017-01-03,2018-12-21,238.0,call,14.12,14.39,14.25,7.12,0,154,0.1417,0.45507,717,225.240005
2017-01-03,2018-12-21,238.0,put,29.06,29.34,29.2,14.39,0,101,0.19048,-0.50971,717,225.240005
2017-01-03,2018-12-21,239.0,call,13.63,13.9,13.77,6.9,0,197,0.1417,0.44671,717,225.240005
2017-01-03,2018-12-21,239.0,put,29.58,29.87,29.73,14.71,0,1,0.19048,-0.51598,717,225.240005
2017-01-03,2018-12-21,240.0,call,13.19,13.45,13.32,13.22,15,4184,0.1417,0.43841,717,225.240005
2017-01-03,2018-12-21,240.0,put,30.12,30.41,30.27,15.47,0,963,0.19048,-0.52221,717,225.240005
2017-01-03,2018-12-21,245.0,call,11.11,11.36,11.23,5.42,0,1602,0.1417,0.39789,717,225.240005
2017-01-03,2018-12-21,245.0,put,32.72,33.31,33.02,16.8,0,462,0.18073,-0.56125,717,225.240005
2017-01-03,2018-12-21,250.0,call,9.23,9.46,9.35,9.15,7,16615,0.1417,0.35922,717,225.240005
2017-01-03,2018-12-21,250.0,put,35.7,36.32,36.01,18.24,0,227,0.18073,-0.59247,717,225.240005
2017-01-03,2018-12-21,255.0,call,7.54,7.78,7.66,7.83,14,728,0.13195,0.30556,717,225.240005
2017-01-03,2018-12-21,255.0,put,38.9,39.54,39.22,19.88,0,24,0.18073,-0.62251,717,225.240005
2017-01-03,2018-12-21,260.0,call,6.08,6.3,6.19,5.95,7,454,0.13195,0.26979,717,225.240005
2017-01-03,2018-12-21,260.0,put,42.3,42.97,42.63,21.59,0,28,0.18073,-0.65127,717,225.240005
2017-01-03,2018-12-21,265.0,call,4.82,5.03,4.93,5.19,6,1155,0.13195,0.23685,717,225.240005
2017-01-03,2018-12-21,265.0,put,45.94,46.61,46.27,22.57,0,35,0.17097,-0.69304,717,225.240005
2017-01-03,2018-12-21,270.0,call,3.76,3.96,3.86,4.07,3,4287,0.12219,0.18485,717,225.240005
2017-01-03,2018-12-21,270.0,put,49.75,50.47,50.11,25.58,0,637,0.17097,-0.71988,717,225.240005
2017-01-03,2018-12-21,275.0,call,2.91,3.09,3.0,2.89,37,8362,0.12219,0.15765,717,225.240005
2017-01-03,2018-12-21,275.0,put,53.77,54.52,54.15,33.36,0,219,0.18073,-0.72913,717,225.240005
2017-01-03,2018-12-21,280.0,call,2.23,2.4,2.31,2.26,80,2021,0.12219,0.13363,717,225.240005
2017-01-03,2018-12-21,280.0,put,58.0,58.75,58.38,29.74,0,20,0.18073,-0.75216,717,225.240005
2017-01-03,2018-12-21,285.0,call,1.7,1.86,1.78,1.76,12,2670,0.12219,0.11262,717,225.240005
2017-01-03,2018-12-21,285.0,put,62.36,63.15,62.75,30.9,0,1,0.18073,-0.77373,717,225.240005
2017-01-03,2018-12-21,290.0,call,1.31,1.44,1.38,1.51,23,1570,0.12219,0.09438,717,225.240005
2017-01-03,2018-12-21,290.0,put,66.88,67.67,67.28,36.38,0,3,0.18073,-0.79385,717,225.240005
2017-01-03,2018-12-21,295.0,call,1.02,1.13,1.07,1.16,1,411,0.12219,0.07867,717,225.240005
2017-01-03,2018-12-21,295.0,put,71.44,72.3,71.87,38.82,0,85,0.19048,-0.79632,717,225.240005
2017-01-03,2018-12-21,300.0,call,0.8,0.89,0.84,0.93,132,9959,0.11244,0.04869,717,225.240005
2017-01-03,2018-12-21,300.0,put,76.14,77.02,76.58,38.92,0,23,0.19048,-0.81367,717,225.240005
2017-01-03,2018-12-21,305.0,call,0.62,0.72,0.67,0.45,0,797,0.12219,0.05384,717,225.240005
2017-01-03,2018-12-21,305.0,put,80.93,81.8,81.37,82.44,34,82,0.20024,-0.81424,717,225.240005
2017-01-03,2018-12-21,310.0,call,0.48,0.59,0.53,0.29,0,3929,0.12219,0.04422,717,225.240005
2017-01-03,2018-12-21,310.0,put,85.71,86.62,86.16,0.0,0,193,0.20024,-0.82934,717,225.240005
2017-01-03,2018-12-21,315.0,call,0.37,0.49,0.43,0.25,0,1927,0.12219,0.03616,717,225.240005
2017-01-03,2018-12-21,315.0,put,90.55,91.46,91.0,92.26,25,365,0.21,-0.82853,717,225.240005
2017-01-03,2018-12-21,320.0,call,0.29,0.42,0.35,0.36,18,1417,0.12219,0.02944,717,225.240005
2017-01-03,2018-12-21,320.0,put,95.41,96.34,95.88,47.1,0,410,0.21975,-0.82742,717,225.240005
2017-01-03,2018-12-21,325.0,call,0.22,0.37,0.29,0.3,38,2351,0.12219,0.02387,717,225.240005
2017-01-03,2018-12-21,325.0,put,100.31,101.23,100.77,49.96,0,742,0.21975,-0.83998,717,225.240005
2017-01-03,2018-12-21,330.0,call,0.17,0.3,0.23,0.26,19,1080,0.12219,0.01928,717,225.240005
2017-01-03,2018-12-21,330.0,put,105.19,106.15,105.67,53.32,0,182,0.22951,-0.83798,717,225.240005
2017-01-03,2019-01-18,60.0,call,162.5,167.49,165.0,0.0,0,0,0.01488,1.0,745,225.240005
2017-01-03,2019-01-18,60.0,put,0.15,0.19,0.17,0.11,0,45,0.3856,-0.00346,745,225.240005
2017-01-03,2019-01-18,65.0,call,157.5,162.49,160.0,0.0,0,0,0.01488,1.0,745,225.240005
2017-01-03,2019-01-18,65.0,put,0.17,0.3,0.23,0.15,0,10,0.3856,-0.0053,745,225.240005
2017-01-03,2019-01-18,70.0,call,152.5,157.49,155.0,78.65,0,0,0.01488,1.0,745,225.240005
2017-01-03,2019-01-18,70.0,put,0.23,0.45,0.34,0.19,0,10,0.37584,-0.00676,745,225.240005
2017-01-03,2019-01-18,75.0,call,147.5,152.49,150.0,0.0,0,0,0.01488,1.0,745,225.240005
2017-01-03,2019-01-18,75.0,put,0.28,0.54,0.41,0.2,0,11,0.36609,-0.00843,745,225.240005
2017-01-03,2019-01-18,80.0,call,142.5,147.48,144.99,0.0,0,0,0.01488,1.0,745,225.240005
2017-01-03,2019-01-18,80.0,put,0.34,0.65,0.49,0.18,0,84,0.35633,-0.01032,745,225.240005
2017-01-03,2019-01-18,85.0,call,137.5,142.48,139.99,0.0,0,0,0.01488,1.0,745,225.240005
2017-01-03,2019-01-18,85.0,put,0.45,0.78,0.61,0.24,0,74,0.34658,-0.01245,745,225.240005
2017-01-03,2019-01-18,90.0,call,132.5,137.49,135.0,0.0,0,0,0.01488,1.0,745,225.240005
2017-01-03,2019-01-18,90.0,put,0.57,0.93,0.75,0.35,0,66,0.34658,-0.01669,745,225.240005
2017-01-03,2019-01-18,95.0,call,127.5,132.49,130.0,0.0,0,0,0.01488,1.0,745,225.240005
2017-01-03,2019-01-18,95.0,put,0.73,1.06,0.9,0.42,0,67,0.33682,-0.01957,745,225.240005
2017-01-03,2019-01-18,100.0,call,122.5,127.49,125.0,0.0,0,0,0.01488,1.0,745,225.240005
2017-01-03,2019-01-18,100.0,put,0.96,1.28,1.12,0.6,0,199,0.32707,-0.02274,745,225.240005
2017-01-03,2019-01-18,105.0,call,117.5,122.49,120.0,0.0,0,0,0.01488,1.0,745,225.240005
2017-01-03,2019-01-18,105.0,put,1.12,1.48,1.3,0.6,0,52,0.31731,-0.02619,745,225.240005
2017-01-03,2019-01-18,110.0,call,114.76,116.06,115.41,57.93,0,4,0.01488,1.0,745,225.240005
2017-01-03,2019-01-18,110.0,put,1.35,1.72,1.54,0.72,0,44,0.31731,-0.03308,745,225.240005
2017-01-03,2019-01-18,115.0,call,109.82,111.1,110.46,0.0,0,0,0.01488,1.0,745,225.240005
2017-01-03,2019-01-18,115.0,put,1.62,1.98,1.8,0.85,0,43,0.30755,-0.03752,745,225.240005
2017-01-03,2019-01-18,120.0,call,104.92,106.16,105.54,50.0,0,3,0.01488,1.0,745,225.240005
2017-01-03,2019-01-18,120.0,put,1.92,2.28,2.1,2.16,20,52,0.30755,-0.04615,745,225.240005
2017-01-03,2019-01-18,125.0,call,100.05,101.27,100.66,0.0,0,0,0.01488,1.0,745,225.240005
2017-01-03,2019-01-18,125.0,put,2.25,2.62,2.44,1.18,0,44,0.2978,-0.05172,745,225.240005
2017-01-03,2019-01-18,130.0,call,95.23,96.42,95.83,0.0,0,0,0.01488,1.0,745,225.240005
2017-01-03,2019-01-18,130.0,put,2.63,3.0,2.81,1.55,0,118,0.28804,-0.05773,745,225.240005
2017-01-03,2019-01-18,135.0,call,90.5,91.63,91.06,0.0,0,0,0.01488,1.0,745,225.240005
2017-01-03,2019-01-18,135.0,put,3.05,3.42,3.23,3.15,8,54,0.28804,-0.06912,745,225.240005
2017-01-03,2019-01-18,140.0,call,85.77,86.91,86.34,85.55,2,45,0.01488,1.0,745,225.240005
2017-01-03,2019-01-18,140.0,put,3.52,3.89,3.71,3.77,1,47,0.27829,-0.07654,745,225.240005
2017-01-03,2019-01-18,145.0,call,81.19,82.28,81.73,0.0,0,0,0.01488,1.0,745,225.240005
2017-01-03,2019-01-18,145.0,put,4.04,4.41,4.22,2.04,0,40,0.27829,-0.09005,745,225.240005
2017-01-03,2019-01-18,150.0,call,76.65,77.71,77.18,37.78,0,41,0.01488,1.0,745,225.240005
2017-01-03,2019-01-18,150.0,put,4.6,4.99,4.79,4.86,1,90,0.26853,-0.09912,745,225.240005
2017-01-03,2019-01-18,155.0,call,72.19,73.24,72.72,35.65,0,6,0.1417,0.97799,745,225.240005
2017-01-03,2019-01-18,155.0,put,5.22,5.62,5.42,2.64,0,24,0.25877,-0.10893,745,225.240005
2017-01-03,2019-01-18,160.0,call,67.8,68.86,68.33,31.75,0,6,0.15146,0.96002,745,225.240005
2017-01-03,2019-01-18,160.0,put,5.9,6.33,6.12,3.16,0,58,0.25877,-0.12583,745,225.240005
2017-01-03,2019-01-18,165.0,call,63.56,64.57,64.06,29.21,0,0,0.16122,0.93636,745,225.240005
2017-01-03,2019-01-18,165.0,put,6.66,7.11,6.88,3.55,0,50,0.24902,-0.13774,745,225.240005
2017-01-03,2019-01-18,170.0,call,59.35,60.38,59.87,29.1,0,1,0.16122,0.91853,745,225.240005
2017-01-03,2019-01-18,170.0,put,7.47,7.95,7.71,4.16,0,255,0.24902,-0.15706,745,225.240005
2017-01-03,2019-01-18,175.0,call,55.27,56.29,55.78,25.41,0,7,0.17097,0.88696,745,225.240005
2017-01-03,2019-01-18,175.0,put,8.38,8.88,8.63,4.63,0,88,0.23926,-0.1714,745,225.240005
2017-01-03,2019-01-18,180.0,call,51.29,52.29,51.79,26.34,0,45,0.17097,0.86328,745,225.240005
2017-01-03,2019-01-18,180.0,put,9.37,9.88,9.62,9.89,20,224,0.23926,-0.19318,745,225.240005
2017-01-03,2019-01-18,185.0,call,47.44,48.35,47.89,24.52,0,12,0.17097,0.8372,745,225.240005
2017-01-03,2019-01-18,185.0,put,10.45,10.98,10.71,5.62,0,65,0.22951,-0.21033,745,225.240005
2017-01-03,2019-01-18,189.0,call,44.4,45.36,44.88,23.06,0,18,0.17097,0.81472,745,225.240005
2017-01-03,2019-01-18,189.0,put,11.38,11.93,11.66,5.61,0,43,0.22951,-0.22964,745,225.240005
2017-01-03,2019-01-18,190.0,call,43.66,44.61,44.13,22.38,0,28,0.17097,0.8089,745,225.240005
2017-01-03,2019-01-18,190.0,put,11.62,12.18,11.9,6.27,0,180,0.22951,-0.23455,745,225.240005
2017-01-03,2019-01-18,191.0,call,42.92,43.87,43.39,21.73,0,11,0.17097,0.80299,745,225.240005
2017-01-03,2019-01-18,191.0,put,11.86,12.43,12.14,5.85,0,8,0.22951,-0.2395,745,225.240005
2017-01-03,2019-01-18,192.0,call,42.19,43.13,42.66,0.0,0,0,0.17097,0.797,745,225.240005
2017-01-03,2019-01-18,192.0,put,12.11,12.68,12.39,5.97,0,3,0.22951,-0.24447,745,225.240005
2017-01-03,2019-01-18,193.0,call,41.46,42.4,41.93,0.0,0,0,0.17097,0.79094,745,225.240005
2017-01-03,2019-01-18,193.0,put,12.37,12.94,12.65,6.09,0,103,0.22951,-0.24947,745,225.240005
2017-01-03,2019-01-18,194.0,call,40.73,41.67,41.2,0.0,0,0,0.17097,0.78481,745,225.240005
2017-01-03,2019-01-18,194.0,put,12.63,13.21,12.92,6.22,0,3,0.21975,-0.24969,745,225.240005
2017-01-03,2019-01-18,195.0,call,40.01,40.94,40.47,20.89,0,81,0.17097,0.77861,745,225.240005
2017-01-03,2019-01-18,195.0,put,12.89,13.47,13.18,13.45,20,68,0.21975,-0.25492,745,225.240005
2017-01-03,2019-01-18,196.0,call,39.3,40.22,39.76,19.83,0,2,0.17097,0.77233,745,225.240005
2017-01-03,2019-01-18,196.0,put,13.16,13.75,13.46,13.7,10,113,0.21975,-0.26018,745,225.240005
2017-01-03,2019-01-18,197.0,call,38.58,39.51,39.05,0.0,0,0,0.17097,0.766,745,225.240005
2017-01-03,2019-01-18,197.0,put,13.43,14.02,13.72,6.61,0,3,0.21975,-0.26547,745,225.240005
2017-01-03,2019-01-18,198.0,call,37.91,38.8,38.35,0.0,0,0,0.17097,0.75959,745,225.240005
2017-01-03,2019-01-18,198.0,put,13.71,14.31,14.01,6.75,0,11,0.21975,-0.27078,745,225.240005
2017-01-03,2019-01-18,199.0,call,37.18,38.09,37.64,0.0,0,0,0.17097,0.75313,745,225.240005
2017-01-03,2019-01-18,199.0,put,13.99,14.59,14.29,6.88,0,4,0.21975,-0.27612,745,225.240005
2017-01-03,2019-01-18,200.0,call,36.48,37.39,36.94,37.11,25,119,0.17097,0.74661,745,225.240005
2017-01-03,2019-01-18,200.0,put,14.28,14.88,14.58,14.94,50,414,0.21975,-0.28148,745,225.240005
2017-01-03,2019-01-18,205.0,call,33.08,33.96,33.52,16.78,0,34,0.16122,0.71987,745,225.240005
2017-01-03,2019-01-18,205.0,put,15.78,16.41,16.09,16.4,10,28,0.21,-0.30546,745,225.240005
2017-01-03,2019-01-18,210.0,call,29.81,30.68,30.24,29.66,1,104,0.16122,0.68361,745,225.240005
2017-01-03,2019-01-18,210.0,put,17.41,18.07,17.74,9.08,0,152,0.21,-0.33417,745,225.240005
2017-01-03,2019-01-18,215.0,call,26.7,27.47,27.09,13.06,0,259,0.16122,0.64642,745,225.240005
2017-01-03,2019-01-18,215.0,put,19.18,19.86,19.52,19.94,12,2544,0.21,-0.36317,745,225.240005
2017-01-03,2019-01-18,220.0,call,23.71,24.47,24.09,24.09,1,1176,0.16122,0.60867,745,225.240005
2017-01-03,2019-01-18,220.0,put,21.11,21.79,21.45,10.37,0,189,0.20024,-0.39265,745,225.240005
2017-01-03,2019-01-18,225.0,call,20.89,21.62,21.26,20.63,5,212,0.15146,0.56961,745,225.240005
2017-01-03,2019-01-18,225.0,put,23.14,23.87,23.51,23.7,135,600,0.20024,-0.42315,745,225.240005
2017-01-03,2019-01-18,230.0,call,18.21,18.95,18.58,18.26,4,286,0.15146,0.52942,745,225.240005
2017-01-03,2019-01-18,230.0,put,25.35,26.12,25.73,13.08,0,151,0.19048,-0.45671,745,225.240005
2017-01-03,2019-01-18,235.0,call,15.73,16.45,16.09,7.63,0,218,0.15146,0.48979,745,225.240005
2017-01-03,2019-01-18,235.0,put,27.75,28.54,28.14,14.69,0,19,0.19048,-0.48815,745,225.240005
2017-01-03,2019-01-18,240.0,call,13.42,14.13,13.78,13.89,10,144,0.1417,0.44206,745,225.240005
2017-01-03,2019-01-18,240.0,put,30.3,31.14,30.72,14.8,0,186,0.19048,-0.51901,745,225.240005
2017-01-03,2019-01-18,245.0,call,11.32,12.0,11.66,5.68,0,95,0.1417,0.40222,745,225.240005
2017-01-03,2019-01-18,245.0,put,33.05,33.93,33.49,16.72,0,19,0.18073,-0.55741,745,225.240005
2017-01-03,2019-01-18,250.0,call,9.42,10.07,9.75,4.87,0,131,0.1417,0.36415,745,225.240005
2017-01-03,2019-01-18,250.0,put,36.01,36.92,36.47,17.82,0,31,0.18073,-0.5881,745,225.240005
2017-01-03,2019-01-18,255.0,call,7.72,8.35,8.04,4.21,0,59,0.13195,0.31115,745,225.240005
2017-01-03,2019-01-18,255.0,put,39.17,40.12,39.64,20.8,0,99,0.18073,-0.61766,745,225.240005
2017-01-03,2019-01-18,260.0,call,6.23,6.84,6.54,3.47,0,136,0.13195,0.27572,745,225.240005
2017-01-03,2019-01-18,260.0,put,42.54,43.53,43.03,20.94,0,40,0.18073,-0.646,745,225.240005
2017-01-03,2019-01-18,265.0,call,4.96,5.54,5.25,2.77,0,51,0.13195,0.24301,745,225.240005
2017-01-03,2019-01-18,265.0,put,46.11,47.14,46.62,0.0,0,0,0.18073,-0.67304,745,225.240005
2017-01-03,2019-01-18,270.0,call,3.9,4.44,4.17,4.08,5,87,0.12219,0.19111,745,225.240005
2017-01-03,2019-01-18,270.0,put,49.89,50.92,50.41,25.93,0,4,0.18073,-0.69872,745,225.240005
2017-01-03,2019-01-18,275.0,call,3.04,3.54,3.29,1.75,0,10,0.12219,0.16381,745,225.240005
2017-01-03,2019-01-18,275.0,put,53.87,54.95,54.41,0.0,0,0,0.18073,-0.723,745,225.240005
2017-01-03,2019-01-18,280.0,call,2.35,2.8,2.58,1.36,0,34,0.12219,0.13959,745,225.240005
2017-01-03,2019-01-18,280.0,put,58.04,59.15,58.59,32.1,0,7,0.18073,-0.74588,745,225.240005
2017-01-03,2019-01-18,285.0,call,1.82,2.2,2.01,1.07,0,46,0.12219,0.1183,745,225.240005
2017-01-03,2019-01-18,285.0,put,62.38,63.5,62.94,0.0,0,0,0.18073,-0.76734,745,225.240005
2017-01-03,2019-01-18,290.0,call,1.39,1.75,1.57,0.83,0,6,0.12219,0.09972,745,225.240005
2017-01-03,2019-01-18,290.0,put,66.86,67.96,67.41,0.0,0,0,0.18073,-0.78741,745,225.240005
2017-01-03,2019-01-18,295.0,call,1.05,1.41,1.23,0.69,0,58,0.12219,0.08363,745,225.240005
2017-01-03,2019-01-18,295.0,put,71.44,72.56,72.0,0.0,0,0,0.19048,-0.78984,745,225.240005
2017-01-03,2019-01-18,300.0,call,0.79,1.08,0.94,0.9,1,168,0.12219,0.06979,745,225.240005
2017-01-03,2019-01-18,300.0,put,76.11,77.25,76.68,40.13,0,4,0.19048,-0.8072,745,225.240005
2017-01-03,2019-01-18,305.0,call,0.59,0.95,0.77,0.36,0,12,0.12219,0.05797,745,225.240005
2017-01-03,2019-01-18,305.0,put,80.84,82.01,81.43,41.95,0,160,0.20024,-0.80772,745,225.240005
2017-01-03,2019-01-18,310.0,call,0.44,0.79,0.61,0.69,10,44,0.12219,0.04794,745,225.240005
2017-01-03,2019-01-18,310.0,put,85.63,86.85,86.24,0.0,0,0,0.20024,-0.82288,745,225.240005
2017-01-03,2019-01-18,315.0,call,0.33,0.63,0.48,0.23,0,6,0.12219,0.03947,745,225.240005
2017-01-03,2019-01-18,315.0,put,90.45,91.7,91.08,0.0,0,0,0.21,-0.82201,745,225.240005
2017-01-03,2019-01-18,320.0,call,0.26,0.51,0.39,0.36,18,31,0.12219,0.03237,745,225.240005
2017-01-03,2019-01-18,320.0,put,95.3,96.56,95.93,0.0,0,0,0.21,-0.83536,745,225.240005
2017-01-03,2019-01-18,325.0,call,0.28,0.4,0.34,0.3,38,30,0.12219,0.02644,745,225.240005
2017-01-03,2019-01-18,325.0,put,100.18,101.45,100.81,0.0,0,0,0.21975,-0.83348,745,225.240005
2017-01-03,2019-01-18,330.0,call,0.15,0.35,0.25,0.25,19,34,0.12219,0.02152,745,225.240005
2017-01-03,2019-01-18,330.0,put,105.06,106.35,105.7,52.71,0,1,0.21975,-0.84533,745,225.240005
2017-01-03,2019-12-20,50.0,call,172.79,177.33,175.06,87.35,0,16,0.01488,1.0,1081,225.240005
2017-01-03,2019-12-20,50.0,put,0.17,0.26,0.22,0.22,12,43,0.37584,-0.00367,1081,225.240005
2017-01-03,2019-12-20,60.0,call,162.82,167.35,165.08,0.0,0,0,0.01488,1.0,1081,225.240005
2017-01-03,2019-12-20,60.0,put,0.36,0.39,0.38,0.4,1,109,0.36609,-0.00723,1081,225.240005
2017-01-03,2019-12-20,70.0,call,152.84,157.37,155.11,0.0,0,0,0.01488,1.0,1081,225.240005
2017-01-03,2019-12-20,70.0,put,0.57,0.62,0.59,0.61,6,0,0.34658,-0.011,1081,225.240005
2017-01-03,2019-12-20,80.0,call,142.86,147.39,145.12,0.0,0,0,0.01488,1.0,1081,225.240005
2017-01-03,2019-12-20,80.0,put,0.91,0.97,0.94,0.99,4,0,0.33682,-0.01746,1081,225.240005
2017-01-03,2019-12-20,90.0,call,133.0,137.41,135.2,0.0,0,0,0.01488,1.0,1081,225.240005
2017-01-03,2019-12-20,90.0,put,1.17,1.64,1.4,1.1,2,0,0.31731,-0.02336,1081,225.240005
2017-01-03,2019-12-20,100.0,call,123.0,127.44,125.22,0.0,0,0,0.01488,1.0,1081,225.240005
2017-01-03,2019-12-20,100.0,put,1.72,2.25,1.98,1.9,21,18,0.30755,-0.0332,1081,225.240005
2017-01-03,2019-12-20,110.0,call,113.03,117.49,115.26,0.0,0,0,0.01488,1.0,1081,225.240005
2017-01-03,2019-12-20,110.0,put,2.5,3.01,2.75,2.84,6,7,0.2978,-0.04525,1081,225.240005
2017-01-03,2019-12-20,120.0,call,104.0,107.64,105.82,54.5,0,5,0.01488,1.0,1081,225.240005
2017-01-03,2019-12-20,120.0,put,3.38,3.85,3.62,3.74,18,180,0.28804,-0.05967,1081,225.240005
2017-01-03,2019-12-20,130.0,call,93.91,98.03,95.97,49.03,0,8,0.01488,1.0,1081,225.240005
2017-01-03,2019-12-20,130.0,put,4.31,5.01,4.66,4.82,5,55,0.27829,-0.07666,1081,225.240005
2017-01-03,2019-12-20,140.0,call,84.97,88.75,86.86,0.0,0,0,0.01488,1.0,1081,225.240005
2017-01-03,2019-12-20,140.0,put,5.59,6.35,5.97,6.23,8,54,0.26853,-0.0964,1081,225.240005
2017-01-03,2019-12-20,150.0,call,76.44,79.97,78.2,0.0,0,0,0.10268,0.99378,1081,225.240005
2017-01-03,2019-12-20,150.0,put,7.11,7.91,7.51,7.7,33,17,0.25877,-0.11911,1081,225.240005
2017-01-03,2019-12-20,160.0,call,68.33,71.58,69.95,35.2,0,2,0.15146,0.93541,1081,225.240005
2017-01-03,2019-12-20,160.0,put,8.88,9.73,9.3,9.48,4,8,0.25877,-0.15045,1081,225.240005
2017-01-03,2019-12-20,170.0,call,60.6,63.61,62.11,63.0,77,36,0.16122,0.8894,1081,225.240005
2017-01-03,2019-12-20,170.0,put,10.94,11.6,11.27,11.51,3,11,0.24902,-0.17972,1081,225.240005
2017-01-03,2019-12-20,180.0,call,53.33,56.02,54.67,55.17,759,20,0.16122,0.8455,1081,225.240005
2017-01-03,2019-12-20,180.0,put,13.3,14.19,13.75,13.88,15,881,0.23926,-0.21247,1081,225.240005
2017-01-03,2019-12-20,190.0,call,46.43,48.91,47.67,23.28,0,8,0.16122,0.79458,1081,225.240005
2017-01-03,2019-12-20,190.0,put,16.0,16.91,16.45,16.61,2,614,0.22951,-0.24897,1081,225.240005
2017-01-03,2019-12-20,200.0,call,39.95,42.2,41.08,41.25,121,7,0.16122,0.73812,1081,225.240005
2017-01-03,2019-12-20,200.0,put,19.07,19.99,19.53,19.45,15,21,0.21975,-0.28943,1081,225.240005
2017-01-03,2019-12-20,210.0,call,33.9,35.95,34.92,35.0,650,41,0.16122,0.67785,1081,225.240005
2017-01-03,2019-12-20,210.0,put,22.54,23.48,23.01,11.3,0,15,0.21975,-0.33504,1081,225.240005
2017-01-03,2019-12-20,220.0,call,28.5,30.13,29.31,29.54,19,394,0.16122,0.61563,1081,225.240005
2017-01-03,2019-12-20,220.0,put,26.47,27.39,26.93,27.0,1,454,0.21,-0.38212,1081,225.240005
2017-01-03,2019-12-20,230.0,call,23.25,24.85,24.05,23.8,14,72318,0.16122,0.55322,1081,225.240005
2017-01-03,2019-12-20,230.0,put,30.83,31.83,31.33,16.28,0,91,0.20024,-0.43316,1081,225.240005
2017-01-03,2019-12-20,240.0,call,18.62,20.09,19.36,19.43,2,27,0.15146,0.48477,1081,225.240005
2017-01-03,2019-12-20,240.0,put,35.34,36.94,36.14,36.5,10,31,0.20024,-0.48212,1081,225.240005
2017-01-03,2019-12-20,250.0,call,14.55,15.46,15.01,14.9,4,132,0.15146,0.42277,1081,225.240005
2017-01-03,2019-12-20,250.0,put,40.67,42.52,41.59,41.9,4,30,0.19048,-0.53769,1081,225.240005
2017-01-03,2019-12-20,260.0,call,11.04,11.91,11.47,11.58,100,1236,0.1417,0.34959,1081,225.240005
2017-01-03,2019-12-20,260.0,put,46.62,48.71,47.66,24.07,0,15,0.19048,-0.58483,1081,225.240005
2017-01-03,2019-12-20,270.0,call,8.09,8.94,8.52,8.31,11,65,0.1417,0.29419,1081,225.240005
2017-01-03,2019-12-20,270.0,put,53.17,55.54,54.36,55.03,1,41,0.18073,-0.64223,1081,225.240005
2017-01-03,2019-12-20,280.0,call,5.72,6.55,6.13,6.38,3,2,0.13195,0.224,1081,225.240005
2017-01-03,2019-12-20,280.0,put,60.28,63.04,61.66,31.41,0,10,0.18073,-0.68486,1081,225.240005
2017-01-03,2019-12-20,290.0,call,3.88,4.66,4.27,2.23,0,50,0.13195,0.18054,1081,225.240005
2017-01-03,2019-12-20,290.0,put,68.03,71.19,69.61,0.0,0,0,0.18073,-0.7238,1081,225.240005
2017-01-03,2019-12-20,300.0,call,2.91,3.27,3.09,3.02,100,150,0.13195,0.14398,1081,225.240005
2017-01-03,2019-12-20,300.0,put,76.3,79.87,78.09,39.78,0,10,0.18073,-0.75903,1081,225.240005
2017-01-03,2019-12-20,310.0,call,1.73,2.3,2.01,1.25,0,102,0.12219,0.09328,1081,225.240005
2017-01-03,2019-12-20,310.0,put,85.09,88.99,87.04,0.0,0,0,0.19048,-0.77362,1081,225.240005
2017-01-03,2019-12-20,320.0,call,1.18,1.62,1.4,0.78,0,56,0.12219,0.07054,1081,225.240005
2017-01-03,2019-12-20,320.0,put,94.27,98.4,96.34,0.0,0,0,0.20024,-0.78524,1081,225.240005
2017-01-03,2019-12-20,330.0,call,0.84,1.15,0.99,1.15,10,0,0.12219,0.05282,1081,225.240005
2017-01-03,2019-12-20,330.0,put,103.72,108.01,105.87,54.18,0,18,0.21,-0.79447,1081,225.240005
2017-01-03,2019-12-20,340.0,call,0.7,0.85,0.77,0.43,0,1,0.12219,0.0392,1081,225.240005
2017-01-03,2019-12-20,340.0,put,113.35,117.73,115.54,0.0,0,0,0.21,-0.81717,1081,225.240005
2017-01-03,2019-12-20,350.0,call,0.6,0.62,0.61,0.61,3,7,0.12219,0.02885,1081,225.240005
2017-01-03,2019-12-20,350.0,put,123.08,127.52,125.3,63.85,0,8,0.21975,-0.82244,1081,225.240005
